CURSO_ACADEMICO;LOCALIDAD;TIPO_CENTRO;CENTRO;ESTUDIO;TIPO_ESTUDIO;NOMBRE_CCAA_ALUMNO;SEXO;MOVILIDAD_SALIDA;DEDICACION;ALUMNOS_MATRICULADOS;FECHA_ACTUALIZACION
2022;Almunia de Doña Godina (La);Centro adscrito;Escuela Universitaria Politécnica de la Almunia de Doña Godina;Grado: Arquitectura Técnica;Grado;Andalucía;Hombres;No;Tiempo Parcial;1;27/08/2023
2022;Almunia de Doña Godina (La);Centro adscrito;Escuela Universitaria Politécnica de la Almunia de Doña Godina;Grado: Arquitectura Técnica;Grado;Aragón;Hombres;No;Otra dedicación;9;27/08/2023
2022;Almunia de Doña Godina (La);Centro adscrito;Escuela Universitaria Politécnica de la Almunia de Doña Godina;Grado: Arquitectura Técnica;Grado;Aragón;Hombres;No;Tiempo Completo;33;27/08/2023
2022;Almunia de Doña Godina (La);Centro adscrito;Escuela Universitaria Politécnica de la Almunia de Doña Godina;Grado: Arquitectura Técnica;Grado;Aragón;Hombres;Sí;Tiempo Completo;1;27/08/2023
2022;Almunia de Doña Godina (La);Centro adscrito;Escuela Universitaria Politécnica de la Almunia de Doña Godina;Grado: Arquitectura Técnica;Grado;Aragón;Hombres;No;Tiempo Parcial;9;27/08/2023
2022;Almunia de Doña Godina (La);Centro adscrito;Escuela Universitaria Politécnica de la Almunia de Doña Godina;Grado: Arquitectura Técnica;Grado;Aragón;Mujeres;No;Otra dedicación;1;27/08/2023
2022;Almunia de Doña Godina (La);Centro adscrito;Escuela Universitaria Politécnica de la Almunia de Doña Godina;Grado: Arquitectura Técnica;Grado;Aragón;Mujeres;No;Tiempo Completo;28;27/08/2023
2022;Almunia de Doña Godina (La);Centro adscrito;Escuela Universitaria Politécnica de la Almunia de Doña Godina;Grado: Arquitectura Técnica;Grado;Aragón;Mujeres;Sí;Tiempo Completo;3;27/08/2023
2022;Almunia de Doña Godina (La);Centro adscrito;Escuela Universitaria Politécnica de la Almunia de Doña Godina;Grado: Arquitectura Técnica;Grado;Aragón;Mujeres;No;Tiempo Parcial;4;27/08/2023
2022;Almunia de Doña Godina (La);Centro adscrito;Escuela Universitaria Politécnica de la Almunia de Doña Godina;Grado: Arquitectura Técnica;Grado;Baleares;Hombres;No;Tiempo Completo;1;27/08/2023
2022;Almunia de Doña Godina (La);Centro adscrito;Escuela Universitaria Politécnica de la Almunia de Doña Godina;Grado: Arquitectura Técnica;Grado;Castilla y Leon;Hombres;No;Otra dedicación;1;27/08/2023
2022;Almunia de Doña Godina (La);Centro adscrito;Escuela Universitaria Politécnica de la Almunia de Doña Godina;Grado: Arquitectura Técnica;Grado;Castilla y Leon;Mujeres;No;Tiempo Completo;1;27/08/2023
2022;Almunia de Doña Godina (La);Centro adscrito;Escuela Universitaria Politécnica de la Almunia de Doña Godina;Grado: Arquitectura Técnica;Grado;Catalunya;Hombres;No;Tiempo Completo;1;27/08/2023
2022;Almunia de Doña Godina (La);Centro adscrito;Escuela Universitaria Politécnica de la Almunia de Doña Godina;Grado: Arquitectura Técnica;Grado;La Rioja;Hombres;No;Otra dedicación;1;27/08/2023
2022;Almunia de Doña Godina (La);Centro adscrito;Escuela Universitaria Politécnica de la Almunia de Doña Godina;Grado: Arquitectura Técnica;Grado;La Rioja;Mujeres;No;Tiempo Completo;2;27/08/2023
2022;Almunia de Doña Godina (La);Centro adscrito;Escuela Universitaria Politécnica de la Almunia de Doña Godina;Grado: Arquitectura Técnica;Grado;Madrid;Hombres;No;Tiempo Completo;1;27/08/2023
2022;Almunia de Doña Godina (La);Centro adscrito;Escuela Universitaria Politécnica de la Almunia de Doña Godina;Grado: Arquitectura Técnica;Grado;Madrid;Mujeres;No;Tiempo Completo;1;27/08/2023
2022;Almunia de Doña Godina (La);Centro adscrito;Escuela Universitaria Politécnica de la Almunia de Doña Godina;Grado: Arquitectura Técnica;Grado;Navarra;Hombres;No;Tiempo Completo;4;27/08/2023
2022;Almunia de Doña Godina (La);Centro adscrito;Escuela Universitaria Politécnica de la Almunia de Doña Godina;Grado: Arquitectura Técnica;Grado;Navarra;Mujeres;No;Tiempo Completo;1;27/08/2023
2022;Almunia de Doña Godina (La);Centro adscrito;Escuela Universitaria Politécnica de la Almunia de Doña Godina;Grado: Arquitectura Técnica;Grado;No Informado;Hombres;No;Tiempo Completo;2;27/08/2023
2022;Almunia de Doña Godina (La);Centro adscrito;Escuela Universitaria Politécnica de la Almunia de Doña Godina;Grado: Arquitectura Técnica;Grado;No Informado;Mujeres;No;Tiempo Completo;1;27/08/2023
2022;Almunia de Doña Godina (La);Centro adscrito;Escuela Universitaria Politécnica de la Almunia de Doña Godina;Grado: Ingeniería Civil;Grado;Aragón;Hombres;No;Otra dedicación;8;27/08/2023
2022;Almunia de Doña Godina (La);Centro adscrito;Escuela Universitaria Politécnica de la Almunia de Doña Godina;Grado: Ingeniería Civil;Grado;Aragón;Hombres;No;Tiempo Completo;24;27/08/2023
2022;Almunia de Doña Godina (La);Centro adscrito;Escuela Universitaria Politécnica de la Almunia de Doña Godina;Grado: Ingeniería Civil;Grado;Aragón;Hombres;No;Tiempo Parcial;6;27/08/2023
2022;Almunia de Doña Godina (La);Centro adscrito;Escuela Universitaria Politécnica de la Almunia de Doña Godina;Grado: Ingeniería Civil;Grado;Aragón;Mujeres;No;Otra dedicación;2;27/08/2023
2022;Almunia de Doña Godina (La);Centro adscrito;Escuela Universitaria Politécnica de la Almunia de Doña Godina;Grado: Ingeniería Civil;Grado;Aragón;Mujeres;No;Tiempo Completo;8;27/08/2023
2022;Almunia de Doña Godina (La);Centro adscrito;Escuela Universitaria Politécnica de la Almunia de Doña Godina;Grado: Ingeniería Civil;Grado;Aragón;Mujeres;Sí;Tiempo Completo;2;27/08/2023
2022;Almunia de Doña Godina (La);Centro adscrito;Escuela Universitaria Politécnica de la Almunia de Doña Godina;Grado: Ingeniería Civil;Grado;Aragón;Mujeres;No;Tiempo Parcial;5;27/08/2023
2022;Almunia de Doña Godina (La);Centro adscrito;Escuela Universitaria Politécnica de la Almunia de Doña Godina;Grado: Ingeniería Civil;Grado;Castilla-La Mancha;Hombres;No;Tiempo Parcial;1;27/08/2023
2022;Almunia de Doña Godina (La);Centro adscrito;Escuela Universitaria Politécnica de la Almunia de Doña Godina;Grado: Ingeniería Civil;Grado;Catalunya;Hombres;No;Tiempo Completo;1;27/08/2023
2022;Almunia de Doña Godina (La);Centro adscrito;Escuela Universitaria Politécnica de la Almunia de Doña Godina;Grado: Ingeniería Civil;Grado;Comunidad Valenciana;Hombres;No;Tiempo Completo;1;27/08/2023
2022;Almunia de Doña Godina (La);Centro adscrito;Escuela Universitaria Politécnica de la Almunia de Doña Godina;Grado: Ingeniería Civil;Grado;Navarra;Hombres;No;Tiempo Completo;1;27/08/2023
2022;Almunia de Doña Godina (La);Centro adscrito;Escuela Universitaria Politécnica de la Almunia de Doña Godina;Grado: Ingeniería Civil;Grado;No Informado;Hombres;No;Tiempo Completo;2;27/08/2023
2022;Almunia de Doña Godina (La);Centro adscrito;Escuela Universitaria Politécnica de la Almunia de Doña Godina;Grado: Ingeniería Civil;Grado;No Informado;Hombres;No;Tiempo Parcial;1;27/08/2023
2022;Almunia de Doña Godina (La);Centro adscrito;Escuela Universitaria Politécnica de la Almunia de Doña Godina;Grado: Ingeniería de Datos en Procesos Industriales;Grado;Aragón;Hombres;No;Tiempo Completo;53;27/08/2023
2022;Almunia de Doña Godina (La);Centro adscrito;Escuela Universitaria Politécnica de la Almunia de Doña Godina;Grado: Ingeniería de Datos en Procesos Industriales;Grado;Aragón;Mujeres;No;Tiempo Completo;11;27/08/2023
2022;Almunia de Doña Godina (La);Centro adscrito;Escuela Universitaria Politécnica de la Almunia de Doña Godina;Grado: Ingeniería de Datos en Procesos Industriales;Grado;Aragón;Mujeres;No;Tiempo Parcial;1;27/08/2023
2022;Almunia de Doña Godina (La);Centro adscrito;Escuela Universitaria Politécnica de la Almunia de Doña Godina;Grado: Ingeniería de Datos en Procesos Industriales;Grado;Asturias;Mujeres;No;Tiempo Completo;1;27/08/2023
2022;Almunia de Doña Godina (La);Centro adscrito;Escuela Universitaria Politécnica de la Almunia de Doña Godina;Grado: Ingeniería de Datos en Procesos Industriales;Grado;Castilla y Leon;Hombres;No;Tiempo Completo;1;27/08/2023
2022;Almunia de Doña Godina (La);Centro adscrito;Escuela Universitaria Politécnica de la Almunia de Doña Godina;Grado: Ingeniería de Datos en Procesos Industriales;Grado;Castilla y Leon;Mujeres;No;Tiempo Completo;1;27/08/2023
2022;Almunia de Doña Godina (La);Centro adscrito;Escuela Universitaria Politécnica de la Almunia de Doña Godina;Grado: Ingeniería de Datos en Procesos Industriales;Grado;Castilla-La Mancha;Mujeres;No;Tiempo Completo;1;27/08/2023
2022;Almunia de Doña Godina (La);Centro adscrito;Escuela Universitaria Politécnica de la Almunia de Doña Godina;Grado: Ingeniería de Datos en Procesos Industriales;Grado;La Rioja;Hombres;No;Tiempo Completo;1;27/08/2023
2022;Almunia de Doña Godina (La);Centro adscrito;Escuela Universitaria Politécnica de la Almunia de Doña Godina;Grado: Ingeniería de Datos en Procesos Industriales;Grado;Navarra;Hombres;No;Tiempo Completo;4;27/08/2023
2022;Almunia de Doña Godina (La);Centro adscrito;Escuela Universitaria Politécnica de la Almunia de Doña Godina;Grado: Ingeniería de Datos en Procesos Industriales;Grado;Navarra;Mujeres;No;Tiempo Completo;2;27/08/2023
2022;Almunia de Doña Godina (La);Centro adscrito;Escuela Universitaria Politécnica de la Almunia de Doña Godina;Grado: Ingeniería de Datos en Procesos Industriales;Grado;Pais Vasco;Hombres;No;Tiempo Completo;1;27/08/2023
2022;Almunia de Doña Godina (La);Centro adscrito;Escuela Universitaria Politécnica de la Almunia de Doña Godina;Grado: Ingeniería de Organización Industrial;Grado;Andalucía;Hombres;No;Tiempo Completo;1;27/08/2023
2022;Almunia de Doña Godina (La);Centro adscrito;Escuela Universitaria Politécnica de la Almunia de Doña Godina;Grado: Ingeniería de Organización Industrial;Grado;Andalucía;Hombres;No;Tiempo Parcial;1;27/08/2023
2022;Almunia de Doña Godina (La);Centro adscrito;Escuela Universitaria Politécnica de la Almunia de Doña Godina;Grado: Ingeniería de Organización Industrial;Grado;Aragón;Hombres;No;Otra dedicación;6;27/08/2023
2022;Almunia de Doña Godina (La);Centro adscrito;Escuela Universitaria Politécnica de la Almunia de Doña Godina;Grado: Ingeniería de Organización Industrial;Grado;Aragón;Hombres;No;Tiempo Completo;38;27/08/2023
2022;Almunia de Doña Godina (La);Centro adscrito;Escuela Universitaria Politécnica de la Almunia de Doña Godina;Grado: Ingeniería de Organización Industrial;Grado;Aragón;Hombres;Sí;Tiempo Completo;1;27/08/2023
2022;Almunia de Doña Godina (La);Centro adscrito;Escuela Universitaria Politécnica de la Almunia de Doña Godina;Grado: Ingeniería de Organización Industrial;Grado;Aragón;Hombres;No;Tiempo Parcial;32;27/08/2023
2022;Almunia de Doña Godina (La);Centro adscrito;Escuela Universitaria Politécnica de la Almunia de Doña Godina;Grado: Ingeniería de Organización Industrial;Grado;Aragón;Mujeres;No;Otra dedicación;6;27/08/2023
2022;Almunia de Doña Godina (La);Centro adscrito;Escuela Universitaria Politécnica de la Almunia de Doña Godina;Grado: Ingeniería de Organización Industrial;Grado;Aragón;Mujeres;No;Tiempo Completo;18;27/08/2023
2022;Almunia de Doña Godina (La);Centro adscrito;Escuela Universitaria Politécnica de la Almunia de Doña Godina;Grado: Ingeniería de Organización Industrial;Grado;Aragón;Mujeres;No;Tiempo Parcial;9;27/08/2023
2022;Almunia de Doña Godina (La);Centro adscrito;Escuela Universitaria Politécnica de la Almunia de Doña Godina;Grado: Ingeniería de Organización Industrial;Grado;Baleares;Hombres;No;Tiempo Completo;1;27/08/2023
2022;Almunia de Doña Godina (La);Centro adscrito;Escuela Universitaria Politécnica de la Almunia de Doña Godina;Grado: Ingeniería de Organización Industrial;Grado;Castilla y Leon;Hombres;No;Tiempo Parcial;2;27/08/2023
2022;Almunia de Doña Godina (La);Centro adscrito;Escuela Universitaria Politécnica de la Almunia de Doña Godina;Grado: Ingeniería de Organización Industrial;Grado;Castilla-La Mancha;Hombres;No;Tiempo Parcial;3;27/08/2023
2022;Almunia de Doña Godina (La);Centro adscrito;Escuela Universitaria Politécnica de la Almunia de Doña Godina;Grado: Ingeniería de Organización Industrial;Grado;Catalunya;Hombres;No;Tiempo Completo;1;27/08/2023
2022;Almunia de Doña Godina (La);Centro adscrito;Escuela Universitaria Politécnica de la Almunia de Doña Godina;Grado: Ingeniería de Organización Industrial;Grado;Catalunya;Hombres;No;Tiempo Parcial;1;27/08/2023
2022;Almunia de Doña Godina (La);Centro adscrito;Escuela Universitaria Politécnica de la Almunia de Doña Godina;Grado: Ingeniería de Organización Industrial;Grado;Ciudad autónoma de Melilla;Mujeres;No;Tiempo Completo;1;27/08/2023
2022;Almunia de Doña Godina (La);Centro adscrito;Escuela Universitaria Politécnica de la Almunia de Doña Godina;Grado: Ingeniería de Organización Industrial;Grado;Comunidad Valenciana;Mujeres;No;Tiempo Parcial;1;27/08/2023
2022;Almunia de Doña Godina (La);Centro adscrito;Escuela Universitaria Politécnica de la Almunia de Doña Godina;Grado: Ingeniería de Organización Industrial;Grado;Extremadura;Hombres;No;Otra dedicación;1;27/08/2023
2022;Almunia de Doña Godina (La);Centro adscrito;Escuela Universitaria Politécnica de la Almunia de Doña Godina;Grado: Ingeniería de Organización Industrial;Grado;Galicia;Mujeres;No;Tiempo Parcial;1;27/08/2023
2022;Almunia de Doña Godina (La);Centro adscrito;Escuela Universitaria Politécnica de la Almunia de Doña Godina;Grado: Ingeniería de Organización Industrial;Grado;La Rioja;Hombres;No;Tiempo Completo;1;27/08/2023
2022;Almunia de Doña Godina (La);Centro adscrito;Escuela Universitaria Politécnica de la Almunia de Doña Godina;Grado: Ingeniería de Organización Industrial;Grado;La Rioja;Hombres;No;Tiempo Parcial;1;27/08/2023
2022;Almunia de Doña Godina (La);Centro adscrito;Escuela Universitaria Politécnica de la Almunia de Doña Godina;Grado: Ingeniería de Organización Industrial;Grado;La Rioja;Mujeres;No;Tiempo Completo;1;27/08/2023
2022;Almunia de Doña Godina (La);Centro adscrito;Escuela Universitaria Politécnica de la Almunia de Doña Godina;Grado: Ingeniería de Organización Industrial;Grado;Madrid;Hombres;No;Tiempo Parcial;2;27/08/2023
2022;Almunia de Doña Godina (La);Centro adscrito;Escuela Universitaria Politécnica de la Almunia de Doña Godina;Grado: Ingeniería de Organización Industrial;Grado;Madrid;Mujeres;No;Tiempo Completo;1;27/08/2023
2022;Almunia de Doña Godina (La);Centro adscrito;Escuela Universitaria Politécnica de la Almunia de Doña Godina;Grado: Ingeniería de Organización Industrial;Grado;Madrid;Mujeres;No;Tiempo Parcial;1;27/08/2023
2022;Almunia de Doña Godina (La);Centro adscrito;Escuela Universitaria Politécnica de la Almunia de Doña Godina;Grado: Ingeniería de Organización Industrial;Grado;Navarra;Hombres;No;Tiempo Completo;1;27/08/2023
2022;Almunia de Doña Godina (La);Centro adscrito;Escuela Universitaria Politécnica de la Almunia de Doña Godina;Grado: Ingeniería de Organización Industrial;Grado;Navarra;Hombres;No;Tiempo Parcial;4;27/08/2023
2022;Almunia de Doña Godina (La);Centro adscrito;Escuela Universitaria Politécnica de la Almunia de Doña Godina;Grado: Ingeniería de Organización Industrial;Grado;Navarra;Mujeres;No;Tiempo Completo;1;27/08/2023
2022;Almunia de Doña Godina (La);Centro adscrito;Escuela Universitaria Politécnica de la Almunia de Doña Godina;Grado: Ingeniería de Organización Industrial;Grado;No Informado;Hombres;No;Tiempo Completo;1;27/08/2023
2022;Almunia de Doña Godina (La);Centro adscrito;Escuela Universitaria Politécnica de la Almunia de Doña Godina;Grado: Ingeniería de Organización Industrial;Grado;No Informado;Mujeres;No;Otra dedicación;1;27/08/2023
2022;Almunia de Doña Godina (La);Centro adscrito;Escuela Universitaria Politécnica de la Almunia de Doña Godina;Grado: Ingeniería de Organización Industrial;Grado;No Informado;Mujeres;No;Tiempo Completo;4;27/08/2023
2022;Almunia de Doña Godina (La);Centro adscrito;Escuela Universitaria Politécnica de la Almunia de Doña Godina;Grado: Ingeniería de Organización Industrial;Grado;No Informado;Mujeres;No;Tiempo Parcial;1;27/08/2023
2022;Almunia de Doña Godina (La);Centro adscrito;Escuela Universitaria Politécnica de la Almunia de Doña Godina;Grado: Ingeniería de Organización Industrial;Grado;Pais Vasco;Hombres;No;Tiempo Parcial;2;27/08/2023
2022;Almunia de Doña Godina (La);Centro adscrito;Escuela Universitaria Politécnica de la Almunia de Doña Godina;Grado: Ingeniería de Organización Industrial;Grado;Pais Vasco;Mujeres;No;Tiempo Completo;2;27/08/2023
2022;Almunia de Doña Godina (La);Centro adscrito;Escuela Universitaria Politécnica de la Almunia de Doña Godina;Grado: Ingeniería de Organización Industrial;Grado;Pais Vasco;Mujeres;No;Tiempo Parcial;2;27/08/2023
2022;Almunia de Doña Godina (La);Centro adscrito;Escuela Universitaria Politécnica de la Almunia de Doña Godina;Grado: Ingeniería Mecatrónica;Grado;Andalucía;Hombres;No;Tiempo Completo;1;27/08/2023
2022;Almunia de Doña Godina (La);Centro adscrito;Escuela Universitaria Politécnica de la Almunia de Doña Godina;Grado: Ingeniería Mecatrónica;Grado;Aragón;Hombres;No;Otra dedicación;15;27/08/2023
2022;Almunia de Doña Godina (La);Centro adscrito;Escuela Universitaria Politécnica de la Almunia de Doña Godina;Grado: Ingeniería Mecatrónica;Grado;Aragón;Hombres;No;Tiempo Completo;104;27/08/2023
2022;Almunia de Doña Godina (La);Centro adscrito;Escuela Universitaria Politécnica de la Almunia de Doña Godina;Grado: Ingeniería Mecatrónica;Grado;Aragón;Hombres;Sí;Tiempo Completo;5;27/08/2023
2022;Almunia de Doña Godina (La);Centro adscrito;Escuela Universitaria Politécnica de la Almunia de Doña Godina;Grado: Ingeniería Mecatrónica;Grado;Aragón;Hombres;No;Tiempo Parcial;6;27/08/2023
2022;Almunia de Doña Godina (La);Centro adscrito;Escuela Universitaria Politécnica de la Almunia de Doña Godina;Grado: Ingeniería Mecatrónica;Grado;Aragón;Mujeres;No;Otra dedicación;4;27/08/2023
2022;Almunia de Doña Godina (La);Centro adscrito;Escuela Universitaria Politécnica de la Almunia de Doña Godina;Grado: Ingeniería Mecatrónica;Grado;Aragón;Mujeres;No;Tiempo Completo;15;27/08/2023
2022;Almunia de Doña Godina (La);Centro adscrito;Escuela Universitaria Politécnica de la Almunia de Doña Godina;Grado: Ingeniería Mecatrónica;Grado;Asturias;Hombres;No;Tiempo Completo;2;27/08/2023
2022;Almunia de Doña Godina (La);Centro adscrito;Escuela Universitaria Politécnica de la Almunia de Doña Godina;Grado: Ingeniería Mecatrónica;Grado;Baleares;Hombres;No;Tiempo Completo;2;27/08/2023
2022;Almunia de Doña Godina (La);Centro adscrito;Escuela Universitaria Politécnica de la Almunia de Doña Godina;Grado: Ingeniería Mecatrónica;Grado;Baleares;Hombres;No;Tiempo Parcial;1;27/08/2023
2022;Almunia de Doña Godina (La);Centro adscrito;Escuela Universitaria Politécnica de la Almunia de Doña Godina;Grado: Ingeniería Mecatrónica;Grado;Baleares;Mujeres;No;Tiempo Parcial;1;27/08/2023
2022;Almunia de Doña Godina (La);Centro adscrito;Escuela Universitaria Politécnica de la Almunia de Doña Godina;Grado: Ingeniería Mecatrónica;Grado;Canarias;Hombres;No;Tiempo Completo;3;27/08/2023
2022;Almunia de Doña Godina (La);Centro adscrito;Escuela Universitaria Politécnica de la Almunia de Doña Godina;Grado: Ingeniería Mecatrónica;Grado;Canarias;Mujeres;No;Tiempo Completo;1;27/08/2023
2022;Almunia de Doña Godina (La);Centro adscrito;Escuela Universitaria Politécnica de la Almunia de Doña Godina;Grado: Ingeniería Mecatrónica;Grado;Castilla y Leon;Hombres;No;Tiempo Completo;4;27/08/2023
2022;Almunia de Doña Godina (La);Centro adscrito;Escuela Universitaria Politécnica de la Almunia de Doña Godina;Grado: Ingeniería Mecatrónica;Grado;Castilla-La Mancha;Hombres;No;Tiempo Completo;2;27/08/2023
2022;Almunia de Doña Godina (La);Centro adscrito;Escuela Universitaria Politécnica de la Almunia de Doña Godina;Grado: Ingeniería Mecatrónica;Grado;Castilla-La Mancha;Mujeres;No;Tiempo Completo;2;27/08/2023
2022;Almunia de Doña Godina (La);Centro adscrito;Escuela Universitaria Politécnica de la Almunia de Doña Godina;Grado: Ingeniería Mecatrónica;Grado;Catalunya;Hombres;No;Tiempo Completo;4;27/08/2023
2022;Almunia de Doña Godina (La);Centro adscrito;Escuela Universitaria Politécnica de la Almunia de Doña Godina;Grado: Ingeniería Mecatrónica;Grado;Ciudad autónoma de Ceuta;Hombres;No;Tiempo Completo;1;27/08/2023
2022;Almunia de Doña Godina (La);Centro adscrito;Escuela Universitaria Politécnica de la Almunia de Doña Godina;Grado: Ingeniería Mecatrónica;Grado;Ciudad autónoma de Melilla;Hombres;Sí;Tiempo Completo;1;27/08/2023
2022;Almunia de Doña Godina (La);Centro adscrito;Escuela Universitaria Politécnica de la Almunia de Doña Godina;Grado: Ingeniería Mecatrónica;Grado;Ciudad autónoma de Melilla;Mujeres;No;Tiempo Completo;1;27/08/2023
2022;Almunia de Doña Godina (La);Centro adscrito;Escuela Universitaria Politécnica de la Almunia de Doña Godina;Grado: Ingeniería Mecatrónica;Grado;Comunidad Valenciana;Hombres;No;Otra dedicación;2;27/08/2023
2022;Almunia de Doña Godina (La);Centro adscrito;Escuela Universitaria Politécnica de la Almunia de Doña Godina;Grado: Ingeniería Mecatrónica;Grado;Comunidad Valenciana;Hombres;No;Tiempo Completo;3;27/08/2023
2022;Almunia de Doña Godina (La);Centro adscrito;Escuela Universitaria Politécnica de la Almunia de Doña Godina;Grado: Ingeniería Mecatrónica;Grado;Comunidad Valenciana;Hombres;No;Tiempo Parcial;1;27/08/2023
2022;Almunia de Doña Godina (La);Centro adscrito;Escuela Universitaria Politécnica de la Almunia de Doña Godina;Grado: Ingeniería Mecatrónica;Grado;Extremadura;Hombres;No;Tiempo Completo;2;27/08/2023
2022;Almunia de Doña Godina (La);Centro adscrito;Escuela Universitaria Politécnica de la Almunia de Doña Godina;Grado: Ingeniería Mecatrónica;Grado;Extremadura;Hombres;No;Tiempo Parcial;1;27/08/2023
2022;Almunia de Doña Godina (La);Centro adscrito;Escuela Universitaria Politécnica de la Almunia de Doña Godina;Grado: Ingeniería Mecatrónica;Grado;Galicia;Hombres;No;Tiempo Completo;1;27/08/2023
2022;Almunia de Doña Godina (La);Centro adscrito;Escuela Universitaria Politécnica de la Almunia de Doña Godina;Grado: Ingeniería Mecatrónica;Grado;Galicia;Mujeres;No;Tiempo Completo;1;27/08/2023
2022;Almunia de Doña Godina (La);Centro adscrito;Escuela Universitaria Politécnica de la Almunia de Doña Godina;Grado: Ingeniería Mecatrónica;Grado;La Rioja;Hombres;No;Otra dedicación;2;27/08/2023
2022;Almunia de Doña Godina (La);Centro adscrito;Escuela Universitaria Politécnica de la Almunia de Doña Godina;Grado: Ingeniería Mecatrónica;Grado;La Rioja;Hombres;No;Tiempo Completo;9;27/08/2023
2022;Almunia de Doña Godina (La);Centro adscrito;Escuela Universitaria Politécnica de la Almunia de Doña Godina;Grado: Ingeniería Mecatrónica;Grado;La Rioja;Hombres;No;Tiempo Parcial;1;27/08/2023
2022;Almunia de Doña Godina (La);Centro adscrito;Escuela Universitaria Politécnica de la Almunia de Doña Godina;Grado: Ingeniería Mecatrónica;Grado;Madrid;Hombres;No;Tiempo Completo;7;27/08/2023
2022;Almunia de Doña Godina (La);Centro adscrito;Escuela Universitaria Politécnica de la Almunia de Doña Godina;Grado: Ingeniería Mecatrónica;Grado;Madrid;Mujeres;No;Tiempo Completo;3;27/08/2023
2022;Almunia de Doña Godina (La);Centro adscrito;Escuela Universitaria Politécnica de la Almunia de Doña Godina;Grado: Ingeniería Mecatrónica;Grado;Murcia;Hombres;No;Tiempo Completo;3;27/08/2023
2022;Almunia de Doña Godina (La);Centro adscrito;Escuela Universitaria Politécnica de la Almunia de Doña Godina;Grado: Ingeniería Mecatrónica;Grado;Navarra;Hombres;No;Otra dedicación;1;27/08/2023
2022;Almunia de Doña Godina (La);Centro adscrito;Escuela Universitaria Politécnica de la Almunia de Doña Godina;Grado: Ingeniería Mecatrónica;Grado;Navarra;Hombres;No;Tiempo Completo;12;27/08/2023
2022;Almunia de Doña Godina (La);Centro adscrito;Escuela Universitaria Politécnica de la Almunia de Doña Godina;Grado: Ingeniería Mecatrónica;Grado;Navarra;Hombres;Sí;Tiempo Completo;3;27/08/2023
2022;Almunia de Doña Godina (La);Centro adscrito;Escuela Universitaria Politécnica de la Almunia de Doña Godina;Grado: Ingeniería Mecatrónica;Grado;No Informado;Hombres;No;Tiempo Completo;4;27/08/2023
2022;Almunia de Doña Godina (La);Centro adscrito;Escuela Universitaria Politécnica de la Almunia de Doña Godina;Grado: Ingeniería Mecatrónica;Grado;No Informado;Hombres;No;Tiempo Parcial;4;27/08/2023
2022;Almunia de Doña Godina (La);Centro adscrito;Escuela Universitaria Politécnica de la Almunia de Doña Godina;Grado: Ingeniería Mecatrónica;Grado;No Informado;Mujeres;No;Tiempo Completo;3;27/08/2023
2022;Almunia de Doña Godina (La);Centro adscrito;Escuela Universitaria Politécnica de la Almunia de Doña Godina;Grado: Ingeniería Mecatrónica;Grado;No Informado;Mujeres;No;Tiempo Parcial;2;27/08/2023
2022;Almunia de Doña Godina (La);Centro adscrito;Escuela Universitaria Politécnica de la Almunia de Doña Godina;Grado: Ingeniería Mecatrónica;Grado;Pais Vasco;Hombres;No;Otra dedicación;1;27/08/2023
2022;Almunia de Doña Godina (La);Centro adscrito;Escuela Universitaria Politécnica de la Almunia de Doña Godina;Grado: Ingeniería Mecatrónica;Grado;Pais Vasco;Hombres;No;Tiempo Completo;5;27/08/2023
2022;Almunia de Doña Godina (La);Centro adscrito;Escuela Universitaria Politécnica de la Almunia de Doña Godina;Grado: Ingeniería Mecatrónica;Grado;Pais Vasco;Hombres;Sí;Tiempo Completo;2;27/08/2023
2022;Almunia de Doña Godina (La);Centro adscrito;Escuela Universitaria Politécnica de la Almunia de Doña Godina;Grado: Ingeniería Mecatrónica;Grado;Pais Vasco;Hombres;No;Tiempo Parcial;1;27/08/2023
2022;Almunia de Doña Godina (La);Centro adscrito;Escuela Universitaria Politécnica de la Almunia de Doña Godina;Grado: Programa conjunto en Ingeniería Mecatrónica-Ingeniería de Organización  Industrial;Grado;Andalucía;Hombres;No;Tiempo Completo;1;27/08/2023
2022;Almunia de Doña Godina (La);Centro adscrito;Escuela Universitaria Politécnica de la Almunia de Doña Godina;Grado: Programa conjunto en Ingeniería Mecatrónica-Ingeniería de Organización  Industrial;Grado;Aragón;Hombres;No;Tiempo Completo;21;27/08/2023
2022;Almunia de Doña Godina (La);Centro adscrito;Escuela Universitaria Politécnica de la Almunia de Doña Godina;Grado: Programa conjunto en Ingeniería Mecatrónica-Ingeniería de Organización  Industrial;Grado;Aragón;Hombres;Sí;Tiempo Completo;3;27/08/2023
2022;Almunia de Doña Godina (La);Centro adscrito;Escuela Universitaria Politécnica de la Almunia de Doña Godina;Grado: Programa conjunto en Ingeniería Mecatrónica-Ingeniería de Organización  Industrial;Grado;Aragón;Mujeres;No;Tiempo Completo;5;27/08/2023
2022;Almunia de Doña Godina (La);Centro adscrito;Escuela Universitaria Politécnica de la Almunia de Doña Godina;Grado: Programa conjunto en Ingeniería Mecatrónica-Ingeniería de Organización  Industrial;Grado;Cantabria;Mujeres;No;Tiempo Completo;1;27/08/2023
2022;Almunia de Doña Godina (La);Centro adscrito;Escuela Universitaria Politécnica de la Almunia de Doña Godina;Grado: Programa conjunto en Ingeniería Mecatrónica-Ingeniería de Organización  Industrial;Grado;Castilla y Leon;Hombres;No;Tiempo Completo;1;27/08/2023
2022;Almunia de Doña Godina (La);Centro adscrito;Escuela Universitaria Politécnica de la Almunia de Doña Godina;Grado: Programa conjunto en Ingeniería Mecatrónica-Ingeniería de Organización  Industrial;Grado;Comunidad Valenciana;Mujeres;No;Tiempo Completo;1;27/08/2023
2022;Almunia de Doña Godina (La);Centro adscrito;Escuela Universitaria Politécnica de la Almunia de Doña Godina;Grado: Programa conjunto en Ingeniería Mecatrónica-Ingeniería de Organización  Industrial;Grado;La Rioja;Hombres;No;Tiempo Completo;1;27/08/2023
2022;Almunia de Doña Godina (La);Centro adscrito;Escuela Universitaria Politécnica de la Almunia de Doña Godina;Grado: Programa conjunto en Ingeniería Mecatrónica-Ingeniería de Organización  Industrial;Grado;La Rioja;Mujeres;No;Tiempo Completo;1;27/08/2023
2022;Almunia de Doña Godina (La);Centro adscrito;Escuela Universitaria Politécnica de la Almunia de Doña Godina;Grado: Programa conjunto en Ingeniería Mecatrónica-Ingeniería de Organización  Industrial;Grado;Navarra;Hombres;No;Tiempo Completo;2;27/08/2023
2022;Almunia de Doña Godina (La);Centro adscrito;Escuela Universitaria Politécnica de la Almunia de Doña Godina;Movilidad para 1º y 2º ciclo y grado;Movilidad de entrada;Aragón;Mujeres;No;Tiempo Completo;1;27/08/2023
2022;Almunia de Doña Godina (La);Centro adscrito;Escuela Universitaria Politécnica de la Almunia de Doña Godina;Movilidad para 1º y 2º ciclo y grado;Movilidad de entrada;No Informado;Hombres;No;Tiempo Completo;16;27/08/2023
2022;Almunia de Doña Godina (La);Centro adscrito;Escuela Universitaria Politécnica de la Almunia de Doña Godina;Movilidad para 1º y 2º ciclo y grado;Movilidad de entrada;No Informado;Mujeres;No;Tiempo Completo;21;27/08/2023
2022;Huesca;Centro adscrito;Escuela Universitaria de Enfermería San Jorge de Huesca;Grado: Enfermería;Grado;Andalucía;Mujeres;No;Tiempo Completo;1;27/08/2023
2022;Huesca;Centro adscrito;Escuela Universitaria de Enfermería San Jorge de Huesca;Grado: Enfermería;Grado;Aragón;Hombres;No;Tiempo Completo;32;27/08/2023
2022;Huesca;Centro adscrito;Escuela Universitaria de Enfermería San Jorge de Huesca;Grado: Enfermería;Grado;Aragón;Hombres;Sí;Tiempo Completo;1;27/08/2023
2022;Huesca;Centro adscrito;Escuela Universitaria de Enfermería San Jorge de Huesca;Grado: Enfermería;Grado;Aragón;Hombres;No;Tiempo Parcial;1;27/08/2023
2022;Huesca;Centro adscrito;Escuela Universitaria de Enfermería San Jorge de Huesca;Grado: Enfermería;Grado;Aragón;Mujeres;No;Tiempo Completo;146;27/08/2023
2022;Huesca;Centro adscrito;Escuela Universitaria de Enfermería San Jorge de Huesca;Grado: Enfermería;Grado;Aragón;Mujeres;Sí;Tiempo Completo;11;27/08/2023
2022;Huesca;Centro adscrito;Escuela Universitaria de Enfermería San Jorge de Huesca;Grado: Enfermería;Grado;Aragón;Mujeres;No;Tiempo Parcial;11;27/08/2023
2022;Huesca;Centro adscrito;Escuela Universitaria de Enfermería San Jorge de Huesca;Grado: Enfermería;Grado;Asturias;Mujeres;No;Tiempo Completo;1;27/08/2023
2022;Huesca;Centro adscrito;Escuela Universitaria de Enfermería San Jorge de Huesca;Grado: Enfermería;Grado;Castilla y Leon;Mujeres;No;Tiempo Completo;1;27/08/2023
2022;Huesca;Centro adscrito;Escuela Universitaria de Enfermería San Jorge de Huesca;Grado: Enfermería;Grado;Castilla-La Mancha;Mujeres;No;Tiempo Completo;1;27/08/2023
2022;Huesca;Centro adscrito;Escuela Universitaria de Enfermería San Jorge de Huesca;Grado: Enfermería;Grado;La Rioja;Mujeres;No;Tiempo Completo;1;27/08/2023
2022;Huesca;Centro adscrito;Escuela Universitaria de Enfermería San Jorge de Huesca;Grado: Enfermería;Grado;Navarra;Mujeres;No;Tiempo Completo;1;27/08/2023
2022;Huesca;Centro adscrito;Escuela Universitaria de Enfermería San Jorge de Huesca;Grado: Enfermería;Grado;Pais Vasco;Mujeres;No;Tiempo Completo;1;27/08/2023
2022;Huesca;Centro adscrito;Escuela Universitaria de Enfermería San Jorge de Huesca;Movilidad para 1º y 2º ciclo y grado;Movilidad de entrada;Aragón;Hombres;No;Tiempo Completo;1;27/08/2023
2022;Huesca;Centro adscrito;Escuela Universitaria de Enfermería San Jorge de Huesca;Movilidad para 1º y 2º ciclo y grado;Movilidad de entrada;Aragón;Mujeres;No;Tiempo Completo;3;27/08/2023
2022;Huesca;Centro adscrito;Escuela Universitaria de Enfermería San Jorge de Huesca;Movilidad para 1º y 2º ciclo y grado;Movilidad de entrada;Extremadura;Mujeres;No;Tiempo Completo;1;27/08/2023
2022;Huesca;Facultad;Escuela Politécnica Superior;Grado: Ciencias Ambientales;Grado;Aragón;Hombres;No;Otra dedicación;13;27/08/2023
2022;Huesca;Facultad;Escuela Politécnica Superior;Grado: Ciencias Ambientales;Grado;Aragón;Hombres;No;Tiempo Completo;56;27/08/2023
2022;Huesca;Facultad;Escuela Politécnica Superior;Grado: Ciencias Ambientales;Grado;Aragón;Hombres;Sí;Tiempo Completo;3;27/08/2023
2022;Huesca;Facultad;Escuela Politécnica Superior;Grado: Ciencias Ambientales;Grado;Aragón;Hombres;No;Tiempo Parcial;1;27/08/2023
2022;Huesca;Facultad;Escuela Politécnica Superior;Grado: Ciencias Ambientales;Grado;Aragón;Mujeres;No;Otra dedicación;5;27/08/2023
2022;Huesca;Facultad;Escuela Politécnica Superior;Grado: Ciencias Ambientales;Grado;Aragón;Mujeres;No;Tiempo Completo;64;27/08/2023
2022;Huesca;Facultad;Escuela Politécnica Superior;Grado: Ciencias Ambientales;Grado;Aragón;Mujeres;Sí;Tiempo Completo;3;27/08/2023
2022;Huesca;Facultad;Escuela Politécnica Superior;Grado: Ciencias Ambientales;Grado;Castilla y Leon;Hombres;No;Tiempo Completo;2;27/08/2023
2022;Huesca;Facultad;Escuela Politécnica Superior;Grado: Ciencias Ambientales;Grado;Castilla y Leon;Hombres;Sí;Tiempo Completo;1;27/08/2023
2022;Huesca;Facultad;Escuela Politécnica Superior;Grado: Ciencias Ambientales;Grado;Castilla y Leon;Mujeres;No;Tiempo Completo;3;27/08/2023
2022;Huesca;Facultad;Escuela Politécnica Superior;Grado: Ciencias Ambientales;Grado;Catalunya;Hombres;No;Tiempo Completo;3;27/08/2023
2022;Huesca;Facultad;Escuela Politécnica Superior;Grado: Ciencias Ambientales;Grado;Catalunya;Mujeres;No;Tiempo Parcial;1;27/08/2023
2022;Huesca;Facultad;Escuela Politécnica Superior;Grado: Ciencias Ambientales;Grado;Catalunya;Mujeres;Sí;Tiempo Parcial;1;27/08/2023
2022;Huesca;Facultad;Escuela Politécnica Superior;Grado: Ciencias Ambientales;Grado;Comunidad Valenciana;Hombres;No;Tiempo Completo;1;27/08/2023
2022;Huesca;Facultad;Escuela Politécnica Superior;Grado: Ciencias Ambientales;Grado;Comunidad Valenciana;Mujeres;No;Otra dedicación;1;27/08/2023
2022;Huesca;Facultad;Escuela Politécnica Superior;Grado: Ciencias Ambientales;Grado;Comunidad Valenciana;Mujeres;No;Tiempo Completo;1;27/08/2023
2022;Huesca;Facultad;Escuela Politécnica Superior;Grado: Ciencias Ambientales;Grado;Navarra;Hombres;No;Tiempo Completo;6;27/08/2023
2022;Huesca;Facultad;Escuela Politécnica Superior;Grado: Ciencias Ambientales;Grado;Navarra;Mujeres;No;Otra dedicación;1;27/08/2023
2022;Huesca;Facultad;Escuela Politécnica Superior;Grado: Ciencias Ambientales;Grado;Navarra;Mujeres;No;Tiempo Completo;6;27/08/2023
2022;Huesca;Facultad;Escuela Politécnica Superior;Grado: Ciencias Ambientales;Grado;Pais Vasco;Hombres;No;Tiempo Completo;1;27/08/2023
2022;Huesca;Facultad;Escuela Politécnica Superior;Grado: Ciencias Ambientales;Grado;Pais Vasco;Mujeres;No;Tiempo Completo;2;27/08/2023
2022;Huesca;Facultad;Escuela Politécnica Superior;Grado: Ingeniería Agroalimentaria y del Medio Rural;Grado;Aragón;Hombres;No;Otra dedicación;10;27/08/2023
2022;Huesca;Facultad;Escuela Politécnica Superior;Grado: Ingeniería Agroalimentaria y del Medio Rural;Grado;Aragón;Hombres;No;Tiempo Completo;107;27/08/2023
2022;Huesca;Facultad;Escuela Politécnica Superior;Grado: Ingeniería Agroalimentaria y del Medio Rural;Grado;Aragón;Hombres;Sí;Tiempo Completo;8;27/08/2023
2022;Huesca;Facultad;Escuela Politécnica Superior;Grado: Ingeniería Agroalimentaria y del Medio Rural;Grado;Aragón;Hombres;No;Tiempo Parcial;4;27/08/2023
2022;Huesca;Facultad;Escuela Politécnica Superior;Grado: Ingeniería Agroalimentaria y del Medio Rural;Grado;Aragón;Mujeres;No;Otra dedicación;9;27/08/2023
2022;Huesca;Facultad;Escuela Politécnica Superior;Grado: Ingeniería Agroalimentaria y del Medio Rural;Grado;Aragón;Mujeres;No;Tiempo Completo;46;27/08/2023
2022;Huesca;Facultad;Escuela Politécnica Superior;Grado: Ingeniería Agroalimentaria y del Medio Rural;Grado;Aragón;Mujeres;Sí;Tiempo Completo;4;27/08/2023
2022;Huesca;Facultad;Escuela Politécnica Superior;Grado: Ingeniería Agroalimentaria y del Medio Rural;Grado;Aragón;Mujeres;No;Tiempo Parcial;2;27/08/2023
2022;Huesca;Facultad;Escuela Politécnica Superior;Grado: Ingeniería Agroalimentaria y del Medio Rural;Grado;Castilla y Leon;Hombres;No;Tiempo Completo;1;27/08/2023
2022;Huesca;Facultad;Escuela Politécnica Superior;Grado: Ingeniería Agroalimentaria y del Medio Rural;Grado;Catalunya;Hombres;No;Tiempo Completo;2;27/08/2023
2022;Huesca;Facultad;Escuela Politécnica Superior;Grado: Ingeniería Agroalimentaria y del Medio Rural;Grado;La Rioja;Hombres;No;Tiempo Parcial;1;27/08/2023
2022;Huesca;Facultad;Escuela Politécnica Superior;Grado: Ingeniería Agroalimentaria y del Medio Rural;Grado;La Rioja;Mujeres;No;Otra dedicación;1;27/08/2023
2022;Huesca;Facultad;Escuela Politécnica Superior;Grado: Ingeniería Agroalimentaria y del Medio Rural;Grado;Navarra;Hombres;No;Tiempo Completo;2;27/08/2023
2022;Huesca;Facultad;Escuela Politécnica Superior;Grado: Ingeniería Agroalimentaria y del Medio Rural;Grado;Navarra;Mujeres;No;Tiempo Completo;1;27/08/2023
2022;Huesca;Facultad;Escuela Politécnica Superior;Movilidad para 1º y 2º ciclo y grado;Movilidad de entrada;Aragón;Hombres;No;Tiempo Completo;1;27/08/2023
2022;Huesca;Facultad;Escuela Politécnica Superior;Movilidad para 1º y 2º ciclo y grado;Movilidad de entrada;No Informado;Hombres;No;Tiempo Completo;3;27/08/2023
2022;Huesca;Facultad;Escuela Politécnica Superior;Movilidad para 1º y 2º ciclo y grado;Movilidad de entrada;No Informado;Mujeres;No;Tiempo Completo;8;27/08/2023
2022;Huesca;Facultad;Escuela Politécnica Superior;Movilidad para máster;Movilidad de entrada;No Informado;Hombres;No;Tiempo Completo;3;27/08/2023
2022;Huesca;Facultad;Escuela Politécnica Superior;Movilidad para máster;Movilidad de entrada;No Informado;Mujeres;No;Tiempo Completo;1;27/08/2023
2022;Huesca;Facultad;Escuela Politécnica Superior;Máster: Ingeniería Agronómica;Máster;Andalucía;Mujeres;No;Tiempo Parcial;1;27/08/2023
2022;Huesca;Facultad;Escuela Politécnica Superior;Máster: Ingeniería Agronómica;Máster;Aragón;Hombres;No;Otra dedicación;2;27/08/2023
2022;Huesca;Facultad;Escuela Politécnica Superior;Máster: Ingeniería Agronómica;Máster;Aragón;Hombres;No;Tiempo Completo;13;27/08/2023
2022;Huesca;Facultad;Escuela Politécnica Superior;Máster: Ingeniería Agronómica;Máster;Aragón;Hombres;No;Tiempo Parcial;5;27/08/2023
2022;Huesca;Facultad;Escuela Politécnica Superior;Máster: Ingeniería Agronómica;Máster;Aragón;Mujeres;No;Tiempo Completo;6;27/08/2023
2022;Huesca;Facultad;Escuela Politécnica Superior;Máster: Ingeniería Agronómica;Máster;Aragón;Mujeres;Sí;Tiempo Completo;2;27/08/2023
2022;Huesca;Facultad;Escuela Politécnica Superior;Máster: Ingeniería Agronómica;Máster;Aragón;Mujeres;No;Tiempo Parcial;8;27/08/2023
2022;Huesca;Facultad;Escuela Politécnica Superior;Máster: Ingeniería Agronómica;Máster;Catalunya;Hombres;No;Tiempo Parcial;1;27/08/2023
2022;Huesca;Facultad;Escuela Politécnica Superior;Máster: Ingeniería Agronómica;Máster;Madrid;Hombres;No;Tiempo Completo;1;27/08/2023
2022;Huesca;Facultad;Facultad de Ciencias de la Salud y del Deporte;Grado: Ciencias de la Actividad Física y del Deporte;Grado;Andalucía;Hombres;No;Tiempo Completo;2;27/08/2023
2022;Huesca;Facultad;Facultad de Ciencias de la Salud y del Deporte;Grado: Ciencias de la Actividad Física y del Deporte;Grado;Aragón;Hombres;No;Tiempo Completo;182;27/08/2023
2022;Huesca;Facultad;Facultad de Ciencias de la Salud y del Deporte;Grado: Ciencias de la Actividad Física y del Deporte;Grado;Aragón;Hombres;Sí;Tiempo Completo;15;27/08/2023
2022;Huesca;Facultad;Facultad de Ciencias de la Salud y del Deporte;Grado: Ciencias de la Actividad Física y del Deporte;Grado;Aragón;Hombres;No;Tiempo Parcial;5;27/08/2023
2022;Huesca;Facultad;Facultad de Ciencias de la Salud y del Deporte;Grado: Ciencias de la Actividad Física y del Deporte;Grado;Aragón;Mujeres;No;Tiempo Completo;39;27/08/2023
2022;Huesca;Facultad;Facultad de Ciencias de la Salud y del Deporte;Grado: Ciencias de la Actividad Física y del Deporte;Grado;Aragón;Mujeres;Sí;Tiempo Completo;3;27/08/2023
2022;Huesca;Facultad;Facultad de Ciencias de la Salud y del Deporte;Grado: Ciencias de la Actividad Física y del Deporte;Grado;Baleares;Hombres;No;Tiempo Completo;1;27/08/2023
2022;Huesca;Facultad;Facultad de Ciencias de la Salud y del Deporte;Grado: Ciencias de la Actividad Física y del Deporte;Grado;Canarias;Hombres;No;Tiempo Completo;1;27/08/2023
2022;Huesca;Facultad;Facultad de Ciencias de la Salud y del Deporte;Grado: Ciencias de la Actividad Física y del Deporte;Grado;Castilla y Leon;Hombres;No;Tiempo Completo;1;27/08/2023
2022;Huesca;Facultad;Facultad de Ciencias de la Salud y del Deporte;Grado: Ciencias de la Actividad Física y del Deporte;Grado;Castilla y Leon;Hombres;Sí;Tiempo Completo;1;27/08/2023
2022;Huesca;Facultad;Facultad de Ciencias de la Salud y del Deporte;Grado: Ciencias de la Actividad Física y del Deporte;Grado;Castilla y Leon;Mujeres;No;Tiempo Completo;2;27/08/2023
2022;Huesca;Facultad;Facultad de Ciencias de la Salud y del Deporte;Grado: Ciencias de la Actividad Física y del Deporte;Grado;Comunidad Valenciana;Hombres;No;Tiempo Completo;1;27/08/2023
2022;Huesca;Facultad;Facultad de Ciencias de la Salud y del Deporte;Grado: Ciencias de la Actividad Física y del Deporte;Grado;La Rioja;Hombres;No;Tiempo Completo;1;27/08/2023
2022;Huesca;Facultad;Facultad de Ciencias de la Salud y del Deporte;Grado: Ciencias de la Actividad Física y del Deporte;Grado;La Rioja;Mujeres;No;Tiempo Completo;2;27/08/2023
2022;Huesca;Facultad;Facultad de Ciencias de la Salud y del Deporte;Grado: Ciencias de la Actividad Física y del Deporte;Grado;Navarra;Hombres;No;Tiempo Completo;5;27/08/2023
2022;Huesca;Facultad;Facultad de Ciencias de la Salud y del Deporte;Grado: Ciencias de la Actividad Física y del Deporte;Grado;Navarra;Hombres;Sí;Tiempo Completo;1;27/08/2023
2022;Huesca;Facultad;Facultad de Ciencias de la Salud y del Deporte;Grado: Ciencias de la Actividad Física y del Deporte;Grado;Navarra;Mujeres;No;Tiempo Completo;5;27/08/2023
2022;Huesca;Facultad;Facultad de Ciencias de la Salud y del Deporte;Grado: Ciencias de la Actividad Física y del Deporte;Grado;Pais Vasco;Hombres;No;Tiempo Completo;4;27/08/2023
2022;Huesca;Facultad;Facultad de Ciencias de la Salud y del Deporte;Grado: Ciencias de la Actividad Física y del Deporte;Grado;Pais Vasco;Hombres;Sí;Tiempo Completo;1;27/08/2023
2022;Huesca;Facultad;Facultad de Ciencias de la Salud y del Deporte;Grado: Ciencias de la Actividad Física y del Deporte;Grado;Pais Vasco;Mujeres;No;Tiempo Completo;3;27/08/2023
2022;Huesca;Facultad;Facultad de Ciencias de la Salud y del Deporte;Grado: Medicina;Grado;Andalucía;Hombres;No;Tiempo Completo;1;27/08/2023
2022;Huesca;Facultad;Facultad de Ciencias de la Salud y del Deporte;Grado: Medicina;Grado;Andalucía;Mujeres;No;Tiempo Completo;10;27/08/2023
2022;Huesca;Facultad;Facultad de Ciencias de la Salud y del Deporte;Grado: Medicina;Grado;Aragón;Hombres;No;Tiempo Completo;16;27/08/2023
2022;Huesca;Facultad;Facultad de Ciencias de la Salud y del Deporte;Grado: Medicina;Grado;Aragón;Mujeres;No;Tiempo Completo;46;27/08/2023
2022;Huesca;Facultad;Facultad de Ciencias de la Salud y del Deporte;Grado: Medicina;Grado;Aragón;Mujeres;No;Tiempo Parcial;3;27/08/2023
2022;Huesca;Facultad;Facultad de Ciencias de la Salud y del Deporte;Grado: Medicina;Grado;Baleares;Hombres;No;Tiempo Completo;1;27/08/2023
2022;Huesca;Facultad;Facultad de Ciencias de la Salud y del Deporte;Grado: Medicina;Grado;Canarias;Hombres;No;Tiempo Completo;1;27/08/2023
2022;Huesca;Facultad;Facultad de Ciencias de la Salud y del Deporte;Grado: Medicina;Grado;Castilla y Leon;Mujeres;No;Tiempo Completo;1;27/08/2023
2022;Huesca;Facultad;Facultad de Ciencias de la Salud y del Deporte;Grado: Medicina;Grado;Castilla-La Mancha;Mujeres;No;Tiempo Completo;4;27/08/2023
2022;Huesca;Facultad;Facultad de Ciencias de la Salud y del Deporte;Grado: Medicina;Grado;Ciudad autónoma de Melilla;Mujeres;No;Tiempo Completo;1;27/08/2023
2022;Huesca;Facultad;Facultad de Ciencias de la Salud y del Deporte;Grado: Medicina;Grado;Comunidad Valenciana;Mujeres;No;Tiempo Completo;1;27/08/2023
2022;Huesca;Facultad;Facultad de Ciencias de la Salud y del Deporte;Grado: Medicina;Grado;Extremadura;Mujeres;No;Tiempo Completo;1;27/08/2023
2022;Huesca;Facultad;Facultad de Ciencias de la Salud y del Deporte;Grado: Medicina;Grado;Madrid;Mujeres;No;Tiempo Completo;4;27/08/2023
2022;Huesca;Facultad;Facultad de Ciencias de la Salud y del Deporte;Grado: Medicina;Grado;Murcia;Mujeres;No;Tiempo Completo;1;27/08/2023
2022;Huesca;Facultad;Facultad de Ciencias de la Salud y del Deporte;Grado: Medicina;Grado;Pais Vasco;Mujeres;No;Tiempo Completo;1;27/08/2023
2022;Huesca;Facultad;Facultad de Ciencias de la Salud y del Deporte;Grado: Nutrición Humana y Dietética;Grado;Andalucía;Hombres;No;Tiempo Completo;2;27/08/2023
2022;Huesca;Facultad;Facultad de Ciencias de la Salud y del Deporte;Grado: Nutrición Humana y Dietética;Grado;Andalucía;Mujeres;No;Tiempo Parcial;1;27/08/2023
2022;Huesca;Facultad;Facultad de Ciencias de la Salud y del Deporte;Grado: Nutrición Humana y Dietética;Grado;Aragón;Hombres;No;Tiempo Completo;58;27/08/2023
2022;Huesca;Facultad;Facultad de Ciencias de la Salud y del Deporte;Grado: Nutrición Humana y Dietética;Grado;Aragón;Hombres;Sí;Tiempo Completo;1;27/08/2023
2022;Huesca;Facultad;Facultad de Ciencias de la Salud y del Deporte;Grado: Nutrición Humana y Dietética;Grado;Aragón;Hombres;No;Tiempo Parcial;2;27/08/2023
2022;Huesca;Facultad;Facultad de Ciencias de la Salud y del Deporte;Grado: Nutrición Humana y Dietética;Grado;Aragón;Mujeres;No;Tiempo Completo;86;27/08/2023
2022;Huesca;Facultad;Facultad de Ciencias de la Salud y del Deporte;Grado: Nutrición Humana y Dietética;Grado;Aragón;Mujeres;Sí;Tiempo Completo;2;27/08/2023
2022;Huesca;Facultad;Facultad de Ciencias de la Salud y del Deporte;Grado: Nutrición Humana y Dietética;Grado;Aragón;Mujeres;No;Tiempo Parcial;16;27/08/2023
2022;Huesca;Facultad;Facultad de Ciencias de la Salud y del Deporte;Grado: Nutrición Humana y Dietética;Grado;Canarias;Mujeres;No;Tiempo Completo;3;27/08/2023
2022;Huesca;Facultad;Facultad de Ciencias de la Salud y del Deporte;Grado: Nutrición Humana y Dietética;Grado;Castilla y Leon;Hombres;No;Tiempo Completo;1;27/08/2023
2022;Huesca;Facultad;Facultad de Ciencias de la Salud y del Deporte;Grado: Nutrición Humana y Dietética;Grado;Castilla y Leon;Mujeres;No;Tiempo Completo;5;27/08/2023
2022;Huesca;Facultad;Facultad de Ciencias de la Salud y del Deporte;Grado: Nutrición Humana y Dietética;Grado;Castilla-La Mancha;Hombres;No;Tiempo Completo;2;27/08/2023
2022;Huesca;Facultad;Facultad de Ciencias de la Salud y del Deporte;Grado: Nutrición Humana y Dietética;Grado;Castilla-La Mancha;Mujeres;No;Tiempo Completo;3;27/08/2023
2022;Huesca;Facultad;Facultad de Ciencias de la Salud y del Deporte;Grado: Nutrición Humana y Dietética;Grado;Comunidad Valenciana;Hombres;No;Tiempo Completo;1;27/08/2023
2022;Huesca;Facultad;Facultad de Ciencias de la Salud y del Deporte;Grado: Nutrición Humana y Dietética;Grado;Extremadura;Hombres;No;Tiempo Completo;1;27/08/2023
2022;Huesca;Facultad;Facultad de Ciencias de la Salud y del Deporte;Grado: Nutrición Humana y Dietética;Grado;Extremadura;Mujeres;No;Tiempo Completo;1;27/08/2023
2022;Huesca;Facultad;Facultad de Ciencias de la Salud y del Deporte;Grado: Nutrición Humana y Dietética;Grado;La Rioja;Hombres;No;Tiempo Completo;2;27/08/2023
2022;Huesca;Facultad;Facultad de Ciencias de la Salud y del Deporte;Grado: Nutrición Humana y Dietética;Grado;La Rioja;Mujeres;No;Tiempo Completo;3;27/08/2023
2022;Huesca;Facultad;Facultad de Ciencias de la Salud y del Deporte;Grado: Nutrición Humana y Dietética;Grado;La Rioja;Mujeres;Sí;Tiempo Completo;1;27/08/2023
2022;Huesca;Facultad;Facultad de Ciencias de la Salud y del Deporte;Grado: Nutrición Humana y Dietética;Grado;Madrid;Hombres;No;Tiempo Completo;1;27/08/2023
2022;Huesca;Facultad;Facultad de Ciencias de la Salud y del Deporte;Grado: Nutrición Humana y Dietética;Grado;Navarra;Hombres;No;Tiempo Completo;8;27/08/2023
2022;Huesca;Facultad;Facultad de Ciencias de la Salud y del Deporte;Grado: Nutrición Humana y Dietética;Grado;Navarra;Mujeres;No;Tiempo Completo;7;27/08/2023
2022;Huesca;Facultad;Facultad de Ciencias de la Salud y del Deporte;Grado: Nutrición Humana y Dietética;Grado;Navarra;Mujeres;Sí;Tiempo Completo;2;27/08/2023
2022;Huesca;Facultad;Facultad de Ciencias de la Salud y del Deporte;Grado: Nutrición Humana y Dietética;Grado;Pais Vasco;Hombres;No;Tiempo Completo;1;27/08/2023
2022;Huesca;Facultad;Facultad de Ciencias de la Salud y del Deporte;Grado: Nutrición Humana y Dietética;Grado;Pais Vasco;Mujeres;No;Tiempo Completo;2;27/08/2023
2022;Huesca;Facultad;Facultad de Ciencias de la Salud y del Deporte;Grado: Odontología;Grado;Andalucía;Hombres;No;Tiempo Completo;12;27/08/2023
2022;Huesca;Facultad;Facultad de Ciencias de la Salud y del Deporte;Grado: Odontología;Grado;Andalucía;Hombres;No;Tiempo Parcial;1;27/08/2023
2022;Huesca;Facultad;Facultad de Ciencias de la Salud y del Deporte;Grado: Odontología;Grado;Andalucía;Mujeres;No;Tiempo Completo;25;27/08/2023
2022;Huesca;Facultad;Facultad de Ciencias de la Salud y del Deporte;Grado: Odontología;Grado;Andalucía;Mujeres;Sí;Tiempo Completo;2;27/08/2023
2022;Huesca;Facultad;Facultad de Ciencias de la Salud y del Deporte;Grado: Odontología;Grado;Aragón;Hombres;No;Tiempo Completo;13;27/08/2023
2022;Huesca;Facultad;Facultad de Ciencias de la Salud y del Deporte;Grado: Odontología;Grado;Aragón;Hombres;Sí;Tiempo Completo;1;27/08/2023
2022;Huesca;Facultad;Facultad de Ciencias de la Salud y del Deporte;Grado: Odontología;Grado;Aragón;Hombres;No;Tiempo Parcial;1;27/08/2023
2022;Huesca;Facultad;Facultad de Ciencias de la Salud y del Deporte;Grado: Odontología;Grado;Aragón;Mujeres;No;Otra dedicación;1;27/08/2023
2022;Huesca;Facultad;Facultad de Ciencias de la Salud y del Deporte;Grado: Odontología;Grado;Aragón;Mujeres;No;Tiempo Completo;45;27/08/2023
2022;Huesca;Facultad;Facultad de Ciencias de la Salud y del Deporte;Grado: Odontología;Grado;Aragón;Mujeres;Sí;Tiempo Completo;1;27/08/2023
2022;Huesca;Facultad;Facultad de Ciencias de la Salud y del Deporte;Grado: Odontología;Grado;Aragón;Mujeres;No;Tiempo Parcial;1;27/08/2023
2022;Huesca;Facultad;Facultad de Ciencias de la Salud y del Deporte;Grado: Odontología;Grado;Baleares;Hombres;No;Tiempo Completo;1;27/08/2023
2022;Huesca;Facultad;Facultad de Ciencias de la Salud y del Deporte;Grado: Odontología;Grado;Baleares;Mujeres;No;Tiempo Completo;1;27/08/2023
2022;Huesca;Facultad;Facultad de Ciencias de la Salud y del Deporte;Grado: Odontología;Grado;Canarias;Hombres;No;Tiempo Completo;4;27/08/2023
2022;Huesca;Facultad;Facultad de Ciencias de la Salud y del Deporte;Grado: Odontología;Grado;Canarias;Mujeres;No;Tiempo Completo;7;27/08/2023
2022;Huesca;Facultad;Facultad de Ciencias de la Salud y del Deporte;Grado: Odontología;Grado;Cantabria;Mujeres;No;Tiempo Completo;3;27/08/2023
2022;Huesca;Facultad;Facultad de Ciencias de la Salud y del Deporte;Grado: Odontología;Grado;Castilla y Leon;Mujeres;No;Tiempo Completo;3;27/08/2023
2022;Huesca;Facultad;Facultad de Ciencias de la Salud y del Deporte;Grado: Odontología;Grado;Castilla-La Mancha;Hombres;No;Tiempo Completo;2;27/08/2023
2022;Huesca;Facultad;Facultad de Ciencias de la Salud y del Deporte;Grado: Odontología;Grado;Castilla-La Mancha;Mujeres;No;Tiempo Completo;5;27/08/2023
2022;Huesca;Facultad;Facultad de Ciencias de la Salud y del Deporte;Grado: Odontología;Grado;Castilla-La Mancha;Mujeres;Sí;Tiempo Completo;2;27/08/2023
2022;Huesca;Facultad;Facultad de Ciencias de la Salud y del Deporte;Grado: Odontología;Grado;Catalunya;Mujeres;No;Tiempo Completo;3;27/08/2023
2022;Huesca;Facultad;Facultad de Ciencias de la Salud y del Deporte;Grado: Odontología;Grado;Ciudad autónoma de Ceuta;Hombres;No;Tiempo Completo;1;27/08/2023
2022;Huesca;Facultad;Facultad de Ciencias de la Salud y del Deporte;Grado: Odontología;Grado;Comunidad Valenciana;Hombres;No;Tiempo Completo;4;27/08/2023
2022;Huesca;Facultad;Facultad de Ciencias de la Salud y del Deporte;Grado: Odontología;Grado;Comunidad Valenciana;Mujeres;No;Tiempo Completo;1;27/08/2023
2022;Huesca;Facultad;Facultad de Ciencias de la Salud y del Deporte;Grado: Odontología;Grado;Extremadura;Hombres;No;Tiempo Completo;1;27/08/2023
2022;Huesca;Facultad;Facultad de Ciencias de la Salud y del Deporte;Grado: Odontología;Grado;Extremadura;Mujeres;No;Tiempo Completo;2;27/08/2023
2022;Huesca;Facultad;Facultad de Ciencias de la Salud y del Deporte;Grado: Odontología;Grado;La Rioja;Mujeres;No;Tiempo Completo;1;27/08/2023
2022;Huesca;Facultad;Facultad de Ciencias de la Salud y del Deporte;Grado: Odontología;Grado;Madrid;Hombres;No;Tiempo Completo;2;27/08/2023
2022;Huesca;Facultad;Facultad de Ciencias de la Salud y del Deporte;Grado: Odontología;Grado;Madrid;Mujeres;No;Tiempo Completo;6;27/08/2023
2022;Huesca;Facultad;Facultad de Ciencias de la Salud y del Deporte;Grado: Odontología;Grado;Madrid;Mujeres;No;Tiempo Parcial;1;27/08/2023
2022;Huesca;Facultad;Facultad de Ciencias de la Salud y del Deporte;Grado: Odontología;Grado;Murcia;Mujeres;No;Tiempo Completo;1;27/08/2023
2022;Huesca;Facultad;Facultad de Ciencias de la Salud y del Deporte;Grado: Odontología;Grado;Navarra;Hombres;No;Tiempo Completo;1;27/08/2023
2022;Huesca;Facultad;Facultad de Ciencias de la Salud y del Deporte;Grado: Odontología;Grado;Navarra;Mujeres;No;Tiempo Completo;4;27/08/2023
2022;Huesca;Facultad;Facultad de Ciencias de la Salud y del Deporte;Grado: Odontología;Grado;No Informado;Mujeres;No;Tiempo Completo;2;27/08/2023
2022;Huesca;Facultad;Facultad de Ciencias de la Salud y del Deporte;Grado: Odontología;Grado;Pais Vasco;Mujeres;No;Tiempo Completo;3;27/08/2023
2022;Huesca;Facultad;Facultad de Ciencias de la Salud y del Deporte;Grado: Programa conjunto en Nutrición Humana y Dietética-Ciencias de la Actividad Física y del Deporte;Grado;Andalucía;Hombres;No;Tiempo Completo;2;27/08/2023
2022;Huesca;Facultad;Facultad de Ciencias de la Salud y del Deporte;Grado: Programa conjunto en Nutrición Humana y Dietética-Ciencias de la Actividad Física y del Deporte;Grado;Aragón;Hombres;No;Tiempo Completo;13;27/08/2023
2022;Huesca;Facultad;Facultad de Ciencias de la Salud y del Deporte;Grado: Programa conjunto en Nutrición Humana y Dietética-Ciencias de la Actividad Física y del Deporte;Grado;Aragón;Mujeres;No;Tiempo Completo;11;27/08/2023
2022;Huesca;Facultad;Facultad de Ciencias de la Salud y del Deporte;Grado: Programa conjunto en Nutrición Humana y Dietética-Ciencias de la Actividad Física y del Deporte;Grado;Asturias;Hombres;No;Tiempo Completo;1;27/08/2023
2022;Huesca;Facultad;Facultad de Ciencias de la Salud y del Deporte;Grado: Programa conjunto en Nutrición Humana y Dietética-Ciencias de la Actividad Física y del Deporte;Grado;Castilla y Leon;Mujeres;No;Tiempo Completo;2;27/08/2023
2022;Huesca;Facultad;Facultad de Ciencias de la Salud y del Deporte;Grado: Programa conjunto en Nutrición Humana y Dietética-Ciencias de la Actividad Física y del Deporte;Grado;Castilla-La Mancha;Mujeres;No;Tiempo Completo;1;27/08/2023
2022;Huesca;Facultad;Facultad de Ciencias de la Salud y del Deporte;Grado: Programa conjunto en Nutrición Humana y Dietética-Ciencias de la Actividad Física y del Deporte;Grado;Comunidad Valenciana;Hombres;No;Tiempo Completo;2;27/08/2023
2022;Huesca;Facultad;Facultad de Ciencias de la Salud y del Deporte;Grado: Programa conjunto en Nutrición Humana y Dietética-Ciencias de la Actividad Física y del Deporte;Grado;Galicia;Hombres;No;Tiempo Completo;1;27/08/2023
2022;Huesca;Facultad;Facultad de Ciencias de la Salud y del Deporte;Grado: Programa conjunto en Nutrición Humana y Dietética-Ciencias de la Actividad Física y del Deporte;Grado;La Rioja;Mujeres;No;Tiempo Completo;1;27/08/2023
2022;Huesca;Facultad;Facultad de Ciencias de la Salud y del Deporte;Grado: Programa conjunto en Nutrición Humana y Dietética-Ciencias de la Actividad Física y del Deporte;Grado;Madrid;Hombres;No;Tiempo Completo;1;27/08/2023
2022;Huesca;Facultad;Facultad de Ciencias de la Salud y del Deporte;Grado: Programa conjunto en Nutrición Humana y Dietética-Ciencias de la Actividad Física y del Deporte;Grado;Murcia;Hombres;No;Tiempo Completo;1;27/08/2023
2022;Huesca;Facultad;Facultad de Ciencias de la Salud y del Deporte;Grado: Programa conjunto en Nutrición Humana y Dietética-Ciencias de la Actividad Física y del Deporte;Grado;Navarra;Hombres;No;Tiempo Completo;2;27/08/2023
2022;Huesca;Facultad;Facultad de Ciencias de la Salud y del Deporte;Grado: Programa conjunto en Nutrición Humana y Dietética-Ciencias de la Actividad Física y del Deporte;Grado;Navarra;Mujeres;No;Tiempo Completo;1;27/08/2023
2022;Huesca;Facultad;Facultad de Ciencias de la Salud y del Deporte;Grado: Programa conjunto en Nutrición Humana y Dietética-Ciencias de la Actividad Física y del Deporte;Grado;Pais Vasco;Hombres;No;Tiempo Completo;1;27/08/2023
2022;Huesca;Facultad;Facultad de Ciencias de la Salud y del Deporte;Movilidad para 1º y 2º ciclo y grado;Movilidad de entrada;Cantabria;Hombres;No;Tiempo Completo;1;27/08/2023
2022;Huesca;Facultad;Facultad de Ciencias de la Salud y del Deporte;Movilidad para 1º y 2º ciclo y grado;Movilidad de entrada;Comunidad Valenciana;Mujeres;No;Tiempo Completo;1;27/08/2023
2022;Huesca;Facultad;Facultad de Ciencias de la Salud y del Deporte;Movilidad para 1º y 2º ciclo y grado;Movilidad de entrada;No Informado;Hombres;No;Tiempo Completo;5;27/08/2023
2022;Huesca;Facultad;Facultad de Ciencias de la Salud y del Deporte;Movilidad para 1º y 2º ciclo y grado;Movilidad de entrada;No Informado;Mujeres;No;Tiempo Completo;7;27/08/2023
2022;Huesca;Facultad;Facultad de Ciencias de la Salud y del Deporte;Movilidad para máster;Movilidad de entrada;No Informado;Mujeres;No;Tiempo Completo;1;27/08/2023
2022;Huesca;Facultad;Facultad de Ciencias de la Salud y del Deporte;Máster: Evaluación y Entrenamiento Físico para la Salud;Máster;Aragón;Hombres;No;Tiempo Completo;9;27/08/2023
2022;Huesca;Facultad;Facultad de Ciencias de la Salud y del Deporte;Máster: Evaluación y Entrenamiento Físico para la Salud;Máster;Aragón;Mujeres;No;Tiempo Completo;3;27/08/2023
2022;Huesca;Facultad;Facultad de Ciencias de la Salud y del Deporte;Máster: Evaluación y Entrenamiento Físico para la Salud;Máster;No Informado;Hombres;No;Tiempo Completo;2;27/08/2023
2022;Huesca;Facultad;Facultad de Ciencias de la Salud y del Deporte;Máster: Evaluación y Entrenamiento Físico para la Salud;Máster;No Informado;Mujeres;No;Tiempo Completo;1;27/08/2023
2022;Huesca;Facultad;Facultad de Ciencias de la Salud y del Deporte;Máster: Evaluación y Entrenamiento Físico para la Salud;Máster;Pais Vasco;Mujeres;No;Tiempo Completo;1;27/08/2023
2022;Huesca;Facultad;Facultad de Ciencias Humanas y de la Educación;Grado: Magisterio en Educación Infantil;Grado;Andalucía;Mujeres;No;Tiempo Completo;1;27/08/2023
2022;Huesca;Facultad;Facultad de Ciencias Humanas y de la Educación;Grado: Magisterio en Educación Infantil;Grado;Aragón;Hombres;No;Tiempo Completo;38;27/08/2023
2022;Huesca;Facultad;Facultad de Ciencias Humanas y de la Educación;Grado: Magisterio en Educación Infantil;Grado;Aragón;Mujeres;No;Otra dedicación;1;27/08/2023
2022;Huesca;Facultad;Facultad de Ciencias Humanas y de la Educación;Grado: Magisterio en Educación Infantil;Grado;Aragón;Mujeres;No;Tiempo Completo;380;27/08/2023
2022;Huesca;Facultad;Facultad de Ciencias Humanas y de la Educación;Grado: Magisterio en Educación Infantil;Grado;Aragón;Mujeres;Sí;Tiempo Completo;15;27/08/2023
2022;Huesca;Facultad;Facultad de Ciencias Humanas y de la Educación;Grado: Magisterio en Educación Infantil;Grado;Aragón;Mujeres;No;Tiempo Parcial;15;27/08/2023
2022;Huesca;Facultad;Facultad de Ciencias Humanas y de la Educación;Grado: Magisterio en Educación Infantil;Grado;Baleares;Mujeres;No;Tiempo Completo;1;27/08/2023
2022;Huesca;Facultad;Facultad de Ciencias Humanas y de la Educación;Grado: Magisterio en Educación Infantil;Grado;Catalunya;Hombres;No;Tiempo Completo;1;27/08/2023
2022;Huesca;Facultad;Facultad de Ciencias Humanas y de la Educación;Grado: Magisterio en Educación Infantil;Grado;Catalunya;Mujeres;No;Tiempo Completo;23;27/08/2023
2022;Huesca;Facultad;Facultad de Ciencias Humanas y de la Educación;Grado: Magisterio en Educación Infantil;Grado;Comunidad Valenciana;Mujeres;No;Tiempo Completo;1;27/08/2023
2022;Huesca;Facultad;Facultad de Ciencias Humanas y de la Educación;Grado: Magisterio en Educación Infantil;Grado;Madrid;Mujeres;No;Tiempo Completo;1;27/08/2023
2022;Huesca;Facultad;Facultad de Ciencias Humanas y de la Educación;Grado: Magisterio en Educación Infantil;Grado;Navarra;Mujeres;No;Tiempo Completo;3;27/08/2023
2022;Huesca;Facultad;Facultad de Ciencias Humanas y de la Educación;Grado: Magisterio en Educación Infantil;Grado;Navarra;Mujeres;Sí;Tiempo Completo;1;27/08/2023
2022;Huesca;Facultad;Facultad de Ciencias Humanas y de la Educación;Grado: Magisterio en Educación Infantil;Grado;No Informado;Mujeres;No;Tiempo Completo;1;27/08/2023
2022;Huesca;Facultad;Facultad de Ciencias Humanas y de la Educación;Grado: Magisterio en Educación Primaria;Grado;Aragón;Hombres;No;Otra dedicación;1;27/08/2023
2022;Huesca;Facultad;Facultad de Ciencias Humanas y de la Educación;Grado: Magisterio en Educación Primaria;Grado;Aragón;Hombres;No;Tiempo Completo;227;27/08/2023
2022;Huesca;Facultad;Facultad de Ciencias Humanas y de la Educación;Grado: Magisterio en Educación Primaria;Grado;Aragón;Hombres;Sí;Tiempo Completo;6;27/08/2023
2022;Huesca;Facultad;Facultad de Ciencias Humanas y de la Educación;Grado: Magisterio en Educación Primaria;Grado;Aragón;Hombres;No;Tiempo Parcial;6;27/08/2023
2022;Huesca;Facultad;Facultad de Ciencias Humanas y de la Educación;Grado: Magisterio en Educación Primaria;Grado;Aragón;Mujeres;No;Tiempo Completo;248;27/08/2023
2022;Huesca;Facultad;Facultad de Ciencias Humanas y de la Educación;Grado: Magisterio en Educación Primaria;Grado;Aragón;Mujeres;Sí;Tiempo Completo;11;27/08/2023
2022;Huesca;Facultad;Facultad de Ciencias Humanas y de la Educación;Grado: Magisterio en Educación Primaria;Grado;Aragón;Mujeres;No;Tiempo Parcial;15;27/08/2023
2022;Huesca;Facultad;Facultad de Ciencias Humanas y de la Educación;Grado: Magisterio en Educación Primaria;Grado;Baleares;Hombres;No;Tiempo Completo;1;27/08/2023
2022;Huesca;Facultad;Facultad de Ciencias Humanas y de la Educación;Grado: Magisterio en Educación Primaria;Grado;Castilla y Leon;Mujeres;No;Tiempo Completo;1;27/08/2023
2022;Huesca;Facultad;Facultad de Ciencias Humanas y de la Educación;Grado: Magisterio en Educación Primaria;Grado;Catalunya;Hombres;No;Tiempo Completo;1;27/08/2023
2022;Huesca;Facultad;Facultad de Ciencias Humanas y de la Educación;Grado: Magisterio en Educación Primaria;Grado;Catalunya;Mujeres;No;Tiempo Completo;4;27/08/2023
2022;Huesca;Facultad;Facultad de Ciencias Humanas y de la Educación;Grado: Magisterio en Educación Primaria;Grado;Comunidad Valenciana;Mujeres;No;Tiempo Completo;1;27/08/2023
2022;Huesca;Facultad;Facultad de Ciencias Humanas y de la Educación;Grado: Magisterio en Educación Primaria;Grado;La Rioja;Mujeres;No;Tiempo Completo;1;27/08/2023
2022;Huesca;Facultad;Facultad de Ciencias Humanas y de la Educación;Grado: Magisterio en Educación Primaria;Grado;Murcia;Mujeres;No;Tiempo Completo;1;27/08/2023
2022;Huesca;Facultad;Facultad de Ciencias Humanas y de la Educación;Grado: Magisterio en Educación Primaria;Grado;Navarra;Hombres;No;Tiempo Completo;2;27/08/2023
2022;Huesca;Facultad;Facultad de Ciencias Humanas y de la Educación;Grado: Magisterio en Educación Primaria;Grado;Navarra;Mujeres;No;Tiempo Completo;1;27/08/2023
2022;Huesca;Facultad;Facultad de Ciencias Humanas y de la Educación;Grado: Magisterio en Educación Primaria;Grado;Pais Vasco;Hombres;No;Tiempo Completo;1;27/08/2023
2022;Huesca;Facultad;Facultad de Ciencias Humanas y de la Educación;Movilidad para 1º y 2º ciclo y grado;Movilidad de entrada;Andalucía;Mujeres;No;Tiempo Completo;1;27/08/2023
2022;Huesca;Facultad;Facultad de Ciencias Humanas y de la Educación;Movilidad para 1º y 2º ciclo y grado;Movilidad de entrada;No Informado;Mujeres;No;Tiempo Completo;1;27/08/2023
2022;Huesca;Facultad;Facultad de Ciencias Humanas y de la Educación;Máster: Estudios Avanzados sobre el Lenguaje, la Comunicación y sus Patologías;Máster;Aragón;Hombres;No;Tiempo Completo;4;27/08/2023
2022;Huesca;Facultad;Facultad de Ciencias Humanas y de la Educación;Máster: Estudios Avanzados sobre el Lenguaje, la Comunicación y sus Patologías;Máster;Aragón;Mujeres;No;Tiempo Completo;18;27/08/2023
2022;Huesca;Facultad;Facultad de Ciencias Humanas y de la Educación;Máster: Estudios Avanzados sobre el Lenguaje, la Comunicación y sus Patologías;Máster;Catalunya;Mujeres;No;Tiempo Completo;2;27/08/2023
2022;Huesca;Facultad;Facultad de Ciencias Humanas y de la Educación;Máster: Estudios Avanzados sobre el Lenguaje, la Comunicación y sus Patologías;Máster;No Informado;Mujeres;No;Tiempo Completo;1;27/08/2023
2022;Huesca;Facultad;Facultad de Ciencias Humanas y de la Educación;Máster: Profesorado E.S.O., F.P. y Ens. Idiom, Art y Deport;Máster;Aragón;Hombres;No;Tiempo Completo;19;27/08/2023
2022;Huesca;Facultad;Facultad de Ciencias Humanas y de la Educación;Máster: Profesorado E.S.O., F.P. y Ens. Idiom, Art y Deport;Máster;Aragón;Mujeres;No;Tiempo Completo;10;27/08/2023
2022;Huesca;Facultad;Facultad de Ciencias Humanas y de la Educación;Máster: Profesorado E.S.O., F.P. y Ens. Idiom, Art y Deport;Máster;Canarias;Hombres;No;Tiempo Completo;2;27/08/2023
2022;Huesca;Facultad;Facultad de Ciencias Humanas y de la Educación;Máster: Profesorado E.S.O., F.P. y Ens. Idiom, Art y Deport;Máster;Castilla y Leon;Hombres;No;Tiempo Completo;1;27/08/2023
2022;Huesca;Facultad;Facultad de Ciencias Humanas y de la Educación;Máster: Profesorado E.S.O., F.P. y Ens. Idiom, Art y Deport;Máster;Comunidad Valenciana;Mujeres;No;Tiempo Completo;1;27/08/2023
2022;Huesca;Facultad;Facultad de Ciencias Humanas y de la Educación;Máster: Profesorado E.S.O., F.P. y Ens. Idiom, Art y Deport;Máster;Murcia;Mujeres;No;Tiempo Completo;1;27/08/2023
2022;Huesca;Facultad;Facultad de Empresa y Gestión Pública;Grado: Administración y Dirección de Empresas;Grado;Aragón;Hombres;No;Otra dedicación;4;27/08/2023
2022;Huesca;Facultad;Facultad de Empresa y Gestión Pública;Grado: Administración y Dirección de Empresas;Grado;Aragón;Hombres;No;Tiempo Completo;89;27/08/2023
2022;Huesca;Facultad;Facultad de Empresa y Gestión Pública;Grado: Administración y Dirección de Empresas;Grado;Aragón;Hombres;Sí;Tiempo Completo;3;27/08/2023
2022;Huesca;Facultad;Facultad de Empresa y Gestión Pública;Grado: Administración y Dirección de Empresas;Grado;Aragón;Hombres;No;Tiempo Parcial;1;27/08/2023
2022;Huesca;Facultad;Facultad de Empresa y Gestión Pública;Grado: Administración y Dirección de Empresas;Grado;Aragón;Mujeres;No;Otra dedicación;1;27/08/2023
2022;Huesca;Facultad;Facultad de Empresa y Gestión Pública;Grado: Administración y Dirección de Empresas;Grado;Aragón;Mujeres;No;Tiempo Completo;47;27/08/2023
2022;Huesca;Facultad;Facultad de Empresa y Gestión Pública;Grado: Administración y Dirección de Empresas;Grado;Aragón;Mujeres;Sí;Tiempo Completo;2;27/08/2023
2022;Huesca;Facultad;Facultad de Empresa y Gestión Pública;Grado: Administración y Dirección de Empresas;Grado;Aragón;Mujeres;No;Tiempo Parcial;5;27/08/2023
2022;Huesca;Facultad;Facultad de Empresa y Gestión Pública;Grado: Administración y Dirección de Empresas;Grado;Castilla y Leon;Hombres;No;Tiempo Completo;1;27/08/2023
2022;Huesca;Facultad;Facultad de Empresa y Gestión Pública;Grado: Administración y Dirección de Empresas;Grado;Castilla-La Mancha;Hombres;No;Tiempo Completo;1;27/08/2023
2022;Huesca;Facultad;Facultad de Empresa y Gestión Pública;Grado: Administración y Dirección de Empresas;Grado;Catalunya;Hombres;No;Tiempo Completo;1;27/08/2023
2022;Huesca;Facultad;Facultad de Empresa y Gestión Pública;Grado: Administración y Dirección de Empresas;Grado;Catalunya;Hombres;Sí;Tiempo Completo;1;27/08/2023
2022;Huesca;Facultad;Facultad de Empresa y Gestión Pública;Grado: Administración y Dirección de Empresas;Grado;Madrid;Hombres;No;Tiempo Completo;1;27/08/2023
2022;Huesca;Facultad;Facultad de Empresa y Gestión Pública;Grado: Administración y Dirección de Empresas;Grado;Madrid;Mujeres;No;Tiempo Completo;1;27/08/2023
2022;Huesca;Facultad;Facultad de Empresa y Gestión Pública;Grado: Administración y Dirección de Empresas;Grado;Navarra;Mujeres;No;Tiempo Completo;2;27/08/2023
2022;Huesca;Facultad;Facultad de Empresa y Gestión Pública;Grado: Gestión y Administración Pública;Grado;Andalucía;Mujeres;No;Tiempo Completo;1;27/08/2023
2022;Huesca;Facultad;Facultad de Empresa y Gestión Pública;Grado: Gestión y Administración Pública;Grado;Andalucía;Mujeres;No;Tiempo Parcial;1;27/08/2023
2022;Huesca;Facultad;Facultad de Empresa y Gestión Pública;Grado: Gestión y Administración Pública;Grado;Aragón;Hombres;No;Otra dedicación;1;27/08/2023
2022;Huesca;Facultad;Facultad de Empresa y Gestión Pública;Grado: Gestión y Administración Pública;Grado;Aragón;Hombres;No;Tiempo Completo;13;27/08/2023
2022;Huesca;Facultad;Facultad de Empresa y Gestión Pública;Grado: Gestión y Administración Pública;Grado;Aragón;Hombres;No;Tiempo Parcial;6;27/08/2023
2022;Huesca;Facultad;Facultad de Empresa y Gestión Pública;Grado: Gestión y Administración Pública;Grado;Aragón;Mujeres;No;Tiempo Completo;27;27/08/2023
2022;Huesca;Facultad;Facultad de Empresa y Gestión Pública;Grado: Gestión y Administración Pública;Grado;Aragón;Mujeres;Sí;Tiempo Completo;5;27/08/2023
2022;Huesca;Facultad;Facultad de Empresa y Gestión Pública;Grado: Gestión y Administración Pública;Grado;Aragón;Mujeres;No;Tiempo Parcial;21;27/08/2023
2022;Huesca;Facultad;Facultad de Empresa y Gestión Pública;Grado: Gestión y Administración Pública;Grado;Baleares;Mujeres;No;Tiempo Parcial;1;27/08/2023
2022;Huesca;Facultad;Facultad de Empresa y Gestión Pública;Grado: Gestión y Administración Pública;Grado;Canarias;Mujeres;No;Tiempo Parcial;2;27/08/2023
2022;Huesca;Facultad;Facultad de Empresa y Gestión Pública;Grado: Gestión y Administración Pública;Grado;Castilla-La Mancha;Hombres;No;Tiempo Parcial;1;27/08/2023
2022;Huesca;Facultad;Facultad de Empresa y Gestión Pública;Grado: Gestión y Administración Pública;Grado;Catalunya;Hombres;No;Tiempo Completo;1;27/08/2023
2022;Huesca;Facultad;Facultad de Empresa y Gestión Pública;Grado: Gestión y Administración Pública;Grado;Catalunya;Mujeres;No;Tiempo Parcial;5;27/08/2023
2022;Huesca;Facultad;Facultad de Empresa y Gestión Pública;Grado: Gestión y Administración Pública;Grado;Ciudad autónoma de Ceuta;Hombres;No;Tiempo Completo;1;27/08/2023
2022;Huesca;Facultad;Facultad de Empresa y Gestión Pública;Grado: Gestión y Administración Pública;Grado;Comunidad Valenciana;Hombres;No;Tiempo Parcial;1;27/08/2023
2022;Huesca;Facultad;Facultad de Empresa y Gestión Pública;Grado: Gestión y Administración Pública;Grado;Comunidad Valenciana;Mujeres;No;Tiempo Parcial;2;27/08/2023
2022;Huesca;Facultad;Facultad de Empresa y Gestión Pública;Grado: Gestión y Administración Pública;Grado;La Rioja;Mujeres;No;Tiempo Completo;1;27/08/2023
2022;Huesca;Facultad;Facultad de Empresa y Gestión Pública;Grado: Gestión y Administración Pública;Grado;Madrid;Mujeres;No;Tiempo Completo;1;27/08/2023
2022;Huesca;Facultad;Facultad de Empresa y Gestión Pública;Grado: Gestión y Administración Pública;Grado;Murcia;Hombres;No;Tiempo Completo;1;27/08/2023
2022;Huesca;Facultad;Facultad de Empresa y Gestión Pública;Grado: Gestión y Administración Pública;Grado;Murcia;Mujeres;No;Tiempo Parcial;1;27/08/2023
2022;Huesca;Facultad;Facultad de Empresa y Gestión Pública;Grado: Gestión y Administración Pública;Grado;Navarra;Hombres;No;Tiempo Completo;1;27/08/2023
2022;Huesca;Facultad;Facultad de Empresa y Gestión Pública;Grado: Gestión y Administración Pública;Grado;Navarra;Hombres;No;Tiempo Parcial;1;27/08/2023
2022;Huesca;Facultad;Facultad de Empresa y Gestión Pública;Grado: Gestión y Administración Pública;Grado;No Informado;Hombres;No;Tiempo Completo;1;27/08/2023
2022;Huesca;Facultad;Facultad de Empresa y Gestión Pública;Grado: Gestión y Administración Pública;Grado;No Informado;Mujeres;No;Otra dedicación;1;27/08/2023
2022;Huesca;Facultad;Facultad de Empresa y Gestión Pública;Grado: Gestión y Administración Pública;Grado;Pais Vasco;Mujeres;No;Otra dedicación;1;27/08/2023
2022;Huesca;Facultad;Facultad de Empresa y Gestión Pública;Grado: Gestión y Administración Pública;Grado;Pais Vasco;Mujeres;No;Tiempo Completo;1;27/08/2023
2022;Huesca;Facultad;Facultad de Empresa y Gestión Pública;Movilidad para 1º y 2º ciclo y grado;Movilidad de entrada;No Informado;Hombres;No;Tiempo Completo;6;27/08/2023
2022;Huesca;Facultad;Facultad de Empresa y Gestión Pública;Movilidad para 1º y 2º ciclo y grado;Movilidad de entrada;No Informado;Mujeres;No;Tiempo Completo;18;27/08/2023
2022;Huesca;Facultad;Facultad de Empresa y Gestión Pública;Movilidad para máster;Movilidad de entrada;No Informado;Hombres;No;Tiempo Completo;2;27/08/2023
2022;Huesca;Facultad;Facultad de Empresa y Gestión Pública;Movilidad para máster;Movilidad de entrada;No Informado;Mujeres;No;Tiempo Completo;4;27/08/2023
2022;Huesca;Facultad;Facultad de Empresa y Gestión Pública;Máster: Dirección y planificación del turismo;Máster;Aragón;Hombres;No;Tiempo Completo;7;27/08/2023
2022;Huesca;Facultad;Facultad de Empresa y Gestión Pública;Máster: Dirección y planificación del turismo;Máster;Aragón;Hombres;No;Tiempo Parcial;1;27/08/2023
2022;Huesca;Facultad;Facultad de Empresa y Gestión Pública;Máster: Dirección y planificación del turismo;Máster;Aragón;Mujeres;No;Tiempo Completo;8;27/08/2023
2022;Huesca;Facultad;Facultad de Empresa y Gestión Pública;Máster: Dirección y planificación del turismo;Máster;Aragón;Mujeres;Sí;Tiempo Completo;1;27/08/2023
2022;Huesca;Facultad;Facultad de Empresa y Gestión Pública;Máster: Dirección y planificación del turismo;Máster;Catalunya;Mujeres;No;Tiempo Completo;1;27/08/2023
2022;Huesca;Facultad;Facultad de Empresa y Gestión Pública;Máster: Dirección y planificación del turismo;Máster;No Informado;Hombres;No;Tiempo Completo;1;27/08/2023
2022;Huesca;Facultad;Facultad de Empresa y Gestión Pública;Máster: Dirección y planificación del turismo;Máster;No Informado;Mujeres;No;Tiempo Completo;2;27/08/2023
2022;Teruel;Centro adscrito;Escuela Universitaria de Enfermería de Teruel;Grado: Enfermería;Grado;Andalucía;Mujeres;No;Tiempo Completo;4;27/08/2023
2022;Teruel;Centro adscrito;Escuela Universitaria de Enfermería de Teruel;Grado: Enfermería;Grado;Aragón;Hombres;No;Tiempo Completo;26;27/08/2023
2022;Teruel;Centro adscrito;Escuela Universitaria de Enfermería de Teruel;Grado: Enfermería;Grado;Aragón;Hombres;Sí;Tiempo Completo;1;27/08/2023
2022;Teruel;Centro adscrito;Escuela Universitaria de Enfermería de Teruel;Grado: Enfermería;Grado;Aragón;Mujeres;No;Tiempo Completo;80;27/08/2023
2022;Teruel;Centro adscrito;Escuela Universitaria de Enfermería de Teruel;Grado: Enfermería;Grado;Aragón;Mujeres;Sí;Tiempo Completo;5;27/08/2023
2022;Teruel;Centro adscrito;Escuela Universitaria de Enfermería de Teruel;Grado: Enfermería;Grado;Aragón;Mujeres;No;Tiempo Parcial;4;27/08/2023
2022;Teruel;Centro adscrito;Escuela Universitaria de Enfermería de Teruel;Grado: Enfermería;Grado;Asturias;Mujeres;No;Tiempo Completo;1;27/08/2023
2022;Teruel;Centro adscrito;Escuela Universitaria de Enfermería de Teruel;Grado: Enfermería;Grado;Castilla y Leon;Mujeres;No;Tiempo Completo;2;27/08/2023
2022;Teruel;Centro adscrito;Escuela Universitaria de Enfermería de Teruel;Grado: Enfermería;Grado;Castilla-La Mancha;Mujeres;No;Tiempo Completo;2;27/08/2023
2022;Teruel;Centro adscrito;Escuela Universitaria de Enfermería de Teruel;Grado: Enfermería;Grado;Comunidad Valenciana;Hombres;No;Tiempo Completo;1;27/08/2023
2022;Teruel;Centro adscrito;Escuela Universitaria de Enfermería de Teruel;Grado: Enfermería;Grado;Comunidad Valenciana;Mujeres;No;Tiempo Completo;8;27/08/2023
2022;Teruel;Centro adscrito;Escuela Universitaria de Enfermería de Teruel;Grado: Enfermería;Grado;Madrid;Hombres;No;Tiempo Completo;1;27/08/2023
2022;Teruel;Centro adscrito;Escuela Universitaria de Enfermería de Teruel;Grado: Enfermería;Grado;Pais Vasco;Hombres;No;Tiempo Completo;1;27/08/2023
2022;Teruel;Centro adscrito;Escuela Universitaria de Enfermería de Teruel;Grado: Enfermería;Grado;Pais Vasco;Mujeres;No;Tiempo Completo;4;27/08/2023
2022;Teruel;Centro adscrito;Escuela Universitaria de Enfermería de Teruel;Movilidad para 1º y 2º ciclo y grado;Movilidad de entrada;Andalucía;Mujeres;No;Tiempo Completo;1;27/08/2023
2022;Teruel;Escuela Universitaria;Escuela Universitaria Politécnica de Teruel;Grado: Ingeniería Electrónica y Automática;Grado;Andalucía;Hombres;No;Tiempo Parcial;1;27/08/2023
2022;Teruel;Escuela Universitaria;Escuela Universitaria Politécnica de Teruel;Grado: Ingeniería Electrónica y Automática;Grado;Aragón;Hombres;No;Otra dedicación;5;27/08/2023
2022;Teruel;Escuela Universitaria;Escuela Universitaria Politécnica de Teruel;Grado: Ingeniería Electrónica y Automática;Grado;Aragón;Hombres;No;Tiempo Completo;47;27/08/2023
2022;Teruel;Escuela Universitaria;Escuela Universitaria Politécnica de Teruel;Grado: Ingeniería Electrónica y Automática;Grado;Aragón;Hombres;Sí;Tiempo Completo;2;27/08/2023
2022;Teruel;Escuela Universitaria;Escuela Universitaria Politécnica de Teruel;Grado: Ingeniería Electrónica y Automática;Grado;Aragón;Hombres;No;Tiempo Parcial;3;27/08/2023
2022;Teruel;Escuela Universitaria;Escuela Universitaria Politécnica de Teruel;Grado: Ingeniería Electrónica y Automática;Grado;Aragón;Mujeres;No;Otra dedicación;1;27/08/2023
2022;Teruel;Escuela Universitaria;Escuela Universitaria Politécnica de Teruel;Grado: Ingeniería Electrónica y Automática;Grado;Aragón;Mujeres;No;Tiempo Completo;9;27/08/2023
2022;Teruel;Escuela Universitaria;Escuela Universitaria Politécnica de Teruel;Grado: Ingeniería Electrónica y Automática;Grado;Cantabria;Mujeres;No;Tiempo Completo;1;27/08/2023
2022;Teruel;Escuela Universitaria;Escuela Universitaria Politécnica de Teruel;Grado: Ingeniería Electrónica y Automática;Grado;Castilla y Leon;Hombres;No;Tiempo Completo;2;27/08/2023
2022;Teruel;Escuela Universitaria;Escuela Universitaria Politécnica de Teruel;Grado: Ingeniería Electrónica y Automática;Grado;Castilla-La Mancha;Hombres;No;Tiempo Completo;1;27/08/2023
2022;Teruel;Escuela Universitaria;Escuela Universitaria Politécnica de Teruel;Grado: Ingeniería Electrónica y Automática;Grado;Comunidad Valenciana;Hombres;No;Tiempo Completo;1;27/08/2023
2022;Teruel;Escuela Universitaria;Escuela Universitaria Politécnica de Teruel;Grado: Ingeniería Electrónica y Automática;Grado;Madrid;Hombres;No;Tiempo Completo;2;27/08/2023
2022;Teruel;Escuela Universitaria;Escuela Universitaria Politécnica de Teruel;Grado: Ingeniería Electrónica y Automática;Grado;Madrid;Hombres;No;Tiempo Parcial;1;27/08/2023
2022;Teruel;Escuela Universitaria;Escuela Universitaria Politécnica de Teruel;Grado: Ingeniería Electrónica y Automática;Grado;Madrid;Mujeres;No;Tiempo Completo;1;27/08/2023
2022;Teruel;Escuela Universitaria;Escuela Universitaria Politécnica de Teruel;Grado: Ingeniería Electrónica y Automática;Grado;No Informado;Hombres;No;Tiempo Completo;1;27/08/2023
2022;Teruel;Escuela Universitaria;Escuela Universitaria Politécnica de Teruel;Grado: Ingeniería Informática;Grado;Aragón;Hombres;No;Otra dedicación;9;27/08/2023
2022;Teruel;Escuela Universitaria;Escuela Universitaria Politécnica de Teruel;Grado: Ingeniería Informática;Grado;Aragón;Hombres;No;Tiempo Completo;66;27/08/2023
2022;Teruel;Escuela Universitaria;Escuela Universitaria Politécnica de Teruel;Grado: Ingeniería Informática;Grado;Aragón;Hombres;Sí;Tiempo Completo;1;27/08/2023
2022;Teruel;Escuela Universitaria;Escuela Universitaria Politécnica de Teruel;Grado: Ingeniería Informática;Grado;Aragón;Hombres;No;Tiempo Parcial;2;27/08/2023
2022;Teruel;Escuela Universitaria;Escuela Universitaria Politécnica de Teruel;Grado: Ingeniería Informática;Grado;Aragón;Mujeres;No;Tiempo Completo;10;27/08/2023
2022;Teruel;Escuela Universitaria;Escuela Universitaria Politécnica de Teruel;Grado: Ingeniería Informática;Grado;Baleares;Hombres;No;Otra dedicación;1;27/08/2023
2022;Teruel;Escuela Universitaria;Escuela Universitaria Politécnica de Teruel;Grado: Ingeniería Informática;Grado;Baleares;Hombres;No;Tiempo Completo;1;27/08/2023
2022;Teruel;Escuela Universitaria;Escuela Universitaria Politécnica de Teruel;Grado: Ingeniería Informática;Grado;Castilla y Leon;Hombres;No;Otra dedicación;1;27/08/2023
2022;Teruel;Escuela Universitaria;Escuela Universitaria Politécnica de Teruel;Grado: Ingeniería Informática;Grado;Comunidad Valenciana;Hombres;No;Tiempo Completo;6;27/08/2023
2022;Teruel;Escuela Universitaria;Escuela Universitaria Politécnica de Teruel;Grado: Ingeniería Informática-Administración y Dirección de Empresas;Grado;Aragón;Hombres;No;Tiempo Completo;11;27/08/2023
2022;Teruel;Escuela Universitaria;Escuela Universitaria Politécnica de Teruel;Grado: Ingeniería Informática-Administración y Dirección de Empresas;Grado;Aragón;Mujeres;No;Tiempo Completo;3;27/08/2023
2022;Teruel;Escuela Universitaria;Escuela Universitaria Politécnica de Teruel;Grado: Ingeniería Informática-Administración y Dirección de Empresas;Grado;Navarra;Hombres;No;Tiempo Completo;1;27/08/2023
2022;Teruel;Escuela Universitaria;Escuela Universitaria Politécnica de Teruel;Movilidad para 1º y 2º ciclo y grado;Movilidad de entrada;No Informado;Hombres;No;Tiempo Completo;3;27/08/2023
2022;Teruel;Escuela Universitaria;Escuela Universitaria Politécnica de Teruel;Máster: Innovación y Emprendimiento en Tecnologías para la Salud y el Bienestar;Máster;Aragón;Hombres;No;Tiempo Completo;2;27/08/2023
2022;Teruel;Escuela Universitaria;Escuela Universitaria Politécnica de Teruel;Máster: Innovación y Emprendimiento en Tecnologías para la Salud y el Bienestar;Máster;Aragón;Hombres;No;Tiempo Parcial;1;27/08/2023
2022;Teruel;Escuela Universitaria;Escuela Universitaria Politécnica de Teruel;Máster: Innovación y Emprendimiento en Tecnologías para la Salud y el Bienestar;Máster;Aragón;Mujeres;No;Tiempo Completo;1;27/08/2023
2022;Teruel;Escuela Universitaria;Escuela Universitaria Politécnica de Teruel;Máster: Innovación y Emprendimiento en Tecnologías para la Salud y el Bienestar;Máster;Cantabria;Mujeres;No;Tiempo Completo;1;27/08/2023
2022;Teruel;Facultad;Facultad de Ciencias Sociales y Humanas de Teruel;Grado: Administración y Dirección de Empresas;Grado;Aragón;Hombres;No;Otra dedicación;5;27/08/2023
2022;Teruel;Facultad;Facultad de Ciencias Sociales y Humanas de Teruel;Grado: Administración y Dirección de Empresas;Grado;Aragón;Hombres;No;Tiempo Completo;43;27/08/2023
2022;Teruel;Facultad;Facultad de Ciencias Sociales y Humanas de Teruel;Grado: Administración y Dirección de Empresas;Grado;Aragón;Hombres;Sí;Tiempo Completo;2;27/08/2023
2022;Teruel;Facultad;Facultad de Ciencias Sociales y Humanas de Teruel;Grado: Administración y Dirección de Empresas;Grado;Aragón;Hombres;No;Tiempo Parcial;3;27/08/2023
2022;Teruel;Facultad;Facultad de Ciencias Sociales y Humanas de Teruel;Grado: Administración y Dirección de Empresas;Grado;Aragón;Mujeres;No;Otra dedicación;8;27/08/2023
2022;Teruel;Facultad;Facultad de Ciencias Sociales y Humanas de Teruel;Grado: Administración y Dirección de Empresas;Grado;Aragón;Mujeres;No;Tiempo Completo;39;27/08/2023
2022;Teruel;Facultad;Facultad de Ciencias Sociales y Humanas de Teruel;Grado: Administración y Dirección de Empresas;Grado;Aragón;Mujeres;Sí;Tiempo Completo;2;27/08/2023
2022;Teruel;Facultad;Facultad de Ciencias Sociales y Humanas de Teruel;Grado: Administración y Dirección de Empresas;Grado;Aragón;Mujeres;No;Tiempo Parcial;4;27/08/2023
2022;Teruel;Facultad;Facultad de Ciencias Sociales y Humanas de Teruel;Grado: Administración y Dirección de Empresas;Grado;Comunidad Valenciana;Hombres;No;Otra dedicación;1;27/08/2023
2022;Teruel;Facultad;Facultad de Ciencias Sociales y Humanas de Teruel;Grado: Administración y Dirección de Empresas;Grado;Comunidad Valenciana;Hombres;No;Tiempo Completo;1;27/08/2023
2022;Teruel;Facultad;Facultad de Ciencias Sociales y Humanas de Teruel;Grado: Administración y Dirección de Empresas;Grado;Comunidad Valenciana;Mujeres;No;Tiempo Completo;2;27/08/2023
2022;Teruel;Facultad;Facultad de Ciencias Sociales y Humanas de Teruel;Grado: Administración y Dirección de Empresas;Grado;Navarra;Hombres;No;Tiempo Completo;2;27/08/2023
2022;Teruel;Facultad;Facultad de Ciencias Sociales y Humanas de Teruel;Grado: Administración y Dirección de Empresas;Grado;No Informado;Hombres;No;Tiempo Completo;1;27/08/2023
2022;Teruel;Facultad;Facultad de Ciencias Sociales y Humanas de Teruel;Grado: Administración y Dirección de Empresas;Grado;No Informado;Mujeres;No;Tiempo Completo;2;27/08/2023
2022;Teruel;Facultad;Facultad de Ciencias Sociales y Humanas de Teruel;Grado: Bellas Artes;Grado;Andalucía;Hombres;No;Tiempo Completo;1;27/08/2023
2022;Teruel;Facultad;Facultad de Ciencias Sociales y Humanas de Teruel;Grado: Bellas Artes;Grado;Andalucía;Mujeres;No;Tiempo Completo;1;27/08/2023
2022;Teruel;Facultad;Facultad de Ciencias Sociales y Humanas de Teruel;Grado: Bellas Artes;Grado;Andalucía;Mujeres;Sí;Tiempo Completo;1;27/08/2023
2022;Teruel;Facultad;Facultad de Ciencias Sociales y Humanas de Teruel;Grado: Bellas Artes;Grado;Aragón;Hombres;No;Otra dedicación;2;27/08/2023
2022;Teruel;Facultad;Facultad de Ciencias Sociales y Humanas de Teruel;Grado: Bellas Artes;Grado;Aragón;Hombres;No;Tiempo Completo;26;27/08/2023
2022;Teruel;Facultad;Facultad de Ciencias Sociales y Humanas de Teruel;Grado: Bellas Artes;Grado;Aragón;Hombres;Sí;Tiempo Completo;2;27/08/2023
2022;Teruel;Facultad;Facultad de Ciencias Sociales y Humanas de Teruel;Grado: Bellas Artes;Grado;Aragón;Hombres;No;Tiempo Parcial;3;27/08/2023
2022;Teruel;Facultad;Facultad de Ciencias Sociales y Humanas de Teruel;Grado: Bellas Artes;Grado;Aragón;Mujeres;No;Otra dedicación;2;27/08/2023
2022;Teruel;Facultad;Facultad de Ciencias Sociales y Humanas de Teruel;Grado: Bellas Artes;Grado;Aragón;Mujeres;No;Tiempo Completo;78;27/08/2023
2022;Teruel;Facultad;Facultad de Ciencias Sociales y Humanas de Teruel;Grado: Bellas Artes;Grado;Aragón;Mujeres;Sí;Tiempo Completo;8;27/08/2023
2022;Teruel;Facultad;Facultad de Ciencias Sociales y Humanas de Teruel;Grado: Bellas Artes;Grado;Asturias;Mujeres;No;Tiempo Completo;1;27/08/2023
2022;Teruel;Facultad;Facultad de Ciencias Sociales y Humanas de Teruel;Grado: Bellas Artes;Grado;Baleares;Mujeres;No;Tiempo Completo;2;27/08/2023
2022;Teruel;Facultad;Facultad de Ciencias Sociales y Humanas de Teruel;Grado: Bellas Artes;Grado;Baleares;Mujeres;Sí;Tiempo Completo;1;27/08/2023
2022;Teruel;Facultad;Facultad de Ciencias Sociales y Humanas de Teruel;Grado: Bellas Artes;Grado;Cantabria;Mujeres;No;Tiempo Completo;3;27/08/2023
2022;Teruel;Facultad;Facultad de Ciencias Sociales y Humanas de Teruel;Grado: Bellas Artes;Grado;Castilla y Leon;Hombres;No;Tiempo Completo;1;27/08/2023
2022;Teruel;Facultad;Facultad de Ciencias Sociales y Humanas de Teruel;Grado: Bellas Artes;Grado;Castilla y Leon;Mujeres;No;Tiempo Completo;2;27/08/2023
2022;Teruel;Facultad;Facultad de Ciencias Sociales y Humanas de Teruel;Grado: Bellas Artes;Grado;Castilla y Leon;Mujeres;Sí;Tiempo Completo;2;27/08/2023
2022;Teruel;Facultad;Facultad de Ciencias Sociales y Humanas de Teruel;Grado: Bellas Artes;Grado;Comunidad Valenciana;Hombres;No;Tiempo Completo;6;27/08/2023
2022;Teruel;Facultad;Facultad de Ciencias Sociales y Humanas de Teruel;Grado: Bellas Artes;Grado;Comunidad Valenciana;Mujeres;No;Tiempo Completo;17;27/08/2023
2022;Teruel;Facultad;Facultad de Ciencias Sociales y Humanas de Teruel;Grado: Bellas Artes;Grado;Galicia;Mujeres;No;Tiempo Completo;2;27/08/2023
2022;Teruel;Facultad;Facultad de Ciencias Sociales y Humanas de Teruel;Grado: Bellas Artes;Grado;Galicia;Mujeres;Sí;Tiempo Completo;1;27/08/2023
2022;Teruel;Facultad;Facultad de Ciencias Sociales y Humanas de Teruel;Grado: Bellas Artes;Grado;La Rioja;Hombres;No;Tiempo Completo;2;27/08/2023
2022;Teruel;Facultad;Facultad de Ciencias Sociales y Humanas de Teruel;Grado: Bellas Artes;Grado;La Rioja;Hombres;Sí;Tiempo Completo;1;27/08/2023
2022;Teruel;Facultad;Facultad de Ciencias Sociales y Humanas de Teruel;Grado: Bellas Artes;Grado;La Rioja;Mujeres;No;Tiempo Completo;3;27/08/2023
2022;Teruel;Facultad;Facultad de Ciencias Sociales y Humanas de Teruel;Grado: Bellas Artes;Grado;Madrid;Hombres;No;Tiempo Completo;1;27/08/2023
2022;Teruel;Facultad;Facultad de Ciencias Sociales y Humanas de Teruel;Grado: Bellas Artes;Grado;Madrid;Mujeres;No;Tiempo Completo;3;27/08/2023
2022;Teruel;Facultad;Facultad de Ciencias Sociales y Humanas de Teruel;Grado: Bellas Artes;Grado;Madrid;Mujeres;No;Tiempo Parcial;1;27/08/2023
2022;Teruel;Facultad;Facultad de Ciencias Sociales y Humanas de Teruel;Grado: Bellas Artes;Grado;Murcia;Mujeres;Sí;Tiempo Completo;1;27/08/2023
2022;Teruel;Facultad;Facultad de Ciencias Sociales y Humanas de Teruel;Grado: Bellas Artes;Grado;Navarra;Mujeres;No;Tiempo Completo;1;27/08/2023
2022;Teruel;Facultad;Facultad de Ciencias Sociales y Humanas de Teruel;Grado: Bellas Artes;Grado;Navarra;Mujeres;Sí;Tiempo Completo;2;27/08/2023
2022;Teruel;Facultad;Facultad de Ciencias Sociales y Humanas de Teruel;Grado: Bellas Artes;Grado;Pais Vasco;Hombres;No;Tiempo Completo;1;27/08/2023
2022;Teruel;Facultad;Facultad de Ciencias Sociales y Humanas de Teruel;Grado: Bellas Artes;Grado;Pais Vasco;Mujeres;No;Tiempo Completo;1;27/08/2023
2022;Teruel;Facultad;Facultad de Ciencias Sociales y Humanas de Teruel;Grado: Magisterio en Educación Infantil;Grado;Andalucía;Mujeres;No;Tiempo Completo;1;27/08/2023
2022;Teruel;Facultad;Facultad de Ciencias Sociales y Humanas de Teruel;Grado: Magisterio en Educación Infantil;Grado;Aragón;Hombres;No;Tiempo Completo;16;27/08/2023
2022;Teruel;Facultad;Facultad de Ciencias Sociales y Humanas de Teruel;Grado: Magisterio en Educación Infantil;Grado;Aragón;Hombres;Sí;Tiempo Completo;3;27/08/2023
2022;Teruel;Facultad;Facultad de Ciencias Sociales y Humanas de Teruel;Grado: Magisterio en Educación Infantil;Grado;Aragón;Mujeres;No;Otra dedicación;5;27/08/2023
2022;Teruel;Facultad;Facultad de Ciencias Sociales y Humanas de Teruel;Grado: Magisterio en Educación Infantil;Grado;Aragón;Mujeres;No;Tiempo Completo;182;27/08/2023
2022;Teruel;Facultad;Facultad de Ciencias Sociales y Humanas de Teruel;Grado: Magisterio en Educación Infantil;Grado;Aragón;Mujeres;Sí;Tiempo Completo;9;27/08/2023
2022;Teruel;Facultad;Facultad de Ciencias Sociales y Humanas de Teruel;Grado: Magisterio en Educación Infantil;Grado;Aragón;Mujeres;No;Tiempo Parcial;7;27/08/2023
2022;Teruel;Facultad;Facultad de Ciencias Sociales y Humanas de Teruel;Grado: Magisterio en Educación Infantil;Grado;Castilla-La Mancha;Mujeres;No;Tiempo Completo;5;27/08/2023
2022;Teruel;Facultad;Facultad de Ciencias Sociales y Humanas de Teruel;Grado: Magisterio en Educación Infantil;Grado;Castilla-La Mancha;Mujeres;Sí;Tiempo Completo;1;27/08/2023
2022;Teruel;Facultad;Facultad de Ciencias Sociales y Humanas de Teruel;Grado: Magisterio en Educación Infantil;Grado;Catalunya;Hombres;No;Tiempo Completo;2;27/08/2023
2022;Teruel;Facultad;Facultad de Ciencias Sociales y Humanas de Teruel;Grado: Magisterio en Educación Infantil;Grado;Catalunya;Mujeres;No;Otra dedicación;1;27/08/2023
2022;Teruel;Facultad;Facultad de Ciencias Sociales y Humanas de Teruel;Grado: Magisterio en Educación Infantil;Grado;Catalunya;Mujeres;No;Tiempo Completo;7;27/08/2023
2022;Teruel;Facultad;Facultad de Ciencias Sociales y Humanas de Teruel;Grado: Magisterio en Educación Infantil;Grado;Catalunya;Mujeres;Sí;Tiempo Completo;1;27/08/2023
2022;Teruel;Facultad;Facultad de Ciencias Sociales y Humanas de Teruel;Grado: Magisterio en Educación Infantil;Grado;Comunidad Valenciana;Hombres;No;Tiempo Completo;12;27/08/2023
2022;Teruel;Facultad;Facultad de Ciencias Sociales y Humanas de Teruel;Grado: Magisterio en Educación Infantil;Grado;Comunidad Valenciana;Mujeres;No;Otra dedicación;6;27/08/2023
2022;Teruel;Facultad;Facultad de Ciencias Sociales y Humanas de Teruel;Grado: Magisterio en Educación Infantil;Grado;Comunidad Valenciana;Mujeres;No;Tiempo Completo;118;27/08/2023
2022;Teruel;Facultad;Facultad de Ciencias Sociales y Humanas de Teruel;Grado: Magisterio en Educación Infantil;Grado;Comunidad Valenciana;Mujeres;Sí;Tiempo Completo;3;27/08/2023
2022;Teruel;Facultad;Facultad de Ciencias Sociales y Humanas de Teruel;Grado: Magisterio en Educación Infantil;Grado;Madrid;Mujeres;No;Tiempo Completo;2;27/08/2023
2022;Teruel;Facultad;Facultad de Ciencias Sociales y Humanas de Teruel;Grado: Magisterio en Educación Infantil;Grado;Navarra;Hombres;No;Tiempo Completo;1;27/08/2023
2022;Teruel;Facultad;Facultad de Ciencias Sociales y Humanas de Teruel;Grado: Magisterio en Educación Infantil;Grado;Navarra;Mujeres;No;Tiempo Completo;1;27/08/2023
2022;Teruel;Facultad;Facultad de Ciencias Sociales y Humanas de Teruel;Grado: Magisterio en Educación Primaria;Grado;Aragón;Hombres;No;Otra dedicación;6;27/08/2023
2022;Teruel;Facultad;Facultad de Ciencias Sociales y Humanas de Teruel;Grado: Magisterio en Educación Primaria;Grado;Aragón;Hombres;No;Tiempo Completo;116;27/08/2023
2022;Teruel;Facultad;Facultad de Ciencias Sociales y Humanas de Teruel;Grado: Magisterio en Educación Primaria;Grado;Aragón;Hombres;Sí;Tiempo Completo;3;27/08/2023
2022;Teruel;Facultad;Facultad de Ciencias Sociales y Humanas de Teruel;Grado: Magisterio en Educación Primaria;Grado;Aragón;Hombres;No;Tiempo Parcial;2;27/08/2023
2022;Teruel;Facultad;Facultad de Ciencias Sociales y Humanas de Teruel;Grado: Magisterio en Educación Primaria;Grado;Aragón;Mujeres;No;Otra dedicación;13;27/08/2023
2022;Teruel;Facultad;Facultad de Ciencias Sociales y Humanas de Teruel;Grado: Magisterio en Educación Primaria;Grado;Aragón;Mujeres;No;Tiempo Completo;151;27/08/2023
2022;Teruel;Facultad;Facultad de Ciencias Sociales y Humanas de Teruel;Grado: Magisterio en Educación Primaria;Grado;Aragón;Mujeres;Sí;Tiempo Completo;8;27/08/2023
2022;Teruel;Facultad;Facultad de Ciencias Sociales y Humanas de Teruel;Grado: Magisterio en Educación Primaria;Grado;Aragón;Mujeres;No;Tiempo Parcial;1;27/08/2023
2022;Teruel;Facultad;Facultad de Ciencias Sociales y Humanas de Teruel;Grado: Magisterio en Educación Primaria;Grado;Canarias;Hombres;No;Tiempo Completo;1;27/08/2023
2022;Teruel;Facultad;Facultad de Ciencias Sociales y Humanas de Teruel;Grado: Magisterio en Educación Primaria;Grado;Canarias;Mujeres;No;Tiempo Completo;1;27/08/2023
2022;Teruel;Facultad;Facultad de Ciencias Sociales y Humanas de Teruel;Grado: Magisterio en Educación Primaria;Grado;Castilla-La Mancha;Hombres;No;Tiempo Completo;1;27/08/2023
2022;Teruel;Facultad;Facultad de Ciencias Sociales y Humanas de Teruel;Grado: Magisterio en Educación Primaria;Grado;Castilla-La Mancha;Mujeres;No;Tiempo Completo;4;27/08/2023
2022;Teruel;Facultad;Facultad de Ciencias Sociales y Humanas de Teruel;Grado: Magisterio en Educación Primaria;Grado;Catalunya;Hombres;No;Otra dedicación;1;27/08/2023
2022;Teruel;Facultad;Facultad de Ciencias Sociales y Humanas de Teruel;Grado: Magisterio en Educación Primaria;Grado;Catalunya;Hombres;No;Tiempo Completo;5;27/08/2023
2022;Teruel;Facultad;Facultad de Ciencias Sociales y Humanas de Teruel;Grado: Magisterio en Educación Primaria;Grado;Catalunya;Mujeres;No;Tiempo Completo;3;27/08/2023
2022;Teruel;Facultad;Facultad de Ciencias Sociales y Humanas de Teruel;Grado: Magisterio en Educación Primaria;Grado;Comunidad Valenciana;Hombres;No;Otra dedicación;5;27/08/2023
2022;Teruel;Facultad;Facultad de Ciencias Sociales y Humanas de Teruel;Grado: Magisterio en Educación Primaria;Grado;Comunidad Valenciana;Hombres;No;Tiempo Completo;48;27/08/2023
2022;Teruel;Facultad;Facultad de Ciencias Sociales y Humanas de Teruel;Grado: Magisterio en Educación Primaria;Grado;Comunidad Valenciana;Hombres;Sí;Tiempo Completo;2;27/08/2023
2022;Teruel;Facultad;Facultad de Ciencias Sociales y Humanas de Teruel;Grado: Magisterio en Educación Primaria;Grado;Comunidad Valenciana;Mujeres;No;Otra dedicación;8;27/08/2023
2022;Teruel;Facultad;Facultad de Ciencias Sociales y Humanas de Teruel;Grado: Magisterio en Educación Primaria;Grado;Comunidad Valenciana;Mujeres;No;Tiempo Completo;58;27/08/2023
2022;Teruel;Facultad;Facultad de Ciencias Sociales y Humanas de Teruel;Grado: Magisterio en Educación Primaria;Grado;Comunidad Valenciana;Mujeres;Sí;Tiempo Completo;3;27/08/2023
2022;Teruel;Facultad;Facultad de Ciencias Sociales y Humanas de Teruel;Grado: Magisterio en Educación Primaria;Grado;Galicia;Mujeres;No;Otra dedicación;1;27/08/2023
2022;Teruel;Facultad;Facultad de Ciencias Sociales y Humanas de Teruel;Grado: Magisterio en Educación Primaria;Grado;Madrid;Mujeres;No;Tiempo Completo;1;27/08/2023
2022;Teruel;Facultad;Facultad de Ciencias Sociales y Humanas de Teruel;Grado: Magisterio en Educación Primaria;Grado;Navarra;Hombres;No;Tiempo Completo;1;27/08/2023
2022;Teruel;Facultad;Facultad de Ciencias Sociales y Humanas de Teruel;Grado: Magisterio en Educación Primaria;Grado;Pais Vasco;Mujeres;No;Tiempo Completo;3;27/08/2023
2022;Teruel;Facultad;Facultad de Ciencias Sociales y Humanas de Teruel;Grado: Psicología;Grado;Andalucía;Hombres;Sí;Tiempo Completo;1;27/08/2023
2022;Teruel;Facultad;Facultad de Ciencias Sociales y Humanas de Teruel;Grado: Psicología;Grado;Andalucía;Mujeres;No;Tiempo Completo;2;27/08/2023
2022;Teruel;Facultad;Facultad de Ciencias Sociales y Humanas de Teruel;Grado: Psicología;Grado;Aragón;Hombres;No;Otra dedicación;5;27/08/2023
2022;Teruel;Facultad;Facultad de Ciencias Sociales y Humanas de Teruel;Grado: Psicología;Grado;Aragón;Hombres;No;Tiempo Completo;37;27/08/2023
2022;Teruel;Facultad;Facultad de Ciencias Sociales y Humanas de Teruel;Grado: Psicología;Grado;Aragón;Hombres;Sí;Tiempo Completo;8;27/08/2023
2022;Teruel;Facultad;Facultad de Ciencias Sociales y Humanas de Teruel;Grado: Psicología;Grado;Aragón;Mujeres;No;Otra dedicación;4;27/08/2023
2022;Teruel;Facultad;Facultad de Ciencias Sociales y Humanas de Teruel;Grado: Psicología;Grado;Aragón;Mujeres;No;Tiempo Completo;186;27/08/2023
2022;Teruel;Facultad;Facultad de Ciencias Sociales y Humanas de Teruel;Grado: Psicología;Grado;Aragón;Mujeres;Sí;Tiempo Completo;20;27/08/2023
2022;Teruel;Facultad;Facultad de Ciencias Sociales y Humanas de Teruel;Grado: Psicología;Grado;Aragón;Mujeres;No;Tiempo Parcial;4;27/08/2023
2022;Teruel;Facultad;Facultad de Ciencias Sociales y Humanas de Teruel;Grado: Psicología;Grado;Baleares;Mujeres;No;Tiempo Completo;3;27/08/2023
2022;Teruel;Facultad;Facultad de Ciencias Sociales y Humanas de Teruel;Grado: Psicología;Grado;Canarias;Hombres;No;Tiempo Completo;1;27/08/2023
2022;Teruel;Facultad;Facultad de Ciencias Sociales y Humanas de Teruel;Grado: Psicología;Grado;Canarias;Mujeres;No;Tiempo Completo;4;27/08/2023
2022;Teruel;Facultad;Facultad de Ciencias Sociales y Humanas de Teruel;Grado: Psicología;Grado;Castilla y Leon;Hombres;No;Tiempo Completo;2;27/08/2023
2022;Teruel;Facultad;Facultad de Ciencias Sociales y Humanas de Teruel;Grado: Psicología;Grado;Castilla y Leon;Hombres;Sí;Tiempo Completo;1;27/08/2023
2022;Teruel;Facultad;Facultad de Ciencias Sociales y Humanas de Teruel;Grado: Psicología;Grado;Castilla y Leon;Mujeres;No;Tiempo Completo;11;27/08/2023
2022;Teruel;Facultad;Facultad de Ciencias Sociales y Humanas de Teruel;Grado: Psicología;Grado;Castilla y Leon;Mujeres;Sí;Tiempo Completo;1;27/08/2023
2022;Teruel;Facultad;Facultad de Ciencias Sociales y Humanas de Teruel;Grado: Psicología;Grado;Castilla-La Mancha;Hombres;No;Tiempo Completo;1;27/08/2023
2022;Teruel;Facultad;Facultad de Ciencias Sociales y Humanas de Teruel;Grado: Psicología;Grado;Castilla-La Mancha;Mujeres;No;Tiempo Completo;13;27/08/2023
2022;Teruel;Facultad;Facultad de Ciencias Sociales y Humanas de Teruel;Grado: Psicología;Grado;Castilla-La Mancha;Mujeres;Sí;Tiempo Completo;1;27/08/2023
2022;Teruel;Facultad;Facultad de Ciencias Sociales y Humanas de Teruel;Grado: Psicología;Grado;Catalunya;Mujeres;No;Tiempo Completo;1;27/08/2023
2022;Teruel;Facultad;Facultad de Ciencias Sociales y Humanas de Teruel;Grado: Psicología;Grado;Comunidad Valenciana;Hombres;No;Tiempo Completo;1;27/08/2023
2022;Teruel;Facultad;Facultad de Ciencias Sociales y Humanas de Teruel;Grado: Psicología;Grado;Comunidad Valenciana;Mujeres;No;Otra dedicación;2;27/08/2023
2022;Teruel;Facultad;Facultad de Ciencias Sociales y Humanas de Teruel;Grado: Psicología;Grado;Comunidad Valenciana;Mujeres;No;Tiempo Completo;7;27/08/2023
2022;Teruel;Facultad;Facultad de Ciencias Sociales y Humanas de Teruel;Grado: Psicología;Grado;Comunidad Valenciana;Mujeres;Sí;Tiempo Completo;2;27/08/2023
2022;Teruel;Facultad;Facultad de Ciencias Sociales y Humanas de Teruel;Grado: Psicología;Grado;Extremadura;Mujeres;No;Tiempo Completo;4;27/08/2023
2022;Teruel;Facultad;Facultad de Ciencias Sociales y Humanas de Teruel;Grado: Psicología;Grado;Galicia;Mujeres;No;Tiempo Completo;1;27/08/2023
2022;Teruel;Facultad;Facultad de Ciencias Sociales y Humanas de Teruel;Grado: Psicología;Grado;La Rioja;Hombres;No;Tiempo Completo;1;27/08/2023
2022;Teruel;Facultad;Facultad de Ciencias Sociales y Humanas de Teruel;Grado: Psicología;Grado;La Rioja;Mujeres;No;Tiempo Completo;6;27/08/2023
2022;Teruel;Facultad;Facultad de Ciencias Sociales y Humanas de Teruel;Grado: Psicología;Grado;La Rioja;Mujeres;Sí;Tiempo Completo;2;27/08/2023
2022;Teruel;Facultad;Facultad de Ciencias Sociales y Humanas de Teruel;Grado: Psicología;Grado;Madrid;Mujeres;No;Tiempo Completo;3;27/08/2023
2022;Teruel;Facultad;Facultad de Ciencias Sociales y Humanas de Teruel;Grado: Psicología;Grado;Murcia;Hombres;No;Tiempo Completo;1;27/08/2023
2022;Teruel;Facultad;Facultad de Ciencias Sociales y Humanas de Teruel;Grado: Psicología;Grado;Murcia;Mujeres;No;Tiempo Completo;2;27/08/2023
2022;Teruel;Facultad;Facultad de Ciencias Sociales y Humanas de Teruel;Grado: Psicología;Grado;Navarra;Hombres;No;Tiempo Completo;1;27/08/2023
2022;Teruel;Facultad;Facultad de Ciencias Sociales y Humanas de Teruel;Grado: Psicología;Grado;Navarra;Mujeres;No;Tiempo Completo;9;27/08/2023
2022;Teruel;Facultad;Facultad de Ciencias Sociales y Humanas de Teruel;Grado: Psicología;Grado;Navarra;Mujeres;Sí;Tiempo Completo;1;27/08/2023
2022;Teruel;Facultad;Facultad de Ciencias Sociales y Humanas de Teruel;Grado: Psicología;Grado;No Informado;Mujeres;No;Tiempo Completo;2;27/08/2023
2022;Teruel;Facultad;Facultad de Ciencias Sociales y Humanas de Teruel;Grado: Psicología;Grado;Pais Vasco;Hombres;No;Tiempo Completo;1;27/08/2023
2022;Teruel;Facultad;Facultad de Ciencias Sociales y Humanas de Teruel;Movilidad para 1º y 2º ciclo y grado;Movilidad de entrada;Andalucía;Mujeres;No;Tiempo Completo;2;27/08/2023
2022;Teruel;Facultad;Facultad de Ciencias Sociales y Humanas de Teruel;Movilidad para 1º y 2º ciclo y grado;Movilidad de entrada;Aragón;Mujeres;No;Tiempo Completo;2;27/08/2023
2022;Teruel;Facultad;Facultad de Ciencias Sociales y Humanas de Teruel;Movilidad para 1º y 2º ciclo y grado;Movilidad de entrada;Castilla y Leon;Mujeres;No;Tiempo Completo;1;27/08/2023
2022;Teruel;Facultad;Facultad de Ciencias Sociales y Humanas de Teruel;Movilidad para 1º y 2º ciclo y grado;Movilidad de entrada;Galicia;Hombres;No;Tiempo Completo;2;27/08/2023
2022;Teruel;Facultad;Facultad de Ciencias Sociales y Humanas de Teruel;Movilidad para 1º y 2º ciclo y grado;Movilidad de entrada;No Informado;Hombres;No;Tiempo Completo;11;27/08/2023
2022;Teruel;Facultad;Facultad de Ciencias Sociales y Humanas de Teruel;Movilidad para 1º y 2º ciclo y grado;Movilidad de entrada;No Informado;Mujeres;No;Tiempo Completo;35;27/08/2023
2022;Teruel;Facultad;Facultad de Ciencias Sociales y Humanas de Teruel;Movilidad para 1º y 2º ciclo y grado;Movilidad de entrada;Pais Vasco;Mujeres;No;Tiempo Completo;1;27/08/2023
2022;Teruel;Facultad;Facultad de Ciencias Sociales y Humanas de Teruel;Máster: Profesorado E.S.O., F.P. y Ens. Idiom, Art y Deport;Máster;Aragón;Hombres;No;Tiempo Completo;6;27/08/2023
2022;Teruel;Facultad;Facultad de Ciencias Sociales y Humanas de Teruel;Máster: Profesorado E.S.O., F.P. y Ens. Idiom, Art y Deport;Máster;Aragón;Hombres;No;Tiempo Parcial;1;27/08/2023
2022;Teruel;Facultad;Facultad de Ciencias Sociales y Humanas de Teruel;Máster: Profesorado E.S.O., F.P. y Ens. Idiom, Art y Deport;Máster;Aragón;Mujeres;No;Tiempo Completo;13;27/08/2023
2022;Teruel;Facultad;Facultad de Ciencias Sociales y Humanas de Teruel;Máster: Profesorado E.S.O., F.P. y Ens. Idiom, Art y Deport;Máster;Baleares;Mujeres;No;Tiempo Completo;1;27/08/2023
2022;Teruel;Facultad;Facultad de Ciencias Sociales y Humanas de Teruel;Máster: Profesorado E.S.O., F.P. y Ens. Idiom, Art y Deport;Máster;Cantabria;Mujeres;No;Tiempo Parcial;1;27/08/2023
2022;Teruel;Facultad;Facultad de Ciencias Sociales y Humanas de Teruel;Máster: Profesorado E.S.O., F.P. y Ens. Idiom, Art y Deport;Máster;Catalunya;Mujeres;No;Tiempo Completo;2;27/08/2023
2022;Teruel;Facultad;Facultad de Ciencias Sociales y Humanas de Teruel;Máster: Profesorado E.S.O., F.P. y Ens. Idiom, Art y Deport;Máster;Comunidad Valenciana;Hombres;No;Tiempo Completo;1;27/08/2023
2022;Teruel;Facultad;Facultad de Ciencias Sociales y Humanas de Teruel;Máster: Profesorado E.S.O., F.P. y Ens. Idiom, Art y Deport;Máster;Comunidad Valenciana;Mujeres;No;Tiempo Completo;1;27/08/2023
2022;Teruel;Facultad;Facultad de Ciencias Sociales y Humanas de Teruel;Máster: Psicología General Sanitaria;Máster;Andalucía;Hombres;No;Tiempo Completo;2;27/08/2023
2022;Teruel;Facultad;Facultad de Ciencias Sociales y Humanas de Teruel;Máster: Psicología General Sanitaria;Máster;Andalucía;Mujeres;No;Tiempo Completo;9;27/08/2023
2022;Teruel;Facultad;Facultad de Ciencias Sociales y Humanas de Teruel;Máster: Psicología General Sanitaria;Máster;Aragón;Hombres;No;Tiempo Completo;2;27/08/2023
2022;Teruel;Facultad;Facultad de Ciencias Sociales y Humanas de Teruel;Máster: Psicología General Sanitaria;Máster;Aragón;Mujeres;No;Tiempo Completo;28;27/08/2023
2022;Teruel;Facultad;Facultad de Ciencias Sociales y Humanas de Teruel;Máster: Psicología General Sanitaria;Máster;Aragón;Mujeres;No;Tiempo Parcial;1;27/08/2023
2022;Teruel;Facultad;Facultad de Ciencias Sociales y Humanas de Teruel;Máster: Psicología General Sanitaria;Máster;Canarias;Mujeres;No;Tiempo Completo;2;27/08/2023
2022;Teruel;Facultad;Facultad de Ciencias Sociales y Humanas de Teruel;Máster: Psicología General Sanitaria;Máster;Castilla y Leon;Mujeres;No;Tiempo Completo;2;27/08/2023
2022;Teruel;Facultad;Facultad de Ciencias Sociales y Humanas de Teruel;Máster: Psicología General Sanitaria;Máster;Castilla-La Mancha;Mujeres;No;Tiempo Completo;2;27/08/2023
2022;Teruel;Facultad;Facultad de Ciencias Sociales y Humanas de Teruel;Máster: Psicología General Sanitaria;Máster;Catalunya;Mujeres;No;Tiempo Completo;1;27/08/2023
2022;Teruel;Facultad;Facultad de Ciencias Sociales y Humanas de Teruel;Máster: Psicología General Sanitaria;Máster;Comunidad Valenciana;Hombres;No;Tiempo Completo;2;27/08/2023
2022;Teruel;Facultad;Facultad de Ciencias Sociales y Humanas de Teruel;Máster: Psicología General Sanitaria;Máster;Comunidad Valenciana;Mujeres;No;Tiempo Completo;6;27/08/2023
2022;Teruel;Facultad;Facultad de Ciencias Sociales y Humanas de Teruel;Máster: Psicología General Sanitaria;Máster;Extremadura;Mujeres;No;Tiempo Completo;1;27/08/2023
2022;Teruel;Facultad;Facultad de Ciencias Sociales y Humanas de Teruel;Máster: Psicología General Sanitaria;Máster;Galicia;Mujeres;No;Tiempo Completo;1;27/08/2023
2022;Teruel;Facultad;Facultad de Ciencias Sociales y Humanas de Teruel;Máster: Psicología General Sanitaria;Máster;La Rioja;Mujeres;No;Tiempo Completo;2;27/08/2023
2022;Teruel;Facultad;Facultad de Ciencias Sociales y Humanas de Teruel;Máster: Psicología General Sanitaria;Máster;Navarra;Hombres;No;Tiempo Completo;1;27/08/2023
2022;Teruel;Facultad;Facultad de Ciencias Sociales y Humanas de Teruel;Máster: Psicología General Sanitaria;Máster;No Informado;Hombres;No;Tiempo Completo;1;27/08/2023
2022;Zaragoza;Centro adscrito;Centro Universitario de la Defensa de Zaragoza;Grado: Ingeniería de Organización Industrial;Grado;Andalucía;Hombres;No;Tiempo Completo;268;27/08/2023
2022;Zaragoza;Centro adscrito;Centro Universitario de la Defensa de Zaragoza;Grado: Ingeniería de Organización Industrial;Grado;Andalucía;Mujeres;No;Tiempo Completo;36;27/08/2023
2022;Zaragoza;Centro adscrito;Centro Universitario de la Defensa de Zaragoza;Grado: Ingeniería de Organización Industrial;Grado;Aragón;Hombres;No;Tiempo Completo;156;27/08/2023
2022;Zaragoza;Centro adscrito;Centro Universitario de la Defensa de Zaragoza;Grado: Ingeniería de Organización Industrial;Grado;Aragón;Mujeres;No;Tiempo Completo;29;27/08/2023
2022;Zaragoza;Centro adscrito;Centro Universitario de la Defensa de Zaragoza;Grado: Ingeniería de Organización Industrial;Grado;Asturias;Hombres;No;Tiempo Completo;20;27/08/2023
2022;Zaragoza;Centro adscrito;Centro Universitario de la Defensa de Zaragoza;Grado: Ingeniería de Organización Industrial;Grado;Asturias;Mujeres;No;Tiempo Completo;8;27/08/2023
2022;Zaragoza;Centro adscrito;Centro Universitario de la Defensa de Zaragoza;Grado: Ingeniería de Organización Industrial;Grado;Baleares;Hombres;No;Tiempo Completo;5;27/08/2023
2022;Zaragoza;Centro adscrito;Centro Universitario de la Defensa de Zaragoza;Grado: Ingeniería de Organización Industrial;Grado;Baleares;Mujeres;No;Tiempo Completo;3;27/08/2023
2022;Zaragoza;Centro adscrito;Centro Universitario de la Defensa de Zaragoza;Grado: Ingeniería de Organización Industrial;Grado;Canarias;Hombres;No;Tiempo Completo;13;27/08/2023
2022;Zaragoza;Centro adscrito;Centro Universitario de la Defensa de Zaragoza;Grado: Ingeniería de Organización Industrial;Grado;Canarias;Mujeres;No;Tiempo Completo;5;27/08/2023
2022;Zaragoza;Centro adscrito;Centro Universitario de la Defensa de Zaragoza;Grado: Ingeniería de Organización Industrial;Grado;Cantabria;Hombres;No;Tiempo Completo;11;27/08/2023
2022;Zaragoza;Centro adscrito;Centro Universitario de la Defensa de Zaragoza;Grado: Ingeniería de Organización Industrial;Grado;Cantabria;Mujeres;No;Tiempo Completo;2;27/08/2023
2022;Zaragoza;Centro adscrito;Centro Universitario de la Defensa de Zaragoza;Grado: Ingeniería de Organización Industrial;Grado;Castilla y Leon;Hombres;No;Tiempo Completo;91;27/08/2023
2022;Zaragoza;Centro adscrito;Centro Universitario de la Defensa de Zaragoza;Grado: Ingeniería de Organización Industrial;Grado;Castilla y Leon;Mujeres;No;Tiempo Completo;8;27/08/2023
2022;Zaragoza;Centro adscrito;Centro Universitario de la Defensa de Zaragoza;Grado: Ingeniería de Organización Industrial;Grado;Castilla-La Mancha;Hombres;No;Tiempo Completo;84;27/08/2023
2022;Zaragoza;Centro adscrito;Centro Universitario de la Defensa de Zaragoza;Grado: Ingeniería de Organización Industrial;Grado;Castilla-La Mancha;Mujeres;No;Tiempo Completo;11;27/08/2023
2022;Zaragoza;Centro adscrito;Centro Universitario de la Defensa de Zaragoza;Grado: Ingeniería de Organización Industrial;Grado;Catalunya;Hombres;No;Tiempo Completo;9;27/08/2023
2022;Zaragoza;Centro adscrito;Centro Universitario de la Defensa de Zaragoza;Grado: Ingeniería de Organización Industrial;Grado;Catalunya;Mujeres;No;Tiempo Completo;3;27/08/2023
2022;Zaragoza;Centro adscrito;Centro Universitario de la Defensa de Zaragoza;Grado: Ingeniería de Organización Industrial;Grado;Ciudad autónoma de Ceuta;Hombres;No;Tiempo Completo;6;27/08/2023
2022;Zaragoza;Centro adscrito;Centro Universitario de la Defensa de Zaragoza;Grado: Ingeniería de Organización Industrial;Grado;Ciudad autónoma de Ceuta;Mujeres;No;Tiempo Completo;2;27/08/2023
2022;Zaragoza;Centro adscrito;Centro Universitario de la Defensa de Zaragoza;Grado: Ingeniería de Organización Industrial;Grado;Ciudad autónoma de Melilla;Hombres;No;Tiempo Completo;9;27/08/2023
2022;Zaragoza;Centro adscrito;Centro Universitario de la Defensa de Zaragoza;Grado: Ingeniería de Organización Industrial;Grado;Ciudad autónoma de Melilla;Mujeres;No;Tiempo Completo;4;27/08/2023
2022;Zaragoza;Centro adscrito;Centro Universitario de la Defensa de Zaragoza;Grado: Ingeniería de Organización Industrial;Grado;Comunidad Valenciana;Hombres;No;Tiempo Completo;53;27/08/2023
2022;Zaragoza;Centro adscrito;Centro Universitario de la Defensa de Zaragoza;Grado: Ingeniería de Organización Industrial;Grado;Comunidad Valenciana;Mujeres;No;Tiempo Completo;9;27/08/2023
2022;Zaragoza;Centro adscrito;Centro Universitario de la Defensa de Zaragoza;Grado: Ingeniería de Organización Industrial;Grado;Extremadura;Hombres;No;Tiempo Completo;45;27/08/2023
2022;Zaragoza;Centro adscrito;Centro Universitario de la Defensa de Zaragoza;Grado: Ingeniería de Organización Industrial;Grado;Extremadura;Mujeres;No;Tiempo Completo;6;27/08/2023
2022;Zaragoza;Centro adscrito;Centro Universitario de la Defensa de Zaragoza;Grado: Ingeniería de Organización Industrial;Grado;Galicia;Hombres;No;Tiempo Completo;25;27/08/2023
2022;Zaragoza;Centro adscrito;Centro Universitario de la Defensa de Zaragoza;Grado: Ingeniería de Organización Industrial;Grado;La Rioja;Hombres;No;Tiempo Completo;5;27/08/2023
2022;Zaragoza;Centro adscrito;Centro Universitario de la Defensa de Zaragoza;Grado: Ingeniería de Organización Industrial;Grado;La Rioja;Mujeres;No;Tiempo Completo;2;27/08/2023
2022;Zaragoza;Centro adscrito;Centro Universitario de la Defensa de Zaragoza;Grado: Ingeniería de Organización Industrial;Grado;Madrid;Hombres;No;Tiempo Completo;204;27/08/2023
2022;Zaragoza;Centro adscrito;Centro Universitario de la Defensa de Zaragoza;Grado: Ingeniería de Organización Industrial;Grado;Madrid;Mujeres;No;Tiempo Completo;42;27/08/2023
2022;Zaragoza;Centro adscrito;Centro Universitario de la Defensa de Zaragoza;Grado: Ingeniería de Organización Industrial;Grado;Murcia;Hombres;No;Tiempo Completo;35;27/08/2023
2022;Zaragoza;Centro adscrito;Centro Universitario de la Defensa de Zaragoza;Grado: Ingeniería de Organización Industrial;Grado;Murcia;Mujeres;No;Tiempo Completo;3;27/08/2023
2022;Zaragoza;Centro adscrito;Centro Universitario de la Defensa de Zaragoza;Grado: Ingeniería de Organización Industrial;Grado;Navarra;Hombres;No;Tiempo Completo;5;27/08/2023
2022;Zaragoza;Centro adscrito;Centro Universitario de la Defensa de Zaragoza;Grado: Ingeniería de Organización Industrial;Grado;Navarra;Mujeres;No;Tiempo Completo;1;27/08/2023
2022;Zaragoza;Centro adscrito;Centro Universitario de la Defensa de Zaragoza;Grado: Ingeniería de Organización Industrial;Grado;No Informado;Hombres;No;Tiempo Completo;3;27/08/2023
2022;Zaragoza;Centro adscrito;Centro Universitario de la Defensa de Zaragoza;Grado: Ingeniería de Organización Industrial;Grado;No Informado;Mujeres;No;Tiempo Completo;1;27/08/2023
2022;Zaragoza;Centro adscrito;Centro Universitario de la Defensa de Zaragoza;Grado: Ingeniería de Organización Industrial;Grado;Pais Vasco;Hombres;No;Tiempo Completo;4;27/08/2023
2022;Zaragoza;Centro adscrito;Centro Universitario de la Defensa de Zaragoza;Máster: Dirección y Gestión de Adquisiciones de Sistemas para la Defensa;Máster;Andalucía;Hombres;No;Tiempo Parcial;1;27/08/2023
2022;Zaragoza;Centro adscrito;Centro Universitario de la Defensa de Zaragoza;Máster: Dirección y Gestión de Adquisiciones de Sistemas para la Defensa;Máster;Aragón;Hombres;No;Tiempo Parcial;1;27/08/2023
2022;Zaragoza;Centro adscrito;Centro Universitario de la Defensa de Zaragoza;Máster: Dirección y Gestión de Adquisiciones de Sistemas para la Defensa;Máster;Aragón;Mujeres;No;Tiempo Completo;1;27/08/2023
2022;Zaragoza;Centro adscrito;Centro Universitario de la Defensa de Zaragoza;Máster: Dirección y Gestión de Adquisiciones de Sistemas para la Defensa;Máster;Cantabria;Hombres;No;Tiempo Completo;1;27/08/2023
2022;Zaragoza;Centro adscrito;Centro Universitario de la Defensa de Zaragoza;Máster: Dirección y Gestión de Adquisiciones de Sistemas para la Defensa;Máster;Castilla y Leon;Hombres;No;Tiempo Parcial;3;27/08/2023
2022;Zaragoza;Centro adscrito;Centro Universitario de la Defensa de Zaragoza;Máster: Dirección y Gestión de Adquisiciones de Sistemas para la Defensa;Máster;Castilla-La Mancha;Hombres;No;Tiempo Parcial;4;27/08/2023
2022;Zaragoza;Centro adscrito;Centro Universitario de la Defensa de Zaragoza;Máster: Dirección y Gestión de Adquisiciones de Sistemas para la Defensa;Máster;Catalunya;Hombres;No;Tiempo Completo;1;27/08/2023
2022;Zaragoza;Centro adscrito;Centro Universitario de la Defensa de Zaragoza;Máster: Dirección y Gestión de Adquisiciones de Sistemas para la Defensa;Máster;Catalunya;Hombres;No;Tiempo Parcial;1;27/08/2023
2022;Zaragoza;Centro adscrito;Centro Universitario de la Defensa de Zaragoza;Máster: Dirección y Gestión de Adquisiciones de Sistemas para la Defensa;Máster;Comunidad Valenciana;Hombres;No;Tiempo Parcial;1;27/08/2023
2022;Zaragoza;Centro adscrito;Centro Universitario de la Defensa de Zaragoza;Máster: Dirección y Gestión de Adquisiciones de Sistemas para la Defensa;Máster;Galicia;Hombres;No;Tiempo Parcial;1;27/08/2023
2022;Zaragoza;Centro adscrito;Centro Universitario de la Defensa de Zaragoza;Máster: Dirección y Gestión de Adquisiciones de Sistemas para la Defensa;Máster;Madrid;Hombres;No;Tiempo Parcial;29;27/08/2023
2022;Zaragoza;Centro adscrito;Centro Universitario de la Defensa de Zaragoza;Máster: Dirección y Gestión de Adquisiciones de Sistemas para la Defensa;Máster;Madrid;Mujeres;No;Tiempo Parcial;6;27/08/2023
2022;Zaragoza;Centro adscrito;Centro Universitario de la Defensa de Zaragoza;Máster: Dirección y Gestión de Adquisiciones de Sistemas para la Defensa;Máster;Murcia;Hombres;No;Tiempo Parcial;1;27/08/2023
2022;Zaragoza;Centro adscrito;Escuela Universitaria de Turismo de Zaragoza;Grado: Turismo;Grado;Aragón;Hombres;No;Otra dedicación;7;27/08/2023
2022;Zaragoza;Centro adscrito;Escuela Universitaria de Turismo de Zaragoza;Grado: Turismo;Grado;Aragón;Hombres;No;Tiempo Completo;53;27/08/2023
2022;Zaragoza;Centro adscrito;Escuela Universitaria de Turismo de Zaragoza;Grado: Turismo;Grado;Aragón;Hombres;Sí;Tiempo Completo;2;27/08/2023
2022;Zaragoza;Centro adscrito;Escuela Universitaria de Turismo de Zaragoza;Grado: Turismo;Grado;Aragón;Hombres;No;Tiempo Parcial;1;27/08/2023
2022;Zaragoza;Centro adscrito;Escuela Universitaria de Turismo de Zaragoza;Grado: Turismo;Grado;Aragón;Mujeres;No;Otra dedicación;8;27/08/2023
2022;Zaragoza;Centro adscrito;Escuela Universitaria de Turismo de Zaragoza;Grado: Turismo;Grado;Aragón;Mujeres;No;Tiempo Completo;99;27/08/2023
2022;Zaragoza;Centro adscrito;Escuela Universitaria de Turismo de Zaragoza;Grado: Turismo;Grado;Aragón;Mujeres;Sí;Tiempo Completo;12;27/08/2023
2022;Zaragoza;Centro adscrito;Escuela Universitaria de Turismo de Zaragoza;Grado: Turismo;Grado;Aragón;Mujeres;No;Tiempo Parcial;1;27/08/2023
2022;Zaragoza;Centro adscrito;Escuela Universitaria de Turismo de Zaragoza;Grado: Turismo;Grado;Canarias;Hombres;No;Tiempo Completo;1;27/08/2023
2022;Zaragoza;Centro adscrito;Escuela Universitaria de Turismo de Zaragoza;Grado: Turismo;Grado;Castilla y Leon;Mujeres;Sí;Tiempo Completo;1;27/08/2023
2022;Zaragoza;Centro adscrito;Escuela Universitaria de Turismo de Zaragoza;Grado: Turismo;Grado;La Rioja;Hombres;No;Tiempo Completo;2;27/08/2023
2022;Zaragoza;Centro adscrito;Escuela Universitaria de Turismo de Zaragoza;Grado: Turismo;Grado;La Rioja;Hombres;Sí;Tiempo Completo;1;27/08/2023
2022;Zaragoza;Centro adscrito;Escuela Universitaria de Turismo de Zaragoza;Grado: Turismo;Grado;La Rioja;Mujeres;No;Tiempo Completo;1;27/08/2023
2022;Zaragoza;Centro adscrito;Escuela Universitaria de Turismo de Zaragoza;Grado: Turismo;Grado;Navarra;Mujeres;No;Tiempo Completo;2;27/08/2023
2022;Zaragoza;Centro adscrito;Escuela Universitaria de Turismo de Zaragoza;Grado: Turismo;Grado;Navarra;Mujeres;Sí;Tiempo Completo;1;27/08/2023
2022;Zaragoza;Centro adscrito;Escuela Universitaria de Turismo de Zaragoza;Grado: Turismo;Grado;No Informado;Mujeres;No;Tiempo Completo;1;27/08/2023
2022;Zaragoza;Centro adscrito;Escuela Universitaria de Turismo de Zaragoza;Movilidad para 1º y 2º ciclo y grado;Movilidad de entrada;No Informado;Mujeres;No;Tiempo Completo;5;27/08/2023
2022;Zaragoza;Facultad;Escuela de Doctorado;Doctorado: PD Bioquímica y biología molecular [RD 99/2011];Doctorado;Andalucía;Hombres;No;Tiempo Completo;4;27/08/2023
2022;Zaragoza;Facultad;Escuela de Doctorado;Doctorado: PD Bioquímica y biología molecular [RD 99/2011];Doctorado;Andalucía;Mujeres;No;Tiempo Completo;2;27/08/2023
2022;Zaragoza;Facultad;Escuela de Doctorado;Doctorado: PD Bioquímica y biología molecular [RD 99/2011];Doctorado;Aragón;Hombres;No;Tiempo Completo;23;27/08/2023
2022;Zaragoza;Facultad;Escuela de Doctorado;Doctorado: PD Bioquímica y biología molecular [RD 99/2011];Doctorado;Aragón;Hombres;No;Tiempo Parcial;1;27/08/2023
2022;Zaragoza;Facultad;Escuela de Doctorado;Doctorado: PD Bioquímica y biología molecular [RD 99/2011];Doctorado;Aragón;Mujeres;No;Tiempo Completo;57;27/08/2023
2022;Zaragoza;Facultad;Escuela de Doctorado;Doctorado: PD Bioquímica y biología molecular [RD 99/2011];Doctorado;Castilla y Leon;Hombres;No;Tiempo Completo;1;27/08/2023
2022;Zaragoza;Facultad;Escuela de Doctorado;Doctorado: PD Bioquímica y biología molecular [RD 99/2011];Doctorado;Castilla-La Mancha;Mujeres;No;Tiempo Completo;1;27/08/2023
2022;Zaragoza;Facultad;Escuela de Doctorado;Doctorado: PD Bioquímica y biología molecular [RD 99/2011];Doctorado;Galicia;Hombres;No;Tiempo Completo;1;27/08/2023
2022;Zaragoza;Facultad;Escuela de Doctorado;Doctorado: PD Bioquímica y biología molecular [RD 99/2011];Doctorado;La Rioja;Mujeres;No;Tiempo Completo;1;27/08/2023
2022;Zaragoza;Facultad;Escuela de Doctorado;Doctorado: PD Bioquímica y biología molecular [RD 99/2011];Doctorado;Madrid;Hombres;No;Tiempo Completo;1;27/08/2023
2022;Zaragoza;Facultad;Escuela de Doctorado;Doctorado: PD Bioquímica y biología molecular [RD 99/2011];Doctorado;Madrid;Mujeres;No;Tiempo Completo;2;27/08/2023
2022;Zaragoza;Facultad;Escuela de Doctorado;Doctorado: PD Bioquímica y biología molecular [RD 99/2011];Doctorado;Murcia;Hombres;No;Tiempo Completo;1;27/08/2023
2022;Zaragoza;Facultad;Escuela de Doctorado;Doctorado: PD Bioquímica y biología molecular [RD 99/2011];Doctorado;Murcia;Mujeres;No;Tiempo Completo;1;27/08/2023
2022;Zaragoza;Facultad;Escuela de Doctorado;Doctorado: PD Bioquímica y biología molecular [RD 99/2011];Doctorado;Navarra;Hombres;No;Tiempo Completo;1;27/08/2023
2022;Zaragoza;Facultad;Escuela de Doctorado;Doctorado: PD Bioquímica y biología molecular [RD 99/2011];Doctorado;No Informado;Hombres;No;Tiempo Completo;2;27/08/2023
2022;Zaragoza;Facultad;Escuela de Doctorado;Doctorado: PD Bioquímica y biología molecular [RD 99/2011];Doctorado;No Informado;Mujeres;No;Tiempo Completo;5;27/08/2023
2022;Zaragoza;Facultad;Escuela de Doctorado;Doctorado: PD Calidad, seguridad y tecnología de los alimentos [RD 99/2011];Doctorado;Aragón;Hombres;No;Tiempo Completo;8;27/08/2023
2022;Zaragoza;Facultad;Escuela de Doctorado;Doctorado: PD Calidad, seguridad y tecnología de los alimentos [RD 99/2011];Doctorado;Aragón;Hombres;No;Tiempo Parcial;2;27/08/2023
2022;Zaragoza;Facultad;Escuela de Doctorado;Doctorado: PD Calidad, seguridad y tecnología de los alimentos [RD 99/2011];Doctorado;Aragón;Mujeres;No;Tiempo Completo;18;27/08/2023
2022;Zaragoza;Facultad;Escuela de Doctorado;Doctorado: PD Calidad, seguridad y tecnología de los alimentos [RD 99/2011];Doctorado;Aragón;Mujeres;No;Tiempo Parcial;1;27/08/2023
2022;Zaragoza;Facultad;Escuela de Doctorado;Doctorado: PD Calidad, seguridad y tecnología de los alimentos [RD 99/2011];Doctorado;Castilla y Leon;Hombres;No;Tiempo Completo;1;27/08/2023
2022;Zaragoza;Facultad;Escuela de Doctorado;Doctorado: PD Calidad, seguridad y tecnología de los alimentos [RD 99/2011];Doctorado;Navarra;Mujeres;No;Tiempo Completo;2;27/08/2023
2022;Zaragoza;Facultad;Escuela de Doctorado;Doctorado: PD Ciencia analítica en química [RD 99/2011];Doctorado;Aragón;Hombres;No;Tiempo Completo;12;27/08/2023
2022;Zaragoza;Facultad;Escuela de Doctorado;Doctorado: PD Ciencia analítica en química [RD 99/2011];Doctorado;Aragón;Hombres;No;Tiempo Parcial;1;27/08/2023
2022;Zaragoza;Facultad;Escuela de Doctorado;Doctorado: PD Ciencia analítica en química [RD 99/2011];Doctorado;Aragón;Mujeres;No;Tiempo Completo;9;27/08/2023
2022;Zaragoza;Facultad;Escuela de Doctorado;Doctorado: PD Ciencia analítica en química [RD 99/2011];Doctorado;Castilla-La Mancha;Mujeres;No;Tiempo Completo;1;27/08/2023
2022;Zaragoza;Facultad;Escuela de Doctorado;Doctorado: PD Ciencia analítica en química [RD 99/2011];Doctorado;Comunidad Valenciana;Hombres;No;Tiempo Parcial;2;27/08/2023
2022;Zaragoza;Facultad;Escuela de Doctorado;Doctorado: PD Ciencia analítica en química [RD 99/2011];Doctorado;Comunidad Valenciana;Mujeres;No;Tiempo Completo;1;27/08/2023
2022;Zaragoza;Facultad;Escuela de Doctorado;Doctorado: PD Ciencia analítica en química [RD 99/2011];Doctorado;La Rioja;Hombres;No;Tiempo Completo;1;27/08/2023
2022;Zaragoza;Facultad;Escuela de Doctorado;Doctorado: PD Ciencia analítica en química [RD 99/2011];Doctorado;No Informado;Hombres;No;Tiempo Completo;2;27/08/2023
2022;Zaragoza;Facultad;Escuela de Doctorado;Doctorado: PD Ciencia analítica en química [RD 99/2011];Doctorado;No Informado;Mujeres;No;Tiempo Completo;3;27/08/2023
2022;Zaragoza;Facultad;Escuela de Doctorado;Doctorado: PD Ciencias agrarias y del medio natural [RD 99/2011];Doctorado;Andalucía;Hombres;No;Tiempo Completo;2;27/08/2023
2022;Zaragoza;Facultad;Escuela de Doctorado;Doctorado: PD Ciencias agrarias y del medio natural [RD 99/2011];Doctorado;Aragón;Hombres;No;Tiempo Completo;13;27/08/2023
2022;Zaragoza;Facultad;Escuela de Doctorado;Doctorado: PD Ciencias agrarias y del medio natural [RD 99/2011];Doctorado;Aragón;Hombres;No;Tiempo Parcial;3;27/08/2023
2022;Zaragoza;Facultad;Escuela de Doctorado;Doctorado: PD Ciencias agrarias y del medio natural [RD 99/2011];Doctorado;Aragón;Mujeres;No;Tiempo Completo;10;27/08/2023
2022;Zaragoza;Facultad;Escuela de Doctorado;Doctorado: PD Ciencias agrarias y del medio natural [RD 99/2011];Doctorado;Aragón;Mujeres;No;Tiempo Parcial;7;27/08/2023
2022;Zaragoza;Facultad;Escuela de Doctorado;Doctorado: PD Ciencias agrarias y del medio natural [RD 99/2011];Doctorado;Baleares;Hombres;No;Tiempo Completo;1;27/08/2023
2022;Zaragoza;Facultad;Escuela de Doctorado;Doctorado: PD Ciencias agrarias y del medio natural [RD 99/2011];Doctorado;Castilla y Leon;Hombres;No;Tiempo Completo;1;27/08/2023
2022;Zaragoza;Facultad;Escuela de Doctorado;Doctorado: PD Ciencias agrarias y del medio natural [RD 99/2011];Doctorado;Castilla y Leon;Mujeres;No;Tiempo Completo;1;27/08/2023
2022;Zaragoza;Facultad;Escuela de Doctorado;Doctorado: PD Ciencias agrarias y del medio natural [RD 99/2011];Doctorado;Catalunya;Hombres;No;Tiempo Parcial;1;27/08/2023
2022;Zaragoza;Facultad;Escuela de Doctorado;Doctorado: PD Ciencias agrarias y del medio natural [RD 99/2011];Doctorado;Comunidad Valenciana;Hombres;No;Tiempo Parcial;1;27/08/2023
2022;Zaragoza;Facultad;Escuela de Doctorado;Doctorado: PD Ciencias agrarias y del medio natural [RD 99/2011];Doctorado;Extremadura;Hombres;No;Tiempo Completo;1;27/08/2023
2022;Zaragoza;Facultad;Escuela de Doctorado;Doctorado: PD Ciencias agrarias y del medio natural [RD 99/2011];Doctorado;Madrid;Hombres;No;Tiempo Completo;1;27/08/2023
2022;Zaragoza;Facultad;Escuela de Doctorado;Doctorado: PD Ciencias agrarias y del medio natural [RD 99/2011];Doctorado;Madrid;Mujeres;No;Tiempo Completo;1;27/08/2023
2022;Zaragoza;Facultad;Escuela de Doctorado;Doctorado: PD Ciencias agrarias y del medio natural [RD 99/2011];Doctorado;No Informado;Hombres;No;Tiempo Completo;2;27/08/2023
2022;Zaragoza;Facultad;Escuela de Doctorado;Doctorado: PD Ciencias agrarias y del medio natural [RD 99/2011];Doctorado;No Informado;Hombres;No;Tiempo Parcial;1;27/08/2023
2022;Zaragoza;Facultad;Escuela de Doctorado;Doctorado: PD Ciencias agrarias y del medio natural [RD 99/2011];Doctorado;No Informado;Mujeres;No;Tiempo Completo;1;27/08/2023
2022;Zaragoza;Facultad;Escuela de Doctorado;Doctorado: PD Ciencias agrarias y del medio natural [RD 99/2011];Doctorado;Pais Vasco;Hombres;No;Tiempo Completo;1;27/08/2023
2022;Zaragoza;Facultad;Escuela de Doctorado;Doctorado: PD Ciencias biomédicas y biotecnológicas [RD 99/2011];Doctorado;Andalucía;Mujeres;No;Tiempo Parcial;1;27/08/2023
2022;Zaragoza;Facultad;Escuela de Doctorado;Doctorado: PD Ciencias biomédicas y biotecnológicas [RD 99/2011];Doctorado;Aragón;Hombres;No;Tiempo Completo;6;27/08/2023
2022;Zaragoza;Facultad;Escuela de Doctorado;Doctorado: PD Ciencias biomédicas y biotecnológicas [RD 99/2011];Doctorado;Aragón;Hombres;No;Tiempo Parcial;3;27/08/2023
2022;Zaragoza;Facultad;Escuela de Doctorado;Doctorado: PD Ciencias biomédicas y biotecnológicas [RD 99/2011];Doctorado;Aragón;Mujeres;No;Tiempo Completo;15;27/08/2023
2022;Zaragoza;Facultad;Escuela de Doctorado;Doctorado: PD Ciencias biomédicas y biotecnológicas [RD 99/2011];Doctorado;Aragón;Mujeres;No;Tiempo Parcial;12;27/08/2023
2022;Zaragoza;Facultad;Escuela de Doctorado;Doctorado: PD Ciencias biomédicas y biotecnológicas [RD 99/2011];Doctorado;Baleares;Mujeres;No;Tiempo Completo;1;27/08/2023
2022;Zaragoza;Facultad;Escuela de Doctorado;Doctorado: PD Ciencias biomédicas y biotecnológicas [RD 99/2011];Doctorado;Castilla y Leon;Mujeres;No;Tiempo Completo;1;27/08/2023
2022;Zaragoza;Facultad;Escuela de Doctorado;Doctorado: PD Ciencias biomédicas y biotecnológicas [RD 99/2011];Doctorado;Castilla y Leon;Mujeres;No;Tiempo Parcial;1;27/08/2023
2022;Zaragoza;Facultad;Escuela de Doctorado;Doctorado: PD Ciencias biomédicas y biotecnológicas [RD 99/2011];Doctorado;Castilla-La Mancha;Hombres;No;Tiempo Parcial;1;27/08/2023
2022;Zaragoza;Facultad;Escuela de Doctorado;Doctorado: PD Ciencias biomédicas y biotecnológicas [RD 99/2011];Doctorado;Comunidad Valenciana;Hombres;No;Tiempo Parcial;1;27/08/2023
2022;Zaragoza;Facultad;Escuela de Doctorado;Doctorado: PD Ciencias biomédicas y biotecnológicas [RD 99/2011];Doctorado;Comunidad Valenciana;Mujeres;No;Tiempo Completo;1;27/08/2023
2022;Zaragoza;Facultad;Escuela de Doctorado;Doctorado: PD Ciencias biomédicas y biotecnológicas [RD 99/2011];Doctorado;Murcia;Hombres;No;Tiempo Parcial;1;27/08/2023
2022;Zaragoza;Facultad;Escuela de Doctorado;Doctorado: PD Ciencias biomédicas y biotecnológicas [RD 99/2011];Doctorado;No Informado;Hombres;No;Tiempo Completo;1;27/08/2023
2022;Zaragoza;Facultad;Escuela de Doctorado;Doctorado: PD Ciencias biomédicas y biotecnológicas [RD 99/2011];Doctorado;No Informado;Mujeres;No;Tiempo Completo;1;27/08/2023
2022;Zaragoza;Facultad;Escuela de Doctorado;Doctorado: PD Ciencias biomédicas y biotecnológicas [RD 99/2011];Doctorado;Pais Vasco;Hombres;No;Tiempo Parcial;1;27/08/2023
2022;Zaragoza;Facultad;Escuela de Doctorado;Doctorado: PD Ciencias de la antigüedad [RD 99/2011];Doctorado;Andalucía;Mujeres;No;Tiempo Completo;1;27/08/2023
2022;Zaragoza;Facultad;Escuela de Doctorado;Doctorado: PD Ciencias de la antigüedad [RD 99/2011];Doctorado;Aragón;Hombres;No;Tiempo Completo;9;27/08/2023
2022;Zaragoza;Facultad;Escuela de Doctorado;Doctorado: PD Ciencias de la antigüedad [RD 99/2011];Doctorado;Aragón;Hombres;No;Tiempo Parcial;6;27/08/2023
2022;Zaragoza;Facultad;Escuela de Doctorado;Doctorado: PD Ciencias de la antigüedad [RD 99/2011];Doctorado;Aragón;Mujeres;No;Tiempo Completo;3;27/08/2023
2022;Zaragoza;Facultad;Escuela de Doctorado;Doctorado: PD Ciencias de la antigüedad [RD 99/2011];Doctorado;Aragón;Mujeres;No;Tiempo Parcial;7;27/08/2023
2022;Zaragoza;Facultad;Escuela de Doctorado;Doctorado: PD Ciencias de la antigüedad [RD 99/2011];Doctorado;Castilla y Leon;Hombres;No;Tiempo Completo;1;27/08/2023
2022;Zaragoza;Facultad;Escuela de Doctorado;Doctorado: PD Ciencias de la antigüedad [RD 99/2011];Doctorado;Castilla-La Mancha;Hombres;No;Tiempo Completo;1;27/08/2023
2022;Zaragoza;Facultad;Escuela de Doctorado;Doctorado: PD Ciencias de la antigüedad [RD 99/2011];Doctorado;Catalunya;Mujeres;No;Tiempo Completo;1;27/08/2023
2022;Zaragoza;Facultad;Escuela de Doctorado;Doctorado: PD Ciencias de la antigüedad [RD 99/2011];Doctorado;Catalunya;Mujeres;No;Tiempo Parcial;1;27/08/2023
2022;Zaragoza;Facultad;Escuela de Doctorado;Doctorado: PD Ciencias de la antigüedad [RD 99/2011];Doctorado;Comunidad Valenciana;Hombres;No;Tiempo Completo;1;27/08/2023
2022;Zaragoza;Facultad;Escuela de Doctorado;Doctorado: PD Ciencias de la antigüedad [RD 99/2011];Doctorado;La Rioja;Hombres;No;Tiempo Completo;1;27/08/2023
2022;Zaragoza;Facultad;Escuela de Doctorado;Doctorado: PD Ciencias de la antigüedad [RD 99/2011];Doctorado;La Rioja;Hombres;No;Tiempo Parcial;1;27/08/2023
2022;Zaragoza;Facultad;Escuela de Doctorado;Doctorado: PD Ciencias de la antigüedad [RD 99/2011];Doctorado;Navarra;Mujeres;No;Tiempo Completo;1;27/08/2023
2022;Zaragoza;Facultad;Escuela de Doctorado;Doctorado: PD Ciencias de la salud y del deporte [RD 99/2011];Doctorado;Andalucía;Hombres;No;Tiempo Completo;1;27/08/2023
2022;Zaragoza;Facultad;Escuela de Doctorado;Doctorado: PD Ciencias de la salud y del deporte [RD 99/2011];Doctorado;Aragón;Hombres;No;Tiempo Completo;12;27/08/2023
2022;Zaragoza;Facultad;Escuela de Doctorado;Doctorado: PD Ciencias de la salud y del deporte [RD 99/2011];Doctorado;Aragón;Hombres;No;Tiempo Parcial;27;27/08/2023
2022;Zaragoza;Facultad;Escuela de Doctorado;Doctorado: PD Ciencias de la salud y del deporte [RD 99/2011];Doctorado;Aragón;Mujeres;No;Tiempo Completo;19;27/08/2023
2022;Zaragoza;Facultad;Escuela de Doctorado;Doctorado: PD Ciencias de la salud y del deporte [RD 99/2011];Doctorado;Aragón;Mujeres;No;Tiempo Parcial;43;27/08/2023
2022;Zaragoza;Facultad;Escuela de Doctorado;Doctorado: PD Ciencias de la salud y del deporte [RD 99/2011];Doctorado;Asturias;Mujeres;No;Tiempo Completo;1;27/08/2023
2022;Zaragoza;Facultad;Escuela de Doctorado;Doctorado: PD Ciencias de la salud y del deporte [RD 99/2011];Doctorado;Asturias;Mujeres;No;Tiempo Parcial;1;27/08/2023
2022;Zaragoza;Facultad;Escuela de Doctorado;Doctorado: PD Ciencias de la salud y del deporte [RD 99/2011];Doctorado;Castilla y Leon;Mujeres;No;Tiempo Completo;1;27/08/2023
2022;Zaragoza;Facultad;Escuela de Doctorado;Doctorado: PD Ciencias de la salud y del deporte [RD 99/2011];Doctorado;Castilla-La Mancha;Mujeres;No;Tiempo Parcial;1;27/08/2023
2022;Zaragoza;Facultad;Escuela de Doctorado;Doctorado: PD Ciencias de la salud y del deporte [RD 99/2011];Doctorado;Catalunya;Hombres;No;Tiempo Parcial;1;27/08/2023
2022;Zaragoza;Facultad;Escuela de Doctorado;Doctorado: PD Ciencias de la salud y del deporte [RD 99/2011];Doctorado;Catalunya;Mujeres;No;Tiempo Parcial;1;27/08/2023
2022;Zaragoza;Facultad;Escuela de Doctorado;Doctorado: PD Ciencias de la salud y del deporte [RD 99/2011];Doctorado;Comunidad Valenciana;Hombres;No;Tiempo Parcial;1;27/08/2023
2022;Zaragoza;Facultad;Escuela de Doctorado;Doctorado: PD Ciencias de la salud y del deporte [RD 99/2011];Doctorado;Comunidad Valenciana;Mujeres;No;Tiempo Parcial;1;27/08/2023
2022;Zaragoza;Facultad;Escuela de Doctorado;Doctorado: PD Ciencias de la salud y del deporte [RD 99/2011];Doctorado;Galicia;Mujeres;No;Tiempo Completo;1;27/08/2023
2022;Zaragoza;Facultad;Escuela de Doctorado;Doctorado: PD Ciencias de la salud y del deporte [RD 99/2011];Doctorado;La Rioja;Mujeres;No;Tiempo Parcial;2;27/08/2023
2022;Zaragoza;Facultad;Escuela de Doctorado;Doctorado: PD Ciencias de la salud y del deporte [RD 99/2011];Doctorado;Madrid;Hombres;No;Tiempo Parcial;2;27/08/2023
2022;Zaragoza;Facultad;Escuela de Doctorado;Doctorado: PD Ciencias de la salud y del deporte [RD 99/2011];Doctorado;Madrid;Mujeres;No;Tiempo Completo;2;27/08/2023
2022;Zaragoza;Facultad;Escuela de Doctorado;Doctorado: PD Ciencias de la salud y del deporte [RD 99/2011];Doctorado;Madrid;Mujeres;No;Tiempo Parcial;1;27/08/2023
2022;Zaragoza;Facultad;Escuela de Doctorado;Doctorado: PD Ciencias de la salud y del deporte [RD 99/2011];Doctorado;No Informado;Hombres;No;Tiempo Completo;7;27/08/2023
2022;Zaragoza;Facultad;Escuela de Doctorado;Doctorado: PD Ciencias de la salud y del deporte [RD 99/2011];Doctorado;No Informado;Hombres;No;Tiempo Parcial;3;27/08/2023
2022;Zaragoza;Facultad;Escuela de Doctorado;Doctorado: PD Ciencias de la salud y del deporte [RD 99/2011];Doctorado;No Informado;Mujeres;No;Tiempo Completo;4;27/08/2023
2022;Zaragoza;Facultad;Escuela de Doctorado;Doctorado: PD Ciencias de la salud y del deporte [RD 99/2011];Doctorado;No Informado;Mujeres;No;Tiempo Parcial;2;27/08/2023
2022;Zaragoza;Facultad;Escuela de Doctorado;Doctorado: PD Ciencias de la salud y del deporte [RD 99/2011];Doctorado;Pais Vasco;Hombres;No;Tiempo Parcial;2;27/08/2023
2022;Zaragoza;Facultad;Escuela de Doctorado;Doctorado: PD Ciencias de la salud y del deporte [RD 99/2011];Doctorado;Pais Vasco;Mujeres;No;Tiempo Parcial;1;27/08/2023
2022;Zaragoza;Facultad;Escuela de Doctorado;Doctorado: PD Contabilidad y finanzas [RD 99/2011];Doctorado;Aragón;Hombres;No;Tiempo Completo;1;27/08/2023
2022;Zaragoza;Facultad;Escuela de Doctorado;Doctorado: PD Contabilidad y finanzas [RD 99/2011];Doctorado;Aragón;Hombres;No;Tiempo Parcial;4;27/08/2023
2022;Zaragoza;Facultad;Escuela de Doctorado;Doctorado: PD Contabilidad y finanzas [RD 99/2011];Doctorado;Aragón;Mujeres;No;Tiempo Completo;1;27/08/2023
2022;Zaragoza;Facultad;Escuela de Doctorado;Doctorado: PD Contabilidad y finanzas [RD 99/2011];Doctorado;Aragón;Mujeres;No;Tiempo Parcial;7;27/08/2023
2022;Zaragoza;Facultad;Escuela de Doctorado;Doctorado: PD Contabilidad y finanzas [RD 99/2011];Doctorado;Madrid;Hombres;No;Tiempo Completo;1;27/08/2023
2022;Zaragoza;Facultad;Escuela de Doctorado;Doctorado: PD Contabilidad y finanzas [RD 99/2011];Doctorado;No Informado;Hombres;No;Tiempo Completo;4;27/08/2023
2022;Zaragoza;Facultad;Escuela de Doctorado;Doctorado: PD Contabilidad y finanzas [RD 99/2011];Doctorado;No Informado;Hombres;No;Tiempo Parcial;1;27/08/2023
2022;Zaragoza;Facultad;Escuela de Doctorado;Doctorado: PD Contabilidad y finanzas [RD 99/2011];Doctorado;No Informado;Mujeres;No;Tiempo Completo;2;27/08/2023
2022;Zaragoza;Facultad;Escuela de Doctorado;Doctorado: PD Contabilidad y finanzas [RD 99/2011];Doctorado;No Informado;Mujeres;No;Tiempo Parcial;7;27/08/2023
2022;Zaragoza;Facultad;Escuela de Doctorado;Doctorado: PD Derecho [RD 99/2011];Doctorado;Andalucía;Mujeres;No;Tiempo Parcial;1;27/08/2023
2022;Zaragoza;Facultad;Escuela de Doctorado;Doctorado: PD Derecho [RD 99/2011];Doctorado;Aragón;Hombres;No;Tiempo Completo;15;27/08/2023
2022;Zaragoza;Facultad;Escuela de Doctorado;Doctorado: PD Derecho [RD 99/2011];Doctorado;Aragón;Hombres;No;Tiempo Parcial;25;27/08/2023
2022;Zaragoza;Facultad;Escuela de Doctorado;Doctorado: PD Derecho [RD 99/2011];Doctorado;Aragón;Mujeres;No;Tiempo Completo;11;27/08/2023
2022;Zaragoza;Facultad;Escuela de Doctorado;Doctorado: PD Derecho [RD 99/2011];Doctorado;Aragón;Mujeres;No;Tiempo Parcial;24;27/08/2023
2022;Zaragoza;Facultad;Escuela de Doctorado;Doctorado: PD Derecho [RD 99/2011];Doctorado;Baleares;Mujeres;No;Tiempo Parcial;1;27/08/2023
2022;Zaragoza;Facultad;Escuela de Doctorado;Doctorado: PD Derecho [RD 99/2011];Doctorado;Catalunya;Hombres;No;Tiempo Parcial;1;27/08/2023
2022;Zaragoza;Facultad;Escuela de Doctorado;Doctorado: PD Derecho [RD 99/2011];Doctorado;Catalunya;Mujeres;No;Tiempo Completo;1;27/08/2023
2022;Zaragoza;Facultad;Escuela de Doctorado;Doctorado: PD Derecho [RD 99/2011];Doctorado;Comunidad Valenciana;Hombres;No;Tiempo Parcial;1;27/08/2023
2022;Zaragoza;Facultad;Escuela de Doctorado;Doctorado: PD Derecho [RD 99/2011];Doctorado;Galicia;Mujeres;No;Tiempo Parcial;1;27/08/2023
2022;Zaragoza;Facultad;Escuela de Doctorado;Doctorado: PD Derecho [RD 99/2011];Doctorado;La Rioja;Mujeres;No;Tiempo Parcial;1;27/08/2023
2022;Zaragoza;Facultad;Escuela de Doctorado;Doctorado: PD Derecho [RD 99/2011];Doctorado;Madrid;Hombres;No;Tiempo Completo;1;27/08/2023
2022;Zaragoza;Facultad;Escuela de Doctorado;Doctorado: PD Derecho [RD 99/2011];Doctorado;Madrid;Hombres;No;Tiempo Parcial;1;27/08/2023
2022;Zaragoza;Facultad;Escuela de Doctorado;Doctorado: PD Derecho [RD 99/2011];Doctorado;Madrid;Mujeres;No;Tiempo Parcial;2;27/08/2023
2022;Zaragoza;Facultad;Escuela de Doctorado;Doctorado: PD Derecho [RD 99/2011];Doctorado;Navarra;Hombres;No;Tiempo Parcial;1;27/08/2023
2022;Zaragoza;Facultad;Escuela de Doctorado;Doctorado: PD Derecho [RD 99/2011];Doctorado;No Informado;Hombres;No;Tiempo Completo;7;27/08/2023
2022;Zaragoza;Facultad;Escuela de Doctorado;Doctorado: PD Derecho [RD 99/2011];Doctorado;No Informado;Hombres;No;Tiempo Parcial;10;27/08/2023
2022;Zaragoza;Facultad;Escuela de Doctorado;Doctorado: PD Derecho [RD 99/2011];Doctorado;No Informado;Mujeres;No;Tiempo Completo;11;27/08/2023
2022;Zaragoza;Facultad;Escuela de Doctorado;Doctorado: PD Derecho [RD 99/2011];Doctorado;No Informado;Mujeres;No;Tiempo Parcial;7;27/08/2023
2022;Zaragoza;Facultad;Escuela de Doctorado;Doctorado: PD Derechos humanos y libertades fundamentales [RD 99/2011];Doctorado;Andalucía;Mujeres;No;Tiempo Completo;1;27/08/2023
2022;Zaragoza;Facultad;Escuela de Doctorado;Doctorado: PD Derechos humanos y libertades fundamentales [RD 99/2011];Doctorado;Andalucía;Mujeres;No;Tiempo Parcial;1;27/08/2023
2022;Zaragoza;Facultad;Escuela de Doctorado;Doctorado: PD Derechos humanos y libertades fundamentales [RD 99/2011];Doctorado;Aragón;Hombres;No;Tiempo Completo;4;27/08/2023
2022;Zaragoza;Facultad;Escuela de Doctorado;Doctorado: PD Derechos humanos y libertades fundamentales [RD 99/2011];Doctorado;Aragón;Hombres;No;Tiempo Parcial;11;27/08/2023
2022;Zaragoza;Facultad;Escuela de Doctorado;Doctorado: PD Derechos humanos y libertades fundamentales [RD 99/2011];Doctorado;Aragón;Mujeres;No;Tiempo Completo;1;27/08/2023
2022;Zaragoza;Facultad;Escuela de Doctorado;Doctorado: PD Derechos humanos y libertades fundamentales [RD 99/2011];Doctorado;Aragón;Mujeres;No;Tiempo Parcial;10;27/08/2023
2022;Zaragoza;Facultad;Escuela de Doctorado;Doctorado: PD Derechos humanos y libertades fundamentales [RD 99/2011];Doctorado;Canarias;Mujeres;No;Tiempo Parcial;1;27/08/2023
2022;Zaragoza;Facultad;Escuela de Doctorado;Doctorado: PD Derechos humanos y libertades fundamentales [RD 99/2011];Doctorado;Castilla y Leon;Mujeres;No;Tiempo Parcial;1;27/08/2023
2022;Zaragoza;Facultad;Escuela de Doctorado;Doctorado: PD Derechos humanos y libertades fundamentales [RD 99/2011];Doctorado;Castilla-La Mancha;Hombres;No;Tiempo Parcial;1;27/08/2023
2022;Zaragoza;Facultad;Escuela de Doctorado;Doctorado: PD Derechos humanos y libertades fundamentales [RD 99/2011];Doctorado;Catalunya;Mujeres;No;Tiempo Completo;1;27/08/2023
2022;Zaragoza;Facultad;Escuela de Doctorado;Doctorado: PD Derechos humanos y libertades fundamentales [RD 99/2011];Doctorado;Ciudad autónoma de Ceuta;Hombres;No;Tiempo Parcial;2;27/08/2023
2022;Zaragoza;Facultad;Escuela de Doctorado;Doctorado: PD Derechos humanos y libertades fundamentales [RD 99/2011];Doctorado;Comunidad Valenciana;Hombres;No;Tiempo Parcial;1;27/08/2023
2022;Zaragoza;Facultad;Escuela de Doctorado;Doctorado: PD Derechos humanos y libertades fundamentales [RD 99/2011];Doctorado;No Informado;Hombres;No;Tiempo Completo;2;27/08/2023
2022;Zaragoza;Facultad;Escuela de Doctorado;Doctorado: PD Derechos humanos y libertades fundamentales [RD 99/2011];Doctorado;No Informado;Hombres;No;Tiempo Parcial;2;27/08/2023
2022;Zaragoza;Facultad;Escuela de Doctorado;Doctorado: PD Derechos humanos y libertades fundamentales [RD 99/2011];Doctorado;No Informado;Mujeres;No;Tiempo Completo;4;27/08/2023
2022;Zaragoza;Facultad;Escuela de Doctorado;Doctorado: PD Derechos humanos y libertades fundamentales [RD 99/2011];Doctorado;No Informado;Mujeres;No;Tiempo Parcial;4;27/08/2023
2022;Zaragoza;Facultad;Escuela de Doctorado;Doctorado: PD Economía [RD 99/2011];Doctorado;Andalucía;Hombres;No;Tiempo Completo;1;27/08/2023
2022;Zaragoza;Facultad;Escuela de Doctorado;Doctorado: PD Economía [RD 99/2011];Doctorado;Aragón;Hombres;No;Tiempo Completo;11;27/08/2023
2022;Zaragoza;Facultad;Escuela de Doctorado;Doctorado: PD Economía [RD 99/2011];Doctorado;Aragón;Hombres;No;Tiempo Parcial;10;27/08/2023
2022;Zaragoza;Facultad;Escuela de Doctorado;Doctorado: PD Economía [RD 99/2011];Doctorado;Aragón;Mujeres;No;Tiempo Completo;8;27/08/2023
2022;Zaragoza;Facultad;Escuela de Doctorado;Doctorado: PD Economía [RD 99/2011];Doctorado;Aragón;Mujeres;No;Tiempo Parcial;7;27/08/2023
2022;Zaragoza;Facultad;Escuela de Doctorado;Doctorado: PD Economía [RD 99/2011];Doctorado;Castilla-La Mancha;Mujeres;No;Tiempo Parcial;1;27/08/2023
2022;Zaragoza;Facultad;Escuela de Doctorado;Doctorado: PD Economía [RD 99/2011];Doctorado;La Rioja;Hombres;No;Tiempo Completo;1;27/08/2023
2022;Zaragoza;Facultad;Escuela de Doctorado;Doctorado: PD Economía [RD 99/2011];Doctorado;La Rioja;Hombres;No;Tiempo Parcial;1;27/08/2023
2022;Zaragoza;Facultad;Escuela de Doctorado;Doctorado: PD Economía [RD 99/2011];Doctorado;La Rioja;Mujeres;No;Tiempo Parcial;1;27/08/2023
2022;Zaragoza;Facultad;Escuela de Doctorado;Doctorado: PD Economía [RD 99/2011];Doctorado;Navarra;Mujeres;No;Tiempo Completo;1;27/08/2023
2022;Zaragoza;Facultad;Escuela de Doctorado;Doctorado: PD Economía [RD 99/2011];Doctorado;No Informado;Hombres;No;Tiempo Completo;5;27/08/2023
2022;Zaragoza;Facultad;Escuela de Doctorado;Doctorado: PD Economía [RD 99/2011];Doctorado;No Informado;Hombres;No;Tiempo Parcial;4;27/08/2023
2022;Zaragoza;Facultad;Escuela de Doctorado;Doctorado: PD Economía [RD 99/2011];Doctorado;No Informado;Mujeres;No;Tiempo Completo;3;27/08/2023
2022;Zaragoza;Facultad;Escuela de Doctorado;Doctorado: PD Economía [RD 99/2011];Doctorado;No Informado;Mujeres;No;Tiempo Parcial;1;27/08/2023
2022;Zaragoza;Facultad;Escuela de Doctorado;Doctorado: PD Economía y gestión de las organizaciones [RD 99/2011];Doctorado;Aragón;Hombres;No;Tiempo Completo;3;27/08/2023
2022;Zaragoza;Facultad;Escuela de Doctorado;Doctorado: PD Economía y gestión de las organizaciones [RD 99/2011];Doctorado;Aragón;Hombres;No;Tiempo Parcial;12;27/08/2023
2022;Zaragoza;Facultad;Escuela de Doctorado;Doctorado: PD Economía y gestión de las organizaciones [RD 99/2011];Doctorado;Aragón;Mujeres;No;Tiempo Completo;13;27/08/2023
2022;Zaragoza;Facultad;Escuela de Doctorado;Doctorado: PD Economía y gestión de las organizaciones [RD 99/2011];Doctorado;Aragón;Mujeres;No;Tiempo Parcial;6;27/08/2023
2022;Zaragoza;Facultad;Escuela de Doctorado;Doctorado: PD Economía y gestión de las organizaciones [RD 99/2011];Doctorado;Canarias;Mujeres;No;Tiempo Completo;1;27/08/2023
2022;Zaragoza;Facultad;Escuela de Doctorado;Doctorado: PD Economía y gestión de las organizaciones [RD 99/2011];Doctorado;Castilla y Leon;Mujeres;No;Tiempo Parcial;1;27/08/2023
2022;Zaragoza;Facultad;Escuela de Doctorado;Doctorado: PD Economía y gestión de las organizaciones [RD 99/2011];Doctorado;Madrid;Hombres;No;Tiempo Completo;1;27/08/2023
2022;Zaragoza;Facultad;Escuela de Doctorado;Doctorado: PD Economía y gestión de las organizaciones [RD 99/2011];Doctorado;Madrid;Mujeres;No;Tiempo Completo;1;27/08/2023
2022;Zaragoza;Facultad;Escuela de Doctorado;Doctorado: PD Economía y gestión de las organizaciones [RD 99/2011];Doctorado;No Informado;Hombres;No;Tiempo Completo;5;27/08/2023
2022;Zaragoza;Facultad;Escuela de Doctorado;Doctorado: PD Economía y gestión de las organizaciones [RD 99/2011];Doctorado;No Informado;Hombres;No;Tiempo Parcial;2;27/08/2023
2022;Zaragoza;Facultad;Escuela de Doctorado;Doctorado: PD Economía y gestión de las organizaciones [RD 99/2011];Doctorado;No Informado;Mujeres;No;Tiempo Completo;1;27/08/2023
2022;Zaragoza;Facultad;Escuela de Doctorado;Doctorado: PD Economía y gestión de las organizaciones [RD 99/2011];Doctorado;No Informado;Mujeres;No;Tiempo Parcial;1;27/08/2023
2022;Zaragoza;Facultad;Escuela de Doctorado;Doctorado: PD Educación [RD 99/2011];Doctorado;Andalucía;Hombres;No;Tiempo Parcial;1;27/08/2023
2022;Zaragoza;Facultad;Escuela de Doctorado;Doctorado: PD Educación [RD 99/2011];Doctorado;Aragón;Hombres;No;Tiempo Completo;15;27/08/2023
2022;Zaragoza;Facultad;Escuela de Doctorado;Doctorado: PD Educación [RD 99/2011];Doctorado;Aragón;Hombres;No;Tiempo Parcial;21;27/08/2023
2022;Zaragoza;Facultad;Escuela de Doctorado;Doctorado: PD Educación [RD 99/2011];Doctorado;Aragón;Mujeres;No;Tiempo Completo;27;27/08/2023
2022;Zaragoza;Facultad;Escuela de Doctorado;Doctorado: PD Educación [RD 99/2011];Doctorado;Aragón;Mujeres;No;Tiempo Parcial;26;27/08/2023
2022;Zaragoza;Facultad;Escuela de Doctorado;Doctorado: PD Educación [RD 99/2011];Doctorado;Castilla y Leon;Hombres;No;Tiempo Completo;1;27/08/2023
2022;Zaragoza;Facultad;Escuela de Doctorado;Doctorado: PD Educación [RD 99/2011];Doctorado;Castilla y Leon;Mujeres;No;Tiempo Completo;1;27/08/2023
2022;Zaragoza;Facultad;Escuela de Doctorado;Doctorado: PD Educación [RD 99/2011];Doctorado;Catalunya;Mujeres;No;Tiempo Completo;1;27/08/2023
2022;Zaragoza;Facultad;Escuela de Doctorado;Doctorado: PD Educación [RD 99/2011];Doctorado;Comunidad Valenciana;Mujeres;No;Tiempo Parcial;1;27/08/2023
2022;Zaragoza;Facultad;Escuela de Doctorado;Doctorado: PD Educación [RD 99/2011];Doctorado;Galicia;Mujeres;No;Tiempo Parcial;1;27/08/2023
2022;Zaragoza;Facultad;Escuela de Doctorado;Doctorado: PD Educación [RD 99/2011];Doctorado;La Rioja;Mujeres;No;Tiempo Parcial;1;27/08/2023
2022;Zaragoza;Facultad;Escuela de Doctorado;Doctorado: PD Educación [RD 99/2011];Doctorado;Navarra;Hombres;No;Tiempo Completo;1;27/08/2023
2022;Zaragoza;Facultad;Escuela de Doctorado;Doctorado: PD Educación [RD 99/2011];Doctorado;No Informado;Hombres;No;Tiempo Completo;3;27/08/2023
2022;Zaragoza;Facultad;Escuela de Doctorado;Doctorado: PD Educación [RD 99/2011];Doctorado;No Informado;Hombres;No;Tiempo Parcial;1;27/08/2023
2022;Zaragoza;Facultad;Escuela de Doctorado;Doctorado: PD Educación [RD 99/2011];Doctorado;No Informado;Mujeres;No;Tiempo Completo;5;27/08/2023
2022;Zaragoza;Facultad;Escuela de Doctorado;Doctorado: PD Energías renovables y eficiencia energética [RD 99/2011];Doctorado;Aragón;Hombres;No;Tiempo Completo;12;27/08/2023
2022;Zaragoza;Facultad;Escuela de Doctorado;Doctorado: PD Energías renovables y eficiencia energética [RD 99/2011];Doctorado;Aragón;Hombres;No;Tiempo Parcial;13;27/08/2023
2022;Zaragoza;Facultad;Escuela de Doctorado;Doctorado: PD Energías renovables y eficiencia energética [RD 99/2011];Doctorado;Aragón;Mujeres;No;Tiempo Completo;2;27/08/2023
2022;Zaragoza;Facultad;Escuela de Doctorado;Doctorado: PD Energías renovables y eficiencia energética [RD 99/2011];Doctorado;Aragón;Mujeres;No;Tiempo Parcial;4;27/08/2023
2022;Zaragoza;Facultad;Escuela de Doctorado;Doctorado: PD Energías renovables y eficiencia energética [RD 99/2011];Doctorado;Castilla y Leon;Mujeres;No;Tiempo Completo;1;27/08/2023
2022;Zaragoza;Facultad;Escuela de Doctorado;Doctorado: PD Energías renovables y eficiencia energética [RD 99/2011];Doctorado;Catalunya;Hombres;No;Tiempo Parcial;1;27/08/2023
2022;Zaragoza;Facultad;Escuela de Doctorado;Doctorado: PD Energías renovables y eficiencia energética [RD 99/2011];Doctorado;Madrid;Hombres;No;Tiempo Completo;2;27/08/2023
2022;Zaragoza;Facultad;Escuela de Doctorado;Doctorado: PD Energías renovables y eficiencia energética [RD 99/2011];Doctorado;Madrid;Hombres;No;Tiempo Parcial;1;27/08/2023
2022;Zaragoza;Facultad;Escuela de Doctorado;Doctorado: PD Energías renovables y eficiencia energética [RD 99/2011];Doctorado;No Informado;Hombres;No;Tiempo Completo;5;27/08/2023
2022;Zaragoza;Facultad;Escuela de Doctorado;Doctorado: PD Energías renovables y eficiencia energética [RD 99/2011];Doctorado;No Informado;Hombres;No;Tiempo Parcial;2;27/08/2023
2022;Zaragoza;Facultad;Escuela de Doctorado;Doctorado: PD Energías renovables y eficiencia energética [RD 99/2011];Doctorado;No Informado;Mujeres;No;Tiempo Completo;1;27/08/2023
2022;Zaragoza;Facultad;Escuela de Doctorado;Doctorado: PD Estudios ingleses [RD 99/2011];Doctorado;Aragón;Hombres;No;Tiempo Completo;6;27/08/2023
2022;Zaragoza;Facultad;Escuela de Doctorado;Doctorado: PD Estudios ingleses [RD 99/2011];Doctorado;Aragón;Hombres;No;Tiempo Parcial;3;27/08/2023
2022;Zaragoza;Facultad;Escuela de Doctorado;Doctorado: PD Estudios ingleses [RD 99/2011];Doctorado;Aragón;Mujeres;No;Tiempo Completo;10;27/08/2023
2022;Zaragoza;Facultad;Escuela de Doctorado;Doctorado: PD Estudios ingleses [RD 99/2011];Doctorado;Aragón;Mujeres;No;Tiempo Parcial;8;27/08/2023
2022;Zaragoza;Facultad;Escuela de Doctorado;Doctorado: PD Estudios ingleses [RD 99/2011];Doctorado;Castilla y Leon;Mujeres;No;Tiempo Completo;1;27/08/2023
2022;Zaragoza;Facultad;Escuela de Doctorado;Doctorado: PD Estudios ingleses [RD 99/2011];Doctorado;La Rioja;Mujeres;No;Tiempo Parcial;2;27/08/2023
2022;Zaragoza;Facultad;Escuela de Doctorado;Doctorado: PD Estudios ingleses [RD 99/2011];Doctorado;Madrid;Mujeres;No;Tiempo Completo;1;27/08/2023
2022;Zaragoza;Facultad;Escuela de Doctorado;Doctorado: PD Estudios ingleses [RD 99/2011];Doctorado;No Informado;Hombres;No;Tiempo Completo;1;27/08/2023
2022;Zaragoza;Facultad;Escuela de Doctorado;Doctorado: PD Estudios ingleses [RD 99/2011];Doctorado;No Informado;Hombres;No;Tiempo Parcial;1;27/08/2023
2022;Zaragoza;Facultad;Escuela de Doctorado;Doctorado: PD Estudios ingleses [RD 99/2011];Doctorado;No Informado;Mujeres;No;Tiempo Completo;2;27/08/2023
2022;Zaragoza;Facultad;Escuela de Doctorado;Doctorado: PD Filosofía [RD 99/2011];Doctorado;Aragón;Hombres;No;Tiempo Completo;9;27/08/2023
2022;Zaragoza;Facultad;Escuela de Doctorado;Doctorado: PD Filosofía [RD 99/2011];Doctorado;Aragón;Hombres;No;Tiempo Parcial;7;27/08/2023
2022;Zaragoza;Facultad;Escuela de Doctorado;Doctorado: PD Filosofía [RD 99/2011];Doctorado;Aragón;Mujeres;No;Tiempo Completo;3;27/08/2023
2022;Zaragoza;Facultad;Escuela de Doctorado;Doctorado: PD Filosofía [RD 99/2011];Doctorado;Aragón;Mujeres;No;Tiempo Parcial;2;27/08/2023
2022;Zaragoza;Facultad;Escuela de Doctorado;Doctorado: PD Filosofía [RD 99/2011];Doctorado;Baleares;Hombres;No;Tiempo Completo;1;27/08/2023
2022;Zaragoza;Facultad;Escuela de Doctorado;Doctorado: PD Filosofía [RD 99/2011];Doctorado;La Rioja;Mujeres;No;Tiempo Completo;1;27/08/2023
2022;Zaragoza;Facultad;Escuela de Doctorado;Doctorado: PD Filosofía [RD 99/2011];Doctorado;Madrid;Mujeres;No;Tiempo Completo;2;27/08/2023
2022;Zaragoza;Facultad;Escuela de Doctorado;Doctorado: PD Filosofía [RD 99/2011];Doctorado;Madrid;Mujeres;No;Tiempo Parcial;1;27/08/2023
2022;Zaragoza;Facultad;Escuela de Doctorado;Doctorado: PD Filosofía [RD 99/2011];Doctorado;No Informado;Hombres;No;Tiempo Completo;4;27/08/2023
2022;Zaragoza;Facultad;Escuela de Doctorado;Doctorado: PD Filosofía [RD 99/2011];Doctorado;No Informado;Hombres;No;Tiempo Parcial;1;27/08/2023
2022;Zaragoza;Facultad;Escuela de Doctorado;Doctorado: PD Filosofía [RD 99/2011];Doctorado;No Informado;Mujeres;No;Tiempo Completo;1;27/08/2023
2022;Zaragoza;Facultad;Escuela de Doctorado;Doctorado: PD Filosofía [RD 99/2011];Doctorado;No Informado;Mujeres;No;Tiempo Parcial;1;27/08/2023
2022;Zaragoza;Facultad;Escuela de Doctorado;Doctorado: PD Filosofía [RD 99/2011];Doctorado;Pais Vasco;Mujeres;No;Tiempo Parcial;1;27/08/2023
2022;Zaragoza;Facultad;Escuela de Doctorado;Doctorado: PD Física [RD 99/2011];Doctorado;Aragón;Hombres;No;Tiempo Completo;50;27/08/2023
2022;Zaragoza;Facultad;Escuela de Doctorado;Doctorado: PD Física [RD 99/2011];Doctorado;Aragón;Hombres;No;Tiempo Parcial;7;27/08/2023
2022;Zaragoza;Facultad;Escuela de Doctorado;Doctorado: PD Física [RD 99/2011];Doctorado;Aragón;Mujeres;No;Tiempo Completo;14;27/08/2023
2022;Zaragoza;Facultad;Escuela de Doctorado;Doctorado: PD Física [RD 99/2011];Doctorado;Aragón;Mujeres;No;Tiempo Parcial;2;27/08/2023
2022;Zaragoza;Facultad;Escuela de Doctorado;Doctorado: PD Física [RD 99/2011];Doctorado;Castilla y Leon;Hombres;No;Tiempo Completo;1;27/08/2023
2022;Zaragoza;Facultad;Escuela de Doctorado;Doctorado: PD Física [RD 99/2011];Doctorado;Castilla y Leon;Hombres;No;Tiempo Parcial;1;27/08/2023
2022;Zaragoza;Facultad;Escuela de Doctorado;Doctorado: PD Física [RD 99/2011];Doctorado;Catalunya;Hombres;No;Tiempo Completo;3;27/08/2023
2022;Zaragoza;Facultad;Escuela de Doctorado;Doctorado: PD Física [RD 99/2011];Doctorado;Catalunya;Mujeres;No;Tiempo Completo;1;27/08/2023
2022;Zaragoza;Facultad;Escuela de Doctorado;Doctorado: PD Física [RD 99/2011];Doctorado;La Rioja;Hombres;No;Tiempo Completo;1;27/08/2023
2022;Zaragoza;Facultad;Escuela de Doctorado;Doctorado: PD Física [RD 99/2011];Doctorado;La Rioja;Mujeres;No;Tiempo Completo;1;27/08/2023
2022;Zaragoza;Facultad;Escuela de Doctorado;Doctorado: PD Física [RD 99/2011];Doctorado;Navarra;Hombres;No;Tiempo Completo;3;27/08/2023
2022;Zaragoza;Facultad;Escuela de Doctorado;Doctorado: PD Física [RD 99/2011];Doctorado;Navarra;Mujeres;No;Tiempo Completo;2;27/08/2023
2022;Zaragoza;Facultad;Escuela de Doctorado;Doctorado: PD Física [RD 99/2011];Doctorado;No Informado;Hombres;No;Tiempo Completo;7;27/08/2023
2022;Zaragoza;Facultad;Escuela de Doctorado;Doctorado: PD Física [RD 99/2011];Doctorado;No Informado;Mujeres;No;Tiempo Completo;2;27/08/2023
2022;Zaragoza;Facultad;Escuela de Doctorado;Doctorado: PD Geología [RD 99/2011];Doctorado;Aragón;Hombres;No;Tiempo Completo;13;27/08/2023
2022;Zaragoza;Facultad;Escuela de Doctorado;Doctorado: PD Geología [RD 99/2011];Doctorado;Aragón;Hombres;No;Tiempo Parcial;4;27/08/2023
2022;Zaragoza;Facultad;Escuela de Doctorado;Doctorado: PD Geología [RD 99/2011];Doctorado;Aragón;Mujeres;No;Tiempo Completo;8;27/08/2023
2022;Zaragoza;Facultad;Escuela de Doctorado;Doctorado: PD Geología [RD 99/2011];Doctorado;Aragón;Mujeres;No;Tiempo Parcial;1;27/08/2023
2022;Zaragoza;Facultad;Escuela de Doctorado;Doctorado: PD Geología [RD 99/2011];Doctorado;Comunidad Valenciana;Mujeres;No;Tiempo Completo;1;27/08/2023
2022;Zaragoza;Facultad;Escuela de Doctorado;Doctorado: PD Geología [RD 99/2011];Doctorado;La Rioja;Hombres;No;Tiempo Completo;1;27/08/2023
2022;Zaragoza;Facultad;Escuela de Doctorado;Doctorado: PD Geología [RD 99/2011];Doctorado;Madrid;Hombres;No;Tiempo Completo;1;27/08/2023
2022;Zaragoza;Facultad;Escuela de Doctorado;Doctorado: PD Geología [RD 99/2011];Doctorado;Murcia;Mujeres;No;Tiempo Completo;1;27/08/2023
2022;Zaragoza;Facultad;Escuela de Doctorado;Doctorado: PD Geología [RD 99/2011];Doctorado;Navarra;Hombres;No;Tiempo Completo;1;27/08/2023
2022;Zaragoza;Facultad;Escuela de Doctorado;Doctorado: PD Geología [RD 99/2011];Doctorado;No Informado;Hombres;No;Tiempo Completo;1;27/08/2023
2022;Zaragoza;Facultad;Escuela de Doctorado;Doctorado: PD Geología [RD 99/2011];Doctorado;No Informado;Hombres;No;Tiempo Parcial;2;27/08/2023
2022;Zaragoza;Facultad;Escuela de Doctorado;Doctorado: PD Geología [RD 99/2011];Doctorado;No Informado;Mujeres;No;Tiempo Completo;3;27/08/2023
2022;Zaragoza;Facultad;Escuela de Doctorado;Doctorado: PD Historia contemporánea [RD 99/2011];Doctorado;Aragón;Hombres;No;Tiempo Completo;7;27/08/2023
2022;Zaragoza;Facultad;Escuela de Doctorado;Doctorado: PD Historia contemporánea [RD 99/2011];Doctorado;Aragón;Hombres;No;Tiempo Parcial;4;27/08/2023
2022;Zaragoza;Facultad;Escuela de Doctorado;Doctorado: PD Historia contemporánea [RD 99/2011];Doctorado;Aragón;Mujeres;No;Tiempo Completo;4;27/08/2023
2022;Zaragoza;Facultad;Escuela de Doctorado;Doctorado: PD Historia contemporánea [RD 99/2011];Doctorado;Aragón;Mujeres;No;Tiempo Parcial;4;27/08/2023
2022;Zaragoza;Facultad;Escuela de Doctorado;Doctorado: PD Historia contemporánea [RD 99/2011];Doctorado;Canarias;Hombres;No;Tiempo Completo;1;27/08/2023
2022;Zaragoza;Facultad;Escuela de Doctorado;Doctorado: PD Historia contemporánea [RD 99/2011];Doctorado;Castilla-La Mancha;Mujeres;No;Tiempo Parcial;1;27/08/2023
2022;Zaragoza;Facultad;Escuela de Doctorado;Doctorado: PD Historia contemporánea [RD 99/2011];Doctorado;La Rioja;Mujeres;No;Tiempo Parcial;1;27/08/2023
2022;Zaragoza;Facultad;Escuela de Doctorado;Doctorado: PD Historia contemporánea [RD 99/2011];Doctorado;No Informado;Hombres;No;Tiempo Completo;5;27/08/2023
2022;Zaragoza;Facultad;Escuela de Doctorado;Doctorado: PD Historia contemporánea [RD 99/2011];Doctorado;No Informado;Hombres;No;Tiempo Parcial;1;27/08/2023
2022;Zaragoza;Facultad;Escuela de Doctorado;Doctorado: PD Historia contemporánea [RD 99/2011];Doctorado;No Informado;Mujeres;No;Tiempo Parcial;1;27/08/2023
2022;Zaragoza;Facultad;Escuela de Doctorado;Doctorado: PD Historia del arte [RD 99/2011];Doctorado;Andalucía;Mujeres;No;Tiempo Completo;1;27/08/2023
2022;Zaragoza;Facultad;Escuela de Doctorado;Doctorado: PD Historia del arte [RD 99/2011];Doctorado;Andalucía;Mujeres;No;Tiempo Parcial;1;27/08/2023
2022;Zaragoza;Facultad;Escuela de Doctorado;Doctorado: PD Historia del arte [RD 99/2011];Doctorado;Aragón;Hombres;No;Tiempo Completo;12;27/08/2023
2022;Zaragoza;Facultad;Escuela de Doctorado;Doctorado: PD Historia del arte [RD 99/2011];Doctorado;Aragón;Hombres;No;Tiempo Parcial;6;27/08/2023
2022;Zaragoza;Facultad;Escuela de Doctorado;Doctorado: PD Historia del arte [RD 99/2011];Doctorado;Aragón;Mujeres;No;Tiempo Completo;12;27/08/2023
2022;Zaragoza;Facultad;Escuela de Doctorado;Doctorado: PD Historia del arte [RD 99/2011];Doctorado;Aragón;Mujeres;No;Tiempo Parcial;9;27/08/2023
2022;Zaragoza;Facultad;Escuela de Doctorado;Doctorado: PD Historia del arte [RD 99/2011];Doctorado;Castilla y Leon;Mujeres;No;Tiempo Completo;1;27/08/2023
2022;Zaragoza;Facultad;Escuela de Doctorado;Doctorado: PD Historia del arte [RD 99/2011];Doctorado;Castilla-La Mancha;Hombres;No;Tiempo Completo;1;27/08/2023
2022;Zaragoza;Facultad;Escuela de Doctorado;Doctorado: PD Historia del arte [RD 99/2011];Doctorado;Catalunya;Mujeres;No;Tiempo Completo;1;27/08/2023
2022;Zaragoza;Facultad;Escuela de Doctorado;Doctorado: PD Historia del arte [RD 99/2011];Doctorado;Comunidad Valenciana;Hombres;No;Tiempo Completo;2;27/08/2023
2022;Zaragoza;Facultad;Escuela de Doctorado;Doctorado: PD Historia del arte [RD 99/2011];Doctorado;Madrid;Hombres;No;Tiempo Parcial;1;27/08/2023
2022;Zaragoza;Facultad;Escuela de Doctorado;Doctorado: PD Historia del arte [RD 99/2011];Doctorado;Navarra;Mujeres;No;Tiempo Completo;1;27/08/2023
2022;Zaragoza;Facultad;Escuela de Doctorado;Doctorado: PD Historia del arte [RD 99/2011];Doctorado;No Informado;Mujeres;No;Tiempo Completo;1;27/08/2023
2022;Zaragoza;Facultad;Escuela de Doctorado;Doctorado: PD Historia, sociedad y cultura: épocas medieval y moderna [RD 99/2011];Doctorado;Andalucía;Hombres;No;Tiempo Completo;1;27/08/2023
2022;Zaragoza;Facultad;Escuela de Doctorado;Doctorado: PD Historia, sociedad y cultura: épocas medieval y moderna [RD 99/2011];Doctorado;Aragón;Hombres;No;Tiempo Completo;3;27/08/2023
2022;Zaragoza;Facultad;Escuela de Doctorado;Doctorado: PD Historia, sociedad y cultura: épocas medieval y moderna [RD 99/2011];Doctorado;Aragón;Hombres;No;Tiempo Parcial;6;27/08/2023
2022;Zaragoza;Facultad;Escuela de Doctorado;Doctorado: PD Historia, sociedad y cultura: épocas medieval y moderna [RD 99/2011];Doctorado;Aragón;Mujeres;No;Tiempo Completo;4;27/08/2023
2022;Zaragoza;Facultad;Escuela de Doctorado;Doctorado: PD Historia, sociedad y cultura: épocas medieval y moderna [RD 99/2011];Doctorado;Aragón;Mujeres;No;Tiempo Parcial;1;27/08/2023
2022;Zaragoza;Facultad;Escuela de Doctorado;Doctorado: PD Historia, sociedad y cultura: épocas medieval y moderna [RD 99/2011];Doctorado;Navarra;Hombres;No;Tiempo Completo;2;27/08/2023
2022;Zaragoza;Facultad;Escuela de Doctorado;Doctorado: PD Historia, sociedad y cultura: épocas medieval y moderna [RD 99/2011];Doctorado;Navarra;Mujeres;No;Tiempo Completo;2;27/08/2023
2022;Zaragoza;Facultad;Escuela de Doctorado;Doctorado: PD Historia, sociedad y cultura: épocas medieval y moderna [RD 99/2011];Doctorado;No Informado;Mujeres;No;Tiempo Completo;1;27/08/2023
2022;Zaragoza;Facultad;Escuela de Doctorado;Doctorado: PD Historia, sociedad y cultura: épocas medieval y moderna [RD 99/2011];Doctorado;Pais Vasco;Hombres;No;Tiempo Parcial;1;27/08/2023
2022;Zaragoza;Facultad;Escuela de Doctorado;Doctorado: PD Información y Comunicación [RD 99/2011];Doctorado;Andalucía;Mujeres;No;Tiempo Completo;1;27/08/2023
2022;Zaragoza;Facultad;Escuela de Doctorado;Doctorado: PD Información y Comunicación [RD 99/2011];Doctorado;Aragón;Hombres;No;Tiempo Completo;5;27/08/2023
2022;Zaragoza;Facultad;Escuela de Doctorado;Doctorado: PD Información y Comunicación [RD 99/2011];Doctorado;Aragón;Hombres;No;Tiempo Parcial;6;27/08/2023
2022;Zaragoza;Facultad;Escuela de Doctorado;Doctorado: PD Información y Comunicación [RD 99/2011];Doctorado;Aragón;Mujeres;No;Tiempo Completo;8;27/08/2023
2022;Zaragoza;Facultad;Escuela de Doctorado;Doctorado: PD Información y Comunicación [RD 99/2011];Doctorado;Aragón;Mujeres;No;Tiempo Parcial;8;27/08/2023
2022;Zaragoza;Facultad;Escuela de Doctorado;Doctorado: PD Información y Comunicación [RD 99/2011];Doctorado;Castilla y Leon;Mujeres;No;Tiempo Parcial;1;27/08/2023
2022;Zaragoza;Facultad;Escuela de Doctorado;Doctorado: PD Información y Comunicación [RD 99/2011];Doctorado;No Informado;Hombres;No;Tiempo Completo;1;27/08/2023
2022;Zaragoza;Facultad;Escuela de Doctorado;Doctorado: PD Información y Comunicación [RD 99/2011];Doctorado;No Informado;Hombres;No;Tiempo Parcial;1;27/08/2023
2022;Zaragoza;Facultad;Escuela de Doctorado;Doctorado: PD Información y Comunicación [RD 99/2011];Doctorado;No Informado;Mujeres;No;Tiempo Completo;5;27/08/2023
2022;Zaragoza;Facultad;Escuela de Doctorado;Doctorado: PD Información y Comunicación [RD 99/2011];Doctorado;No Informado;Mujeres;No;Tiempo Parcial;1;27/08/2023
2022;Zaragoza;Facultad;Escuela de Doctorado;Doctorado: PD Ingeniería biomédica [RD 99/2011];Doctorado;Andalucía;Hombres;No;Tiempo Completo;2;27/08/2023
2022;Zaragoza;Facultad;Escuela de Doctorado;Doctorado: PD Ingeniería biomédica [RD 99/2011];Doctorado;Andalucía;Mujeres;No;Tiempo Completo;1;27/08/2023
2022;Zaragoza;Facultad;Escuela de Doctorado;Doctorado: PD Ingeniería biomédica [RD 99/2011];Doctorado;Aragón;Hombres;No;Tiempo Completo;21;27/08/2023
2022;Zaragoza;Facultad;Escuela de Doctorado;Doctorado: PD Ingeniería biomédica [RD 99/2011];Doctorado;Aragón;Hombres;No;Tiempo Parcial;7;27/08/2023
2022;Zaragoza;Facultad;Escuela de Doctorado;Doctorado: PD Ingeniería biomédica [RD 99/2011];Doctorado;Aragón;Mujeres;No;Tiempo Completo;20;27/08/2023
2022;Zaragoza;Facultad;Escuela de Doctorado;Doctorado: PD Ingeniería biomédica [RD 99/2011];Doctorado;Aragón;Mujeres;No;Tiempo Parcial;2;27/08/2023
2022;Zaragoza;Facultad;Escuela de Doctorado;Doctorado: PD Ingeniería biomédica [RD 99/2011];Doctorado;Extremadura;Mujeres;No;Tiempo Completo;1;27/08/2023
2022;Zaragoza;Facultad;Escuela de Doctorado;Doctorado: PD Ingeniería biomédica [RD 99/2011];Doctorado;La Rioja;Mujeres;No;Tiempo Completo;1;27/08/2023
2022;Zaragoza;Facultad;Escuela de Doctorado;Doctorado: PD Ingeniería biomédica [RD 99/2011];Doctorado;Madrid;Mujeres;No;Tiempo Completo;3;27/08/2023
2022;Zaragoza;Facultad;Escuela de Doctorado;Doctorado: PD Ingeniería biomédica [RD 99/2011];Doctorado;Murcia;Mujeres;No;Tiempo Completo;1;27/08/2023
2022;Zaragoza;Facultad;Escuela de Doctorado;Doctorado: PD Ingeniería biomédica [RD 99/2011];Doctorado;No Informado;Hombres;No;Tiempo Completo;2;27/08/2023
2022;Zaragoza;Facultad;Escuela de Doctorado;Doctorado: PD Ingeniería biomédica [RD 99/2011];Doctorado;Pais Vasco;Mujeres;No;Tiempo Completo;2;27/08/2023
2022;Zaragoza;Facultad;Escuela de Doctorado;Doctorado: PD Ingeniería de diseño y fabricación [RD 99/2011];Doctorado;Aragón;Hombres;No;Tiempo Completo;6;27/08/2023
2022;Zaragoza;Facultad;Escuela de Doctorado;Doctorado: PD Ingeniería de diseño y fabricación [RD 99/2011];Doctorado;Aragón;Hombres;No;Tiempo Parcial;12;27/08/2023
2022;Zaragoza;Facultad;Escuela de Doctorado;Doctorado: PD Ingeniería de diseño y fabricación [RD 99/2011];Doctorado;Aragón;Mujeres;No;Tiempo Completo;5;27/08/2023
2022;Zaragoza;Facultad;Escuela de Doctorado;Doctorado: PD Ingeniería de diseño y fabricación [RD 99/2011];Doctorado;Aragón;Mujeres;No;Tiempo Parcial;8;27/08/2023
2022;Zaragoza;Facultad;Escuela de Doctorado;Doctorado: PD Ingeniería de diseño y fabricación [RD 99/2011];Doctorado;Cantabria;Hombres;No;Tiempo Parcial;1;27/08/2023
2022;Zaragoza;Facultad;Escuela de Doctorado;Doctorado: PD Ingeniería de diseño y fabricación [RD 99/2011];Doctorado;Cantabria;Mujeres;No;Tiempo Completo;1;27/08/2023
2022;Zaragoza;Facultad;Escuela de Doctorado;Doctorado: PD Ingeniería de diseño y fabricación [RD 99/2011];Doctorado;Navarra;Hombres;No;Tiempo Parcial;1;27/08/2023
2022;Zaragoza;Facultad;Escuela de Doctorado;Doctorado: PD Ingeniería de diseño y fabricación [RD 99/2011];Doctorado;Navarra;Mujeres;No;Tiempo Completo;1;27/08/2023
2022;Zaragoza;Facultad;Escuela de Doctorado;Doctorado: PD Ingeniería de diseño y fabricación [RD 99/2011];Doctorado;No Informado;Hombres;No;Tiempo Parcial;1;27/08/2023
2022;Zaragoza;Facultad;Escuela de Doctorado;Doctorado: PD Ingeniería de diseño y fabricación [RD 99/2011];Doctorado;Pais Vasco;Hombres;No;Tiempo Completo;1;27/08/2023
2022;Zaragoza;Facultad;Escuela de Doctorado;Doctorado: PD Ingeniería de diseño y fabricación [RD 99/2011];Doctorado;Pais Vasco;Hombres;No;Tiempo Parcial;2;27/08/2023
2022;Zaragoza;Facultad;Escuela de Doctorado;Doctorado: PD Ingeniería de sistemas e informática [RD 99/2011];Doctorado;Aragón;Hombres;No;Tiempo Completo;50;27/08/2023
2022;Zaragoza;Facultad;Escuela de Doctorado;Doctorado: PD Ingeniería de sistemas e informática [RD 99/2011];Doctorado;Aragón;Hombres;No;Tiempo Parcial;8;27/08/2023
2022;Zaragoza;Facultad;Escuela de Doctorado;Doctorado: PD Ingeniería de sistemas e informática [RD 99/2011];Doctorado;Aragón;Mujeres;No;Tiempo Completo;7;27/08/2023
2022;Zaragoza;Facultad;Escuela de Doctorado;Doctorado: PD Ingeniería de sistemas e informática [RD 99/2011];Doctorado;Aragón;Mujeres;No;Tiempo Parcial;3;27/08/2023
2022;Zaragoza;Facultad;Escuela de Doctorado;Doctorado: PD Ingeniería de sistemas e informática [RD 99/2011];Doctorado;Castilla y Leon;Hombres;No;Tiempo Parcial;1;27/08/2023
2022;Zaragoza;Facultad;Escuela de Doctorado;Doctorado: PD Ingeniería de sistemas e informática [RD 99/2011];Doctorado;La Rioja;Hombres;No;Tiempo Completo;1;27/08/2023
2022;Zaragoza;Facultad;Escuela de Doctorado;Doctorado: PD Ingeniería de sistemas e informática [RD 99/2011];Doctorado;Navarra;Hombres;No;Tiempo Parcial;1;27/08/2023
2022;Zaragoza;Facultad;Escuela de Doctorado;Doctorado: PD Ingeniería de sistemas e informática [RD 99/2011];Doctorado;No Informado;Hombres;No;Tiempo Completo;8;27/08/2023
2022;Zaragoza;Facultad;Escuela de Doctorado;Doctorado: PD Ingeniería de sistemas e informática [RD 99/2011];Doctorado;No Informado;Hombres;No;Tiempo Parcial;5;27/08/2023
2022;Zaragoza;Facultad;Escuela de Doctorado;Doctorado: PD Ingeniería de sistemas e informática [RD 99/2011];Doctorado;No Informado;Mujeres;No;Tiempo Completo;4;27/08/2023
2022;Zaragoza;Facultad;Escuela de Doctorado;Doctorado: PD Ingeniería de sistemas e informática [RD 99/2011];Doctorado;No Informado;Mujeres;No;Tiempo Parcial;1;27/08/2023
2022;Zaragoza;Facultad;Escuela de Doctorado;Doctorado: PD Ingeniería electrónica [RD 99/2011];Doctorado;Aragón;Hombres;No;Tiempo Completo;11;27/08/2023
2022;Zaragoza;Facultad;Escuela de Doctorado;Doctorado: PD Ingeniería electrónica [RD 99/2011];Doctorado;Aragón;Hombres;No;Tiempo Parcial;15;27/08/2023
2022;Zaragoza;Facultad;Escuela de Doctorado;Doctorado: PD Ingeniería electrónica [RD 99/2011];Doctorado;Aragón;Mujeres;No;Tiempo Parcial;1;27/08/2023
2022;Zaragoza;Facultad;Escuela de Doctorado;Doctorado: PD Ingeniería electrónica [RD 99/2011];Doctorado;Navarra;Hombres;No;Tiempo Completo;1;27/08/2023
2022;Zaragoza;Facultad;Escuela de Doctorado;Doctorado: PD Ingeniería electrónica [RD 99/2011];Doctorado;No Informado;Hombres;No;Tiempo Completo;1;27/08/2023
2022;Zaragoza;Facultad;Escuela de Doctorado;Doctorado: PD Ingeniería electrónica [RD 99/2011];Doctorado;No Informado;Hombres;No;Tiempo Parcial;5;27/08/2023
2022;Zaragoza;Facultad;Escuela de Doctorado;Doctorado: PD Ingeniería electrónica [RD 99/2011];Doctorado;No Informado;Mujeres;No;Tiempo Completo;1;27/08/2023
2022;Zaragoza;Facultad;Escuela de Doctorado;Doctorado: PD Ingeniería electrónica [RD 99/2011];Doctorado;No Informado;Mujeres;No;Tiempo Parcial;1;27/08/2023
2022;Zaragoza;Facultad;Escuela de Doctorado;Doctorado: PD Ingeniería electrónica [RD 99/2011];Doctorado;Pais Vasco;Mujeres;No;Tiempo Completo;1;27/08/2023
2022;Zaragoza;Facultad;Escuela de Doctorado;Doctorado: PD Ingeniería mecánica [RD 99/2011];Doctorado;Aragón;Hombres;No;Tiempo Completo;16;27/08/2023
2022;Zaragoza;Facultad;Escuela de Doctorado;Doctorado: PD Ingeniería mecánica [RD 99/2011];Doctorado;Aragón;Hombres;No;Tiempo Parcial;17;27/08/2023
2022;Zaragoza;Facultad;Escuela de Doctorado;Doctorado: PD Ingeniería mecánica [RD 99/2011];Doctorado;Aragón;Mujeres;No;Tiempo Completo;5;27/08/2023
2022;Zaragoza;Facultad;Escuela de Doctorado;Doctorado: PD Ingeniería mecánica [RD 99/2011];Doctorado;Aragón;Mujeres;No;Tiempo Parcial;4;27/08/2023
2022;Zaragoza;Facultad;Escuela de Doctorado;Doctorado: PD Ingeniería mecánica [RD 99/2011];Doctorado;Canarias;Hombres;No;Tiempo Completo;1;27/08/2023
2022;Zaragoza;Facultad;Escuela de Doctorado;Doctorado: PD Ingeniería mecánica [RD 99/2011];Doctorado;Madrid;Hombres;No;Tiempo Completo;1;27/08/2023
2022;Zaragoza;Facultad;Escuela de Doctorado;Doctorado: PD Ingeniería mecánica [RD 99/2011];Doctorado;No Informado;Hombres;No;Tiempo Completo;5;27/08/2023
2022;Zaragoza;Facultad;Escuela de Doctorado;Doctorado: PD Ingeniería mecánica [RD 99/2011];Doctorado;No Informado;Hombres;No;Tiempo Parcial;2;27/08/2023
2022;Zaragoza;Facultad;Escuela de Doctorado;Doctorado: PD Ingeniería mecánica [RD 99/2011];Doctorado;No Informado;Mujeres;No;Tiempo Completo;2;27/08/2023
2022;Zaragoza;Facultad;Escuela de Doctorado;Doctorado: PD Ingeniería mecánica [RD 99/2011];Doctorado;No Informado;Mujeres;No;Tiempo Parcial;1;27/08/2023
2022;Zaragoza;Facultad;Escuela de Doctorado;Doctorado: PD Ingeniería química y del medio ambiente [RD 99/2011];Doctorado;Andalucía;Hombres;No;Tiempo Completo;5;27/08/2023
2022;Zaragoza;Facultad;Escuela de Doctorado;Doctorado: PD Ingeniería química y del medio ambiente [RD 99/2011];Doctorado;Andalucía;Mujeres;No;Tiempo Completo;1;27/08/2023
2022;Zaragoza;Facultad;Escuela de Doctorado;Doctorado: PD Ingeniería química y del medio ambiente [RD 99/2011];Doctorado;Aragón;Hombres;No;Tiempo Completo;35;27/08/2023
2022;Zaragoza;Facultad;Escuela de Doctorado;Doctorado: PD Ingeniería química y del medio ambiente [RD 99/2011];Doctorado;Aragón;Hombres;No;Tiempo Parcial;1;27/08/2023
2022;Zaragoza;Facultad;Escuela de Doctorado;Doctorado: PD Ingeniería química y del medio ambiente [RD 99/2011];Doctorado;Aragón;Mujeres;No;Tiempo Completo;23;27/08/2023
2022;Zaragoza;Facultad;Escuela de Doctorado;Doctorado: PD Ingeniería química y del medio ambiente [RD 99/2011];Doctorado;Aragón;Mujeres;No;Tiempo Parcial;3;27/08/2023
2022;Zaragoza;Facultad;Escuela de Doctorado;Doctorado: PD Ingeniería química y del medio ambiente [RD 99/2011];Doctorado;Canarias;Mujeres;No;Tiempo Completo;1;27/08/2023
2022;Zaragoza;Facultad;Escuela de Doctorado;Doctorado: PD Ingeniería química y del medio ambiente [RD 99/2011];Doctorado;Castilla y Leon;Hombres;No;Tiempo Completo;1;27/08/2023
2022;Zaragoza;Facultad;Escuela de Doctorado;Doctorado: PD Ingeniería química y del medio ambiente [RD 99/2011];Doctorado;Castilla y Leon;Mujeres;No;Tiempo Completo;1;27/08/2023
2022;Zaragoza;Facultad;Escuela de Doctorado;Doctorado: PD Ingeniería química y del medio ambiente [RD 99/2011];Doctorado;Comunidad Valenciana;Mujeres;No;Tiempo Completo;1;27/08/2023
2022;Zaragoza;Facultad;Escuela de Doctorado;Doctorado: PD Ingeniería química y del medio ambiente [RD 99/2011];Doctorado;Madrid;Hombres;No;Tiempo Completo;2;27/08/2023
2022;Zaragoza;Facultad;Escuela de Doctorado;Doctorado: PD Ingeniería química y del medio ambiente [RD 99/2011];Doctorado;No Informado;Hombres;No;Tiempo Completo;4;27/08/2023
2022;Zaragoza;Facultad;Escuela de Doctorado;Doctorado: PD Ingeniería química y del medio ambiente [RD 99/2011];Doctorado;No Informado;Hombres;No;Tiempo Parcial;3;27/08/2023
2022;Zaragoza;Facultad;Escuela de Doctorado;Doctorado: PD Ingeniería química y del medio ambiente [RD 99/2011];Doctorado;No Informado;Mujeres;No;Tiempo Completo;5;27/08/2023
2022;Zaragoza;Facultad;Escuela de Doctorado;Doctorado: PD Ingeniería química y del medio ambiente [RD 99/2011];Doctorado;No Informado;Mujeres;No;Tiempo Parcial;2;27/08/2023
2022;Zaragoza;Facultad;Escuela de Doctorado;Doctorado: PD Ingeniería química y del medio ambiente [RD 99/2011];Doctorado;Pais Vasco;Hombres;No;Tiempo Completo;2;27/08/2023
2022;Zaragoza;Facultad;Escuela de Doctorado;Doctorado: PD Lingüística hispánica [RD 99/2011];Doctorado;Aragón;Hombres;No;Tiempo Completo;2;27/08/2023
2022;Zaragoza;Facultad;Escuela de Doctorado;Doctorado: PD Lingüística hispánica [RD 99/2011];Doctorado;Aragón;Hombres;No;Tiempo Parcial;2;27/08/2023
2022;Zaragoza;Facultad;Escuela de Doctorado;Doctorado: PD Lingüística hispánica [RD 99/2011];Doctorado;Aragón;Mujeres;No;Tiempo Completo;6;27/08/2023
2022;Zaragoza;Facultad;Escuela de Doctorado;Doctorado: PD Lingüística hispánica [RD 99/2011];Doctorado;Aragón;Mujeres;No;Tiempo Parcial;4;27/08/2023
2022;Zaragoza;Facultad;Escuela de Doctorado;Doctorado: PD Lingüística hispánica [RD 99/2011];Doctorado;Galicia;Mujeres;No;Tiempo Parcial;1;27/08/2023
2022;Zaragoza;Facultad;Escuela de Doctorado;Doctorado: PD Lingüística hispánica [RD 99/2011];Doctorado;No Informado;Hombres;No;Tiempo Completo;3;27/08/2023
2022;Zaragoza;Facultad;Escuela de Doctorado;Doctorado: PD Lingüística hispánica [RD 99/2011];Doctorado;No Informado;Mujeres;No;Tiempo Completo;5;27/08/2023
2022;Zaragoza;Facultad;Escuela de Doctorado;Doctorado: PD Lingüística hispánica [RD 99/2011];Doctorado;No Informado;Mujeres;No;Tiempo Parcial;2;27/08/2023
2022;Zaragoza;Facultad;Escuela de Doctorado;Doctorado: PD Literaturas hispánicas [RD 99/2011];Doctorado;Aragón;Hombres;No;Tiempo Completo;4;27/08/2023
2022;Zaragoza;Facultad;Escuela de Doctorado;Doctorado: PD Literaturas hispánicas [RD 99/2011];Doctorado;Aragón;Hombres;No;Tiempo Parcial;1;27/08/2023
2022;Zaragoza;Facultad;Escuela de Doctorado;Doctorado: PD Literaturas hispánicas [RD 99/2011];Doctorado;Aragón;Mujeres;No;Tiempo Completo;9;27/08/2023
2022;Zaragoza;Facultad;Escuela de Doctorado;Doctorado: PD Literaturas hispánicas [RD 99/2011];Doctorado;Aragón;Mujeres;No;Tiempo Parcial;5;27/08/2023
2022;Zaragoza;Facultad;Escuela de Doctorado;Doctorado: PD Literaturas hispánicas [RD 99/2011];Doctorado;Castilla y Leon;Mujeres;No;Tiempo Completo;1;27/08/2023
2022;Zaragoza;Facultad;Escuela de Doctorado;Doctorado: PD Literaturas hispánicas [RD 99/2011];Doctorado;Galicia;Hombres;No;Tiempo Completo;1;27/08/2023
2022;Zaragoza;Facultad;Escuela de Doctorado;Doctorado: PD Literaturas hispánicas [RD 99/2011];Doctorado;No Informado;Hombres;No;Tiempo Completo;1;27/08/2023
2022;Zaragoza;Facultad;Escuela de Doctorado;Doctorado: PD Literaturas hispánicas [RD 99/2011];Doctorado;No Informado;Hombres;No;Tiempo Parcial;1;27/08/2023
2022;Zaragoza;Facultad;Escuela de Doctorado;Doctorado: PD Literaturas hispánicas [RD 99/2011];Doctorado;No Informado;Mujeres;No;Tiempo Completo;2;27/08/2023
2022;Zaragoza;Facultad;Escuela de Doctorado;Doctorado: PD Logística y gestión de la cadena de suministro [RD 99/2011];Doctorado;Aragón;Hombres;No;Tiempo Completo;2;27/08/2023
2022;Zaragoza;Facultad;Escuela de Doctorado;Doctorado: PD Logística y gestión de la cadena de suministro [RD 99/2011];Doctorado;Aragón;Mujeres;No;Tiempo Completo;1;27/08/2023
2022;Zaragoza;Facultad;Escuela de Doctorado;Doctorado: PD Matemáticas y estadística [RD 99/2011];Doctorado;Andalucía;Hombres;No;Tiempo Completo;1;27/08/2023
2022;Zaragoza;Facultad;Escuela de Doctorado;Doctorado: PD Matemáticas y estadística [RD 99/2011];Doctorado;Aragón;Hombres;No;Tiempo Completo;11;27/08/2023
2022;Zaragoza;Facultad;Escuela de Doctorado;Doctorado: PD Matemáticas y estadística [RD 99/2011];Doctorado;Aragón;Hombres;No;Tiempo Parcial;2;27/08/2023
2022;Zaragoza;Facultad;Escuela de Doctorado;Doctorado: PD Matemáticas y estadística [RD 99/2011];Doctorado;Aragón;Mujeres;No;Tiempo Completo;2;27/08/2023
2022;Zaragoza;Facultad;Escuela de Doctorado;Doctorado: PD Matemáticas y estadística [RD 99/2011];Doctorado;Aragón;Mujeres;No;Tiempo Parcial;3;27/08/2023
2022;Zaragoza;Facultad;Escuela de Doctorado;Doctorado: PD Matemáticas y estadística [RD 99/2011];Doctorado;Galicia;Hombres;No;Tiempo Parcial;1;27/08/2023
2022;Zaragoza;Facultad;Escuela de Doctorado;Doctorado: PD Matemáticas y estadística [RD 99/2011];Doctorado;Navarra;Hombres;No;Tiempo Completo;1;27/08/2023
2022;Zaragoza;Facultad;Escuela de Doctorado;Doctorado: PD Matemáticas y estadística [RD 99/2011];Doctorado;No Informado;Hombres;No;Tiempo Completo;3;27/08/2023
2022;Zaragoza;Facultad;Escuela de Doctorado;Doctorado: PD Matemáticas y estadística [RD 99/2011];Doctorado;No Informado;Mujeres;No;Tiempo Completo;1;27/08/2023
2022;Zaragoza;Facultad;Escuela de Doctorado;Doctorado: PD Mecánica de fluidos [RD 99/2011];Doctorado;Aragón;Hombres;No;Tiempo Completo;7;27/08/2023
2022;Zaragoza;Facultad;Escuela de Doctorado;Doctorado: PD Mecánica de fluidos [RD 99/2011];Doctorado;Aragón;Hombres;No;Tiempo Parcial;2;27/08/2023
2022;Zaragoza;Facultad;Escuela de Doctorado;Doctorado: PD Mecánica de fluidos [RD 99/2011];Doctorado;Aragón;Mujeres;No;Tiempo Completo;1;27/08/2023
2022;Zaragoza;Facultad;Escuela de Doctorado;Doctorado: PD Mecánica de fluidos [RD 99/2011];Doctorado;No Informado;Hombres;No;Tiempo Parcial;1;27/08/2023
2022;Zaragoza;Facultad;Escuela de Doctorado;Doctorado: PD Mecánica de fluidos [RD 99/2011];Doctorado;No Informado;Mujeres;No;Tiempo Parcial;1;27/08/2023
2022;Zaragoza;Facultad;Escuela de Doctorado;Doctorado: PD Medicina [RD 99/2011];Doctorado;Aragón;Hombres;No;Tiempo Completo;16;27/08/2023
2022;Zaragoza;Facultad;Escuela de Doctorado;Doctorado: PD Medicina [RD 99/2011];Doctorado;Aragón;Hombres;No;Tiempo Parcial;76;27/08/2023
2022;Zaragoza;Facultad;Escuela de Doctorado;Doctorado: PD Medicina [RD 99/2011];Doctorado;Aragón;Mujeres;No;Tiempo Completo;34;27/08/2023
2022;Zaragoza;Facultad;Escuela de Doctorado;Doctorado: PD Medicina [RD 99/2011];Doctorado;Aragón;Mujeres;No;Tiempo Parcial;137;27/08/2023
2022;Zaragoza;Facultad;Escuela de Doctorado;Doctorado: PD Medicina [RD 99/2011];Doctorado;Asturias;Mujeres;No;Tiempo Parcial;1;27/08/2023
2022;Zaragoza;Facultad;Escuela de Doctorado;Doctorado: PD Medicina [RD 99/2011];Doctorado;Canarias;Hombres;No;Tiempo Completo;1;27/08/2023
2022;Zaragoza;Facultad;Escuela de Doctorado;Doctorado: PD Medicina [RD 99/2011];Doctorado;Castilla y Leon;Hombres;No;Tiempo Parcial;1;27/08/2023
2022;Zaragoza;Facultad;Escuela de Doctorado;Doctorado: PD Medicina [RD 99/2011];Doctorado;Castilla y Leon;Mujeres;No;Tiempo Parcial;6;27/08/2023
2022;Zaragoza;Facultad;Escuela de Doctorado;Doctorado: PD Medicina [RD 99/2011];Doctorado;Castilla-La Mancha;Mujeres;No;Tiempo Parcial;3;27/08/2023
2022;Zaragoza;Facultad;Escuela de Doctorado;Doctorado: PD Medicina [RD 99/2011];Doctorado;Catalunya;Mujeres;No;Tiempo Completo;1;27/08/2023
2022;Zaragoza;Facultad;Escuela de Doctorado;Doctorado: PD Medicina [RD 99/2011];Doctorado;Catalunya;Mujeres;No;Tiempo Parcial;5;27/08/2023
2022;Zaragoza;Facultad;Escuela de Doctorado;Doctorado: PD Medicina [RD 99/2011];Doctorado;Comunidad Valenciana;Hombres;No;Tiempo Completo;1;27/08/2023
2022;Zaragoza;Facultad;Escuela de Doctorado;Doctorado: PD Medicina [RD 99/2011];Doctorado;Comunidad Valenciana;Hombres;No;Tiempo Parcial;3;27/08/2023
2022;Zaragoza;Facultad;Escuela de Doctorado;Doctorado: PD Medicina [RD 99/2011];Doctorado;Comunidad Valenciana;Mujeres;No;Tiempo Parcial;1;27/08/2023
2022;Zaragoza;Facultad;Escuela de Doctorado;Doctorado: PD Medicina [RD 99/2011];Doctorado;Galicia;Mujeres;No;Tiempo Parcial;1;27/08/2023
2022;Zaragoza;Facultad;Escuela de Doctorado;Doctorado: PD Medicina [RD 99/2011];Doctorado;La Rioja;Hombres;No;Tiempo Parcial;2;27/08/2023
2022;Zaragoza;Facultad;Escuela de Doctorado;Doctorado: PD Medicina [RD 99/2011];Doctorado;La Rioja;Mujeres;No;Tiempo Parcial;3;27/08/2023
2022;Zaragoza;Facultad;Escuela de Doctorado;Doctorado: PD Medicina [RD 99/2011];Doctorado;Madrid;Mujeres;No;Tiempo Parcial;5;27/08/2023
2022;Zaragoza;Facultad;Escuela de Doctorado;Doctorado: PD Medicina [RD 99/2011];Doctorado;Murcia;Mujeres;No;Tiempo Parcial;1;27/08/2023
2022;Zaragoza;Facultad;Escuela de Doctorado;Doctorado: PD Medicina [RD 99/2011];Doctorado;Navarra;Hombres;No;Tiempo Parcial;2;27/08/2023
2022;Zaragoza;Facultad;Escuela de Doctorado;Doctorado: PD Medicina [RD 99/2011];Doctorado;Navarra;Mujeres;No;Tiempo Completo;2;27/08/2023
2022;Zaragoza;Facultad;Escuela de Doctorado;Doctorado: PD Medicina [RD 99/2011];Doctorado;Navarra;Mujeres;No;Tiempo Parcial;5;27/08/2023
2022;Zaragoza;Facultad;Escuela de Doctorado;Doctorado: PD Medicina [RD 99/2011];Doctorado;No Informado;Hombres;No;Tiempo Parcial;1;27/08/2023
2022;Zaragoza;Facultad;Escuela de Doctorado;Doctorado: PD Medicina [RD 99/2011];Doctorado;Pais Vasco;Hombres;No;Tiempo Completo;1;27/08/2023
2022;Zaragoza;Facultad;Escuela de Doctorado;Doctorado: PD Medicina [RD 99/2011];Doctorado;Pais Vasco;Mujeres;No;Tiempo Parcial;3;27/08/2023
2022;Zaragoza;Facultad;Escuela de Doctorado;Doctorado: PD Medicina y sanidad animal [RD 99/2011];Doctorado;Andalucía;Hombres;No;Tiempo Parcial;1;27/08/2023
2022;Zaragoza;Facultad;Escuela de Doctorado;Doctorado: PD Medicina y sanidad animal [RD 99/2011];Doctorado;Aragón;Hombres;No;Tiempo Completo;6;27/08/2023
2022;Zaragoza;Facultad;Escuela de Doctorado;Doctorado: PD Medicina y sanidad animal [RD 99/2011];Doctorado;Aragón;Hombres;No;Tiempo Parcial;8;27/08/2023
2022;Zaragoza;Facultad;Escuela de Doctorado;Doctorado: PD Medicina y sanidad animal [RD 99/2011];Doctorado;Aragón;Mujeres;No;Tiempo Completo;11;27/08/2023
2022;Zaragoza;Facultad;Escuela de Doctorado;Doctorado: PD Medicina y sanidad animal [RD 99/2011];Doctorado;Aragón;Mujeres;No;Tiempo Parcial;9;27/08/2023
2022;Zaragoza;Facultad;Escuela de Doctorado;Doctorado: PD Medicina y sanidad animal [RD 99/2011];Doctorado;Cantabria;Mujeres;No;Tiempo Completo;1;27/08/2023
2022;Zaragoza;Facultad;Escuela de Doctorado;Doctorado: PD Medicina y sanidad animal [RD 99/2011];Doctorado;Castilla-La Mancha;Mujeres;No;Tiempo Parcial;1;27/08/2023
2022;Zaragoza;Facultad;Escuela de Doctorado;Doctorado: PD Medicina y sanidad animal [RD 99/2011];Doctorado;Catalunya;Mujeres;No;Tiempo Parcial;1;27/08/2023
2022;Zaragoza;Facultad;Escuela de Doctorado;Doctorado: PD Medicina y sanidad animal [RD 99/2011];Doctorado;Comunidad Valenciana;Hombres;No;Tiempo Parcial;2;27/08/2023
2022;Zaragoza;Facultad;Escuela de Doctorado;Doctorado: PD Medicina y sanidad animal [RD 99/2011];Doctorado;Extremadura;Hombres;No;Tiempo Parcial;2;27/08/2023
2022;Zaragoza;Facultad;Escuela de Doctorado;Doctorado: PD Medicina y sanidad animal [RD 99/2011];Doctorado;Galicia;Hombres;No;Tiempo Parcial;1;27/08/2023
2022;Zaragoza;Facultad;Escuela de Doctorado;Doctorado: PD Medicina y sanidad animal [RD 99/2011];Doctorado;La Rioja;Hombres;No;Tiempo Completo;1;27/08/2023
2022;Zaragoza;Facultad;Escuela de Doctorado;Doctorado: PD Medicina y sanidad animal [RD 99/2011];Doctorado;Madrid;Mujeres;No;Tiempo Completo;1;27/08/2023
2022;Zaragoza;Facultad;Escuela de Doctorado;Doctorado: PD Medicina y sanidad animal [RD 99/2011];Doctorado;Navarra;Mujeres;No;Tiempo Completo;1;27/08/2023
2022;Zaragoza;Facultad;Escuela de Doctorado;Doctorado: PD Medicina y sanidad animal [RD 99/2011];Doctorado;Navarra;Mujeres;No;Tiempo Parcial;2;27/08/2023
2022;Zaragoza;Facultad;Escuela de Doctorado;Doctorado: PD Medicina y sanidad animal [RD 99/2011];Doctorado;No Informado;Hombres;No;Tiempo Parcial;1;27/08/2023
2022;Zaragoza;Facultad;Escuela de Doctorado;Doctorado: PD Medicina y sanidad animal [RD 99/2011];Doctorado;No Informado;Mujeres;No;Tiempo Completo;2;27/08/2023
2022;Zaragoza;Facultad;Escuela de Doctorado;Doctorado: PD Medicina y sanidad animal [RD 99/2011];Doctorado;No Informado;Mujeres;No;Tiempo Parcial;1;27/08/2023
2022;Zaragoza;Facultad;Escuela de Doctorado;Doctorado: PD Medicina y sanidad animal [RD 99/2011];Doctorado;Pais Vasco;Hombres;No;Tiempo Parcial;1;27/08/2023
2022;Zaragoza;Facultad;Escuela de Doctorado;Doctorado: PD Nuevos territorios en la arquitectura [RD 99/2011];Doctorado;Aragón;Hombres;No;Tiempo Completo;3;27/08/2023
2022;Zaragoza;Facultad;Escuela de Doctorado;Doctorado: PD Nuevos territorios en la arquitectura [RD 99/2011];Doctorado;Aragón;Hombres;No;Tiempo Parcial;16;27/08/2023
2022;Zaragoza;Facultad;Escuela de Doctorado;Doctorado: PD Nuevos territorios en la arquitectura [RD 99/2011];Doctorado;Aragón;Mujeres;No;Tiempo Completo;1;27/08/2023
2022;Zaragoza;Facultad;Escuela de Doctorado;Doctorado: PD Nuevos territorios en la arquitectura [RD 99/2011];Doctorado;Aragón;Mujeres;No;Tiempo Parcial;5;27/08/2023
2022;Zaragoza;Facultad;Escuela de Doctorado;Doctorado: PD Nuevos territorios en la arquitectura [RD 99/2011];Doctorado;Castilla-La Mancha;Mujeres;No;Tiempo Completo;1;27/08/2023
2022;Zaragoza;Facultad;Escuela de Doctorado;Doctorado: PD Nuevos territorios en la arquitectura [RD 99/2011];Doctorado;Madrid;Hombres;No;Tiempo Parcial;1;27/08/2023
2022;Zaragoza;Facultad;Escuela de Doctorado;Doctorado: PD Nuevos territorios en la arquitectura [RD 99/2011];Doctorado;Navarra;Hombres;No;Tiempo Parcial;2;27/08/2023
2022;Zaragoza;Facultad;Escuela de Doctorado;Doctorado: PD Nuevos territorios en la arquitectura [RD 99/2011];Doctorado;Navarra;Mujeres;No;Tiempo Parcial;1;27/08/2023
2022;Zaragoza;Facultad;Escuela de Doctorado;Doctorado: PD Nuevos territorios en la arquitectura [RD 99/2011];Doctorado;No Informado;Hombres;No;Tiempo Parcial;2;27/08/2023
2022;Zaragoza;Facultad;Escuela de Doctorado;Doctorado: PD Nuevos territorios en la arquitectura [RD 99/2011];Doctorado;No Informado;Mujeres;No;Tiempo Completo;4;27/08/2023
2022;Zaragoza;Facultad;Escuela de Doctorado;Doctorado: PD Nuevos territorios en la arquitectura [RD 99/2011];Doctorado;No Informado;Mujeres;No;Tiempo Parcial;2;27/08/2023
2022;Zaragoza;Facultad;Escuela de Doctorado;Doctorado: PD Ordenación del territorio y medio ambiente [RD 99/2011];Doctorado;Andalucía;Hombres;No;Tiempo Completo;1;27/08/2023
2022;Zaragoza;Facultad;Escuela de Doctorado;Doctorado: PD Ordenación del territorio y medio ambiente [RD 99/2011];Doctorado;Andalucía;Hombres;No;Tiempo Parcial;1;27/08/2023
2022;Zaragoza;Facultad;Escuela de Doctorado;Doctorado: PD Ordenación del territorio y medio ambiente [RD 99/2011];Doctorado;Aragón;Hombres;No;Tiempo Completo;9;27/08/2023
2022;Zaragoza;Facultad;Escuela de Doctorado;Doctorado: PD Ordenación del territorio y medio ambiente [RD 99/2011];Doctorado;Aragón;Hombres;No;Tiempo Parcial;5;27/08/2023
2022;Zaragoza;Facultad;Escuela de Doctorado;Doctorado: PD Ordenación del territorio y medio ambiente [RD 99/2011];Doctorado;Aragón;Mujeres;No;Tiempo Completo;7;27/08/2023
2022;Zaragoza;Facultad;Escuela de Doctorado;Doctorado: PD Ordenación del territorio y medio ambiente [RD 99/2011];Doctorado;Aragón;Mujeres;No;Tiempo Parcial;3;27/08/2023
2022;Zaragoza;Facultad;Escuela de Doctorado;Doctorado: PD Ordenación del territorio y medio ambiente [RD 99/2011];Doctorado;Galicia;Hombres;No;Tiempo Parcial;1;27/08/2023
2022;Zaragoza;Facultad;Escuela de Doctorado;Doctorado: PD Ordenación del territorio y medio ambiente [RD 99/2011];Doctorado;La Rioja;Hombres;No;Tiempo Completo;1;27/08/2023
2022;Zaragoza;Facultad;Escuela de Doctorado;Doctorado: PD Ordenación del territorio y medio ambiente [RD 99/2011];Doctorado;Madrid;Mujeres;No;Tiempo Completo;1;27/08/2023
2022;Zaragoza;Facultad;Escuela de Doctorado;Doctorado: PD Ordenación del territorio y medio ambiente [RD 99/2011];Doctorado;Murcia;Mujeres;No;Tiempo Completo;1;27/08/2023
2022;Zaragoza;Facultad;Escuela de Doctorado;Doctorado: PD Ordenación del territorio y medio ambiente [RD 99/2011];Doctorado;No Informado;Hombres;No;Tiempo Completo;2;27/08/2023
2022;Zaragoza;Facultad;Escuela de Doctorado;Doctorado: PD Ordenación del territorio y medio ambiente [RD 99/2011];Doctorado;No Informado;Hombres;No;Tiempo Parcial;3;27/08/2023
2022;Zaragoza;Facultad;Escuela de Doctorado;Doctorado: PD Ordenación del territorio y medio ambiente [RD 99/2011];Doctorado;No Informado;Mujeres;No;Tiempo Completo;2;27/08/2023
2022;Zaragoza;Facultad;Escuela de Doctorado;Doctorado: PD Patrimonio, Sociedades y Espacios de Frontera [RD 99/2011];Doctorado;Aragón;Hombres;No;Tiempo Completo;5;27/08/2023
2022;Zaragoza;Facultad;Escuela de Doctorado;Doctorado: PD Patrimonio, Sociedades y Espacios de Frontera [RD 99/2011];Doctorado;Aragón;Hombres;No;Tiempo Parcial;1;27/08/2023
2022;Zaragoza;Facultad;Escuela de Doctorado;Doctorado: PD Patrimonio, Sociedades y Espacios de Frontera [RD 99/2011];Doctorado;Aragón;Mujeres;No;Tiempo Completo;4;27/08/2023
2022;Zaragoza;Facultad;Escuela de Doctorado;Doctorado: PD Patrimonio, Sociedades y Espacios de Frontera [RD 99/2011];Doctorado;Aragón;Mujeres;No;Tiempo Parcial;3;27/08/2023
2022;Zaragoza;Facultad;Escuela de Doctorado;Doctorado: PD Patrimonio, Sociedades y Espacios de Frontera [RD 99/2011];Doctorado;Castilla y Leon;Hombres;No;Tiempo Completo;1;27/08/2023
2022;Zaragoza;Facultad;Escuela de Doctorado;Doctorado: PD Patrimonio, Sociedades y Espacios de Frontera [RD 99/2011];Doctorado;Catalunya;Hombres;No;Tiempo Parcial;1;27/08/2023
2022;Zaragoza;Facultad;Escuela de Doctorado;Doctorado: PD Patrimonio, Sociedades y Espacios de Frontera [RD 99/2011];Doctorado;Catalunya;Mujeres;No;Tiempo Completo;1;27/08/2023
2022;Zaragoza;Facultad;Escuela de Doctorado;Doctorado: PD Patrimonio, Sociedades y Espacios de Frontera [RD 99/2011];Doctorado;Catalunya;Mujeres;No;Tiempo Parcial;1;27/08/2023
2022;Zaragoza;Facultad;Escuela de Doctorado;Doctorado: PD Patrimonio, Sociedades y Espacios de Frontera [RD 99/2011];Doctorado;Madrid;Hombres;No;Tiempo Completo;1;27/08/2023
2022;Zaragoza;Facultad;Escuela de Doctorado;Doctorado: PD Patrimonio, Sociedades y Espacios de Frontera [RD 99/2011];Doctorado;Madrid;Hombres;No;Tiempo Parcial;2;27/08/2023
2022;Zaragoza;Facultad;Escuela de Doctorado;Doctorado: PD Patrimonio, Sociedades y Espacios de Frontera [RD 99/2011];Doctorado;Madrid;Mujeres;No;Tiempo Completo;1;27/08/2023
2022;Zaragoza;Facultad;Escuela de Doctorado;Doctorado: PD Patrimonio, Sociedades y Espacios de Frontera [RD 99/2011];Doctorado;No Informado;Hombres;No;Tiempo Completo;3;27/08/2023
2022;Zaragoza;Facultad;Escuela de Doctorado;Doctorado: PD Patrimonio, Sociedades y Espacios de Frontera [RD 99/2011];Doctorado;No Informado;Mujeres;No;Tiempo Completo;2;27/08/2023
2022;Zaragoza;Facultad;Escuela de Doctorado;Doctorado: PD Producción animal [RD 99/2011];Doctorado;Aragón;Hombres;No;Tiempo Completo;2;27/08/2023
2022;Zaragoza;Facultad;Escuela de Doctorado;Doctorado: PD Producción animal [RD 99/2011];Doctorado;Aragón;Hombres;No;Tiempo Parcial;2;27/08/2023
2022;Zaragoza;Facultad;Escuela de Doctorado;Doctorado: PD Producción animal [RD 99/2011];Doctorado;Aragón;Mujeres;No;Tiempo Completo;4;27/08/2023
2022;Zaragoza;Facultad;Escuela de Doctorado;Doctorado: PD Producción animal [RD 99/2011];Doctorado;Aragón;Mujeres;No;Tiempo Parcial;1;27/08/2023
2022;Zaragoza;Facultad;Escuela de Doctorado;Doctorado: PD Producción animal [RD 99/2011];Doctorado;Cantabria;Mujeres;No;Tiempo Completo;1;27/08/2023
2022;Zaragoza;Facultad;Escuela de Doctorado;Doctorado: PD Producción animal [RD 99/2011];Doctorado;Castilla y Leon;Mujeres;No;Tiempo Completo;1;27/08/2023
2022;Zaragoza;Facultad;Escuela de Doctorado;Doctorado: PD Producción animal [RD 99/2011];Doctorado;Comunidad Valenciana;Mujeres;No;Tiempo Parcial;1;27/08/2023
2022;Zaragoza;Facultad;Escuela de Doctorado;Doctorado: PD Producción animal [RD 99/2011];Doctorado;Navarra;Hombres;No;Tiempo Parcial;1;27/08/2023
2022;Zaragoza;Facultad;Escuela de Doctorado;Doctorado: PD Producción animal [RD 99/2011];Doctorado;No Informado;Hombres;No;Tiempo Completo;4;27/08/2023
2022;Zaragoza;Facultad;Escuela de Doctorado;Doctorado: PD Producción animal [RD 99/2011];Doctorado;No Informado;Mujeres;No;Tiempo Completo;3;27/08/2023
2022;Zaragoza;Facultad;Escuela de Doctorado;Doctorado: PD Producción animal [RD 99/2011];Doctorado;Pais Vasco;Hombres;No;Tiempo Completo;1;27/08/2023
2022;Zaragoza;Facultad;Escuela de Doctorado;Doctorado: PD Producción animal [RD 99/2011];Doctorado;Pais Vasco;Mujeres;No;Tiempo Completo;1;27/08/2023
2022;Zaragoza;Facultad;Escuela de Doctorado;Doctorado: PD Psicología [RD 99/2011];Doctorado;Aragón;Hombres;No;Tiempo Completo;3;27/08/2023
2022;Zaragoza;Facultad;Escuela de Doctorado;Doctorado: PD Psicología [RD 99/2011];Doctorado;Aragón;Hombres;No;Tiempo Parcial;2;27/08/2023
2022;Zaragoza;Facultad;Escuela de Doctorado;Doctorado: PD Psicología [RD 99/2011];Doctorado;Aragón;Mujeres;No;Tiempo Completo;8;27/08/2023
2022;Zaragoza;Facultad;Escuela de Doctorado;Doctorado: PD Psicología [RD 99/2011];Doctorado;Aragón;Mujeres;No;Tiempo Parcial;13;27/08/2023
2022;Zaragoza;Facultad;Escuela de Doctorado;Doctorado: PD Psicología [RD 99/2011];Doctorado;Baleares;Hombres;No;Tiempo Completo;1;27/08/2023
2022;Zaragoza;Facultad;Escuela de Doctorado;Doctorado: PD Psicología [RD 99/2011];Doctorado;Catalunya;Mujeres;No;Tiempo Parcial;1;27/08/2023
2022;Zaragoza;Facultad;Escuela de Doctorado;Doctorado: PD Psicología [RD 99/2011];Doctorado;Comunidad Valenciana;Mujeres;No;Tiempo Completo;1;27/08/2023
2022;Zaragoza;Facultad;Escuela de Doctorado;Doctorado: PD Psicología [RD 99/2011];Doctorado;Comunidad Valenciana;Mujeres;No;Tiempo Parcial;3;27/08/2023
2022;Zaragoza;Facultad;Escuela de Doctorado;Doctorado: PD Psicología [RD 99/2011];Doctorado;Madrid;Mujeres;No;Tiempo Parcial;2;27/08/2023
2022;Zaragoza;Facultad;Escuela de Doctorado;Doctorado: PD Psicología [RD 99/2011];Doctorado;Navarra;Mujeres;No;Tiempo Parcial;1;27/08/2023
2022;Zaragoza;Facultad;Escuela de Doctorado;Doctorado: PD Psicología [RD 99/2011];Doctorado;No Informado;Hombres;No;Tiempo Completo;1;27/08/2023
2022;Zaragoza;Facultad;Escuela de Doctorado;Doctorado: PD Psicología [RD 99/2011];Doctorado;No Informado;Mujeres;No;Tiempo Completo;1;27/08/2023
2022;Zaragoza;Facultad;Escuela de Doctorado;Doctorado: PD Psicología [RD 99/2011];Doctorado;Pais Vasco;Hombres;No;Tiempo Completo;1;27/08/2023
2022;Zaragoza;Facultad;Escuela de Doctorado;Doctorado: PD Química física [RD 99/2011];Doctorado;Aragón;Hombres;No;Tiempo Completo;6;27/08/2023
2022;Zaragoza;Facultad;Escuela de Doctorado;Doctorado: PD Química física [RD 99/2011];Doctorado;Aragón;Hombres;No;Tiempo Parcial;1;27/08/2023
2022;Zaragoza;Facultad;Escuela de Doctorado;Doctorado: PD Química física [RD 99/2011];Doctorado;Aragón;Mujeres;No;Tiempo Completo;5;27/08/2023
2022;Zaragoza;Facultad;Escuela de Doctorado;Doctorado: PD Química física [RD 99/2011];Doctorado;Castilla y Leon;Mujeres;No;Tiempo Completo;1;27/08/2023
2022;Zaragoza;Facultad;Escuela de Doctorado;Doctorado: PD Química física [RD 99/2011];Doctorado;No Informado;Hombres;No;Tiempo Completo;3;27/08/2023
2022;Zaragoza;Facultad;Escuela de Doctorado;Doctorado: PD Química inorgánica [RD 99/2011];Doctorado;Andalucía;Mujeres;No;Tiempo Completo;1;27/08/2023
2022;Zaragoza;Facultad;Escuela de Doctorado;Doctorado: PD Química inorgánica [RD 99/2011];Doctorado;Aragón;Hombres;No;Tiempo Completo;14;27/08/2023
2022;Zaragoza;Facultad;Escuela de Doctorado;Doctorado: PD Química inorgánica [RD 99/2011];Doctorado;Aragón;Hombres;No;Tiempo Parcial;1;27/08/2023
2022;Zaragoza;Facultad;Escuela de Doctorado;Doctorado: PD Química inorgánica [RD 99/2011];Doctorado;Aragón;Mujeres;No;Tiempo Completo;12;27/08/2023
2022;Zaragoza;Facultad;Escuela de Doctorado;Doctorado: PD Química inorgánica [RD 99/2011];Doctorado;Castilla-La Mancha;Mujeres;No;Tiempo Completo;1;27/08/2023
2022;Zaragoza;Facultad;Escuela de Doctorado;Doctorado: PD Química inorgánica [RD 99/2011];Doctorado;Catalunya;Mujeres;No;Tiempo Completo;1;27/08/2023
2022;Zaragoza;Facultad;Escuela de Doctorado;Doctorado: PD Química inorgánica [RD 99/2011];Doctorado;Ciudad autónoma de Ceuta;Mujeres;No;Tiempo Completo;1;27/08/2023
2022;Zaragoza;Facultad;Escuela de Doctorado;Doctorado: PD Química inorgánica [RD 99/2011];Doctorado;Comunidad Valenciana;Hombres;No;Tiempo Completo;1;27/08/2023
2022;Zaragoza;Facultad;Escuela de Doctorado;Doctorado: PD Química inorgánica [RD 99/2011];Doctorado;Galicia;Mujeres;No;Tiempo Completo;1;27/08/2023
2022;Zaragoza;Facultad;Escuela de Doctorado;Doctorado: PD Química inorgánica [RD 99/2011];Doctorado;Navarra;Mujeres;No;Tiempo Completo;1;27/08/2023
2022;Zaragoza;Facultad;Escuela de Doctorado;Doctorado: PD Química inorgánica [RD 99/2011];Doctorado;Pais Vasco;Hombres;No;Tiempo Completo;1;27/08/2023
2022;Zaragoza;Facultad;Escuela de Doctorado;Doctorado: PD Química orgánica [RD 99/2011];Doctorado;Aragón;Hombres;No;Tiempo Completo;16;27/08/2023
2022;Zaragoza;Facultad;Escuela de Doctorado;Doctorado: PD Química orgánica [RD 99/2011];Doctorado;Aragón;Hombres;No;Tiempo Parcial;1;27/08/2023
2022;Zaragoza;Facultad;Escuela de Doctorado;Doctorado: PD Química orgánica [RD 99/2011];Doctorado;Aragón;Mujeres;No;Tiempo Completo;14;27/08/2023
2022;Zaragoza;Facultad;Escuela de Doctorado;Doctorado: PD Química orgánica [RD 99/2011];Doctorado;Castilla y Leon;Mujeres;No;Tiempo Completo;1;27/08/2023
2022;Zaragoza;Facultad;Escuela de Doctorado;Doctorado: PD Química orgánica [RD 99/2011];Doctorado;Madrid;Mujeres;No;Tiempo Completo;1;27/08/2023
2022;Zaragoza;Facultad;Escuela de Doctorado;Doctorado: PD Química orgánica [RD 99/2011];Doctorado;No Informado;Hombres;No;Tiempo Completo;1;27/08/2023
2022;Zaragoza;Facultad;Escuela de Doctorado;Doctorado: PD Química orgánica [RD 99/2011];Doctorado;No Informado;Mujeres;No;Tiempo Completo;1;27/08/2023
2022;Zaragoza;Facultad;Escuela de Doctorado;Doctorado: PD Relaciones de género y estudios feministas [RD 99/2011];Doctorado;Aragón;Mujeres;No;Tiempo Completo;9;27/08/2023
2022;Zaragoza;Facultad;Escuela de Doctorado;Doctorado: PD Relaciones de género y estudios feministas [RD 99/2011];Doctorado;Aragón;Mujeres;No;Tiempo Parcial;4;27/08/2023
2022;Zaragoza;Facultad;Escuela de Doctorado;Doctorado: PD Relaciones de género y estudios feministas [RD 99/2011];Doctorado;No Informado;Hombres;No;Tiempo Completo;1;27/08/2023
2022;Zaragoza;Facultad;Escuela de Doctorado;Doctorado: PD Relaciones de género y estudios feministas [RD 99/2011];Doctorado;No Informado;Mujeres;No;Tiempo Completo;2;27/08/2023
2022;Zaragoza;Facultad;Escuela de Doctorado;Doctorado: PD Relaciones de género y estudios feministas [RD 99/2011];Doctorado;No Informado;Mujeres;No;Tiempo Parcial;2;27/08/2023
2022;Zaragoza;Facultad;Escuela de Doctorado;Doctorado: PD Relaciones de género y estudios feministas [RD 99/2011];Doctorado;Pais Vasco;Mujeres;No;Tiempo Parcial;1;27/08/2023
2022;Zaragoza;Facultad;Escuela de Doctorado;Doctorado: PD Sociología de las políticas públicas y sociales [RD 99/2011];Doctorado;Aragón;Hombres;No;Tiempo Completo;7;27/08/2023
2022;Zaragoza;Facultad;Escuela de Doctorado;Doctorado: PD Sociología de las políticas públicas y sociales [RD 99/2011];Doctorado;Aragón;Hombres;No;Tiempo Parcial;12;27/08/2023
2022;Zaragoza;Facultad;Escuela de Doctorado;Doctorado: PD Sociología de las políticas públicas y sociales [RD 99/2011];Doctorado;Aragón;Mujeres;No;Tiempo Completo;13;27/08/2023
2022;Zaragoza;Facultad;Escuela de Doctorado;Doctorado: PD Sociología de las políticas públicas y sociales [RD 99/2011];Doctorado;Aragón;Mujeres;No;Tiempo Parcial;10;27/08/2023
2022;Zaragoza;Facultad;Escuela de Doctorado;Doctorado: PD Sociología de las políticas públicas y sociales [RD 99/2011];Doctorado;Castilla-La Mancha;Mujeres;No;Tiempo Completo;1;27/08/2023
2022;Zaragoza;Facultad;Escuela de Doctorado;Doctorado: PD Sociología de las políticas públicas y sociales [RD 99/2011];Doctorado;Comunidad Valenciana;Hombres;No;Tiempo Completo;1;27/08/2023
2022;Zaragoza;Facultad;Escuela de Doctorado;Doctorado: PD Sociología de las políticas públicas y sociales [RD 99/2011];Doctorado;Madrid;Hombres;No;Tiempo Parcial;1;27/08/2023
2022;Zaragoza;Facultad;Escuela de Doctorado;Doctorado: PD Sociología de las políticas públicas y sociales [RD 99/2011];Doctorado;Madrid;Mujeres;No;Tiempo Completo;1;27/08/2023
2022;Zaragoza;Facultad;Escuela de Doctorado;Doctorado: PD Sociología de las políticas públicas y sociales [RD 99/2011];Doctorado;No Informado;Hombres;No;Tiempo Completo;1;27/08/2023
2022;Zaragoza;Facultad;Escuela de Doctorado;Doctorado: PD Sociología de las políticas públicas y sociales [RD 99/2011];Doctorado;No Informado;Hombres;No;Tiempo Parcial;3;27/08/2023
2022;Zaragoza;Facultad;Escuela de Doctorado;Doctorado: PD Sociología de las políticas públicas y sociales [RD 99/2011];Doctorado;No Informado;Mujeres;No;Tiempo Completo;9;27/08/2023
2022;Zaragoza;Facultad;Escuela de Doctorado;Doctorado: PD Tecnologías de la información y comunicaciones en redes moviles [RD 99/2011];Doctorado;Aragón;Hombres;No;Tiempo Completo;7;27/08/2023
2022;Zaragoza;Facultad;Escuela de Doctorado;Doctorado: PD Tecnologías de la información y comunicaciones en redes moviles [RD 99/2011];Doctorado;Aragón;Hombres;No;Tiempo Parcial;2;27/08/2023
2022;Zaragoza;Facultad;Escuela de Doctorado;Doctorado: PD Tecnologías de la información y comunicaciones en redes moviles [RD 99/2011];Doctorado;Aragón;Mujeres;No;Tiempo Completo;1;27/08/2023
2022;Zaragoza;Facultad;Escuela de Doctorado;Doctorado: PD Tecnologías de la información y comunicaciones en redes moviles [RD 99/2011];Doctorado;Aragón;Mujeres;No;Tiempo Parcial;1;27/08/2023
2022;Zaragoza;Facultad;Escuela de Doctorado;Doctorado: PD Tecnologías de la información y comunicaciones en redes moviles [RD 99/2011];Doctorado;Navarra;Hombres;No;Tiempo Completo;1;27/08/2023
2022;Zaragoza;Facultad;Escuela de Doctorado;Doctorado: PD Tecnologías de la información y comunicaciones en redes moviles [RD 99/2011];Doctorado;Navarra;Mujeres;No;Tiempo Completo;1;27/08/2023
2022;Zaragoza;Facultad;Escuela de Doctorado;Doctorado: PD Tecnologías de la información y comunicaciones en redes moviles [RD 99/2011];Doctorado;No Informado;Hombres;No;Tiempo Completo;1;27/08/2023
2022;Zaragoza;Facultad;Escuela de Doctorado;Doctorado: PD Tecnologías de la información y comunicaciones en redes moviles [RD 99/2011];Doctorado;Pais Vasco;Hombres;No;Tiempo Parcial;2;27/08/2023
2022;Zaragoza;Facultad;Escuela de Doctorado;Movilidad Doctorado;Movilidad de entrada;No Informado;Mujeres;No;Tiempo Completo;2;27/08/2023
2022;Zaragoza;Facultad;Escuela de Ingeniería y Arquitectura;Grado: Estudios en Arquitectura;Grado;Aragón;Hombres;No;Otra dedicación;10;27/08/2023
2022;Zaragoza;Facultad;Escuela de Ingeniería y Arquitectura;Grado: Estudios en Arquitectura;Grado;Aragón;Hombres;No;Tiempo Completo;94;27/08/2023
2022;Zaragoza;Facultad;Escuela de Ingeniería y Arquitectura;Grado: Estudios en Arquitectura;Grado;Aragón;Hombres;Sí;Tiempo Completo;12;27/08/2023
2022;Zaragoza;Facultad;Escuela de Ingeniería y Arquitectura;Grado: Estudios en Arquitectura;Grado;Aragón;Hombres;No;Tiempo Parcial;4;27/08/2023
2022;Zaragoza;Facultad;Escuela de Ingeniería y Arquitectura;Grado: Estudios en Arquitectura;Grado;Aragón;Mujeres;No;Otra dedicación;6;27/08/2023
2022;Zaragoza;Facultad;Escuela de Ingeniería y Arquitectura;Grado: Estudios en Arquitectura;Grado;Aragón;Mujeres;No;Tiempo Completo;152;27/08/2023
2022;Zaragoza;Facultad;Escuela de Ingeniería y Arquitectura;Grado: Estudios en Arquitectura;Grado;Aragón;Mujeres;Sí;Tiempo Completo;16;27/08/2023
2022;Zaragoza;Facultad;Escuela de Ingeniería y Arquitectura;Grado: Estudios en Arquitectura;Grado;Aragón;Mujeres;No;Tiempo Parcial;6;27/08/2023
2022;Zaragoza;Facultad;Escuela de Ingeniería y Arquitectura;Grado: Estudios en Arquitectura;Grado;Asturias;Hombres;No;Tiempo Parcial;1;27/08/2023
2022;Zaragoza;Facultad;Escuela de Ingeniería y Arquitectura;Grado: Estudios en Arquitectura;Grado;Canarias;Mujeres;No;Tiempo Completo;1;27/08/2023
2022;Zaragoza;Facultad;Escuela de Ingeniería y Arquitectura;Grado: Estudios en Arquitectura;Grado;Cantabria;Hombres;No;Tiempo Completo;1;27/08/2023
2022;Zaragoza;Facultad;Escuela de Ingeniería y Arquitectura;Grado: Estudios en Arquitectura;Grado;Cantabria;Mujeres;No;Tiempo Completo;1;27/08/2023
2022;Zaragoza;Facultad;Escuela de Ingeniería y Arquitectura;Grado: Estudios en Arquitectura;Grado;Castilla y Leon;Hombres;No;Tiempo Completo;1;27/08/2023
2022;Zaragoza;Facultad;Escuela de Ingeniería y Arquitectura;Grado: Estudios en Arquitectura;Grado;Castilla y Leon;Mujeres;No;Tiempo Completo;3;27/08/2023
2022;Zaragoza;Facultad;Escuela de Ingeniería y Arquitectura;Grado: Estudios en Arquitectura;Grado;Castilla-La Mancha;Hombres;No;Tiempo Completo;1;27/08/2023
2022;Zaragoza;Facultad;Escuela de Ingeniería y Arquitectura;Grado: Estudios en Arquitectura;Grado;Catalunya;Hombres;No;Tiempo Completo;1;27/08/2023
2022;Zaragoza;Facultad;Escuela de Ingeniería y Arquitectura;Grado: Estudios en Arquitectura;Grado;Extremadura;Mujeres;No;Tiempo Completo;1;27/08/2023
2022;Zaragoza;Facultad;Escuela de Ingeniería y Arquitectura;Grado: Estudios en Arquitectura;Grado;La Rioja;Hombres;No;Tiempo Completo;5;27/08/2023
2022;Zaragoza;Facultad;Escuela de Ingeniería y Arquitectura;Grado: Estudios en Arquitectura;Grado;La Rioja;Hombres;Sí;Tiempo Completo;1;27/08/2023
2022;Zaragoza;Facultad;Escuela de Ingeniería y Arquitectura;Grado: Estudios en Arquitectura;Grado;La Rioja;Mujeres;No;Tiempo Completo;11;27/08/2023
2022;Zaragoza;Facultad;Escuela de Ingeniería y Arquitectura;Grado: Estudios en Arquitectura;Grado;La Rioja;Mujeres;Sí;Tiempo Completo;1;27/08/2023
2022;Zaragoza;Facultad;Escuela de Ingeniería y Arquitectura;Grado: Estudios en Arquitectura;Grado;Navarra;Hombres;No;Tiempo Completo;5;27/08/2023
2022;Zaragoza;Facultad;Escuela de Ingeniería y Arquitectura;Grado: Estudios en Arquitectura;Grado;Navarra;Hombres;Sí;Tiempo Completo;1;27/08/2023
2022;Zaragoza;Facultad;Escuela de Ingeniería y Arquitectura;Grado: Estudios en Arquitectura;Grado;Navarra;Mujeres;No;Tiempo Completo;2;27/08/2023
2022;Zaragoza;Facultad;Escuela de Ingeniería y Arquitectura;Grado: Estudios en Arquitectura;Grado;Navarra;Mujeres;Sí;Tiempo Completo;1;27/08/2023
2022;Zaragoza;Facultad;Escuela de Ingeniería y Arquitectura;Grado: Estudios en Arquitectura;Grado;No Informado;Hombres;No;Otra dedicación;1;27/08/2023
2022;Zaragoza;Facultad;Escuela de Ingeniería y Arquitectura;Grado: Estudios en Arquitectura;Grado;Pais Vasco;Mujeres;No;Tiempo Completo;1;27/08/2023
2022;Zaragoza;Facultad;Escuela de Ingeniería y Arquitectura;Grado: Estudios en Arquitectura;Grado;Pais Vasco;Mujeres;Sí;Tiempo Completo;2;27/08/2023
2022;Zaragoza;Facultad;Escuela de Ingeniería y Arquitectura;Grado: Ingeniero en Diseño Industrial y Desarrollo de Producto;Grado;Aragón;Hombres;No;Otra dedicación;16;27/08/2023
2022;Zaragoza;Facultad;Escuela de Ingeniería y Arquitectura;Grado: Ingeniero en Diseño Industrial y Desarrollo de Producto;Grado;Aragón;Hombres;No;Tiempo Completo;85;27/08/2023
2022;Zaragoza;Facultad;Escuela de Ingeniería y Arquitectura;Grado: Ingeniero en Diseño Industrial y Desarrollo de Producto;Grado;Aragón;Hombres;Sí;Tiempo Completo;11;27/08/2023
2022;Zaragoza;Facultad;Escuela de Ingeniería y Arquitectura;Grado: Ingeniero en Diseño Industrial y Desarrollo de Producto;Grado;Aragón;Hombres;No;Tiempo Parcial;2;27/08/2023
2022;Zaragoza;Facultad;Escuela de Ingeniería y Arquitectura;Grado: Ingeniero en Diseño Industrial y Desarrollo de Producto;Grado;Aragón;Mujeres;No;Otra dedicación;11;27/08/2023
2022;Zaragoza;Facultad;Escuela de Ingeniería y Arquitectura;Grado: Ingeniero en Diseño Industrial y Desarrollo de Producto;Grado;Aragón;Mujeres;No;Tiempo Completo;135;27/08/2023
2022;Zaragoza;Facultad;Escuela de Ingeniería y Arquitectura;Grado: Ingeniero en Diseño Industrial y Desarrollo de Producto;Grado;Aragón;Mujeres;Sí;Tiempo Completo;15;27/08/2023
2022;Zaragoza;Facultad;Escuela de Ingeniería y Arquitectura;Grado: Ingeniero en Diseño Industrial y Desarrollo de Producto;Grado;Aragón;Mujeres;No;Tiempo Parcial;2;27/08/2023
2022;Zaragoza;Facultad;Escuela de Ingeniería y Arquitectura;Grado: Ingeniero en Diseño Industrial y Desarrollo de Producto;Grado;Asturias;Hombres;No;Otra dedicación;1;27/08/2023
2022;Zaragoza;Facultad;Escuela de Ingeniería y Arquitectura;Grado: Ingeniero en Diseño Industrial y Desarrollo de Producto;Grado;Castilla y Leon;Hombres;No;Tiempo Completo;4;27/08/2023
2022;Zaragoza;Facultad;Escuela de Ingeniería y Arquitectura;Grado: Ingeniero en Diseño Industrial y Desarrollo de Producto;Grado;Castilla y Leon;Mujeres;No;Tiempo Completo;6;27/08/2023
2022;Zaragoza;Facultad;Escuela de Ingeniería y Arquitectura;Grado: Ingeniero en Diseño Industrial y Desarrollo de Producto;Grado;Castilla-La Mancha;Mujeres;No;Tiempo Completo;1;27/08/2023
2022;Zaragoza;Facultad;Escuela de Ingeniería y Arquitectura;Grado: Ingeniero en Diseño Industrial y Desarrollo de Producto;Grado;Catalunya;Hombres;No;Tiempo Completo;2;27/08/2023
2022;Zaragoza;Facultad;Escuela de Ingeniería y Arquitectura;Grado: Ingeniero en Diseño Industrial y Desarrollo de Producto;Grado;Galicia;Mujeres;No;Tiempo Completo;1;27/08/2023
2022;Zaragoza;Facultad;Escuela de Ingeniería y Arquitectura;Grado: Ingeniero en Diseño Industrial y Desarrollo de Producto;Grado;La Rioja;Hombres;No;Tiempo Completo;5;27/08/2023
2022;Zaragoza;Facultad;Escuela de Ingeniería y Arquitectura;Grado: Ingeniero en Diseño Industrial y Desarrollo de Producto;Grado;La Rioja;Mujeres;No;Otra dedicación;4;27/08/2023
2022;Zaragoza;Facultad;Escuela de Ingeniería y Arquitectura;Grado: Ingeniero en Diseño Industrial y Desarrollo de Producto;Grado;La Rioja;Mujeres;No;Tiempo Completo;14;27/08/2023
2022;Zaragoza;Facultad;Escuela de Ingeniería y Arquitectura;Grado: Ingeniero en Diseño Industrial y Desarrollo de Producto;Grado;La Rioja;Mujeres;Sí;Tiempo Completo;2;27/08/2023
2022;Zaragoza;Facultad;Escuela de Ingeniería y Arquitectura;Grado: Ingeniero en Diseño Industrial y Desarrollo de Producto;Grado;Madrid;Mujeres;No;Tiempo Completo;1;27/08/2023
2022;Zaragoza;Facultad;Escuela de Ingeniería y Arquitectura;Grado: Ingeniero en Diseño Industrial y Desarrollo de Producto;Grado;Navarra;Hombres;No;Otra dedicación;1;27/08/2023
2022;Zaragoza;Facultad;Escuela de Ingeniería y Arquitectura;Grado: Ingeniero en Diseño Industrial y Desarrollo de Producto;Grado;Navarra;Hombres;No;Tiempo Completo;13;27/08/2023
2022;Zaragoza;Facultad;Escuela de Ingeniería y Arquitectura;Grado: Ingeniero en Diseño Industrial y Desarrollo de Producto;Grado;Navarra;Mujeres;No;Tiempo Completo;16;27/08/2023
2022;Zaragoza;Facultad;Escuela de Ingeniería y Arquitectura;Grado: Ingeniero en Diseño Industrial y Desarrollo de Producto;Grado;Navarra;Mujeres;Sí;Tiempo Completo;1;27/08/2023
2022;Zaragoza;Facultad;Escuela de Ingeniería y Arquitectura;Grado: Ingeniero en Diseño Industrial y Desarrollo de Producto;Grado;Pais Vasco;Hombres;No;Tiempo Completo;1;27/08/2023
2022;Zaragoza;Facultad;Escuela de Ingeniería y Arquitectura;Grado: Ingeniero en Diseño Industrial y Desarrollo de Producto;Grado;Pais Vasco;Mujeres;No;Tiempo Completo;6;27/08/2023
2022;Zaragoza;Facultad;Escuela de Ingeniería y Arquitectura;Grado: Ingeniería de Tecnologías Industriales;Grado;Aragón;Hombres;No;Otra dedicación;22;27/08/2023
2022;Zaragoza;Facultad;Escuela de Ingeniería y Arquitectura;Grado: Ingeniería de Tecnologías Industriales;Grado;Aragón;Hombres;No;Tiempo Completo;390;27/08/2023
2022;Zaragoza;Facultad;Escuela de Ingeniería y Arquitectura;Grado: Ingeniería de Tecnologías Industriales;Grado;Aragón;Hombres;Sí;Tiempo Completo;38;27/08/2023
2022;Zaragoza;Facultad;Escuela de Ingeniería y Arquitectura;Grado: Ingeniería de Tecnologías Industriales;Grado;Aragón;Hombres;No;Tiempo Parcial;9;27/08/2023
2022;Zaragoza;Facultad;Escuela de Ingeniería y Arquitectura;Grado: Ingeniería de Tecnologías Industriales;Grado;Aragón;Mujeres;No;Otra dedicación;2;27/08/2023
2022;Zaragoza;Facultad;Escuela de Ingeniería y Arquitectura;Grado: Ingeniería de Tecnologías Industriales;Grado;Aragón;Mujeres;No;Tiempo Completo;138;27/08/2023
2022;Zaragoza;Facultad;Escuela de Ingeniería y Arquitectura;Grado: Ingeniería de Tecnologías Industriales;Grado;Aragón;Mujeres;Sí;Tiempo Completo;15;27/08/2023
2022;Zaragoza;Facultad;Escuela de Ingeniería y Arquitectura;Grado: Ingeniería de Tecnologías Industriales;Grado;Aragón;Mujeres;No;Tiempo Parcial;4;27/08/2023
2022;Zaragoza;Facultad;Escuela de Ingeniería y Arquitectura;Grado: Ingeniería de Tecnologías Industriales;Grado;Baleares;Hombres;No;Tiempo Completo;2;27/08/2023
2022;Zaragoza;Facultad;Escuela de Ingeniería y Arquitectura;Grado: Ingeniería de Tecnologías Industriales;Grado;Baleares;Mujeres;No;Tiempo Completo;1;27/08/2023
2022;Zaragoza;Facultad;Escuela de Ingeniería y Arquitectura;Grado: Ingeniería de Tecnologías Industriales;Grado;Canarias;Hombres;No;Tiempo Completo;1;27/08/2023
2022;Zaragoza;Facultad;Escuela de Ingeniería y Arquitectura;Grado: Ingeniería de Tecnologías Industriales;Grado;Castilla y Leon;Hombres;No;Otra dedicación;2;27/08/2023
2022;Zaragoza;Facultad;Escuela de Ingeniería y Arquitectura;Grado: Ingeniería de Tecnologías Industriales;Grado;Castilla y Leon;Hombres;No;Tiempo Completo;7;27/08/2023
2022;Zaragoza;Facultad;Escuela de Ingeniería y Arquitectura;Grado: Ingeniería de Tecnologías Industriales;Grado;Castilla y Leon;Hombres;Sí;Tiempo Completo;1;27/08/2023
2022;Zaragoza;Facultad;Escuela de Ingeniería y Arquitectura;Grado: Ingeniería de Tecnologías Industriales;Grado;Castilla y Leon;Mujeres;No;Tiempo Completo;6;27/08/2023
2022;Zaragoza;Facultad;Escuela de Ingeniería y Arquitectura;Grado: Ingeniería de Tecnologías Industriales;Grado;Castilla y Leon;Mujeres;Sí;Tiempo Completo;2;27/08/2023
2022;Zaragoza;Facultad;Escuela de Ingeniería y Arquitectura;Grado: Ingeniería de Tecnologías Industriales;Grado;Castilla-La Mancha;Mujeres;No;Tiempo Completo;1;27/08/2023
2022;Zaragoza;Facultad;Escuela de Ingeniería y Arquitectura;Grado: Ingeniería de Tecnologías Industriales;Grado;Catalunya;Hombres;No;Tiempo Completo;2;27/08/2023
2022;Zaragoza;Facultad;Escuela de Ingeniería y Arquitectura;Grado: Ingeniería de Tecnologías Industriales;Grado;La Rioja;Hombres;No;Otra dedicación;1;27/08/2023
2022;Zaragoza;Facultad;Escuela de Ingeniería y Arquitectura;Grado: Ingeniería de Tecnologías Industriales;Grado;La Rioja;Hombres;No;Tiempo Completo;10;27/08/2023
2022;Zaragoza;Facultad;Escuela de Ingeniería y Arquitectura;Grado: Ingeniería de Tecnologías Industriales;Grado;La Rioja;Mujeres;No;Otra dedicación;1;27/08/2023
2022;Zaragoza;Facultad;Escuela de Ingeniería y Arquitectura;Grado: Ingeniería de Tecnologías Industriales;Grado;La Rioja;Mujeres;No;Tiempo Completo;2;27/08/2023
2022;Zaragoza;Facultad;Escuela de Ingeniería y Arquitectura;Grado: Ingeniería de Tecnologías Industriales;Grado;La Rioja;Mujeres;Sí;Tiempo Completo;1;27/08/2023
2022;Zaragoza;Facultad;Escuela de Ingeniería y Arquitectura;Grado: Ingeniería de Tecnologías Industriales;Grado;Madrid;Hombres;Sí;Tiempo Completo;1;27/08/2023
2022;Zaragoza;Facultad;Escuela de Ingeniería y Arquitectura;Grado: Ingeniería de Tecnologías Industriales;Grado;Madrid;Mujeres;No;Tiempo Completo;1;27/08/2023
2022;Zaragoza;Facultad;Escuela de Ingeniería y Arquitectura;Grado: Ingeniería de Tecnologías Industriales;Grado;Navarra;Hombres;No;Tiempo Completo;10;27/08/2023
2022;Zaragoza;Facultad;Escuela de Ingeniería y Arquitectura;Grado: Ingeniería de Tecnologías Industriales;Grado;Navarra;Mujeres;No;Otra dedicación;1;27/08/2023
2022;Zaragoza;Facultad;Escuela de Ingeniería y Arquitectura;Grado: Ingeniería de Tecnologías Industriales;Grado;Navarra;Mujeres;No;Tiempo Completo;7;27/08/2023
2022;Zaragoza;Facultad;Escuela de Ingeniería y Arquitectura;Grado: Ingeniería de Tecnologías Industriales;Grado;No Informado;Hombres;No;Tiempo Completo;1;27/08/2023
2022;Zaragoza;Facultad;Escuela de Ingeniería y Arquitectura;Grado: Ingeniería de Tecnologías Industriales;Grado;No Informado;Hombres;Sí;Tiempo Completo;1;27/08/2023
2022;Zaragoza;Facultad;Escuela de Ingeniería y Arquitectura;Grado: Ingeniería de Tecnologías Industriales;Grado;Pais Vasco;Hombres;No;Otra dedicación;1;27/08/2023
2022;Zaragoza;Facultad;Escuela de Ingeniería y Arquitectura;Grado: Ingeniería de Tecnologías y Servicios de Telecomunicación;Grado;Aragón;Hombres;No;Otra dedicación;6;27/08/2023
2022;Zaragoza;Facultad;Escuela de Ingeniería y Arquitectura;Grado: Ingeniería de Tecnologías y Servicios de Telecomunicación;Grado;Aragón;Hombres;Sí;Otra dedicación;1;27/08/2023
2022;Zaragoza;Facultad;Escuela de Ingeniería y Arquitectura;Grado: Ingeniería de Tecnologías y Servicios de Telecomunicación;Grado;Aragón;Hombres;No;Tiempo Completo;183;27/08/2023
2022;Zaragoza;Facultad;Escuela de Ingeniería y Arquitectura;Grado: Ingeniería de Tecnologías y Servicios de Telecomunicación;Grado;Aragón;Hombres;Sí;Tiempo Completo;9;27/08/2023
2022;Zaragoza;Facultad;Escuela de Ingeniería y Arquitectura;Grado: Ingeniería de Tecnologías y Servicios de Telecomunicación;Grado;Aragón;Hombres;No;Tiempo Parcial;5;27/08/2023
2022;Zaragoza;Facultad;Escuela de Ingeniería y Arquitectura;Grado: Ingeniería de Tecnologías y Servicios de Telecomunicación;Grado;Aragón;Mujeres;No;Otra dedicación;6;27/08/2023
2022;Zaragoza;Facultad;Escuela de Ingeniería y Arquitectura;Grado: Ingeniería de Tecnologías y Servicios de Telecomunicación;Grado;Aragón;Mujeres;No;Tiempo Completo;45;27/08/2023
2022;Zaragoza;Facultad;Escuela de Ingeniería y Arquitectura;Grado: Ingeniería de Tecnologías y Servicios de Telecomunicación;Grado;Aragón;Mujeres;Sí;Tiempo Completo;4;27/08/2023
2022;Zaragoza;Facultad;Escuela de Ingeniería y Arquitectura;Grado: Ingeniería de Tecnologías y Servicios de Telecomunicación;Grado;Aragón;Mujeres;No;Tiempo Parcial;4;27/08/2023
2022;Zaragoza;Facultad;Escuela de Ingeniería y Arquitectura;Grado: Ingeniería de Tecnologías y Servicios de Telecomunicación;Grado;Baleares;Hombres;No;Tiempo Completo;1;27/08/2023
2022;Zaragoza;Facultad;Escuela de Ingeniería y Arquitectura;Grado: Ingeniería de Tecnologías y Servicios de Telecomunicación;Grado;Cantabria;Hombres;No;Tiempo Completo;1;27/08/2023
2022;Zaragoza;Facultad;Escuela de Ingeniería y Arquitectura;Grado: Ingeniería de Tecnologías y Servicios de Telecomunicación;Grado;Castilla y Leon;Hombres;No;Tiempo Completo;2;27/08/2023
2022;Zaragoza;Facultad;Escuela de Ingeniería y Arquitectura;Grado: Ingeniería de Tecnologías y Servicios de Telecomunicación;Grado;Castilla y Leon;Mujeres;No;Tiempo Completo;2;27/08/2023
2022;Zaragoza;Facultad;Escuela de Ingeniería y Arquitectura;Grado: Ingeniería de Tecnologías y Servicios de Telecomunicación;Grado;Castilla-La Mancha;Mujeres;No;Tiempo Completo;2;27/08/2023
2022;Zaragoza;Facultad;Escuela de Ingeniería y Arquitectura;Grado: Ingeniería de Tecnologías y Servicios de Telecomunicación;Grado;Comunidad Valenciana;Hombres;No;Tiempo Completo;1;27/08/2023
2022;Zaragoza;Facultad;Escuela de Ingeniería y Arquitectura;Grado: Ingeniería de Tecnologías y Servicios de Telecomunicación;Grado;La Rioja;Hombres;No;Tiempo Completo;2;27/08/2023
2022;Zaragoza;Facultad;Escuela de Ingeniería y Arquitectura;Grado: Ingeniería de Tecnologías y Servicios de Telecomunicación;Grado;La Rioja;Mujeres;No;Tiempo Completo;2;27/08/2023
2022;Zaragoza;Facultad;Escuela de Ingeniería y Arquitectura;Grado: Ingeniería de Tecnologías y Servicios de Telecomunicación;Grado;Navarra;Hombres;No;Tiempo Completo;1;27/08/2023
2022;Zaragoza;Facultad;Escuela de Ingeniería y Arquitectura;Grado: Ingeniería de Tecnologías y Servicios de Telecomunicación;Grado;Pais Vasco;Hombres;No;Tiempo Completo;1;27/08/2023
2022;Zaragoza;Facultad;Escuela de Ingeniería y Arquitectura;Grado: Ingeniería Electrica;Grado;Aragón;Hombres;No;Otra dedicación;11;27/08/2023
2022;Zaragoza;Facultad;Escuela de Ingeniería y Arquitectura;Grado: Ingeniería Electrica;Grado;Aragón;Hombres;No;Tiempo Completo;115;27/08/2023
2022;Zaragoza;Facultad;Escuela de Ingeniería y Arquitectura;Grado: Ingeniería Electrica;Grado;Aragón;Hombres;Sí;Tiempo Completo;6;27/08/2023
2022;Zaragoza;Facultad;Escuela de Ingeniería y Arquitectura;Grado: Ingeniería Electrica;Grado;Aragón;Hombres;No;Tiempo Parcial;22;27/08/2023
2022;Zaragoza;Facultad;Escuela de Ingeniería y Arquitectura;Grado: Ingeniería Electrica;Grado;Aragón;Mujeres;No;Otra dedicación;4;27/08/2023
2022;Zaragoza;Facultad;Escuela de Ingeniería y Arquitectura;Grado: Ingeniería Electrica;Grado;Aragón;Mujeres;No;Tiempo Completo;23;27/08/2023
2022;Zaragoza;Facultad;Escuela de Ingeniería y Arquitectura;Grado: Ingeniería Electrica;Grado;Aragón;Mujeres;Sí;Tiempo Completo;1;27/08/2023
2022;Zaragoza;Facultad;Escuela de Ingeniería y Arquitectura;Grado: Ingeniería Electrica;Grado;Aragón;Mujeres;No;Tiempo Parcial;2;27/08/2023
2022;Zaragoza;Facultad;Escuela de Ingeniería y Arquitectura;Grado: Ingeniería Electrica;Grado;Baleares;Hombres;No;Tiempo Completo;3;27/08/2023
2022;Zaragoza;Facultad;Escuela de Ingeniería y Arquitectura;Grado: Ingeniería Electrica;Grado;Castilla y Leon;Hombres;No;Otra dedicación;1;27/08/2023
2022;Zaragoza;Facultad;Escuela de Ingeniería y Arquitectura;Grado: Ingeniería Electrica;Grado;Castilla y Leon;Hombres;No;Tiempo Completo;3;27/08/2023
2022;Zaragoza;Facultad;Escuela de Ingeniería y Arquitectura;Grado: Ingeniería Electrica;Grado;Castilla-La Mancha;Hombres;No;Tiempo Completo;1;27/08/2023
2022;Zaragoza;Facultad;Escuela de Ingeniería y Arquitectura;Grado: Ingeniería Electrica;Grado;Castilla-La Mancha;Hombres;No;Tiempo Parcial;1;27/08/2023
2022;Zaragoza;Facultad;Escuela de Ingeniería y Arquitectura;Grado: Ingeniería Electrica;Grado;Comunidad Valenciana;Mujeres;No;Tiempo Completo;1;27/08/2023
2022;Zaragoza;Facultad;Escuela de Ingeniería y Arquitectura;Grado: Ingeniería Electrica;Grado;La Rioja;Hombres;No;Tiempo Completo;6;27/08/2023
2022;Zaragoza;Facultad;Escuela de Ingeniería y Arquitectura;Grado: Ingeniería Electrica;Grado;Navarra;Hombres;No;Tiempo Completo;6;27/08/2023
2022;Zaragoza;Facultad;Escuela de Ingeniería y Arquitectura;Grado: Ingeniería Electrica;Grado;Navarra;Mujeres;No;Tiempo Completo;2;27/08/2023
2022;Zaragoza;Facultad;Escuela de Ingeniería y Arquitectura;Grado: Ingeniería Electrica;Grado;No Informado;Hombres;No;Tiempo Completo;1;27/08/2023
2022;Zaragoza;Facultad;Escuela de Ingeniería y Arquitectura;Grado: Ingeniería Electrónica y Automática;Grado;Aragón;Hombres;No;Otra dedicación;11;27/08/2023
2022;Zaragoza;Facultad;Escuela de Ingeniería y Arquitectura;Grado: Ingeniería Electrónica y Automática;Grado;Aragón;Hombres;No;Tiempo Completo;214;27/08/2023
2022;Zaragoza;Facultad;Escuela de Ingeniería y Arquitectura;Grado: Ingeniería Electrónica y Automática;Grado;Aragón;Hombres;Sí;Tiempo Completo;10;27/08/2023
2022;Zaragoza;Facultad;Escuela de Ingeniería y Arquitectura;Grado: Ingeniería Electrónica y Automática;Grado;Aragón;Hombres;No;Tiempo Parcial;30;27/08/2023
2022;Zaragoza;Facultad;Escuela de Ingeniería y Arquitectura;Grado: Ingeniería Electrónica y Automática;Grado;Aragón;Mujeres;No;Otra dedicación;4;27/08/2023
2022;Zaragoza;Facultad;Escuela de Ingeniería y Arquitectura;Grado: Ingeniería Electrónica y Automática;Grado;Aragón;Mujeres;No;Tiempo Completo;50;27/08/2023
2022;Zaragoza;Facultad;Escuela de Ingeniería y Arquitectura;Grado: Ingeniería Electrónica y Automática;Grado;Aragón;Mujeres;Sí;Tiempo Completo;1;27/08/2023
2022;Zaragoza;Facultad;Escuela de Ingeniería y Arquitectura;Grado: Ingeniería Electrónica y Automática;Grado;Aragón;Mujeres;No;Tiempo Parcial;2;27/08/2023
2022;Zaragoza;Facultad;Escuela de Ingeniería y Arquitectura;Grado: Ingeniería Electrónica y Automática;Grado;Baleares;Hombres;No;Tiempo Completo;1;27/08/2023
2022;Zaragoza;Facultad;Escuela de Ingeniería y Arquitectura;Grado: Ingeniería Electrónica y Automática;Grado;Baleares;Mujeres;No;Tiempo Completo;1;27/08/2023
2022;Zaragoza;Facultad;Escuela de Ingeniería y Arquitectura;Grado: Ingeniería Electrónica y Automática;Grado;Castilla y Leon;Hombres;No;Otra dedicación;2;27/08/2023
2022;Zaragoza;Facultad;Escuela de Ingeniería y Arquitectura;Grado: Ingeniería Electrónica y Automática;Grado;Castilla y Leon;Hombres;No;Tiempo Completo;3;27/08/2023
2022;Zaragoza;Facultad;Escuela de Ingeniería y Arquitectura;Grado: Ingeniería Electrónica y Automática;Grado;Castilla y Leon;Mujeres;No;Tiempo Completo;1;27/08/2023
2022;Zaragoza;Facultad;Escuela de Ingeniería y Arquitectura;Grado: Ingeniería Electrónica y Automática;Grado;Castilla-La Mancha;Hombres;No;Tiempo Completo;1;27/08/2023
2022;Zaragoza;Facultad;Escuela de Ingeniería y Arquitectura;Grado: Ingeniería Electrónica y Automática;Grado;La Rioja;Hombres;No;Tiempo Completo;6;27/08/2023
2022;Zaragoza;Facultad;Escuela de Ingeniería y Arquitectura;Grado: Ingeniería Electrónica y Automática;Grado;La Rioja;Mujeres;No;Tiempo Completo;1;27/08/2023
2022;Zaragoza;Facultad;Escuela de Ingeniería y Arquitectura;Grado: Ingeniería Electrónica y Automática;Grado;Murcia;Hombres;No;Tiempo Completo;1;27/08/2023
2022;Zaragoza;Facultad;Escuela de Ingeniería y Arquitectura;Grado: Ingeniería Electrónica y Automática;Grado;Navarra;Hombres;No;Tiempo Completo;5;27/08/2023
2022;Zaragoza;Facultad;Escuela de Ingeniería y Arquitectura;Grado: Ingeniería Electrónica y Automática;Grado;Navarra;Mujeres;No;Tiempo Completo;1;27/08/2023
2022;Zaragoza;Facultad;Escuela de Ingeniería y Arquitectura;Grado: Ingeniería Electrónica y Automática;Grado;No Informado;Hombres;No;Tiempo Completo;3;27/08/2023
2022;Zaragoza;Facultad;Escuela de Ingeniería y Arquitectura;Grado: Ingeniería Informática;Grado;Andalucía;Mujeres;No;Tiempo Completo;1;27/08/2023
2022;Zaragoza;Facultad;Escuela de Ingeniería y Arquitectura;Grado: Ingeniería Informática;Grado;Aragón;Hombres;No;Otra dedicación;29;27/08/2023
2022;Zaragoza;Facultad;Escuela de Ingeniería y Arquitectura;Grado: Ingeniería Informática;Grado;Aragón;Hombres;Sí;Otra dedicación;1;27/08/2023
2022;Zaragoza;Facultad;Escuela de Ingeniería y Arquitectura;Grado: Ingeniería Informática;Grado;Aragón;Hombres;No;Tiempo Completo;313;27/08/2023
2022;Zaragoza;Facultad;Escuela de Ingeniería y Arquitectura;Grado: Ingeniería Informática;Grado;Aragón;Hombres;Sí;Tiempo Completo;16;27/08/2023
2022;Zaragoza;Facultad;Escuela de Ingeniería y Arquitectura;Grado: Ingeniería Informática;Grado;Aragón;Hombres;No;Tiempo Parcial;10;27/08/2023
2022;Zaragoza;Facultad;Escuela de Ingeniería y Arquitectura;Grado: Ingeniería Informática;Grado;Aragón;Mujeres;No;Otra dedicación;3;27/08/2023
2022;Zaragoza;Facultad;Escuela de Ingeniería y Arquitectura;Grado: Ingeniería Informática;Grado;Aragón;Mujeres;No;Tiempo Completo;58;27/08/2023
2022;Zaragoza;Facultad;Escuela de Ingeniería y Arquitectura;Grado: Ingeniería Informática;Grado;Aragón;Mujeres;Sí;Tiempo Completo;1;27/08/2023
2022;Zaragoza;Facultad;Escuela de Ingeniería y Arquitectura;Grado: Ingeniería Informática;Grado;Aragón;Mujeres;No;Tiempo Parcial;2;27/08/2023
2022;Zaragoza;Facultad;Escuela de Ingeniería y Arquitectura;Grado: Ingeniería Informática;Grado;Castilla y Leon;Hombres;No;Otra dedicación;3;27/08/2023
2022;Zaragoza;Facultad;Escuela de Ingeniería y Arquitectura;Grado: Ingeniería Informática;Grado;Castilla y Leon;Hombres;No;Tiempo Completo;7;27/08/2023
2022;Zaragoza;Facultad;Escuela de Ingeniería y Arquitectura;Grado: Ingeniería Informática;Grado;Castilla y Leon;Mujeres;No;Tiempo Completo;2;27/08/2023
2022;Zaragoza;Facultad;Escuela de Ingeniería y Arquitectura;Grado: Ingeniería Informática;Grado;Catalunya;Hombres;No;Tiempo Completo;1;27/08/2023
2022;Zaragoza;Facultad;Escuela de Ingeniería y Arquitectura;Grado: Ingeniería Informática;Grado;Catalunya;Hombres;No;Tiempo Parcial;1;27/08/2023
2022;Zaragoza;Facultad;Escuela de Ingeniería y Arquitectura;Grado: Ingeniería Informática;Grado;Extremadura;Hombres;No;Tiempo Parcial;1;27/08/2023
2022;Zaragoza;Facultad;Escuela de Ingeniería y Arquitectura;Grado: Ingeniería Informática;Grado;La Rioja;Hombres;No;Tiempo Completo;3;27/08/2023
2022;Zaragoza;Facultad;Escuela de Ingeniería y Arquitectura;Grado: Ingeniería Informática;Grado;La Rioja;Mujeres;No;Tiempo Completo;3;27/08/2023
2022;Zaragoza;Facultad;Escuela de Ingeniería y Arquitectura;Grado: Ingeniería Informática;Grado;Navarra;Hombres;No;Otra dedicación;3;27/08/2023
2022;Zaragoza;Facultad;Escuela de Ingeniería y Arquitectura;Grado: Ingeniería Informática;Grado;Navarra;Hombres;No;Tiempo Completo;3;27/08/2023
2022;Zaragoza;Facultad;Escuela de Ingeniería y Arquitectura;Grado: Ingeniería Informática;Grado;Navarra;Hombres;No;Tiempo Parcial;2;27/08/2023
2022;Zaragoza;Facultad;Escuela de Ingeniería y Arquitectura;Grado: Ingeniería Informática;Grado;No Informado;Hombres;Sí;Tiempo Completo;1;27/08/2023
2022;Zaragoza;Facultad;Escuela de Ingeniería y Arquitectura;Grado: Ingeniería Mecánica;Grado;Aragón;Hombres;No;Otra dedicación;57;27/08/2023
2022;Zaragoza;Facultad;Escuela de Ingeniería y Arquitectura;Grado: Ingeniería Mecánica;Grado;Aragón;Hombres;Sí;Otra dedicación;1;27/08/2023
2022;Zaragoza;Facultad;Escuela de Ingeniería y Arquitectura;Grado: Ingeniería Mecánica;Grado;Aragón;Hombres;No;Tiempo Completo;469;27/08/2023
2022;Zaragoza;Facultad;Escuela de Ingeniería y Arquitectura;Grado: Ingeniería Mecánica;Grado;Aragón;Hombres;Sí;Tiempo Completo;20;27/08/2023
2022;Zaragoza;Facultad;Escuela de Ingeniería y Arquitectura;Grado: Ingeniería Mecánica;Grado;Aragón;Hombres;No;Tiempo Parcial;38;27/08/2023
2022;Zaragoza;Facultad;Escuela de Ingeniería y Arquitectura;Grado: Ingeniería Mecánica;Grado;Aragón;Mujeres;No;Otra dedicación;4;27/08/2023
2022;Zaragoza;Facultad;Escuela de Ingeniería y Arquitectura;Grado: Ingeniería Mecánica;Grado;Aragón;Mujeres;No;Tiempo Completo;73;27/08/2023
2022;Zaragoza;Facultad;Escuela de Ingeniería y Arquitectura;Grado: Ingeniería Mecánica;Grado;Aragón;Mujeres;Sí;Tiempo Completo;4;27/08/2023
2022;Zaragoza;Facultad;Escuela de Ingeniería y Arquitectura;Grado: Ingeniería Mecánica;Grado;Aragón;Mujeres;No;Tiempo Parcial;8;27/08/2023
2022;Zaragoza;Facultad;Escuela de Ingeniería y Arquitectura;Grado: Ingeniería Mecánica;Grado;Baleares;Hombres;No;Tiempo Completo;1;27/08/2023
2022;Zaragoza;Facultad;Escuela de Ingeniería y Arquitectura;Grado: Ingeniería Mecánica;Grado;Baleares;Mujeres;No;Otra dedicación;1;27/08/2023
2022;Zaragoza;Facultad;Escuela de Ingeniería y Arquitectura;Grado: Ingeniería Mecánica;Grado;Castilla y Leon;Hombres;No;Otra dedicación;3;27/08/2023
2022;Zaragoza;Facultad;Escuela de Ingeniería y Arquitectura;Grado: Ingeniería Mecánica;Grado;Castilla y Leon;Hombres;No;Tiempo Completo;14;27/08/2023
2022;Zaragoza;Facultad;Escuela de Ingeniería y Arquitectura;Grado: Ingeniería Mecánica;Grado;Castilla y Leon;Hombres;No;Tiempo Parcial;1;27/08/2023
2022;Zaragoza;Facultad;Escuela de Ingeniería y Arquitectura;Grado: Ingeniería Mecánica;Grado;Castilla y Leon;Mujeres;No;Tiempo Completo;1;27/08/2023
2022;Zaragoza;Facultad;Escuela de Ingeniería y Arquitectura;Grado: Ingeniería Mecánica;Grado;Castilla-La Mancha;Hombres;No;Otra dedicación;1;27/08/2023
2022;Zaragoza;Facultad;Escuela de Ingeniería y Arquitectura;Grado: Ingeniería Mecánica;Grado;Castilla-La Mancha;Hombres;No;Tiempo Completo;6;27/08/2023
2022;Zaragoza;Facultad;Escuela de Ingeniería y Arquitectura;Grado: Ingeniería Mecánica;Grado;Castilla-La Mancha;Hombres;Sí;Tiempo Completo;1;27/08/2023
2022;Zaragoza;Facultad;Escuela de Ingeniería y Arquitectura;Grado: Ingeniería Mecánica;Grado;Castilla-La Mancha;Mujeres;No;Tiempo Completo;4;27/08/2023
2022;Zaragoza;Facultad;Escuela de Ingeniería y Arquitectura;Grado: Ingeniería Mecánica;Grado;Catalunya;Hombres;No;Tiempo Completo;2;27/08/2023
2022;Zaragoza;Facultad;Escuela de Ingeniería y Arquitectura;Grado: Ingeniería Mecánica;Grado;Catalunya;Hombres;Sí;Tiempo Completo;1;27/08/2023
2022;Zaragoza;Facultad;Escuela de Ingeniería y Arquitectura;Grado: Ingeniería Mecánica;Grado;Catalunya;Mujeres;No;Tiempo Completo;2;27/08/2023
2022;Zaragoza;Facultad;Escuela de Ingeniería y Arquitectura;Grado: Ingeniería Mecánica;Grado;Comunidad Valenciana;Hombres;No;Tiempo Completo;1;27/08/2023
2022;Zaragoza;Facultad;Escuela de Ingeniería y Arquitectura;Grado: Ingeniería Mecánica;Grado;Comunidad Valenciana;Mujeres;No;Tiempo Completo;1;27/08/2023
2022;Zaragoza;Facultad;Escuela de Ingeniería y Arquitectura;Grado: Ingeniería Mecánica;Grado;Extremadura;Hombres;No;Tiempo Completo;1;27/08/2023
2022;Zaragoza;Facultad;Escuela de Ingeniería y Arquitectura;Grado: Ingeniería Mecánica;Grado;Extremadura;Mujeres;No;Tiempo Completo;1;27/08/2023
2022;Zaragoza;Facultad;Escuela de Ingeniería y Arquitectura;Grado: Ingeniería Mecánica;Grado;Galicia;Mujeres;No;Tiempo Completo;2;27/08/2023
2022;Zaragoza;Facultad;Escuela de Ingeniería y Arquitectura;Grado: Ingeniería Mecánica;Grado;La Rioja;Hombres;No;Otra dedicación;1;27/08/2023
2022;Zaragoza;Facultad;Escuela de Ingeniería y Arquitectura;Grado: Ingeniería Mecánica;Grado;La Rioja;Hombres;No;Tiempo Completo;6;27/08/2023
2022;Zaragoza;Facultad;Escuela de Ingeniería y Arquitectura;Grado: Ingeniería Mecánica;Grado;Madrid;Hombres;No;Tiempo Completo;2;27/08/2023
2022;Zaragoza;Facultad;Escuela de Ingeniería y Arquitectura;Grado: Ingeniería Mecánica;Grado;Navarra;Hombres;No;Otra dedicación;1;27/08/2023
2022;Zaragoza;Facultad;Escuela de Ingeniería y Arquitectura;Grado: Ingeniería Mecánica;Grado;Navarra;Hombres;No;Tiempo Completo;10;27/08/2023
2022;Zaragoza;Facultad;Escuela de Ingeniería y Arquitectura;Grado: Ingeniería Mecánica;Grado;Navarra;Hombres;No;Tiempo Parcial;3;27/08/2023
2022;Zaragoza;Facultad;Escuela de Ingeniería y Arquitectura;Grado: Ingeniería Mecánica;Grado;Navarra;Mujeres;No;Tiempo Completo;2;27/08/2023
2022;Zaragoza;Facultad;Escuela de Ingeniería y Arquitectura;Grado: Ingeniería Mecánica;Grado;No Informado;Hombres;No;Tiempo Completo;3;27/08/2023
2022;Zaragoza;Facultad;Escuela de Ingeniería y Arquitectura;Grado: Ingeniería Mecánica;Grado;Pais Vasco;Hombres;No;Tiempo Completo;1;27/08/2023
2022;Zaragoza;Facultad;Escuela de Ingeniería y Arquitectura;Grado: Ingeniería Química;Grado;Aragón;Hombres;No;Otra dedicación;12;27/08/2023
2022;Zaragoza;Facultad;Escuela de Ingeniería y Arquitectura;Grado: Ingeniería Química;Grado;Aragón;Hombres;No;Tiempo Completo;97;27/08/2023
2022;Zaragoza;Facultad;Escuela de Ingeniería y Arquitectura;Grado: Ingeniería Química;Grado;Aragón;Hombres;Sí;Tiempo Completo;6;27/08/2023
2022;Zaragoza;Facultad;Escuela de Ingeniería y Arquitectura;Grado: Ingeniería Química;Grado;Aragón;Hombres;No;Tiempo Parcial;12;27/08/2023
2022;Zaragoza;Facultad;Escuela de Ingeniería y Arquitectura;Grado: Ingeniería Química;Grado;Aragón;Mujeres;No;Otra dedicación;6;27/08/2023
2022;Zaragoza;Facultad;Escuela de Ingeniería y Arquitectura;Grado: Ingeniería Química;Grado;Aragón;Mujeres;No;Tiempo Completo;107;27/08/2023
2022;Zaragoza;Facultad;Escuela de Ingeniería y Arquitectura;Grado: Ingeniería Química;Grado;Aragón;Mujeres;Sí;Tiempo Completo;8;27/08/2023
2022;Zaragoza;Facultad;Escuela de Ingeniería y Arquitectura;Grado: Ingeniería Química;Grado;Aragón;Mujeres;No;Tiempo Parcial;11;27/08/2023
2022;Zaragoza;Facultad;Escuela de Ingeniería y Arquitectura;Grado: Ingeniería Química;Grado;Asturias;Mujeres;No;Tiempo Completo;1;27/08/2023
2022;Zaragoza;Facultad;Escuela de Ingeniería y Arquitectura;Grado: Ingeniería Química;Grado;Castilla y Leon;Hombres;No;Tiempo Completo;2;27/08/2023
2022;Zaragoza;Facultad;Escuela de Ingeniería y Arquitectura;Grado: Ingeniería Química;Grado;Castilla y Leon;Mujeres;No;Tiempo Completo;1;27/08/2023
2022;Zaragoza;Facultad;Escuela de Ingeniería y Arquitectura;Grado: Ingeniería Química;Grado;Castilla y Leon;Mujeres;No;Tiempo Parcial;1;27/08/2023
2022;Zaragoza;Facultad;Escuela de Ingeniería y Arquitectura;Grado: Ingeniería Química;Grado;Castilla-La Mancha;Mujeres;No;Tiempo Completo;2;27/08/2023
2022;Zaragoza;Facultad;Escuela de Ingeniería y Arquitectura;Grado: Ingeniería Química;Grado;Catalunya;Hombres;No;Tiempo Completo;1;27/08/2023
2022;Zaragoza;Facultad;Escuela de Ingeniería y Arquitectura;Grado: Ingeniería Química;Grado;Comunidad Valenciana;Hombres;No;Tiempo Completo;3;27/08/2023
2022;Zaragoza;Facultad;Escuela de Ingeniería y Arquitectura;Grado: Ingeniería Química;Grado;La Rioja;Hombres;No;Otra dedicación;2;27/08/2023
2022;Zaragoza;Facultad;Escuela de Ingeniería y Arquitectura;Grado: Ingeniería Química;Grado;La Rioja;Hombres;No;Tiempo Completo;7;27/08/2023
2022;Zaragoza;Facultad;Escuela de Ingeniería y Arquitectura;Grado: Ingeniería Química;Grado;La Rioja;Mujeres;No;Tiempo Completo;2;27/08/2023
2022;Zaragoza;Facultad;Escuela de Ingeniería y Arquitectura;Grado: Ingeniería Química;Grado;Navarra;Hombres;No;Otra dedicación;1;27/08/2023
2022;Zaragoza;Facultad;Escuela de Ingeniería y Arquitectura;Grado: Ingeniería Química;Grado;Navarra;Hombres;No;Tiempo Completo;9;27/08/2023
2022;Zaragoza;Facultad;Escuela de Ingeniería y Arquitectura;Grado: Ingeniería Química;Grado;Navarra;Mujeres;No;Otra dedicación;1;27/08/2023
2022;Zaragoza;Facultad;Escuela de Ingeniería y Arquitectura;Grado: Ingeniería Química;Grado;Navarra;Mujeres;No;Tiempo Completo;4;27/08/2023
2022;Zaragoza;Facultad;Escuela de Ingeniería y Arquitectura;Grado: Ingeniería Química;Grado;Navarra;Mujeres;Sí;Tiempo Completo;1;27/08/2023
2022;Zaragoza;Facultad;Escuela de Ingeniería y Arquitectura;Grado: Programa conjunto en Matemáticas-Ingeniería Informática;Grado;Aragón;Hombres;No;Tiempo Completo;25;27/08/2023
2022;Zaragoza;Facultad;Escuela de Ingeniería y Arquitectura;Grado: Programa conjunto en Matemáticas-Ingeniería Informática;Grado;Aragón;Mujeres;No;Tiempo Completo;7;27/08/2023
2022;Zaragoza;Facultad;Escuela de Ingeniería y Arquitectura;Grado: Programa conjunto en Matemáticas-Ingeniería Informática;Grado;Castilla y Leon;Hombres;No;Tiempo Completo;1;27/08/2023
2022;Zaragoza;Facultad;Escuela de Ingeniería y Arquitectura;Grado: Programa conjunto en Matemáticas-Ingeniería Informática;Grado;Catalunya;Hombres;No;Tiempo Completo;1;27/08/2023
2022;Zaragoza;Facultad;Escuela de Ingeniería y Arquitectura;Grado: Programa conjunto en Matemáticas-Ingeniería Informática;Grado;La Rioja;Hombres;No;Tiempo Completo;1;27/08/2023
2022;Zaragoza;Facultad;Escuela de Ingeniería y Arquitectura;Grado: Programa conjunto en Matemáticas-Ingeniería Informática;Grado;La Rioja;Mujeres;No;Tiempo Completo;1;27/08/2023
2022;Zaragoza;Facultad;Escuela de Ingeniería y Arquitectura;Grado: Programa conjunto en Matemáticas-Ingeniería Informática;Grado;Navarra;Hombres;No;Tiempo Completo;2;27/08/2023
2022;Zaragoza;Facultad;Escuela de Ingeniería y Arquitectura;Movilidad para 1º y 2º ciclo y grado;Movilidad de entrada;Andalucía;Hombres;No;Tiempo Completo;3;27/08/2023
2022;Zaragoza;Facultad;Escuela de Ingeniería y Arquitectura;Movilidad para 1º y 2º ciclo y grado;Movilidad de entrada;Asturias;Mujeres;No;Tiempo Completo;1;27/08/2023
2022;Zaragoza;Facultad;Escuela de Ingeniería y Arquitectura;Movilidad para 1º y 2º ciclo y grado;Movilidad de entrada;Comunidad Valenciana;Hombres;No;Tiempo Completo;1;27/08/2023
2022;Zaragoza;Facultad;Escuela de Ingeniería y Arquitectura;Movilidad para 1º y 2º ciclo y grado;Movilidad de entrada;Galicia;Mujeres;No;Tiempo Completo;1;27/08/2023
2022;Zaragoza;Facultad;Escuela de Ingeniería y Arquitectura;Movilidad para 1º y 2º ciclo y grado;Movilidad de entrada;No Informado;Hombres;No;Tiempo Completo;41;27/08/2023
2022;Zaragoza;Facultad;Escuela de Ingeniería y Arquitectura;Movilidad para 1º y 2º ciclo y grado;Movilidad de entrada;No Informado;Mujeres;No;Tiempo Completo;45;27/08/2023
2022;Zaragoza;Facultad;Escuela de Ingeniería y Arquitectura;Movilidad para máster;Movilidad de entrada;Aragón;Hombres;No;Tiempo Completo;1;27/08/2023
2022;Zaragoza;Facultad;Escuela de Ingeniería y Arquitectura;Movilidad para máster;Movilidad de entrada;Aragón;Mujeres;No;Tiempo Completo;1;27/08/2023
2022;Zaragoza;Facultad;Escuela de Ingeniería y Arquitectura;Movilidad para máster;Movilidad de entrada;Madrid;Hombres;No;Tiempo Completo;1;27/08/2023
2022;Zaragoza;Facultad;Escuela de Ingeniería y Arquitectura;Movilidad para máster;Movilidad de entrada;No Informado;Hombres;No;Tiempo Completo;37;27/08/2023
2022;Zaragoza;Facultad;Escuela de Ingeniería y Arquitectura;Movilidad para máster;Movilidad de entrada;No Informado;Mujeres;No;Tiempo Completo;11;27/08/2023
2022;Zaragoza;Facultad;Escuela de Ingeniería y Arquitectura;Máster: Arquitectura;Máster;Aragón;Hombres;No;Tiempo Completo;15;27/08/2023
2022;Zaragoza;Facultad;Escuela de Ingeniería y Arquitectura;Máster: Arquitectura;Máster;Aragón;Hombres;No;Tiempo Parcial;1;27/08/2023
2022;Zaragoza;Facultad;Escuela de Ingeniería y Arquitectura;Máster: Arquitectura;Máster;Aragón;Mujeres;No;Tiempo Completo;12;27/08/2023
2022;Zaragoza;Facultad;Escuela de Ingeniería y Arquitectura;Máster: Arquitectura;Máster;Aragón;Mujeres;No;Tiempo Parcial;1;27/08/2023
2022;Zaragoza;Facultad;Escuela de Ingeniería y Arquitectura;Máster: Arquitectura;Máster;Madrid;Mujeres;No;Tiempo Completo;1;27/08/2023
2022;Zaragoza;Facultad;Escuela de Ingeniería y Arquitectura;Máster: Energías Renovables y Eficiencia Energética;Máster;Andalucía;Hombres;No;Tiempo Completo;1;27/08/2023
2022;Zaragoza;Facultad;Escuela de Ingeniería y Arquitectura;Máster: Energías Renovables y Eficiencia Energética;Máster;Andalucía;Mujeres;No;Tiempo Completo;1;27/08/2023
2022;Zaragoza;Facultad;Escuela de Ingeniería y Arquitectura;Máster: Energías Renovables y Eficiencia Energética;Máster;Aragón;Hombres;No;Otra dedicación;1;27/08/2023
2022;Zaragoza;Facultad;Escuela de Ingeniería y Arquitectura;Máster: Energías Renovables y Eficiencia Energética;Máster;Aragón;Hombres;No;Tiempo Completo;20;27/08/2023
2022;Zaragoza;Facultad;Escuela de Ingeniería y Arquitectura;Máster: Energías Renovables y Eficiencia Energética;Máster;Aragón;Hombres;Sí;Tiempo Completo;1;27/08/2023
2022;Zaragoza;Facultad;Escuela de Ingeniería y Arquitectura;Máster: Energías Renovables y Eficiencia Energética;Máster;Aragón;Hombres;No;Tiempo Parcial;6;27/08/2023
2022;Zaragoza;Facultad;Escuela de Ingeniería y Arquitectura;Máster: Energías Renovables y Eficiencia Energética;Máster;Aragón;Mujeres;No;Tiempo Completo;6;27/08/2023
2022;Zaragoza;Facultad;Escuela de Ingeniería y Arquitectura;Máster: Energías Renovables y Eficiencia Energética;Máster;Aragón;Mujeres;Sí;Tiempo Completo;1;27/08/2023
2022;Zaragoza;Facultad;Escuela de Ingeniería y Arquitectura;Máster: Energías Renovables y Eficiencia Energética;Máster;Aragón;Mujeres;No;Tiempo Parcial;2;27/08/2023
2022;Zaragoza;Facultad;Escuela de Ingeniería y Arquitectura;Máster: Energías Renovables y Eficiencia Energética;Máster;Canarias;Hombres;No;Tiempo Completo;2;27/08/2023
2022;Zaragoza;Facultad;Escuela de Ingeniería y Arquitectura;Máster: Energías Renovables y Eficiencia Energética;Máster;Cantabria;Hombres;No;Tiempo Completo;1;27/08/2023
2022;Zaragoza;Facultad;Escuela de Ingeniería y Arquitectura;Máster: Energías Renovables y Eficiencia Energética;Máster;Castilla y Leon;Mujeres;Sí;Tiempo Completo;1;27/08/2023
2022;Zaragoza;Facultad;Escuela de Ingeniería y Arquitectura;Máster: Energías Renovables y Eficiencia Energética;Máster;La Rioja;Hombres;No;Tiempo Completo;1;27/08/2023
2022;Zaragoza;Facultad;Escuela de Ingeniería y Arquitectura;Máster: Energías Renovables y Eficiencia Energética;Máster;Madrid;Hombres;No;Tiempo Completo;1;27/08/2023
2022;Zaragoza;Facultad;Escuela de Ingeniería y Arquitectura;Máster: Energías Renovables y Eficiencia Energética;Máster;Madrid;Mujeres;No;Tiempo Completo;1;27/08/2023
2022;Zaragoza;Facultad;Escuela de Ingeniería y Arquitectura;Máster: Energías Renovables y Eficiencia Energética;Máster;Navarra;Hombres;No;Tiempo Completo;1;27/08/2023
2022;Zaragoza;Facultad;Escuela de Ingeniería y Arquitectura;Máster: Energías Renovables y Eficiencia Energética;Máster;No Informado;Mujeres;No;Tiempo Completo;1;27/08/2023
2022;Zaragoza;Facultad;Escuela de Ingeniería y Arquitectura;Máster: Ingeniería Biomédica;Máster;Andalucía;Hombres;No;Tiempo Completo;1;27/08/2023
2022;Zaragoza;Facultad;Escuela de Ingeniería y Arquitectura;Máster: Ingeniería Biomédica;Máster;Andalucía;Mujeres;Sí;Tiempo Completo;1;27/08/2023
2022;Zaragoza;Facultad;Escuela de Ingeniería y Arquitectura;Máster: Ingeniería biomédica;Máster;Aragón;Hombres;No;Otra dedicación;1;27/08/2023
2022;Zaragoza;Facultad;Escuela de Ingeniería y Arquitectura;Máster: Ingeniería Biomédica;Máster;Aragón;Hombres;No;Tiempo Completo;19;27/08/2023
2022;Zaragoza;Facultad;Escuela de Ingeniería y Arquitectura;Máster: Ingeniería biomédica;Máster;Aragón;Mujeres;No;Otra dedicación;1;27/08/2023
2022;Zaragoza;Facultad;Escuela de Ingeniería y Arquitectura;Máster: Ingeniería Biomédica;Máster;Aragón;Mujeres;No;Tiempo Completo;14;27/08/2023
2022;Zaragoza;Facultad;Escuela de Ingeniería y Arquitectura;Máster: Ingeniería Biomédica;Máster;Aragón;Mujeres;Sí;Tiempo Completo;1;27/08/2023
2022;Zaragoza;Facultad;Escuela de Ingeniería y Arquitectura;Máster: Ingeniería biomédica;Máster;Aragón;Mujeres;No;Tiempo Parcial;1;27/08/2023
2022;Zaragoza;Facultad;Escuela de Ingeniería y Arquitectura;Máster: Ingeniería Biomédica;Máster;Canarias;Hombres;No;Tiempo Completo;2;27/08/2023
2022;Zaragoza;Facultad;Escuela de Ingeniería y Arquitectura;Máster: Ingeniería Biomédica;Máster;Canarias;Mujeres;No;Tiempo Completo;1;27/08/2023
2022;Zaragoza;Facultad;Escuela de Ingeniería y Arquitectura;Máster: Ingeniería Biomédica;Máster;Cantabria;Hombres;No;Tiempo Completo;1;27/08/2023
2022;Zaragoza;Facultad;Escuela de Ingeniería y Arquitectura;Máster: Ingeniería Biomédica;Máster;Castilla y Leon;Hombres;No;Tiempo Completo;1;27/08/2023
2022;Zaragoza;Facultad;Escuela de Ingeniería y Arquitectura;Máster: Ingeniería Biomédica;Máster;La Rioja;Mujeres;No;Tiempo Completo;1;27/08/2023
2022;Zaragoza;Facultad;Escuela de Ingeniería y Arquitectura;Máster: Ingeniería Biomédica;Máster;Madrid;Hombres;No;Tiempo Completo;1;27/08/2023
2022;Zaragoza;Facultad;Escuela de Ingeniería y Arquitectura;Máster: Ingeniería Biomédica;Máster;Madrid;Mujeres;No;Tiempo Completo;1;27/08/2023
2022;Zaragoza;Facultad;Escuela de Ingeniería y Arquitectura;Máster: Ingeniería Biomédica;Máster;Murcia;Mujeres;No;Tiempo Completo;1;27/08/2023
2022;Zaragoza;Facultad;Escuela de Ingeniería y Arquitectura;Máster: Ingeniería Biomédica;Máster;Navarra;Hombres;No;Tiempo Completo;1;27/08/2023
2022;Zaragoza;Facultad;Escuela de Ingeniería y Arquitectura;Máster: Ingeniería Biomédica;Máster;Navarra;Mujeres;Sí;Tiempo Completo;1;27/08/2023
2022;Zaragoza;Facultad;Escuela de Ingeniería y Arquitectura;Máster: Ingeniería de Diseño de Producto;Máster;Aragón;Hombres;No;Tiempo Completo;10;27/08/2023
2022;Zaragoza;Facultad;Escuela de Ingeniería y Arquitectura;Máster: Ingeniería de Diseño de Producto;Máster;Aragón;Hombres;No;Tiempo Parcial;1;27/08/2023
2022;Zaragoza;Facultad;Escuela de Ingeniería y Arquitectura;Máster: Ingeniería de Diseño de Producto;Máster;Aragón;Mujeres;No;Tiempo Completo;9;27/08/2023
2022;Zaragoza;Facultad;Escuela de Ingeniería y Arquitectura;Máster: Ingeniería de Diseño de Producto;Máster;Aragón;Mujeres;No;Tiempo Parcial;1;27/08/2023
2022;Zaragoza;Facultad;Escuela de Ingeniería y Arquitectura;Máster: Ingeniería de Diseño de Producto;Máster;Comunidad Valenciana;Mujeres;No;Tiempo Parcial;1;27/08/2023
2022;Zaragoza;Facultad;Escuela de Ingeniería y Arquitectura;Máster: Ingeniería de Diseño de Producto;Máster;La Rioja;Mujeres;No;Tiempo Completo;1;27/08/2023
2022;Zaragoza;Facultad;Escuela de Ingeniería y Arquitectura;Máster: Ingeniería de Diseño de Producto;Máster;Madrid;Mujeres;No;Tiempo Completo;1;27/08/2023
2022;Zaragoza;Facultad;Escuela de Ingeniería y Arquitectura;Máster: Ingeniería de Diseño de Producto;Máster;Pais Vasco;Mujeres;No;Tiempo Completo;1;27/08/2023
2022;Zaragoza;Facultad;Escuela de Ingeniería y Arquitectura;Máster: Ingeniería de Telecomunicación;Máster;Aragón;Hombres;No;Tiempo Completo;8;27/08/2023
2022;Zaragoza;Facultad;Escuela de Ingeniería y Arquitectura;Máster: Ingeniería de Telecomunicación;Máster;Aragón;Hombres;Sí;Tiempo Completo;5;27/08/2023
2022;Zaragoza;Facultad;Escuela de Ingeniería y Arquitectura;Máster: Ingeniería de Telecomunicación;Máster;Aragón;Hombres;No;Tiempo Parcial;4;27/08/2023
2022;Zaragoza;Facultad;Escuela de Ingeniería y Arquitectura;Máster: Ingeniería de Telecomunicación;Máster;Aragón;Mujeres;No;Tiempo Completo;5;27/08/2023
2022;Zaragoza;Facultad;Escuela de Ingeniería y Arquitectura;Máster: Ingeniería de Telecomunicación;Máster;Aragón;Mujeres;Sí;Tiempo Completo;2;27/08/2023
2022;Zaragoza;Facultad;Escuela de Ingeniería y Arquitectura;Máster: Ingeniería de Telecomunicación;Máster;Aragón;Mujeres;No;Tiempo Parcial;4;27/08/2023
2022;Zaragoza;Facultad;Escuela de Ingeniería y Arquitectura;Máster: Ingeniería de Telecomunicación;Máster;Canarias;Hombres;No;Tiempo Parcial;1;27/08/2023
2022;Zaragoza;Facultad;Escuela de Ingeniería y Arquitectura;Máster: Ingeniería de Telecomunicación;Máster;La Rioja;Hombres;Sí;Tiempo Completo;1;27/08/2023
2022;Zaragoza;Facultad;Escuela de Ingeniería y Arquitectura;Máster: Ingeniería de Telecomunicación;Máster;Pais Vasco;Mujeres;No;Tiempo Completo;1;27/08/2023
2022;Zaragoza;Facultad;Escuela de Ingeniería y Arquitectura;Máster: Ingeniería Electrónica;Máster;Aragón;Hombres;No;Tiempo Completo;8;27/08/2023
2022;Zaragoza;Facultad;Escuela de Ingeniería y Arquitectura;Máster: Ingeniería Electrónica;Máster;Aragón;Hombres;No;Tiempo Parcial;7;27/08/2023
2022;Zaragoza;Facultad;Escuela de Ingeniería y Arquitectura;Máster: Ingeniería Electrónica;Máster;La Rioja;Hombres;No;Tiempo Completo;1;27/08/2023
2022;Zaragoza;Facultad;Escuela de Ingeniería y Arquitectura;Máster: Ingeniería Electrónica;Máster;Navarra;Hombres;No;Tiempo Completo;1;27/08/2023
2022;Zaragoza;Facultad;Escuela de Ingeniería y Arquitectura;Máster: Ingeniería Electrónica;Máster;Pais Vasco;Hombres;No;Tiempo Completo;1;27/08/2023
2022;Zaragoza;Facultad;Escuela de Ingeniería y Arquitectura;Máster: Ingeniería Industrial;Máster;Andalucía;Hombres;No;Tiempo Completo;1;27/08/2023
2022;Zaragoza;Facultad;Escuela de Ingeniería y Arquitectura;Máster: Ingeniería Industrial;Máster;Aragón;Hombres;No;Otra dedicación;8;27/08/2023
2022;Zaragoza;Facultad;Escuela de Ingeniería y Arquitectura;Máster: Ingeniería Industrial;Máster;Aragón;Hombres;No;Tiempo Completo;111;27/08/2023
2022;Zaragoza;Facultad;Escuela de Ingeniería y Arquitectura;Máster: Ingeniería Industrial;Máster;Aragón;Hombres;Sí;Tiempo Completo;12;27/08/2023
2022;Zaragoza;Facultad;Escuela de Ingeniería y Arquitectura;Máster: Ingeniería Industrial;Máster;Aragón;Hombres;No;Tiempo Parcial;28;27/08/2023
2022;Zaragoza;Facultad;Escuela de Ingeniería y Arquitectura;Máster: Ingeniería Industrial;Máster;Aragón;Hombres;Sí;Tiempo Parcial;2;27/08/2023
2022;Zaragoza;Facultad;Escuela de Ingeniería y Arquitectura;Máster: Ingeniería Industrial;Máster;Aragón;Mujeres;No;Otra dedicación;2;27/08/2023
2022;Zaragoza;Facultad;Escuela de Ingeniería y Arquitectura;Máster: Ingeniería Industrial;Máster;Aragón;Mujeres;No;Tiempo Completo;26;27/08/2023
2022;Zaragoza;Facultad;Escuela de Ingeniería y Arquitectura;Máster: Ingeniería Industrial;Máster;Aragón;Mujeres;Sí;Tiempo Completo;6;27/08/2023
2022;Zaragoza;Facultad;Escuela de Ingeniería y Arquitectura;Máster: Ingeniería Industrial;Máster;Aragón;Mujeres;No;Tiempo Parcial;7;27/08/2023
2022;Zaragoza;Facultad;Escuela de Ingeniería y Arquitectura;Máster: Ingeniería Industrial;Máster;Castilla y Leon;Hombres;No;Tiempo Completo;1;27/08/2023
2022;Zaragoza;Facultad;Escuela de Ingeniería y Arquitectura;Máster: Ingeniería Industrial;Máster;Castilla y Leon;Hombres;No;Tiempo Parcial;1;27/08/2023
2022;Zaragoza;Facultad;Escuela de Ingeniería y Arquitectura;Máster: Ingeniería Industrial;Máster;La Rioja;Hombres;No;Tiempo Completo;1;27/08/2023
2022;Zaragoza;Facultad;Escuela de Ingeniería y Arquitectura;Máster: Ingeniería Industrial;Máster;La Rioja;Hombres;Sí;Tiempo Completo;2;27/08/2023
2022;Zaragoza;Facultad;Escuela de Ingeniería y Arquitectura;Máster: Ingeniería Industrial;Máster;La Rioja;Hombres;No;Tiempo Parcial;1;27/08/2023
2022;Zaragoza;Facultad;Escuela de Ingeniería y Arquitectura;Máster: Ingeniería Industrial;Máster;La Rioja;Mujeres;No;Tiempo Completo;1;27/08/2023
2022;Zaragoza;Facultad;Escuela de Ingeniería y Arquitectura;Máster: Ingeniería Industrial;Máster;La Rioja;Mujeres;No;Tiempo Parcial;1;27/08/2023
2022;Zaragoza;Facultad;Escuela de Ingeniería y Arquitectura;Máster: Ingeniería Industrial;Máster;Madrid;Hombres;No;Otra dedicación;1;27/08/2023
2022;Zaragoza;Facultad;Escuela de Ingeniería y Arquitectura;Máster: Ingeniería Industrial;Máster;Madrid;Hombres;No;Tiempo Completo;1;27/08/2023
2022;Zaragoza;Facultad;Escuela de Ingeniería y Arquitectura;Máster: Ingeniería Industrial;Máster;Navarra;Hombres;No;Tiempo Completo;1;27/08/2023
2022;Zaragoza;Facultad;Escuela de Ingeniería y Arquitectura;Máster: Ingeniería Industrial;Máster;Navarra;Mujeres;No;Tiempo Completo;1;27/08/2023
2022;Zaragoza;Facultad;Escuela de Ingeniería y Arquitectura;Máster: Ingeniería Informática;Máster;Aragón;Hombres;No;Otra dedicación;1;27/08/2023
2022;Zaragoza;Facultad;Escuela de Ingeniería y Arquitectura;Máster: Ingeniería Informática;Máster;Aragón;Hombres;No;Tiempo Completo;12;27/08/2023
2022;Zaragoza;Facultad;Escuela de Ingeniería y Arquitectura;Máster: Ingeniería Informática;Máster;Aragón;Hombres;No;Tiempo Parcial;4;27/08/2023
2022;Zaragoza;Facultad;Escuela de Ingeniería y Arquitectura;Máster: Ingeniería Informática;Máster;Aragón;Mujeres;No;Tiempo Completo;1;27/08/2023
2022;Zaragoza;Facultad;Escuela de Ingeniería y Arquitectura;Máster: Ingeniería Informática;Máster;Aragón;Mujeres;No;Tiempo Parcial;2;27/08/2023
2022;Zaragoza;Facultad;Escuela de Ingeniería y Arquitectura;Máster: Ingeniería Informática;Máster;No Informado;Hombres;No;Tiempo Parcial;1;27/08/2023
2022;Zaragoza;Facultad;Escuela de Ingeniería y Arquitectura;Máster: Ingeniería Mecánica;Máster;Aragón;Hombres;No;Tiempo Completo;9;27/08/2023
2022;Zaragoza;Facultad;Escuela de Ingeniería y Arquitectura;Máster: Ingeniería Mecánica;Máster;Aragón;Hombres;No;Tiempo Parcial;15;27/08/2023
2022;Zaragoza;Facultad;Escuela de Ingeniería y Arquitectura;Máster: Ingeniería Mecánica;Máster;Aragón;Mujeres;No;Tiempo Parcial;3;27/08/2023
2022;Zaragoza;Facultad;Escuela de Ingeniería y Arquitectura;Máster: Ingeniería Mecánica;Máster;Castilla y Leon;Hombres;No;Tiempo Completo;1;27/08/2023
2022;Zaragoza;Facultad;Escuela de Ingeniería y Arquitectura;Máster: Ingeniería Mecánica;Máster;La Rioja;Hombres;No;Tiempo Completo;1;27/08/2023
2022;Zaragoza;Facultad;Escuela de Ingeniería y Arquitectura;Máster: Ingeniería Mecánica;Máster;No Informado;Hombres;No;Tiempo Completo;1;27/08/2023
2022;Zaragoza;Facultad;Escuela de Ingeniería y Arquitectura;Máster: Ingeniería Química;Máster;Aragón;Hombres;No;Tiempo Completo;13;27/08/2023
2022;Zaragoza;Facultad;Escuela de Ingeniería y Arquitectura;Máster: Ingeniería Química;Máster;Aragón;Hombres;Sí;Tiempo Completo;1;27/08/2023
2022;Zaragoza;Facultad;Escuela de Ingeniería y Arquitectura;Máster: Ingeniería Química;Máster;Aragón;Hombres;No;Tiempo Parcial;3;27/08/2023
2022;Zaragoza;Facultad;Escuela de Ingeniería y Arquitectura;Máster: Ingeniería Química;Máster;Aragón;Mujeres;No;Otra dedicación;1;27/08/2023
2022;Zaragoza;Facultad;Escuela de Ingeniería y Arquitectura;Máster: Ingeniería Química;Máster;Aragón;Mujeres;No;Tiempo Completo;14;27/08/2023
2022;Zaragoza;Facultad;Escuela de Ingeniería y Arquitectura;Máster: Ingeniería Química;Máster;Aragón;Mujeres;Sí;Tiempo Completo;1;27/08/2023
2022;Zaragoza;Facultad;Escuela de Ingeniería y Arquitectura;Máster: Ingeniería Química;Máster;Aragón;Mujeres;No;Tiempo Parcial;4;27/08/2023
2022;Zaragoza;Facultad;Escuela de Ingeniería y Arquitectura;Máster: Ingeniería Química;Máster;Navarra;Hombres;No;Tiempo Completo;2;27/08/2023
2022;Zaragoza;Facultad;Escuela de Ingeniería y Arquitectura;Máster: Ingeniería Química;Máster;Navarra;Mujeres;No;Tiempo Parcial;1;27/08/2023
2022;Zaragoza;Facultad;Escuela de Ingeniería y Arquitectura;Máster: Programa conjunto en Máster Universitario en Ingeniería Industrial-Máster Universitario en Energías Renovables y Eficiencia Energética;Máster;Aragón;Hombres;No;Tiempo Completo;13;27/08/2023
2022;Zaragoza;Facultad;Escuela de Ingeniería y Arquitectura;Máster: Programa conjunto en Máster Universitario en Ingeniería Industrial-Máster Universitario en Energías Renovables y Eficiencia Energética;Máster;Aragón;Hombres;Sí;Tiempo Completo;4;27/08/2023
2022;Zaragoza;Facultad;Escuela de Ingeniería y Arquitectura;Máster: Programa conjunto en Máster Universitario en Ingeniería Industrial-Máster Universitario en Energías Renovables y Eficiencia Energética;Máster;Aragón;Mujeres;No;Tiempo Completo;2;27/08/2023
2022;Zaragoza;Facultad;Escuela de Ingeniería y Arquitectura;Máster: Programa conjunto en Máster Universitario en Ingeniería Industrial-Máster Universitario en Ingeniería Electrónica;Máster;Aragón;Hombres;No;Tiempo Completo;1;27/08/2023
2022;Zaragoza;Facultad;Escuela de Ingeniería y Arquitectura;Máster: Programa conjunto en Máster Universitario en Ingeniería Industrial-Máster Universitario en Ingeniería Electrónica;Máster;Aragón;Mujeres;No;Tiempo Completo;1;27/08/2023
2022;Zaragoza;Facultad;Escuela de Ingeniería y Arquitectura;Máster: Programa conjunto en Máster Universitario en Ingeniería Industrial-Máster Universitario en Ingeniería Mecánica;Máster;Aragón;Hombres;No;Tiempo Completo;2;27/08/2023
2022;Zaragoza;Facultad;Escuela de Ingeniería y Arquitectura;Máster: Robótica, Gráficos y Visión por Computador/Robotics, Graphics and Computer Vision;Máster;Andalucía;Hombres;No;Tiempo Completo;1;27/08/2023
2022;Zaragoza;Facultad;Escuela de Ingeniería y Arquitectura;Máster: Robótica, Gráficos y Visión por Computador/Robotics, Graphics and Computer Vision;Máster;Aragón;Hombres;No;Tiempo Completo;26;27/08/2023
2022;Zaragoza;Facultad;Escuela de Ingeniería y Arquitectura;Máster: Robótica, Gráficos y Visión por Computador/Robotics, Graphics and Computer Vision;Máster;Aragón;Hombres;Sí;Tiempo Completo;5;27/08/2023
2022;Zaragoza;Facultad;Escuela de Ingeniería y Arquitectura;Máster: Robótica, Gráficos y Visión por Computador/Robotics, Graphics and Computer Vision;Máster;Aragón;Hombres;No;Tiempo Parcial;9;27/08/2023
2022;Zaragoza;Facultad;Escuela de Ingeniería y Arquitectura;Máster: Robótica, Gráficos y Visión por Computador/Robotics, Graphics and Computer Vision;Máster;Aragón;Mujeres;No;Tiempo Completo;2;27/08/2023
2022;Zaragoza;Facultad;Escuela de Ingeniería y Arquitectura;Máster: Robótica, Gráficos y Visión por Computador/Robotics, Graphics and Computer Vision;Máster;Aragón;Mujeres;No;Tiempo Parcial;5;27/08/2023
2022;Zaragoza;Facultad;Escuela de Ingeniería y Arquitectura;Máster: Robótica, Gráficos y Visión por Computador/Robotics, Graphics and Computer Vision;Máster;Pais Vasco;Hombres;No;Tiempo Completo;1;27/08/2023
2022;Zaragoza;Facultad;Facultad de Ciencias;Grado: Biotecnología;Grado;Aragón;Hombres;No;Otra dedicación;1;27/08/2023
2022;Zaragoza;Facultad;Facultad de Ciencias;Grado: Biotecnología;Grado;Aragón;Hombres;No;Tiempo Completo;78;27/08/2023
2022;Zaragoza;Facultad;Facultad de Ciencias;Grado: Biotecnología;Grado;Aragón;Hombres;Sí;Tiempo Completo;7;27/08/2023
2022;Zaragoza;Facultad;Facultad de Ciencias;Grado: Biotecnología;Grado;Aragón;Hombres;No;Tiempo Parcial;1;27/08/2023
2022;Zaragoza;Facultad;Facultad de Ciencias;Grado: Biotecnología;Grado;Aragón;Mujeres;No;Otra dedicación;4;27/08/2023
2022;Zaragoza;Facultad;Facultad de Ciencias;Grado: Biotecnología;Grado;Aragón;Mujeres;No;Tiempo Completo;138;27/08/2023
2022;Zaragoza;Facultad;Facultad de Ciencias;Grado: Biotecnología;Grado;Aragón;Mujeres;Sí;Tiempo Completo;13;27/08/2023
2022;Zaragoza;Facultad;Facultad de Ciencias;Grado: Biotecnología;Grado;Aragón;Mujeres;No;Tiempo Parcial;2;27/08/2023
2022;Zaragoza;Facultad;Facultad de Ciencias;Grado: Biotecnología;Grado;Aragón;Mujeres;Sí;Tiempo Parcial;1;27/08/2023
2022;Zaragoza;Facultad;Facultad de Ciencias;Grado: Biotecnología;Grado;Canarias;Hombres;Sí;Tiempo Completo;1;27/08/2023
2022;Zaragoza;Facultad;Facultad de Ciencias;Grado: Biotecnología;Grado;Canarias;Mujeres;No;Tiempo Completo;1;27/08/2023
2022;Zaragoza;Facultad;Facultad de Ciencias;Grado: Biotecnología;Grado;Castilla y Leon;Hombres;No;Tiempo Completo;6;27/08/2023
2022;Zaragoza;Facultad;Facultad de Ciencias;Grado: Biotecnología;Grado;Castilla y Leon;Mujeres;No;Tiempo Completo;4;27/08/2023
2022;Zaragoza;Facultad;Facultad de Ciencias;Grado: Biotecnología;Grado;Castilla-La Mancha;Mujeres;No;Tiempo Completo;2;27/08/2023
2022;Zaragoza;Facultad;Facultad de Ciencias;Grado: Biotecnología;Grado;Catalunya;Mujeres;No;Tiempo Completo;1;27/08/2023
2022;Zaragoza;Facultad;Facultad de Ciencias;Grado: Biotecnología;Grado;La Rioja;Hombres;No;Tiempo Completo;1;27/08/2023
2022;Zaragoza;Facultad;Facultad de Ciencias;Grado: Biotecnología;Grado;La Rioja;Mujeres;No;Otra dedicación;1;27/08/2023
2022;Zaragoza;Facultad;Facultad de Ciencias;Grado: Biotecnología;Grado;La Rioja;Mujeres;No;Tiempo Completo;5;27/08/2023
2022;Zaragoza;Facultad;Facultad de Ciencias;Grado: Biotecnología;Grado;La Rioja;Mujeres;Sí;Tiempo Completo;1;27/08/2023
2022;Zaragoza;Facultad;Facultad de Ciencias;Grado: Biotecnología;Grado;Murcia;Mujeres;No;Tiempo Completo;1;27/08/2023
2022;Zaragoza;Facultad;Facultad de Ciencias;Grado: Biotecnología;Grado;Navarra;Hombres;No;Tiempo Completo;1;27/08/2023
2022;Zaragoza;Facultad;Facultad de Ciencias;Grado: Biotecnología;Grado;Navarra;Mujeres;No;Tiempo Completo;5;27/08/2023
2022;Zaragoza;Facultad;Facultad de Ciencias;Grado: Biotecnología;Grado;Pais Vasco;Mujeres;No;Tiempo Completo;2;27/08/2023
2022;Zaragoza;Facultad;Facultad de Ciencias;Grado: Física;Grado;Aragón;Hombres;No;Otra dedicación;5;27/08/2023
2022;Zaragoza;Facultad;Facultad de Ciencias;Grado: Física;Grado;Aragón;Hombres;Sí;Otra dedicación;1;27/08/2023
2022;Zaragoza;Facultad;Facultad de Ciencias;Grado: Física;Grado;Aragón;Hombres;No;Tiempo Completo;166;27/08/2023
2022;Zaragoza;Facultad;Facultad de Ciencias;Grado: Física;Grado;Aragón;Hombres;Sí;Tiempo Completo;15;27/08/2023
2022;Zaragoza;Facultad;Facultad de Ciencias;Grado: Física;Grado;Aragón;Hombres;No;Tiempo Parcial;5;27/08/2023
2022;Zaragoza;Facultad;Facultad de Ciencias;Grado: Física;Grado;Aragón;Mujeres;No;Otra dedicación;5;27/08/2023
2022;Zaragoza;Facultad;Facultad de Ciencias;Grado: Física;Grado;Aragón;Mujeres;Sí;Otra dedicación;1;27/08/2023
2022;Zaragoza;Facultad;Facultad de Ciencias;Grado: Física;Grado;Aragón;Mujeres;No;Tiempo Completo;81;27/08/2023
2022;Zaragoza;Facultad;Facultad de Ciencias;Grado: Física;Grado;Aragón;Mujeres;Sí;Tiempo Completo;7;27/08/2023
2022;Zaragoza;Facultad;Facultad de Ciencias;Grado: Física;Grado;Canarias;Hombres;No;Tiempo Completo;1;27/08/2023
2022;Zaragoza;Facultad;Facultad de Ciencias;Grado: Física;Grado;Castilla y Leon;Hombres;No;Tiempo Completo;4;27/08/2023
2022;Zaragoza;Facultad;Facultad de Ciencias;Grado: Física;Grado;Castilla y Leon;Mujeres;No;Tiempo Completo;1;27/08/2023
2022;Zaragoza;Facultad;Facultad de Ciencias;Grado: Física;Grado;Castilla y Leon;Mujeres;No;Tiempo Parcial;1;27/08/2023
2022;Zaragoza;Facultad;Facultad de Ciencias;Grado: Física;Grado;Castilla-La Mancha;Hombres;No;Tiempo Completo;1;27/08/2023
2022;Zaragoza;Facultad;Facultad de Ciencias;Grado: Física;Grado;Castilla-La Mancha;Mujeres;No;Tiempo Completo;2;27/08/2023
2022;Zaragoza;Facultad;Facultad de Ciencias;Grado: Física;Grado;Catalunya;Hombres;No;Otra dedicación;1;27/08/2023
2022;Zaragoza;Facultad;Facultad de Ciencias;Grado: Física;Grado;Catalunya;Hombres;No;Tiempo Completo;4;27/08/2023
2022;Zaragoza;Facultad;Facultad de Ciencias;Grado: Física;Grado;Catalunya;Mujeres;No;Tiempo Completo;1;27/08/2023
2022;Zaragoza;Facultad;Facultad de Ciencias;Grado: Física;Grado;Catalunya;Mujeres;No;Tiempo Parcial;1;27/08/2023
2022;Zaragoza;Facultad;Facultad de Ciencias;Grado: Física;Grado;Ciudad autónoma de Melilla;Mujeres;No;Tiempo Completo;1;27/08/2023
2022;Zaragoza;Facultad;Facultad de Ciencias;Grado: Física;Grado;Comunidad Valenciana;Mujeres;No;Tiempo Completo;3;27/08/2023
2022;Zaragoza;Facultad;Facultad de Ciencias;Grado: Física;Grado;Extremadura;Mujeres;No;Tiempo Completo;1;27/08/2023
2022;Zaragoza;Facultad;Facultad de Ciencias;Grado: Física;Grado;La Rioja;Hombres;No;Tiempo Completo;12;27/08/2023
2022;Zaragoza;Facultad;Facultad de Ciencias;Grado: Física;Grado;La Rioja;Hombres;Sí;Tiempo Completo;2;27/08/2023
2022;Zaragoza;Facultad;Facultad de Ciencias;Grado: Física;Grado;La Rioja;Mujeres;No;Tiempo Completo;7;27/08/2023
2022;Zaragoza;Facultad;Facultad de Ciencias;Grado: Física;Grado;Madrid;Hombres;No;Tiempo Completo;3;27/08/2023
2022;Zaragoza;Facultad;Facultad de Ciencias;Grado: Física;Grado;Madrid;Mujeres;No;Tiempo Completo;2;27/08/2023
2022;Zaragoza;Facultad;Facultad de Ciencias;Grado: Física;Grado;Navarra;Hombres;No;Tiempo Completo;17;27/08/2023
2022;Zaragoza;Facultad;Facultad de Ciencias;Grado: Física;Grado;Navarra;Hombres;Sí;Tiempo Completo;2;27/08/2023
2022;Zaragoza;Facultad;Facultad de Ciencias;Grado: Física;Grado;Navarra;Mujeres;No;Tiempo Completo;9;27/08/2023
2022;Zaragoza;Facultad;Facultad de Ciencias;Grado: Física;Grado;Navarra;Mujeres;Sí;Tiempo Completo;2;27/08/2023
2022;Zaragoza;Facultad;Facultad de Ciencias;Grado: Física;Grado;Pais Vasco;Mujeres;Sí;Tiempo Completo;1;27/08/2023
2022;Zaragoza;Facultad;Facultad de Ciencias;Grado: Geología;Grado;Aragón;Hombres;No;Otra dedicación;5;27/08/2023
2022;Zaragoza;Facultad;Facultad de Ciencias;Grado: Geología;Grado;Aragón;Hombres;No;Tiempo Completo;50;27/08/2023
2022;Zaragoza;Facultad;Facultad de Ciencias;Grado: Geología;Grado;Aragón;Hombres;No;Tiempo Parcial;2;27/08/2023
2022;Zaragoza;Facultad;Facultad de Ciencias;Grado: Geología;Grado;Aragón;Mujeres;No;Otra dedicación;1;27/08/2023
2022;Zaragoza;Facultad;Facultad de Ciencias;Grado: Geología;Grado;Aragón;Mujeres;No;Tiempo Completo;38;27/08/2023
2022;Zaragoza;Facultad;Facultad de Ciencias;Grado: Geología;Grado;Catalunya;Mujeres;No;Tiempo Completo;2;27/08/2023
2022;Zaragoza;Facultad;Facultad de Ciencias;Grado: Geología;Grado;Comunidad Valenciana;Hombres;No;Tiempo Completo;1;27/08/2023
2022;Zaragoza;Facultad;Facultad de Ciencias;Grado: Geología;Grado;Comunidad Valenciana;Mujeres;No;Tiempo Completo;2;27/08/2023
2022;Zaragoza;Facultad;Facultad de Ciencias;Grado: Geología;Grado;La Rioja;Hombres;No;Tiempo Completo;2;27/08/2023
2022;Zaragoza;Facultad;Facultad de Ciencias;Grado: Geología;Grado;La Rioja;Mujeres;No;Tiempo Completo;1;27/08/2023
2022;Zaragoza;Facultad;Facultad de Ciencias;Grado: Geología;Grado;Navarra;Mujeres;No;Tiempo Completo;1;27/08/2023
2022;Zaragoza;Facultad;Facultad de Ciencias;Grado: Matemáticas;Grado;Aragón;Hombres;No;Otra dedicación;7;27/08/2023
2022;Zaragoza;Facultad;Facultad de Ciencias;Grado: Matemáticas;Grado;Aragón;Hombres;No;Tiempo Completo;156;27/08/2023
2022;Zaragoza;Facultad;Facultad de Ciencias;Grado: Matemáticas;Grado;Aragón;Hombres;Sí;Tiempo Completo;11;27/08/2023
2022;Zaragoza;Facultad;Facultad de Ciencias;Grado: Matemáticas;Grado;Aragón;Hombres;No;Tiempo Parcial;2;27/08/2023
2022;Zaragoza;Facultad;Facultad de Ciencias;Grado: Matemáticas;Grado;Aragón;Mujeres;No;Otra dedicación;2;27/08/2023
2022;Zaragoza;Facultad;Facultad de Ciencias;Grado: Matemáticas;Grado;Aragón;Mujeres;No;Tiempo Completo;75;27/08/2023
2022;Zaragoza;Facultad;Facultad de Ciencias;Grado: Matemáticas;Grado;Aragón;Mujeres;Sí;Tiempo Completo;12;27/08/2023
2022;Zaragoza;Facultad;Facultad de Ciencias;Grado: Matemáticas;Grado;Aragón;Mujeres;No;Tiempo Parcial;4;27/08/2023
2022;Zaragoza;Facultad;Facultad de Ciencias;Grado: Matemáticas;Grado;Canarias;Hombres;No;Tiempo Completo;1;27/08/2023
2022;Zaragoza;Facultad;Facultad de Ciencias;Grado: Matemáticas;Grado;Canarias;Mujeres;No;Tiempo Completo;1;27/08/2023
2022;Zaragoza;Facultad;Facultad de Ciencias;Grado: Matemáticas;Grado;Castilla y Leon;Desconocido;No;Otra dedicación;1;27/08/2023
2022;Zaragoza;Facultad;Facultad de Ciencias;Grado: Matemáticas;Grado;Castilla y Leon;Hombres;No;Tiempo Completo;7;27/08/2023
2022;Zaragoza;Facultad;Facultad de Ciencias;Grado: Matemáticas;Grado;Castilla y Leon;Mujeres;No;Tiempo Completo;3;27/08/2023
2022;Zaragoza;Facultad;Facultad de Ciencias;Grado: Matemáticas;Grado;Castilla-La Mancha;Mujeres;No;Tiempo Completo;1;27/08/2023
2022;Zaragoza;Facultad;Facultad de Ciencias;Grado: Matemáticas;Grado;Catalunya;Hombres;No;Tiempo Completo;1;27/08/2023
2022;Zaragoza;Facultad;Facultad de Ciencias;Grado: Matemáticas;Grado;Catalunya;Mujeres;No;Otra dedicación;1;27/08/2023
2022;Zaragoza;Facultad;Facultad de Ciencias;Grado: Matemáticas;Grado;Catalunya;Mujeres;Sí;Tiempo Completo;1;27/08/2023
2022;Zaragoza;Facultad;Facultad de Ciencias;Grado: Matemáticas;Grado;Ciudad autónoma de Melilla;Hombres;No;Tiempo Completo;1;27/08/2023
2022;Zaragoza;Facultad;Facultad de Ciencias;Grado: Matemáticas;Grado;Comunidad Valenciana;Mujeres;No;Tiempo Completo;1;27/08/2023
2022;Zaragoza;Facultad;Facultad de Ciencias;Grado: Matemáticas;Grado;Galicia;Hombres;No;Tiempo Completo;1;27/08/2023
2022;Zaragoza;Facultad;Facultad de Ciencias;Grado: Matemáticas;Grado;La Rioja;Hombres;No;Tiempo Completo;4;27/08/2023
2022;Zaragoza;Facultad;Facultad de Ciencias;Grado: Matemáticas;Grado;La Rioja;Hombres;Sí;Tiempo Completo;1;27/08/2023
2022;Zaragoza;Facultad;Facultad de Ciencias;Grado: Matemáticas;Grado;La Rioja;Mujeres;No;Tiempo Completo;5;27/08/2023
2022;Zaragoza;Facultad;Facultad de Ciencias;Grado: Matemáticas;Grado;La Rioja;Mujeres;Sí;Tiempo Completo;1;27/08/2023
2022;Zaragoza;Facultad;Facultad de Ciencias;Grado: Matemáticas;Grado;Madrid;Hombres;No;Tiempo Completo;2;27/08/2023
2022;Zaragoza;Facultad;Facultad de Ciencias;Grado: Matemáticas;Grado;Navarra;Hombres;No;Otra dedicación;1;27/08/2023
2022;Zaragoza;Facultad;Facultad de Ciencias;Grado: Matemáticas;Grado;Navarra;Hombres;No;Tiempo Completo;8;27/08/2023
2022;Zaragoza;Facultad;Facultad de Ciencias;Grado: Matemáticas;Grado;Navarra;Hombres;Sí;Tiempo Completo;1;27/08/2023
2022;Zaragoza;Facultad;Facultad de Ciencias;Grado: Matemáticas;Grado;Navarra;Mujeres;No;Otra dedicación;1;27/08/2023
2022;Zaragoza;Facultad;Facultad de Ciencias;Grado: Matemáticas;Grado;Navarra;Mujeres;No;Tiempo Completo;9;27/08/2023
2022;Zaragoza;Facultad;Facultad de Ciencias;Grado: Matemáticas;Grado;Navarra;Mujeres;Sí;Tiempo Completo;2;27/08/2023
2022;Zaragoza;Facultad;Facultad de Ciencias;Grado: Matemáticas;Grado;Pais Vasco;Hombres;No;Tiempo Completo;1;27/08/2023
2022;Zaragoza;Facultad;Facultad de Ciencias;Grado: Programa conjunto Física-Matemáticas (FisMat);Grado;Aragón;Hombres;No;Tiempo Completo;24;27/08/2023
2022;Zaragoza;Facultad;Facultad de Ciencias;Grado: Programa conjunto Física-Matemáticas (FisMat);Grado;Aragón;Hombres;Sí;Tiempo Completo;7;27/08/2023
2022;Zaragoza;Facultad;Facultad de Ciencias;Grado: Programa conjunto Física-Matemáticas (FisMat);Grado;Aragón;Mujeres;No;Tiempo Completo;14;27/08/2023
2022;Zaragoza;Facultad;Facultad de Ciencias;Grado: Programa conjunto Física-Matemáticas (FisMat);Grado;Aragón;Mujeres;Sí;Tiempo Completo;5;27/08/2023
2022;Zaragoza;Facultad;Facultad de Ciencias;Grado: Programa conjunto Física-Matemáticas (FisMat);Grado;Castilla y Leon;Hombres;No;Tiempo Completo;1;27/08/2023
2022;Zaragoza;Facultad;Facultad de Ciencias;Grado: Programa conjunto Física-Matemáticas (FisMat);Grado;Comunidad Valenciana;Hombres;No;Tiempo Completo;1;27/08/2023
2022;Zaragoza;Facultad;Facultad de Ciencias;Grado: Programa conjunto Física-Matemáticas (FisMat);Grado;La Rioja;Hombres;No;Tiempo Completo;3;27/08/2023
2022;Zaragoza;Facultad;Facultad de Ciencias;Grado: Programa conjunto Física-Matemáticas (FisMat);Grado;Madrid;Hombres;No;Tiempo Completo;1;27/08/2023
2022;Zaragoza;Facultad;Facultad de Ciencias;Grado: Programa conjunto Física-Matemáticas (FisMat);Grado;Navarra;Hombres;No;Tiempo Completo;5;27/08/2023
2022;Zaragoza;Facultad;Facultad de Ciencias;Grado: Programa conjunto Física-Matemáticas (FisMat);Grado;Navarra;Mujeres;No;Tiempo Completo;1;27/08/2023
2022;Zaragoza;Facultad;Facultad de Ciencias;Grado: Programa conjunto Física-Matemáticas (FisMat);Grado;Pais Vasco;Hombres;No;Tiempo Completo;1;27/08/2023
2022;Zaragoza;Facultad;Facultad de Ciencias;Grado: Química;Grado;Aragón;Hombres;No;Otra dedicación;5;27/08/2023
2022;Zaragoza;Facultad;Facultad de Ciencias;Grado: Química;Grado;Aragón;Hombres;No;Tiempo Completo;238;27/08/2023
2022;Zaragoza;Facultad;Facultad de Ciencias;Grado: Química;Grado;Aragón;Hombres;Sí;Tiempo Completo;10;27/08/2023
2022;Zaragoza;Facultad;Facultad de Ciencias;Grado: Química;Grado;Aragón;Hombres;No;Tiempo Parcial;11;27/08/2023
2022;Zaragoza;Facultad;Facultad de Ciencias;Grado: Química;Grado;Aragón;Mujeres;No;Otra dedicación;9;27/08/2023
2022;Zaragoza;Facultad;Facultad de Ciencias;Grado: Química;Grado;Aragón;Mujeres;No;Tiempo Completo;235;27/08/2023
2022;Zaragoza;Facultad;Facultad de Ciencias;Grado: Química;Grado;Aragón;Mujeres;Sí;Tiempo Completo;26;27/08/2023
2022;Zaragoza;Facultad;Facultad de Ciencias;Grado: Química;Grado;Aragón;Mujeres;No;Tiempo Parcial;15;27/08/2023
2022;Zaragoza;Facultad;Facultad de Ciencias;Grado: Química;Grado;Baleares;Mujeres;No;Tiempo Completo;1;27/08/2023
2022;Zaragoza;Facultad;Facultad de Ciencias;Grado: Química;Grado;Canarias;Mujeres;No;Tiempo Parcial;1;27/08/2023
2022;Zaragoza;Facultad;Facultad de Ciencias;Grado: Química;Grado;Cantabria;Hombres;No;Tiempo Completo;1;27/08/2023
2022;Zaragoza;Facultad;Facultad de Ciencias;Grado: Química;Grado;Cantabria;Mujeres;No;Tiempo Completo;1;27/08/2023
2022;Zaragoza;Facultad;Facultad de Ciencias;Grado: Química;Grado;Castilla y Leon;Hombres;No;Tiempo Completo;1;27/08/2023
2022;Zaragoza;Facultad;Facultad de Ciencias;Grado: Química;Grado;Castilla y Leon;Mujeres;No;Otra dedicación;1;27/08/2023
2022;Zaragoza;Facultad;Facultad de Ciencias;Grado: Química;Grado;Castilla y Leon;Mujeres;No;Tiempo Completo;6;27/08/2023
2022;Zaragoza;Facultad;Facultad de Ciencias;Grado: Química;Grado;Castilla-La Mancha;Hombres;No;Tiempo Completo;1;27/08/2023
2022;Zaragoza;Facultad;Facultad de Ciencias;Grado: Química;Grado;Castilla-La Mancha;Mujeres;No;Tiempo Completo;1;27/08/2023
2022;Zaragoza;Facultad;Facultad de Ciencias;Grado: Química;Grado;Catalunya;Hombres;No;Tiempo Completo;2;27/08/2023
2022;Zaragoza;Facultad;Facultad de Ciencias;Grado: Química;Grado;Catalunya;Mujeres;No;Tiempo Completo;4;27/08/2023
2022;Zaragoza;Facultad;Facultad de Ciencias;Grado: Química;Grado;Ciudad autónoma de Melilla;Hombres;No;Tiempo Completo;1;27/08/2023
2022;Zaragoza;Facultad;Facultad de Ciencias;Grado: Química;Grado;Comunidad Valenciana;Hombres;No;Tiempo Completo;1;27/08/2023
2022;Zaragoza;Facultad;Facultad de Ciencias;Grado: Química;Grado;Galicia;Hombres;No;Tiempo Completo;1;27/08/2023
2022;Zaragoza;Facultad;Facultad de Ciencias;Grado: Química;Grado;La Rioja;Hombres;No;Tiempo Completo;3;27/08/2023
2022;Zaragoza;Facultad;Facultad de Ciencias;Grado: Química;Grado;La Rioja;Hombres;No;Tiempo Parcial;1;27/08/2023
2022;Zaragoza;Facultad;Facultad de Ciencias;Grado: Química;Grado;La Rioja;Mujeres;No;Tiempo Completo;7;27/08/2023
2022;Zaragoza;Facultad;Facultad de Ciencias;Grado: Química;Grado;La Rioja;Mujeres;Sí;Tiempo Completo;1;27/08/2023
2022;Zaragoza;Facultad;Facultad de Ciencias;Grado: Química;Grado;Navarra;Hombres;No;Tiempo Completo;10;27/08/2023
2022;Zaragoza;Facultad;Facultad de Ciencias;Grado: Química;Grado;Navarra;Hombres;Sí;Tiempo Completo;2;27/08/2023
2022;Zaragoza;Facultad;Facultad de Ciencias;Grado: Química;Grado;Navarra;Mujeres;No;Tiempo Completo;8;27/08/2023
2022;Zaragoza;Facultad;Facultad de Ciencias;Grado: Química;Grado;Navarra;Mujeres;No;Tiempo Parcial;1;27/08/2023
2022;Zaragoza;Facultad;Facultad de Ciencias;Grado: Química;Grado;No Informado;Hombres;No;Tiempo Completo;1;27/08/2023
2022;Zaragoza;Facultad;Facultad de Ciencias;Grado: Óptica y Optometría;Grado;Andalucía;Hombres;No;Tiempo Parcial;1;27/08/2023
2022;Zaragoza;Facultad;Facultad de Ciencias;Grado: Óptica y Optometría;Grado;Andalucía;Mujeres;No;Tiempo Completo;3;27/08/2023
2022;Zaragoza;Facultad;Facultad de Ciencias;Grado: Óptica y Optometría;Grado;Aragón;Hombres;No;Tiempo Completo;37;27/08/2023
2022;Zaragoza;Facultad;Facultad de Ciencias;Grado: Óptica y Optometría;Grado;Aragón;Mujeres;No;Otra dedicación;4;27/08/2023
2022;Zaragoza;Facultad;Facultad de Ciencias;Grado: Óptica y Optometría;Grado;Aragón;Mujeres;No;Tiempo Completo;88;27/08/2023
2022;Zaragoza;Facultad;Facultad de Ciencias;Grado: Óptica y Optometría;Grado;Aragón;Mujeres;Sí;Tiempo Completo;2;27/08/2023
2022;Zaragoza;Facultad;Facultad de Ciencias;Grado: Óptica y Optometría;Grado;Aragón;Mujeres;No;Tiempo Parcial;3;27/08/2023
2022;Zaragoza;Facultad;Facultad de Ciencias;Grado: Óptica y Optometría;Grado;Canarias;Mujeres;No;Tiempo Completo;2;27/08/2023
2022;Zaragoza;Facultad;Facultad de Ciencias;Grado: Óptica y Optometría;Grado;Cantabria;Mujeres;No;Tiempo Completo;2;27/08/2023
2022;Zaragoza;Facultad;Facultad de Ciencias;Grado: Óptica y Optometría;Grado;Castilla y Leon;Hombres;No;Tiempo Completo;2;27/08/2023
2022;Zaragoza;Facultad;Facultad de Ciencias;Grado: Óptica y Optometría;Grado;Castilla y Leon;Mujeres;No;Tiempo Completo;5;27/08/2023
2022;Zaragoza;Facultad;Facultad de Ciencias;Grado: Óptica y Optometría;Grado;Catalunya;Hombres;No;Tiempo Completo;2;27/08/2023
2022;Zaragoza;Facultad;Facultad de Ciencias;Grado: Óptica y Optometría;Grado;Catalunya;Mujeres;No;Tiempo Completo;2;27/08/2023
2022;Zaragoza;Facultad;Facultad de Ciencias;Grado: Óptica y Optometría;Grado;Comunidad Valenciana;Mujeres;No;Tiempo Completo;1;27/08/2023
2022;Zaragoza;Facultad;Facultad de Ciencias;Grado: Óptica y Optometría;Grado;Extremadura;Mujeres;No;Tiempo Completo;1;27/08/2023
2022;Zaragoza;Facultad;Facultad de Ciencias;Grado: Óptica y Optometría;Grado;Galicia;Hombres;No;Tiempo Completo;3;27/08/2023
2022;Zaragoza;Facultad;Facultad de Ciencias;Grado: Óptica y Optometría;Grado;Galicia;Mujeres;No;Tiempo Completo;1;27/08/2023
2022;Zaragoza;Facultad;Facultad de Ciencias;Grado: Óptica y Optometría;Grado;La Rioja;Hombres;No;Tiempo Completo;2;27/08/2023
2022;Zaragoza;Facultad;Facultad de Ciencias;Grado: Óptica y Optometría;Grado;La Rioja;Mujeres;No;Tiempo Completo;8;27/08/2023
2022;Zaragoza;Facultad;Facultad de Ciencias;Grado: Óptica y Optometría;Grado;Madrid;Hombres;No;Tiempo Completo;1;27/08/2023
2022;Zaragoza;Facultad;Facultad de Ciencias;Grado: Óptica y Optometría;Grado;Navarra;Hombres;No;Tiempo Completo;2;27/08/2023
2022;Zaragoza;Facultad;Facultad de Ciencias;Grado: Óptica y Optometría;Grado;Navarra;Mujeres;No;Tiempo Completo;28;27/08/2023
2022;Zaragoza;Facultad;Facultad de Ciencias;Grado: Óptica y Optometría;Grado;No Informado;Mujeres;No;Tiempo Completo;1;27/08/2023
2022;Zaragoza;Facultad;Facultad de Ciencias;Grado: Óptica y Optometría;Grado;Pais Vasco;Hombres;No;Tiempo Completo;3;27/08/2023
2022;Zaragoza;Facultad;Facultad de Ciencias;Grado: Óptica y Optometría;Grado;Pais Vasco;Mujeres;No;Tiempo Completo;9;27/08/2023
2022;Zaragoza;Facultad;Facultad de Ciencias;Movilidad para 1º y 2º ciclo y grado;Movilidad de entrada;Andalucía;Hombres;No;Tiempo Completo;2;27/08/2023
2022;Zaragoza;Facultad;Facultad de Ciencias;Movilidad para 1º y 2º ciclo y grado;Movilidad de entrada;Andalucía;Mujeres;No;Tiempo Completo;2;27/08/2023
2022;Zaragoza;Facultad;Facultad de Ciencias;Movilidad para 1º y 2º ciclo y grado;Movilidad de entrada;Aragón;Hombres;No;Tiempo Completo;1;27/08/2023
2022;Zaragoza;Facultad;Facultad de Ciencias;Movilidad para 1º y 2º ciclo y grado;Movilidad de entrada;Asturias;Mujeres;No;Tiempo Completo;1;27/08/2023
2022;Zaragoza;Facultad;Facultad de Ciencias;Movilidad para 1º y 2º ciclo y grado;Movilidad de entrada;Comunidad Valenciana;Mujeres;No;Tiempo Completo;2;27/08/2023
2022;Zaragoza;Facultad;Facultad de Ciencias;Movilidad para 1º y 2º ciclo y grado;Movilidad de entrada;Extremadura;Mujeres;No;Tiempo Completo;1;27/08/2023
2022;Zaragoza;Facultad;Facultad de Ciencias;Movilidad para 1º y 2º ciclo y grado;Movilidad de entrada;Madrid;Mujeres;No;Tiempo Completo;1;27/08/2023
2022;Zaragoza;Facultad;Facultad de Ciencias;Movilidad para 1º y 2º ciclo y grado;Movilidad de entrada;Murcia;Mujeres;No;Tiempo Completo;1;27/08/2023
2022;Zaragoza;Facultad;Facultad de Ciencias;Movilidad para 1º y 2º ciclo y grado;Movilidad de entrada;No Informado;Hombres;No;Tiempo Completo;16;27/08/2023
2022;Zaragoza;Facultad;Facultad de Ciencias;Movilidad para 1º y 2º ciclo y grado;Movilidad de entrada;No Informado;Mujeres;No;Tiempo Completo;24;27/08/2023
2022;Zaragoza;Facultad;Facultad de Ciencias;Movilidad para máster;Movilidad de entrada;No Informado;Hombres;No;Tiempo Completo;12;27/08/2023
2022;Zaragoza;Facultad;Facultad de Ciencias;Movilidad para máster;Movilidad de entrada;No Informado;Mujeres;No;Tiempo Completo;7;27/08/2023
2022;Zaragoza;Facultad;Facultad de Ciencias;Máster: Biofísica y Biotecnología Cuantitativa/Biophysics and Quantitative Biotechnology;Máster;Aragón;Hombres;No;Tiempo Completo;5;27/08/2023
2022;Zaragoza;Facultad;Facultad de Ciencias;Máster: Biofísica y Biotecnología Cuantitativa/Biophysics and Quantitative Biotechnology;Máster;Aragón;Mujeres;No;Tiempo Completo;9;27/08/2023
2022;Zaragoza;Facultad;Facultad de Ciencias;Máster: Biofísica y Biotecnología Cuantitativa/Biophysics and Quantitative Biotechnology;Máster;Castilla-La Mancha;Hombres;No;Tiempo Completo;1;27/08/2023
2022;Zaragoza;Facultad;Facultad de Ciencias;Máster: Biofísica y Biotecnología Cuantitativa/Biophysics and Quantitative Biotechnology;Máster;Extremadura;Hombres;No;Tiempo Completo;1;27/08/2023
2022;Zaragoza;Facultad;Facultad de Ciencias;Máster: Biofísica y Biotecnología Cuantitativa/Biophysics and Quantitative Biotechnology;Máster;Navarra;Mujeres;No;Tiempo Completo;1;27/08/2023
2022;Zaragoza;Facultad;Facultad de Ciencias;Máster: Biofísica y Biotecnología Cuantitativa/Biophysics and Quantitative Biotechnology;Máster;No Informado;Mujeres;No;Tiempo Completo;1;27/08/2023
2022;Zaragoza;Facultad;Facultad de Ciencias;Máster: Biología Molecular y Celular;Máster;Aragón;Hombres;No;Tiempo Completo;1;27/08/2023
2022;Zaragoza;Facultad;Facultad de Ciencias;Máster: Biología Molecular y Celular;Máster;Aragón;Hombres;Sí;Tiempo Completo;1;27/08/2023
2022;Zaragoza;Facultad;Facultad de Ciencias;Máster: Biología Molecular y Celular;Máster;Aragón;Mujeres;No;Tiempo Completo;10;27/08/2023
2022;Zaragoza;Facultad;Facultad de Ciencias;Máster: Biología Molecular y Celular;Máster;Aragón;Mujeres;No;Tiempo Parcial;2;27/08/2023
2022;Zaragoza;Facultad;Facultad de Ciencias;Máster: Biología Molecular y Celular;Máster;Comunidad Valenciana;Hombres;No;Tiempo Completo;1;27/08/2023
2022;Zaragoza;Facultad;Facultad de Ciencias;Máster: Biología Molecular y Celular;Máster;La Rioja;Hombres;No;Tiempo Completo;1;27/08/2023
2022;Zaragoza;Facultad;Facultad de Ciencias;Máster: Biología Molecular y Celular;Máster;Navarra;Hombres;No;Tiempo Completo;1;27/08/2023
2022;Zaragoza;Facultad;Facultad de Ciencias;Máster: Biología Molecular y Celular;Máster;Navarra;Mujeres;No;Tiempo Completo;1;27/08/2023
2022;Zaragoza;Facultad;Facultad de Ciencias;Máster: Economía Circular;Máster;Aragón;Hombres;No;Tiempo Completo;5;27/08/2023
2022;Zaragoza;Facultad;Facultad de Ciencias;Máster: Economía Circular;Máster;Aragón;Mujeres;No;Tiempo Completo;4;27/08/2023
2022;Zaragoza;Facultad;Facultad de Ciencias;Máster: Economía Circular;Máster;Canarias;Hombres;No;Tiempo Completo;1;27/08/2023
2022;Zaragoza;Facultad;Facultad de Ciencias;Máster: Economía Circular;Máster;Castilla y Leon;Mujeres;No;Tiempo Parcial;1;27/08/2023
2022;Zaragoza;Facultad;Facultad de Ciencias;Máster: Economía Circular;Máster;Castilla-La Mancha;Hombres;No;Tiempo Completo;1;27/08/2023
2022;Zaragoza;Facultad;Facultad de Ciencias;Máster: Economía Circular;Máster;Comunidad Valenciana;Hombres;No;Tiempo Completo;1;27/08/2023
2022;Zaragoza;Facultad;Facultad de Ciencias;Máster: Economía Circular;Máster;La Rioja;Mujeres;No;Tiempo Completo;2;27/08/2023
2022;Zaragoza;Facultad;Facultad de Ciencias;Máster: Economía Circular;Máster;Navarra;Hombres;No;Tiempo Completo;2;27/08/2023
2022;Zaragoza;Facultad;Facultad de Ciencias;Máster: Economía Circular;Máster;Navarra;Mujeres;No;Tiempo Completo;3;27/08/2023
2022;Zaragoza;Facultad;Facultad de Ciencias;Máster: Economía Circular;Máster;Navarra;Mujeres;No;Tiempo Parcial;1;27/08/2023
2022;Zaragoza;Facultad;Facultad de Ciencias;Máster: Economía Circular;Máster;No Informado;Hombres;No;Tiempo Completo;1;27/08/2023
2022;Zaragoza;Facultad;Facultad de Ciencias;Máster: Economía Circular;Máster;Pais Vasco;Hombres;No;Tiempo Completo;1;27/08/2023
2022;Zaragoza;Facultad;Facultad de Ciencias;Máster: Física del Universo: Cosmología, Astrofísica, Partículas y Astroparticulas;Máster;Andalucía;Hombres;No;Tiempo Completo;1;27/08/2023
2022;Zaragoza;Facultad;Facultad de Ciencias;Máster: Física del Universo: Cosmología, Astrofísica, Partículas y Astroparticulas;Máster;Aragón;Hombres;No;Tiempo Completo;7;27/08/2023
2022;Zaragoza;Facultad;Facultad de Ciencias;Máster: Física del Universo: Cosmología, Astrofísica, Partículas y Astroparticulas;Máster;Aragón;Hombres;Sí;Tiempo Completo;1;27/08/2023
2022;Zaragoza;Facultad;Facultad de Ciencias;Máster: Física del Universo: Cosmología, Astrofísica, Partículas y Astroparticulas;Máster;Aragón;Hombres;No;Tiempo Parcial;3;27/08/2023
2022;Zaragoza;Facultad;Facultad de Ciencias;Máster: Física del Universo: Cosmología, Astrofísica, Partículas y Astroparticulas;Máster;Aragón;Mujeres;No;Tiempo Parcial;1;27/08/2023
2022;Zaragoza;Facultad;Facultad de Ciencias;Máster: Física del Universo: Cosmología, Astrofísica, Partículas y Astroparticulas;Máster;Canarias;Hombres;No;Tiempo Completo;1;27/08/2023
2022;Zaragoza;Facultad;Facultad de Ciencias;Máster: Física del Universo: Cosmología, Astrofísica, Partículas y Astroparticulas;Máster;Castilla-La Mancha;Hombres;No;Tiempo Completo;2;27/08/2023
2022;Zaragoza;Facultad;Facultad de Ciencias;Máster: Física del Universo: Cosmología, Astrofísica, Partículas y Astroparticulas;Máster;La Rioja;Hombres;No;Tiempo Completo;1;27/08/2023
2022;Zaragoza;Facultad;Facultad de Ciencias;Máster: Física del Universo: Cosmología, Astrofísica, Partículas y Astroparticulas;Máster;Madrid;Hombres;No;Tiempo Completo;1;27/08/2023
2022;Zaragoza;Facultad;Facultad de Ciencias;Máster: Física del Universo: Cosmología, Astrofísica, Partículas y Astroparticulas;Máster;Madrid;Mujeres;Sí;Tiempo Completo;1;27/08/2023
2022;Zaragoza;Facultad;Facultad de Ciencias;Máster: Física del Universo: Cosmología, Astrofísica, Partículas y Astroparticulas;Máster;Navarra;Hombres;No;Tiempo Completo;1;27/08/2023
2022;Zaragoza;Facultad;Facultad de Ciencias;Máster: Física del Universo: Cosmología, Astrofísica, Partículas y Astroparticulas;Máster;Pais Vasco;Mujeres;No;Tiempo Completo;1;27/08/2023
2022;Zaragoza;Facultad;Facultad de Ciencias;Máster: Física y Tecnologías Físicas;Máster;Aragón;Hombres;No;Tiempo Completo;4;27/08/2023
2022;Zaragoza;Facultad;Facultad de Ciencias;Máster: Física y Tecnologías Físicas;Máster;Aragón;Hombres;No;Tiempo Parcial;1;27/08/2023
2022;Zaragoza;Facultad;Facultad de Ciencias;Máster: Física y Tecnologías Físicas;Máster;Aragón;Mujeres;No;Tiempo Completo;3;27/08/2023
2022;Zaragoza;Facultad;Facultad de Ciencias;Máster: Física y Tecnologías Físicas;Máster;Aragón;Mujeres;Sí;Tiempo Completo;1;27/08/2023
2022;Zaragoza;Facultad;Facultad de Ciencias;Máster: Física y Tecnologías Físicas;Máster;Castilla y Leon;Mujeres;No;Tiempo Completo;1;27/08/2023
2022;Zaragoza;Facultad;Facultad de Ciencias;Máster: Física y Tecnologías Físicas;Máster;Catalunya;Hombres;No;Tiempo Completo;1;27/08/2023
2022;Zaragoza;Facultad;Facultad de Ciencias;Máster: Física y Tecnologías Físicas;Máster;Navarra;Hombres;No;Tiempo Completo;1;27/08/2023
2022;Zaragoza;Facultad;Facultad de Ciencias;Máster: Geología: Técnicas y Aplicaciones;Máster;Aragón;Hombres;No;Tiempo Completo;6;27/08/2023
2022;Zaragoza;Facultad;Facultad de Ciencias;Máster: Geología: Técnicas y Aplicaciones;Máster;Aragón;Mujeres;No;Tiempo Parcial;1;27/08/2023
2022;Zaragoza;Facultad;Facultad de Ciencias;Máster: Geología: Técnicas y Aplicaciones;Máster;Comunidad Valenciana;Hombres;No;Tiempo Parcial;1;27/08/2023
2022;Zaragoza;Facultad;Facultad de Ciencias;Máster: Geología: Técnicas y Aplicaciones;Máster;Navarra;Mujeres;No;Tiempo Completo;1;27/08/2023
2022;Zaragoza;Facultad;Facultad de Ciencias;Máster: Geología: Técnicas y Aplicaciones;Máster;Pais Vasco;Hombres;No;Tiempo Completo;1;27/08/2023
2022;Zaragoza;Facultad;Facultad de Ciencias;Máster: Materiales nanoestructurados para aplicaciones nanotecnológicas;Máster;Andalucía;Hombres;No;Tiempo Completo;1;27/08/2023
2022;Zaragoza;Facultad;Facultad de Ciencias;Máster: Materiales nanoestructurados para aplicaciones nanotecnológicas;Máster;Aragón;Hombres;No;Tiempo Completo;3;27/08/2023
2022;Zaragoza;Facultad;Facultad de Ciencias;Máster: Materiales nanoestructurados para aplicaciones nanotecnológicas;Máster;Aragón;Mujeres;No;Tiempo Completo;2;27/08/2023
2022;Zaragoza;Facultad;Facultad de Ciencias;Máster: Materiales nanoestructurados para aplicaciones nanotecnológicas;Máster;Aragón;Mujeres;No;Tiempo Parcial;1;27/08/2023
2022;Zaragoza;Facultad;Facultad de Ciencias;Máster: Materiales nanoestructurados para aplicaciones nanotecnológicas;Máster;Cantabria;Hombres;No;Tiempo Completo;1;27/08/2023
2022;Zaragoza;Facultad;Facultad de Ciencias;Máster: Materiales nanoestructurados para aplicaciones nanotecnológicas;Máster;Galicia;Mujeres;No;Tiempo Completo;1;27/08/2023
2022;Zaragoza;Facultad;Facultad de Ciencias;Máster: Materiales nanoestructurados para aplicaciones nanotecnológicas;Máster;No Informado;Mujeres;No;Tiempo Completo;1;27/08/2023
2022;Zaragoza;Facultad;Facultad de Ciencias;Máster: Modelización e Investigación Matemática, Estadística y Computación;Máster;Andalucía;Hombres;No;Tiempo Completo;1;27/08/2023
2022;Zaragoza;Facultad;Facultad de Ciencias;Máster: Modelización e Investigación Matemática, Estadística y Computación;Máster;Andalucía;Mujeres;No;Tiempo Parcial;1;27/08/2023
2022;Zaragoza;Facultad;Facultad de Ciencias;Máster: Modelización e Investigación Matemática, Estadística y Computación;Máster;Aragón;Hombres;No;Tiempo Completo;12;27/08/2023
2022;Zaragoza;Facultad;Facultad de Ciencias;Máster: Modelización e Investigación Matemática, Estadística y Computación;Máster;Aragón;Hombres;Sí;Tiempo Completo;1;27/08/2023
2022;Zaragoza;Facultad;Facultad de Ciencias;Máster: Modelización e Investigación Matemática, Estadística y Computación;Máster;Aragón;Hombres;No;Tiempo Parcial;4;27/08/2023
2022;Zaragoza;Facultad;Facultad de Ciencias;Máster: Modelización e Investigación Matemática, Estadística y Computación;Máster;Aragón;Mujeres;No;Tiempo Completo;2;27/08/2023
2022;Zaragoza;Facultad;Facultad de Ciencias;Máster: Modelización e Investigación Matemática, Estadística y Computación;Máster;Castilla-La Mancha;Mujeres;No;Tiempo Completo;1;27/08/2023
2022;Zaragoza;Facultad;Facultad de Ciencias;Máster: Modelización e Investigación Matemática, Estadística y Computación;Máster;Castilla-La Mancha;Mujeres;No;Tiempo Parcial;1;27/08/2023
2022;Zaragoza;Facultad;Facultad de Ciencias;Máster: Modelización e Investigación Matemática, Estadística y Computación;Máster;Navarra;Hombres;No;Tiempo Completo;1;27/08/2023
2022;Zaragoza;Facultad;Facultad de Ciencias;Máster: Química Industrial;Máster;Andalucía;Hombres;No;Tiempo Completo;4;27/08/2023
2022;Zaragoza;Facultad;Facultad de Ciencias;Máster: Química Industrial;Máster;Aragón;Hombres;No;Tiempo Completo;9;27/08/2023
2022;Zaragoza;Facultad;Facultad de Ciencias;Máster: Química Industrial;Máster;Aragón;Mujeres;No;Tiempo Completo;6;27/08/2023
2022;Zaragoza;Facultad;Facultad de Ciencias;Máster: Química Molecular y Catálisis Homogénea;Máster;Aragón;Hombres;No;Tiempo Completo;8;27/08/2023
2022;Zaragoza;Facultad;Facultad de Ciencias;Máster: Química Molecular y Catálisis Homogénea;Máster;Aragón;Hombres;Sí;Tiempo Completo;1;27/08/2023
2022;Zaragoza;Facultad;Facultad de Ciencias;Máster: Química Molecular y Catálisis Homogénea;Máster;Aragón;Mujeres;No;Tiempo Completo;7;27/08/2023
2022;Zaragoza;Facultad;Facultad de Ciencias;Máster: Química Molecular y Catálisis Homogénea;Máster;Aragón;Mujeres;Sí;Tiempo Completo;3;27/08/2023
2022;Zaragoza;Facultad;Facultad de Ciencias;Máster: Química Molecular y Catálisis Homogénea;Máster;Aragón;Mujeres;No;Tiempo Parcial;1;27/08/2023
2022;Zaragoza;Facultad;Facultad de Ciencias;Máster: Química Molecular y Catálisis Homogénea;Máster;Galicia;Mujeres;No;Tiempo Completo;1;27/08/2023
2022;Zaragoza;Facultad;Facultad de Ciencias;Máster: Química Molecular y Catálisis Homogénea;Máster;Navarra;Mujeres;No;Tiempo Completo;1;27/08/2023
2022;Zaragoza;Facultad;Facultad de Ciencias;Máster: Química Molecular y Catálisis Homogénea;Máster;Pais Vasco;Hombres;No;Tiempo Completo;1;27/08/2023
2022;Zaragoza;Facultad;Facultad de Ciencias;Máster: Química Molecular y Catálisis Homogénea;Máster;Pais Vasco;Mujeres;No;Tiempo Completo;1;27/08/2023
2022;Zaragoza;Facultad;Facultad de Ciencias de la Salud;Grado: Enfermería;Grado;Andalucía;Mujeres;No;Tiempo Completo;3;27/08/2023
2022;Zaragoza;Facultad;Facultad de Ciencias de la Salud;Grado: Enfermería;Grado;Aragón;Hombres;No;Tiempo Completo;111;27/08/2023
2022;Zaragoza;Facultad;Facultad de Ciencias de la Salud;Grado: Enfermería;Grado;Aragón;Hombres;Sí;Tiempo Completo;4;27/08/2023
2022;Zaragoza;Facultad;Facultad de Ciencias de la Salud;Grado: Enfermería;Grado;Aragón;Hombres;No;Tiempo Parcial;4;27/08/2023
2022;Zaragoza;Facultad;Facultad de Ciencias de la Salud;Grado: Enfermería;Grado;Aragón;Mujeres;No;Tiempo Completo;463;27/08/2023
2022;Zaragoza;Facultad;Facultad de Ciencias de la Salud;Grado: Enfermería;Grado;Aragón;Mujeres;Sí;Tiempo Completo;10;27/08/2023
2022;Zaragoza;Facultad;Facultad de Ciencias de la Salud;Grado: Enfermería;Grado;Aragón;Mujeres;No;Tiempo Parcial;20;27/08/2023
2022;Zaragoza;Facultad;Facultad de Ciencias de la Salud;Grado: Enfermería;Grado;Canarias;Hombres;No;Tiempo Completo;1;27/08/2023
2022;Zaragoza;Facultad;Facultad de Ciencias de la Salud;Grado: Enfermería;Grado;Canarias;Mujeres;No;Tiempo Completo;4;27/08/2023
2022;Zaragoza;Facultad;Facultad de Ciencias de la Salud;Grado: Enfermería;Grado;Cantabria;Mujeres;No;Tiempo Completo;1;27/08/2023
2022;Zaragoza;Facultad;Facultad de Ciencias de la Salud;Grado: Enfermería;Grado;Castilla y Leon;Mujeres;No;Tiempo Completo;4;27/08/2023
2022;Zaragoza;Facultad;Facultad de Ciencias de la Salud;Grado: Enfermería;Grado;Castilla-La Mancha;Mujeres;No;Tiempo Completo;2;27/08/2023
2022;Zaragoza;Facultad;Facultad de Ciencias de la Salud;Grado: Enfermería;Grado;La Rioja;Mujeres;No;Tiempo Completo;1;27/08/2023
2022;Zaragoza;Facultad;Facultad de Ciencias de la Salud;Grado: Enfermería;Grado;La Rioja;Mujeres;Sí;Tiempo Completo;1;27/08/2023
2022;Zaragoza;Facultad;Facultad de Ciencias de la Salud;Grado: Enfermería;Grado;Madrid;Hombres;No;Tiempo Completo;1;27/08/2023
2022;Zaragoza;Facultad;Facultad de Ciencias de la Salud;Grado: Enfermería;Grado;Murcia;Mujeres;No;Tiempo Completo;1;27/08/2023
2022;Zaragoza;Facultad;Facultad de Ciencias de la Salud;Grado: Enfermería;Grado;Navarra;Hombres;No;Tiempo Completo;1;27/08/2023
2022;Zaragoza;Facultad;Facultad de Ciencias de la Salud;Grado: Enfermería;Grado;Navarra;Mujeres;No;Tiempo Completo;4;27/08/2023
2022;Zaragoza;Facultad;Facultad de Ciencias de la Salud;Grado: Enfermería;Grado;Pais Vasco;Mujeres;No;Tiempo Completo;1;27/08/2023
2022;Zaragoza;Facultad;Facultad de Ciencias de la Salud;Grado: Fisioterapia;Grado;Aragón;Hombres;No;Tiempo Completo;88;27/08/2023
2022;Zaragoza;Facultad;Facultad de Ciencias de la Salud;Grado: Fisioterapia;Grado;Aragón;Hombres;No;Tiempo Parcial;4;27/08/2023
2022;Zaragoza;Facultad;Facultad de Ciencias de la Salud;Grado: Fisioterapia;Grado;Aragón;Mujeres;No;Tiempo Completo;105;27/08/2023
2022;Zaragoza;Facultad;Facultad de Ciencias de la Salud;Grado: Fisioterapia;Grado;Aragón;Mujeres;Sí;Tiempo Completo;2;27/08/2023
2022;Zaragoza;Facultad;Facultad de Ciencias de la Salud;Grado: Fisioterapia;Grado;Aragón;Mujeres;No;Tiempo Parcial;5;27/08/2023
2022;Zaragoza;Facultad;Facultad de Ciencias de la Salud;Grado: Fisioterapia;Grado;Canarias;Mujeres;No;Tiempo Completo;1;27/08/2023
2022;Zaragoza;Facultad;Facultad de Ciencias de la Salud;Grado: Fisioterapia;Grado;Castilla y Leon;Mujeres;No;Tiempo Completo;3;27/08/2023
2022;Zaragoza;Facultad;Facultad de Ciencias de la Salud;Grado: Fisioterapia;Grado;Castilla-La Mancha;Hombres;No;Tiempo Completo;1;27/08/2023
2022;Zaragoza;Facultad;Facultad de Ciencias de la Salud;Grado: Fisioterapia;Grado;Catalunya;Mujeres;No;Tiempo Completo;1;27/08/2023
2022;Zaragoza;Facultad;Facultad de Ciencias de la Salud;Grado: Fisioterapia;Grado;La Rioja;Hombres;No;Tiempo Completo;7;27/08/2023
2022;Zaragoza;Facultad;Facultad de Ciencias de la Salud;Grado: Fisioterapia;Grado;La Rioja;Mujeres;No;Tiempo Completo;4;27/08/2023
2022;Zaragoza;Facultad;Facultad de Ciencias de la Salud;Grado: Fisioterapia;Grado;Navarra;Hombres;No;Tiempo Completo;3;27/08/2023
2022;Zaragoza;Facultad;Facultad de Ciencias de la Salud;Grado: Fisioterapia;Grado;Navarra;Mujeres;No;Tiempo Completo;8;27/08/2023
2022;Zaragoza;Facultad;Facultad de Ciencias de la Salud;Grado: Fisioterapia;Grado;No Informado;Hombres;No;Tiempo Completo;1;27/08/2023
2022;Zaragoza;Facultad;Facultad de Ciencias de la Salud;Grado: Fisioterapia;Grado;No Informado;Mujeres;No;Tiempo Completo;3;27/08/2023
2022;Zaragoza;Facultad;Facultad de Ciencias de la Salud;Grado: Fisioterapia;Grado;Pais Vasco;Hombres;No;Tiempo Completo;1;27/08/2023
2022;Zaragoza;Facultad;Facultad de Ciencias de la Salud;Grado: Fisioterapia;Grado;Pais Vasco;Mujeres;No;Tiempo Completo;2;27/08/2023
2022;Zaragoza;Facultad;Facultad de Ciencias de la Salud;Grado: Terapia Ocupacional;Grado;Aragón;Hombres;No;Tiempo Completo;41;27/08/2023
2022;Zaragoza;Facultad;Facultad de Ciencias de la Salud;Grado: Terapia Ocupacional;Grado;Aragón;Hombres;No;Tiempo Parcial;1;27/08/2023
2022;Zaragoza;Facultad;Facultad de Ciencias de la Salud;Grado: Terapia Ocupacional;Grado;Aragón;Mujeres;No;Tiempo Completo;195;27/08/2023
2022;Zaragoza;Facultad;Facultad de Ciencias de la Salud;Grado: Terapia Ocupacional;Grado;Aragón;Mujeres;Sí;Tiempo Completo;2;27/08/2023
2022;Zaragoza;Facultad;Facultad de Ciencias de la Salud;Grado: Terapia Ocupacional;Grado;Aragón;Mujeres;No;Tiempo Parcial;3;27/08/2023
2022;Zaragoza;Facultad;Facultad de Ciencias de la Salud;Grado: Terapia Ocupacional;Grado;Canarias;Mujeres;No;Tiempo Completo;2;27/08/2023
2022;Zaragoza;Facultad;Facultad de Ciencias de la Salud;Grado: Terapia Ocupacional;Grado;Castilla y Leon;Mujeres;No;Tiempo Completo;2;27/08/2023
2022;Zaragoza;Facultad;Facultad de Ciencias de la Salud;Grado: Terapia Ocupacional;Grado;Castilla-La Mancha;Hombres;No;Tiempo Completo;1;27/08/2023
2022;Zaragoza;Facultad;Facultad de Ciencias de la Salud;Grado: Terapia Ocupacional;Grado;Castilla-La Mancha;Mujeres;No;Tiempo Completo;1;27/08/2023
2022;Zaragoza;Facultad;Facultad de Ciencias de la Salud;Grado: Terapia Ocupacional;Grado;Catalunya;Mujeres;No;Tiempo Completo;3;27/08/2023
2022;Zaragoza;Facultad;Facultad de Ciencias de la Salud;Grado: Terapia Ocupacional;Grado;Catalunya;Mujeres;Sí;Tiempo Completo;1;27/08/2023
2022;Zaragoza;Facultad;Facultad de Ciencias de la Salud;Grado: Terapia Ocupacional;Grado;Comunidad Valenciana;Mujeres;No;Tiempo Completo;1;27/08/2023
2022;Zaragoza;Facultad;Facultad de Ciencias de la Salud;Grado: Terapia Ocupacional;Grado;La Rioja;Mujeres;No;Tiempo Completo;4;27/08/2023
2022;Zaragoza;Facultad;Facultad de Ciencias de la Salud;Grado: Terapia Ocupacional;Grado;Murcia;Hombres;No;Tiempo Completo;1;27/08/2023
2022;Zaragoza;Facultad;Facultad de Ciencias de la Salud;Grado: Terapia Ocupacional;Grado;Navarra;Hombres;No;Tiempo Completo;2;27/08/2023
2022;Zaragoza;Facultad;Facultad de Ciencias de la Salud;Grado: Terapia Ocupacional;Grado;Navarra;Mujeres;No;Tiempo Completo;11;27/08/2023
2022;Zaragoza;Facultad;Facultad de Ciencias de la Salud;Grado: Terapia Ocupacional;Grado;Pais Vasco;Mujeres;No;Tiempo Completo;3;27/08/2023
2022;Zaragoza;Facultad;Facultad de Ciencias de la Salud;Movilidad para 1º y 2º ciclo y grado;Movilidad de entrada;Andalucía;Mujeres;No;Tiempo Completo;2;27/08/2023
2022;Zaragoza;Facultad;Facultad de Ciencias de la Salud;Movilidad para 1º y 2º ciclo y grado;Movilidad de entrada;Aragón;Hombres;No;Tiempo Completo;3;27/08/2023
2022;Zaragoza;Facultad;Facultad de Ciencias de la Salud;Movilidad para 1º y 2º ciclo y grado;Movilidad de entrada;Aragón;Mujeres;No;Tiempo Completo;7;27/08/2023
2022;Zaragoza;Facultad;Facultad de Ciencias de la Salud;Movilidad para 1º y 2º ciclo y grado;Movilidad de entrada;Canarias;Mujeres;No;Tiempo Completo;1;27/08/2023
2022;Zaragoza;Facultad;Facultad de Ciencias de la Salud;Movilidad para 1º y 2º ciclo y grado;Movilidad de entrada;Castilla y Leon;Mujeres;No;Tiempo Completo;2;27/08/2023
2022;Zaragoza;Facultad;Facultad de Ciencias de la Salud;Movilidad para 1º y 2º ciclo y grado;Movilidad de entrada;Comunidad Valenciana;Mujeres;No;Tiempo Completo;1;27/08/2023
2022;Zaragoza;Facultad;Facultad de Ciencias de la Salud;Movilidad para 1º y 2º ciclo y grado;Movilidad de entrada;No Informado;Hombres;No;Tiempo Completo;4;27/08/2023
2022;Zaragoza;Facultad;Facultad de Ciencias de la Salud;Movilidad para 1º y 2º ciclo y grado;Movilidad de entrada;No Informado;Mujeres;No;Tiempo Completo;10;27/08/2023
2022;Zaragoza;Facultad;Facultad de Ciencias de la Salud;Máster: Gerontología Social;Máster;Andalucía;Mujeres;No;Tiempo Completo;1;27/08/2023
2022;Zaragoza;Facultad;Facultad de Ciencias de la Salud;Máster: Gerontología Social;Máster;Aragón;Hombres;No;Tiempo Completo;8;27/08/2023
2022;Zaragoza;Facultad;Facultad de Ciencias de la Salud;Máster: Gerontología Social;Máster;Aragón;Mujeres;No;Tiempo Completo;26;27/08/2023
2022;Zaragoza;Facultad;Facultad de Ciencias de la Salud;Máster: Gerontología Social;Máster;Castilla y Leon;Mujeres;No;Tiempo Completo;1;27/08/2023
2022;Zaragoza;Facultad;Facultad de Ciencias de la Salud;Máster: Gerontología Social;Máster;Extremadura;Mujeres;No;Tiempo Completo;1;27/08/2023
2022;Zaragoza;Facultad;Facultad de Ciencias de la Salud;Máster: Gerontología Social;Máster;La Rioja;Mujeres;No;Tiempo Completo;1;27/08/2023
2022;Zaragoza;Facultad;Facultad de Ciencias de la Salud;Máster: Gerontología Social;Máster;No Informado;Mujeres;No;Tiempo Completo;1;27/08/2023
2022;Zaragoza;Facultad;Facultad de Ciencias de la Salud;Máster: Iniciación a la Investigación en Ciencias de la Enfermería;Máster;Aragón;Hombres;No;Tiempo Completo;1;27/08/2023
2022;Zaragoza;Facultad;Facultad de Ciencias de la Salud;Máster: Iniciación a la Investigación en Ciencias de la Enfermería;Máster;Aragón;Mujeres;No;Tiempo Completo;3;27/08/2023
2022;Zaragoza;Facultad;Facultad de Ciencias de la Salud;Máster: Iniciación a la Investigación en Ciencias de la Enfermería;Máster;No Informado;Hombres;No;Tiempo Completo;1;27/08/2023
2022;Zaragoza;Facultad;Facultad de Ciencias Sociales y del Trabajo;Grado: Relaciones Laborales y Recursos Humanos;Grado;Andalucía;Hombres;No;Tiempo Completo;1;27/08/2023
2022;Zaragoza;Facultad;Facultad de Ciencias Sociales y del Trabajo;Grado: Relaciones Laborales y Recursos Humanos;Grado;Aragón;Hombres;No;Otra dedicación;11;27/08/2023
2022;Zaragoza;Facultad;Facultad de Ciencias Sociales y del Trabajo;Grado: Relaciones Laborales y Recursos Humanos;Grado;Aragón;Hombres;No;Tiempo Completo;223;27/08/2023
2022;Zaragoza;Facultad;Facultad de Ciencias Sociales y del Trabajo;Grado: Relaciones Laborales y Recursos Humanos;Grado;Aragón;Hombres;Sí;Tiempo Completo;7;27/08/2023
2022;Zaragoza;Facultad;Facultad de Ciencias Sociales y del Trabajo;Grado: Relaciones Laborales y Recursos Humanos;Grado;Aragón;Hombres;No;Tiempo Parcial;17;27/08/2023
2022;Zaragoza;Facultad;Facultad de Ciencias Sociales y del Trabajo;Grado: Relaciones Laborales y Recursos Humanos;Grado;Aragón;Mujeres;No;Otra dedicación;32;27/08/2023
2022;Zaragoza;Facultad;Facultad de Ciencias Sociales y del Trabajo;Grado: Relaciones Laborales y Recursos Humanos;Grado;Aragón;Mujeres;Sí;Otra dedicación;1;27/08/2023
2022;Zaragoza;Facultad;Facultad de Ciencias Sociales y del Trabajo;Grado: Relaciones Laborales y Recursos Humanos;Grado;Aragón;Mujeres;No;Tiempo Completo;310;27/08/2023
2022;Zaragoza;Facultad;Facultad de Ciencias Sociales y del Trabajo;Grado: Relaciones Laborales y Recursos Humanos;Grado;Aragón;Mujeres;Sí;Tiempo Completo;18;27/08/2023
2022;Zaragoza;Facultad;Facultad de Ciencias Sociales y del Trabajo;Grado: Relaciones Laborales y Recursos Humanos;Grado;Aragón;Mujeres;No;Tiempo Parcial;26;27/08/2023
2022;Zaragoza;Facultad;Facultad de Ciencias Sociales y del Trabajo;Grado: Relaciones Laborales y Recursos Humanos;Grado;Baleares;Hombres;No;Otra dedicación;1;27/08/2023
2022;Zaragoza;Facultad;Facultad de Ciencias Sociales y del Trabajo;Grado: Relaciones Laborales y Recursos Humanos;Grado;Baleares;Mujeres;No;Tiempo Completo;1;27/08/2023
2022;Zaragoza;Facultad;Facultad de Ciencias Sociales y del Trabajo;Grado: Relaciones Laborales y Recursos Humanos;Grado;Castilla y Leon;Hombres;No;Tiempo Completo;1;27/08/2023
2022;Zaragoza;Facultad;Facultad de Ciencias Sociales y del Trabajo;Grado: Relaciones Laborales y Recursos Humanos;Grado;Castilla y Leon;Mujeres;No;Tiempo Completo;3;27/08/2023
2022;Zaragoza;Facultad;Facultad de Ciencias Sociales y del Trabajo;Grado: Relaciones Laborales y Recursos Humanos;Grado;Catalunya;Hombres;No;Tiempo Completo;1;27/08/2023
2022;Zaragoza;Facultad;Facultad de Ciencias Sociales y del Trabajo;Grado: Relaciones Laborales y Recursos Humanos;Grado;Catalunya;Mujeres;No;Tiempo Completo;1;27/08/2023
2022;Zaragoza;Facultad;Facultad de Ciencias Sociales y del Trabajo;Grado: Relaciones Laborales y Recursos Humanos;Grado;Ciudad autónoma de Melilla;Mujeres;No;Tiempo Completo;1;27/08/2023
2022;Zaragoza;Facultad;Facultad de Ciencias Sociales y del Trabajo;Grado: Relaciones Laborales y Recursos Humanos;Grado;Comunidad Valenciana;Mujeres;No;Tiempo Completo;2;27/08/2023
2022;Zaragoza;Facultad;Facultad de Ciencias Sociales y del Trabajo;Grado: Relaciones Laborales y Recursos Humanos;Grado;La Rioja;Hombres;No;Tiempo Completo;4;27/08/2023
2022;Zaragoza;Facultad;Facultad de Ciencias Sociales y del Trabajo;Grado: Relaciones Laborales y Recursos Humanos;Grado;La Rioja;Mujeres;No;Tiempo Completo;4;27/08/2023
2022;Zaragoza;Facultad;Facultad de Ciencias Sociales y del Trabajo;Grado: Relaciones Laborales y Recursos Humanos;Grado;Madrid;Mujeres;No;Tiempo Completo;1;27/08/2023
2022;Zaragoza;Facultad;Facultad de Ciencias Sociales y del Trabajo;Grado: Relaciones Laborales y Recursos Humanos;Grado;Navarra;Hombres;No;Tiempo Completo;2;27/08/2023
2022;Zaragoza;Facultad;Facultad de Ciencias Sociales y del Trabajo;Grado: Relaciones Laborales y Recursos Humanos;Grado;Navarra;Mujeres;No;Otra dedicación;2;27/08/2023
2022;Zaragoza;Facultad;Facultad de Ciencias Sociales y del Trabajo;Grado: Relaciones Laborales y Recursos Humanos;Grado;Navarra;Mujeres;No;Tiempo Completo;17;27/08/2023
2022;Zaragoza;Facultad;Facultad de Ciencias Sociales y del Trabajo;Grado: Relaciones Laborales y Recursos Humanos;Grado;No Informado;Mujeres;No;Otra dedicación;1;27/08/2023
2022;Zaragoza;Facultad;Facultad de Ciencias Sociales y del Trabajo;Grado: Relaciones Laborales y Recursos Humanos;Grado;No Informado;Mujeres;No;Tiempo Completo;1;27/08/2023
2022;Zaragoza;Facultad;Facultad de Ciencias Sociales y del Trabajo;Grado: Relaciones Laborales y Recursos Humanos;Grado;No Informado;Mujeres;Sí;Tiempo Completo;1;27/08/2023
2022;Zaragoza;Facultad;Facultad de Ciencias Sociales y del Trabajo;Grado: Trabajo Social;Grado;Andalucía;Mujeres;No;Tiempo Completo;4;27/08/2023
2022;Zaragoza;Facultad;Facultad de Ciencias Sociales y del Trabajo;Grado: Trabajo Social;Grado;Aragón;Hombres;No;Otra dedicación;2;27/08/2023
2022;Zaragoza;Facultad;Facultad de Ciencias Sociales y del Trabajo;Grado: Trabajo Social;Grado;Aragón;Hombres;No;Tiempo Completo;85;27/08/2023
2022;Zaragoza;Facultad;Facultad de Ciencias Sociales y del Trabajo;Grado: Trabajo Social;Grado;Aragón;Hombres;Sí;Tiempo Completo;4;27/08/2023
2022;Zaragoza;Facultad;Facultad de Ciencias Sociales y del Trabajo;Grado: Trabajo Social;Grado;Aragón;Hombres;No;Tiempo Parcial;5;27/08/2023
2022;Zaragoza;Facultad;Facultad de Ciencias Sociales y del Trabajo;Grado: Trabajo Social;Grado;Aragón;Mujeres;No;Otra dedicación;14;27/08/2023
2022;Zaragoza;Facultad;Facultad de Ciencias Sociales y del Trabajo;Grado: Trabajo Social;Grado;Aragón;Mujeres;Sí;Otra dedicación;2;27/08/2023
2022;Zaragoza;Facultad;Facultad de Ciencias Sociales y del Trabajo;Grado: Trabajo Social;Grado;Aragón;Mujeres;No;Tiempo Completo;431;27/08/2023
2022;Zaragoza;Facultad;Facultad de Ciencias Sociales y del Trabajo;Grado: Trabajo Social;Grado;Aragón;Mujeres;Sí;Tiempo Completo;23;27/08/2023
2022;Zaragoza;Facultad;Facultad de Ciencias Sociales y del Trabajo;Grado: Trabajo Social;Grado;Aragón;Mujeres;No;Tiempo Parcial;6;27/08/2023
2022;Zaragoza;Facultad;Facultad de Ciencias Sociales y del Trabajo;Grado: Trabajo Social;Grado;Baleares;Mujeres;No;Tiempo Completo;2;27/08/2023
2022;Zaragoza;Facultad;Facultad de Ciencias Sociales y del Trabajo;Grado: Trabajo Social;Grado;Canarias;Hombres;No;Tiempo Completo;1;27/08/2023
2022;Zaragoza;Facultad;Facultad de Ciencias Sociales y del Trabajo;Grado: Trabajo Social;Grado;Canarias;Mujeres;No;Otra dedicación;1;27/08/2023
2022;Zaragoza;Facultad;Facultad de Ciencias Sociales y del Trabajo;Grado: Trabajo Social;Grado;Cantabria;Mujeres;No;Tiempo Completo;1;27/08/2023
2022;Zaragoza;Facultad;Facultad de Ciencias Sociales y del Trabajo;Grado: Trabajo Social;Grado;Castilla y Leon;Hombres;No;Tiempo Completo;9;27/08/2023
2022;Zaragoza;Facultad;Facultad de Ciencias Sociales y del Trabajo;Grado: Trabajo Social;Grado;Castilla y Leon;Mujeres;No;Tiempo Completo;14;27/08/2023
2022;Zaragoza;Facultad;Facultad de Ciencias Sociales y del Trabajo;Grado: Trabajo Social;Grado;Castilla-La Mancha;Mujeres;No;Tiempo Completo;3;27/08/2023
2022;Zaragoza;Facultad;Facultad de Ciencias Sociales y del Trabajo;Grado: Trabajo Social;Grado;Catalunya;Mujeres;No;Tiempo Completo;3;27/08/2023
2022;Zaragoza;Facultad;Facultad de Ciencias Sociales y del Trabajo;Grado: Trabajo Social;Grado;Comunidad Valenciana;Mujeres;No;Tiempo Completo;2;27/08/2023
2022;Zaragoza;Facultad;Facultad de Ciencias Sociales y del Trabajo;Grado: Trabajo Social;Grado;Galicia;Mujeres;No;Tiempo Completo;1;27/08/2023
2022;Zaragoza;Facultad;Facultad de Ciencias Sociales y del Trabajo;Grado: Trabajo Social;Grado;La Rioja;Hombres;No;Tiempo Completo;1;27/08/2023
2022;Zaragoza;Facultad;Facultad de Ciencias Sociales y del Trabajo;Grado: Trabajo Social;Grado;La Rioja;Mujeres;No;Tiempo Completo;7;27/08/2023
2022;Zaragoza;Facultad;Facultad de Ciencias Sociales y del Trabajo;Grado: Trabajo Social;Grado;Madrid;Mujeres;No;Tiempo Completo;2;27/08/2023
2022;Zaragoza;Facultad;Facultad de Ciencias Sociales y del Trabajo;Grado: Trabajo Social;Grado;Navarra;Hombres;No;Tiempo Completo;1;27/08/2023
2022;Zaragoza;Facultad;Facultad de Ciencias Sociales y del Trabajo;Grado: Trabajo Social;Grado;Navarra;Mujeres;No;Otra dedicación;1;27/08/2023
2022;Zaragoza;Facultad;Facultad de Ciencias Sociales y del Trabajo;Grado: Trabajo Social;Grado;Navarra;Mujeres;No;Tiempo Completo;13;27/08/2023
2022;Zaragoza;Facultad;Facultad de Ciencias Sociales y del Trabajo;Grado: Trabajo Social;Grado;Navarra;Mujeres;Sí;Tiempo Completo;1;27/08/2023
2022;Zaragoza;Facultad;Facultad de Ciencias Sociales y del Trabajo;Grado: Trabajo Social;Grado;No Informado;Hombres;No;Tiempo Completo;1;27/08/2023
2022;Zaragoza;Facultad;Facultad de Ciencias Sociales y del Trabajo;Grado: Trabajo Social;Grado;Pais Vasco;Hombres;No;Tiempo Completo;1;27/08/2023
2022;Zaragoza;Facultad;Facultad de Ciencias Sociales y del Trabajo;Movilidad para 1º y 2º ciclo y grado;Movilidad de entrada;Andalucía;Hombres;No;Tiempo Completo;1;27/08/2023
2022;Zaragoza;Facultad;Facultad de Ciencias Sociales y del Trabajo;Movilidad para 1º y 2º ciclo y grado;Movilidad de entrada;Castilla y Leon;Mujeres;No;Tiempo Completo;1;27/08/2023
2022;Zaragoza;Facultad;Facultad de Ciencias Sociales y del Trabajo;Movilidad para 1º y 2º ciclo y grado;Movilidad de entrada;No Informado;Hombres;No;Tiempo Completo;9;27/08/2023
2022;Zaragoza;Facultad;Facultad de Ciencias Sociales y del Trabajo;Movilidad para 1º y 2º ciclo y grado;Movilidad de entrada;No Informado;Mujeres;No;Tiempo Completo;20;27/08/2023
2022;Zaragoza;Facultad;Facultad de Ciencias Sociales y del Trabajo;Movilidad para máster;Movilidad de entrada;No Informado;Hombres;No;Tiempo Completo;2;27/08/2023
2022;Zaragoza;Facultad;Facultad de Ciencias Sociales y del Trabajo;Movilidad para máster;Movilidad de entrada;No Informado;Mujeres;No;Tiempo Completo;5;27/08/2023
2022;Zaragoza;Facultad;Facultad de Ciencias Sociales y del Trabajo;Máster: Gestión Estratégica de Recursos Humanos;Máster;Aragón;Hombres;No;Tiempo Completo;10;27/08/2023
2022;Zaragoza;Facultad;Facultad de Ciencias Sociales y del Trabajo;Máster: Gestión Estratégica de Recursos Humanos;Máster;Aragón;Hombres;No;Tiempo Parcial;1;27/08/2023
2022;Zaragoza;Facultad;Facultad de Ciencias Sociales y del Trabajo;Máster: Gestión Estratégica de Recursos Humanos;Máster;Aragón;Mujeres;No;Tiempo Completo;25;27/08/2023
2022;Zaragoza;Facultad;Facultad de Ciencias Sociales y del Trabajo;Máster: Gestión Estratégica de Recursos Humanos;Máster;Aragón;Mujeres;No;Tiempo Parcial;4;27/08/2023
2022;Zaragoza;Facultad;Facultad de Ciencias Sociales y del Trabajo;Máster: Gestión Estratégica de Recursos Humanos;Máster;Catalunya;Hombres;No;Tiempo Completo;1;27/08/2023
2022;Zaragoza;Facultad;Facultad de Ciencias Sociales y del Trabajo;Máster: Gestión Estratégica de Recursos Humanos;Máster;Catalunya;Mujeres;No;Tiempo Parcial;1;27/08/2023
2022;Zaragoza;Facultad;Facultad de Ciencias Sociales y del Trabajo;Máster: Gestión Estratégica de Recursos Humanos;Máster;Comunidad Valenciana;Hombres;No;Tiempo Completo;1;27/08/2023
2022;Zaragoza;Facultad;Facultad de Ciencias Sociales y del Trabajo;Máster: Gestión Estratégica de Recursos Humanos;Máster;La Rioja;Hombres;No;Tiempo Completo;1;27/08/2023
2022;Zaragoza;Facultad;Facultad de Ciencias Sociales y del Trabajo;Máster: Gestión Estratégica de Recursos Humanos;Máster;Navarra;Mujeres;No;Tiempo Completo;1;27/08/2023
2022;Zaragoza;Facultad;Facultad de Ciencias Sociales y del Trabajo;Máster: Relaciones de Género;Máster;Andalucía;Hombres;No;Tiempo Completo;1;27/08/2023
2022;Zaragoza;Facultad;Facultad de Ciencias Sociales y del Trabajo;Máster: Relaciones de Género;Máster;Aragón;Hombres;No;Tiempo Completo;4;27/08/2023
2022;Zaragoza;Facultad;Facultad de Ciencias Sociales y del Trabajo;Máster: Relaciones de Género;Máster;Aragón;Mujeres;No;Otra dedicación;1;27/08/2023
2022;Zaragoza;Facultad;Facultad de Ciencias Sociales y del Trabajo;Máster: Relaciones de Género;Máster;Aragón;Mujeres;No;Tiempo Completo;17;27/08/2023
2022;Zaragoza;Facultad;Facultad de Ciencias Sociales y del Trabajo;Máster: Relaciones de Género;Máster;No Informado;Hombres;No;Tiempo Completo;1;27/08/2023
2022;Zaragoza;Facultad;Facultad de Ciencias Sociales y del Trabajo;Máster: Relaciones de Género;Máster;No Informado;Mujeres;No;Tiempo Completo;1;27/08/2023
2022;Zaragoza;Facultad;Facultad de Ciencias Sociales y del Trabajo;Máster: Relaciones de Género;Máster;Pais Vasco;Mujeres;No;Tiempo Completo;2;27/08/2023
2022;Zaragoza;Facultad;Facultad de Derecho;Grado: Derecho;Grado;Andalucía;Hombres;No;Tiempo Completo;1;27/08/2023
2022;Zaragoza;Facultad;Facultad de Derecho;Grado: Derecho;Grado;Aragón;Hombres;No;Otra dedicación;14;27/08/2023
2022;Zaragoza;Facultad;Facultad de Derecho;Grado: Derecho;Grado;Aragón;Hombres;No;Tiempo Completo;397;27/08/2023
2022;Zaragoza;Facultad;Facultad de Derecho;Grado: Derecho;Grado;Aragón;Hombres;Sí;Tiempo Completo;28;27/08/2023
2022;Zaragoza;Facultad;Facultad de Derecho;Grado: Derecho;Grado;Aragón;Hombres;No;Tiempo Parcial;16;27/08/2023
2022;Zaragoza;Facultad;Facultad de Derecho;Grado: Derecho;Grado;Aragón;Hombres;Sí;Tiempo Parcial;1;27/08/2023
2022;Zaragoza;Facultad;Facultad de Derecho;Grado: Derecho;Grado;Aragón;Mujeres;No;Otra dedicación;27;27/08/2023
2022;Zaragoza;Facultad;Facultad de Derecho;Grado: Derecho;Grado;Aragón;Mujeres;No;Tiempo Completo;727;27/08/2023
2022;Zaragoza;Facultad;Facultad de Derecho;Grado: Derecho;Grado;Aragón;Mujeres;Sí;Tiempo Completo;59;27/08/2023
2022;Zaragoza;Facultad;Facultad de Derecho;Grado: Derecho;Grado;Aragón;Mujeres;No;Tiempo Parcial;27;27/08/2023
2022;Zaragoza;Facultad;Facultad de Derecho;Grado: Derecho;Grado;Asturias;Mujeres;No;Tiempo Completo;1;27/08/2023
2022;Zaragoza;Facultad;Facultad de Derecho;Grado: Derecho;Grado;Baleares;Mujeres;No;Tiempo Completo;1;27/08/2023
2022;Zaragoza;Facultad;Facultad de Derecho;Grado: Derecho;Grado;Canarias;Mujeres;No;Tiempo Completo;1;27/08/2023
2022;Zaragoza;Facultad;Facultad de Derecho;Grado: Derecho;Grado;Castilla y Leon;Hombres;No;Otra dedicación;1;27/08/2023
2022;Zaragoza;Facultad;Facultad de Derecho;Grado: Derecho;Grado;Castilla y Leon;Hombres;No;Tiempo Completo;4;27/08/2023
2022;Zaragoza;Facultad;Facultad de Derecho;Grado: Derecho;Grado;Castilla y Leon;Mujeres;No;Tiempo Completo;11;27/08/2023
2022;Zaragoza;Facultad;Facultad de Derecho;Grado: Derecho;Grado;Catalunya;Hombres;No;Tiempo Completo;3;27/08/2023
2022;Zaragoza;Facultad;Facultad de Derecho;Grado: Derecho;Grado;Catalunya;Mujeres;No;Tiempo Completo;1;27/08/2023
2022;Zaragoza;Facultad;Facultad de Derecho;Grado: Derecho;Grado;Catalunya;Mujeres;Sí;Tiempo Completo;1;27/08/2023
2022;Zaragoza;Facultad;Facultad de Derecho;Grado: Derecho;Grado;La Rioja;Hombres;No;Tiempo Completo;3;27/08/2023
2022;Zaragoza;Facultad;Facultad de Derecho;Grado: Derecho;Grado;La Rioja;Mujeres;No;Otra dedicación;1;27/08/2023
2022;Zaragoza;Facultad;Facultad de Derecho;Grado: Derecho;Grado;La Rioja;Mujeres;No;Tiempo Completo;12;27/08/2023
2022;Zaragoza;Facultad;Facultad de Derecho;Grado: Derecho;Grado;La Rioja;Mujeres;Sí;Tiempo Completo;1;27/08/2023
2022;Zaragoza;Facultad;Facultad de Derecho;Grado: Derecho;Grado;Madrid;Mujeres;No;Tiempo Completo;1;27/08/2023
2022;Zaragoza;Facultad;Facultad de Derecho;Grado: Derecho;Grado;Navarra;Hombres;No;Tiempo Completo;12;27/08/2023
2022;Zaragoza;Facultad;Facultad de Derecho;Grado: Derecho;Grado;Navarra;Hombres;No;Tiempo Parcial;1;27/08/2023
2022;Zaragoza;Facultad;Facultad de Derecho;Grado: Derecho;Grado;Navarra;Mujeres;No;Tiempo Completo;14;27/08/2023
2022;Zaragoza;Facultad;Facultad de Derecho;Grado: Derecho;Grado;Navarra;Mujeres;Sí;Tiempo Completo;1;27/08/2023
2022;Zaragoza;Facultad;Facultad de Derecho;Grado: Derecho;Grado;No Informado;Hombres;Sí;Tiempo Completo;2;27/08/2023
2022;Zaragoza;Facultad;Facultad de Derecho;Grado: Derecho;Grado;No Informado;Mujeres;No;Tiempo Completo;1;27/08/2023
2022;Zaragoza;Facultad;Facultad de Derecho;Grado: Derecho;Grado;Pais Vasco;Hombres;No;Tiempo Completo;1;27/08/2023
2022;Zaragoza;Facultad;Facultad de Derecho;Grado: Derecho;Grado;Pais Vasco;Mujeres;No;Tiempo Completo;3;27/08/2023
2022;Zaragoza;Facultad;Facultad de Derecho;Grado: Programa conjunto en Derecho-Administración y Dirección de Empresas;Grado;Aragón;Hombres;No;Otra dedicación;5;27/08/2023
2022;Zaragoza;Facultad;Facultad de Derecho;Grado: Programa conjunto en Derecho-Administración y Dirección de Empresas;Grado;Aragón;Hombres;Sí;Otra dedicación;1;27/08/2023
2022;Zaragoza;Facultad;Facultad de Derecho;Grado: Programa conjunto en Derecho-Administración y Dirección de Empresas;Grado;Aragón;Hombres;No;Tiempo Completo;140;27/08/2023
2022;Zaragoza;Facultad;Facultad de Derecho;Grado: Programa conjunto en Derecho-Administración y Dirección de Empresas;Grado;Aragón;Hombres;Sí;Tiempo Completo;27;27/08/2023
2022;Zaragoza;Facultad;Facultad de Derecho;Grado: Programa conjunto en Derecho-Administración y Dirección de Empresas;Grado;Aragón;Mujeres;No;Otra dedicación;4;27/08/2023
2022;Zaragoza;Facultad;Facultad de Derecho;Grado: Programa conjunto en Derecho-Administración y Dirección de Empresas;Grado;Aragón;Mujeres;Sí;Otra dedicación;1;27/08/2023
2022;Zaragoza;Facultad;Facultad de Derecho;Grado: Programa conjunto en Derecho-Administración y Dirección de Empresas;Grado;Aragón;Mujeres;No;Tiempo Completo;221;27/08/2023
2022;Zaragoza;Facultad;Facultad de Derecho;Grado: Programa conjunto en Derecho-Administración y Dirección de Empresas;Grado;Aragón;Mujeres;Sí;Tiempo Completo;28;27/08/2023
2022;Zaragoza;Facultad;Facultad de Derecho;Grado: Programa conjunto en Derecho-Administración y Dirección de Empresas;Grado;Castilla y Leon;Hombres;No;Tiempo Completo;1;27/08/2023
2022;Zaragoza;Facultad;Facultad de Derecho;Grado: Programa conjunto en Derecho-Administración y Dirección de Empresas;Grado;Castilla y Leon;Mujeres;No;Tiempo Completo;1;27/08/2023
2022;Zaragoza;Facultad;Facultad de Derecho;Grado: Programa conjunto en Derecho-Administración y Dirección de Empresas;Grado;Castilla-La Mancha;Mujeres;No;Otra dedicación;1;27/08/2023
2022;Zaragoza;Facultad;Facultad de Derecho;Grado: Programa conjunto en Derecho-Administración y Dirección de Empresas;Grado;La Rioja;Hombres;No;Tiempo Completo;2;27/08/2023
2022;Zaragoza;Facultad;Facultad de Derecho;Grado: Programa conjunto en Derecho-Administración y Dirección de Empresas;Grado;La Rioja;Mujeres;No;Tiempo Completo;7;27/08/2023
2022;Zaragoza;Facultad;Facultad de Derecho;Grado: Programa conjunto en Derecho-Administración y Dirección de Empresas;Grado;Madrid;Mujeres;No;Otra dedicación;1;27/08/2023
2022;Zaragoza;Facultad;Facultad de Derecho;Grado: Programa conjunto en Derecho-Administración y Dirección de Empresas;Grado;Navarra;Hombres;No;Tiempo Completo;1;27/08/2023
2022;Zaragoza;Facultad;Facultad de Derecho;Grado: Programa conjunto en Derecho-Administración y Dirección de Empresas;Grado;Navarra;Mujeres;No;Tiempo Completo;1;27/08/2023
2022;Zaragoza;Facultad;Facultad de Derecho;Grado: Programa conjunto en Derecho-Administración y Dirección de Empresas;Grado;Navarra;Mujeres;Sí;Tiempo Completo;1;27/08/2023
2022;Zaragoza;Facultad;Facultad de Derecho;Movilidad para 1º y 2º ciclo y grado;Movilidad de entrada;Andalucía;Hombres;No;Tiempo Completo;1;27/08/2023
2022;Zaragoza;Facultad;Facultad de Derecho;Movilidad para 1º y 2º ciclo y grado;Movilidad de entrada;Andalucía;Mujeres;No;Tiempo Completo;2;27/08/2023
2022;Zaragoza;Facultad;Facultad de Derecho;Movilidad para 1º y 2º ciclo y grado;Movilidad de entrada;Aragón;Mujeres;No;Tiempo Completo;1;27/08/2023
2022;Zaragoza;Facultad;Facultad de Derecho;Movilidad para 1º y 2º ciclo y grado;Movilidad de entrada;Galicia;Mujeres;No;Tiempo Completo;2;27/08/2023
2022;Zaragoza;Facultad;Facultad de Derecho;Movilidad para 1º y 2º ciclo y grado;Movilidad de entrada;Navarra;Mujeres;No;Tiempo Completo;1;27/08/2023
2022;Zaragoza;Facultad;Facultad de Derecho;Movilidad para 1º y 2º ciclo y grado;Movilidad de entrada;No Informado;Hombres;No;Tiempo Completo;21;27/08/2023
2022;Zaragoza;Facultad;Facultad de Derecho;Movilidad para 1º y 2º ciclo y grado;Movilidad de entrada;No Informado;Mujeres;No;Tiempo Completo;31;27/08/2023
2022;Zaragoza;Facultad;Facultad de Derecho;Máster: Abogacía;Máster;Andalucía;Hombres;No;Tiempo Completo;1;27/08/2023
2022;Zaragoza;Facultad;Facultad de Derecho;Máster: Abogacía;Máster;Andalucía;Mujeres;No;Tiempo Completo;1;27/08/2023
2022;Zaragoza;Facultad;Facultad de Derecho;Máster: Abogacía;Máster;Aragón;Hombres;No;Otra dedicación;1;27/08/2023
2022;Zaragoza;Facultad;Facultad de Derecho;Máster: Abogacía;Máster;Aragón;Hombres;No;Tiempo Completo;52;27/08/2023
2022;Zaragoza;Facultad;Facultad de Derecho;Máster: Abogacía;Máster;Aragón;Hombres;No;Tiempo Parcial;1;27/08/2023
2022;Zaragoza;Facultad;Facultad de Derecho;Máster: Abogacía;Máster;Aragón;Mujeres;No;Tiempo Completo;91;27/08/2023
2022;Zaragoza;Facultad;Facultad de Derecho;Máster: Abogacía;Máster;Aragón;Mujeres;No;Tiempo Parcial;1;27/08/2023
2022;Zaragoza;Facultad;Facultad de Derecho;Máster: Abogacía;Máster;Canarias;Mujeres;No;Tiempo Completo;1;27/08/2023
2022;Zaragoza;Facultad;Facultad de Derecho;Máster: Abogacía;Máster;Castilla y Leon;Hombres;No;Tiempo Completo;1;27/08/2023
2022;Zaragoza;Facultad;Facultad de Derecho;Máster: Abogacía;Máster;Castilla y Leon;Mujeres;No;Tiempo Completo;1;27/08/2023
2022;Zaragoza;Facultad;Facultad de Derecho;Máster: Abogacía;Máster;Catalunya;Hombres;No;Tiempo Completo;2;27/08/2023
2022;Zaragoza;Facultad;Facultad de Derecho;Máster: Abogacía;Máster;Galicia;Mujeres;No;Tiempo Completo;2;27/08/2023
2022;Zaragoza;Facultad;Facultad de Derecho;Máster: Abogacía;Máster;La Rioja;Hombres;No;Tiempo Completo;1;27/08/2023
2022;Zaragoza;Facultad;Facultad de Derecho;Máster: Abogacía;Máster;La Rioja;Mujeres;No;Tiempo Completo;2;27/08/2023
2022;Zaragoza;Facultad;Facultad de Derecho;Máster: Abogacía;Máster;Navarra;Hombres;No;Tiempo Completo;1;27/08/2023
2022;Zaragoza;Facultad;Facultad de Derecho;Máster: Abogacía;Máster;Navarra;Mujeres;No;Tiempo Completo;7;27/08/2023
2022;Zaragoza;Facultad;Facultad de Derecho;Máster: Abogacía;Máster;Navarra;Mujeres;No;Tiempo Parcial;1;27/08/2023
2022;Zaragoza;Facultad;Facultad de Derecho;Máster: Derecho de la Administración Pública;Máster;Andalucía;Mujeres;No;Tiempo Completo;1;27/08/2023
2022;Zaragoza;Facultad;Facultad de Derecho;Máster: Derecho de la Administración Pública;Máster;Andalucía;Mujeres;No;Tiempo Parcial;1;27/08/2023
2022;Zaragoza;Facultad;Facultad de Derecho;Máster: Derecho de la Administración Pública;Máster;Aragón;Hombres;No;Tiempo Completo;4;27/08/2023
2022;Zaragoza;Facultad;Facultad de Derecho;Máster: Derecho de la Administración Pública;Máster;Aragón;Hombres;No;Tiempo Parcial;3;27/08/2023
2022;Zaragoza;Facultad;Facultad de Derecho;Máster: Derecho de la Administración Pública;Máster;Aragón;Mujeres;No;Tiempo Completo;8;27/08/2023
2022;Zaragoza;Facultad;Facultad de Derecho;Máster: Derecho de la Administración Pública;Máster;Aragón;Mujeres;No;Tiempo Parcial;2;27/08/2023
2022;Zaragoza;Facultad;Facultad de Derecho;Máster: Derecho de la Administración Pública;Máster;Catalunya;Mujeres;No;Tiempo Completo;2;27/08/2023
2022;Zaragoza;Facultad;Facultad de Derecho;Máster: Derecho de la Administración Pública;Máster;Catalunya;Mujeres;No;Tiempo Parcial;1;27/08/2023
2022;Zaragoza;Facultad;Facultad de Derecho;Máster: Derecho de la Administración Pública;Máster;Comunidad Valenciana;Hombres;No;Tiempo Completo;3;27/08/2023
2022;Zaragoza;Facultad;Facultad de Derecho;Máster: Derecho de la Administración Pública;Máster;Galicia;Mujeres;No;Tiempo Completo;1;27/08/2023
2022;Zaragoza;Facultad;Facultad de Derecho;Máster: Derecho de la Administración Pública;Máster;Madrid;Mujeres;No;Tiempo Parcial;1;27/08/2023
2022;Zaragoza;Facultad;Facultad de Derecho;Máster: Derecho de la Administración Pública;Máster;Pais Vasco;Hombres;No;Tiempo Parcial;1;27/08/2023
2022;Zaragoza;Facultad;Facultad de Derecho;Máster: Gestión Administrativa;Máster;Andalucía;Mujeres;No;Tiempo Completo;1;27/08/2023
2022;Zaragoza;Facultad;Facultad de Derecho;Máster: Gestión Administrativa;Máster;Aragón;Hombres;No;Tiempo Completo;4;27/08/2023
2022;Zaragoza;Facultad;Facultad de Derecho;Máster: Gestión Administrativa;Máster;Aragón;Mujeres;No;Tiempo Completo;5;27/08/2023
2022;Zaragoza;Facultad;Facultad de Derecho;Máster: Gestión Administrativa;Máster;Aragón;Mujeres;No;Tiempo Parcial;3;27/08/2023
2022;Zaragoza;Facultad;Facultad de Derecho;Máster: Prevención de riesgos laborales;Máster;Aragón;Hombres;No;Otra dedicación;1;27/08/2023
2022;Zaragoza;Facultad;Facultad de Derecho;Máster: Prevención de riesgos laborales;Máster;Aragón;Hombres;No;Tiempo Completo;15;27/08/2023
2022;Zaragoza;Facultad;Facultad de Derecho;Máster: Prevención de riesgos laborales;Máster;Aragón;Mujeres;No;Otra dedicación;2;27/08/2023
2022;Zaragoza;Facultad;Facultad de Derecho;Máster: Prevención de riesgos laborales;Máster;Aragón;Mujeres;No;Tiempo Completo;18;27/08/2023
2022;Zaragoza;Facultad;Facultad de Derecho;Máster: Prevención de riesgos laborales;Máster;Castilla y Leon;Mujeres;No;Tiempo Completo;1;27/08/2023
2022;Zaragoza;Facultad;Facultad de Derecho;Máster: Prevención de riesgos laborales;Máster;No Informado;Mujeres;No;Tiempo Completo;3;27/08/2023
2022;Zaragoza;Facultad;Facultad de Economía y Empresa;Grado: Administración y Dirección de Empresas;Grado;Aragón;Hombres;No;Otra dedicación;71;27/08/2023
2022;Zaragoza;Facultad;Facultad de Economía y Empresa;Grado: Administración y Dirección de Empresas;Grado;Aragón;Hombres;No;Tiempo Completo;721;27/08/2023
2022;Zaragoza;Facultad;Facultad de Economía y Empresa;Grado: Administración y Dirección de Empresas;Grado;Aragón;Hombres;Sí;Tiempo Completo;53;27/08/2023
2022;Zaragoza;Facultad;Facultad de Economía y Empresa;Grado: Administración y Dirección de Empresas;Grado;Aragón;Hombres;No;Tiempo Parcial;10;27/08/2023
2022;Zaragoza;Facultad;Facultad de Economía y Empresa;Grado: Administración y Dirección de Empresas;Grado;Aragón;Mujeres;No;Otra dedicación;52;27/08/2023
2022;Zaragoza;Facultad;Facultad de Economía y Empresa;Grado: Administración y Dirección de Empresas;Grado;Aragón;Mujeres;No;Tiempo Completo;537;27/08/2023
2022;Zaragoza;Facultad;Facultad de Economía y Empresa;Grado: Administración y Dirección de Empresas;Grado;Aragón;Mujeres;Sí;Tiempo Completo;41;27/08/2023
2022;Zaragoza;Facultad;Facultad de Economía y Empresa;Grado: Administración y Dirección de Empresas;Grado;Aragón;Mujeres;No;Tiempo Parcial;10;27/08/2023
2022;Zaragoza;Facultad;Facultad de Economía y Empresa;Grado: Administración y Dirección de Empresas;Grado;Baleares;Mujeres;No;Tiempo Completo;2;27/08/2023
2022;Zaragoza;Facultad;Facultad de Economía y Empresa;Grado: Administración y Dirección de Empresas;Grado;Canarias;Mujeres;No;Tiempo Completo;3;27/08/2023
2022;Zaragoza;Facultad;Facultad de Economía y Empresa;Grado: Administración y Dirección de Empresas;Grado;Castilla y Leon;Hombres;No;Tiempo Completo;5;27/08/2023
2022;Zaragoza;Facultad;Facultad de Economía y Empresa;Grado: Administración y Dirección de Empresas;Grado;Castilla y Leon;Mujeres;No;Tiempo Completo;9;27/08/2023
2022;Zaragoza;Facultad;Facultad de Economía y Empresa;Grado: Administración y Dirección de Empresas;Grado;Castilla y Leon;Mujeres;Sí;Tiempo Completo;1;27/08/2023
2022;Zaragoza;Facultad;Facultad de Economía y Empresa;Grado: Administración y Dirección de Empresas;Grado;Castilla-La Mancha;Hombres;No;Tiempo Completo;2;27/08/2023
2022;Zaragoza;Facultad;Facultad de Economía y Empresa;Grado: Administración y Dirección de Empresas;Grado;Catalunya;Hombres;No;Tiempo Completo;3;27/08/2023
2022;Zaragoza;Facultad;Facultad de Economía y Empresa;Grado: Administración y Dirección de Empresas;Grado;Catalunya;Mujeres;No;Otra dedicación;1;27/08/2023
2022;Zaragoza;Facultad;Facultad de Economía y Empresa;Grado: Administración y Dirección de Empresas;Grado;Catalunya;Mujeres;No;Tiempo Completo;2;27/08/2023
2022;Zaragoza;Facultad;Facultad de Economía y Empresa;Grado: Administración y Dirección de Empresas;Grado;Comunidad Valenciana;Hombres;No;Tiempo Completo;1;27/08/2023
2022;Zaragoza;Facultad;Facultad de Economía y Empresa;Grado: Administración y Dirección de Empresas;Grado;La Rioja;Hombres;No;Tiempo Completo;15;27/08/2023
2022;Zaragoza;Facultad;Facultad de Economía y Empresa;Grado: Administración y Dirección de Empresas;Grado;La Rioja;Hombres;Sí;Tiempo Completo;1;27/08/2023
2022;Zaragoza;Facultad;Facultad de Economía y Empresa;Grado: Administración y Dirección de Empresas;Grado;La Rioja;Mujeres;No;Otra dedicación;2;27/08/2023
2022;Zaragoza;Facultad;Facultad de Economía y Empresa;Grado: Administración y Dirección de Empresas;Grado;La Rioja;Mujeres;No;Tiempo Completo;8;27/08/2023
2022;Zaragoza;Facultad;Facultad de Economía y Empresa;Grado: Administración y Dirección de Empresas;Grado;Madrid;Mujeres;No;Tiempo Completo;1;27/08/2023
2022;Zaragoza;Facultad;Facultad de Economía y Empresa;Grado: Administración y Dirección de Empresas;Grado;Navarra;Hombres;No;Otra dedicación;3;27/08/2023
2022;Zaragoza;Facultad;Facultad de Economía y Empresa;Grado: Administración y Dirección de Empresas;Grado;Navarra;Hombres;No;Tiempo Completo;16;27/08/2023
2022;Zaragoza;Facultad;Facultad de Economía y Empresa;Grado: Administración y Dirección de Empresas;Grado;Navarra;Hombres;Sí;Tiempo Completo;1;27/08/2023
2022;Zaragoza;Facultad;Facultad de Economía y Empresa;Grado: Administración y Dirección de Empresas;Grado;Navarra;Mujeres;No;Otra dedicación;1;27/08/2023
2022;Zaragoza;Facultad;Facultad de Economía y Empresa;Grado: Administración y Dirección de Empresas;Grado;Navarra;Mujeres;No;Tiempo Completo;17;27/08/2023
2022;Zaragoza;Facultad;Facultad de Economía y Empresa;Grado: Administración y Dirección de Empresas;Grado;No Informado;Hombres;No;Tiempo Completo;1;27/08/2023
2022;Zaragoza;Facultad;Facultad de Economía y Empresa;Grado: Administración y Dirección de Empresas;Grado;No Informado;Mujeres;No;Tiempo Completo;7;27/08/2023
2022;Zaragoza;Facultad;Facultad de Economía y Empresa;Grado: Administración y Dirección de Empresas;Grado;Pais Vasco;Mujeres;No;Tiempo Completo;1;27/08/2023
2022;Zaragoza;Facultad;Facultad de Economía y Empresa;Grado: Administración y Dirección de Empresas;Grado;Pais Vasco;Mujeres;Sí;Tiempo Completo;1;27/08/2023
2022;Zaragoza;Facultad;Facultad de Economía y Empresa;Grado: Economía;Grado;Andalucía;Hombres;No;Tiempo Completo;1;27/08/2023
2022;Zaragoza;Facultad;Facultad de Economía y Empresa;Grado: Economía;Grado;Aragón;Hombres;No;Otra dedicación;31;27/08/2023
2022;Zaragoza;Facultad;Facultad de Economía y Empresa;Grado: Economía;Grado;Aragón;Hombres;No;Tiempo Completo;291;27/08/2023
2022;Zaragoza;Facultad;Facultad de Economía y Empresa;Grado: Economía;Grado;Aragón;Hombres;Sí;Tiempo Completo;20;27/08/2023
2022;Zaragoza;Facultad;Facultad de Economía y Empresa;Grado: Economía;Grado;Aragón;Hombres;No;Tiempo Parcial;6;27/08/2023
2022;Zaragoza;Facultad;Facultad de Economía y Empresa;Grado: Economía;Grado;Aragón;Mujeres;No;Otra dedicación;17;27/08/2023
2022;Zaragoza;Facultad;Facultad de Economía y Empresa;Grado: Economía;Grado;Aragón;Mujeres;Sí;Otra dedicación;1;27/08/2023
2022;Zaragoza;Facultad;Facultad de Economía y Empresa;Grado: Economía;Grado;Aragón;Mujeres;No;Tiempo Completo;177;27/08/2023
2022;Zaragoza;Facultad;Facultad de Economía y Empresa;Grado: Economía;Grado;Aragón;Mujeres;Sí;Tiempo Completo;14;27/08/2023
2022;Zaragoza;Facultad;Facultad de Economía y Empresa;Grado: Economía;Grado;Aragón;Mujeres;No;Tiempo Parcial;2;27/08/2023
2022;Zaragoza;Facultad;Facultad de Economía y Empresa;Grado: Economía;Grado;Baleares;Hombres;Sí;Tiempo Completo;1;27/08/2023
2022;Zaragoza;Facultad;Facultad de Economía y Empresa;Grado: Economía;Grado;Baleares;Mujeres;No;Otra dedicación;1;27/08/2023
2022;Zaragoza;Facultad;Facultad de Economía y Empresa;Grado: Economía;Grado;Castilla y Leon;Hombres;No;Otra dedicación;4;27/08/2023
2022;Zaragoza;Facultad;Facultad de Economía y Empresa;Grado: Economía;Grado;Castilla y Leon;Hombres;No;Tiempo Completo;8;27/08/2023
2022;Zaragoza;Facultad;Facultad de Economía y Empresa;Grado: Economía;Grado;Castilla y Leon;Mujeres;No;Otra dedicación;1;27/08/2023
2022;Zaragoza;Facultad;Facultad de Economía y Empresa;Grado: Economía;Grado;Castilla y Leon;Mujeres;No;Tiempo Completo;4;27/08/2023
2022;Zaragoza;Facultad;Facultad de Economía y Empresa;Grado: Economía;Grado;Castilla-La Mancha;Hombres;No;Tiempo Completo;1;27/08/2023
2022;Zaragoza;Facultad;Facultad de Economía y Empresa;Grado: Economía;Grado;Catalunya;Hombres;No;Tiempo Completo;2;27/08/2023
2022;Zaragoza;Facultad;Facultad de Economía y Empresa;Grado: Economía;Grado;Catalunya;Mujeres;No;Tiempo Completo;1;27/08/2023
2022;Zaragoza;Facultad;Facultad de Economía y Empresa;Grado: Economía;Grado;Comunidad Valenciana;Hombres;No;Tiempo Completo;1;27/08/2023
2022;Zaragoza;Facultad;Facultad de Economía y Empresa;Grado: Economía;Grado;La Rioja;Hombres;No;Otra dedicación;2;27/08/2023
2022;Zaragoza;Facultad;Facultad de Economía y Empresa;Grado: Economía;Grado;La Rioja;Hombres;No;Tiempo Completo;18;27/08/2023
2022;Zaragoza;Facultad;Facultad de Economía y Empresa;Grado: Economía;Grado;La Rioja;Mujeres;No;Tiempo Completo;16;27/08/2023
2022;Zaragoza;Facultad;Facultad de Economía y Empresa;Grado: Economía;Grado;La Rioja;Mujeres;Sí;Tiempo Completo;1;27/08/2023
2022;Zaragoza;Facultad;Facultad de Economía y Empresa;Grado: Economía;Grado;Madrid;Mujeres;No;Otra dedicación;1;27/08/2023
2022;Zaragoza;Facultad;Facultad de Economía y Empresa;Grado: Economía;Grado;Navarra;Hombres;No;Otra dedicación;2;27/08/2023
2022;Zaragoza;Facultad;Facultad de Economía y Empresa;Grado: Economía;Grado;Navarra;Hombres;Sí;Otra dedicación;1;27/08/2023
2022;Zaragoza;Facultad;Facultad de Economía y Empresa;Grado: Economía;Grado;Navarra;Hombres;No;Tiempo Completo;7;27/08/2023
2022;Zaragoza;Facultad;Facultad de Economía y Empresa;Grado: Economía;Grado;Navarra;Mujeres;No;Otra dedicación;1;27/08/2023
2022;Zaragoza;Facultad;Facultad de Economía y Empresa;Grado: Economía;Grado;Navarra;Mujeres;No;Tiempo Completo;4;27/08/2023
2022;Zaragoza;Facultad;Facultad de Economía y Empresa;Grado: Economía;Grado;No Informado;Mujeres;No;Tiempo Completo;4;27/08/2023
2022;Zaragoza;Facultad;Facultad de Economía y Empresa;Grado: Economía;Grado;Pais Vasco;Hombres;No;Tiempo Completo;2;27/08/2023
2022;Zaragoza;Facultad;Facultad de Economía y Empresa;Grado: Finanzas y Contabilidad;Grado;Andalucía;Mujeres;No;Tiempo Completo;1;27/08/2023
2022;Zaragoza;Facultad;Facultad de Economía y Empresa;Grado: Finanzas y Contabilidad;Grado;Aragón;Hombres;No;Otra dedicación;10;27/08/2023
2022;Zaragoza;Facultad;Facultad de Economía y Empresa;Grado: Finanzas y Contabilidad;Grado;Aragón;Hombres;No;Tiempo Completo;178;27/08/2023
2022;Zaragoza;Facultad;Facultad de Economía y Empresa;Grado: Finanzas y Contabilidad;Grado;Aragón;Hombres;Sí;Tiempo Completo;6;27/08/2023
2022;Zaragoza;Facultad;Facultad de Economía y Empresa;Grado: Finanzas y Contabilidad;Grado;Aragón;Hombres;No;Tiempo Parcial;10;27/08/2023
2022;Zaragoza;Facultad;Facultad de Economía y Empresa;Grado: Finanzas y Contabilidad;Grado;Aragón;Mujeres;No;Otra dedicación;13;27/08/2023
2022;Zaragoza;Facultad;Facultad de Economía y Empresa;Grado: Finanzas y Contabilidad;Grado;Aragón;Mujeres;No;Tiempo Completo;129;27/08/2023
2022;Zaragoza;Facultad;Facultad de Economía y Empresa;Grado: Finanzas y Contabilidad;Grado;Aragón;Mujeres;Sí;Tiempo Completo;3;27/08/2023
2022;Zaragoza;Facultad;Facultad de Economía y Empresa;Grado: Finanzas y Contabilidad;Grado;Aragón;Mujeres;No;Tiempo Parcial;11;27/08/2023
2022;Zaragoza;Facultad;Facultad de Economía y Empresa;Grado: Finanzas y Contabilidad;Grado;Baleares;Mujeres;No;Tiempo Completo;2;27/08/2023
2022;Zaragoza;Facultad;Facultad de Economía y Empresa;Grado: Finanzas y Contabilidad;Grado;Canarias;Mujeres;No;Tiempo Completo;1;27/08/2023
2022;Zaragoza;Facultad;Facultad de Economía y Empresa;Grado: Finanzas y Contabilidad;Grado;Castilla y Leon;Hombres;No;Otra dedicación;2;27/08/2023
2022;Zaragoza;Facultad;Facultad de Economía y Empresa;Grado: Finanzas y Contabilidad;Grado;Castilla y Leon;Hombres;No;Tiempo Completo;5;27/08/2023
2022;Zaragoza;Facultad;Facultad de Economía y Empresa;Grado: Finanzas y Contabilidad;Grado;Castilla y Leon;Mujeres;No;Tiempo Completo;4;27/08/2023
2022;Zaragoza;Facultad;Facultad de Economía y Empresa;Grado: Finanzas y Contabilidad;Grado;Castilla-La Mancha;Hombres;No;Tiempo Completo;1;27/08/2023
2022;Zaragoza;Facultad;Facultad de Economía y Empresa;Grado: Finanzas y Contabilidad;Grado;Castilla-La Mancha;Mujeres;No;Tiempo Completo;2;27/08/2023
2022;Zaragoza;Facultad;Facultad de Economía y Empresa;Grado: Finanzas y Contabilidad;Grado;Catalunya;Hombres;No;Tiempo Completo;7;27/08/2023
2022;Zaragoza;Facultad;Facultad de Economía y Empresa;Grado: Finanzas y Contabilidad;Grado;Catalunya;Mujeres;No;Otra dedicación;1;27/08/2023
2022;Zaragoza;Facultad;Facultad de Economía y Empresa;Grado: Finanzas y Contabilidad;Grado;Catalunya;Mujeres;No;Tiempo Completo;3;27/08/2023
2022;Zaragoza;Facultad;Facultad de Economía y Empresa;Grado: Finanzas y Contabilidad;Grado;Ciudad autónoma de Melilla;Hombres;No;Tiempo Completo;1;27/08/2023
2022;Zaragoza;Facultad;Facultad de Economía y Empresa;Grado: Finanzas y Contabilidad;Grado;Comunidad Valenciana;Mujeres;No;Tiempo Completo;2;27/08/2023
2022;Zaragoza;Facultad;Facultad de Economía y Empresa;Grado: Finanzas y Contabilidad;Grado;La Rioja;Hombres;No;Otra dedicación;1;27/08/2023
2022;Zaragoza;Facultad;Facultad de Economía y Empresa;Grado: Finanzas y Contabilidad;Grado;La Rioja;Hombres;No;Tiempo Completo;9;27/08/2023
2022;Zaragoza;Facultad;Facultad de Economía y Empresa;Grado: Finanzas y Contabilidad;Grado;La Rioja;Mujeres;No;Tiempo Completo;8;27/08/2023
2022;Zaragoza;Facultad;Facultad de Economía y Empresa;Grado: Finanzas y Contabilidad;Grado;Madrid;Hombres;No;Tiempo Completo;2;27/08/2023
2022;Zaragoza;Facultad;Facultad de Economía y Empresa;Grado: Finanzas y Contabilidad;Grado;Madrid;Mujeres;No;Tiempo Completo;1;27/08/2023
2022;Zaragoza;Facultad;Facultad de Economía y Empresa;Grado: Finanzas y Contabilidad;Grado;Navarra;Hombres;No;Tiempo Completo;9;27/08/2023
2022;Zaragoza;Facultad;Facultad de Economía y Empresa;Grado: Finanzas y Contabilidad;Grado;Navarra;Mujeres;No;Otra dedicación;2;27/08/2023
2022;Zaragoza;Facultad;Facultad de Economía y Empresa;Grado: Finanzas y Contabilidad;Grado;Navarra;Mujeres;No;Tiempo Completo;8;27/08/2023
2022;Zaragoza;Facultad;Facultad de Economía y Empresa;Grado: Finanzas y Contabilidad;Grado;Navarra;Mujeres;Sí;Tiempo Completo;1;27/08/2023
2022;Zaragoza;Facultad;Facultad de Economía y Empresa;Grado: Finanzas y Contabilidad;Grado;No Informado;Hombres;No;Tiempo Completo;3;27/08/2023
2022;Zaragoza;Facultad;Facultad de Economía y Empresa;Grado: Finanzas y Contabilidad;Grado;No Informado;Mujeres;No;Tiempo Completo;3;27/08/2023
2022;Zaragoza;Facultad;Facultad de Economía y Empresa;Grado: Finanzas y Contabilidad;Grado;Pais Vasco;Mujeres;No;Tiempo Completo;1;27/08/2023
2022;Zaragoza;Facultad;Facultad de Economía y Empresa;Grado: Marketing e Investigación de Mercados;Grado;Andalucía;Mujeres;No;Tiempo Completo;1;27/08/2023
2022;Zaragoza;Facultad;Facultad de Economía y Empresa;Grado: Marketing e Investigación de Mercados;Grado;Aragón;Hombres;No;Otra dedicación;11;27/08/2023
2022;Zaragoza;Facultad;Facultad de Economía y Empresa;Grado: Marketing e Investigación de Mercados;Grado;Aragón;Hombres;No;Tiempo Completo;184;27/08/2023
2022;Zaragoza;Facultad;Facultad de Economía y Empresa;Grado: Marketing e Investigación de Mercados;Grado;Aragón;Hombres;Sí;Tiempo Completo;19;27/08/2023
2022;Zaragoza;Facultad;Facultad de Economía y Empresa;Grado: Marketing e Investigación de Mercados;Grado;Aragón;Hombres;No;Tiempo Parcial;5;27/08/2023
2022;Zaragoza;Facultad;Facultad de Economía y Empresa;Grado: Marketing e Investigación de Mercados;Grado;Aragón;Mujeres;No;Otra dedicación;13;27/08/2023
2022;Zaragoza;Facultad;Facultad de Economía y Empresa;Grado: Marketing e Investigación de Mercados;Grado;Aragón;Mujeres;No;Tiempo Completo;220;27/08/2023
2022;Zaragoza;Facultad;Facultad de Economía y Empresa;Grado: Marketing e Investigación de Mercados;Grado;Aragón;Mujeres;Sí;Tiempo Completo;22;27/08/2023
2022;Zaragoza;Facultad;Facultad de Economía y Empresa;Grado: Marketing e Investigación de Mercados;Grado;Aragón;Mujeres;No;Tiempo Parcial;4;27/08/2023
2022;Zaragoza;Facultad;Facultad de Economía y Empresa;Grado: Marketing e Investigación de Mercados;Grado;Baleares;Hombres;No;Tiempo Completo;1;27/08/2023
2022;Zaragoza;Facultad;Facultad de Economía y Empresa;Grado: Marketing e Investigación de Mercados;Grado;Baleares;Mujeres;No;Tiempo Completo;1;27/08/2023
2022;Zaragoza;Facultad;Facultad de Economía y Empresa;Grado: Marketing e Investigación de Mercados;Grado;Castilla y Leon;Hombres;No;Tiempo Completo;7;27/08/2023
2022;Zaragoza;Facultad;Facultad de Economía y Empresa;Grado: Marketing e Investigación de Mercados;Grado;Castilla y Leon;Mujeres;No;Tiempo Completo;9;27/08/2023
2022;Zaragoza;Facultad;Facultad de Economía y Empresa;Grado: Marketing e Investigación de Mercados;Grado;Castilla-La Mancha;Hombres;No;Tiempo Completo;1;27/08/2023
2022;Zaragoza;Facultad;Facultad de Economía y Empresa;Grado: Marketing e Investigación de Mercados;Grado;Castilla-La Mancha;Mujeres;No;Otra dedicación;1;27/08/2023
2022;Zaragoza;Facultad;Facultad de Economía y Empresa;Grado: Marketing e Investigación de Mercados;Grado;Castilla-La Mancha;Mujeres;No;Tiempo Completo;3;27/08/2023
2022;Zaragoza;Facultad;Facultad de Economía y Empresa;Grado: Marketing e Investigación de Mercados;Grado;Catalunya;Hombres;No;Tiempo Completo;2;27/08/2023
2022;Zaragoza;Facultad;Facultad de Economía y Empresa;Grado: Marketing e Investigación de Mercados;Grado;Catalunya;Mujeres;No;Tiempo Completo;3;27/08/2023
2022;Zaragoza;Facultad;Facultad de Economía y Empresa;Grado: Marketing e Investigación de Mercados;Grado;Comunidad Valenciana;Hombres;No;Tiempo Completo;2;27/08/2023
2022;Zaragoza;Facultad;Facultad de Economía y Empresa;Grado: Marketing e Investigación de Mercados;Grado;Comunidad Valenciana;Mujeres;No;Tiempo Completo;5;27/08/2023
2022;Zaragoza;Facultad;Facultad de Economía y Empresa;Grado: Marketing e Investigación de Mercados;Grado;Comunidad Valenciana;Mujeres;No;Tiempo Parcial;1;27/08/2023
2022;Zaragoza;Facultad;Facultad de Economía y Empresa;Grado: Marketing e Investigación de Mercados;Grado;Galicia;Hombres;No;Tiempo Completo;2;27/08/2023
2022;Zaragoza;Facultad;Facultad de Economía y Empresa;Grado: Marketing e Investigación de Mercados;Grado;La Rioja;Hombres;No;Tiempo Completo;14;27/08/2023
2022;Zaragoza;Facultad;Facultad de Economía y Empresa;Grado: Marketing e Investigación de Mercados;Grado;La Rioja;Hombres;Sí;Tiempo Completo;1;27/08/2023
2022;Zaragoza;Facultad;Facultad de Economía y Empresa;Grado: Marketing e Investigación de Mercados;Grado;La Rioja;Mujeres;Sí;Otra dedicación;1;27/08/2023
2022;Zaragoza;Facultad;Facultad de Economía y Empresa;Grado: Marketing e Investigación de Mercados;Grado;La Rioja;Mujeres;No;Tiempo Completo;10;27/08/2023
2022;Zaragoza;Facultad;Facultad de Economía y Empresa;Grado: Marketing e Investigación de Mercados;Grado;La Rioja;Mujeres;Sí;Tiempo Completo;1;27/08/2023
2022;Zaragoza;Facultad;Facultad de Economía y Empresa;Grado: Marketing e Investigación de Mercados;Grado;Madrid;Mujeres;No;Tiempo Completo;1;27/08/2023
2022;Zaragoza;Facultad;Facultad de Economía y Empresa;Grado: Marketing e Investigación de Mercados;Grado;Murcia;Mujeres;No;Tiempo Completo;1;27/08/2023
2022;Zaragoza;Facultad;Facultad de Economía y Empresa;Grado: Marketing e Investigación de Mercados;Grado;Navarra;Hombres;No;Tiempo Completo;7;27/08/2023
2022;Zaragoza;Facultad;Facultad de Economía y Empresa;Grado: Marketing e Investigación de Mercados;Grado;Navarra;Hombres;Sí;Tiempo Completo;2;27/08/2023
2022;Zaragoza;Facultad;Facultad de Economía y Empresa;Grado: Marketing e Investigación de Mercados;Grado;Navarra;Mujeres;No;Otra dedicación;2;27/08/2023
2022;Zaragoza;Facultad;Facultad de Economía y Empresa;Grado: Marketing e Investigación de Mercados;Grado;Navarra;Mujeres;No;Tiempo Completo;19;27/08/2023
2022;Zaragoza;Facultad;Facultad de Economía y Empresa;Grado: Marketing e Investigación de Mercados;Grado;Navarra;Mujeres;Sí;Tiempo Completo;2;27/08/2023
2022;Zaragoza;Facultad;Facultad de Economía y Empresa;Grado: Marketing e Investigación de Mercados;Grado;No Informado;Hombres;No;Tiempo Completo;1;27/08/2023
2022;Zaragoza;Facultad;Facultad de Economía y Empresa;Grado: Marketing e Investigación de Mercados;Grado;No Informado;Mujeres;Sí;Tiempo Completo;1;27/08/2023
2022;Zaragoza;Facultad;Facultad de Economía y Empresa;Grado: Marketing e Investigación de Mercados;Grado;Pais Vasco;Hombres;No;Otra dedicación;1;27/08/2023
2022;Zaragoza;Facultad;Facultad de Economía y Empresa;Grado: Marketing e Investigación de Mercados;Grado;Pais Vasco;Hombres;No;Tiempo Completo;1;27/08/2023
2022;Zaragoza;Facultad;Facultad de Economía y Empresa;Movilidad para 1º y 2º ciclo y grado;Movilidad de entrada;Aragón;Hombres;No;Tiempo Completo;1;27/08/2023
2022;Zaragoza;Facultad;Facultad de Economía y Empresa;Movilidad para 1º y 2º ciclo y grado;Movilidad de entrada;Asturias;Hombres;No;Tiempo Completo;1;27/08/2023
2022;Zaragoza;Facultad;Facultad de Economía y Empresa;Movilidad para 1º y 2º ciclo y grado;Movilidad de entrada;Cantabria;Hombres;No;Tiempo Completo;1;27/08/2023
2022;Zaragoza;Facultad;Facultad de Economía y Empresa;Movilidad para 1º y 2º ciclo y grado;Movilidad de entrada;Castilla y Leon;Mujeres;No;Tiempo Completo;1;27/08/2023
2022;Zaragoza;Facultad;Facultad de Economía y Empresa;Movilidad para 1º y 2º ciclo y grado;Movilidad de entrada;Extremadura;Mujeres;No;Tiempo Completo;1;27/08/2023
2022;Zaragoza;Facultad;Facultad de Economía y Empresa;Movilidad para 1º y 2º ciclo y grado;Movilidad de entrada;No Informado;Hombres;No;Tiempo Completo;102;27/08/2023
2022;Zaragoza;Facultad;Facultad de Economía y Empresa;Movilidad para 1º y 2º ciclo y grado;Movilidad de entrada;No Informado;Mujeres;No;Tiempo Completo;122;27/08/2023
2022;Zaragoza;Facultad;Facultad de Economía y Empresa;Máster: Auditoría;Máster;Andalucía;Hombres;No;Tiempo Completo;2;27/08/2023
2022;Zaragoza;Facultad;Facultad de Economía y Empresa;Máster: Auditoría;Máster;Aragón;Hombres;No;Tiempo Completo;19;27/08/2023
2022;Zaragoza;Facultad;Facultad de Economía y Empresa;Máster: Auditoría;Máster;Aragón;Hombres;No;Tiempo Parcial;1;27/08/2023
2022;Zaragoza;Facultad;Facultad de Economía y Empresa;Máster: Auditoría;Máster;Aragón;Mujeres;No;Tiempo Completo;13;27/08/2023
2022;Zaragoza;Facultad;Facultad de Economía y Empresa;Máster: Auditoría;Máster;Aragón;Mujeres;No;Tiempo Parcial;4;27/08/2023
2022;Zaragoza;Facultad;Facultad de Economía y Empresa;Máster: Auditoría;Máster;Navarra;Mujeres;No;Tiempo Completo;2;27/08/2023
2022;Zaragoza;Facultad;Facultad de Economía y Empresa;Máster: Contabilidad y Finanzas;Máster;Aragón;Hombres;No;Tiempo Completo;10;27/08/2023
2022;Zaragoza;Facultad;Facultad de Economía y Empresa;Máster: Contabilidad y Finanzas;Máster;Aragón;Hombres;No;Tiempo Parcial;1;27/08/2023
2022;Zaragoza;Facultad;Facultad de Economía y Empresa;Máster: Contabilidad y Finanzas;Máster;Aragón;Mujeres;No;Tiempo Completo;12;27/08/2023
2022;Zaragoza;Facultad;Facultad de Economía y Empresa;Máster: Contabilidad y Finanzas;Máster;Aragón;Mujeres;No;Tiempo Parcial;1;27/08/2023
2022;Zaragoza;Facultad;Facultad de Economía y Empresa;Máster: Contabilidad y Finanzas;Máster;Aragón;Mujeres;Sí;Tiempo Parcial;1;27/08/2023
2022;Zaragoza;Facultad;Facultad de Economía y Empresa;Máster: Contabilidad y Finanzas;Máster;Castilla-La Mancha;Mujeres;No;Tiempo Completo;1;27/08/2023
2022;Zaragoza;Facultad;Facultad de Economía y Empresa;Máster: Contabilidad y Finanzas;Máster;La Rioja;Hombres;No;Tiempo Completo;1;27/08/2023
2022;Zaragoza;Facultad;Facultad de Economía y Empresa;Máster: Contabilidad y Finanzas;Máster;No Informado;Hombres;No;Tiempo Completo;2;27/08/2023
2022;Zaragoza;Facultad;Facultad de Economía y Empresa;Máster: Contabilidad y Finanzas;Máster;No Informado;Hombres;No;Tiempo Parcial;1;27/08/2023
2022;Zaragoza;Facultad;Facultad de Economía y Empresa;Máster: Contabilidad y Finanzas;Máster;No Informado;Mujeres;No;Tiempo Parcial;1;27/08/2023
2022;Zaragoza;Facultad;Facultad de Economía y Empresa;Máster: Dirección, Estrategia y Marketing;Máster;Aragón;Hombres;No;Tiempo Completo;4;27/08/2023
2022;Zaragoza;Facultad;Facultad de Economía y Empresa;Máster: Dirección, Estrategia y Marketing;Máster;Aragón;Mujeres;No;Tiempo Completo;7;27/08/2023
2022;Zaragoza;Facultad;Facultad de Economía y Empresa;Máster: Dirección, Estrategia y Marketing;Máster;Aragón;Mujeres;Sí;Tiempo Completo;2;27/08/2023
2022;Zaragoza;Facultad;Facultad de Economía y Empresa;Máster: Dirección, Estrategia y Marketing;Máster;Aragón;Mujeres;No;Tiempo Parcial;5;27/08/2023
2022;Zaragoza;Facultad;Facultad de Economía y Empresa;Máster: Dirección, Estrategia y Marketing;Máster;Navarra;Hombres;No;Tiempo Completo;1;27/08/2023
2022;Zaragoza;Facultad;Facultad de Economía y Empresa;Máster: Dirección, Estrategia y Marketing;Máster;No Informado;Hombres;No;Tiempo Completo;1;27/08/2023
2022;Zaragoza;Facultad;Facultad de Economía y Empresa;Máster: Dirección, Estrategia y Marketing;Máster;No Informado;Mujeres;No;Tiempo Completo;1;27/08/2023
2022;Zaragoza;Facultad;Facultad de Economía y Empresa;Máster: Economía;Máster;Aragón;Hombres;No;Otra dedicación;1;27/08/2023
2022;Zaragoza;Facultad;Facultad de Economía y Empresa;Máster: Economía;Máster;Aragón;Hombres;No;Tiempo Completo;8;27/08/2023
2022;Zaragoza;Facultad;Facultad de Economía y Empresa;Máster: Economía;Máster;Aragón;Hombres;No;Tiempo Parcial;2;27/08/2023
2022;Zaragoza;Facultad;Facultad de Economía y Empresa;Máster: Economía;Máster;Aragón;Mujeres;No;Tiempo Completo;5;27/08/2023
2022;Zaragoza;Facultad;Facultad de Economía y Empresa;Máster: Economía;Máster;Aragón;Mujeres;No;Tiempo Parcial;1;27/08/2023
2022;Zaragoza;Facultad;Facultad de Economía y Empresa;Máster: Economía;Máster;Castilla y Leon;Mujeres;No;Tiempo Completo;1;27/08/2023
2022;Zaragoza;Facultad;Facultad de Economía y Empresa;Máster: Economía;Máster;Galicia;Hombres;No;Tiempo Completo;1;27/08/2023
2022;Zaragoza;Facultad;Facultad de Economía y Empresa;Máster: Economía;Máster;Madrid;Mujeres;No;Tiempo Completo;1;27/08/2023
2022;Zaragoza;Facultad;Facultad de Economía y Empresa;Máster: Economía;Máster;No Informado;Mujeres;No;Tiempo Completo;1;27/08/2023
2022;Zaragoza;Facultad;Facultad de Economía y Empresa;Máster: Economía;Máster;No Informado;Mujeres;No;Tiempo Parcial;1;27/08/2023
2022;Zaragoza;Facultad;Facultad de Economía y Empresa;Máster: Sociología de las Políticas Públicas y Sociales;Máster;Aragón;Hombres;No;Tiempo Completo;9;27/08/2023
2022;Zaragoza;Facultad;Facultad de Economía y Empresa;Máster: Sociología de las Políticas Públicas y Sociales;Máster;Aragón;Mujeres;No;Tiempo Completo;10;27/08/2023
2022;Zaragoza;Facultad;Facultad de Economía y Empresa;Máster: Sociología de las Políticas Públicas y Sociales;Máster;Aragón;Mujeres;No;Tiempo Parcial;2;27/08/2023
2022;Zaragoza;Facultad;Facultad de Economía y Empresa;Máster: Sociología de las Políticas Públicas y Sociales;Máster;Asturias;Mujeres;No;Tiempo Completo;1;27/08/2023
2022;Zaragoza;Facultad;Facultad de Economía y Empresa;Máster: Sociología de las Políticas Públicas y Sociales;Máster;Murcia;Mujeres;No;Tiempo Completo;1;27/08/2023
2022;Zaragoza;Facultad;Facultad de Economía y Empresa;Máster: Sociología de las Políticas Públicas y Sociales;Máster;Navarra;Mujeres;No;Tiempo Completo;1;27/08/2023
2022;Zaragoza;Facultad;Facultad de Educación;Grado: Magisterio en Educación Infantil;Grado;Aragón;Hombres;No;Otra dedicación;3;27/08/2023
2022;Zaragoza;Facultad;Facultad de Educación;Grado: Magisterio en Educación Infantil;Grado;Aragón;Hombres;No;Tiempo Completo;32;27/08/2023
2022;Zaragoza;Facultad;Facultad de Educación;Grado: Magisterio en Educación Infantil;Grado;Aragón;Mujeres;No;Otra dedicación;14;27/08/2023
2022;Zaragoza;Facultad;Facultad de Educación;Grado: Magisterio en Educación Infantil;Grado;Aragón;Mujeres;No;Tiempo Completo;402;27/08/2023
2022;Zaragoza;Facultad;Facultad de Educación;Grado: Magisterio en Educación Infantil;Grado;Aragón;Mujeres;Sí;Tiempo Completo;21;27/08/2023
2022;Zaragoza;Facultad;Facultad de Educación;Grado: Magisterio en Educación Infantil;Grado;Aragón;Mujeres;No;Tiempo Parcial;8;27/08/2023
2022;Zaragoza;Facultad;Facultad de Educación;Grado: Magisterio en Educación Infantil;Grado;Castilla y Leon;Mujeres;No;Tiempo Completo;4;27/08/2023
2022;Zaragoza;Facultad;Facultad de Educación;Grado: Magisterio en Educación Infantil;Grado;Castilla y Leon;Mujeres;No;Tiempo Parcial;1;27/08/2023
2022;Zaragoza;Facultad;Facultad de Educación;Grado: Magisterio en Educación Infantil;Grado;Catalunya;Mujeres;No;Tiempo Completo;3;27/08/2023
2022;Zaragoza;Facultad;Facultad de Educación;Grado: Magisterio en Educación Infantil;Grado;Comunidad Valenciana;Mujeres;No;Tiempo Completo;1;27/08/2023
2022;Zaragoza;Facultad;Facultad de Educación;Grado: Magisterio en Educación Infantil;Grado;Galicia;Mujeres;No;Tiempo Completo;1;27/08/2023
2022;Zaragoza;Facultad;Facultad de Educación;Grado: Magisterio en Educación Infantil;Grado;La Rioja;Mujeres;No;Otra dedicación;1;27/08/2023
2022;Zaragoza;Facultad;Facultad de Educación;Grado: Magisterio en Educación Infantil;Grado;La Rioja;Mujeres;No;Tiempo Completo;6;27/08/2023
2022;Zaragoza;Facultad;Facultad de Educación;Grado: Magisterio en Educación Infantil;Grado;Madrid;Mujeres;No;Tiempo Completo;3;27/08/2023
2022;Zaragoza;Facultad;Facultad de Educación;Grado: Magisterio en Educación Infantil;Grado;Navarra;Mujeres;No;Tiempo Completo;3;27/08/2023
2022;Zaragoza;Facultad;Facultad de Educación;Grado: Magisterio en Educación Infantil;Grado;Navarra;Mujeres;No;Tiempo Parcial;1;27/08/2023
2022;Zaragoza;Facultad;Facultad de Educación;Grado: Magisterio en Educación Primaria;Grado;Aragón;Hombres;No;Otra dedicación;21;27/08/2023
2022;Zaragoza;Facultad;Facultad de Educación;Grado: Magisterio en Educación Primaria;Grado;Aragón;Hombres;No;Tiempo Completo;263;27/08/2023
2022;Zaragoza;Facultad;Facultad de Educación;Grado: Magisterio en Educación Primaria;Grado;Aragón;Hombres;Sí;Tiempo Completo;12;27/08/2023
2022;Zaragoza;Facultad;Facultad de Educación;Grado: Magisterio en Educación Primaria;Grado;Aragón;Hombres;No;Tiempo Parcial;9;27/08/2023
2022;Zaragoza;Facultad;Facultad de Educación;Grado: Magisterio en Educación Primaria;Grado;Aragón;Mujeres;No;Otra dedicación;27;27/08/2023
2022;Zaragoza;Facultad;Facultad de Educación;Grado: Magisterio en Educación Primaria;Grado;Aragón;Mujeres;No;Tiempo Completo;600;27/08/2023
2022;Zaragoza;Facultad;Facultad de Educación;Grado: Magisterio en Educación Primaria;Grado;Aragón;Mujeres;Sí;Tiempo Completo;50;27/08/2023
2022;Zaragoza;Facultad;Facultad de Educación;Grado: Magisterio en Educación Primaria;Grado;Aragón;Mujeres;No;Tiempo Parcial;10;27/08/2023
2022;Zaragoza;Facultad;Facultad de Educación;Grado: Magisterio en Educación Primaria;Grado;Canarias;Hombres;No;Tiempo Completo;1;27/08/2023
2022;Zaragoza;Facultad;Facultad de Educación;Grado: Magisterio en Educación Primaria;Grado;Canarias;Mujeres;No;Tiempo Completo;1;27/08/2023
2022;Zaragoza;Facultad;Facultad de Educación;Grado: Magisterio en Educación Primaria;Grado;Cantabria;Mujeres;No;Tiempo Completo;2;27/08/2023
2022;Zaragoza;Facultad;Facultad de Educación;Grado: Magisterio en Educación Primaria;Grado;Castilla y Leon;Hombres;No;Tiempo Completo;1;27/08/2023
2022;Zaragoza;Facultad;Facultad de Educación;Grado: Magisterio en Educación Primaria;Grado;Castilla y Leon;Mujeres;No;Tiempo Completo;6;27/08/2023
2022;Zaragoza;Facultad;Facultad de Educación;Grado: Magisterio en Educación Primaria;Grado;Catalunya;Mujeres;No;Tiempo Completo;2;27/08/2023
2022;Zaragoza;Facultad;Facultad de Educación;Grado: Magisterio en Educación Primaria;Grado;Comunidad Valenciana;Hombres;No;Tiempo Completo;1;27/08/2023
2022;Zaragoza;Facultad;Facultad de Educación;Grado: Magisterio en Educación Primaria;Grado;Comunidad Valenciana;Mujeres;No;Tiempo Completo;3;27/08/2023
2022;Zaragoza;Facultad;Facultad de Educación;Grado: Magisterio en Educación Primaria;Grado;La Rioja;Hombres;No;Tiempo Completo;2;27/08/2023
2022;Zaragoza;Facultad;Facultad de Educación;Grado: Magisterio en Educación Primaria;Grado;La Rioja;Mujeres;No;Tiempo Completo;4;27/08/2023
2022;Zaragoza;Facultad;Facultad de Educación;Grado: Magisterio en Educación Primaria;Grado;La Rioja;Mujeres;Sí;Tiempo Completo;1;27/08/2023
2022;Zaragoza;Facultad;Facultad de Educación;Grado: Magisterio en Educación Primaria;Grado;Navarra;Hombres;No;Tiempo Completo;4;27/08/2023
2022;Zaragoza;Facultad;Facultad de Educación;Grado: Magisterio en Educación Primaria;Grado;Navarra;Mujeres;No;Tiempo Completo;11;27/08/2023
2022;Zaragoza;Facultad;Facultad de Educación;Grado: Magisterio en Educación Primaria;Grado;Navarra;Mujeres;Sí;Tiempo Completo;2;27/08/2023
2022;Zaragoza;Facultad;Facultad de Educación;Grado: Magisterio en Educación Primaria;Grado;No Informado;Hombres;No;Otra dedicación;1;27/08/2023
2022;Zaragoza;Facultad;Facultad de Educación;Grado: Magisterio en Educación Primaria;Grado;No Informado;Mujeres;No;Tiempo Completo;1;27/08/2023
2022;Zaragoza;Facultad;Facultad de Educación;Grado: Magisterio en Educación Primaria;Grado;No Informado;Mujeres;Sí;Tiempo Completo;1;27/08/2023
2022;Zaragoza;Facultad;Facultad de Educación;Movilidad para 1º y 2º ciclo y grado;Movilidad de entrada;Andalucía;Hombres;No;Tiempo Completo;1;27/08/2023
2022;Zaragoza;Facultad;Facultad de Educación;Movilidad para 1º y 2º ciclo y grado;Movilidad de entrada;Canarias;Mujeres;No;Tiempo Completo;1;27/08/2023
2022;Zaragoza;Facultad;Facultad de Educación;Movilidad para 1º y 2º ciclo y grado;Movilidad de entrada;Castilla y Leon;Mujeres;No;Tiempo Completo;1;27/08/2023
2022;Zaragoza;Facultad;Facultad de Educación;Movilidad para 1º y 2º ciclo y grado;Movilidad de entrada;Catalunya;Mujeres;No;Tiempo Completo;1;27/08/2023
2022;Zaragoza;Facultad;Facultad de Educación;Movilidad para 1º y 2º ciclo y grado;Movilidad de entrada;Comunidad Valenciana;Mujeres;No;Tiempo Completo;1;27/08/2023
2022;Zaragoza;Facultad;Facultad de Educación;Movilidad para 1º y 2º ciclo y grado;Movilidad de entrada;Madrid;Hombres;No;Tiempo Completo;2;27/08/2023
2022;Zaragoza;Facultad;Facultad de Educación;Movilidad para 1º y 2º ciclo y grado;Movilidad de entrada;Navarra;Mujeres;No;Tiempo Completo;4;27/08/2023
2022;Zaragoza;Facultad;Facultad de Educación;Movilidad para 1º y 2º ciclo y grado;Movilidad de entrada;No Informado;Hombres;No;Tiempo Completo;2;27/08/2023
2022;Zaragoza;Facultad;Facultad de Educación;Movilidad para 1º y 2º ciclo y grado;Movilidad de entrada;No Informado;Mujeres;No;Tiempo Completo;27;27/08/2023
2022;Zaragoza;Facultad;Facultad de Educación;Movilidad para 1º y 2º ciclo y grado;Movilidad de entrada;Pais Vasco;Mujeres;No;Tiempo Completo;3;27/08/2023
2022;Zaragoza;Facultad;Facultad de Educación;Movilidad para máster;Movilidad de entrada;No Informado;Hombres;No;Tiempo Completo;1;27/08/2023
2022;Zaragoza;Facultad;Facultad de Educación;Máster: Aprendizaje a lo largo de la vida: Iniciación a la investigación;Máster;Aragón;Hombres;No;Tiempo Completo;17;27/08/2023
2022;Zaragoza;Facultad;Facultad de Educación;Máster: Aprendizaje a lo largo de la vida: Iniciación a la investigación;Máster;Aragón;Hombres;No;Tiempo Parcial;1;27/08/2023
2022;Zaragoza;Facultad;Facultad de Educación;Máster: Aprendizaje a lo largo de la vida: Iniciación a la investigación;Máster;Aragón;Mujeres;No;Tiempo Completo;17;27/08/2023
2022;Zaragoza;Facultad;Facultad de Educación;Máster: Aprendizaje a lo largo de la vida: Iniciación a la investigación;Máster;Aragón;Mujeres;Sí;Tiempo Completo;1;27/08/2023
2022;Zaragoza;Facultad;Facultad de Educación;Máster: Aprendizaje a lo largo de la vida: Iniciación a la investigación;Máster;Aragón;Mujeres;No;Tiempo Parcial;3;27/08/2023
2022;Zaragoza;Facultad;Facultad de Educación;Máster: Aprendizaje a lo largo de la vida: Iniciación a la investigación;Máster;Navarra;Hombres;No;Tiempo Parcial;1;27/08/2023
2022;Zaragoza;Facultad;Facultad de Educación;Máster: Profesorado E.S.O., F.P. y Ens. Idiom, Art y Deport;Máster;Andalucía;Hombres;No;Tiempo Completo;3;27/08/2023
2022;Zaragoza;Facultad;Facultad de Educación;Máster: Profesorado E.S.O., F.P. y Ens. Idiom, Art y Deport;Máster;Andalucía;Hombres;No;Tiempo Parcial;1;27/08/2023
2022;Zaragoza;Facultad;Facultad de Educación;Máster: Profesorado E.S.O., F.P. y Ens. Idiom, Art y Deport;Máster;Andalucía;Mujeres;No;Tiempo Completo;4;27/08/2023
2022;Zaragoza;Facultad;Facultad de Educación;Máster: Profesorado E.S.O., F.P. y Ens. Idiom, Art y Deport;Máster;Andalucía;Mujeres;No;Tiempo Parcial;1;27/08/2023
2022;Zaragoza;Facultad;Facultad de Educación;Máster: Profesorado E.S.O., F.P. y Ens. Idiom, Art y Deport;Máster;Aragón;Hombres;No;Otra dedicación;10;27/08/2023
2022;Zaragoza;Facultad;Facultad de Educación;Máster: Profesorado E.S.O., F.P. y Ens. Idiom, Art y Deport;Máster;Aragón;Hombres;No;Tiempo Completo;204;27/08/2023
2022;Zaragoza;Facultad;Facultad de Educación;Máster: Profesorado E.S.O., F.P. y Ens. Idiom, Art y Deport;Máster;Aragón;Hombres;No;Tiempo Parcial;17;27/08/2023
2022;Zaragoza;Facultad;Facultad de Educación;Máster: Profesorado E.S.O., F.P. y Ens. Idiom, Art y Deport;Máster;Aragón;Mujeres;No;Otra dedicación;12;27/08/2023
2022;Zaragoza;Facultad;Facultad de Educación;Máster: Profesorado E.S.O., F.P. y Ens. Idiom, Art y Deport;Máster;Aragón;Mujeres;No;Tiempo Completo;219;27/08/2023
2022;Zaragoza;Facultad;Facultad de Educación;Máster: Profesorado E.S.O., F.P. y Ens. Idiom, Art y Deport;Máster;Aragón;Mujeres;No;Tiempo Parcial;51;27/08/2023
2022;Zaragoza;Facultad;Facultad de Educación;Máster: Profesorado E.S.O., F.P. y Ens. Idiom, Art y Deport;Máster;Baleares;Hombres;No;Tiempo Completo;1;27/08/2023
2022;Zaragoza;Facultad;Facultad de Educación;Máster: Profesorado E.S.O., F.P. y Ens. Idiom, Art y Deport;Máster;Baleares;Mujeres;No;Tiempo Completo;2;27/08/2023
2022;Zaragoza;Facultad;Facultad de Educación;Máster: Profesorado E.S.O., F.P. y Ens. Idiom, Art y Deport;Máster;Canarias;Mujeres;No;Tiempo Completo;2;27/08/2023
2022;Zaragoza;Facultad;Facultad de Educación;Máster: Profesorado E.S.O., F.P. y Ens. Idiom, Art y Deport;Máster;Castilla y Leon;Hombres;No;Tiempo Completo;4;27/08/2023
2022;Zaragoza;Facultad;Facultad de Educación;Máster: Profesorado E.S.O., F.P. y Ens. Idiom, Art y Deport;Máster;Castilla y Leon;Hombres;No;Tiempo Parcial;1;27/08/2023
2022;Zaragoza;Facultad;Facultad de Educación;Máster: Profesorado E.S.O., F.P. y Ens. Idiom, Art y Deport;Máster;Castilla y Leon;Mujeres;No;Otra dedicación;1;27/08/2023
2022;Zaragoza;Facultad;Facultad de Educación;Máster: Profesorado E.S.O., F.P. y Ens. Idiom, Art y Deport;Máster;Castilla y Leon;Mujeres;No;Tiempo Completo;5;27/08/2023
2022;Zaragoza;Facultad;Facultad de Educación;Máster: Profesorado E.S.O., F.P. y Ens. Idiom, Art y Deport;Máster;Castilla y Leon;Mujeres;No;Tiempo Parcial;1;27/08/2023
2022;Zaragoza;Facultad;Facultad de Educación;Máster: Profesorado E.S.O., F.P. y Ens. Idiom, Art y Deport;Máster;Castilla-La Mancha;Hombres;No;Otra dedicación;1;27/08/2023
2022;Zaragoza;Facultad;Facultad de Educación;Máster: Profesorado E.S.O., F.P. y Ens. Idiom, Art y Deport;Máster;Castilla-La Mancha;Hombres;No;Tiempo Completo;1;27/08/2023
2022;Zaragoza;Facultad;Facultad de Educación;Máster: Profesorado E.S.O., F.P. y Ens. Idiom, Art y Deport;Máster;Castilla-La Mancha;Mujeres;No;Tiempo Completo;2;27/08/2023
2022;Zaragoza;Facultad;Facultad de Educación;Máster: Profesorado E.S.O., F.P. y Ens. Idiom, Art y Deport;Máster;Catalunya;Hombres;No;Tiempo Completo;4;27/08/2023
2022;Zaragoza;Facultad;Facultad de Educación;Máster: Profesorado E.S.O., F.P. y Ens. Idiom, Art y Deport;Máster;Catalunya;Mujeres;No;Tiempo Completo;2;27/08/2023
2022;Zaragoza;Facultad;Facultad de Educación;Máster: Profesorado E.S.O., F.P. y Ens. Idiom, Art y Deport;Máster;Ciudad autónoma de Ceuta;Mujeres;No;Tiempo Parcial;1;27/08/2023
2022;Zaragoza;Facultad;Facultad de Educación;Máster: Profesorado E.S.O., F.P. y Ens. Idiom, Art y Deport;Máster;Comunidad Valenciana;Hombres;No;Tiempo Completo;3;27/08/2023
2022;Zaragoza;Facultad;Facultad de Educación;Máster: Profesorado E.S.O., F.P. y Ens. Idiom, Art y Deport;Máster;Comunidad Valenciana;Mujeres;No;Tiempo Completo;2;27/08/2023
2022;Zaragoza;Facultad;Facultad de Educación;Máster: Profesorado E.S.O., F.P. y Ens. Idiom, Art y Deport;Máster;Galicia;Hombres;No;Tiempo Completo;2;27/08/2023
2022;Zaragoza;Facultad;Facultad de Educación;Máster: Profesorado E.S.O., F.P. y Ens. Idiom, Art y Deport;Máster;Galicia;Mujeres;No;Tiempo Completo;4;27/08/2023
2022;Zaragoza;Facultad;Facultad de Educación;Máster: Profesorado E.S.O., F.P. y Ens. Idiom, Art y Deport;Máster;La Rioja;Hombres;No;Tiempo Completo;5;27/08/2023
2022;Zaragoza;Facultad;Facultad de Educación;Máster: Profesorado E.S.O., F.P. y Ens. Idiom, Art y Deport;Máster;La Rioja;Mujeres;No;Tiempo Completo;6;27/08/2023
2022;Zaragoza;Facultad;Facultad de Educación;Máster: Profesorado E.S.O., F.P. y Ens. Idiom, Art y Deport;Máster;Madrid;Hombres;No;Tiempo Completo;1;27/08/2023
2022;Zaragoza;Facultad;Facultad de Educación;Máster: Profesorado E.S.O., F.P. y Ens. Idiom, Art y Deport;Máster;Madrid;Mujeres;No;Tiempo Completo;1;27/08/2023
2022;Zaragoza;Facultad;Facultad de Educación;Máster: Profesorado E.S.O., F.P. y Ens. Idiom, Art y Deport;Máster;Navarra;Hombres;No;Otra dedicación;2;27/08/2023
2022;Zaragoza;Facultad;Facultad de Educación;Máster: Profesorado E.S.O., F.P. y Ens. Idiom, Art y Deport;Máster;Navarra;Hombres;No;Tiempo Completo;6;27/08/2023
2022;Zaragoza;Facultad;Facultad de Educación;Máster: Profesorado E.S.O., F.P. y Ens. Idiom, Art y Deport;Máster;Navarra;Mujeres;No;Tiempo Completo;8;27/08/2023
2022;Zaragoza;Facultad;Facultad de Educación;Máster: Profesorado E.S.O., F.P. y Ens. Idiom, Art y Deport;Máster;No Informado;Hombres;No;Tiempo Parcial;1;27/08/2023
2022;Zaragoza;Facultad;Facultad de Educación;Máster: Profesorado E.S.O., F.P. y Ens. Idiom, Art y Deport;Máster;Pais Vasco;Hombres;No;Tiempo Completo;1;27/08/2023
2022;Zaragoza;Facultad;Facultad de Educación;Máster: Profesorado E.S.O., F.P. y Ens. Idiom, Art y Deport;Máster;Pais Vasco;Mujeres;No;Tiempo Completo;3;27/08/2023
2022;Zaragoza;Facultad;Facultad de Filosofía y Letras;Grado: Estudios Clásicos;Grado;Andalucía;Mujeres;No;Otra dedicación;1;27/08/2023
2022;Zaragoza;Facultad;Facultad de Filosofía y Letras;Grado: Estudios Clásicos;Grado;Aragón;Hombres;No;Tiempo Completo;19;27/08/2023
2022;Zaragoza;Facultad;Facultad de Filosofía y Letras;Grado: Estudios Clásicos;Grado;Aragón;Hombres;Sí;Tiempo Completo;1;27/08/2023
2022;Zaragoza;Facultad;Facultad de Filosofía y Letras;Grado: Estudios Clásicos;Grado;Aragón;Hombres;No;Tiempo Parcial;2;27/08/2023
2022;Zaragoza;Facultad;Facultad de Filosofía y Letras;Grado: Estudios Clásicos;Grado;Aragón;Mujeres;No;Otra dedicación;2;27/08/2023
2022;Zaragoza;Facultad;Facultad de Filosofía y Letras;Grado: Estudios Clásicos;Grado;Aragón;Mujeres;No;Tiempo Completo;35;27/08/2023
2022;Zaragoza;Facultad;Facultad de Filosofía y Letras;Grado: Estudios Clásicos;Grado;Aragón;Mujeres;Sí;Tiempo Completo;1;27/08/2023
2022;Zaragoza;Facultad;Facultad de Filosofía y Letras;Grado: Estudios Clásicos;Grado;Aragón;Mujeres;No;Tiempo Parcial;5;27/08/2023
2022;Zaragoza;Facultad;Facultad de Filosofía y Letras;Grado: Estudios Clásicos;Grado;Castilla y Leon;Mujeres;No;Tiempo Completo;1;27/08/2023
2022;Zaragoza;Facultad;Facultad de Filosofía y Letras;Grado: Estudios Clásicos;Grado;Navarra;Hombres;No;Tiempo Completo;1;27/08/2023
2022;Zaragoza;Facultad;Facultad de Filosofía y Letras;Grado: Estudios Clásicos;Grado;Navarra;Mujeres;No;Tiempo Completo;3;27/08/2023
2022;Zaragoza;Facultad;Facultad de Filosofía y Letras;Grado: Estudios Clásicos;Grado;No Informado;Mujeres;No;Tiempo Parcial;1;27/08/2023
2022;Zaragoza;Facultad;Facultad de Filosofía y Letras;Grado: Estudios Ingleses;Grado;Aragón;Hombres;No;Otra dedicación;5;27/08/2023
2022;Zaragoza;Facultad;Facultad de Filosofía y Letras;Grado: Estudios Ingleses;Grado;Aragón;Hombres;No;Tiempo Completo;66;27/08/2023
2022;Zaragoza;Facultad;Facultad de Filosofía y Letras;Grado: Estudios Ingleses;Grado;Aragón;Hombres;Sí;Tiempo Completo;5;27/08/2023
2022;Zaragoza;Facultad;Facultad de Filosofía y Letras;Grado: Estudios Ingleses;Grado;Aragón;Hombres;No;Tiempo Parcial;4;27/08/2023
2022;Zaragoza;Facultad;Facultad de Filosofía y Letras;Grado: Estudios Ingleses;Grado;Aragón;Mujeres;No;Otra dedicación;20;27/08/2023
2022;Zaragoza;Facultad;Facultad de Filosofía y Letras;Grado: Estudios Ingleses;Grado;Aragón;Mujeres;No;Tiempo Completo;208;27/08/2023
2022;Zaragoza;Facultad;Facultad de Filosofía y Letras;Grado: Estudios Ingleses;Grado;Aragón;Mujeres;Sí;Tiempo Completo;36;27/08/2023
2022;Zaragoza;Facultad;Facultad de Filosofía y Letras;Grado: Estudios Ingleses;Grado;Aragón;Mujeres;No;Tiempo Parcial;14;27/08/2023
2022;Zaragoza;Facultad;Facultad de Filosofía y Letras;Grado: Estudios Ingleses;Grado;Cantabria;Hombres;No;Tiempo Completo;1;27/08/2023
2022;Zaragoza;Facultad;Facultad de Filosofía y Letras;Grado: Estudios Ingleses;Grado;Cantabria;Mujeres;No;Tiempo Completo;2;27/08/2023
2022;Zaragoza;Facultad;Facultad de Filosofía y Letras;Grado: Estudios Ingleses;Grado;Castilla y Leon;Hombres;No;Tiempo Completo;2;27/08/2023
2022;Zaragoza;Facultad;Facultad de Filosofía y Letras;Grado: Estudios Ingleses;Grado;Castilla y Leon;Mujeres;No;Tiempo Completo;2;27/08/2023
2022;Zaragoza;Facultad;Facultad de Filosofía y Letras;Grado: Estudios Ingleses;Grado;Castilla-La Mancha;Hombres;No;Tiempo Completo;1;27/08/2023
2022;Zaragoza;Facultad;Facultad de Filosofía y Letras;Grado: Estudios Ingleses;Grado;Catalunya;Mujeres;No;Tiempo Completo;1;27/08/2023
2022;Zaragoza;Facultad;Facultad de Filosofía y Letras;Grado: Estudios Ingleses;Grado;Catalunya;Mujeres;Sí;Tiempo Completo;1;27/08/2023
2022;Zaragoza;Facultad;Facultad de Filosofía y Letras;Grado: Estudios Ingleses;Grado;Ciudad autónoma de Melilla;Mujeres;No;Tiempo Completo;1;27/08/2023
2022;Zaragoza;Facultad;Facultad de Filosofía y Letras;Grado: Estudios Ingleses;Grado;Comunidad Valenciana;Mujeres;No;Tiempo Completo;3;27/08/2023
2022;Zaragoza;Facultad;Facultad de Filosofía y Letras;Grado: Estudios Ingleses;Grado;La Rioja;Hombres;No;Otra dedicación;1;27/08/2023
2022;Zaragoza;Facultad;Facultad de Filosofía y Letras;Grado: Estudios Ingleses;Grado;La Rioja;Hombres;No;Tiempo Completo;1;27/08/2023
2022;Zaragoza;Facultad;Facultad de Filosofía y Letras;Grado: Estudios Ingleses;Grado;La Rioja;Mujeres;No;Otra dedicación;2;27/08/2023
2022;Zaragoza;Facultad;Facultad de Filosofía y Letras;Grado: Estudios Ingleses;Grado;La Rioja;Mujeres;No;Tiempo Completo;5;27/08/2023
2022;Zaragoza;Facultad;Facultad de Filosofía y Letras;Grado: Estudios Ingleses;Grado;Navarra;Hombres;No;Otra dedicación;1;27/08/2023
2022;Zaragoza;Facultad;Facultad de Filosofía y Letras;Grado: Estudios Ingleses;Grado;Navarra;Hombres;No;Tiempo Completo;4;27/08/2023
2022;Zaragoza;Facultad;Facultad de Filosofía y Letras;Grado: Estudios Ingleses;Grado;Navarra;Hombres;No;Tiempo Parcial;1;27/08/2023
2022;Zaragoza;Facultad;Facultad de Filosofía y Letras;Grado: Estudios Ingleses;Grado;Navarra;Mujeres;No;Otra dedicación;2;27/08/2023
2022;Zaragoza;Facultad;Facultad de Filosofía y Letras;Grado: Estudios Ingleses;Grado;Navarra;Mujeres;No;Tiempo Completo;13;27/08/2023
2022;Zaragoza;Facultad;Facultad de Filosofía y Letras;Grado: Estudios Ingleses;Grado;Navarra;Mujeres;Sí;Tiempo Completo;2;27/08/2023
2022;Zaragoza;Facultad;Facultad de Filosofía y Letras;Grado: Estudios Ingleses;Grado;Navarra;Mujeres;No;Tiempo Parcial;1;27/08/2023
2022;Zaragoza;Facultad;Facultad de Filosofía y Letras;Grado: Estudios Ingleses;Grado;No Informado;Mujeres;No;Tiempo Completo;2;27/08/2023
2022;Zaragoza;Facultad;Facultad de Filosofía y Letras;Grado: Estudios Ingleses;Grado;No Informado;Mujeres;Sí;Tiempo Completo;1;27/08/2023
2022;Zaragoza;Facultad;Facultad de Filosofía y Letras;Grado: Estudios Ingleses;Grado;Pais Vasco;Mujeres;No;Tiempo Completo;4;27/08/2023
2022;Zaragoza;Facultad;Facultad de Filosofía y Letras;Grado: Filología Hispánica;Grado;Aragón;Hombres;No;Otra dedicación;8;27/08/2023
2022;Zaragoza;Facultad;Facultad de Filosofía y Letras;Grado: Filología Hispánica;Grado;Aragón;Hombres;No;Tiempo Completo;39;27/08/2023
2022;Zaragoza;Facultad;Facultad de Filosofía y Letras;Grado: Filología Hispánica;Grado;Aragón;Hombres;Sí;Tiempo Completo;2;27/08/2023
2022;Zaragoza;Facultad;Facultad de Filosofía y Letras;Grado: Filología Hispánica;Grado;Aragón;Hombres;No;Tiempo Parcial;8;27/08/2023
2022;Zaragoza;Facultad;Facultad de Filosofía y Letras;Grado: Filología Hispánica;Grado;Aragón;Mujeres;No;Otra dedicación;10;27/08/2023
2022;Zaragoza;Facultad;Facultad de Filosofía y Letras;Grado: Filología Hispánica;Grado;Aragón;Mujeres;No;Tiempo Completo;150;27/08/2023
2022;Zaragoza;Facultad;Facultad de Filosofía y Letras;Grado: Filología Hispánica;Grado;Aragón;Mujeres;Sí;Tiempo Completo;7;27/08/2023
2022;Zaragoza;Facultad;Facultad de Filosofía y Letras;Grado: Filología Hispánica;Grado;Aragón;Mujeres;No;Tiempo Parcial;10;27/08/2023
2022;Zaragoza;Facultad;Facultad de Filosofía y Letras;Grado: Filología Hispánica;Grado;Castilla y Leon;Hombres;Sí;Tiempo Completo;1;27/08/2023
2022;Zaragoza;Facultad;Facultad de Filosofía y Letras;Grado: Filología Hispánica;Grado;Castilla y Leon;Mujeres;No;Tiempo Completo;6;27/08/2023
2022;Zaragoza;Facultad;Facultad de Filosofía y Letras;Grado: Filología Hispánica;Grado;Castilla-La Mancha;Mujeres;No;Tiempo Completo;1;27/08/2023
2022;Zaragoza;Facultad;Facultad de Filosofía y Letras;Grado: Filología Hispánica;Grado;Catalunya;Mujeres;No;Tiempo Completo;4;27/08/2023
2022;Zaragoza;Facultad;Facultad de Filosofía y Letras;Grado: Filología Hispánica;Grado;Comunidad Valenciana;Mujeres;No;Tiempo Completo;2;27/08/2023
2022;Zaragoza;Facultad;Facultad de Filosofía y Letras;Grado: Filología Hispánica;Grado;La Rioja;Mujeres;No;Otra dedicación;1;27/08/2023
2022;Zaragoza;Facultad;Facultad de Filosofía y Letras;Grado: Filología Hispánica;Grado;La Rioja;Mujeres;No;Tiempo Completo;2;27/08/2023
2022;Zaragoza;Facultad;Facultad de Filosofía y Letras;Grado: Filología Hispánica;Grado;Navarra;Hombres;No;Tiempo Completo;3;27/08/2023
2022;Zaragoza;Facultad;Facultad de Filosofía y Letras;Grado: Filología Hispánica;Grado;Navarra;Mujeres;No;Otra dedicación;1;27/08/2023
2022;Zaragoza;Facultad;Facultad de Filosofía y Letras;Grado: Filología Hispánica;Grado;Navarra;Mujeres;No;Tiempo Completo;14;27/08/2023
2022;Zaragoza;Facultad;Facultad de Filosofía y Letras;Grado: Filología Hispánica;Grado;Navarra;Mujeres;Sí;Tiempo Completo;1;27/08/2023
2022;Zaragoza;Facultad;Facultad de Filosofía y Letras;Grado: Filología Hispánica;Grado;Pais Vasco;Hombres;No;Tiempo Completo;2;27/08/2023
2022;Zaragoza;Facultad;Facultad de Filosofía y Letras;Grado: Filología Hispánica;Grado;Pais Vasco;Mujeres;No;Tiempo Completo;3;27/08/2023
2022;Zaragoza;Facultad;Facultad de Filosofía y Letras;Grado: Filosofía;Grado;Aragón;Hombres;No;Otra dedicación;8;27/08/2023
2022;Zaragoza;Facultad;Facultad de Filosofía y Letras;Grado: Filosofía;Grado;Aragón;Hombres;No;Tiempo Completo;71;27/08/2023
2022;Zaragoza;Facultad;Facultad de Filosofía y Letras;Grado: Filosofía;Grado;Aragón;Hombres;Sí;Tiempo Completo;5;27/08/2023
2022;Zaragoza;Facultad;Facultad de Filosofía y Letras;Grado: Filosofía;Grado;Aragón;Hombres;No;Tiempo Parcial;13;27/08/2023
2022;Zaragoza;Facultad;Facultad de Filosofía y Letras;Grado: Filosofía;Grado;Aragón;Mujeres;No;Otra dedicación;4;27/08/2023
2022;Zaragoza;Facultad;Facultad de Filosofía y Letras;Grado: Filosofía;Grado;Aragón;Mujeres;No;Tiempo Completo;86;27/08/2023
2022;Zaragoza;Facultad;Facultad de Filosofía y Letras;Grado: Filosofía;Grado;Aragón;Mujeres;Sí;Tiempo Completo;5;27/08/2023
2022;Zaragoza;Facultad;Facultad de Filosofía y Letras;Grado: Filosofía;Grado;Aragón;Mujeres;No;Tiempo Parcial;7;27/08/2023
2022;Zaragoza;Facultad;Facultad de Filosofía y Letras;Grado: Filosofía;Grado;Castilla y Leon;Hombres;No;Tiempo Completo;3;27/08/2023
2022;Zaragoza;Facultad;Facultad de Filosofía y Letras;Grado: Filosofía;Grado;Castilla y Leon;Mujeres;No;Tiempo Completo;1;27/08/2023
2022;Zaragoza;Facultad;Facultad de Filosofía y Letras;Grado: Filosofía;Grado;Comunidad Valenciana;Hombres;No;Tiempo Completo;1;27/08/2023
2022;Zaragoza;Facultad;Facultad de Filosofía y Letras;Grado: Filosofía;Grado;La Rioja;Hombres;No;Tiempo Completo;4;27/08/2023
2022;Zaragoza;Facultad;Facultad de Filosofía y Letras;Grado: Filosofía;Grado;La Rioja;Hombres;Sí;Tiempo Completo;1;27/08/2023
2022;Zaragoza;Facultad;Facultad de Filosofía y Letras;Grado: Filosofía;Grado;La Rioja;Mujeres;No;Tiempo Completo;2;27/08/2023
2022;Zaragoza;Facultad;Facultad de Filosofía y Letras;Grado: Filosofía;Grado;Navarra;Hombres;No;Tiempo Completo;7;27/08/2023
2022;Zaragoza;Facultad;Facultad de Filosofía y Letras;Grado: Filosofía;Grado;Navarra;Mujeres;No;Tiempo Completo;4;27/08/2023
2022;Zaragoza;Facultad;Facultad de Filosofía y Letras;Grado: Filosofía;Grado;Pais Vasco;Hombres;No;Tiempo Completo;1;27/08/2023
2022;Zaragoza;Facultad;Facultad de Filosofía y Letras;Grado: Filosofía;Grado;Pais Vasco;Mujeres;Sí;Tiempo Completo;1;27/08/2023
2022;Zaragoza;Facultad;Facultad de Filosofía y Letras;Grado: Geografía y Ordenación del Territorio;Grado;Aragón;Hombres;No;Otra dedicación;8;27/08/2023
2022;Zaragoza;Facultad;Facultad de Filosofía y Letras;Grado: Geografía y Ordenación del Territorio;Grado;Aragón;Hombres;No;Tiempo Completo;57;27/08/2023
2022;Zaragoza;Facultad;Facultad de Filosofía y Letras;Grado: Geografía y Ordenación del Territorio;Grado;Aragón;Hombres;Sí;Tiempo Completo;4;27/08/2023
2022;Zaragoza;Facultad;Facultad de Filosofía y Letras;Grado: Geografía y Ordenación del Territorio;Grado;Aragón;Hombres;No;Tiempo Parcial;6;27/08/2023
2022;Zaragoza;Facultad;Facultad de Filosofía y Letras;Grado: Geografía y Ordenación del Territorio;Grado;Aragón;Mujeres;No;Otra dedicación;1;27/08/2023
2022;Zaragoza;Facultad;Facultad de Filosofía y Letras;Grado: Geografía y Ordenación del Territorio;Grado;Aragón;Mujeres;No;Tiempo Completo;19;27/08/2023
2022;Zaragoza;Facultad;Facultad de Filosofía y Letras;Grado: Geografía y Ordenación del Territorio;Grado;Aragón;Mujeres;No;Tiempo Parcial;1;27/08/2023
2022;Zaragoza;Facultad;Facultad de Filosofía y Letras;Grado: Geografía y Ordenación del Territorio;Grado;Baleares;Hombres;No;Tiempo Completo;1;27/08/2023
2022;Zaragoza;Facultad;Facultad de Filosofía y Letras;Grado: Geografía y Ordenación del Territorio;Grado;Castilla y Leon;Mujeres;No;Tiempo Completo;1;27/08/2023
2022;Zaragoza;Facultad;Facultad de Filosofía y Letras;Grado: Geografía y Ordenación del Territorio;Grado;La Rioja;Hombres;No;Tiempo Completo;1;27/08/2023
2022;Zaragoza;Facultad;Facultad de Filosofía y Letras;Grado: Geografía y Ordenación del Territorio;Grado;La Rioja;Mujeres;Sí;Tiempo Completo;1;27/08/2023
2022;Zaragoza;Facultad;Facultad de Filosofía y Letras;Grado: Geografía y Ordenación del Territorio;Grado;Navarra;Hombres;No;Tiempo Completo;1;27/08/2023
2022;Zaragoza;Facultad;Facultad de Filosofía y Letras;Grado: Historia;Grado;Andalucía;Hombres;No;Tiempo Completo;1;27/08/2023
2022;Zaragoza;Facultad;Facultad de Filosofía y Letras;Grado: Historia;Grado;Aragón;Hombres;No;Otra dedicación;20;27/08/2023
2022;Zaragoza;Facultad;Facultad de Filosofía y Letras;Grado: Historia;Grado;Aragón;Hombres;No;Tiempo Completo;200;27/08/2023
2022;Zaragoza;Facultad;Facultad de Filosofía y Letras;Grado: Historia;Grado;Aragón;Hombres;Sí;Tiempo Completo;17;27/08/2023
2022;Zaragoza;Facultad;Facultad de Filosofía y Letras;Grado: Historia;Grado;Aragón;Hombres;No;Tiempo Parcial;18;27/08/2023
2022;Zaragoza;Facultad;Facultad de Filosofía y Letras;Grado: Historia;Grado;Aragón;Mujeres;No;Otra dedicación;2;27/08/2023
2022;Zaragoza;Facultad;Facultad de Filosofía y Letras;Grado: Historia;Grado;Aragón;Mujeres;No;Tiempo Completo;105;27/08/2023
2022;Zaragoza;Facultad;Facultad de Filosofía y Letras;Grado: Historia;Grado;Aragón;Mujeres;Sí;Tiempo Completo;13;27/08/2023
2022;Zaragoza;Facultad;Facultad de Filosofía y Letras;Grado: Historia;Grado;Aragón;Mujeres;No;Tiempo Parcial;16;27/08/2023
2022;Zaragoza;Facultad;Facultad de Filosofía y Letras;Grado: Historia;Grado;Castilla y Leon;Hombres;No;Otra dedicación;1;27/08/2023
2022;Zaragoza;Facultad;Facultad de Filosofía y Letras;Grado: Historia;Grado;Castilla y Leon;Hombres;No;Tiempo Completo;4;27/08/2023
2022;Zaragoza;Facultad;Facultad de Filosofía y Letras;Grado: Historia;Grado;Castilla y Leon;Hombres;No;Tiempo Parcial;1;27/08/2023
2022;Zaragoza;Facultad;Facultad de Filosofía y Letras;Grado: Historia;Grado;Castilla y Leon;Mujeres;No;Tiempo Completo;2;27/08/2023
2022;Zaragoza;Facultad;Facultad de Filosofía y Letras;Grado: Historia;Grado;Catalunya;Hombres;No;Tiempo Completo;4;27/08/2023
2022;Zaragoza;Facultad;Facultad de Filosofía y Letras;Grado: Historia;Grado;Comunidad Valenciana;Hombres;No;Tiempo Completo;2;27/08/2023
2022;Zaragoza;Facultad;Facultad de Filosofía y Letras;Grado: Historia;Grado;La Rioja;Hombres;No;Otra dedicación;1;27/08/2023
2022;Zaragoza;Facultad;Facultad de Filosofía y Letras;Grado: Historia;Grado;La Rioja;Hombres;No;Tiempo Completo;7;27/08/2023
2022;Zaragoza;Facultad;Facultad de Filosofía y Letras;Grado: Historia;Grado;La Rioja;Mujeres;No;Tiempo Completo;6;27/08/2023
2022;Zaragoza;Facultad;Facultad de Filosofía y Letras;Grado: Historia;Grado;Navarra;Hombres;No;Otra dedicación;1;27/08/2023
2022;Zaragoza;Facultad;Facultad de Filosofía y Letras;Grado: Historia;Grado;Navarra;Hombres;No;Tiempo Completo;8;27/08/2023
2022;Zaragoza;Facultad;Facultad de Filosofía y Letras;Grado: Historia;Grado;Navarra;Hombres;Sí;Tiempo Completo;1;27/08/2023
2022;Zaragoza;Facultad;Facultad de Filosofía y Letras;Grado: Historia;Grado;Navarra;Mujeres;No;Tiempo Completo;11;27/08/2023
2022;Zaragoza;Facultad;Facultad de Filosofía y Letras;Grado: Historia;Grado;No Informado;Mujeres;No;Tiempo Completo;1;27/08/2023
2022;Zaragoza;Facultad;Facultad de Filosofía y Letras;Grado: Historia;Grado;Pais Vasco;Hombres;No;Tiempo Completo;3;27/08/2023
2022;Zaragoza;Facultad;Facultad de Filosofía y Letras;Grado: Historia;Grado;Pais Vasco;Mujeres;No;Tiempo Completo;2;27/08/2023
2022;Zaragoza;Facultad;Facultad de Filosofía y Letras;Grado: Historia del Arte;Grado;Aragón;Hombres;No;Otra dedicación;10;27/08/2023
2022;Zaragoza;Facultad;Facultad de Filosofía y Letras;Grado: Historia del Arte;Grado;Aragón;Hombres;No;Tiempo Completo;45;27/08/2023
2022;Zaragoza;Facultad;Facultad de Filosofía y Letras;Grado: Historia del Arte;Grado;Aragón;Hombres;Sí;Tiempo Completo;1;27/08/2023
2022;Zaragoza;Facultad;Facultad de Filosofía y Letras;Grado: Historia del Arte;Grado;Aragón;Hombres;No;Tiempo Parcial;8;27/08/2023
2022;Zaragoza;Facultad;Facultad de Filosofía y Letras;Grado: Historia del Arte;Grado;Aragón;Mujeres;No;Otra dedicación;24;27/08/2023
2022;Zaragoza;Facultad;Facultad de Filosofía y Letras;Grado: Historia del Arte;Grado;Aragón;Mujeres;No;Tiempo Completo;136;27/08/2023
2022;Zaragoza;Facultad;Facultad de Filosofía y Letras;Grado: Historia del Arte;Grado;Aragón;Mujeres;Sí;Tiempo Completo;10;27/08/2023
2022;Zaragoza;Facultad;Facultad de Filosofía y Letras;Grado: Historia del Arte;Grado;Aragón;Mujeres;No;Tiempo Parcial;22;27/08/2023
2022;Zaragoza;Facultad;Facultad de Filosofía y Letras;Grado: Historia del Arte;Grado;Cantabria;Mujeres;No;Tiempo Completo;1;27/08/2023
2022;Zaragoza;Facultad;Facultad de Filosofía y Letras;Grado: Historia del Arte;Grado;Castilla y Leon;Hombres;No;Tiempo Completo;1;27/08/2023
2022;Zaragoza;Facultad;Facultad de Filosofía y Letras;Grado: Historia del Arte;Grado;Catalunya;Hombres;No;Tiempo Completo;1;27/08/2023
2022;Zaragoza;Facultad;Facultad de Filosofía y Letras;Grado: Historia del Arte;Grado;Comunidad Valenciana;Mujeres;No;Tiempo Completo;3;27/08/2023
2022;Zaragoza;Facultad;Facultad de Filosofía y Letras;Grado: Historia del Arte;Grado;Comunidad Valenciana;Mujeres;No;Tiempo Parcial;1;27/08/2023
2022;Zaragoza;Facultad;Facultad de Filosofía y Letras;Grado: Historia del Arte;Grado;Extremadura;Mujeres;No;Tiempo Parcial;1;27/08/2023
2022;Zaragoza;Facultad;Facultad de Filosofía y Letras;Grado: Historia del Arte;Grado;La Rioja;Hombres;No;Tiempo Completo;1;27/08/2023
2022;Zaragoza;Facultad;Facultad de Filosofía y Letras;Grado: Historia del Arte;Grado;La Rioja;Mujeres;No;Otra dedicación;1;27/08/2023
2022;Zaragoza;Facultad;Facultad de Filosofía y Letras;Grado: Historia del Arte;Grado;La Rioja;Mujeres;No;Tiempo Completo;5;27/08/2023
2022;Zaragoza;Facultad;Facultad de Filosofía y Letras;Grado: Historia del Arte;Grado;Madrid;Mujeres;No;Tiempo Completo;1;27/08/2023
2022;Zaragoza;Facultad;Facultad de Filosofía y Letras;Grado: Historia del Arte;Grado;Navarra;Hombres;No;Tiempo Completo;2;27/08/2023
2022;Zaragoza;Facultad;Facultad de Filosofía y Letras;Grado: Historia del Arte;Grado;Navarra;Mujeres;No;Tiempo Completo;3;27/08/2023
2022;Zaragoza;Facultad;Facultad de Filosofía y Letras;Grado: Historia del Arte;Grado;Navarra;Mujeres;Sí;Tiempo Completo;2;27/08/2023
2022;Zaragoza;Facultad;Facultad de Filosofía y Letras;Grado: Historia del Arte;Grado;No Informado;Mujeres;No;Tiempo Completo;1;27/08/2023
2022;Zaragoza;Facultad;Facultad de Filosofía y Letras;Grado: Historia del Arte;Grado;Pais Vasco;Hombres;No;Tiempo Completo;1;27/08/2023
2022;Zaragoza;Facultad;Facultad de Filosofía y Letras;Grado: Información y Documentación;Grado;Aragón;Hombres;No;Tiempo Completo;15;27/08/2023
2022;Zaragoza;Facultad;Facultad de Filosofía y Letras;Grado: Información y Documentación;Grado;Aragón;Hombres;Sí;Tiempo Completo;1;27/08/2023
2022;Zaragoza;Facultad;Facultad de Filosofía y Letras;Grado: Información y Documentación;Grado;Aragón;Mujeres;No;Otra dedicación;1;27/08/2023
2022;Zaragoza;Facultad;Facultad de Filosofía y Letras;Grado: Información y Documentación;Grado;Aragón;Mujeres;No;Tiempo Completo;25;27/08/2023
2022;Zaragoza;Facultad;Facultad de Filosofía y Letras;Grado: Información y Documentación;Grado;Aragón;Mujeres;No;Tiempo Parcial;5;27/08/2023
2022;Zaragoza;Facultad;Facultad de Filosofía y Letras;Grado: Información y Documentación;Grado;Castilla y Leon;Mujeres;No;Tiempo Completo;1;27/08/2023
2022;Zaragoza;Facultad;Facultad de Filosofía y Letras;Grado: Información y Documentación;Grado;Castilla-La Mancha;Hombres;No;Tiempo Completo;1;27/08/2023
2022;Zaragoza;Facultad;Facultad de Filosofía y Letras;Grado: Información y Documentación;Grado;La Rioja;Mujeres;No;Tiempo Completo;1;27/08/2023
2022;Zaragoza;Facultad;Facultad de Filosofía y Letras;Grado: Información y Documentación;Grado;No Informado;Mujeres;No;Tiempo Completo;1;27/08/2023
2022;Zaragoza;Facultad;Facultad de Filosofía y Letras;Grado: Lenguas Modernas;Grado;Andalucía;Hombres;No;Tiempo Parcial;1;27/08/2023
2022;Zaragoza;Facultad;Facultad de Filosofía y Letras;Grado: Lenguas Modernas;Grado;Andalucía;Mujeres;Sí;Tiempo Completo;1;27/08/2023
2022;Zaragoza;Facultad;Facultad de Filosofía y Letras;Grado: Lenguas Modernas;Grado;Aragón;Hombres;No;Otra dedicación;5;27/08/2023
2022;Zaragoza;Facultad;Facultad de Filosofía y Letras;Grado: Lenguas Modernas;Grado;Aragón;Hombres;No;Tiempo Completo;22;27/08/2023
2022;Zaragoza;Facultad;Facultad de Filosofía y Letras;Grado: Lenguas Modernas;Grado;Aragón;Hombres;Sí;Tiempo Completo;7;27/08/2023
2022;Zaragoza;Facultad;Facultad de Filosofía y Letras;Grado: Lenguas Modernas;Grado;Aragón;Mujeres;No;Otra dedicación;7;27/08/2023
2022;Zaragoza;Facultad;Facultad de Filosofía y Letras;Grado: Lenguas Modernas;Grado;Aragón;Mujeres;No;Tiempo Completo;102;27/08/2023
2022;Zaragoza;Facultad;Facultad de Filosofía y Letras;Grado: Lenguas Modernas;Grado;Aragón;Mujeres;Sí;Tiempo Completo;16;27/08/2023
2022;Zaragoza;Facultad;Facultad de Filosofía y Letras;Grado: Lenguas Modernas;Grado;Aragón;Mujeres;No;Tiempo Parcial;12;27/08/2023
2022;Zaragoza;Facultad;Facultad de Filosofía y Letras;Grado: Lenguas Modernas;Grado;Baleares;Mujeres;No;Tiempo Parcial;1;27/08/2023
2022;Zaragoza;Facultad;Facultad de Filosofía y Letras;Grado: Lenguas Modernas;Grado;Canarias;Hombres;No;Tiempo Completo;1;27/08/2023
2022;Zaragoza;Facultad;Facultad de Filosofía y Letras;Grado: Lenguas Modernas;Grado;Canarias;Mujeres;No;Tiempo Completo;1;27/08/2023
2022;Zaragoza;Facultad;Facultad de Filosofía y Letras;Grado: Lenguas Modernas;Grado;Castilla y Leon;Mujeres;No;Tiempo Completo;1;27/08/2023
2022;Zaragoza;Facultad;Facultad de Filosofía y Letras;Grado: Lenguas Modernas;Grado;Castilla-La Mancha;Hombres;No;Tiempo Completo;1;27/08/2023
2022;Zaragoza;Facultad;Facultad de Filosofía y Letras;Grado: Lenguas Modernas;Grado;Castilla-La Mancha;Mujeres;Sí;Tiempo Completo;1;27/08/2023
2022;Zaragoza;Facultad;Facultad de Filosofía y Letras;Grado: Lenguas Modernas;Grado;Comunidad Valenciana;Mujeres;No;Tiempo Completo;2;27/08/2023
2022;Zaragoza;Facultad;Facultad de Filosofía y Letras;Grado: Lenguas Modernas;Grado;La Rioja;Hombres;No;Tiempo Completo;1;27/08/2023
2022;Zaragoza;Facultad;Facultad de Filosofía y Letras;Grado: Lenguas Modernas;Grado;La Rioja;Hombres;Sí;Tiempo Completo;1;27/08/2023
2022;Zaragoza;Facultad;Facultad de Filosofía y Letras;Grado: Lenguas Modernas;Grado;La Rioja;Mujeres;No;Tiempo Completo;2;27/08/2023
2022;Zaragoza;Facultad;Facultad de Filosofía y Letras;Grado: Lenguas Modernas;Grado;La Rioja;Mujeres;Sí;Tiempo Completo;1;27/08/2023
2022;Zaragoza;Facultad;Facultad de Filosofía y Letras;Grado: Lenguas Modernas;Grado;Navarra;Hombres;No;Tiempo Completo;2;27/08/2023
2022;Zaragoza;Facultad;Facultad de Filosofía y Letras;Grado: Lenguas Modernas;Grado;Navarra;Mujeres;No;Otra dedicación;1;27/08/2023
2022;Zaragoza;Facultad;Facultad de Filosofía y Letras;Grado: Lenguas Modernas;Grado;Navarra;Mujeres;No;Tiempo Completo;6;27/08/2023
2022;Zaragoza;Facultad;Facultad de Filosofía y Letras;Grado: Lenguas Modernas;Grado;Navarra;Mujeres;Sí;Tiempo Completo;1;27/08/2023
2022;Zaragoza;Facultad;Facultad de Filosofía y Letras;Grado: Lenguas Modernas;Grado;Pais Vasco;Mujeres;No;Tiempo Completo;2;27/08/2023
2022;Zaragoza;Facultad;Facultad de Filosofía y Letras;Grado: Periodismo;Grado;Aragón;Hombres;No;Otra dedicación;2;27/08/2023
2022;Zaragoza;Facultad;Facultad de Filosofía y Letras;Grado: Periodismo;Grado;Aragón;Hombres;No;Tiempo Completo;84;27/08/2023
2022;Zaragoza;Facultad;Facultad de Filosofía y Letras;Grado: Periodismo;Grado;Aragón;Hombres;Sí;Tiempo Completo;9;27/08/2023
2022;Zaragoza;Facultad;Facultad de Filosofía y Letras;Grado: Periodismo;Grado;Aragón;Hombres;No;Tiempo Parcial;3;27/08/2023
2022;Zaragoza;Facultad;Facultad de Filosofía y Letras;Grado: Periodismo;Grado;Aragón;Mujeres;No;Otra dedicación;7;27/08/2023
2022;Zaragoza;Facultad;Facultad de Filosofía y Letras;Grado: Periodismo;Grado;Aragón;Mujeres;No;Tiempo Completo;97;27/08/2023
2022;Zaragoza;Facultad;Facultad de Filosofía y Letras;Grado: Periodismo;Grado;Aragón;Mujeres;Sí;Tiempo Completo;24;27/08/2023
2022;Zaragoza;Facultad;Facultad de Filosofía y Letras;Grado: Periodismo;Grado;Aragón;Mujeres;No;Tiempo Parcial;3;27/08/2023
2022;Zaragoza;Facultad;Facultad de Filosofía y Letras;Grado: Periodismo;Grado;Castilla y Leon;Mujeres;No;Tiempo Completo;2;27/08/2023
2022;Zaragoza;Facultad;Facultad de Filosofía y Letras;Grado: Periodismo;Grado;Catalunya;Hombres;No;Tiempo Completo;1;27/08/2023
2022;Zaragoza;Facultad;Facultad de Filosofía y Letras;Grado: Periodismo;Grado;La Rioja;Hombres;No;Tiempo Completo;1;27/08/2023
2022;Zaragoza;Facultad;Facultad de Filosofía y Letras;Grado: Periodismo;Grado;La Rioja;Mujeres;No;Tiempo Completo;3;27/08/2023
2022;Zaragoza;Facultad;Facultad de Filosofía y Letras;Grado: Periodismo;Grado;Navarra;Hombres;No;Tiempo Completo;2;27/08/2023
2022;Zaragoza;Facultad;Facultad de Filosofía y Letras;Grado: Periodismo;Grado;Navarra;Mujeres;No;Tiempo Completo;2;27/08/2023
2022;Zaragoza;Facultad;Facultad de Filosofía y Letras;Grado: Periodismo;Grado;No Informado;Mujeres;Sí;Tiempo Completo;1;27/08/2023
2022;Zaragoza;Facultad;Facultad de Filosofía y Letras;Movilidad para 1º y 2º ciclo y grado;Movilidad de entrada;Andalucía;Mujeres;No;Tiempo Completo;2;27/08/2023
2022;Zaragoza;Facultad;Facultad de Filosofía y Letras;Movilidad para 1º y 2º ciclo y grado;Movilidad de entrada;Aragón;Hombres;No;Tiempo Completo;1;27/08/2023
2022;Zaragoza;Facultad;Facultad de Filosofía y Letras;Movilidad para 1º y 2º ciclo y grado;Movilidad de entrada;Canarias;Mujeres;No;Tiempo Completo;1;27/08/2023
2022;Zaragoza;Facultad;Facultad de Filosofía y Letras;Movilidad para 1º y 2º ciclo y grado;Movilidad de entrada;Castilla y Leon;Hombres;No;Tiempo Completo;1;27/08/2023
2022;Zaragoza;Facultad;Facultad de Filosofía y Letras;Movilidad para 1º y 2º ciclo y grado;Movilidad de entrada;Castilla y Leon;Mujeres;No;Tiempo Completo;1;27/08/2023
2022;Zaragoza;Facultad;Facultad de Filosofía y Letras;Movilidad para 1º y 2º ciclo y grado;Movilidad de entrada;Catalunya;Hombres;No;Tiempo Completo;1;27/08/2023
2022;Zaragoza;Facultad;Facultad de Filosofía y Letras;Movilidad para 1º y 2º ciclo y grado;Movilidad de entrada;Comunidad Valenciana;Mujeres;No;Tiempo Completo;1;27/08/2023
2022;Zaragoza;Facultad;Facultad de Filosofía y Letras;Movilidad para 1º y 2º ciclo y grado;Movilidad de entrada;Madrid;Mujeres;No;Tiempo Completo;1;27/08/2023
2022;Zaragoza;Facultad;Facultad de Filosofía y Letras;Movilidad para 1º y 2º ciclo y grado;Movilidad de entrada;No Informado;Hombres;No;Tiempo Completo;51;27/08/2023
2022;Zaragoza;Facultad;Facultad de Filosofía y Letras;Movilidad para 1º y 2º ciclo y grado;Movilidad de entrada;No Informado;Mujeres;No;Tiempo Completo;204;27/08/2023
2022;Zaragoza;Facultad;Facultad de Filosofía y Letras;Movilidad para 1º y 2º ciclo y grado;Movilidad de entrada;Pais Vasco;Hombres;No;Tiempo Completo;1;27/08/2023
2022;Zaragoza;Facultad;Facultad de Filosofía y Letras;Movilidad para máster;Movilidad de entrada;No Informado;Mujeres;No;Tiempo Completo;1;27/08/2023
2022;Zaragoza;Facultad;Facultad de Filosofía y Letras;Máster: Consultoría de Información y Comunicación Digital;Máster;Aragón;Hombres;No;Tiempo Completo;6;27/08/2023
2022;Zaragoza;Facultad;Facultad de Filosofía y Letras;Máster: Consultoría de Información y Comunicación Digital;Máster;Aragón;Mujeres;No;Tiempo Completo;20;27/08/2023
2022;Zaragoza;Facultad;Facultad de Filosofía y Letras;Máster: Consultoría de Información y Comunicación Digital;Máster;Aragón;Mujeres;No;Tiempo Parcial;1;27/08/2023
2022;Zaragoza;Facultad;Facultad de Filosofía y Letras;Máster: Consultoría de Información y Comunicación Digital;Máster;Asturias;Hombres;No;Tiempo Completo;1;27/08/2023
2022;Zaragoza;Facultad;Facultad de Filosofía y Letras;Máster: Consultoría de Información y Comunicación Digital;Máster;La Rioja;Mujeres;No;Tiempo Completo;2;27/08/2023
2022;Zaragoza;Facultad;Facultad de Filosofía y Letras;Máster: Consultoría de Información y Comunicación Digital;Máster;Madrid;Mujeres;No;Tiempo Completo;1;27/08/2023
2022;Zaragoza;Facultad;Facultad de Filosofía y Letras;Máster: Consultoría de Información y Comunicación Digital;Máster;Murcia;Hombres;No;Tiempo Completo;1;27/08/2023
2022;Zaragoza;Facultad;Facultad de Filosofía y Letras;Máster: Consultoría de Información y Comunicación Digital;Máster;No Informado;Mujeres;No;Tiempo Completo;1;27/08/2023
2022;Zaragoza;Facultad;Facultad de Filosofía y Letras;Máster: Culturas e Identidades Hispánicas;Máster;Aragón;Hombres;No;Tiempo Completo;3;27/08/2023
2022;Zaragoza;Facultad;Facultad de Filosofía y Letras;Máster: Culturas e Identidades Hispánicas;Máster;Aragón;Mujeres;No;Tiempo Completo;2;27/08/2023
2022;Zaragoza;Facultad;Facultad de Filosofía y Letras;Máster: Culturas e Identidades Hispánicas;Máster;No Informado;Hombres;No;Tiempo Completo;1;27/08/2023
2022;Zaragoza;Facultad;Facultad de Filosofía y Letras;Máster: Enseñanza del Español como Lengua Extranjera;Máster;Aragón;Hombres;No;Tiempo Completo;5;27/08/2023
2022;Zaragoza;Facultad;Facultad de Filosofía y Letras;Máster: Enseñanza del Español como Lengua Extranjera;Máster;Aragón;Mujeres;No;Tiempo Completo;11;27/08/2023
2022;Zaragoza;Facultad;Facultad de Filosofía y Letras;Máster: Enseñanza del Español como Lengua Extranjera;Máster;Aragón;Mujeres;No;Tiempo Parcial;2;27/08/2023
2022;Zaragoza;Facultad;Facultad de Filosofía y Letras;Máster: Enseñanza del Español como Lengua Extranjera;Máster;Castilla-La Mancha;Mujeres;No;Tiempo Completo;2;27/08/2023
2022;Zaragoza;Facultad;Facultad de Filosofía y Letras;Máster: Enseñanza del Español como Lengua Extranjera;Máster;Catalunya;Hombres;No;Tiempo Completo;1;27/08/2023
2022;Zaragoza;Facultad;Facultad de Filosofía y Letras;Máster: Enseñanza del Español como Lengua Extranjera;Máster;Catalunya;Mujeres;No;Tiempo Completo;1;27/08/2023
2022;Zaragoza;Facultad;Facultad de Filosofía y Letras;Máster: Enseñanza del Español como Lengua Extranjera;Máster;La Rioja;Hombres;No;Tiempo Parcial;1;27/08/2023
2022;Zaragoza;Facultad;Facultad de Filosofía y Letras;Máster: Enseñanza del Español como Lengua Extranjera;Máster;Madrid;Mujeres;No;Tiempo Completo;1;27/08/2023
2022;Zaragoza;Facultad;Facultad de Filosofía y Letras;Máster: Enseñanza del Español como Lengua Extranjera;Máster;Navarra;Mujeres;No;Tiempo Completo;1;27/08/2023
2022;Zaragoza;Facultad;Facultad de Filosofía y Letras;Máster: Enseñanza del Español como Lengua Extranjera;Máster;No Informado;Hombres;No;Tiempo Completo;1;27/08/2023
2022;Zaragoza;Facultad;Facultad de Filosofía y Letras;Máster: Enseñanza del Español como Lengua Extranjera;Máster;No Informado;Mujeres;No;Tiempo Completo;1;27/08/2023
2022;Zaragoza;Facultad;Facultad de Filosofía y Letras;Máster: Estudios Avanzados en Historia del Arte;Máster;Aragón;Hombres;No;Tiempo Completo;2;27/08/2023
2022;Zaragoza;Facultad;Facultad de Filosofía y Letras;Máster: Estudios Avanzados en Historia del Arte;Máster;Aragón;Mujeres;No;Tiempo Completo;4;27/08/2023
2022;Zaragoza;Facultad;Facultad de Filosofía y Letras;Máster: Estudios Avanzados en Historia del Arte;Máster;Aragón;Mujeres;No;Tiempo Parcial;1;27/08/2023
2022;Zaragoza;Facultad;Facultad de Filosofía y Letras;Máster: Estudios Avanzados en Historia del Arte;Máster;Madrid;Mujeres;No;Tiempo Completo;1;27/08/2023
2022;Zaragoza;Facultad;Facultad de Filosofía y Letras;Máster: Estudios Avanzados en Historia del Arte;Máster;Navarra;Mujeres;No;Tiempo Completo;1;27/08/2023
2022;Zaragoza;Facultad;Facultad de Filosofía y Letras;Máster: Gestión del Patrimonio Cultural;Máster;Aragón;Hombres;No;Tiempo Completo;10;27/08/2023
2022;Zaragoza;Facultad;Facultad de Filosofía y Letras;Máster: Gestión del Patrimonio Cultural;Máster;Aragón;Hombres;No;Tiempo Parcial;1;27/08/2023
2022;Zaragoza;Facultad;Facultad de Filosofía y Letras;Máster: Gestión del Patrimonio Cultural;Máster;Aragón;Mujeres;No;Tiempo Completo;12;27/08/2023
2022;Zaragoza;Facultad;Facultad de Filosofía y Letras;Máster: Gestión del Patrimonio Cultural;Máster;Comunidad Valenciana;Mujeres;No;Tiempo Completo;1;27/08/2023
2022;Zaragoza;Facultad;Facultad de Filosofía y Letras;Máster: Gestión del Patrimonio Cultural;Máster;Galicia;Mujeres;No;Tiempo Completo;1;27/08/2023
2022;Zaragoza;Facultad;Facultad de Filosofía y Letras;Máster: Gestión del Patrimonio Cultural;Máster;La Rioja;Mujeres;No;Tiempo Completo;1;27/08/2023
2022;Zaragoza;Facultad;Facultad de Filosofía y Letras;Máster: Gestión del Patrimonio Cultural;Máster;No Informado;Hombres;No;Tiempo Completo;2;27/08/2023
2022;Zaragoza;Facultad;Facultad de Filosofía y Letras;Máster: Gestión del Patrimonio Cultural;Máster;Pais Vasco;Hombres;No;Tiempo Completo;1;27/08/2023
2022;Zaragoza;Facultad;Facultad de Filosofía y Letras;Máster: Historia Contemporánea;Máster;Aragón;Hombres;No;Tiempo Completo;12;27/08/2023
2022;Zaragoza;Facultad;Facultad de Filosofía y Letras;Máster: Historia Contemporánea;Máster;Aragón;Hombres;No;Tiempo Parcial;1;27/08/2023
2022;Zaragoza;Facultad;Facultad de Filosofía y Letras;Máster: Historia Contemporánea;Máster;Aragón;Mujeres;No;Tiempo Completo;1;27/08/2023
2022;Zaragoza;Facultad;Facultad de Filosofía y Letras;Máster: Historia Contemporánea;Máster;Castilla y Leon;Hombres;No;Tiempo Completo;1;27/08/2023
2022;Zaragoza;Facultad;Facultad de Filosofía y Letras;Máster: Historia Contemporánea;Máster;Navarra;Hombres;No;Tiempo Completo;2;27/08/2023
2022;Zaragoza;Facultad;Facultad de Filosofía y Letras;Máster: Investigación en Filosofía;Máster;Aragón;Hombres;No;Tiempo Completo;6;27/08/2023
2022;Zaragoza;Facultad;Facultad de Filosofía y Letras;Máster: Investigación en Filosofía;Máster;Aragón;Hombres;No;Tiempo Parcial;1;27/08/2023
2022;Zaragoza;Facultad;Facultad de Filosofía y Letras;Máster: Investigación en Filosofía;Máster;Aragón;Mujeres;No;Tiempo Completo;3;27/08/2023
2022;Zaragoza;Facultad;Facultad de Filosofía y Letras;Máster: Investigación en Filosofía;Máster;Aragón;Mujeres;No;Tiempo Parcial;1;27/08/2023
2022;Zaragoza;Facultad;Facultad de Filosofía y Letras;Máster: Investigación en Filosofía;Máster;Pais Vasco;Hombres;No;Tiempo Completo;1;27/08/2023
2022;Zaragoza;Facultad;Facultad de Filosofía y Letras;Máster: Investigación y Estudios Avanzados en Historia;Máster;Aragón;Hombres;No;Tiempo Completo;6;27/08/2023
2022;Zaragoza;Facultad;Facultad de Filosofía y Letras;Máster: Investigación y Estudios Avanzados en Historia;Máster;Aragón;Hombres;No;Tiempo Parcial;1;27/08/2023
2022;Zaragoza;Facultad;Facultad de Filosofía y Letras;Máster: Investigación y Estudios Avanzados en Historia;Máster;Aragón;Mujeres;No;Tiempo Completo;2;27/08/2023
2022;Zaragoza;Facultad;Facultad de Filosofía y Letras;Máster: Mundo Antiguo y Patrimonio Arqueológico;Máster;Aragón;Hombres;No;Tiempo Completo;1;27/08/2023
2022;Zaragoza;Facultad;Facultad de Filosofía y Letras;Máster: Mundo Antiguo y Patrimonio Arqueológico;Máster;Aragón;Hombres;No;Tiempo Parcial;2;27/08/2023
2022;Zaragoza;Facultad;Facultad de Filosofía y Letras;Máster: Mundo Antiguo y Patrimonio Arqueológico;Máster;Aragón;Hombres;Sí;Tiempo Parcial;1;27/08/2023
2022;Zaragoza;Facultad;Facultad de Filosofía y Letras;Máster: Mundo Antiguo y Patrimonio Arqueológico;Máster;Aragón;Mujeres;No;Tiempo Completo;2;27/08/2023
2022;Zaragoza;Facultad;Facultad de Filosofía y Letras;Máster: Mundo Antiguo y Patrimonio Arqueológico;Máster;Aragón;Mujeres;No;Tiempo Parcial;1;27/08/2023
2022;Zaragoza;Facultad;Facultad de Filosofía y Letras;Máster: Mundo Antiguo y Patrimonio Arqueológico;Máster;Asturias;Hombres;No;Tiempo Completo;1;27/08/2023
2022;Zaragoza;Facultad;Facultad de Filosofía y Letras;Máster: Mundo Antiguo y Patrimonio Arqueológico;Máster;Castilla y Leon;Hombres;No;Tiempo Completo;1;27/08/2023
2022;Zaragoza;Facultad;Facultad de Filosofía y Letras;Máster: Mundo Antiguo y Patrimonio Arqueológico;Máster;Castilla-La Mancha;Mujeres;No;Tiempo Parcial;1;27/08/2023
2022;Zaragoza;Facultad;Facultad de Filosofía y Letras;Máster: Mundo Antiguo y Patrimonio Arqueológico;Máster;Pais Vasco;Mujeres;No;Tiempo Completo;1;27/08/2023
2022;Zaragoza;Facultad;Facultad de Filosofía y Letras;Máster: Ordenación Territorial y Medioambiental;Máster;Aragón;Hombres;No;Tiempo Completo;12;27/08/2023
2022;Zaragoza;Facultad;Facultad de Filosofía y Letras;Máster: Ordenación Territorial y Medioambiental;Máster;Aragón;Hombres;Sí;Tiempo Completo;2;27/08/2023
2022;Zaragoza;Facultad;Facultad de Filosofía y Letras;Máster: Ordenación Territorial y Medioambiental;Máster;Aragón;Mujeres;No;Tiempo Completo;9;27/08/2023
2022;Zaragoza;Facultad;Facultad de Filosofía y Letras;Máster: Ordenación Territorial y Medioambiental;Máster;Castilla y Leon;Mujeres;No;Tiempo Completo;1;27/08/2023
2022;Zaragoza;Facultad;Facultad de Filosofía y Letras;Máster: Ordenación Territorial y Medioambiental;Máster;Catalunya;Mujeres;No;Tiempo Completo;1;27/08/2023
2022;Zaragoza;Facultad;Facultad de Filosofía y Letras;Máster: Ordenación Territorial y Medioambiental;Máster;Galicia;Hombres;No;Tiempo Completo;1;27/08/2023
2022;Zaragoza;Facultad;Facultad de Filosofía y Letras;Máster: Ordenación Territorial y Medioambiental;Máster;Galicia;Mujeres;No;Tiempo Completo;1;27/08/2023
2022;Zaragoza;Facultad;Facultad de Filosofía y Letras;Máster: Ordenación Territorial y Medioambiental;Máster;Navarra;Hombres;No;Tiempo Completo;1;27/08/2023
2022;Zaragoza;Facultad;Facultad de Filosofía y Letras;Máster: Tec.Información Geográfica para Ordenación Territorio: Sig/Teled;Máster;Aragón;Hombres;No;Tiempo Completo;12;27/08/2023
2022;Zaragoza;Facultad;Facultad de Filosofía y Letras;Máster: Tec.Información Geográfica para Ordenación Territorio: Sig/Teled;Máster;Aragón;Mujeres;No;Tiempo Completo;9;27/08/2023
2022;Zaragoza;Facultad;Facultad de Filosofía y Letras;Máster: Tec.Información Geográfica para Ordenación Territorio: Sig/Teled;Máster;Baleares;Hombres;No;Tiempo Completo;1;27/08/2023
2022;Zaragoza;Facultad;Facultad de Filosofía y Letras;Máster: Tec.Información Geográfica para Ordenación Territorio: Sig/Teled;Máster;Baleares;Mujeres;No;Tiempo Completo;1;27/08/2023
2022;Zaragoza;Facultad;Facultad de Filosofía y Letras;Máster: Tec.Información Geográfica para Ordenación Territorio: Sig/Teled;Máster;Catalunya;Hombres;No;Tiempo Completo;1;27/08/2023
2022;Zaragoza;Facultad;Facultad de Filosofía y Letras;Máster: Tec.Información Geográfica para Ordenación Territorio: Sig/Teled;Máster;Comunidad Valenciana;Hombres;No;Tiempo Completo;2;27/08/2023
2022;Zaragoza;Facultad;Facultad de Filosofía y Letras;Máster: Tec.Información Geográfica para Ordenación Territorio: Sig/Teled;Máster;Comunidad Valenciana;Mujeres;No;Tiempo Completo;1;27/08/2023
2022;Zaragoza;Facultad;Facultad de Filosofía y Letras;Máster: Tec.Información Geográfica para Ordenación Territorio: Sig/Teled;Máster;Galicia;Hombres;No;Tiempo Completo;2;27/08/2023
2022;Zaragoza;Facultad;Facultad de Filosofía y Letras;Máster: Tec.Información Geográfica para Ordenación Territorio: Sig/Teled;Máster;Galicia;Mujeres;No;Tiempo Completo;2;27/08/2023
2022;Zaragoza;Facultad;Facultad de Filosofía y Letras;Máster: Tec.Información Geográfica para Ordenación Territorio: Sig/Teled;Máster;La Rioja;Hombres;No;Tiempo Completo;1;27/08/2023
2022;Zaragoza;Facultad;Facultad de Filosofía y Letras;Máster: Tec.Información Geográfica para Ordenación Territorio: Sig/Teled;Máster;Madrid;Mujeres;No;Tiempo Completo;1;27/08/2023
2022;Zaragoza;Facultad;Facultad de Filosofía y Letras;Máster: Tec.Información Geográfica para Ordenación Territorio: Sig/Teled;Máster;No Informado;Mujeres;No;Tiempo Completo;1;27/08/2023
2022;Zaragoza;Facultad;Facultad de Medicina;Grado: Medicina;Grado;Andalucía;Hombres;No;Tiempo Completo;24;27/08/2023
2022;Zaragoza;Facultad;Facultad de Medicina;Grado: Medicina;Grado;Andalucía;Mujeres;No;Tiempo Completo;52;27/08/2023
2022;Zaragoza;Facultad;Facultad de Medicina;Grado: Medicina;Grado;Aragón;Hombres;No;Otra dedicación;1;27/08/2023
2022;Zaragoza;Facultad;Facultad de Medicina;Grado: Medicina;Grado;Aragón;Hombres;No;Tiempo Completo;250;27/08/2023
2022;Zaragoza;Facultad;Facultad de Medicina;Grado: Medicina;Grado;Aragón;Hombres;Sí;Tiempo Completo;21;27/08/2023
2022;Zaragoza;Facultad;Facultad de Medicina;Grado: Medicina;Grado;Aragón;Hombres;No;Tiempo Parcial;8;27/08/2023
2022;Zaragoza;Facultad;Facultad de Medicina;Grado: Medicina;Grado;Aragón;Mujeres;No;Tiempo Completo;626;27/08/2023
2022;Zaragoza;Facultad;Facultad de Medicina;Grado: Medicina;Grado;Aragón;Mujeres;Sí;Tiempo Completo;51;27/08/2023
2022;Zaragoza;Facultad;Facultad de Medicina;Grado: Medicina;Grado;Aragón;Mujeres;No;Tiempo Parcial;17;27/08/2023
2022;Zaragoza;Facultad;Facultad de Medicina;Grado: Medicina;Grado;Baleares;Mujeres;No;Tiempo Completo;1;27/08/2023
2022;Zaragoza;Facultad;Facultad de Medicina;Grado: Medicina;Grado;Baleares;Mujeres;Sí;Tiempo Completo;1;27/08/2023
2022;Zaragoza;Facultad;Facultad de Medicina;Grado: Medicina;Grado;Canarias;Hombres;No;Otra dedicación;1;27/08/2023
2022;Zaragoza;Facultad;Facultad de Medicina;Grado: Medicina;Grado;Canarias;Hombres;No;Tiempo Completo;1;27/08/2023
2022;Zaragoza;Facultad;Facultad de Medicina;Grado: Medicina;Grado;Canarias;Mujeres;No;Tiempo Completo;6;27/08/2023
2022;Zaragoza;Facultad;Facultad de Medicina;Grado: Medicina;Grado;Cantabria;Mujeres;No;Tiempo Completo;1;27/08/2023
2022;Zaragoza;Facultad;Facultad de Medicina;Grado: Medicina;Grado;Castilla y Leon;Hombres;No;Tiempo Completo;3;27/08/2023
2022;Zaragoza;Facultad;Facultad de Medicina;Grado: Medicina;Grado;Castilla y Leon;Mujeres;No;Tiempo Completo;22;27/08/2023
2022;Zaragoza;Facultad;Facultad de Medicina;Grado: Medicina;Grado;Castilla y Leon;Mujeres;Sí;Tiempo Completo;1;27/08/2023
2022;Zaragoza;Facultad;Facultad de Medicina;Grado: Medicina;Grado;Castilla-La Mancha;Hombres;No;Tiempo Completo;13;27/08/2023
2022;Zaragoza;Facultad;Facultad de Medicina;Grado: Medicina;Grado;Castilla-La Mancha;Mujeres;No;Tiempo Completo;30;27/08/2023
2022;Zaragoza;Facultad;Facultad de Medicina;Grado: Medicina;Grado;Catalunya;Hombres;No;Tiempo Completo;2;27/08/2023
2022;Zaragoza;Facultad;Facultad de Medicina;Grado: Medicina;Grado;Catalunya;Mujeres;No;Tiempo Completo;1;27/08/2023
2022;Zaragoza;Facultad;Facultad de Medicina;Grado: Medicina;Grado;Ciudad autónoma de Ceuta;Hombres;No;Tiempo Completo;1;27/08/2023
2022;Zaragoza;Facultad;Facultad de Medicina;Grado: Medicina;Grado;Ciudad autónoma de Ceuta;Hombres;Sí;Tiempo Completo;1;27/08/2023
2022;Zaragoza;Facultad;Facultad de Medicina;Grado: Medicina;Grado;Ciudad autónoma de Melilla;Mujeres;No;Tiempo Completo;2;27/08/2023
2022;Zaragoza;Facultad;Facultad de Medicina;Grado: Medicina;Grado;Comunidad Valenciana;Hombres;No;Tiempo Completo;2;27/08/2023
2022;Zaragoza;Facultad;Facultad de Medicina;Grado: Medicina;Grado;Comunidad Valenciana;Hombres;Sí;Tiempo Completo;1;27/08/2023
2022;Zaragoza;Facultad;Facultad de Medicina;Grado: Medicina;Grado;Comunidad Valenciana;Mujeres;No;Tiempo Completo;11;27/08/2023
2022;Zaragoza;Facultad;Facultad de Medicina;Grado: Medicina;Grado;Extremadura;Hombres;No;Tiempo Completo;1;27/08/2023
2022;Zaragoza;Facultad;Facultad de Medicina;Grado: Medicina;Grado;Extremadura;Mujeres;No;Tiempo Completo;2;27/08/2023
2022;Zaragoza;Facultad;Facultad de Medicina;Grado: Medicina;Grado;Galicia;Hombres;No;Tiempo Completo;1;27/08/2023
2022;Zaragoza;Facultad;Facultad de Medicina;Grado: Medicina;Grado;La Rioja;Hombres;No;Tiempo Completo;11;27/08/2023
2022;Zaragoza;Facultad;Facultad de Medicina;Grado: Medicina;Grado;La Rioja;Hombres;Sí;Tiempo Completo;2;27/08/2023
2022;Zaragoza;Facultad;Facultad de Medicina;Grado: Medicina;Grado;La Rioja;Mujeres;No;Tiempo Completo;16;27/08/2023
2022;Zaragoza;Facultad;Facultad de Medicina;Grado: Medicina;Grado;La Rioja;Mujeres;Sí;Tiempo Completo;3;27/08/2023
2022;Zaragoza;Facultad;Facultad de Medicina;Grado: Medicina;Grado;Madrid;Hombres;No;Tiempo Completo;6;27/08/2023
2022;Zaragoza;Facultad;Facultad de Medicina;Grado: Medicina;Grado;Madrid;Mujeres;No;Tiempo Completo;21;27/08/2023
2022;Zaragoza;Facultad;Facultad de Medicina;Grado: Medicina;Grado;Madrid;Mujeres;Sí;Tiempo Completo;1;27/08/2023
2022;Zaragoza;Facultad;Facultad de Medicina;Grado: Medicina;Grado;Murcia;Hombres;No;Tiempo Completo;6;27/08/2023
2022;Zaragoza;Facultad;Facultad de Medicina;Grado: Medicina;Grado;Murcia;Mujeres;No;Tiempo Completo;7;27/08/2023
2022;Zaragoza;Facultad;Facultad de Medicina;Grado: Medicina;Grado;Murcia;Mujeres;Sí;Tiempo Completo;2;27/08/2023
2022;Zaragoza;Facultad;Facultad de Medicina;Grado: Medicina;Grado;Navarra;Hombres;No;Tiempo Completo;3;27/08/2023
2022;Zaragoza;Facultad;Facultad de Medicina;Grado: Medicina;Grado;Navarra;Mujeres;No;Tiempo Completo;15;27/08/2023
2022;Zaragoza;Facultad;Facultad de Medicina;Grado: Medicina;Grado;Navarra;Mujeres;Sí;Tiempo Completo;1;27/08/2023
2022;Zaragoza;Facultad;Facultad de Medicina;Grado: Medicina;Grado;No Informado;Hombres;No;Tiempo Completo;1;27/08/2023
2022;Zaragoza;Facultad;Facultad de Medicina;Grado: Medicina;Grado;No Informado;Hombres;Sí;Tiempo Completo;1;27/08/2023
2022;Zaragoza;Facultad;Facultad de Medicina;Grado: Medicina;Grado;No Informado;Mujeres;No;Tiempo Completo;5;27/08/2023
2022;Zaragoza;Facultad;Facultad de Medicina;Grado: Medicina;Grado;No Informado;Mujeres;No;Tiempo Parcial;1;27/08/2023
2022;Zaragoza;Facultad;Facultad de Medicina;Grado: Medicina;Grado;Pais Vasco;Hombres;No;Tiempo Completo;1;27/08/2023
2022;Zaragoza;Facultad;Facultad de Medicina;Grado: Medicina;Grado;Pais Vasco;Mujeres;No;Tiempo Completo;4;27/08/2023
2022;Zaragoza;Facultad;Facultad de Medicina;Movilidad para 1º y 2º ciclo y grado;Movilidad de entrada;Andalucía;Mujeres;No;Tiempo Completo;1;27/08/2023
2022;Zaragoza;Facultad;Facultad de Medicina;Movilidad para 1º y 2º ciclo y grado;Movilidad de entrada;Aragón;Hombres;No;Tiempo Completo;1;27/08/2023
2022;Zaragoza;Facultad;Facultad de Medicina;Movilidad para 1º y 2º ciclo y grado;Movilidad de entrada;Aragón;Mujeres;No;Tiempo Completo;3;27/08/2023
2022;Zaragoza;Facultad;Facultad de Medicina;Movilidad para 1º y 2º ciclo y grado;Movilidad de entrada;Castilla y Leon;Mujeres;No;Tiempo Completo;1;27/08/2023
2022;Zaragoza;Facultad;Facultad de Medicina;Movilidad para 1º y 2º ciclo y grado;Movilidad de entrada;Castilla-La Mancha;Mujeres;No;Tiempo Completo;1;27/08/2023
2022;Zaragoza;Facultad;Facultad de Medicina;Movilidad para 1º y 2º ciclo y grado;Movilidad de entrada;Comunidad Valenciana;Hombres;No;Tiempo Completo;1;27/08/2023
2022;Zaragoza;Facultad;Facultad de Medicina;Movilidad para 1º y 2º ciclo y grado;Movilidad de entrada;Galicia;Mujeres;No;Tiempo Completo;1;27/08/2023
2022;Zaragoza;Facultad;Facultad de Medicina;Movilidad para 1º y 2º ciclo y grado;Movilidad de entrada;La Rioja;Hombres;No;Tiempo Completo;1;27/08/2023
2022;Zaragoza;Facultad;Facultad de Medicina;Movilidad para 1º y 2º ciclo y grado;Movilidad de entrada;Madrid;Mujeres;No;Tiempo Completo;1;27/08/2023
2022;Zaragoza;Facultad;Facultad de Medicina;Movilidad para 1º y 2º ciclo y grado;Movilidad de entrada;Murcia;Hombres;No;Tiempo Completo;1;27/08/2023
2022;Zaragoza;Facultad;Facultad de Medicina;Movilidad para 1º y 2º ciclo y grado;Movilidad de entrada;No Informado;Hombres;No;Tiempo Completo;19;27/08/2023
2022;Zaragoza;Facultad;Facultad de Medicina;Movilidad para 1º y 2º ciclo y grado;Movilidad de entrada;No Informado;Mujeres;No;Tiempo Completo;53;27/08/2023
2022;Zaragoza;Facultad;Facultad de Medicina;Movilidad para máster;Movilidad de entrada;No Informado;Mujeres;No;Tiempo Completo;1;27/08/2023
2022;Zaragoza;Facultad;Facultad de Medicina;Máster: Cond. genéticos, nutric. y amb. del crec. y desarrollo;Máster;Aragón;Hombres;No;Tiempo Parcial;6;27/08/2023
2022;Zaragoza;Facultad;Facultad de Medicina;Máster: Cond. genéticos, nutric. y amb. del crec. y desarrollo;Máster;Aragón;Mujeres;No;Tiempo Completo;2;27/08/2023
2022;Zaragoza;Facultad;Facultad de Medicina;Máster: Cond. genéticos, nutric. y amb. del crec. y desarrollo;Máster;Aragón;Mujeres;No;Tiempo Parcial;28;27/08/2023
2022;Zaragoza;Facultad;Facultad de Medicina;Máster: Cond. genéticos, nutric. y amb. del crec. y desarrollo;Máster;Baleares;Mujeres;No;Tiempo Parcial;1;27/08/2023
2022;Zaragoza;Facultad;Facultad de Medicina;Máster: Cond. genéticos, nutric. y amb. del crec. y desarrollo;Máster;Castilla-La Mancha;Mujeres;No;Tiempo Parcial;1;27/08/2023
2022;Zaragoza;Facultad;Facultad de Medicina;Máster: Cond. genéticos, nutric. y amb. del crec. y desarrollo;Máster;Catalunya;Mujeres;No;Tiempo Parcial;1;27/08/2023
2022;Zaragoza;Facultad;Facultad de Medicina;Máster: Cond. genéticos, nutric. y amb. del crec. y desarrollo;Máster;Comunidad Valenciana;Mujeres;No;Tiempo Parcial;1;27/08/2023
2022;Zaragoza;Facultad;Facultad de Medicina;Máster: Cond. genéticos, nutric. y amb. del crec. y desarrollo;Máster;La Rioja;Mujeres;No;Tiempo Parcial;1;27/08/2023
2022;Zaragoza;Facultad;Facultad de Medicina;Máster: Cond. genéticos, nutric. y amb. del crec. y desarrollo;Máster;Madrid;Hombres;No;Tiempo Parcial;1;27/08/2023
2022;Zaragoza;Facultad;Facultad de Medicina;Máster: Cond. genéticos, nutric. y amb. del crec. y desarrollo;Máster;Madrid;Mujeres;No;Tiempo Parcial;1;27/08/2023
2022;Zaragoza;Facultad;Facultad de Medicina;Máster: Iniciación a la investigación en Medicina;Máster;Andalucía;Mujeres;No;Tiempo Completo;1;27/08/2023
2022;Zaragoza;Facultad;Facultad de Medicina;Máster: Iniciación a la investigación en Medicina;Máster;Aragón;Hombres;No;Tiempo Completo;17;27/08/2023
2022;Zaragoza;Facultad;Facultad de Medicina;Máster: Iniciación a la investigación en Medicina;Máster;Aragón;Mujeres;No;Tiempo Completo;45;27/08/2023
2022;Zaragoza;Facultad;Facultad de Medicina;Máster: Iniciación a la investigación en Medicina;Máster;Castilla y Leon;Mujeres;No;Tiempo Completo;1;27/08/2023
2022;Zaragoza;Facultad;Facultad de Medicina;Máster: Iniciación a la investigación en Medicina;Máster;Catalunya;Mujeres;No;Tiempo Completo;1;27/08/2023
2022;Zaragoza;Facultad;Facultad de Medicina;Máster: Iniciación a la investigación en Medicina;Máster;Navarra;Mujeres;No;Tiempo Completo;1;27/08/2023
2022;Zaragoza;Facultad;Facultad de Medicina;Máster: Iniciación a la investigación en Medicina;Máster;Pais Vasco;Mujeres;No;Tiempo Completo;1;27/08/2023
2022;Zaragoza;Facultad;Facultad de Medicina;Máster: Inmunología Tumoral e Inmunoterapia del Cáncer;Máster;Andalucía;Hombres;No;Tiempo Completo;1;27/08/2023
2022;Zaragoza;Facultad;Facultad de Medicina;Máster: Inmunología Tumoral e Inmunoterapia del Cáncer;Máster;Andalucía;Mujeres;No;Tiempo Completo;1;27/08/2023
2022;Zaragoza;Facultad;Facultad de Medicina;Máster: Inmunología Tumoral e Inmunoterapia del Cáncer;Máster;Aragón;Hombres;No;Tiempo Completo;5;27/08/2023
2022;Zaragoza;Facultad;Facultad de Medicina;Máster: Inmunología Tumoral e Inmunoterapia del Cáncer;Máster;Aragón;Hombres;No;Tiempo Parcial;1;27/08/2023
2022;Zaragoza;Facultad;Facultad de Medicina;Máster: Inmunología Tumoral e Inmunoterapia del Cáncer;Máster;Aragón;Mujeres;No;Tiempo Completo;7;27/08/2023
2022;Zaragoza;Facultad;Facultad de Medicina;Máster: Inmunología Tumoral e Inmunoterapia del Cáncer;Máster;Baleares;Mujeres;No;Tiempo Completo;1;27/08/2023
2022;Zaragoza;Facultad;Facultad de Medicina;Máster: Inmunología Tumoral e Inmunoterapia del Cáncer;Máster;Comunidad Valenciana;Hombres;No;Tiempo Completo;1;27/08/2023
2022;Zaragoza;Facultad;Facultad de Medicina;Máster: Inmunología Tumoral e Inmunoterapia del Cáncer;Máster;Comunidad Valenciana;Mujeres;No;Tiempo Completo;1;27/08/2023
2022;Zaragoza;Facultad;Facultad de Medicina;Máster: Inmunología Tumoral e Inmunoterapia del Cáncer;Máster;Galicia;Mujeres;No;Tiempo Completo;1;27/08/2023
2022;Zaragoza;Facultad;Facultad de Veterinaria;Grado: Ciencia y Tecnología de los Alimentos;Grado;Aragón;Hombres;No;Otra dedicación;1;27/08/2023
2022;Zaragoza;Facultad;Facultad de Veterinaria;Grado: Ciencia y Tecnología de los Alimentos;Grado;Aragón;Hombres;No;Tiempo Completo;79;27/08/2023
2022;Zaragoza;Facultad;Facultad de Veterinaria;Grado: Ciencia y Tecnología de los Alimentos;Grado;Aragón;Hombres;Sí;Tiempo Completo;5;27/08/2023
2022;Zaragoza;Facultad;Facultad de Veterinaria;Grado: Ciencia y Tecnología de los Alimentos;Grado;Aragón;Hombres;No;Tiempo Parcial;2;27/08/2023
2022;Zaragoza;Facultad;Facultad de Veterinaria;Grado: Ciencia y Tecnología de los Alimentos;Grado;Aragón;Mujeres;No;Otra dedicación;4;27/08/2023
2022;Zaragoza;Facultad;Facultad de Veterinaria;Grado: Ciencia y Tecnología de los Alimentos;Grado;Aragón;Mujeres;No;Tiempo Completo;127;27/08/2023
2022;Zaragoza;Facultad;Facultad de Veterinaria;Grado: Ciencia y Tecnología de los Alimentos;Grado;Aragón;Mujeres;Sí;Tiempo Completo;12;27/08/2023
2022;Zaragoza;Facultad;Facultad de Veterinaria;Grado: Ciencia y Tecnología de los Alimentos;Grado;Aragón;Mujeres;No;Tiempo Parcial;2;27/08/2023
2022;Zaragoza;Facultad;Facultad de Veterinaria;Grado: Ciencia y Tecnología de los Alimentos;Grado;Canarias;Hombres;No;Tiempo Completo;1;27/08/2023
2022;Zaragoza;Facultad;Facultad de Veterinaria;Grado: Ciencia y Tecnología de los Alimentos;Grado;Canarias;Mujeres;No;Tiempo Completo;1;27/08/2023
2022;Zaragoza;Facultad;Facultad de Veterinaria;Grado: Ciencia y Tecnología de los Alimentos;Grado;Castilla y Leon;Hombres;No;Tiempo Completo;2;27/08/2023
2022;Zaragoza;Facultad;Facultad de Veterinaria;Grado: Ciencia y Tecnología de los Alimentos;Grado;Castilla y Leon;Mujeres;No;Tiempo Completo;1;27/08/2023
2022;Zaragoza;Facultad;Facultad de Veterinaria;Grado: Ciencia y Tecnología de los Alimentos;Grado;Comunidad Valenciana;Hombres;No;Tiempo Completo;1;27/08/2023
2022;Zaragoza;Facultad;Facultad de Veterinaria;Grado: Ciencia y Tecnología de los Alimentos;Grado;Comunidad Valenciana;Mujeres;No;Tiempo Completo;1;27/08/2023
2022;Zaragoza;Facultad;Facultad de Veterinaria;Grado: Ciencia y Tecnología de los Alimentos;Grado;Extremadura;Mujeres;No;Tiempo Completo;1;27/08/2023
2022;Zaragoza;Facultad;Facultad de Veterinaria;Grado: Ciencia y Tecnología de los Alimentos;Grado;La Rioja;Hombres;No;Tiempo Completo;2;27/08/2023
2022;Zaragoza;Facultad;Facultad de Veterinaria;Grado: Ciencia y Tecnología de los Alimentos;Grado;La Rioja;Mujeres;No;Tiempo Completo;4;27/08/2023
2022;Zaragoza;Facultad;Facultad de Veterinaria;Grado: Ciencia y Tecnología de los Alimentos;Grado;Navarra;Hombres;No;Tiempo Completo;1;27/08/2023
2022;Zaragoza;Facultad;Facultad de Veterinaria;Grado: Ciencia y Tecnología de los Alimentos;Grado;Navarra;Mujeres;No;Tiempo Completo;1;27/08/2023
2022;Zaragoza;Facultad;Facultad de Veterinaria;Grado: Ciencia y Tecnología de los Alimentos;Grado;No Informado;Hombres;No;Tiempo Completo;1;27/08/2023
2022;Zaragoza;Facultad;Facultad de Veterinaria;Grado: Veterinaria;Grado;Andalucía;Hombres;No;Tiempo Completo;9;27/08/2023
2022;Zaragoza;Facultad;Facultad de Veterinaria;Grado: Veterinaria;Grado;Andalucía;Hombres;Sí;Tiempo Completo;1;27/08/2023
2022;Zaragoza;Facultad;Facultad de Veterinaria;Grado: Veterinaria;Grado;Andalucía;Mujeres;No;Tiempo Completo;29;27/08/2023
2022;Zaragoza;Facultad;Facultad de Veterinaria;Grado: Veterinaria;Grado;Aragón;Hombres;No;Otra dedicación;2;27/08/2023
2022;Zaragoza;Facultad;Facultad de Veterinaria;Grado: Veterinaria;Grado;Aragón;Hombres;No;Tiempo Completo;78;27/08/2023
2022;Zaragoza;Facultad;Facultad de Veterinaria;Grado: Veterinaria;Grado;Aragón;Hombres;Sí;Tiempo Completo;3;27/08/2023
2022;Zaragoza;Facultad;Facultad de Veterinaria;Grado: Veterinaria;Grado;Aragón;Mujeres;No;Otra dedicación;2;27/08/2023
2022;Zaragoza;Facultad;Facultad de Veterinaria;Grado: Veterinaria;Grado;Aragón;Mujeres;No;Tiempo Completo;199;27/08/2023
2022;Zaragoza;Facultad;Facultad de Veterinaria;Grado: Veterinaria;Grado;Aragón;Mujeres;Sí;Tiempo Completo;4;27/08/2023
2022;Zaragoza;Facultad;Facultad de Veterinaria;Grado: Veterinaria;Grado;Aragón;Mujeres;No;Tiempo Parcial;11;27/08/2023
2022;Zaragoza;Facultad;Facultad de Veterinaria;Grado: Veterinaria;Grado;Asturias;Mujeres;No;Tiempo Completo;1;27/08/2023
2022;Zaragoza;Facultad;Facultad de Veterinaria;Grado: Veterinaria;Grado;Baleares;Hombres;No;Tiempo Completo;3;27/08/2023
2022;Zaragoza;Facultad;Facultad de Veterinaria;Grado: Veterinaria;Grado;Baleares;Mujeres;No;Tiempo Completo;24;27/08/2023
2022;Zaragoza;Facultad;Facultad de Veterinaria;Grado: Veterinaria;Grado;Baleares;Mujeres;Sí;Tiempo Completo;2;27/08/2023
2022;Zaragoza;Facultad;Facultad de Veterinaria;Grado: Veterinaria;Grado;Baleares;Mujeres;No;Tiempo Parcial;1;27/08/2023
2022;Zaragoza;Facultad;Facultad de Veterinaria;Grado: Veterinaria;Grado;Canarias;Hombres;Sí;Tiempo Completo;1;27/08/2023
2022;Zaragoza;Facultad;Facultad de Veterinaria;Grado: Veterinaria;Grado;Canarias;Mujeres;No;Tiempo Completo;5;27/08/2023
2022;Zaragoza;Facultad;Facultad de Veterinaria;Grado: Veterinaria;Grado;Cantabria;Mujeres;No;Tiempo Completo;2;27/08/2023
2022;Zaragoza;Facultad;Facultad de Veterinaria;Grado: Veterinaria;Grado;Castilla y Leon;Hombres;No;Tiempo Completo;4;27/08/2023
2022;Zaragoza;Facultad;Facultad de Veterinaria;Grado: Veterinaria;Grado;Castilla y Leon;Hombres;No;Tiempo Parcial;1;27/08/2023
2022;Zaragoza;Facultad;Facultad de Veterinaria;Grado: Veterinaria;Grado;Castilla y Leon;Mujeres;No;Tiempo Completo;18;27/08/2023
2022;Zaragoza;Facultad;Facultad de Veterinaria;Grado: Veterinaria;Grado;Castilla y Leon;Mujeres;Sí;Tiempo Completo;2;27/08/2023
2022;Zaragoza;Facultad;Facultad de Veterinaria;Grado: Veterinaria;Grado;Castilla-La Mancha;Hombres;No;Tiempo Completo;4;27/08/2023
2022;Zaragoza;Facultad;Facultad de Veterinaria;Grado: Veterinaria;Grado;Castilla-La Mancha;Mujeres;No;Otra dedicación;1;27/08/2023
2022;Zaragoza;Facultad;Facultad de Veterinaria;Grado: Veterinaria;Grado;Castilla-La Mancha;Mujeres;No;Tiempo Completo;20;27/08/2023
2022;Zaragoza;Facultad;Facultad de Veterinaria;Grado: Veterinaria;Grado;Castilla-La Mancha;Mujeres;Sí;Tiempo Completo;1;27/08/2023
2022;Zaragoza;Facultad;Facultad de Veterinaria;Grado: Veterinaria;Grado;Catalunya;Hombres;No;Tiempo Completo;8;27/08/2023
2022;Zaragoza;Facultad;Facultad de Veterinaria;Grado: Veterinaria;Grado;Catalunya;Mujeres;No;Tiempo Completo;28;27/08/2023
2022;Zaragoza;Facultad;Facultad de Veterinaria;Grado: Veterinaria;Grado;Catalunya;Mujeres;Sí;Tiempo Completo;2;27/08/2023
2022;Zaragoza;Facultad;Facultad de Veterinaria;Grado: Veterinaria;Grado;Catalunya;Mujeres;No;Tiempo Parcial;3;27/08/2023
2022;Zaragoza;Facultad;Facultad de Veterinaria;Grado: Veterinaria;Grado;Ciudad autónoma de Ceuta;Mujeres;No;Tiempo Completo;1;27/08/2023
2022;Zaragoza;Facultad;Facultad de Veterinaria;Grado: Veterinaria;Grado;Ciudad autónoma de Melilla;Mujeres;No;Tiempo Completo;3;27/08/2023
2022;Zaragoza;Facultad;Facultad de Veterinaria;Grado: Veterinaria;Grado;Comunidad Valenciana;Hombres;No;Tiempo Completo;6;27/08/2023
2022;Zaragoza;Facultad;Facultad de Veterinaria;Grado: Veterinaria;Grado;Comunidad Valenciana;Hombres;Sí;Tiempo Completo;1;27/08/2023
2022;Zaragoza;Facultad;Facultad de Veterinaria;Grado: Veterinaria;Grado;Comunidad Valenciana;Mujeres;No;Tiempo Completo;46;27/08/2023
2022;Zaragoza;Facultad;Facultad de Veterinaria;Grado: Veterinaria;Grado;Comunidad Valenciana;Mujeres;Sí;Tiempo Completo;3;27/08/2023
2022;Zaragoza;Facultad;Facultad de Veterinaria;Grado: Veterinaria;Grado;Comunidad Valenciana;Mujeres;No;Tiempo Parcial;2;27/08/2023
2022;Zaragoza;Facultad;Facultad de Veterinaria;Grado: Veterinaria;Grado;Extremadura;Mujeres;No;Tiempo Completo;1;27/08/2023
2022;Zaragoza;Facultad;Facultad de Veterinaria;Grado: Veterinaria;Grado;Galicia;Mujeres;No;Tiempo Completo;1;27/08/2023
2022;Zaragoza;Facultad;Facultad de Veterinaria;Grado: Veterinaria;Grado;La Rioja;Hombres;No;Tiempo Completo;5;27/08/2023
2022;Zaragoza;Facultad;Facultad de Veterinaria;Grado: Veterinaria;Grado;La Rioja;Hombres;Sí;Tiempo Completo;1;27/08/2023
2022;Zaragoza;Facultad;Facultad de Veterinaria;Grado: Veterinaria;Grado;La Rioja;Mujeres;No;Tiempo Completo;10;27/08/2023
2022;Zaragoza;Facultad;Facultad de Veterinaria;Grado: Veterinaria;Grado;La Rioja;Mujeres;Sí;Tiempo Completo;1;27/08/2023
2022;Zaragoza;Facultad;Facultad de Veterinaria;Grado: Veterinaria;Grado;La Rioja;Mujeres;No;Tiempo Parcial;1;27/08/2023
2022;Zaragoza;Facultad;Facultad de Veterinaria;Grado: Veterinaria;Grado;Madrid;Hombres;No;Tiempo Completo;7;27/08/2023
2022;Zaragoza;Facultad;Facultad de Veterinaria;Grado: Veterinaria;Grado;Madrid;Hombres;Sí;Tiempo Completo;1;27/08/2023
2022;Zaragoza;Facultad;Facultad de Veterinaria;Grado: Veterinaria;Grado;Madrid;Mujeres;No;Otra dedicación;1;27/08/2023
2022;Zaragoza;Facultad;Facultad de Veterinaria;Grado: Veterinaria;Grado;Madrid;Mujeres;No;Tiempo Completo;34;27/08/2023
2022;Zaragoza;Facultad;Facultad de Veterinaria;Grado: Veterinaria;Grado;Madrid;Mujeres;Sí;Tiempo Completo;2;27/08/2023
2022;Zaragoza;Facultad;Facultad de Veterinaria;Grado: Veterinaria;Grado;Murcia;Hombres;No;Tiempo Completo;1;27/08/2023
2022;Zaragoza;Facultad;Facultad de Veterinaria;Grado: Veterinaria;Grado;Murcia;Mujeres;No;Tiempo Completo;1;27/08/2023
2022;Zaragoza;Facultad;Facultad de Veterinaria;Grado: Veterinaria;Grado;Navarra;Hombres;No;Tiempo Completo;6;27/08/2023
2022;Zaragoza;Facultad;Facultad de Veterinaria;Grado: Veterinaria;Grado;Navarra;Mujeres;No;Tiempo Completo;24;27/08/2023
2022;Zaragoza;Facultad;Facultad de Veterinaria;Grado: Veterinaria;Grado;Navarra;Mujeres;No;Tiempo Parcial;1;27/08/2023
2022;Zaragoza;Facultad;Facultad de Veterinaria;Grado: Veterinaria;Grado;No Informado;Hombres;No;Tiempo Completo;6;27/08/2023
2022;Zaragoza;Facultad;Facultad de Veterinaria;Grado: Veterinaria;Grado;No Informado;Mujeres;No;Tiempo Completo;58;27/08/2023
2022;Zaragoza;Facultad;Facultad de Veterinaria;Grado: Veterinaria;Grado;No Informado;Mujeres;Sí;Tiempo Completo;2;27/08/2023
2022;Zaragoza;Facultad;Facultad de Veterinaria;Grado: Veterinaria;Grado;Pais Vasco;Hombres;No;Tiempo Completo;10;27/08/2023
2022;Zaragoza;Facultad;Facultad de Veterinaria;Grado: Veterinaria;Grado;Pais Vasco;Hombres;Sí;Tiempo Completo;1;27/08/2023
2022;Zaragoza;Facultad;Facultad de Veterinaria;Grado: Veterinaria;Grado;Pais Vasco;Hombres;No;Tiempo Parcial;1;27/08/2023
2022;Zaragoza;Facultad;Facultad de Veterinaria;Grado: Veterinaria;Grado;Pais Vasco;Mujeres;No;Otra dedicación;2;27/08/2023
2022;Zaragoza;Facultad;Facultad de Veterinaria;Grado: Veterinaria;Grado;Pais Vasco;Mujeres;No;Tiempo Completo;49;27/08/2023
2022;Zaragoza;Facultad;Facultad de Veterinaria;Movilidad para 1º y 2º ciclo y grado;Movilidad de entrada;Aragón;Mujeres;No;Tiempo Completo;1;27/08/2023
2022;Zaragoza;Facultad;Facultad de Veterinaria;Movilidad para 1º y 2º ciclo y grado;Movilidad de entrada;Castilla-La Mancha;Mujeres;No;Tiempo Completo;1;27/08/2023
2022;Zaragoza;Facultad;Facultad de Veterinaria;Movilidad para 1º y 2º ciclo y grado;Movilidad de entrada;Catalunya;Mujeres;No;Tiempo Completo;1;27/08/2023
2022;Zaragoza;Facultad;Facultad de Veterinaria;Movilidad para 1º y 2º ciclo y grado;Movilidad de entrada;Comunidad Valenciana;Mujeres;No;Tiempo Completo;2;27/08/2023
2022;Zaragoza;Facultad;Facultad de Veterinaria;Movilidad para 1º y 2º ciclo y grado;Movilidad de entrada;No Informado;Hombres;No;Tiempo Completo;12;27/08/2023
2022;Zaragoza;Facultad;Facultad de Veterinaria;Movilidad para 1º y 2º ciclo y grado;Movilidad de entrada;No Informado;Mujeres;No;Tiempo Completo;23;27/08/2023
2022;Zaragoza;Facultad;Facultad de Veterinaria;Máster: Calidad, Seguridad y Tecnología de los Alimentos;Máster;Andalucía;Mujeres;No;Tiempo Completo;1;27/08/2023
2022;Zaragoza;Facultad;Facultad de Veterinaria;Máster: Calidad, Seguridad y Tecnología de los Alimentos;Máster;Aragón;Hombres;No;Otra dedicación;1;27/08/2023
2022;Zaragoza;Facultad;Facultad de Veterinaria;Máster: Calidad, Seguridad y Tecnología de los Alimentos;Máster;Aragón;Hombres;No;Tiempo Completo;8;27/08/2023
2022;Zaragoza;Facultad;Facultad de Veterinaria;Máster: Calidad, Seguridad y Tecnología de los Alimentos;Máster;Aragón;Hombres;No;Tiempo Parcial;1;27/08/2023
2022;Zaragoza;Facultad;Facultad de Veterinaria;Máster: Calidad, Seguridad y Tecnología de los Alimentos;Máster;Aragón;Mujeres;No;Tiempo Completo;19;27/08/2023
2022;Zaragoza;Facultad;Facultad de Veterinaria;Máster: Calidad, Seguridad y Tecnología de los Alimentos;Máster;Aragón;Mujeres;No;Tiempo Parcial;3;27/08/2023
2022;Zaragoza;Facultad;Facultad de Veterinaria;Máster: Calidad, Seguridad y Tecnología de los Alimentos;Máster;Castilla y Leon;Hombres;No;Tiempo Completo;1;27/08/2023
2022;Zaragoza;Facultad;Facultad de Veterinaria;Máster: Calidad, Seguridad y Tecnología de los Alimentos;Máster;Castilla y Leon;Mujeres;No;Tiempo Completo;3;27/08/2023
2022;Zaragoza;Facultad;Facultad de Veterinaria;Máster: Calidad, Seguridad y Tecnología de los Alimentos;Máster;La Rioja;Hombres;No;Tiempo Completo;1;27/08/2023
2022;Zaragoza;Facultad;Facultad de Veterinaria;Máster: Calidad, Seguridad y Tecnología de los Alimentos;Máster;La Rioja;Mujeres;No;Tiempo Completo;1;27/08/2023
2022;Zaragoza;Facultad;Facultad de Veterinaria;Máster: Calidad, Seguridad y Tecnología de los Alimentos;Máster;Navarra;Mujeres;No;Tiempo Completo;4;27/08/2023
2022;Zaragoza;Facultad;Facultad de Veterinaria;Máster: Nutrición Animal;Máster;Aragón;Hombres;No;Tiempo Completo;6;27/08/2023
2022;Zaragoza;Facultad;Facultad de Veterinaria;Máster: Nutrición Animal;Máster;Aragón;Mujeres;No;Tiempo Completo;6;27/08/2023
2022;Zaragoza;Facultad;Facultad de Veterinaria;Máster: Nutrición Animal;Máster;Catalunya;Hombres;No;Tiempo Completo;2;27/08/2023
2022;Zaragoza;Facultad;Facultad de Veterinaria;Máster: Nutrición Animal;Máster;Catalunya;Mujeres;No;Tiempo Completo;1;27/08/2023
2022;Zaragoza;Facultad;Facultad de Veterinaria;Máster: Nutrición Animal;Máster;No Informado;Hombres;No;Tiempo Completo;3;27/08/2023
2022;Zaragoza;Facultad;Facultad de Veterinaria;Máster: Salud Global: Integración de la Salud Ambiental, Humana y Animal;Máster;Aragón;Hombres;No;Tiempo Completo;2;27/08/2023
2022;Zaragoza;Facultad;Facultad de Veterinaria;Máster: Salud Global: Integración de la Salud Ambiental, Humana y Animal;Máster;Aragón;Hombres;No;Tiempo Parcial;1;27/08/2023
2022;Zaragoza;Facultad;Facultad de Veterinaria;Máster: Salud Global: Integración de la Salud Ambiental, Humana y Animal;Máster;Aragón;Mujeres;No;Tiempo Completo;5;27/08/2023
2022;Zaragoza;Facultad;Facultad de Veterinaria;Máster: Salud Global: Integración de la Salud Ambiental, Humana y Animal;Máster;Aragón;Mujeres;No;Tiempo Parcial;2;27/08/2023
2022;Zaragoza;Facultad;Facultad de Veterinaria;Máster: Salud Global: Integración de la Salud Ambiental, Humana y Animal;Máster;Castilla y Leon;Mujeres;No;Tiempo Completo;1;27/08/2023
2022;Zaragoza;Facultad;Facultad de Veterinaria;Máster: Salud Global: Integración de la Salud Ambiental, Humana y Animal;Máster;Extremadura;Mujeres;No;Tiempo Completo;1;27/08/2023
2022;Zaragoza;Facultad;Facultad de Veterinaria;Máster: Salud Global: Integración de la Salud Ambiental, Humana y Animal;Máster;Madrid;Mujeres;No;Tiempo Completo;1;27/08/2023
2022;Zaragoza;Facultad;Facultad de Veterinaria;Máster: Salud Global: Integración de la Salud Ambiental, Humana y Animal;Máster;No Informado;Mujeres;No;Tiempo Completo;1;27/08/2023
2022;Zaragoza;Facultad;UNITA;Movilidad para 1º y 2º ciclo y grado;Movilidad de entrada;Aragón;Hombres;No;Tiempo Completo;10;27/08/2023
2022;Zaragoza;Facultad;UNITA;Movilidad para 1º y 2º ciclo y grado;Movilidad de entrada;Aragón;Mujeres;No;Tiempo Completo;22;27/08/2023
2022;Zaragoza;Facultad;UNITA;Movilidad para 1º y 2º ciclo y grado;Movilidad de entrada;No Informado;Hombres;No;Tiempo Completo;1;27/08/2023
2022;Zaragoza;Facultad;UNITA;Movilidad para 1º y 2º ciclo y grado;Movilidad de entrada;No Informado;Mujeres;No;Tiempo Completo;4;27/08/2023
