CURSO_ACADEMICO;LOCALIDAD;TIPO_CENTRO;CENTRO;ESTUDIO;TIPO_ESTUDIO;NOMBRE_CCAA_ALUMNO;SEXO;MOVILIDAD_SALIDA;DEDICACION;ALUMNOS_MATRICULADOS;FECHA_ACTUALIZACION
2025;Almunia de Doña Godina (La);Centro adscrito;Escuela Universitaria Politécnica de la Almunia de Doña Godina;Grado: Arquitectura Técnica;Grado;Andalucía;Mujeres;No;Tiempo Completo;1;19/07/2026
2025;Almunia de Doña Godina (La);Centro adscrito;Escuela Universitaria Politécnica de la Almunia de Doña Godina;Grado: Arquitectura Técnica;Grado;Aragón;Hombres;No;Otra dedicación;10;19/07/2026
2025;Almunia de Doña Godina (La);Centro adscrito;Escuela Universitaria Politécnica de la Almunia de Doña Godina;Grado: Arquitectura Técnica;Grado;Aragón;Hombres;No;Tiempo Completo;47;19/07/2026
2025;Almunia de Doña Godina (La);Centro adscrito;Escuela Universitaria Politécnica de la Almunia de Doña Godina;Grado: Arquitectura Técnica;Grado;Aragón;Hombres;Sí;Tiempo Completo;2;19/07/2026
2025;Almunia de Doña Godina (La);Centro adscrito;Escuela Universitaria Politécnica de la Almunia de Doña Godina;Grado: Arquitectura Técnica;Grado;Aragón;Hombres;No;Tiempo Parcial;6;19/07/2026
2025;Almunia de Doña Godina (La);Centro adscrito;Escuela Universitaria Politécnica de la Almunia de Doña Godina;Grado: Arquitectura Técnica;Grado;Aragón;Mujeres;No;Otra dedicación;7;19/07/2026
2025;Almunia de Doña Godina (La);Centro adscrito;Escuela Universitaria Politécnica de la Almunia de Doña Godina;Grado: Arquitectura Técnica;Grado;Aragón;Mujeres;No;Tiempo Completo;52;19/07/2026
2025;Almunia de Doña Godina (La);Centro adscrito;Escuela Universitaria Politécnica de la Almunia de Doña Godina;Grado: Arquitectura Técnica;Grado;Aragón;Mujeres;Sí;Tiempo Completo;2;19/07/2026
2025;Almunia de Doña Godina (La);Centro adscrito;Escuela Universitaria Politécnica de la Almunia de Doña Godina;Grado: Arquitectura Técnica;Grado;Aragón;Mujeres;No;Tiempo Parcial;2;19/07/2026
2025;Almunia de Doña Godina (La);Centro adscrito;Escuela Universitaria Politécnica de la Almunia de Doña Godina;Grado: Arquitectura Técnica;Grado;Castilla y Leon;Mujeres;No;Tiempo Completo;3;19/07/2026
2025;Almunia de Doña Godina (La);Centro adscrito;Escuela Universitaria Politécnica de la Almunia de Doña Godina;Grado: Arquitectura Técnica;Grado;Catalunya;Hombres;No;Tiempo Completo;4;19/07/2026
2025;Almunia de Doña Godina (La);Centro adscrito;Escuela Universitaria Politécnica de la Almunia de Doña Godina;Grado: Arquitectura Técnica;Grado;Catalunya;Mujeres;No;Tiempo Completo;2;19/07/2026
2025;Almunia de Doña Godina (La);Centro adscrito;Escuela Universitaria Politécnica de la Almunia de Doña Godina;Grado: Arquitectura Técnica;Grado;Comunidad Valenciana;Hombres;No;Tiempo Completo;1;19/07/2026
2025;Almunia de Doña Godina (La);Centro adscrito;Escuela Universitaria Politécnica de la Almunia de Doña Godina;Grado: Arquitectura Técnica;Grado;Comunidad Valenciana;Mujeres;No;Tiempo Completo;1;19/07/2026
2025;Almunia de Doña Godina (La);Centro adscrito;Escuela Universitaria Politécnica de la Almunia de Doña Godina;Grado: Arquitectura Técnica;Grado;La Rioja;Mujeres;No;Otra dedicación;1;19/07/2026
2025;Almunia de Doña Godina (La);Centro adscrito;Escuela Universitaria Politécnica de la Almunia de Doña Godina;Grado: Arquitectura Técnica;Grado;Madrid;Mujeres;No;Tiempo Completo;1;19/07/2026
2025;Almunia de Doña Godina (La);Centro adscrito;Escuela Universitaria Politécnica de la Almunia de Doña Godina;Grado: Arquitectura Técnica;Grado;Murcia;Hombres;No;Tiempo Completo;1;19/07/2026
2025;Almunia de Doña Godina (La);Centro adscrito;Escuela Universitaria Politécnica de la Almunia de Doña Godina;Grado: Arquitectura Técnica;Grado;Navarra;Hombres;No;Tiempo Completo;7;19/07/2026
2025;Almunia de Doña Godina (La);Centro adscrito;Escuela Universitaria Politécnica de la Almunia de Doña Godina;Grado: Arquitectura Técnica;Grado;Navarra;Mujeres;No;Otra dedicación;1;19/07/2026
2025;Almunia de Doña Godina (La);Centro adscrito;Escuela Universitaria Politécnica de la Almunia de Doña Godina;Grado: Arquitectura Técnica;Grado;Navarra;Mujeres;No;Tiempo Completo;2;19/07/2026
2025;Almunia de Doña Godina (La);Centro adscrito;Escuela Universitaria Politécnica de la Almunia de Doña Godina;Grado: Arquitectura Técnica;Grado;No Informado;Hombres;No;Tiempo Completo;1;19/07/2026
2025;Almunia de Doña Godina (La);Centro adscrito;Escuela Universitaria Politécnica de la Almunia de Doña Godina;Grado: Arquitectura Técnica;Grado;No Informado;Mujeres;No;Otra dedicación;1;19/07/2026
2025;Almunia de Doña Godina (La);Centro adscrito;Escuela Universitaria Politécnica de la Almunia de Doña Godina;Grado: Arquitectura Técnica;Grado;Pais Vasco;Hombres;No;Otra dedicación;1;19/07/2026
2025;Almunia de Doña Godina (La);Centro adscrito;Escuela Universitaria Politécnica de la Almunia de Doña Godina;Grado: Arquitectura Técnica;Grado;Pais Vasco;Mujeres;No;Tiempo Completo;2;19/07/2026
2025;Almunia de Doña Godina (La);Centro adscrito;Escuela Universitaria Politécnica de la Almunia de Doña Godina;Grado: Ingeniería Civil;Grado;Andalucía;Hombres;No;Tiempo Completo;1;19/07/2026
2025;Almunia de Doña Godina (La);Centro adscrito;Escuela Universitaria Politécnica de la Almunia de Doña Godina;Grado: Ingeniería Civil;Grado;Andalucía;Mujeres;No;Tiempo Parcial;1;19/07/2026
2025;Almunia de Doña Godina (La);Centro adscrito;Escuela Universitaria Politécnica de la Almunia de Doña Godina;Grado: Ingeniería Civil;Grado;Aragón;Hombres;No;Otra dedicación;6;19/07/2026
2025;Almunia de Doña Godina (La);Centro adscrito;Escuela Universitaria Politécnica de la Almunia de Doña Godina;Grado: Ingeniería Civil;Grado;Aragón;Hombres;No;Tiempo Completo;51;19/07/2026
2025;Almunia de Doña Godina (La);Centro adscrito;Escuela Universitaria Politécnica de la Almunia de Doña Godina;Grado: Ingeniería Civil;Grado;Aragón;Hombres;Sí;Tiempo Completo;2;19/07/2026
2025;Almunia de Doña Godina (La);Centro adscrito;Escuela Universitaria Politécnica de la Almunia de Doña Godina;Grado: Ingeniería Civil;Grado;Aragón;Hombres;No;Tiempo Parcial;3;19/07/2026
2025;Almunia de Doña Godina (La);Centro adscrito;Escuela Universitaria Politécnica de la Almunia de Doña Godina;Grado: Ingeniería Civil;Grado;Aragón;Mujeres;No;Otra dedicación;1;19/07/2026
2025;Almunia de Doña Godina (La);Centro adscrito;Escuela Universitaria Politécnica de la Almunia de Doña Godina;Grado: Ingeniería Civil;Grado;Aragón;Mujeres;No;Tiempo Completo;27;19/07/2026
2025;Almunia de Doña Godina (La);Centro adscrito;Escuela Universitaria Politécnica de la Almunia de Doña Godina;Grado: Ingeniería Civil;Grado;Aragón;Mujeres;No;Tiempo Parcial;9;19/07/2026
2025;Almunia de Doña Godina (La);Centro adscrito;Escuela Universitaria Politécnica de la Almunia de Doña Godina;Grado: Ingeniería Civil;Grado;Baleares;Mujeres;No;Tiempo Completo;2;19/07/2026
2025;Almunia de Doña Godina (La);Centro adscrito;Escuela Universitaria Politécnica de la Almunia de Doña Godina;Grado: Ingeniería Civil;Grado;Castilla-La Mancha;Mujeres;No;Tiempo Parcial;1;19/07/2026
2025;Almunia de Doña Godina (La);Centro adscrito;Escuela Universitaria Politécnica de la Almunia de Doña Godina;Grado: Ingeniería Civil;Grado;Catalunya;Hombres;No;Tiempo Completo;2;19/07/2026
2025;Almunia de Doña Godina (La);Centro adscrito;Escuela Universitaria Politécnica de la Almunia de Doña Godina;Grado: Ingeniería Civil;Grado;Catalunya;Mujeres;No;Tiempo Completo;4;19/07/2026
2025;Almunia de Doña Godina (La);Centro adscrito;Escuela Universitaria Politécnica de la Almunia de Doña Godina;Grado: Ingeniería Civil;Grado;Comunidad Valenciana;Hombres;No;Tiempo Completo;3;19/07/2026
2025;Almunia de Doña Godina (La);Centro adscrito;Escuela Universitaria Politécnica de la Almunia de Doña Godina;Grado: Ingeniería Civil;Grado;Comunidad Valenciana;Mujeres;No;Tiempo Completo;1;19/07/2026
2025;Almunia de Doña Godina (La);Centro adscrito;Escuela Universitaria Politécnica de la Almunia de Doña Godina;Grado: Ingeniería Civil;Grado;La Rioja;Hombres;No;Otra dedicación;1;19/07/2026
2025;Almunia de Doña Godina (La);Centro adscrito;Escuela Universitaria Politécnica de la Almunia de Doña Godina;Grado: Ingeniería Civil;Grado;La Rioja;Hombres;No;Tiempo Completo;1;19/07/2026
2025;Almunia de Doña Godina (La);Centro adscrito;Escuela Universitaria Politécnica de la Almunia de Doña Godina;Grado: Ingeniería Civil;Grado;La Rioja;Mujeres;No;Tiempo Completo;1;19/07/2026
2025;Almunia de Doña Godina (La);Centro adscrito;Escuela Universitaria Politécnica de la Almunia de Doña Godina;Grado: Ingeniería Civil;Grado;Madrid;Mujeres;No;Tiempo Completo;1;19/07/2026
2025;Almunia de Doña Godina (La);Centro adscrito;Escuela Universitaria Politécnica de la Almunia de Doña Godina;Grado: Ingeniería Civil;Grado;Navarra;Hombres;No;Tiempo Completo;3;19/07/2026
2025;Almunia de Doña Godina (La);Centro adscrito;Escuela Universitaria Politécnica de la Almunia de Doña Godina;Grado: Ingeniería Civil;Grado;Navarra;Mujeres;No;Tiempo Completo;1;19/07/2026
2025;Almunia de Doña Godina (La);Centro adscrito;Escuela Universitaria Politécnica de la Almunia de Doña Godina;Grado: Ingeniería Civil;Grado;No Informado;Hombres;No;Tiempo Completo;1;19/07/2026
2025;Almunia de Doña Godina (La);Centro adscrito;Escuela Universitaria Politécnica de la Almunia de Doña Godina;Grado: Ingeniería Civil;Grado;No Informado;Hombres;No;Tiempo Parcial;1;19/07/2026
2025;Almunia de Doña Godina (La);Centro adscrito;Escuela Universitaria Politécnica de la Almunia de Doña Godina;Grado: Ingeniería de Datos en Procesos Industriales;Grado;Aragón;Hombres;No;Otra dedicación;16;19/07/2026
2025;Almunia de Doña Godina (La);Centro adscrito;Escuela Universitaria Politécnica de la Almunia de Doña Godina;Grado: Ingeniería de Datos en Procesos Industriales;Grado;Aragón;Hombres;No;Tiempo Completo;98;19/07/2026
2025;Almunia de Doña Godina (La);Centro adscrito;Escuela Universitaria Politécnica de la Almunia de Doña Godina;Grado: Ingeniería de Datos en Procesos Industriales;Grado;Aragón;Hombres;Sí;Tiempo Completo;7;19/07/2026
2025;Almunia de Doña Godina (La);Centro adscrito;Escuela Universitaria Politécnica de la Almunia de Doña Godina;Grado: Ingeniería de Datos en Procesos Industriales;Grado;Aragón;Hombres;No;Tiempo Parcial;2;19/07/2026
2025;Almunia de Doña Godina (La);Centro adscrito;Escuela Universitaria Politécnica de la Almunia de Doña Godina;Grado: Ingeniería de Datos en Procesos Industriales;Grado;Aragón;Mujeres;No;Tiempo Completo;24;19/07/2026
2025;Almunia de Doña Godina (La);Centro adscrito;Escuela Universitaria Politécnica de la Almunia de Doña Godina;Grado: Ingeniería de Datos en Procesos Industriales;Grado;Aragón;Mujeres;Sí;Tiempo Completo;2;19/07/2026
2025;Almunia de Doña Godina (La);Centro adscrito;Escuela Universitaria Politécnica de la Almunia de Doña Godina;Grado: Ingeniería de Datos en Procesos Industriales;Grado;Aragón;Mujeres;No;Tiempo Parcial;2;19/07/2026
2025;Almunia de Doña Godina (La);Centro adscrito;Escuela Universitaria Politécnica de la Almunia de Doña Godina;Grado: Ingeniería de Datos en Procesos Industriales;Grado;Castilla y Leon;Hombres;No;Otra dedicación;1;19/07/2026
2025;Almunia de Doña Godina (La);Centro adscrito;Escuela Universitaria Politécnica de la Almunia de Doña Godina;Grado: Ingeniería de Datos en Procesos Industriales;Grado;Castilla y Leon;Mujeres;No;Otra dedicación;1;19/07/2026
2025;Almunia de Doña Godina (La);Centro adscrito;Escuela Universitaria Politécnica de la Almunia de Doña Godina;Grado: Ingeniería de Datos en Procesos Industriales;Grado;Castilla-La Mancha;Mujeres;No;Tiempo Completo;2;19/07/2026
2025;Almunia de Doña Godina (La);Centro adscrito;Escuela Universitaria Politécnica de la Almunia de Doña Godina;Grado: Ingeniería de Datos en Procesos Industriales;Grado;Catalunya;Hombres;No;Tiempo Completo;5;19/07/2026
2025;Almunia de Doña Godina (La);Centro adscrito;Escuela Universitaria Politécnica de la Almunia de Doña Godina;Grado: Ingeniería de Datos en Procesos Industriales;Grado;Comunidad Valenciana;Hombres;No;Tiempo Completo;2;19/07/2026
2025;Almunia de Doña Godina (La);Centro adscrito;Escuela Universitaria Politécnica de la Almunia de Doña Godina;Grado: Ingeniería de Datos en Procesos Industriales;Grado;La Rioja;Hombres;No;Tiempo Completo;1;19/07/2026
2025;Almunia de Doña Godina (La);Centro adscrito;Escuela Universitaria Politécnica de la Almunia de Doña Godina;Grado: Ingeniería de Datos en Procesos Industriales;Grado;Madrid;Mujeres;No;Tiempo Completo;2;19/07/2026
2025;Almunia de Doña Godina (La);Centro adscrito;Escuela Universitaria Politécnica de la Almunia de Doña Godina;Grado: Ingeniería de Datos en Procesos Industriales;Grado;Navarra;Hombres;No;Otra dedicación;2;19/07/2026
2025;Almunia de Doña Godina (La);Centro adscrito;Escuela Universitaria Politécnica de la Almunia de Doña Godina;Grado: Ingeniería de Datos en Procesos Industriales;Grado;Navarra;Hombres;No;Tiempo Completo;3;19/07/2026
2025;Almunia de Doña Godina (La);Centro adscrito;Escuela Universitaria Politécnica de la Almunia de Doña Godina;Grado: Ingeniería de Datos en Procesos Industriales;Grado;Navarra;Mujeres;No;Tiempo Completo;1;19/07/2026
2025;Almunia de Doña Godina (La);Centro adscrito;Escuela Universitaria Politécnica de la Almunia de Doña Godina;Grado: Ingeniería de Datos en Procesos Industriales;Grado;No Informado;Hombres;No;Tiempo Completo;1;19/07/2026
2025;Almunia de Doña Godina (La);Centro adscrito;Escuela Universitaria Politécnica de la Almunia de Doña Godina;Grado: Ingeniería de Datos en Procesos Industriales;Grado;No Informado;Mujeres;No;Tiempo Completo;3;19/07/2026
2025;Almunia de Doña Godina (La);Centro adscrito;Escuela Universitaria Politécnica de la Almunia de Doña Godina;Grado: Ingeniería de Datos en Procesos Industriales;Grado;Pais Vasco;Hombres;No;Otra dedicación;1;19/07/2026
2025;Almunia de Doña Godina (La);Centro adscrito;Escuela Universitaria Politécnica de la Almunia de Doña Godina;Grado: Ingeniería de Organización Industrial;Grado;Andalucía;Hombres;No;Tiempo Completo;1;19/07/2026
2025;Almunia de Doña Godina (La);Centro adscrito;Escuela Universitaria Politécnica de la Almunia de Doña Godina;Grado: Ingeniería de Organización Industrial;Grado;Andalucía;Mujeres;No;Tiempo Completo;1;19/07/2026
2025;Almunia de Doña Godina (La);Centro adscrito;Escuela Universitaria Politécnica de la Almunia de Doña Godina;Grado: Ingeniería de Organización Industrial;Grado;Aragón;Hombres;No;Otra dedicación;7;19/07/2026
2025;Almunia de Doña Godina (La);Centro adscrito;Escuela Universitaria Politécnica de la Almunia de Doña Godina;Grado: Ingeniería de Organización Industrial;Grado;Aragón;Hombres;No;Tiempo Completo;69;19/07/2026
2025;Almunia de Doña Godina (La);Centro adscrito;Escuela Universitaria Politécnica de la Almunia de Doña Godina;Grado: Ingeniería de Organización Industrial;Grado;Aragón;Hombres;Sí;Tiempo Completo;2;19/07/2026
2025;Almunia de Doña Godina (La);Centro adscrito;Escuela Universitaria Politécnica de la Almunia de Doña Godina;Grado: Ingeniería de Organización Industrial;Grado;Aragón;Hombres;No;Tiempo Parcial;27;19/07/2026
2025;Almunia de Doña Godina (La);Centro adscrito;Escuela Universitaria Politécnica de la Almunia de Doña Godina;Grado: Ingeniería de Organización Industrial;Grado;Aragón;Mujeres;No;Otra dedicación;8;19/07/2026
2025;Almunia de Doña Godina (La);Centro adscrito;Escuela Universitaria Politécnica de la Almunia de Doña Godina;Grado: Ingeniería de Organización Industrial;Grado;Aragón;Mujeres;No;Tiempo Completo;27;19/07/2026
2025;Almunia de Doña Godina (La);Centro adscrito;Escuela Universitaria Politécnica de la Almunia de Doña Godina;Grado: Ingeniería de Organización Industrial;Grado;Aragón;Mujeres;Sí;Tiempo Completo;2;19/07/2026
2025;Almunia de Doña Godina (La);Centro adscrito;Escuela Universitaria Politécnica de la Almunia de Doña Godina;Grado: Ingeniería de Organización Industrial;Grado;Aragón;Mujeres;No;Tiempo Parcial;13;19/07/2026
2025;Almunia de Doña Godina (La);Centro adscrito;Escuela Universitaria Politécnica de la Almunia de Doña Godina;Grado: Ingeniería de Organización Industrial;Grado;Castilla-La Mancha;Hombres;No;Tiempo Parcial;2;19/07/2026
2025;Almunia de Doña Godina (La);Centro adscrito;Escuela Universitaria Politécnica de la Almunia de Doña Godina;Grado: Ingeniería de Organización Industrial;Grado;Catalunya;Hombres;No;Tiempo Completo;1;19/07/2026
2025;Almunia de Doña Godina (La);Centro adscrito;Escuela Universitaria Politécnica de la Almunia de Doña Godina;Grado: Ingeniería de Organización Industrial;Grado;Catalunya;Hombres;No;Tiempo Parcial;2;19/07/2026
2025;Almunia de Doña Godina (La);Centro adscrito;Escuela Universitaria Politécnica de la Almunia de Doña Godina;Grado: Ingeniería de Organización Industrial;Grado;La Rioja;Hombres;No;Otra dedicación;1;19/07/2026
2025;Almunia de Doña Godina (La);Centro adscrito;Escuela Universitaria Politécnica de la Almunia de Doña Godina;Grado: Ingeniería de Organización Industrial;Grado;La Rioja;Hombres;No;Tiempo Parcial;1;19/07/2026
2025;Almunia de Doña Godina (La);Centro adscrito;Escuela Universitaria Politécnica de la Almunia de Doña Godina;Grado: Ingeniería de Organización Industrial;Grado;La Rioja;Mujeres;No;Tiempo Completo;1;19/07/2026
2025;Almunia de Doña Godina (La);Centro adscrito;Escuela Universitaria Politécnica de la Almunia de Doña Godina;Grado: Ingeniería de Organización Industrial;Grado;Madrid;Hombres;No;Tiempo Completo;2;19/07/2026
2025;Almunia de Doña Godina (La);Centro adscrito;Escuela Universitaria Politécnica de la Almunia de Doña Godina;Grado: Ingeniería de Organización Industrial;Grado;Madrid;Hombres;No;Tiempo Parcial;2;19/07/2026
2025;Almunia de Doña Godina (La);Centro adscrito;Escuela Universitaria Politécnica de la Almunia de Doña Godina;Grado: Ingeniería de Organización Industrial;Grado;Madrid;Mujeres;No;Tiempo Completo;1;19/07/2026
2025;Almunia de Doña Godina (La);Centro adscrito;Escuela Universitaria Politécnica de la Almunia de Doña Godina;Grado: Ingeniería de Organización Industrial;Grado;Madrid;Mujeres;No;Tiempo Parcial;3;19/07/2026
2025;Almunia de Doña Godina (La);Centro adscrito;Escuela Universitaria Politécnica de la Almunia de Doña Godina;Grado: Ingeniería de Organización Industrial;Grado;Murcia;Hombres;No;Otra dedicación;1;19/07/2026
2025;Almunia de Doña Godina (La);Centro adscrito;Escuela Universitaria Politécnica de la Almunia de Doña Godina;Grado: Ingeniería de Organización Industrial;Grado;Navarra;Hombres;No;Otra dedicación;1;19/07/2026
2025;Almunia de Doña Godina (La);Centro adscrito;Escuela Universitaria Politécnica de la Almunia de Doña Godina;Grado: Ingeniería de Organización Industrial;Grado;Navarra;Hombres;Sí;Otra dedicación;1;19/07/2026
2025;Almunia de Doña Godina (La);Centro adscrito;Escuela Universitaria Politécnica de la Almunia de Doña Godina;Grado: Ingeniería de Organización Industrial;Grado;Navarra;Hombres;No;Tiempo Completo;4;19/07/2026
2025;Almunia de Doña Godina (La);Centro adscrito;Escuela Universitaria Politécnica de la Almunia de Doña Godina;Grado: Ingeniería de Organización Industrial;Grado;Navarra;Hombres;No;Tiempo Parcial;4;19/07/2026
2025;Almunia de Doña Godina (La);Centro adscrito;Escuela Universitaria Politécnica de la Almunia de Doña Godina;Grado: Ingeniería de Organización Industrial;Grado;Navarra;Mujeres;No;Tiempo Completo;2;19/07/2026
2025;Almunia de Doña Godina (La);Centro adscrito;Escuela Universitaria Politécnica de la Almunia de Doña Godina;Grado: Ingeniería de Organización Industrial;Grado;No Informado;Mujeres;No;Tiempo Completo;3;19/07/2026
2025;Almunia de Doña Godina (La);Centro adscrito;Escuela Universitaria Politécnica de la Almunia de Doña Godina;Grado: Ingeniería de Organización Industrial;Grado;No Informado;Mujeres;No;Tiempo Parcial;1;19/07/2026
2025;Almunia de Doña Godina (La);Centro adscrito;Escuela Universitaria Politécnica de la Almunia de Doña Godina;Grado: Ingeniería de Organización Industrial;Grado;Pais Vasco;Mujeres;No;Tiempo Parcial;2;19/07/2026
2025;Almunia de Doña Godina (La);Centro adscrito;Escuela Universitaria Politécnica de la Almunia de Doña Godina;Grado: Ingeniería Mecatrónica;Grado;Aragón;Hombres;No;Otra dedicación;29;19/07/2026
2025;Almunia de Doña Godina (La);Centro adscrito;Escuela Universitaria Politécnica de la Almunia de Doña Godina;Grado: Ingeniería Mecatrónica;Grado;Aragón;Hombres;No;Tiempo Completo;112;19/07/2026
2025;Almunia de Doña Godina (La);Centro adscrito;Escuela Universitaria Politécnica de la Almunia de Doña Godina;Grado: Ingeniería Mecatrónica;Grado;Aragón;Hombres;Sí;Tiempo Completo;1;19/07/2026
2025;Almunia de Doña Godina (La);Centro adscrito;Escuela Universitaria Politécnica de la Almunia de Doña Godina;Grado: Ingeniería Mecatrónica;Grado;Aragón;Hombres;No;Tiempo Parcial;6;19/07/2026
2025;Almunia de Doña Godina (La);Centro adscrito;Escuela Universitaria Politécnica de la Almunia de Doña Godina;Grado: Ingeniería Mecatrónica;Grado;Aragón;Mujeres;No;Otra dedicación;1;19/07/2026
2025;Almunia de Doña Godina (La);Centro adscrito;Escuela Universitaria Politécnica de la Almunia de Doña Godina;Grado: Ingeniería Mecatrónica;Grado;Aragón;Mujeres;No;Tiempo Completo;17;19/07/2026
2025;Almunia de Doña Godina (La);Centro adscrito;Escuela Universitaria Politécnica de la Almunia de Doña Godina;Grado: Ingeniería Mecatrónica;Grado;Aragón;Mujeres;Sí;Tiempo Completo;1;19/07/2026
2025;Almunia de Doña Godina (La);Centro adscrito;Escuela Universitaria Politécnica de la Almunia de Doña Godina;Grado: Ingeniería Mecatrónica;Grado;Aragón;Mujeres;No;Tiempo Parcial;1;19/07/2026
2025;Almunia de Doña Godina (La);Centro adscrito;Escuela Universitaria Politécnica de la Almunia de Doña Godina;Grado: Ingeniería Mecatrónica;Grado;Asturias;Hombres;No;Tiempo Completo;1;19/07/2026
2025;Almunia de Doña Godina (La);Centro adscrito;Escuela Universitaria Politécnica de la Almunia de Doña Godina;Grado: Ingeniería Mecatrónica;Grado;Baleares;Hombres;No;Tiempo Completo;2;19/07/2026
2025;Almunia de Doña Godina (La);Centro adscrito;Escuela Universitaria Politécnica de la Almunia de Doña Godina;Grado: Ingeniería Mecatrónica;Grado;Canarias;Hombres;No;Otra dedicación;1;19/07/2026
2025;Almunia de Doña Godina (La);Centro adscrito;Escuela Universitaria Politécnica de la Almunia de Doña Godina;Grado: Ingeniería Mecatrónica;Grado;Canarias;Hombres;No;Tiempo Completo;3;19/07/2026
2025;Almunia de Doña Godina (La);Centro adscrito;Escuela Universitaria Politécnica de la Almunia de Doña Godina;Grado: Ingeniería Mecatrónica;Grado;Castilla y Leon;Hombres;No;Otra dedicación;1;19/07/2026
2025;Almunia de Doña Godina (La);Centro adscrito;Escuela Universitaria Politécnica de la Almunia de Doña Godina;Grado: Ingeniería Mecatrónica;Grado;Castilla y Leon;Mujeres;No;Tiempo Completo;1;19/07/2026
2025;Almunia de Doña Godina (La);Centro adscrito;Escuela Universitaria Politécnica de la Almunia de Doña Godina;Grado: Ingeniería Mecatrónica;Grado;Castilla-La Mancha;Mujeres;No;Otra dedicación;1;19/07/2026
2025;Almunia de Doña Godina (La);Centro adscrito;Escuela Universitaria Politécnica de la Almunia de Doña Godina;Grado: Ingeniería Mecatrónica;Grado;Castilla-La Mancha;Mujeres;No;Tiempo Completo;1;19/07/2026
2025;Almunia de Doña Godina (La);Centro adscrito;Escuela Universitaria Politécnica de la Almunia de Doña Godina;Grado: Ingeniería Mecatrónica;Grado;Catalunya;Hombres;No;Otra dedicación;1;19/07/2026
2025;Almunia de Doña Godina (La);Centro adscrito;Escuela Universitaria Politécnica de la Almunia de Doña Godina;Grado: Ingeniería Mecatrónica;Grado;Catalunya;Hombres;No;Tiempo Completo;2;19/07/2026
2025;Almunia de Doña Godina (La);Centro adscrito;Escuela Universitaria Politécnica de la Almunia de Doña Godina;Grado: Ingeniería Mecatrónica;Grado;Catalunya;Mujeres;No;Otra dedicación;1;19/07/2026
2025;Almunia de Doña Godina (La);Centro adscrito;Escuela Universitaria Politécnica de la Almunia de Doña Godina;Grado: Ingeniería Mecatrónica;Grado;Catalunya;Mujeres;No;Tiempo Completo;2;19/07/2026
2025;Almunia de Doña Godina (La);Centro adscrito;Escuela Universitaria Politécnica de la Almunia de Doña Godina;Grado: Ingeniería Mecatrónica;Grado;Ciudad autónoma de Ceuta;Hombres;No;Tiempo Completo;1;19/07/2026
2025;Almunia de Doña Godina (La);Centro adscrito;Escuela Universitaria Politécnica de la Almunia de Doña Godina;Grado: Ingeniería Mecatrónica;Grado;Ciudad autónoma de Melilla;Hombres;No;Tiempo Completo;1;19/07/2026
2025;Almunia de Doña Godina (La);Centro adscrito;Escuela Universitaria Politécnica de la Almunia de Doña Godina;Grado: Ingeniería Mecatrónica;Grado;Comunidad Valenciana;Hombres;No;Otra dedicación;3;19/07/2026
2025;Almunia de Doña Godina (La);Centro adscrito;Escuela Universitaria Politécnica de la Almunia de Doña Godina;Grado: Ingeniería Mecatrónica;Grado;Comunidad Valenciana;Hombres;No;Tiempo Completo;1;19/07/2026
2025;Almunia de Doña Godina (La);Centro adscrito;Escuela Universitaria Politécnica de la Almunia de Doña Godina;Grado: Ingeniería Mecatrónica;Grado;Comunidad Valenciana;Hombres;No;Tiempo Parcial;1;19/07/2026
2025;Almunia de Doña Godina (La);Centro adscrito;Escuela Universitaria Politécnica de la Almunia de Doña Godina;Grado: Ingeniería Mecatrónica;Grado;Comunidad Valenciana;Mujeres;No;Tiempo Completo;1;19/07/2026
2025;Almunia de Doña Godina (La);Centro adscrito;Escuela Universitaria Politécnica de la Almunia de Doña Godina;Grado: Ingeniería Mecatrónica;Grado;Extremadura;Hombres;No;Tiempo Completo;3;19/07/2026
2025;Almunia de Doña Godina (La);Centro adscrito;Escuela Universitaria Politécnica de la Almunia de Doña Godina;Grado: Ingeniería Mecatrónica;Grado;La Rioja;Hombres;No;Otra dedicación;2;19/07/2026
2025;Almunia de Doña Godina (La);Centro adscrito;Escuela Universitaria Politécnica de la Almunia de Doña Godina;Grado: Ingeniería Mecatrónica;Grado;La Rioja;Hombres;No;Tiempo Completo;6;19/07/2026
2025;Almunia de Doña Godina (La);Centro adscrito;Escuela Universitaria Politécnica de la Almunia de Doña Godina;Grado: Ingeniería Mecatrónica;Grado;Madrid;Hombres;No;Tiempo Completo;3;19/07/2026
2025;Almunia de Doña Godina (La);Centro adscrito;Escuela Universitaria Politécnica de la Almunia de Doña Godina;Grado: Ingeniería Mecatrónica;Grado;Madrid;Hombres;No;Tiempo Parcial;1;19/07/2026
2025;Almunia de Doña Godina (La);Centro adscrito;Escuela Universitaria Politécnica de la Almunia de Doña Godina;Grado: Ingeniería Mecatrónica;Grado;Madrid;Mujeres;No;Tiempo Completo;4;19/07/2026
2025;Almunia de Doña Godina (La);Centro adscrito;Escuela Universitaria Politécnica de la Almunia de Doña Godina;Grado: Ingeniería Mecatrónica;Grado;Murcia;Hombres;No;Tiempo Completo;1;19/07/2026
2025;Almunia de Doña Godina (La);Centro adscrito;Escuela Universitaria Politécnica de la Almunia de Doña Godina;Grado: Ingeniería Mecatrónica;Grado;Navarra;Hombres;No;Otra dedicación;4;19/07/2026
2025;Almunia de Doña Godina (La);Centro adscrito;Escuela Universitaria Politécnica de la Almunia de Doña Godina;Grado: Ingeniería Mecatrónica;Grado;Navarra;Hombres;No;Tiempo Completo;7;19/07/2026
2025;Almunia de Doña Godina (La);Centro adscrito;Escuela Universitaria Politécnica de la Almunia de Doña Godina;Grado: Ingeniería Mecatrónica;Grado;Navarra;Hombres;Sí;Tiempo Completo;2;19/07/2026
2025;Almunia de Doña Godina (La);Centro adscrito;Escuela Universitaria Politécnica de la Almunia de Doña Godina;Grado: Ingeniería Mecatrónica;Grado;No Informado;Hombres;No;Otra dedicación;1;19/07/2026
2025;Almunia de Doña Godina (La);Centro adscrito;Escuela Universitaria Politécnica de la Almunia de Doña Godina;Grado: Ingeniería Mecatrónica;Grado;No Informado;Hombres;No;Tiempo Completo;2;19/07/2026
2025;Almunia de Doña Godina (La);Centro adscrito;Escuela Universitaria Politécnica de la Almunia de Doña Godina;Grado: Ingeniería Mecatrónica;Grado;No Informado;Mujeres;No;Otra dedicación;1;19/07/2026
2025;Almunia de Doña Godina (La);Centro adscrito;Escuela Universitaria Politécnica de la Almunia de Doña Godina;Grado: Ingeniería Mecatrónica;Grado;No Informado;Mujeres;No;Tiempo Completo;5;19/07/2026
2025;Almunia de Doña Godina (La);Centro adscrito;Escuela Universitaria Politécnica de la Almunia de Doña Godina;Grado: Ingeniería Mecatrónica;Grado;No Informado;Mujeres;No;Tiempo Parcial;1;19/07/2026
2025;Almunia de Doña Godina (La);Centro adscrito;Escuela Universitaria Politécnica de la Almunia de Doña Godina;Grado: Ingeniería Mecatrónica;Grado;Pais Vasco;Hombres;No;Otra dedicación;3;19/07/2026
2025;Almunia de Doña Godina (La);Centro adscrito;Escuela Universitaria Politécnica de la Almunia de Doña Godina;Grado: Ingeniería Mecatrónica;Grado;Pais Vasco;Hombres;No;Tiempo Completo;5;19/07/2026
2025;Almunia de Doña Godina (La);Centro adscrito;Escuela Universitaria Politécnica de la Almunia de Doña Godina;Grado: Ingeniería Mecatrónica;Grado;Pais Vasco;Hombres;No;Tiempo Parcial;1;19/07/2026
2025;Almunia de Doña Godina (La);Centro adscrito;Escuela Universitaria Politécnica de la Almunia de Doña Godina;Grado: Ingeniería Mecatrónica;Grado;Pais Vasco;Mujeres;No;Tiempo Completo;1;19/07/2026
2025;Almunia de Doña Godina (La);Centro adscrito;Escuela Universitaria Politécnica de la Almunia de Doña Godina;Grado: Programa conjunto en Ingeniería Mecatrónica-Ingeniería de Organización  Industrial;Grado;Andalucía;Hombres;No;Tiempo Completo;2;19/07/2026
2025;Almunia de Doña Godina (La);Centro adscrito;Escuela Universitaria Politécnica de la Almunia de Doña Godina;Grado: Programa conjunto en Ingeniería Mecatrónica-Ingeniería de Organización  Industrial;Grado;Aragón;Hombres;No;Tiempo Completo;26;19/07/2026
2025;Almunia de Doña Godina (La);Centro adscrito;Escuela Universitaria Politécnica de la Almunia de Doña Godina;Grado: Programa conjunto en Ingeniería Mecatrónica-Ingeniería de Organización  Industrial;Grado;Aragón;Hombres;Sí;Tiempo Completo;6;19/07/2026
2025;Almunia de Doña Godina (La);Centro adscrito;Escuela Universitaria Politécnica de la Almunia de Doña Godina;Grado: Programa conjunto en Ingeniería Mecatrónica-Ingeniería de Organización  Industrial;Grado;Aragón;Mujeres;No;Tiempo Completo;6;19/07/2026
2025;Almunia de Doña Godina (La);Centro adscrito;Escuela Universitaria Politécnica de la Almunia de Doña Godina;Grado: Programa conjunto en Ingeniería Mecatrónica-Ingeniería de Organización  Industrial;Grado;Aragón;Mujeres;Sí;Tiempo Completo;1;19/07/2026
2025;Almunia de Doña Godina (La);Centro adscrito;Escuela Universitaria Politécnica de la Almunia de Doña Godina;Grado: Programa conjunto en Ingeniería Mecatrónica-Ingeniería de Organización  Industrial;Grado;Baleares;Hombres;No;Tiempo Completo;1;19/07/2026
2025;Almunia de Doña Godina (La);Centro adscrito;Escuela Universitaria Politécnica de la Almunia de Doña Godina;Grado: Programa conjunto en Ingeniería Mecatrónica-Ingeniería de Organización  Industrial;Grado;Cantabria;Mujeres;No;Tiempo Completo;1;19/07/2026
2025;Almunia de Doña Godina (La);Centro adscrito;Escuela Universitaria Politécnica de la Almunia de Doña Godina;Grado: Programa conjunto en Ingeniería Mecatrónica-Ingeniería de Organización  Industrial;Grado;Castilla y Leon;Hombres;No;Tiempo Completo;1;19/07/2026
2025;Almunia de Doña Godina (La);Centro adscrito;Escuela Universitaria Politécnica de la Almunia de Doña Godina;Grado: Programa conjunto en Ingeniería Mecatrónica-Ingeniería de Organización  Industrial;Grado;Comunidad Valenciana;Mujeres;No;Tiempo Completo;1;19/07/2026
2025;Almunia de Doña Godina (La);Centro adscrito;Escuela Universitaria Politécnica de la Almunia de Doña Godina;Grado: Programa conjunto en Ingeniería Mecatrónica-Ingeniería de Organización  Industrial;Grado;La Rioja;Hombres;No;Tiempo Completo;2;19/07/2026
2025;Almunia de Doña Godina (La);Centro adscrito;Escuela Universitaria Politécnica de la Almunia de Doña Godina;Grado: Programa conjunto en Ingeniería Mecatrónica-Ingeniería de Organización  Industrial;Grado;Navarra;Hombres;No;Tiempo Completo;1;19/07/2026
2025;Almunia de Doña Godina (La);Centro adscrito;Escuela Universitaria Politécnica de la Almunia de Doña Godina;Grado: Programa conjunto en Ingeniería Mecatrónica-Ingeniería de Organización  Industrial;Grado;Navarra;Mujeres;No;Tiempo Completo;1;19/07/2026
2025;Almunia de Doña Godina (La);Centro adscrito;Escuela Universitaria Politécnica de la Almunia de Doña Godina;Movilidad para 1º y 2º ciclo y grado;Movilidad de entrada;Andalucía;Mujeres;No;Tiempo Completo;1;19/07/2026
2025;Almunia de Doña Godina (La);Centro adscrito;Escuela Universitaria Politécnica de la Almunia de Doña Godina;Movilidad para 1º y 2º ciclo y grado;Movilidad de entrada;Aragón;Hombres;No;Tiempo Completo;1;19/07/2026
2025;Almunia de Doña Godina (La);Centro adscrito;Escuela Universitaria Politécnica de la Almunia de Doña Godina;Movilidad para 1º y 2º ciclo y grado;Movilidad de entrada;Aragón;Mujeres;No;Tiempo Completo;1;19/07/2026
2025;Almunia de Doña Godina (La);Centro adscrito;Escuela Universitaria Politécnica de la Almunia de Doña Godina;Movilidad para 1º y 2º ciclo y grado;Movilidad de entrada;Castilla y Leon;Hombres;No;Tiempo Completo;1;19/07/2026
2025;Almunia de Doña Godina (La);Centro adscrito;Escuela Universitaria Politécnica de la Almunia de Doña Godina;Movilidad para 1º y 2º ciclo y grado;Movilidad de entrada;Castilla y Leon;Mujeres;No;Tiempo Completo;1;19/07/2026
2025;Almunia de Doña Godina (La);Centro adscrito;Escuela Universitaria Politécnica de la Almunia de Doña Godina;Movilidad para 1º y 2º ciclo y grado;Movilidad de entrada;Comunidad Valenciana;Hombres;No;Tiempo Completo;1;19/07/2026
2025;Almunia de Doña Godina (La);Centro adscrito;Escuela Universitaria Politécnica de la Almunia de Doña Godina;Movilidad para 1º y 2º ciclo y grado;Movilidad de entrada;No Informado;Hombres;No;Tiempo Completo;15;19/07/2026
2025;Almunia de Doña Godina (La);Centro adscrito;Escuela Universitaria Politécnica de la Almunia de Doña Godina;Movilidad para 1º y 2º ciclo y grado;Movilidad de entrada;No Informado;Mujeres;No;Tiempo Completo;12;19/07/2026
2025;Huesca;Centro adscrito;Escuela Universitaria de Enfermería San Jorge de Huesca;Grado: Enfermería;Grado;Andalucía;Mujeres;No;Tiempo Completo;1;19/07/2026
2025;Huesca;Centro adscrito;Escuela Universitaria de Enfermería San Jorge de Huesca;Grado: Enfermería;Grado;Aragón;Hombres;No;Tiempo Completo;41;19/07/2026
2025;Huesca;Centro adscrito;Escuela Universitaria de Enfermería San Jorge de Huesca;Grado: Enfermería;Grado;Aragón;Hombres;No;Tiempo Parcial;1;19/07/2026
2025;Huesca;Centro adscrito;Escuela Universitaria de Enfermería San Jorge de Huesca;Grado: Enfermería;Grado;Aragón;Mujeres;No;Otra dedicación;3;19/07/2026
2025;Huesca;Centro adscrito;Escuela Universitaria de Enfermería San Jorge de Huesca;Grado: Enfermería;Grado;Aragón;Mujeres;Sí;Otra dedicación;3;19/07/2026
2025;Huesca;Centro adscrito;Escuela Universitaria de Enfermería San Jorge de Huesca;Grado: Enfermería;Grado;Aragón;Mujeres;No;Tiempo Completo;167;19/07/2026
2025;Huesca;Centro adscrito;Escuela Universitaria de Enfermería San Jorge de Huesca;Grado: Enfermería;Grado;Aragón;Mujeres;Sí;Tiempo Completo;5;19/07/2026
2025;Huesca;Centro adscrito;Escuela Universitaria de Enfermería San Jorge de Huesca;Grado: Enfermería;Grado;Aragón;Mujeres;No;Tiempo Parcial;9;19/07/2026
2025;Huesca;Centro adscrito;Escuela Universitaria de Enfermería San Jorge de Huesca;Grado: Enfermería;Grado;Asturias;Mujeres;No;Tiempo Completo;1;19/07/2026
2025;Huesca;Centro adscrito;Escuela Universitaria de Enfermería San Jorge de Huesca;Grado: Enfermería;Grado;Castilla y Leon;Mujeres;No;Tiempo Completo;1;19/07/2026
2025;Huesca;Centro adscrito;Escuela Universitaria de Enfermería San Jorge de Huesca;Grado: Enfermería;Grado;La Rioja;Mujeres;No;Tiempo Completo;1;19/07/2026
2025;Huesca;Centro adscrito;Escuela Universitaria de Enfermería San Jorge de Huesca;Grado: Enfermería;Grado;Navarra;Mujeres;No;Tiempo Completo;2;19/07/2026
2025;Huesca;Centro adscrito;Escuela Universitaria de Enfermería San Jorge de Huesca;Grado: Enfermería;Grado;Pais Vasco;Mujeres;No;Tiempo Completo;1;19/07/2026
2025;Huesca;Centro adscrito;Escuela Universitaria de Enfermería San Jorge de Huesca;Movilidad para 1º y 2º ciclo y grado;Movilidad de entrada;Aragón;Mujeres;No;Tiempo Completo;1;19/07/2026
2025;Huesca;Centro adscrito;Escuela Universitaria de Enfermería San Jorge de Huesca;Movilidad para 1º y 2º ciclo y grado;Movilidad de entrada;Catalunya;Hombres;No;Tiempo Completo;1;19/07/2026
2025;Huesca;Centro adscrito;Escuela Universitaria de Enfermería San Jorge de Huesca;Movilidad para 1º y 2º ciclo y grado;Movilidad de entrada;Extremadura;Mujeres;No;Tiempo Completo;1;19/07/2026
2025;Huesca;Centro adscrito;Escuela Universitaria de Enfermería San Jorge de Huesca;Movilidad para 1º y 2º ciclo y grado;Movilidad de entrada;La Rioja;Hombres;No;Tiempo Completo;1;19/07/2026
2025;Huesca;Centro adscrito;Escuela Universitaria de Enfermería San Jorge de Huesca;Movilidad para 1º y 2º ciclo y grado;Movilidad de entrada;No Informado;Hombres;No;Tiempo Completo;1;19/07/2026
2025;Huesca;Facultad;Escuela Politécnica Superior;Grado: Ciencias Ambientales;Grado;Aragón;Hombres;No;Otra dedicación;12;19/07/2026
2025;Huesca;Facultad;Escuela Politécnica Superior;Grado: Ciencias Ambientales;Grado;Aragón;Hombres;No;Tiempo Completo;30;19/07/2026
2025;Huesca;Facultad;Escuela Politécnica Superior;Grado: Ciencias Ambientales;Grado;Aragón;Hombres;No;Tiempo Parcial;2;19/07/2026
2025;Huesca;Facultad;Escuela Politécnica Superior;Grado: Ciencias Ambientales;Grado;Aragón;Hombres;Sí;Tiempo Parcial;1;19/07/2026
2025;Huesca;Facultad;Escuela Politécnica Superior;Grado: Ciencias Ambientales;Grado;Aragón;Mujeres;No;Otra dedicación;19;19/07/2026
2025;Huesca;Facultad;Escuela Politécnica Superior;Grado: Ciencias Ambientales;Grado;Aragón;Mujeres;Sí;Otra dedicación;1;19/07/2026
2025;Huesca;Facultad;Escuela Politécnica Superior;Grado: Ciencias Ambientales;Grado;Aragón;Mujeres;No;Tiempo Completo;34;19/07/2026
2025;Huesca;Facultad;Escuela Politécnica Superior;Grado: Ciencias Ambientales;Grado;Aragón;Mujeres;Sí;Tiempo Completo;2;19/07/2026
2025;Huesca;Facultad;Escuela Politécnica Superior;Grado: Ciencias Ambientales;Grado;Aragón;Mujeres;Sí;Tiempo Parcial;1;19/07/2026
2025;Huesca;Facultad;Escuela Politécnica Superior;Grado: Ciencias Ambientales;Grado;Castilla y Leon;Hombres;No;Tiempo Completo;1;19/07/2026
2025;Huesca;Facultad;Escuela Politécnica Superior;Grado: Ciencias Ambientales;Grado;Castilla y Leon;Mujeres;No;Tiempo Completo;1;19/07/2026
2025;Huesca;Facultad;Escuela Politécnica Superior;Grado: Ciencias Ambientales;Grado;Catalunya;Hombres;Sí;Otra dedicación;1;19/07/2026
2025;Huesca;Facultad;Escuela Politécnica Superior;Grado: Ciencias Ambientales;Grado;Catalunya;Hombres;No;Tiempo Completo;1;19/07/2026
2025;Huesca;Facultad;Escuela Politécnica Superior;Grado: Ciencias Ambientales;Grado;Catalunya;Mujeres;No;Otra dedicación;1;19/07/2026
2025;Huesca;Facultad;Escuela Politécnica Superior;Grado: Ciencias Ambientales;Grado;Catalunya;Mujeres;Sí;Tiempo Completo;1;19/07/2026
2025;Huesca;Facultad;Escuela Politécnica Superior;Grado: Ciencias Ambientales;Grado;Comunidad Valenciana;Mujeres;No;Tiempo Completo;2;19/07/2026
2025;Huesca;Facultad;Escuela Politécnica Superior;Grado: Ciencias Ambientales;Grado;La Rioja;Mujeres;No;Tiempo Completo;1;19/07/2026
2025;Huesca;Facultad;Escuela Politécnica Superior;Grado: Ciencias Ambientales;Grado;Navarra;Hombres;No;Otra dedicación;2;19/07/2026
2025;Huesca;Facultad;Escuela Politécnica Superior;Grado: Ciencias Ambientales;Grado;Navarra;Hombres;No;Tiempo Completo;1;19/07/2026
2025;Huesca;Facultad;Escuela Politécnica Superior;Grado: Ciencias Ambientales;Grado;Navarra;Mujeres;No;Otra dedicación;1;19/07/2026
2025;Huesca;Facultad;Escuela Politécnica Superior;Grado: Ciencias Ambientales;Grado;Navarra;Mujeres;No;Tiempo Completo;6;19/07/2026
2025;Huesca;Facultad;Escuela Politécnica Superior;Grado: Ciencias Ambientales;Grado;Navarra;Mujeres;Sí;Tiempo Completo;1;19/07/2026
2025;Huesca;Facultad;Escuela Politécnica Superior;Grado: Ciencias Ambientales;Grado;Pais Vasco;Hombres;No;Tiempo Completo;1;19/07/2026
2025;Huesca;Facultad;Escuela Politécnica Superior;Grado: Ciencias Ambientales;Grado;Pais Vasco;Mujeres;No;Tiempo Completo;2;19/07/2026
2025;Huesca;Facultad;Escuela Politécnica Superior;Grado: Ingeniería Agroalimentaria y del Medio Rural;Grado;Aragón;Hombres;No;Otra dedicación;36;19/07/2026
2025;Huesca;Facultad;Escuela Politécnica Superior;Grado: Ingeniería Agroalimentaria y del Medio Rural;Grado;Aragón;Hombres;Sí;Otra dedicación;5;19/07/2026
2025;Huesca;Facultad;Escuela Politécnica Superior;Grado: Ingeniería Agroalimentaria y del Medio Rural;Grado;Aragón;Hombres;No;Tiempo Completo;101;19/07/2026
2025;Huesca;Facultad;Escuela Politécnica Superior;Grado: Ingeniería Agroalimentaria y del Medio Rural;Grado;Aragón;Hombres;Sí;Tiempo Completo;5;19/07/2026
2025;Huesca;Facultad;Escuela Politécnica Superior;Grado: Ingeniería Agroalimentaria y del Medio Rural;Grado;Aragón;Hombres;No;Tiempo Parcial;8;19/07/2026
2025;Huesca;Facultad;Escuela Politécnica Superior;Grado: Ingeniería Agroalimentaria y del Medio Rural;Grado;Aragón;Mujeres;No;Otra dedicación;11;19/07/2026
2025;Huesca;Facultad;Escuela Politécnica Superior;Grado: Ingeniería Agroalimentaria y del Medio Rural;Grado;Aragón;Mujeres;Sí;Otra dedicación;1;19/07/2026
2025;Huesca;Facultad;Escuela Politécnica Superior;Grado: Ingeniería Agroalimentaria y del Medio Rural;Grado;Aragón;Mujeres;No;Tiempo Completo;36;19/07/2026
2025;Huesca;Facultad;Escuela Politécnica Superior;Grado: Ingeniería Agroalimentaria y del Medio Rural;Grado;Aragón;Mujeres;Sí;Tiempo Completo;4;19/07/2026
2025;Huesca;Facultad;Escuela Politécnica Superior;Grado: Ingeniería Agroalimentaria y del Medio Rural;Grado;Aragón;Mujeres;No;Tiempo Parcial;6;19/07/2026
2025;Huesca;Facultad;Escuela Politécnica Superior;Grado: Ingeniería Agroalimentaria y del Medio Rural;Grado;Castilla-La Mancha;Hombres;No;Tiempo Completo;2;19/07/2026
2025;Huesca;Facultad;Escuela Politécnica Superior;Grado: Ingeniería Agroalimentaria y del Medio Rural;Grado;Castilla-La Mancha;Mujeres;No;Tiempo Completo;1;19/07/2026
2025;Huesca;Facultad;Escuela Politécnica Superior;Grado: Ingeniería Agroalimentaria y del Medio Rural;Grado;Catalunya;Hombres;No;Tiempo Completo;2;19/07/2026
2025;Huesca;Facultad;Escuela Politécnica Superior;Grado: Ingeniería Agroalimentaria y del Medio Rural;Grado;Navarra;Hombres;No;Tiempo Completo;2;19/07/2026
2025;Huesca;Facultad;Escuela Politécnica Superior;Grado: Ingeniería Agroalimentaria y del Medio Rural;Grado;Navarra;Mujeres;No;Otra dedicación;2;19/07/2026
2025;Huesca;Facultad;Escuela Politécnica Superior;Grado: Ingeniería Agroalimentaria y del Medio Rural;Grado;No Informado;Mujeres;No;Tiempo Completo;1;19/07/2026
2025;Huesca;Facultad;Escuela Politécnica Superior;Movilidad para 1º y 2º ciclo y grado;Movilidad de entrada;Andalucía;Mujeres;No;Tiempo Completo;1;19/07/2026
2025;Huesca;Facultad;Escuela Politécnica Superior;Movilidad para 1º y 2º ciclo y grado;Movilidad de entrada;Castilla y Leon;Mujeres;No;Tiempo Completo;1;19/07/2026
2025;Huesca;Facultad;Escuela Politécnica Superior;Movilidad para 1º y 2º ciclo y grado;Movilidad de entrada;Catalunya;Mujeres;No;Tiempo Completo;1;19/07/2026
2025;Huesca;Facultad;Escuela Politécnica Superior;Movilidad para 1º y 2º ciclo y grado;Movilidad de entrada;Navarra;Mujeres;No;Tiempo Completo;1;19/07/2026
2025;Huesca;Facultad;Escuela Politécnica Superior;Movilidad para 1º y 2º ciclo y grado;Movilidad de entrada;No Informado;Hombres;No;Tiempo Completo;4;19/07/2026
2025;Huesca;Facultad;Escuela Politécnica Superior;Movilidad para 1º y 2º ciclo y grado;Movilidad de entrada;No Informado;Mujeres;No;Tiempo Completo;6;19/07/2026
2025;Huesca;Facultad;Escuela Politécnica Superior;Movilidad para máster;Movilidad de entrada;Canarias;Hombres;No;Tiempo Completo;1;19/07/2026
2025;Huesca;Facultad;Escuela Politécnica Superior;Movilidad para máster;Movilidad de entrada;Castilla y Leon;Mujeres;No;Tiempo Completo;2;19/07/2026
2025;Huesca;Facultad;Escuela Politécnica Superior;Movilidad para máster;Movilidad de entrada;Castilla-La Mancha;Hombres;No;Tiempo Completo;1;19/07/2026
2025;Huesca;Facultad;Escuela Politécnica Superior;Movilidad para máster;Movilidad de entrada;No Informado;Hombres;No;Tiempo Completo;1;19/07/2026
2025;Huesca;Facultad;Escuela Politécnica Superior;Movilidad para máster;Movilidad de entrada;No Informado;Mujeres;No;Tiempo Completo;1;19/07/2026
2025;Huesca;Facultad;Escuela Politécnica Superior;Máster: Ingeniería Agronómica;Máster;Andalucía;Mujeres;No;Tiempo Completo;1;19/07/2026
2025;Huesca;Facultad;Escuela Politécnica Superior;Máster: Ingeniería Agronómica;Máster;Andalucía;Mujeres;No;Tiempo Parcial;1;19/07/2026
2025;Huesca;Facultad;Escuela Politécnica Superior;Máster: Ingeniería Agronómica;Máster;Aragón;Hombres;No;Otra dedicación;12;19/07/2026
2025;Huesca;Facultad;Escuela Politécnica Superior;Máster: Ingeniería Agronómica;Máster;Aragón;Hombres;Sí;Otra dedicación;2;19/07/2026
2025;Huesca;Facultad;Escuela Politécnica Superior;Máster: Ingeniería Agronómica;Máster;Aragón;Hombres;No;Tiempo Completo;2;19/07/2026
2025;Huesca;Facultad;Escuela Politécnica Superior;Máster: Ingeniería Agronómica;Máster;Aragón;Hombres;No;Tiempo Parcial;9;19/07/2026
2025;Huesca;Facultad;Escuela Politécnica Superior;Máster: Ingeniería Agronómica;Máster;Aragón;Hombres;Sí;Tiempo Parcial;1;19/07/2026
2025;Huesca;Facultad;Escuela Politécnica Superior;Máster: Ingeniería Agronómica;Máster;Aragón;Mujeres;No;Otra dedicación;5;19/07/2026
2025;Huesca;Facultad;Escuela Politécnica Superior;Máster: Ingeniería Agronómica;Máster;Aragón;Mujeres;No;Tiempo Completo;4;19/07/2026
2025;Huesca;Facultad;Escuela Politécnica Superior;Máster: Ingeniería Agronómica;Máster;Aragón;Mujeres;No;Tiempo Parcial;12;19/07/2026
2025;Huesca;Facultad;Escuela Politécnica Superior;Máster: Ingeniería Agronómica;Máster;Catalunya;Hombres;No;Tiempo Parcial;1;19/07/2026
2025;Huesca;Facultad;Escuela Politécnica Superior;Máster: Ingeniería Agronómica;Máster;Comunidad Valenciana;Hombres;No;Otra dedicación;2;19/07/2026
2025;Huesca;Facultad;Escuela Politécnica Superior;Máster: Ingeniería Agronómica;Máster;Comunidad Valenciana;Hombres;No;Tiempo Completo;1;19/07/2026
2025;Huesca;Facultad;Escuela Politécnica Superior;Máster: Ingeniería Agronómica;Máster;Navarra;Mujeres;No;Tiempo Completo;1;19/07/2026
2025;Huesca;Facultad;Facultad de Ciencias de la Salud y del Deporte;Grado: Ciencias de la Actividad Física y del Deporte;Grado;Andalucía;Hombres;No;Tiempo Completo;1;19/07/2026
2025;Huesca;Facultad;Facultad de Ciencias de la Salud y del Deporte;Grado: Ciencias de la Actividad Física y del Deporte;Grado;Aragón;Hombres;No;Tiempo Completo;177;19/07/2026
2025;Huesca;Facultad;Facultad de Ciencias de la Salud y del Deporte;Grado: Ciencias de la Actividad Física y del Deporte;Grado;Aragón;Hombres;Sí;Tiempo Completo;8;19/07/2026
2025;Huesca;Facultad;Facultad de Ciencias de la Salud y del Deporte;Grado: Ciencias de la Actividad Física y del Deporte;Grado;Aragón;Hombres;No;Tiempo Parcial;9;19/07/2026
2025;Huesca;Facultad;Facultad de Ciencias de la Salud y del Deporte;Grado: Ciencias de la Actividad Física y del Deporte;Grado;Aragón;Mujeres;No;Tiempo Completo;54;19/07/2026
2025;Huesca;Facultad;Facultad de Ciencias de la Salud y del Deporte;Grado: Ciencias de la Actividad Física y del Deporte;Grado;Aragón;Mujeres;Sí;Tiempo Completo;5;19/07/2026
2025;Huesca;Facultad;Facultad de Ciencias de la Salud y del Deporte;Grado: Ciencias de la Actividad Física y del Deporte;Grado;Canarias;Mujeres;No;Tiempo Completo;1;19/07/2026
2025;Huesca;Facultad;Facultad de Ciencias de la Salud y del Deporte;Grado: Ciencias de la Actividad Física y del Deporte;Grado;Cantabria;Hombres;No;Tiempo Completo;1;19/07/2026
2025;Huesca;Facultad;Facultad de Ciencias de la Salud y del Deporte;Grado: Ciencias de la Actividad Física y del Deporte;Grado;Cantabria;Mujeres;Sí;Tiempo Completo;1;19/07/2026
2025;Huesca;Facultad;Facultad de Ciencias de la Salud y del Deporte;Grado: Ciencias de la Actividad Física y del Deporte;Grado;Castilla-La Mancha;Hombres;No;Tiempo Completo;1;19/07/2026
2025;Huesca;Facultad;Facultad de Ciencias de la Salud y del Deporte;Grado: Ciencias de la Actividad Física y del Deporte;Grado;Castilla-La Mancha;Mujeres;No;Tiempo Completo;1;19/07/2026
2025;Huesca;Facultad;Facultad de Ciencias de la Salud y del Deporte;Grado: Ciencias de la Actividad Física y del Deporte;Grado;Comunidad Valenciana;Hombres;No;Tiempo Completo;1;19/07/2026
2025;Huesca;Facultad;Facultad de Ciencias de la Salud y del Deporte;Grado: Ciencias de la Actividad Física y del Deporte;Grado;Comunidad Valenciana;Mujeres;No;Tiempo Completo;1;19/07/2026
2025;Huesca;Facultad;Facultad de Ciencias de la Salud y del Deporte;Grado: Ciencias de la Actividad Física y del Deporte;Grado;Extremadura;Mujeres;Sí;Tiempo Completo;1;19/07/2026
2025;Huesca;Facultad;Facultad de Ciencias de la Salud y del Deporte;Grado: Ciencias de la Actividad Física y del Deporte;Grado;Galicia;Hombres;No;Tiempo Completo;1;19/07/2026
2025;Huesca;Facultad;Facultad de Ciencias de la Salud y del Deporte;Grado: Ciencias de la Actividad Física y del Deporte;Grado;La Rioja;Hombres;No;Tiempo Completo;2;19/07/2026
2025;Huesca;Facultad;Facultad de Ciencias de la Salud y del Deporte;Grado: Ciencias de la Actividad Física y del Deporte;Grado;La Rioja;Mujeres;No;Tiempo Completo;2;19/07/2026
2025;Huesca;Facultad;Facultad de Ciencias de la Salud y del Deporte;Grado: Ciencias de la Actividad Física y del Deporte;Grado;Navarra;Hombres;No;Tiempo Completo;4;19/07/2026
2025;Huesca;Facultad;Facultad de Ciencias de la Salud y del Deporte;Grado: Ciencias de la Actividad Física y del Deporte;Grado;Navarra;Mujeres;No;Tiempo Completo;1;19/07/2026
2025;Huesca;Facultad;Facultad de Ciencias de la Salud y del Deporte;Grado: Ciencias de la Actividad Física y del Deporte;Grado;Pais Vasco;Hombres;No;Tiempo Completo;2;19/07/2026
2025;Huesca;Facultad;Facultad de Ciencias de la Salud y del Deporte;Grado: Ciencias de la Actividad Física y del Deporte;Grado;Pais Vasco;Mujeres;No;Tiempo Completo;2;19/07/2026
2025;Huesca;Facultad;Facultad de Ciencias de la Salud y del Deporte;Grado: Medicina;Grado;Andalucía;Hombres;No;Tiempo Completo;4;19/07/2026
2025;Huesca;Facultad;Facultad de Ciencias de la Salud y del Deporte;Grado: Medicina;Grado;Andalucía;Mujeres;No;Tiempo Completo;10;19/07/2026
2025;Huesca;Facultad;Facultad de Ciencias de la Salud y del Deporte;Grado: Medicina;Grado;Aragón;Hombres;No;Tiempo Completo;16;19/07/2026
2025;Huesca;Facultad;Facultad de Ciencias de la Salud y del Deporte;Grado: Medicina;Grado;Aragón;Mujeres;No;Tiempo Completo;37;19/07/2026
2025;Huesca;Facultad;Facultad de Ciencias de la Salud y del Deporte;Grado: Medicina;Grado;Aragón;Mujeres;No;Tiempo Parcial;5;19/07/2026
2025;Huesca;Facultad;Facultad de Ciencias de la Salud y del Deporte;Grado: Medicina;Grado;Canarias;Hombres;No;Tiempo Completo;1;19/07/2026
2025;Huesca;Facultad;Facultad de Ciencias de la Salud y del Deporte;Grado: Medicina;Grado;Canarias;Mujeres;No;Tiempo Parcial;1;19/07/2026
2025;Huesca;Facultad;Facultad de Ciencias de la Salud y del Deporte;Grado: Medicina;Grado;Castilla y Leon;Hombres;No;Tiempo Completo;1;19/07/2026
2025;Huesca;Facultad;Facultad de Ciencias de la Salud y del Deporte;Grado: Medicina;Grado;Castilla y Leon;Mujeres;No;Tiempo Completo;2;19/07/2026
2025;Huesca;Facultad;Facultad de Ciencias de la Salud y del Deporte;Grado: Medicina;Grado;Castilla-La Mancha;Hombres;No;Tiempo Completo;3;19/07/2026
2025;Huesca;Facultad;Facultad de Ciencias de la Salud y del Deporte;Grado: Medicina;Grado;Castilla-La Mancha;Mujeres;No;Tiempo Completo;5;19/07/2026
2025;Huesca;Facultad;Facultad de Ciencias de la Salud y del Deporte;Grado: Medicina;Grado;Ciudad autónoma de Ceuta;Mujeres;No;Tiempo Completo;1;19/07/2026
2025;Huesca;Facultad;Facultad de Ciencias de la Salud y del Deporte;Grado: Medicina;Grado;Comunidad Valenciana;Mujeres;No;Tiempo Completo;3;19/07/2026
2025;Huesca;Facultad;Facultad de Ciencias de la Salud y del Deporte;Grado: Medicina;Grado;Madrid;Mujeres;No;Tiempo Completo;4;19/07/2026
2025;Huesca;Facultad;Facultad de Ciencias de la Salud y del Deporte;Grado: Medicina;Grado;Murcia;Mujeres;No;Tiempo Completo;1;19/07/2026
2025;Huesca;Facultad;Facultad de Ciencias de la Salud y del Deporte;Grado: Medicina;Grado;Navarra;Hombres;No;Tiempo Completo;2;19/07/2026
2025;Huesca;Facultad;Facultad de Ciencias de la Salud y del Deporte;Grado: Medicina;Grado;Navarra;Mujeres;No;Tiempo Completo;2;19/07/2026
2025;Huesca;Facultad;Facultad de Ciencias de la Salud y del Deporte;Grado: Medicina;Grado;Navarra;Mujeres;No;Tiempo Parcial;1;19/07/2026
2025;Huesca;Facultad;Facultad de Ciencias de la Salud y del Deporte;Grado: Nutrición Humana y Dietética;Grado;Andalucía;Hombres;No;Tiempo Completo;2;19/07/2026
2025;Huesca;Facultad;Facultad de Ciencias de la Salud y del Deporte;Grado: Nutrición Humana y Dietética;Grado;Andalucía;Hombres;Sí;Tiempo Completo;1;19/07/2026
2025;Huesca;Facultad;Facultad de Ciencias de la Salud y del Deporte;Grado: Nutrición Humana y Dietética;Grado;Andalucía;Mujeres;No;Tiempo Completo;4;19/07/2026
2025;Huesca;Facultad;Facultad de Ciencias de la Salud y del Deporte;Grado: Nutrición Humana y Dietética;Grado;Aragón;Hombres;No;Tiempo Completo;51;19/07/2026
2025;Huesca;Facultad;Facultad de Ciencias de la Salud y del Deporte;Grado: Nutrición Humana y Dietética;Grado;Aragón;Hombres;Sí;Tiempo Completo;4;19/07/2026
2025;Huesca;Facultad;Facultad de Ciencias de la Salud y del Deporte;Grado: Nutrición Humana y Dietética;Grado;Aragón;Hombres;No;Tiempo Parcial;4;19/07/2026
2025;Huesca;Facultad;Facultad de Ciencias de la Salud y del Deporte;Grado: Nutrición Humana y Dietética;Grado;Aragón;Mujeres;No;Tiempo Completo;75;19/07/2026
2025;Huesca;Facultad;Facultad de Ciencias de la Salud y del Deporte;Grado: Nutrición Humana y Dietética;Grado;Aragón;Mujeres;Sí;Tiempo Completo;1;19/07/2026
2025;Huesca;Facultad;Facultad de Ciencias de la Salud y del Deporte;Grado: Nutrición Humana y Dietética;Grado;Aragón;Mujeres;No;Tiempo Parcial;8;19/07/2026
2025;Huesca;Facultad;Facultad de Ciencias de la Salud y del Deporte;Grado: Nutrición Humana y Dietética;Grado;Canarias;Mujeres;No;Tiempo Completo;2;19/07/2026
2025;Huesca;Facultad;Facultad de Ciencias de la Salud y del Deporte;Grado: Nutrición Humana y Dietética;Grado;Cantabria;Hombres;No;Tiempo Completo;1;19/07/2026
2025;Huesca;Facultad;Facultad de Ciencias de la Salud y del Deporte;Grado: Nutrición Humana y Dietética;Grado;Cantabria;Mujeres;No;Tiempo Completo;1;19/07/2026
2025;Huesca;Facultad;Facultad de Ciencias de la Salud y del Deporte;Grado: Nutrición Humana y Dietética;Grado;Castilla y Leon;Mujeres;No;Tiempo Completo;3;19/07/2026
2025;Huesca;Facultad;Facultad de Ciencias de la Salud y del Deporte;Grado: Nutrición Humana y Dietética;Grado;Castilla-La Mancha;Mujeres;No;Tiempo Completo;2;19/07/2026
2025;Huesca;Facultad;Facultad de Ciencias de la Salud y del Deporte;Grado: Nutrición Humana y Dietética;Grado;Catalunya;Hombres;No;Tiempo Completo;1;19/07/2026
2025;Huesca;Facultad;Facultad de Ciencias de la Salud y del Deporte;Grado: Nutrición Humana y Dietética;Grado;Comunidad Valenciana;Hombres;No;Tiempo Completo;2;19/07/2026
2025;Huesca;Facultad;Facultad de Ciencias de la Salud y del Deporte;Grado: Nutrición Humana y Dietética;Grado;Comunidad Valenciana;Hombres;No;Tiempo Parcial;1;19/07/2026
2025;Huesca;Facultad;Facultad de Ciencias de la Salud y del Deporte;Grado: Nutrición Humana y Dietética;Grado;Extremadura;Hombres;No;Tiempo Completo;1;19/07/2026
2025;Huesca;Facultad;Facultad de Ciencias de la Salud y del Deporte;Grado: Nutrición Humana y Dietética;Grado;Extremadura;Mujeres;No;Tiempo Completo;1;19/07/2026
2025;Huesca;Facultad;Facultad de Ciencias de la Salud y del Deporte;Grado: Nutrición Humana y Dietética;Grado;Galicia;Hombres;No;Tiempo Completo;1;19/07/2026
2025;Huesca;Facultad;Facultad de Ciencias de la Salud y del Deporte;Grado: Nutrición Humana y Dietética;Grado;La Rioja;Hombres;No;Tiempo Completo;2;19/07/2026
2025;Huesca;Facultad;Facultad de Ciencias de la Salud y del Deporte;Grado: Nutrición Humana y Dietética;Grado;La Rioja;Hombres;Sí;Tiempo Completo;1;19/07/2026
2025;Huesca;Facultad;Facultad de Ciencias de la Salud y del Deporte;Grado: Nutrición Humana y Dietética;Grado;La Rioja;Mujeres;No;Tiempo Completo;3;19/07/2026
2025;Huesca;Facultad;Facultad de Ciencias de la Salud y del Deporte;Grado: Nutrición Humana y Dietética;Grado;Madrid;Hombres;No;Tiempo Completo;1;19/07/2026
2025;Huesca;Facultad;Facultad de Ciencias de la Salud y del Deporte;Grado: Nutrición Humana y Dietética;Grado;Murcia;Mujeres;No;Tiempo Completo;1;19/07/2026
2025;Huesca;Facultad;Facultad de Ciencias de la Salud y del Deporte;Grado: Nutrición Humana y Dietética;Grado;Navarra;Hombres;No;Tiempo Completo;2;19/07/2026
2025;Huesca;Facultad;Facultad de Ciencias de la Salud y del Deporte;Grado: Nutrición Humana y Dietética;Grado;Navarra;Mujeres;No;Tiempo Completo;5;19/07/2026
2025;Huesca;Facultad;Facultad de Ciencias de la Salud y del Deporte;Grado: Nutrición Humana y Dietética;Grado;Pais Vasco;Hombres;No;Tiempo Completo;2;19/07/2026
2025;Huesca;Facultad;Facultad de Ciencias de la Salud y del Deporte;Grado: Nutrición Humana y Dietética;Grado;Pais Vasco;Mujeres;No;Tiempo Completo;1;19/07/2026
2025;Huesca;Facultad;Facultad de Ciencias de la Salud y del Deporte;Grado: Odontología;Grado;Andalucía;Hombres;No;Tiempo Completo;11;19/07/2026
2025;Huesca;Facultad;Facultad de Ciencias de la Salud y del Deporte;Grado: Odontología;Grado;Andalucía;Hombres;No;Tiempo Parcial;3;19/07/2026
2025;Huesca;Facultad;Facultad de Ciencias de la Salud y del Deporte;Grado: Odontología;Grado;Andalucía;Mujeres;No;Tiempo Completo;27;19/07/2026
2025;Huesca;Facultad;Facultad de Ciencias de la Salud y del Deporte;Grado: Odontología;Grado;Andalucía;Mujeres;No;Tiempo Parcial;1;19/07/2026
2025;Huesca;Facultad;Facultad de Ciencias de la Salud y del Deporte;Grado: Odontología;Grado;Aragón;Hombres;No;Tiempo Completo;13;19/07/2026
2025;Huesca;Facultad;Facultad de Ciencias de la Salud y del Deporte;Grado: Odontología;Grado;Aragón;Hombres;No;Tiempo Parcial;1;19/07/2026
2025;Huesca;Facultad;Facultad de Ciencias de la Salud y del Deporte;Grado: Odontología;Grado;Aragón;Mujeres;No;Otra dedicación;1;19/07/2026
2025;Huesca;Facultad;Facultad de Ciencias de la Salud y del Deporte;Grado: Odontología;Grado;Aragón;Mujeres;No;Tiempo Completo;52;19/07/2026
2025;Huesca;Facultad;Facultad de Ciencias de la Salud y del Deporte;Grado: Odontología;Grado;Baleares;Hombres;No;Tiempo Completo;2;19/07/2026
2025;Huesca;Facultad;Facultad de Ciencias de la Salud y del Deporte;Grado: Odontología;Grado;Canarias;Hombres;No;Tiempo Completo;5;19/07/2026
2025;Huesca;Facultad;Facultad de Ciencias de la Salud y del Deporte;Grado: Odontología;Grado;Canarias;Mujeres;No;Tiempo Completo;9;19/07/2026
2025;Huesca;Facultad;Facultad de Ciencias de la Salud y del Deporte;Grado: Odontología;Grado;Canarias;Mujeres;No;Tiempo Parcial;1;19/07/2026
2025;Huesca;Facultad;Facultad de Ciencias de la Salud y del Deporte;Grado: Odontología;Grado;Cantabria;Mujeres;No;Tiempo Completo;2;19/07/2026
2025;Huesca;Facultad;Facultad de Ciencias de la Salud y del Deporte;Grado: Odontología;Grado;Castilla y Leon;Mujeres;No;Tiempo Completo;2;19/07/2026
2025;Huesca;Facultad;Facultad de Ciencias de la Salud y del Deporte;Grado: Odontología;Grado;Castilla-La Mancha;Mujeres;No;Tiempo Completo;8;19/07/2026
2025;Huesca;Facultad;Facultad de Ciencias de la Salud y del Deporte;Grado: Odontología;Grado;Castilla-La Mancha;Mujeres;No;Tiempo Parcial;1;19/07/2026
2025;Huesca;Facultad;Facultad de Ciencias de la Salud y del Deporte;Grado: Odontología;Grado;Catalunya;Hombres;No;Tiempo Completo;1;19/07/2026
2025;Huesca;Facultad;Facultad de Ciencias de la Salud y del Deporte;Grado: Odontología;Grado;Catalunya;Mujeres;No;Tiempo Completo;1;19/07/2026
2025;Huesca;Facultad;Facultad de Ciencias de la Salud y del Deporte;Grado: Odontología;Grado;Comunidad Valenciana;Hombres;No;Tiempo Parcial;1;19/07/2026
2025;Huesca;Facultad;Facultad de Ciencias de la Salud y del Deporte;Grado: Odontología;Grado;Comunidad Valenciana;Mujeres;No;Tiempo Completo;6;19/07/2026
2025;Huesca;Facultad;Facultad de Ciencias de la Salud y del Deporte;Grado: Odontología;Grado;Extremadura;Mujeres;No;Tiempo Completo;1;19/07/2026
2025;Huesca;Facultad;Facultad de Ciencias de la Salud y del Deporte;Grado: Odontología;Grado;Galicia;Mujeres;No;Tiempo Completo;1;19/07/2026
2025;Huesca;Facultad;Facultad de Ciencias de la Salud y del Deporte;Grado: Odontología;Grado;La Rioja;Mujeres;No;Tiempo Completo;1;19/07/2026
2025;Huesca;Facultad;Facultad de Ciencias de la Salud y del Deporte;Grado: Odontología;Grado;Madrid;Hombres;No;Tiempo Completo;3;19/07/2026
2025;Huesca;Facultad;Facultad de Ciencias de la Salud y del Deporte;Grado: Odontología;Grado;Madrid;Mujeres;No;Tiempo Completo;6;19/07/2026
2025;Huesca;Facultad;Facultad de Ciencias de la Salud y del Deporte;Grado: Odontología;Grado;Madrid;Mujeres;No;Tiempo Parcial;1;19/07/2026
2025;Huesca;Facultad;Facultad de Ciencias de la Salud y del Deporte;Grado: Odontología;Grado;Murcia;Mujeres;No;Tiempo Completo;3;19/07/2026
2025;Huesca;Facultad;Facultad de Ciencias de la Salud y del Deporte;Grado: Odontología;Grado;Murcia;Mujeres;No;Tiempo Parcial;1;19/07/2026
2025;Huesca;Facultad;Facultad de Ciencias de la Salud y del Deporte;Grado: Odontología;Grado;Navarra;Mujeres;No;Tiempo Completo;3;19/07/2026
2025;Huesca;Facultad;Facultad de Ciencias de la Salud y del Deporte;Grado: Odontología;Grado;Pais Vasco;Hombres;No;Tiempo Completo;1;19/07/2026
2025;Huesca;Facultad;Facultad de Ciencias de la Salud y del Deporte;Grado: Odontología;Grado;Pais Vasco;Mujeres;No;Tiempo Completo;1;19/07/2026
2025;Huesca;Facultad;Facultad de Ciencias de la Salud y del Deporte;Grado: Programa conjunto en Nutrición Humana y Dietética-Ciencias de la Actividad Física y del Deporte;Grado;Andalucía;Hombres;No;Tiempo Completo;2;19/07/2026
2025;Huesca;Facultad;Facultad de Ciencias de la Salud y del Deporte;Grado: Programa conjunto en Nutrición Humana y Dietética-Ciencias de la Actividad Física y del Deporte;Grado;Andalucía;Mujeres;No;Tiempo Completo;1;19/07/2026
2025;Huesca;Facultad;Facultad de Ciencias de la Salud y del Deporte;Grado: Programa conjunto en Nutrición Humana y Dietética-Ciencias de la Actividad Física y del Deporte;Grado;Aragón;Hombres;No;Tiempo Completo;19;19/07/2026
2025;Huesca;Facultad;Facultad de Ciencias de la Salud y del Deporte;Grado: Programa conjunto en Nutrición Humana y Dietética-Ciencias de la Actividad Física y del Deporte;Grado;Aragón;Hombres;No;Tiempo Parcial;3;19/07/2026
2025;Huesca;Facultad;Facultad de Ciencias de la Salud y del Deporte;Grado: Programa conjunto en Nutrición Humana y Dietética-Ciencias de la Actividad Física y del Deporte;Grado;Aragón;Mujeres;No;Tiempo Completo;12;19/07/2026
2025;Huesca;Facultad;Facultad de Ciencias de la Salud y del Deporte;Grado: Programa conjunto en Nutrición Humana y Dietética-Ciencias de la Actividad Física y del Deporte;Grado;Aragón;Mujeres;Sí;Tiempo Completo;1;19/07/2026
2025;Huesca;Facultad;Facultad de Ciencias de la Salud y del Deporte;Grado: Programa conjunto en Nutrición Humana y Dietética-Ciencias de la Actividad Física y del Deporte;Grado;Castilla y Leon;Mujeres;Sí;Tiempo Completo;1;19/07/2026
2025;Huesca;Facultad;Facultad de Ciencias de la Salud y del Deporte;Grado: Programa conjunto en Nutrición Humana y Dietética-Ciencias de la Actividad Física y del Deporte;Grado;Castilla-La Mancha;Mujeres;No;Tiempo Completo;1;19/07/2026
2025;Huesca;Facultad;Facultad de Ciencias de la Salud y del Deporte;Grado: Programa conjunto en Nutrición Humana y Dietética-Ciencias de la Actividad Física y del Deporte;Grado;Comunidad Valenciana;Hombres;No;Tiempo Completo;1;19/07/2026
2025;Huesca;Facultad;Facultad de Ciencias de la Salud y del Deporte;Grado: Programa conjunto en Nutrición Humana y Dietética-Ciencias de la Actividad Física y del Deporte;Grado;Galicia;Hombres;No;Tiempo Completo;1;19/07/2026
2025;Huesca;Facultad;Facultad de Ciencias de la Salud y del Deporte;Grado: Programa conjunto en Nutrición Humana y Dietética-Ciencias de la Actividad Física y del Deporte;Grado;Galicia;Mujeres;No;Tiempo Completo;2;19/07/2026
2025;Huesca;Facultad;Facultad de Ciencias de la Salud y del Deporte;Grado: Programa conjunto en Nutrición Humana y Dietética-Ciencias de la Actividad Física y del Deporte;Grado;La Rioja;Hombres;No;Tiempo Completo;1;19/07/2026
2025;Huesca;Facultad;Facultad de Ciencias de la Salud y del Deporte;Grado: Programa conjunto en Nutrición Humana y Dietética-Ciencias de la Actividad Física y del Deporte;Grado;La Rioja;Mujeres;No;Tiempo Completo;1;19/07/2026
2025;Huesca;Facultad;Facultad de Ciencias de la Salud y del Deporte;Grado: Programa conjunto en Nutrición Humana y Dietética-Ciencias de la Actividad Física y del Deporte;Grado;Madrid;Hombres;No;Tiempo Completo;1;19/07/2026
2025;Huesca;Facultad;Facultad de Ciencias de la Salud y del Deporte;Grado: Programa conjunto en Nutrición Humana y Dietética-Ciencias de la Actividad Física y del Deporte;Grado;Navarra;Hombres;No;Tiempo Completo;2;19/07/2026
2025;Huesca;Facultad;Facultad de Ciencias de la Salud y del Deporte;Grado: Programa conjunto en Nutrición Humana y Dietética-Ciencias de la Actividad Física y del Deporte;Grado;Navarra;Mujeres;No;Tiempo Completo;1;19/07/2026
2025;Huesca;Facultad;Facultad de Ciencias de la Salud y del Deporte;Grado: Programa conjunto en Nutrición Humana y Dietética-Ciencias de la Actividad Física y del Deporte;Grado;Navarra;Mujeres;Sí;Tiempo Completo;1;19/07/2026
2025;Huesca;Facultad;Facultad de Ciencias de la Salud y del Deporte;Grado: Programa conjunto en Nutrición Humana y Dietética-Ciencias de la Actividad Física y del Deporte;Grado;Pais Vasco;Hombres;No;Tiempo Completo;1;19/07/2026
2025;Huesca;Facultad;Facultad de Ciencias de la Salud y del Deporte;Movilidad para 1º y 2º ciclo y grado;Movilidad de entrada;Aragón;Mujeres;No;Tiempo Completo;1;19/07/2026
2025;Huesca;Facultad;Facultad de Ciencias de la Salud y del Deporte;Movilidad para 1º y 2º ciclo y grado;Movilidad de entrada;Madrid;Mujeres;No;Tiempo Completo;2;19/07/2026
2025;Huesca;Facultad;Facultad de Ciencias de la Salud y del Deporte;Movilidad para 1º y 2º ciclo y grado;Movilidad de entrada;No Informado;Hombres;No;Tiempo Completo;6;19/07/2026
2025;Huesca;Facultad;Facultad de Ciencias de la Salud y del Deporte;Movilidad para 1º y 2º ciclo y grado;Movilidad de entrada;No Informado;Mujeres;No;Tiempo Completo;5;19/07/2026
2025;Huesca;Facultad;Facultad de Ciencias de la Salud y del Deporte;Máster: Evaluación y Entrenamiento Físico para la Salud;Máster;Aragón;Hombres;No;Tiempo Completo;11;19/07/2026
2025;Huesca;Facultad;Facultad de Ciencias de la Salud y del Deporte;Máster: Evaluación y Entrenamiento Físico para la Salud;Máster;Aragón;Mujeres;No;Tiempo Completo;6;19/07/2026
2025;Huesca;Facultad;Facultad de Ciencias de la Salud y del Deporte;Máster: Evaluación y Entrenamiento Físico para la Salud;Máster;Aragón;Mujeres;No;Tiempo Parcial;1;19/07/2026
2025;Huesca;Facultad;Facultad de Ciencias de la Salud y del Deporte;Máster: Evaluación y Entrenamiento Físico para la Salud;Máster;Murcia;Hombres;No;Tiempo Completo;1;19/07/2026
2025;Huesca;Facultad;Facultad de Ciencias de la Salud y del Deporte;Máster: Evaluación y Entrenamiento Físico para la Salud;Máster;Navarra;Hombres;No;Tiempo Completo;1;19/07/2026
2025;Huesca;Facultad;Facultad de Ciencias Humanas y de la Educación;Grado: Magisterio en Educación Infantil;Grado;Andalucía;Mujeres;Sí;Tiempo Completo;1;19/07/2026
2025;Huesca;Facultad;Facultad de Ciencias Humanas y de la Educación;Grado: Magisterio en Educación Infantil;Grado;Aragón;Hombres;No;Otra dedicación;2;19/07/2026
2025;Huesca;Facultad;Facultad de Ciencias Humanas y de la Educación;Grado: Magisterio en Educación Infantil;Grado;Aragón;Hombres;No;Tiempo Completo;58;19/07/2026
2025;Huesca;Facultad;Facultad de Ciencias Humanas y de la Educación;Grado: Magisterio en Educación Infantil;Grado;Aragón;Hombres;Sí;Tiempo Completo;1;19/07/2026
2025;Huesca;Facultad;Facultad de Ciencias Humanas y de la Educación;Grado: Magisterio en Educación Infantil;Grado;Aragón;Mujeres;No;Otra dedicación;23;19/07/2026
2025;Huesca;Facultad;Facultad de Ciencias Humanas y de la Educación;Grado: Magisterio en Educación Infantil;Grado;Aragón;Mujeres;No;Tiempo Completo;354;19/07/2026
2025;Huesca;Facultad;Facultad de Ciencias Humanas y de la Educación;Grado: Magisterio en Educación Infantil;Grado;Aragón;Mujeres;Sí;Tiempo Completo;17;19/07/2026
2025;Huesca;Facultad;Facultad de Ciencias Humanas y de la Educación;Grado: Magisterio en Educación Infantil;Grado;Aragón;Mujeres;No;Tiempo Parcial;9;19/07/2026
2025;Huesca;Facultad;Facultad de Ciencias Humanas y de la Educación;Grado: Magisterio en Educación Infantil;Grado;Catalunya;Hombres;No;Tiempo Completo;4;19/07/2026
2025;Huesca;Facultad;Facultad de Ciencias Humanas y de la Educación;Grado: Magisterio en Educación Infantil;Grado;Catalunya;Mujeres;No;Tiempo Completo;7;19/07/2026
2025;Huesca;Facultad;Facultad de Ciencias Humanas y de la Educación;Grado: Magisterio en Educación Infantil;Grado;Catalunya;Mujeres;Sí;Tiempo Completo;1;19/07/2026
2025;Huesca;Facultad;Facultad de Ciencias Humanas y de la Educación;Grado: Magisterio en Educación Infantil;Grado;Extremadura;Mujeres;No;Tiempo Completo;1;19/07/2026
2025;Huesca;Facultad;Facultad de Ciencias Humanas y de la Educación;Grado: Magisterio en Educación Infantil;Grado;Navarra;Hombres;No;Tiempo Completo;1;19/07/2026
2025;Huesca;Facultad;Facultad de Ciencias Humanas y de la Educación;Grado: Magisterio en Educación Infantil;Grado;Navarra;Mujeres;No;Tiempo Completo;1;19/07/2026
2025;Huesca;Facultad;Facultad de Ciencias Humanas y de la Educación;Grado: Magisterio en Educación Infantil;Grado;Navarra;Mujeres;Sí;Tiempo Completo;1;19/07/2026
2025;Huesca;Facultad;Facultad de Ciencias Humanas y de la Educación;Grado: Magisterio en Educación Infantil;Grado;No Informado;Mujeres;No;Tiempo Completo;1;19/07/2026
2025;Huesca;Facultad;Facultad de Ciencias Humanas y de la Educación;Grado: Magisterio en Educación Infantil;Grado;Pais Vasco;Hombres;No;Tiempo Completo;1;19/07/2026
2025;Huesca;Facultad;Facultad de Ciencias Humanas y de la Educación;Grado: Magisterio en Educación Primaria;Grado;Andalucía;Hombres;No;Tiempo Completo;1;19/07/2026
2025;Huesca;Facultad;Facultad de Ciencias Humanas y de la Educación;Grado: Magisterio en Educación Primaria;Grado;Aragón;Hombres;No;Otra dedicación;18;19/07/2026
2025;Huesca;Facultad;Facultad de Ciencias Humanas y de la Educación;Grado: Magisterio en Educación Primaria;Grado;Aragón;Hombres;No;Tiempo Completo;213;19/07/2026
2025;Huesca;Facultad;Facultad de Ciencias Humanas y de la Educación;Grado: Magisterio en Educación Primaria;Grado;Aragón;Hombres;Sí;Tiempo Completo;5;19/07/2026
2025;Huesca;Facultad;Facultad de Ciencias Humanas y de la Educación;Grado: Magisterio en Educación Primaria;Grado;Aragón;Hombres;No;Tiempo Parcial;1;19/07/2026
2025;Huesca;Facultad;Facultad de Ciencias Humanas y de la Educación;Grado: Magisterio en Educación Primaria;Grado;Aragón;Mujeres;No;Otra dedicación;15;19/07/2026
2025;Huesca;Facultad;Facultad de Ciencias Humanas y de la Educación;Grado: Magisterio en Educación Primaria;Grado;Aragón;Mujeres;No;Tiempo Completo;242;19/07/2026
2025;Huesca;Facultad;Facultad de Ciencias Humanas y de la Educación;Grado: Magisterio en Educación Primaria;Grado;Aragón;Mujeres;Sí;Tiempo Completo;10;19/07/2026
2025;Huesca;Facultad;Facultad de Ciencias Humanas y de la Educación;Grado: Magisterio en Educación Primaria;Grado;Aragón;Mujeres;No;Tiempo Parcial;4;19/07/2026
2025;Huesca;Facultad;Facultad de Ciencias Humanas y de la Educación;Grado: Magisterio en Educación Primaria;Grado;Castilla y Leon;Mujeres;No;Tiempo Completo;1;19/07/2026
2025;Huesca;Facultad;Facultad de Ciencias Humanas y de la Educación;Grado: Magisterio en Educación Primaria;Grado;Catalunya;Hombres;No;Tiempo Completo;1;19/07/2026
2025;Huesca;Facultad;Facultad de Ciencias Humanas y de la Educación;Grado: Magisterio en Educación Primaria;Grado;Catalunya;Mujeres;No;Tiempo Completo;4;19/07/2026
2025;Huesca;Facultad;Facultad de Ciencias Humanas y de la Educación;Grado: Magisterio en Educación Primaria;Grado;La Rioja;Mujeres;No;Tiempo Completo;1;19/07/2026
2025;Huesca;Facultad;Facultad de Ciencias Humanas y de la Educación;Grado: Magisterio en Educación Primaria;Grado;Navarra;Hombres;No;Tiempo Completo;1;19/07/2026
2025;Huesca;Facultad;Facultad de Ciencias Humanas y de la Educación;Grado: Magisterio en Educación Primaria;Grado;No Informado;Mujeres;No;Otra dedicación;1;19/07/2026
2025;Huesca;Facultad;Facultad de Ciencias Humanas y de la Educación;Movilidad para 1º y 2º ciclo y grado;Movilidad de entrada;Aragón;Mujeres;No;Tiempo Completo;1;19/07/2026
2025;Huesca;Facultad;Facultad de Ciencias Humanas y de la Educación;Movilidad para 1º y 2º ciclo y grado;Movilidad de entrada;Asturias;Hombres;No;Tiempo Completo;1;19/07/2026
2025;Huesca;Facultad;Facultad de Ciencias Humanas y de la Educación;Movilidad para 1º y 2º ciclo y grado;Movilidad de entrada;Galicia;Mujeres;No;Tiempo Completo;1;19/07/2026
2025;Huesca;Facultad;Facultad de Ciencias Humanas y de la Educación;Movilidad para 1º y 2º ciclo y grado;Movilidad de entrada;No Informado;Mujeres;No;Tiempo Completo;1;19/07/2026
2025;Huesca;Facultad;Facultad de Ciencias Humanas y de la Educación;Máster: Estudios Avanzados sobre el Lenguaje, la Comunicación y sus Patologías;Máster;Aragón;Hombres;No;Tiempo Completo;3;19/07/2026
2025;Huesca;Facultad;Facultad de Ciencias Humanas y de la Educación;Máster: Estudios Avanzados sobre el Lenguaje, la Comunicación y sus Patologías;Máster;Aragón;Mujeres;No;Tiempo Completo;18;19/07/2026
2025;Huesca;Facultad;Facultad de Ciencias Humanas y de la Educación;Máster: Estudios Avanzados sobre el Lenguaje, la Comunicación y sus Patologías;Máster;Aragón;Mujeres;No;Tiempo Parcial;1;19/07/2026
2025;Huesca;Facultad;Facultad de Ciencias Humanas y de la Educación;Máster: Estudios Avanzados sobre el Lenguaje, la Comunicación y sus Patologías;Máster;Cantabria;Hombres;No;Tiempo Completo;1;19/07/2026
2025;Huesca;Facultad;Facultad de Ciencias Humanas y de la Educación;Máster: Profesorado E.S.O., F.P. y Ens. Idiom, Art y Deport;Máster;Aragón;Hombres;No;Tiempo Completo;17;19/07/2026
2025;Huesca;Facultad;Facultad de Ciencias Humanas y de la Educación;Máster: Profesorado E.S.O., F.P. y Ens. Idiom, Art y Deport;Máster;Aragón;Mujeres;No;Tiempo Completo;7;19/07/2026
2025;Huesca;Facultad;Facultad de Ciencias Humanas y de la Educación;Máster: Profesorado E.S.O., F.P. y Ens. Idiom, Art y Deport;Máster;Cantabria;Hombres;No;Tiempo Completo;1;19/07/2026
2025;Huesca;Facultad;Facultad de Ciencias Humanas y de la Educación;Máster: Profesorado E.S.O., F.P. y Ens. Idiom, Art y Deport;Máster;Castilla y Leon;Hombres;No;Tiempo Completo;1;19/07/2026
2025;Huesca;Facultad;Facultad de Ciencias Humanas y de la Educación;Máster: Profesorado E.S.O., F.P. y Ens. Idiom, Art y Deport;Máster;Castilla y Leon;Mujeres;No;Tiempo Completo;2;19/07/2026
2025;Huesca;Facultad;Facultad de Ciencias Humanas y de la Educación;Máster: Profesorado E.S.O., F.P. y Ens. Idiom, Art y Deport;Máster;Catalunya;Hombres;No;Tiempo Completo;1;19/07/2026
2025;Huesca;Facultad;Facultad de Ciencias Humanas y de la Educación;Máster: Profesorado E.S.O., F.P. y Ens. Idiom, Art y Deport;Máster;La Rioja;Mujeres;No;Tiempo Completo;1;19/07/2026
2025;Huesca;Facultad;Facultad de Ciencias Humanas y de la Educación;Máster: Profesorado E.S.O., F.P. y Ens. Idiom, Art y Deport;Máster;Murcia;Hombres;No;Tiempo Completo;1;19/07/2026
2025;Huesca;Facultad;Facultad de Ciencias Humanas y de la Educación;Máster: Profesorado E.S.O., F.P. y Ens. Idiom, Art y Deport;Máster;Murcia;Mujeres;No;Tiempo Completo;1;19/07/2026
2025;Huesca;Facultad;Facultad de Ciencias Humanas y de la Educación;Máster: Profesorado E.S.O., F.P. y Ens. Idiom, Art y Deport;Máster;Navarra;Mujeres;No;Tiempo Completo;1;19/07/2026
2025;Huesca;Facultad;Facultad de Empresa y Gestión Pública;Grado: Administración y Dirección de Empresas;Grado;Andalucía;Mujeres;No;Tiempo Completo;1;19/07/2026
2025;Huesca;Facultad;Facultad de Empresa y Gestión Pública;Grado: Administración y Dirección de Empresas;Grado;Aragón;Hombres;No;Otra dedicación;6;19/07/2026
2025;Huesca;Facultad;Facultad de Empresa y Gestión Pública;Grado: Administración y Dirección de Empresas;Grado;Aragón;Hombres;No;Tiempo Completo;88;19/07/2026
2025;Huesca;Facultad;Facultad de Empresa y Gestión Pública;Grado: Administración y Dirección de Empresas;Grado;Aragón;Hombres;Sí;Tiempo Completo;7;19/07/2026
2025;Huesca;Facultad;Facultad de Empresa y Gestión Pública;Grado: Administración y Dirección de Empresas;Grado;Aragón;Hombres;No;Tiempo Parcial;1;19/07/2026
2025;Huesca;Facultad;Facultad de Empresa y Gestión Pública;Grado: Administración y Dirección de Empresas;Grado;Aragón;Mujeres;No;Otra dedicación;2;19/07/2026
2025;Huesca;Facultad;Facultad de Empresa y Gestión Pública;Grado: Administración y Dirección de Empresas;Grado;Aragón;Mujeres;No;Tiempo Completo;44;19/07/2026
2025;Huesca;Facultad;Facultad de Empresa y Gestión Pública;Grado: Administración y Dirección de Empresas;Grado;Aragón;Mujeres;Sí;Tiempo Completo;5;19/07/2026
2025;Huesca;Facultad;Facultad de Empresa y Gestión Pública;Grado: Administración y Dirección de Empresas;Grado;Aragón;Mujeres;No;Tiempo Parcial;1;19/07/2026
2025;Huesca;Facultad;Facultad de Empresa y Gestión Pública;Grado: Administración y Dirección de Empresas;Grado;Catalunya;Hombres;No;Tiempo Completo;2;19/07/2026
2025;Huesca;Facultad;Facultad de Empresa y Gestión Pública;Grado: Administración y Dirección de Empresas;Grado;Catalunya;Mujeres;No;Otra dedicación;1;19/07/2026
2025;Huesca;Facultad;Facultad de Empresa y Gestión Pública;Grado: Administración y Dirección de Empresas;Grado;Catalunya;Mujeres;No;Tiempo Completo;1;19/07/2026
2025;Huesca;Facultad;Facultad de Empresa y Gestión Pública;Grado: Administración y Dirección de Empresas;Grado;Navarra;Mujeres;No;Tiempo Completo;1;19/07/2026
2025;Huesca;Facultad;Facultad de Empresa y Gestión Pública;Grado: Administración y Dirección de Empresas;Grado;No Informado;Mujeres;No;Tiempo Completo;2;19/07/2026
2025;Huesca;Facultad;Facultad de Empresa y Gestión Pública;Grado: Gestión y Administración Pública;Grado;Andalucía;Hombres;No;Tiempo Completo;1;19/07/2026
2025;Huesca;Facultad;Facultad de Empresa y Gestión Pública;Grado: Gestión y Administración Pública;Grado;Andalucía;Hombres;No;Tiempo Parcial;1;19/07/2026
2025;Huesca;Facultad;Facultad de Empresa y Gestión Pública;Grado: Gestión y Administración Pública;Grado;Andalucía;Mujeres;No;Tiempo Completo;5;19/07/2026
2025;Huesca;Facultad;Facultad de Empresa y Gestión Pública;Grado: Gestión y Administración Pública;Grado;Andalucía;Mujeres;No;Tiempo Parcial;1;19/07/2026
2025;Huesca;Facultad;Facultad de Empresa y Gestión Pública;Grado: Gestión y Administración Pública;Grado;Aragón;Hombres;No;Otra dedicación;2;19/07/2026
2025;Huesca;Facultad;Facultad de Empresa y Gestión Pública;Grado: Gestión y Administración Pública;Grado;Aragón;Hombres;No;Tiempo Completo;20;19/07/2026
2025;Huesca;Facultad;Facultad de Empresa y Gestión Pública;Grado: Gestión y Administración Pública;Grado;Aragón;Hombres;Sí;Tiempo Completo;1;19/07/2026
2025;Huesca;Facultad;Facultad de Empresa y Gestión Pública;Grado: Gestión y Administración Pública;Grado;Aragón;Hombres;No;Tiempo Parcial;11;19/07/2026
2025;Huesca;Facultad;Facultad de Empresa y Gestión Pública;Grado: Gestión y Administración Pública;Grado;Aragón;Mujeres;No;Otra dedicación;2;19/07/2026
2025;Huesca;Facultad;Facultad de Empresa y Gestión Pública;Grado: Gestión y Administración Pública;Grado;Aragón;Mujeres;No;Tiempo Completo;46;19/07/2026
2025;Huesca;Facultad;Facultad de Empresa y Gestión Pública;Grado: Gestión y Administración Pública;Grado;Aragón;Mujeres;Sí;Tiempo Completo;3;19/07/2026
2025;Huesca;Facultad;Facultad de Empresa y Gestión Pública;Grado: Gestión y Administración Pública;Grado;Aragón;Mujeres;No;Tiempo Parcial;28;19/07/2026
2025;Huesca;Facultad;Facultad de Empresa y Gestión Pública;Grado: Gestión y Administración Pública;Grado;Baleares;Mujeres;No;Tiempo Parcial;2;19/07/2026
2025;Huesca;Facultad;Facultad de Empresa y Gestión Pública;Grado: Gestión y Administración Pública;Grado;Canarias;Hombres;No;Tiempo Completo;1;19/07/2026
2025;Huesca;Facultad;Facultad de Empresa y Gestión Pública;Grado: Gestión y Administración Pública;Grado;Canarias;Hombres;No;Tiempo Parcial;1;19/07/2026
2025;Huesca;Facultad;Facultad de Empresa y Gestión Pública;Grado: Gestión y Administración Pública;Grado;Canarias;Mujeres;No;Tiempo Completo;1;19/07/2026
2025;Huesca;Facultad;Facultad de Empresa y Gestión Pública;Grado: Gestión y Administración Pública;Grado;Canarias;Mujeres;No;Tiempo Parcial;1;19/07/2026
2025;Huesca;Facultad;Facultad de Empresa y Gestión Pública;Grado: Gestión y Administración Pública;Grado;Castilla y Leon;Hombres;No;Tiempo Parcial;1;19/07/2026
2025;Huesca;Facultad;Facultad de Empresa y Gestión Pública;Grado: Gestión y Administración Pública;Grado;Castilla y Leon;Mujeres;No;Tiempo Parcial;2;19/07/2026
2025;Huesca;Facultad;Facultad de Empresa y Gestión Pública;Grado: Gestión y Administración Pública;Grado;Castilla-La Mancha;Hombres;No;Tiempo Parcial;3;19/07/2026
2025;Huesca;Facultad;Facultad de Empresa y Gestión Pública;Grado: Gestión y Administración Pública;Grado;Catalunya;Hombres;No;Tiempo Completo;3;19/07/2026
2025;Huesca;Facultad;Facultad de Empresa y Gestión Pública;Grado: Gestión y Administración Pública;Grado;Catalunya;Mujeres;No;Tiempo Completo;2;19/07/2026
2025;Huesca;Facultad;Facultad de Empresa y Gestión Pública;Grado: Gestión y Administración Pública;Grado;Catalunya;Mujeres;No;Tiempo Parcial;5;19/07/2026
2025;Huesca;Facultad;Facultad de Empresa y Gestión Pública;Grado: Gestión y Administración Pública;Grado;Ciudad autónoma de Ceuta;Mujeres;No;Tiempo Parcial;1;19/07/2026
2025;Huesca;Facultad;Facultad de Empresa y Gestión Pública;Grado: Gestión y Administración Pública;Grado;Comunidad Valenciana;Hombres;No;Tiempo Completo;3;19/07/2026
2025;Huesca;Facultad;Facultad de Empresa y Gestión Pública;Grado: Gestión y Administración Pública;Grado;Comunidad Valenciana;Mujeres;No;Tiempo Completo;6;19/07/2026
2025;Huesca;Facultad;Facultad de Empresa y Gestión Pública;Grado: Gestión y Administración Pública;Grado;Comunidad Valenciana;Mujeres;No;Tiempo Parcial;4;19/07/2026
2025;Huesca;Facultad;Facultad de Empresa y Gestión Pública;Grado: Gestión y Administración Pública;Grado;Galicia;Hombres;No;Tiempo Completo;1;19/07/2026
2025;Huesca;Facultad;Facultad de Empresa y Gestión Pública;Grado: Gestión y Administración Pública;Grado;La Rioja;Mujeres;No;Tiempo Completo;1;19/07/2026
2025;Huesca;Facultad;Facultad de Empresa y Gestión Pública;Grado: Gestión y Administración Pública;Grado;Madrid;Mujeres;No;Tiempo Completo;2;19/07/2026
2025;Huesca;Facultad;Facultad de Empresa y Gestión Pública;Grado: Gestión y Administración Pública;Grado;Madrid;Mujeres;No;Tiempo Parcial;1;19/07/2026
2025;Huesca;Facultad;Facultad de Empresa y Gestión Pública;Grado: Gestión y Administración Pública;Grado;Murcia;Hombres;No;Otra dedicación;1;19/07/2026
2025;Huesca;Facultad;Facultad de Empresa y Gestión Pública;Grado: Gestión y Administración Pública;Grado;Murcia;Mujeres;No;Tiempo Completo;1;19/07/2026
2025;Huesca;Facultad;Facultad de Empresa y Gestión Pública;Grado: Gestión y Administración Pública;Grado;No Informado;Hombres;No;Tiempo Completo;1;19/07/2026
2025;Huesca;Facultad;Facultad de Empresa y Gestión Pública;Grado: Gestión y Administración Pública;Grado;Pais Vasco;Hombres;No;Tiempo Completo;1;19/07/2026
2025;Huesca;Facultad;Facultad de Empresa y Gestión Pública;Grado: Gestión y Administración Pública;Grado;Pais Vasco;Hombres;No;Tiempo Parcial;1;19/07/2026
2025;Huesca;Facultad;Facultad de Empresa y Gestión Pública;Grado: Gestión y Administración Pública;Grado;Pais Vasco;Mujeres;No;Tiempo Completo;1;19/07/2026
2025;Huesca;Facultad;Facultad de Empresa y Gestión Pública;Movilidad para 1º y 2º ciclo y grado;Movilidad de entrada;Comunidad Valenciana;Mujeres;No;Tiempo Completo;1;19/07/2026
2025;Huesca;Facultad;Facultad de Empresa y Gestión Pública;Movilidad para 1º y 2º ciclo y grado;Movilidad de entrada;Navarra;Mujeres;No;Tiempo Completo;1;19/07/2026
2025;Huesca;Facultad;Facultad de Empresa y Gestión Pública;Movilidad para 1º y 2º ciclo y grado;Movilidad de entrada;No Informado;Hombres;No;Tiempo Completo;6;19/07/2026
2025;Huesca;Facultad;Facultad de Empresa y Gestión Pública;Movilidad para 1º y 2º ciclo y grado;Movilidad de entrada;No Informado;Mujeres;No;Tiempo Completo;11;19/07/2026
2025;Huesca;Facultad;Facultad de Empresa y Gestión Pública;Movilidad para máster;Movilidad de entrada;Asturias;Mujeres;No;Tiempo Completo;1;19/07/2026
2025;Huesca;Facultad;Facultad de Empresa y Gestión Pública;Movilidad para máster;Movilidad de entrada;No Informado;Hombres;No;Tiempo Completo;1;19/07/2026
2025;Huesca;Facultad;Facultad de Empresa y Gestión Pública;Movilidad para máster;Movilidad de entrada;No Informado;Mujeres;No;Tiempo Completo;6;19/07/2026
2025;Huesca;Facultad;Facultad de Empresa y Gestión Pública;Máster: Dirección y planificación del turismo;Máster;Andalucía;Mujeres;Sí;Tiempo Completo;1;19/07/2026
2025;Huesca;Facultad;Facultad de Empresa y Gestión Pública;Máster: Dirección y planificación del turismo;Máster;Aragón;Hombres;No;Tiempo Completo;4;19/07/2026
2025;Huesca;Facultad;Facultad de Empresa y Gestión Pública;Máster: Dirección y planificación del turismo;Máster;Aragón;Mujeres;No;Tiempo Completo;7;19/07/2026
2025;Huesca;Facultad;Facultad de Empresa y Gestión Pública;Máster: Dirección y planificación del turismo;Máster;Castilla y Leon;Hombres;No;Tiempo Completo;1;19/07/2026
2025;Huesca;Facultad;Facultad de Empresa y Gestión Pública;Máster: Dirección y planificación del turismo;Máster;Madrid;Mujeres;No;Tiempo Completo;1;19/07/2026
2025;Huesca;Facultad;Facultad de Empresa y Gestión Pública;Máster: Dirección y planificación del turismo;Máster;No Informado;Mujeres;No;Tiempo Completo;2;19/07/2026
2025;Teruel;Centro adscrito;Escuela Universitaria de Enfermería de Teruel;Grado: Enfermería;Grado;Andalucía;Hombres;No;Tiempo Completo;1;19/07/2026
2025;Teruel;Centro adscrito;Escuela Universitaria de Enfermería de Teruel;Grado: Enfermería;Grado;Andalucía;Mujeres;No;Tiempo Completo;1;19/07/2026
2025;Teruel;Centro adscrito;Escuela Universitaria de Enfermería de Teruel;Grado: Enfermería;Grado;Aragón;Hombres;No;Otra dedicación;1;19/07/2026
2025;Teruel;Centro adscrito;Escuela Universitaria de Enfermería de Teruel;Grado: Enfermería;Grado;Aragón;Hombres;No;Tiempo Completo;21;19/07/2026
2025;Teruel;Centro adscrito;Escuela Universitaria de Enfermería de Teruel;Grado: Enfermería;Grado;Aragón;Hombres;Sí;Tiempo Completo;1;19/07/2026
2025;Teruel;Centro adscrito;Escuela Universitaria de Enfermería de Teruel;Grado: Enfermería;Grado;Aragón;Mujeres;No;Tiempo Completo;98;19/07/2026
2025;Teruel;Centro adscrito;Escuela Universitaria de Enfermería de Teruel;Grado: Enfermería;Grado;Aragón;Mujeres;Sí;Tiempo Completo;4;19/07/2026
2025;Teruel;Centro adscrito;Escuela Universitaria de Enfermería de Teruel;Grado: Enfermería;Grado;Aragón;Mujeres;No;Tiempo Parcial;1;19/07/2026
2025;Teruel;Centro adscrito;Escuela Universitaria de Enfermería de Teruel;Grado: Enfermería;Grado;Castilla-La Mancha;Hombres;No;Tiempo Completo;1;19/07/2026
2025;Teruel;Centro adscrito;Escuela Universitaria de Enfermería de Teruel;Grado: Enfermería;Grado;Castilla-La Mancha;Mujeres;No;Tiempo Completo;1;19/07/2026
2025;Teruel;Centro adscrito;Escuela Universitaria de Enfermería de Teruel;Grado: Enfermería;Grado;Comunidad Valenciana;Hombres;No;Tiempo Completo;1;19/07/2026
2025;Teruel;Centro adscrito;Escuela Universitaria de Enfermería de Teruel;Grado: Enfermería;Grado;Comunidad Valenciana;Mujeres;No;Tiempo Completo;3;19/07/2026
2025;Teruel;Centro adscrito;Escuela Universitaria de Enfermería de Teruel;Grado: Enfermería;Grado;Madrid;Hombres;No;Otra dedicación;1;19/07/2026
2025;Teruel;Centro adscrito;Escuela Universitaria de Enfermería de Teruel;Grado: Enfermería;Grado;No Informado;Hombres;No;Tiempo Completo;1;19/07/2026
2025;Teruel;Centro adscrito;Escuela Universitaria de Enfermería de Teruel;Grado: Enfermería;Grado;Pais Vasco;Hombres;No;Tiempo Completo;1;19/07/2026
2025;Teruel;Centro adscrito;Escuela Universitaria de Enfermería de Teruel;Grado: Enfermería;Grado;Pais Vasco;Mujeres;No;Tiempo Completo;2;19/07/2026
2025;Teruel;Centro adscrito;Escuela Universitaria de Enfermería de Teruel;Movilidad para 1º y 2º ciclo y grado;Movilidad de entrada;Aragón;Mujeres;No;Tiempo Completo;2;19/07/2026
2025;Teruel;Centro adscrito;Escuela Universitaria de Enfermería de Teruel;Movilidad para 1º y 2º ciclo y grado;Movilidad de entrada;No Informado;Mujeres;No;Tiempo Completo;5;19/07/2026
2025;Teruel;Escuela Universitaria;Escuela Universitaria Politécnica de Teruel;Grado: Ingeniería Electrónica y Automática;Grado;Andalucía;Hombres;No;Tiempo Completo;1;19/07/2026
2025;Teruel;Escuela Universitaria;Escuela Universitaria Politécnica de Teruel;Grado: Ingeniería Electrónica y Automática;Grado;Andalucía;Hombres;No;Tiempo Parcial;3;19/07/2026
2025;Teruel;Escuela Universitaria;Escuela Universitaria Politécnica de Teruel;Grado: Ingeniería Electrónica y Automática;Grado;Aragón;Hombres;No;Otra dedicación;4;19/07/2026
2025;Teruel;Escuela Universitaria;Escuela Universitaria Politécnica de Teruel;Grado: Ingeniería Electrónica y Automática;Grado;Aragón;Hombres;No;Tiempo Completo;53;19/07/2026
2025;Teruel;Escuela Universitaria;Escuela Universitaria Politécnica de Teruel;Grado: Ingeniería Electrónica y Automática;Grado;Aragón;Hombres;Sí;Tiempo Completo;3;19/07/2026
2025;Teruel;Escuela Universitaria;Escuela Universitaria Politécnica de Teruel;Grado: Ingeniería Electrónica y Automática;Grado;Aragón;Hombres;No;Tiempo Parcial;11;19/07/2026
2025;Teruel;Escuela Universitaria;Escuela Universitaria Politécnica de Teruel;Grado: Ingeniería Electrónica y Automática;Grado;Aragón;Mujeres;No;Tiempo Completo;11;19/07/2026
2025;Teruel;Escuela Universitaria;Escuela Universitaria Politécnica de Teruel;Grado: Ingeniería Electrónica y Automática;Grado;Aragón;Mujeres;Sí;Tiempo Completo;1;19/07/2026
2025;Teruel;Escuela Universitaria;Escuela Universitaria Politécnica de Teruel;Grado: Ingeniería Electrónica y Automática;Grado;Aragón;Mujeres;No;Tiempo Parcial;2;19/07/2026
2025;Teruel;Escuela Universitaria;Escuela Universitaria Politécnica de Teruel;Grado: Ingeniería Electrónica y Automática;Grado;Asturias;Hombres;No;Tiempo Parcial;1;19/07/2026
2025;Teruel;Escuela Universitaria;Escuela Universitaria Politécnica de Teruel;Grado: Ingeniería Electrónica y Automática;Grado;Asturias;Mujeres;No;Tiempo Completo;1;19/07/2026
2025;Teruel;Escuela Universitaria;Escuela Universitaria Politécnica de Teruel;Grado: Ingeniería Electrónica y Automática;Grado;Baleares;Hombres;No;Tiempo Completo;1;19/07/2026
2025;Teruel;Escuela Universitaria;Escuela Universitaria Politécnica de Teruel;Grado: Ingeniería Electrónica y Automática;Grado;Baleares;Mujeres;No;Tiempo Completo;1;19/07/2026
2025;Teruel;Escuela Universitaria;Escuela Universitaria Politécnica de Teruel;Grado: Ingeniería Electrónica y Automática;Grado;Cantabria;Hombres;No;Tiempo Completo;1;19/07/2026
2025;Teruel;Escuela Universitaria;Escuela Universitaria Politécnica de Teruel;Grado: Ingeniería Electrónica y Automática;Grado;Cantabria;Mujeres;No;Otra dedicación;1;19/07/2026
2025;Teruel;Escuela Universitaria;Escuela Universitaria Politécnica de Teruel;Grado: Ingeniería Electrónica y Automática;Grado;Castilla y Leon;Hombres;No;Tiempo Completo;1;19/07/2026
2025;Teruel;Escuela Universitaria;Escuela Universitaria Politécnica de Teruel;Grado: Ingeniería Electrónica y Automática;Grado;Castilla y Leon;Hombres;No;Tiempo Parcial;3;19/07/2026
2025;Teruel;Escuela Universitaria;Escuela Universitaria Politécnica de Teruel;Grado: Ingeniería Electrónica y Automática;Grado;Castilla-La Mancha;Hombres;No;Tiempo Completo;2;19/07/2026
2025;Teruel;Escuela Universitaria;Escuela Universitaria Politécnica de Teruel;Grado: Ingeniería Electrónica y Automática;Grado;Castilla-La Mancha;Hombres;No;Tiempo Parcial;1;19/07/2026
2025;Teruel;Escuela Universitaria;Escuela Universitaria Politécnica de Teruel;Grado: Ingeniería Electrónica y Automática;Grado;Catalunya;Hombres;No;Tiempo Parcial;5;19/07/2026
2025;Teruel;Escuela Universitaria;Escuela Universitaria Politécnica de Teruel;Grado: Ingeniería Electrónica y Automática;Grado;Comunidad Valenciana;Hombres;No;Tiempo Completo;1;19/07/2026
2025;Teruel;Escuela Universitaria;Escuela Universitaria Politécnica de Teruel;Grado: Ingeniería Electrónica y Automática;Grado;Comunidad Valenciana;Hombres;No;Tiempo Parcial;1;19/07/2026
2025;Teruel;Escuela Universitaria;Escuela Universitaria Politécnica de Teruel;Grado: Ingeniería Electrónica y Automática;Grado;Madrid;Hombres;No;Tiempo Parcial;2;19/07/2026
2025;Teruel;Escuela Universitaria;Escuela Universitaria Politécnica de Teruel;Grado: Ingeniería Electrónica y Automática;Grado;Murcia;Hombres;No;Tiempo Parcial;1;19/07/2026
2025;Teruel;Escuela Universitaria;Escuela Universitaria Politécnica de Teruel;Grado: Ingeniería Electrónica y Automática;Grado;Navarra;Hombres;No;Tiempo Parcial;3;19/07/2026
2025;Teruel;Escuela Universitaria;Escuela Universitaria Politécnica de Teruel;Grado: Ingeniería Electrónica y Automática;Grado;No Informado;Hombres;No;Otra dedicación;1;19/07/2026
2025;Teruel;Escuela Universitaria;Escuela Universitaria Politécnica de Teruel;Grado: Ingeniería Electrónica y Automática;Grado;No Informado;Hombres;No;Tiempo Completo;2;19/07/2026
2025;Teruel;Escuela Universitaria;Escuela Universitaria Politécnica de Teruel;Grado: Ingeniería Electrónica y Automática;Grado;Pais Vasco;Hombres;No;Tiempo Completo;1;19/07/2026
2025;Teruel;Escuela Universitaria;Escuela Universitaria Politécnica de Teruel;Grado: Ingeniería Informática;Grado;Aragón;Hombres;No;Otra dedicación;7;19/07/2026
2025;Teruel;Escuela Universitaria;Escuela Universitaria Politécnica de Teruel;Grado: Ingeniería Informática;Grado;Aragón;Hombres;No;Tiempo Completo;72;19/07/2026
2025;Teruel;Escuela Universitaria;Escuela Universitaria Politécnica de Teruel;Grado: Ingeniería Informática;Grado;Aragón;Hombres;Sí;Tiempo Completo;6;19/07/2026
2025;Teruel;Escuela Universitaria;Escuela Universitaria Politécnica de Teruel;Grado: Ingeniería Informática;Grado;Aragón;Hombres;No;Tiempo Parcial;3;19/07/2026
2025;Teruel;Escuela Universitaria;Escuela Universitaria Politécnica de Teruel;Grado: Ingeniería Informática;Grado;Aragón;Mujeres;No;Tiempo Completo;19;19/07/2026
2025;Teruel;Escuela Universitaria;Escuela Universitaria Politécnica de Teruel;Grado: Ingeniería Informática;Grado;Aragón;Mujeres;Sí;Tiempo Completo;3;19/07/2026
2025;Teruel;Escuela Universitaria;Escuela Universitaria Politécnica de Teruel;Grado: Ingeniería Informática;Grado;Castilla y Leon;Hombres;No;Tiempo Completo;2;19/07/2026
2025;Teruel;Escuela Universitaria;Escuela Universitaria Politécnica de Teruel;Grado: Ingeniería Informática;Grado;Catalunya;Hombres;No;Tiempo Completo;1;19/07/2026
2025;Teruel;Escuela Universitaria;Escuela Universitaria Politécnica de Teruel;Grado: Ingeniería Informática;Grado;Comunidad Valenciana;Hombres;No;Tiempo Completo;8;19/07/2026
2025;Teruel;Escuela Universitaria;Escuela Universitaria Politécnica de Teruel;Grado: Ingeniería Informática;Grado;Comunidad Valenciana;Hombres;No;Tiempo Parcial;1;19/07/2026
2025;Teruel;Escuela Universitaria;Escuela Universitaria Politécnica de Teruel;Grado: Ingeniería Informática;Grado;Comunidad Valenciana;Mujeres;No;Tiempo Completo;4;19/07/2026
2025;Teruel;Escuela Universitaria;Escuela Universitaria Politécnica de Teruel;Grado: Ingeniería Informática;Grado;La Rioja;Hombres;No;Tiempo Completo;1;19/07/2026
2025;Teruel;Escuela Universitaria;Escuela Universitaria Politécnica de Teruel;Grado: Ingeniería Informática;Grado;Madrid;Hombres;No;Tiempo Completo;1;19/07/2026
2025;Teruel;Escuela Universitaria;Escuela Universitaria Politécnica de Teruel;Grado: Ingeniería Informática;Grado;Madrid;Mujeres;No;Tiempo Completo;1;19/07/2026
2025;Teruel;Escuela Universitaria;Escuela Universitaria Politécnica de Teruel;Grado: Ingeniería Informática;Grado;Navarra;Hombres;No;Tiempo Completo;1;19/07/2026
2025;Teruel;Escuela Universitaria;Escuela Universitaria Politécnica de Teruel;Grado: Ingeniería Informática;Grado;No Informado;Hombres;No;Tiempo Completo;3;19/07/2026
2025;Teruel;Escuela Universitaria;Escuela Universitaria Politécnica de Teruel;Grado: Ingeniería Informática;Grado;No Informado;Mujeres;No;Tiempo Completo;3;19/07/2026
2025;Teruel;Escuela Universitaria;Escuela Universitaria Politécnica de Teruel;Grado: Programa conjunto en Ingeniería Informática-Administración y Dirección de Empresas;Grado;Andalucía;Hombres;No;Tiempo Completo;1;19/07/2026
2025;Teruel;Escuela Universitaria;Escuela Universitaria Politécnica de Teruel;Grado: Programa conjunto en Ingeniería Informática-Administración y Dirección de Empresas;Grado;Aragón;Hombres;No;Tiempo Completo;16;19/07/2026
2025;Teruel;Escuela Universitaria;Escuela Universitaria Politécnica de Teruel;Grado: Programa conjunto en Ingeniería Informática-Administración y Dirección de Empresas;Grado;Aragón;Hombres;Sí;Tiempo Completo;3;19/07/2026
2025;Teruel;Escuela Universitaria;Escuela Universitaria Politécnica de Teruel;Grado: Programa conjunto en Ingeniería Informática-Administración y Dirección de Empresas;Grado;Aragón;Mujeres;No;Tiempo Completo;6;19/07/2026
2025;Teruel;Escuela Universitaria;Escuela Universitaria Politécnica de Teruel;Grado: Programa conjunto en Ingeniería Informática-Administración y Dirección de Empresas;Grado;Catalunya;Mujeres;No;Tiempo Completo;1;19/07/2026
2025;Teruel;Escuela Universitaria;Escuela Universitaria Politécnica de Teruel;Grado: Programa conjunto en Ingeniería Informática-Administración y Dirección de Empresas;Grado;Comunidad Valenciana;Hombres;No;Tiempo Completo;1;19/07/2026
2025;Teruel;Escuela Universitaria;Escuela Universitaria Politécnica de Teruel;Grado: Programa conjunto en Ingeniería Informática-Administración y Dirección de Empresas;Grado;No Informado;Mujeres;No;Tiempo Completo;1;19/07/2026
2025;Teruel;Escuela Universitaria;Escuela Universitaria Politécnica de Teruel;Movilidad para 1º y 2º ciclo y grado;Movilidad de entrada;No Informado;Hombres;No;Tiempo Completo;3;19/07/2026
2025;Teruel;Facultad;Facultad de Ciencias Sociales y Humanas de Teruel;Grado: Administración y Dirección de Empresas;Grado;Aragón;Hombres;No;Otra dedicación;6;19/07/2026
2025;Teruel;Facultad;Facultad de Ciencias Sociales y Humanas de Teruel;Grado: Administración y Dirección de Empresas;Grado;Aragón;Hombres;No;Tiempo Completo;42;19/07/2026
2025;Teruel;Facultad;Facultad de Ciencias Sociales y Humanas de Teruel;Grado: Administración y Dirección de Empresas;Grado;Aragón;Hombres;Sí;Tiempo Completo;8;19/07/2026
2025;Teruel;Facultad;Facultad de Ciencias Sociales y Humanas de Teruel;Grado: Administración y Dirección de Empresas;Grado;Aragón;Hombres;No;Tiempo Parcial;1;19/07/2026
2025;Teruel;Facultad;Facultad de Ciencias Sociales y Humanas de Teruel;Grado: Administración y Dirección de Empresas;Grado;Aragón;Mujeres;No;Otra dedicación;3;19/07/2026
2025;Teruel;Facultad;Facultad de Ciencias Sociales y Humanas de Teruel;Grado: Administración y Dirección de Empresas;Grado;Aragón;Mujeres;No;Tiempo Completo;37;19/07/2026
2025;Teruel;Facultad;Facultad de Ciencias Sociales y Humanas de Teruel;Grado: Administración y Dirección de Empresas;Grado;Aragón;Mujeres;Sí;Tiempo Completo;1;19/07/2026
2025;Teruel;Facultad;Facultad de Ciencias Sociales y Humanas de Teruel;Grado: Administración y Dirección de Empresas;Grado;Aragón;Mujeres;No;Tiempo Parcial;2;19/07/2026
2025;Teruel;Facultad;Facultad de Ciencias Sociales y Humanas de Teruel;Grado: Administración y Dirección de Empresas;Grado;Castilla-La Mancha;Hombres;No;Tiempo Completo;1;19/07/2026
2025;Teruel;Facultad;Facultad de Ciencias Sociales y Humanas de Teruel;Grado: Administración y Dirección de Empresas;Grado;Comunidad Valenciana;Hombres;No;Tiempo Completo;6;19/07/2026
2025;Teruel;Facultad;Facultad de Ciencias Sociales y Humanas de Teruel;Grado: Administración y Dirección de Empresas;Grado;Comunidad Valenciana;Hombres;Sí;Tiempo Completo;2;19/07/2026
2025;Teruel;Facultad;Facultad de Ciencias Sociales y Humanas de Teruel;Grado: Administración y Dirección de Empresas;Grado;Comunidad Valenciana;Mujeres;No;Tiempo Completo;5;19/07/2026
2025;Teruel;Facultad;Facultad de Ciencias Sociales y Humanas de Teruel;Grado: Administración y Dirección de Empresas;Grado;No Informado;Mujeres;No;Tiempo Completo;2;19/07/2026
2025;Teruel;Facultad;Facultad de Ciencias Sociales y Humanas de Teruel;Grado: Administración y Dirección de Empresas;Grado;Pais Vasco;Mujeres;No;Tiempo Completo;1;19/07/2026
2025;Teruel;Facultad;Facultad de Ciencias Sociales y Humanas de Teruel;Grado: Bellas Artes;Grado;Andalucía;Mujeres;No;Tiempo Completo;1;19/07/2026
2025;Teruel;Facultad;Facultad de Ciencias Sociales y Humanas de Teruel;Grado: Bellas Artes;Grado;Aragón;Hombres;No;Otra dedicación;2;19/07/2026
2025;Teruel;Facultad;Facultad de Ciencias Sociales y Humanas de Teruel;Grado: Bellas Artes;Grado;Aragón;Hombres;No;Tiempo Completo;20;19/07/2026
2025;Teruel;Facultad;Facultad de Ciencias Sociales y Humanas de Teruel;Grado: Bellas Artes;Grado;Aragón;Mujeres;No;Otra dedicación;6;19/07/2026
2025;Teruel;Facultad;Facultad de Ciencias Sociales y Humanas de Teruel;Grado: Bellas Artes;Grado;Aragón;Mujeres;Sí;Otra dedicación;1;19/07/2026
2025;Teruel;Facultad;Facultad de Ciencias Sociales y Humanas de Teruel;Grado: Bellas Artes;Grado;Aragón;Mujeres;No;Tiempo Completo;67;19/07/2026
2025;Teruel;Facultad;Facultad de Ciencias Sociales y Humanas de Teruel;Grado: Bellas Artes;Grado;Aragón;Mujeres;Sí;Tiempo Completo;9;19/07/2026
2025;Teruel;Facultad;Facultad de Ciencias Sociales y Humanas de Teruel;Grado: Bellas Artes;Grado;Asturias;Mujeres;No;Tiempo Completo;2;19/07/2026
2025;Teruel;Facultad;Facultad de Ciencias Sociales y Humanas de Teruel;Grado: Bellas Artes;Grado;Baleares;Mujeres;No;Tiempo Completo;3;19/07/2026
2025;Teruel;Facultad;Facultad de Ciencias Sociales y Humanas de Teruel;Grado: Bellas Artes;Grado;Canarias;Mujeres;No;Tiempo Completo;1;19/07/2026
2025;Teruel;Facultad;Facultad de Ciencias Sociales y Humanas de Teruel;Grado: Bellas Artes;Grado;Cantabria;Mujeres;No;Otra dedicación;1;19/07/2026
2025;Teruel;Facultad;Facultad de Ciencias Sociales y Humanas de Teruel;Grado: Bellas Artes;Grado;Castilla y Leon;Hombres;No;Tiempo Completo;1;19/07/2026
2025;Teruel;Facultad;Facultad de Ciencias Sociales y Humanas de Teruel;Grado: Bellas Artes;Grado;Castilla y Leon;Mujeres;No;Tiempo Completo;2;19/07/2026
2025;Teruel;Facultad;Facultad de Ciencias Sociales y Humanas de Teruel;Grado: Bellas Artes;Grado;Castilla y Leon;Mujeres;Sí;Tiempo Completo;1;19/07/2026
2025;Teruel;Facultad;Facultad de Ciencias Sociales y Humanas de Teruel;Grado: Bellas Artes;Grado;Castilla-La Mancha;Mujeres;No;Tiempo Completo;2;19/07/2026
2025;Teruel;Facultad;Facultad de Ciencias Sociales y Humanas de Teruel;Grado: Bellas Artes;Grado;Catalunya;Hombres;No;Tiempo Completo;1;19/07/2026
2025;Teruel;Facultad;Facultad de Ciencias Sociales y Humanas de Teruel;Grado: Bellas Artes;Grado;Comunidad Valenciana;Hombres;No;Tiempo Completo;1;19/07/2026
2025;Teruel;Facultad;Facultad de Ciencias Sociales y Humanas de Teruel;Grado: Bellas Artes;Grado;Comunidad Valenciana;Mujeres;No;Tiempo Completo;10;19/07/2026
2025;Teruel;Facultad;Facultad de Ciencias Sociales y Humanas de Teruel;Grado: Bellas Artes;Grado;Comunidad Valenciana;Mujeres;No;Tiempo Parcial;1;19/07/2026
2025;Teruel;Facultad;Facultad de Ciencias Sociales y Humanas de Teruel;Grado: Bellas Artes;Grado;Galicia;Mujeres;No;Tiempo Completo;1;19/07/2026
2025;Teruel;Facultad;Facultad de Ciencias Sociales y Humanas de Teruel;Grado: Bellas Artes;Grado;La Rioja;Hombres;No;Tiempo Completo;1;19/07/2026
2025;Teruel;Facultad;Facultad de Ciencias Sociales y Humanas de Teruel;Grado: Bellas Artes;Grado;La Rioja;Mujeres;No;Tiempo Completo;2;19/07/2026
2025;Teruel;Facultad;Facultad de Ciencias Sociales y Humanas de Teruel;Grado: Bellas Artes;Grado;Madrid;Hombres;No;Otra dedicación;1;19/07/2026
2025;Teruel;Facultad;Facultad de Ciencias Sociales y Humanas de Teruel;Grado: Bellas Artes;Grado;Madrid;Mujeres;No;Tiempo Completo;1;19/07/2026
2025;Teruel;Facultad;Facultad de Ciencias Sociales y Humanas de Teruel;Grado: Bellas Artes;Grado;Navarra;Mujeres;No;Tiempo Completo;1;19/07/2026
2025;Teruel;Facultad;Facultad de Ciencias Sociales y Humanas de Teruel;Grado: Bellas Artes;Grado;No Informado;Mujeres;No;Tiempo Completo;1;19/07/2026
2025;Teruel;Facultad;Facultad de Ciencias Sociales y Humanas de Teruel;Grado: Bellas Artes;Grado;No Informado;Mujeres;Sí;Tiempo Completo;1;19/07/2026
2025;Teruel;Facultad;Facultad de Ciencias Sociales y Humanas de Teruel;Grado: Bellas Artes;Grado;Pais Vasco;Mujeres;No;Tiempo Completo;1;19/07/2026
2025;Teruel;Facultad;Facultad de Ciencias Sociales y Humanas de Teruel;Grado: Magisterio en Educación Infantil;Grado;Aragón;Hombres;No;Tiempo Completo;21;19/07/2026
2025;Teruel;Facultad;Facultad de Ciencias Sociales y Humanas de Teruel;Grado: Magisterio en Educación Infantil;Grado;Aragón;Mujeres;No;Otra dedicación;4;19/07/2026
2025;Teruel;Facultad;Facultad de Ciencias Sociales y Humanas de Teruel;Grado: Magisterio en Educación Infantil;Grado;Aragón;Mujeres;No;Tiempo Completo;213;19/07/2026
2025;Teruel;Facultad;Facultad de Ciencias Sociales y Humanas de Teruel;Grado: Magisterio en Educación Infantil;Grado;Aragón;Mujeres;Sí;Tiempo Completo;7;19/07/2026
2025;Teruel;Facultad;Facultad de Ciencias Sociales y Humanas de Teruel;Grado: Magisterio en Educación Infantil;Grado;Aragón;Mujeres;No;Tiempo Parcial;5;19/07/2026
2025;Teruel;Facultad;Facultad de Ciencias Sociales y Humanas de Teruel;Grado: Magisterio en Educación Infantil;Grado;Canarias;Hombres;No;Otra dedicación;1;19/07/2026
2025;Teruel;Facultad;Facultad de Ciencias Sociales y Humanas de Teruel;Grado: Magisterio en Educación Infantil;Grado;Canarias;Mujeres;No;Tiempo Completo;2;19/07/2026
2025;Teruel;Facultad;Facultad de Ciencias Sociales y Humanas de Teruel;Grado: Magisterio en Educación Infantil;Grado;Castilla-La Mancha;Mujeres;No;Otra dedicación;1;19/07/2026
2025;Teruel;Facultad;Facultad de Ciencias Sociales y Humanas de Teruel;Grado: Magisterio en Educación Infantil;Grado;Castilla-La Mancha;Mujeres;No;Tiempo Completo;6;19/07/2026
2025;Teruel;Facultad;Facultad de Ciencias Sociales y Humanas de Teruel;Grado: Magisterio en Educación Infantil;Grado;Catalunya;Hombres;No;Tiempo Completo;3;19/07/2026
2025;Teruel;Facultad;Facultad de Ciencias Sociales y Humanas de Teruel;Grado: Magisterio en Educación Infantil;Grado;Catalunya;Mujeres;No;Tiempo Completo;7;19/07/2026
2025;Teruel;Facultad;Facultad de Ciencias Sociales y Humanas de Teruel;Grado: Magisterio en Educación Infantil;Grado;Catalunya;Mujeres;Sí;Tiempo Completo;1;19/07/2026
2025;Teruel;Facultad;Facultad de Ciencias Sociales y Humanas de Teruel;Grado: Magisterio en Educación Infantil;Grado;Comunidad Valenciana;Hombres;No;Otra dedicación;1;19/07/2026
2025;Teruel;Facultad;Facultad de Ciencias Sociales y Humanas de Teruel;Grado: Magisterio en Educación Infantil;Grado;Comunidad Valenciana;Hombres;No;Tiempo Completo;17;19/07/2026
2025;Teruel;Facultad;Facultad de Ciencias Sociales y Humanas de Teruel;Grado: Magisterio en Educación Infantil;Grado;Comunidad Valenciana;Mujeres;No;Otra dedicación;5;19/07/2026
2025;Teruel;Facultad;Facultad de Ciencias Sociales y Humanas de Teruel;Grado: Magisterio en Educación Infantil;Grado;Comunidad Valenciana;Mujeres;No;Tiempo Completo;124;19/07/2026
2025;Teruel;Facultad;Facultad de Ciencias Sociales y Humanas de Teruel;Grado: Magisterio en Educación Infantil;Grado;Comunidad Valenciana;Mujeres;Sí;Tiempo Completo;4;19/07/2026
2025;Teruel;Facultad;Facultad de Ciencias Sociales y Humanas de Teruel;Grado: Magisterio en Educación Infantil;Grado;Comunidad Valenciana;Mujeres;No;Tiempo Parcial;2;19/07/2026
2025;Teruel;Facultad;Facultad de Ciencias Sociales y Humanas de Teruel;Grado: Magisterio en Educación Infantil;Grado;La Rioja;Mujeres;No;Tiempo Completo;1;19/07/2026
2025;Teruel;Facultad;Facultad de Ciencias Sociales y Humanas de Teruel;Grado: Magisterio en Educación Infantil;Grado;Madrid;Mujeres;No;Tiempo Completo;1;19/07/2026
2025;Teruel;Facultad;Facultad de Ciencias Sociales y Humanas de Teruel;Grado: Magisterio en Educación Infantil;Grado;Navarra;Hombres;No;Tiempo Completo;1;19/07/2026
2025;Teruel;Facultad;Facultad de Ciencias Sociales y Humanas de Teruel;Grado: Magisterio en Educación Infantil;Grado;Navarra;Mujeres;No;Tiempo Completo;3;19/07/2026
2025;Teruel;Facultad;Facultad de Ciencias Sociales y Humanas de Teruel;Grado: Magisterio en Educación Primaria;Grado;Andalucía;Hombres;No;Tiempo Completo;1;19/07/2026
2025;Teruel;Facultad;Facultad de Ciencias Sociales y Humanas de Teruel;Grado: Magisterio en Educación Primaria;Grado;Aragón;Hombres;No;Otra dedicación;5;19/07/2026
2025;Teruel;Facultad;Facultad de Ciencias Sociales y Humanas de Teruel;Grado: Magisterio en Educación Primaria;Grado;Aragón;Hombres;No;Tiempo Completo;136;19/07/2026
2025;Teruel;Facultad;Facultad de Ciencias Sociales y Humanas de Teruel;Grado: Magisterio en Educación Primaria;Grado;Aragón;Hombres;Sí;Tiempo Completo;3;19/07/2026
2025;Teruel;Facultad;Facultad de Ciencias Sociales y Humanas de Teruel;Grado: Magisterio en Educación Primaria;Grado;Aragón;Mujeres;No;Otra dedicación;6;19/07/2026
2025;Teruel;Facultad;Facultad de Ciencias Sociales y Humanas de Teruel;Grado: Magisterio en Educación Primaria;Grado;Aragón;Mujeres;No;Tiempo Completo;159;19/07/2026
2025;Teruel;Facultad;Facultad de Ciencias Sociales y Humanas de Teruel;Grado: Magisterio en Educación Primaria;Grado;Aragón;Mujeres;Sí;Tiempo Completo;13;19/07/2026
2025;Teruel;Facultad;Facultad de Ciencias Sociales y Humanas de Teruel;Grado: Magisterio en Educación Primaria;Grado;Aragón;Mujeres;No;Tiempo Parcial;1;19/07/2026
2025;Teruel;Facultad;Facultad de Ciencias Sociales y Humanas de Teruel;Grado: Magisterio en Educación Primaria;Grado;Canarias;Hombres;No;Tiempo Completo;1;19/07/2026
2025;Teruel;Facultad;Facultad de Ciencias Sociales y Humanas de Teruel;Grado: Magisterio en Educación Primaria;Grado;Canarias;Mujeres;No;Tiempo Completo;1;19/07/2026
2025;Teruel;Facultad;Facultad de Ciencias Sociales y Humanas de Teruel;Grado: Magisterio en Educación Primaria;Grado;Castilla-La Mancha;Hombres;No;Tiempo Completo;2;19/07/2026
2025;Teruel;Facultad;Facultad de Ciencias Sociales y Humanas de Teruel;Grado: Magisterio en Educación Primaria;Grado;Castilla-La Mancha;Mujeres;No;Tiempo Completo;2;19/07/2026
2025;Teruel;Facultad;Facultad de Ciencias Sociales y Humanas de Teruel;Grado: Magisterio en Educación Primaria;Grado;Catalunya;Hombres;No;Tiempo Completo;1;19/07/2026
2025;Teruel;Facultad;Facultad de Ciencias Sociales y Humanas de Teruel;Grado: Magisterio en Educación Primaria;Grado;Catalunya;Mujeres;No;Tiempo Completo;2;19/07/2026
2025;Teruel;Facultad;Facultad de Ciencias Sociales y Humanas de Teruel;Grado: Magisterio en Educación Primaria;Grado;Catalunya;Mujeres;Sí;Tiempo Completo;1;19/07/2026
2025;Teruel;Facultad;Facultad de Ciencias Sociales y Humanas de Teruel;Grado: Magisterio en Educación Primaria;Grado;Comunidad Valenciana;Hombres;No;Tiempo Completo;57;19/07/2026
2025;Teruel;Facultad;Facultad de Ciencias Sociales y Humanas de Teruel;Grado: Magisterio en Educación Primaria;Grado;Comunidad Valenciana;Hombres;Sí;Tiempo Completo;3;19/07/2026
2025;Teruel;Facultad;Facultad de Ciencias Sociales y Humanas de Teruel;Grado: Magisterio en Educación Primaria;Grado;Comunidad Valenciana;Mujeres;No;Otra dedicación;1;19/07/2026
2025;Teruel;Facultad;Facultad de Ciencias Sociales y Humanas de Teruel;Grado: Magisterio en Educación Primaria;Grado;Comunidad Valenciana;Mujeres;No;Tiempo Completo;66;19/07/2026
2025;Teruel;Facultad;Facultad de Ciencias Sociales y Humanas de Teruel;Grado: Magisterio en Educación Primaria;Grado;Comunidad Valenciana;Mujeres;Sí;Tiempo Completo;5;19/07/2026
2025;Teruel;Facultad;Facultad de Ciencias Sociales y Humanas de Teruel;Grado: Magisterio en Educación Primaria;Grado;Navarra;Mujeres;No;Tiempo Completo;1;19/07/2026
2025;Teruel;Facultad;Facultad de Ciencias Sociales y Humanas de Teruel;Grado: Magisterio en Educación Primaria;Grado;Pais Vasco;Mujeres;No;Tiempo Completo;2;19/07/2026
2025;Teruel;Facultad;Facultad de Ciencias Sociales y Humanas de Teruel;Grado: Psicología;Grado;Andalucía;Hombres;No;Tiempo Completo;1;19/07/2026
2025;Teruel;Facultad;Facultad de Ciencias Sociales y Humanas de Teruel;Grado: Psicología;Grado;Andalucía;Mujeres;No;Tiempo Completo;10;19/07/2026
2025;Teruel;Facultad;Facultad de Ciencias Sociales y Humanas de Teruel;Grado: Psicología;Grado;Andalucía;Mujeres;Sí;Tiempo Completo;2;19/07/2026
2025;Teruel;Facultad;Facultad de Ciencias Sociales y Humanas de Teruel;Grado: Psicología;Grado;Aragón;Hombres;No;Otra dedicación;2;19/07/2026
2025;Teruel;Facultad;Facultad de Ciencias Sociales y Humanas de Teruel;Grado: Psicología;Grado;Aragón;Hombres;No;Tiempo Completo;39;19/07/2026
2025;Teruel;Facultad;Facultad de Ciencias Sociales y Humanas de Teruel;Grado: Psicología;Grado;Aragón;Hombres;Sí;Tiempo Completo;5;19/07/2026
2025;Teruel;Facultad;Facultad de Ciencias Sociales y Humanas de Teruel;Grado: Psicología;Grado;Aragón;Mujeres;No;Otra dedicación;8;19/07/2026
2025;Teruel;Facultad;Facultad de Ciencias Sociales y Humanas de Teruel;Grado: Psicología;Grado;Aragón;Mujeres;Sí;Otra dedicación;2;19/07/2026
2025;Teruel;Facultad;Facultad de Ciencias Sociales y Humanas de Teruel;Grado: Psicología;Grado;Aragón;Mujeres;No;Tiempo Completo;176;19/07/2026
2025;Teruel;Facultad;Facultad de Ciencias Sociales y Humanas de Teruel;Grado: Psicología;Grado;Aragón;Mujeres;Sí;Tiempo Completo;14;19/07/2026
2025;Teruel;Facultad;Facultad de Ciencias Sociales y Humanas de Teruel;Grado: Psicología;Grado;Aragón;Mujeres;No;Tiempo Parcial;1;19/07/2026
2025;Teruel;Facultad;Facultad de Ciencias Sociales y Humanas de Teruel;Grado: Psicología;Grado;Baleares;Mujeres;No;Tiempo Completo;2;19/07/2026
2025;Teruel;Facultad;Facultad de Ciencias Sociales y Humanas de Teruel;Grado: Psicología;Grado;Canarias;Mujeres;No;Tiempo Completo;7;19/07/2026
2025;Teruel;Facultad;Facultad de Ciencias Sociales y Humanas de Teruel;Grado: Psicología;Grado;Canarias;Mujeres;Sí;Tiempo Completo;2;19/07/2026
2025;Teruel;Facultad;Facultad de Ciencias Sociales y Humanas de Teruel;Grado: Psicología;Grado;Castilla y Leon;Hombres;No;Otra dedicación;1;19/07/2026
2025;Teruel;Facultad;Facultad de Ciencias Sociales y Humanas de Teruel;Grado: Psicología;Grado;Castilla y Leon;Hombres;No;Tiempo Completo;1;19/07/2026
2025;Teruel;Facultad;Facultad de Ciencias Sociales y Humanas de Teruel;Grado: Psicología;Grado;Castilla y Leon;Mujeres;No;Tiempo Completo;15;19/07/2026
2025;Teruel;Facultad;Facultad de Ciencias Sociales y Humanas de Teruel;Grado: Psicología;Grado;Castilla y Leon;Mujeres;Sí;Tiempo Completo;1;19/07/2026
2025;Teruel;Facultad;Facultad de Ciencias Sociales y Humanas de Teruel;Grado: Psicología;Grado;Castilla-La Mancha;Hombres;No;Tiempo Completo;3;19/07/2026
2025;Teruel;Facultad;Facultad de Ciencias Sociales y Humanas de Teruel;Grado: Psicología;Grado;Castilla-La Mancha;Mujeres;No;Tiempo Completo;15;19/07/2026
2025;Teruel;Facultad;Facultad de Ciencias Sociales y Humanas de Teruel;Grado: Psicología;Grado;Catalunya;Mujeres;No;Tiempo Completo;2;19/07/2026
2025;Teruel;Facultad;Facultad de Ciencias Sociales y Humanas de Teruel;Grado: Psicología;Grado;Catalunya;Mujeres;Sí;Tiempo Completo;1;19/07/2026
2025;Teruel;Facultad;Facultad de Ciencias Sociales y Humanas de Teruel;Grado: Psicología;Grado;Comunidad Valenciana;Hombres;No;Tiempo Completo;3;19/07/2026
2025;Teruel;Facultad;Facultad de Ciencias Sociales y Humanas de Teruel;Grado: Psicología;Grado;Comunidad Valenciana;Mujeres;No;Otra dedicación;1;19/07/2026
2025;Teruel;Facultad;Facultad de Ciencias Sociales y Humanas de Teruel;Grado: Psicología;Grado;Comunidad Valenciana;Mujeres;No;Tiempo Completo;9;19/07/2026
2025;Teruel;Facultad;Facultad de Ciencias Sociales y Humanas de Teruel;Grado: Psicología;Grado;Extremadura;Hombres;No;Tiempo Completo;1;19/07/2026
2025;Teruel;Facultad;Facultad de Ciencias Sociales y Humanas de Teruel;Grado: Psicología;Grado;Extremadura;Mujeres;No;Tiempo Completo;3;19/07/2026
2025;Teruel;Facultad;Facultad de Ciencias Sociales y Humanas de Teruel;Grado: Psicología;Grado;Galicia;Mujeres;No;Tiempo Completo;3;19/07/2026
2025;Teruel;Facultad;Facultad de Ciencias Sociales y Humanas de Teruel;Grado: Psicología;Grado;La Rioja;Hombres;No;Tiempo Completo;1;19/07/2026
2025;Teruel;Facultad;Facultad de Ciencias Sociales y Humanas de Teruel;Grado: Psicología;Grado;La Rioja;Mujeres;No;Tiempo Completo;5;19/07/2026
2025;Teruel;Facultad;Facultad de Ciencias Sociales y Humanas de Teruel;Grado: Psicología;Grado;Madrid;Hombres;No;Tiempo Completo;1;19/07/2026
2025;Teruel;Facultad;Facultad de Ciencias Sociales y Humanas de Teruel;Grado: Psicología;Grado;Madrid;Mujeres;No;Tiempo Completo;5;19/07/2026
2025;Teruel;Facultad;Facultad de Ciencias Sociales y Humanas de Teruel;Grado: Psicología;Grado;Murcia;Mujeres;No;Tiempo Completo;1;19/07/2026
2025;Teruel;Facultad;Facultad de Ciencias Sociales y Humanas de Teruel;Grado: Psicología;Grado;Navarra;Mujeres;No;Tiempo Completo;8;19/07/2026
2025;Teruel;Facultad;Facultad de Ciencias Sociales y Humanas de Teruel;Grado: Psicología;Grado;Pais Vasco;Hombres;No;Tiempo Completo;2;19/07/2026
2025;Teruel;Facultad;Facultad de Ciencias Sociales y Humanas de Teruel;Grado: Psicología;Grado;Pais Vasco;Mujeres;No;Tiempo Completo;3;19/07/2026
2025;Teruel;Facultad;Facultad de Ciencias Sociales y Humanas de Teruel;Movilidad para 1º y 2º ciclo y grado;Movilidad de entrada;Andalucía;Mujeres;No;Tiempo Completo;5;19/07/2026
2025;Teruel;Facultad;Facultad de Ciencias Sociales y Humanas de Teruel;Movilidad para 1º y 2º ciclo y grado;Movilidad de entrada;Aragón;Hombres;No;Tiempo Completo;1;19/07/2026
2025;Teruel;Facultad;Facultad de Ciencias Sociales y Humanas de Teruel;Movilidad para 1º y 2º ciclo y grado;Movilidad de entrada;Aragón;Mujeres;No;Tiempo Completo;1;19/07/2026
2025;Teruel;Facultad;Facultad de Ciencias Sociales y Humanas de Teruel;Movilidad para 1º y 2º ciclo y grado;Movilidad de entrada;Asturias;Mujeres;No;Tiempo Completo;1;19/07/2026
2025;Teruel;Facultad;Facultad de Ciencias Sociales y Humanas de Teruel;Movilidad para 1º y 2º ciclo y grado;Movilidad de entrada;Canarias;Hombres;No;Tiempo Completo;1;19/07/2026
2025;Teruel;Facultad;Facultad de Ciencias Sociales y Humanas de Teruel;Movilidad para 1º y 2º ciclo y grado;Movilidad de entrada;Castilla y Leon;Hombres;No;Tiempo Completo;3;19/07/2026
2025;Teruel;Facultad;Facultad de Ciencias Sociales y Humanas de Teruel;Movilidad para 1º y 2º ciclo y grado;Movilidad de entrada;Castilla y Leon;Mujeres;No;Tiempo Completo;1;19/07/2026
2025;Teruel;Facultad;Facultad de Ciencias Sociales y Humanas de Teruel;Movilidad para 1º y 2º ciclo y grado;Movilidad de entrada;Catalunya;Mujeres;No;Tiempo Completo;2;19/07/2026
2025;Teruel;Facultad;Facultad de Ciencias Sociales y Humanas de Teruel;Movilidad para 1º y 2º ciclo y grado;Movilidad de entrada;Comunidad Valenciana;Mujeres;No;Tiempo Completo;2;19/07/2026
2025;Teruel;Facultad;Facultad de Ciencias Sociales y Humanas de Teruel;Movilidad para 1º y 2º ciclo y grado;Movilidad de entrada;Extremadura;Hombres;No;Tiempo Completo;2;19/07/2026
2025;Teruel;Facultad;Facultad de Ciencias Sociales y Humanas de Teruel;Movilidad para 1º y 2º ciclo y grado;Movilidad de entrada;Galicia;Mujeres;No;Tiempo Completo;1;19/07/2026
2025;Teruel;Facultad;Facultad de Ciencias Sociales y Humanas de Teruel;Movilidad para 1º y 2º ciclo y grado;Movilidad de entrada;Madrid;Mujeres;No;Tiempo Completo;1;19/07/2026
2025;Teruel;Facultad;Facultad de Ciencias Sociales y Humanas de Teruel;Movilidad para 1º y 2º ciclo y grado;Movilidad de entrada;No Informado;Hombres;No;Tiempo Completo;6;19/07/2026
2025;Teruel;Facultad;Facultad de Ciencias Sociales y Humanas de Teruel;Movilidad para 1º y 2º ciclo y grado;Movilidad de entrada;No Informado;Mujeres;No;Tiempo Completo;39;19/07/2026
2025;Teruel;Facultad;Facultad de Ciencias Sociales y Humanas de Teruel;Máster: Profesorado E.S.O., F.P. y Ens. Idiom, Art y Deport;Máster;Aragón;Hombres;No;Tiempo Completo;7;19/07/2026
2025;Teruel;Facultad;Facultad de Ciencias Sociales y Humanas de Teruel;Máster: Profesorado E.S.O., F.P. y Ens. Idiom, Art y Deport;Máster;Aragón;Mujeres;No;Tiempo Completo;11;19/07/2026
2025;Teruel;Facultad;Facultad de Ciencias Sociales y Humanas de Teruel;Máster: Profesorado E.S.O., F.P. y Ens. Idiom, Art y Deport;Máster;Aragón;Mujeres;No;Tiempo Parcial;1;19/07/2026
2025;Teruel;Facultad;Facultad de Ciencias Sociales y Humanas de Teruel;Máster: Profesorado E.S.O., F.P. y Ens. Idiom, Art y Deport;Máster;Castilla y Leon;Hombres;No;Tiempo Completo;1;19/07/2026
2025;Teruel;Facultad;Facultad de Ciencias Sociales y Humanas de Teruel;Máster: Profesorado E.S.O., F.P. y Ens. Idiom, Art y Deport;Máster;Castilla-La Mancha;Hombres;No;Tiempo Completo;1;19/07/2026
2025;Teruel;Facultad;Facultad de Ciencias Sociales y Humanas de Teruel;Máster: Profesorado E.S.O., F.P. y Ens. Idiom, Art y Deport;Máster;Extremadura;Hombres;No;Tiempo Completo;1;19/07/2026
2025;Teruel;Facultad;Facultad de Ciencias Sociales y Humanas de Teruel;Máster: Profesorado E.S.O., F.P. y Ens. Idiom, Art y Deport;Máster;Galicia;Mujeres;No;Tiempo Completo;1;19/07/2026
2025;Teruel;Facultad;Facultad de Ciencias Sociales y Humanas de Teruel;Máster: Profesorado E.S.O., F.P. y Ens. Idiom, Art y Deport;Máster;La Rioja;Hombres;No;Tiempo Completo;1;19/07/2026
2025;Teruel;Facultad;Facultad de Ciencias Sociales y Humanas de Teruel;Máster: Profesorado E.S.O., F.P. y Ens. Idiom, Art y Deport;Máster;La Rioja;Mujeres;No;Tiempo Completo;1;19/07/2026
2025;Teruel;Facultad;Facultad de Ciencias Sociales y Humanas de Teruel;Máster: Psicología General Sanitaria;Máster;Andalucía;Mujeres;No;Tiempo Completo;5;19/07/2026
2025;Teruel;Facultad;Facultad de Ciencias Sociales y Humanas de Teruel;Máster: Psicología General Sanitaria;Máster;Aragón;Hombres;No;Tiempo Completo;2;19/07/2026
2025;Teruel;Facultad;Facultad de Ciencias Sociales y Humanas de Teruel;Máster: Psicología General Sanitaria;Máster;Aragón;Mujeres;No;Tiempo Completo;29;19/07/2026
2025;Teruel;Facultad;Facultad de Ciencias Sociales y Humanas de Teruel;Máster: Psicología General Sanitaria;Máster;Aragón;Mujeres;No;Tiempo Parcial;1;19/07/2026
2025;Teruel;Facultad;Facultad de Ciencias Sociales y Humanas de Teruel;Máster: Psicología General Sanitaria;Máster;Baleares;Mujeres;No;Tiempo Completo;1;19/07/2026
2025;Teruel;Facultad;Facultad de Ciencias Sociales y Humanas de Teruel;Máster: Psicología General Sanitaria;Máster;Castilla y Leon;Hombres;No;Tiempo Completo;1;19/07/2026
2025;Teruel;Facultad;Facultad de Ciencias Sociales y Humanas de Teruel;Máster: Psicología General Sanitaria;Máster;Castilla y Leon;Mujeres;No;Tiempo Completo;2;19/07/2026
2025;Teruel;Facultad;Facultad de Ciencias Sociales y Humanas de Teruel;Máster: Psicología General Sanitaria;Máster;Castilla-La Mancha;Mujeres;No;Tiempo Completo;2;19/07/2026
2025;Teruel;Facultad;Facultad de Ciencias Sociales y Humanas de Teruel;Máster: Psicología General Sanitaria;Máster;Comunidad Valenciana;Mujeres;No;Tiempo Completo;6;19/07/2026
2025;Teruel;Facultad;Facultad de Ciencias Sociales y Humanas de Teruel;Máster: Psicología General Sanitaria;Máster;Extremadura;Hombres;No;Tiempo Completo;1;19/07/2026
2025;Teruel;Facultad;Facultad de Ciencias Sociales y Humanas de Teruel;Máster: Psicología General Sanitaria;Máster;Extremadura;Mujeres;No;Tiempo Completo;1;19/07/2026
2025;Teruel;Facultad;Facultad de Ciencias Sociales y Humanas de Teruel;Máster: Psicología General Sanitaria;Máster;Galicia;Mujeres;No;Tiempo Completo;3;19/07/2026
2025;Teruel;Facultad;Facultad de Ciencias Sociales y Humanas de Teruel;Máster: Psicología General Sanitaria;Máster;La Rioja;Mujeres;No;Tiempo Completo;2;19/07/2026
2025;Teruel;Facultad;Facultad de Ciencias Sociales y Humanas de Teruel;Máster: Psicología General Sanitaria;Máster;Navarra;Mujeres;No;Tiempo Completo;3;19/07/2026
2025;Teruel;Facultad;Facultad de Ciencias Sociales y Humanas de Teruel;Máster: Psicología General Sanitaria;Máster;Pais Vasco;Hombres;No;Tiempo Completo;1;19/07/2026
2025;Teruel;Facultad;Facultad de Ciencias Sociales y Humanas de Teruel;Máster: Psicología General Sanitaria;Máster;Pais Vasco;Mujeres;No;Tiempo Completo;1;19/07/2026
2025;Zaragoza;Centro adscrito;Centro Universitario de la Defensa de Zaragoza;Grado: Estudios para la Defensa y Seguridad;Grado;Andalucía;Hombres;No;Tiempo Completo;149;19/07/2026
2025;Zaragoza;Centro adscrito;Centro Universitario de la Defensa de Zaragoza;Grado: Estudios para la Defensa y Seguridad;Grado;Andalucía;Mujeres;No;Tiempo Completo;29;19/07/2026
2025;Zaragoza;Centro adscrito;Centro Universitario de la Defensa de Zaragoza;Grado: Estudios para la Defensa y Seguridad;Grado;Aragón;Hombres;No;Tiempo Completo;75;19/07/2026
2025;Zaragoza;Centro adscrito;Centro Universitario de la Defensa de Zaragoza;Grado: Estudios para la Defensa y Seguridad;Grado;Aragón;Mujeres;No;Tiempo Completo;12;19/07/2026
2025;Zaragoza;Centro adscrito;Centro Universitario de la Defensa de Zaragoza;Grado: Estudios para la Defensa y Seguridad;Grado;Asturias;Hombres;No;Tiempo Completo;10;19/07/2026
2025;Zaragoza;Centro adscrito;Centro Universitario de la Defensa de Zaragoza;Grado: Estudios para la Defensa y Seguridad;Grado;Asturias;Mujeres;No;Tiempo Completo;2;19/07/2026
2025;Zaragoza;Centro adscrito;Centro Universitario de la Defensa de Zaragoza;Grado: Estudios para la Defensa y Seguridad;Grado;Baleares;Hombres;No;Tiempo Completo;1;19/07/2026
2025;Zaragoza;Centro adscrito;Centro Universitario de la Defensa de Zaragoza;Grado: Estudios para la Defensa y Seguridad;Grado;Canarias;Hombres;No;Tiempo Completo;10;19/07/2026
2025;Zaragoza;Centro adscrito;Centro Universitario de la Defensa de Zaragoza;Grado: Estudios para la Defensa y Seguridad;Grado;Canarias;Mujeres;No;Tiempo Completo;2;19/07/2026
2025;Zaragoza;Centro adscrito;Centro Universitario de la Defensa de Zaragoza;Grado: Estudios para la Defensa y Seguridad;Grado;Cantabria;Hombres;No;Tiempo Completo;5;19/07/2026
2025;Zaragoza;Centro adscrito;Centro Universitario de la Defensa de Zaragoza;Grado: Estudios para la Defensa y Seguridad;Grado;Castilla y Leon;Hombres;No;Tiempo Completo;37;19/07/2026
2025;Zaragoza;Centro adscrito;Centro Universitario de la Defensa de Zaragoza;Grado: Estudios para la Defensa y Seguridad;Grado;Castilla y Leon;Mujeres;No;Tiempo Completo;6;19/07/2026
2025;Zaragoza;Centro adscrito;Centro Universitario de la Defensa de Zaragoza;Grado: Estudios para la Defensa y Seguridad;Grado;Castilla-La Mancha;Hombres;No;Tiempo Completo;31;19/07/2026
2025;Zaragoza;Centro adscrito;Centro Universitario de la Defensa de Zaragoza;Grado: Estudios para la Defensa y Seguridad;Grado;Castilla-La Mancha;Mujeres;No;Tiempo Completo;7;19/07/2026
2025;Zaragoza;Centro adscrito;Centro Universitario de la Defensa de Zaragoza;Grado: Estudios para la Defensa y Seguridad;Grado;Catalunya;Hombres;No;Tiempo Completo;6;19/07/2026
2025;Zaragoza;Centro adscrito;Centro Universitario de la Defensa de Zaragoza;Grado: Estudios para la Defensa y Seguridad;Grado;Ciudad autónoma de Ceuta;Hombres;No;Tiempo Completo;5;19/07/2026
2025;Zaragoza;Centro adscrito;Centro Universitario de la Defensa de Zaragoza;Grado: Estudios para la Defensa y Seguridad;Grado;Ciudad autónoma de Ceuta;Mujeres;No;Tiempo Completo;1;19/07/2026
2025;Zaragoza;Centro adscrito;Centro Universitario de la Defensa de Zaragoza;Grado: Estudios para la Defensa y Seguridad;Grado;Ciudad autónoma de Melilla;Hombres;No;Tiempo Completo;8;19/07/2026
2025;Zaragoza;Centro adscrito;Centro Universitario de la Defensa de Zaragoza;Grado: Estudios para la Defensa y Seguridad;Grado;Ciudad autónoma de Melilla;Mujeres;No;Tiempo Completo;3;19/07/2026
2025;Zaragoza;Centro adscrito;Centro Universitario de la Defensa de Zaragoza;Grado: Estudios para la Defensa y Seguridad;Grado;Comunidad Valenciana;Hombres;No;Tiempo Completo;23;19/07/2026
2025;Zaragoza;Centro adscrito;Centro Universitario de la Defensa de Zaragoza;Grado: Estudios para la Defensa y Seguridad;Grado;Comunidad Valenciana;Mujeres;No;Tiempo Completo;2;19/07/2026
2025;Zaragoza;Centro adscrito;Centro Universitario de la Defensa de Zaragoza;Grado: Estudios para la Defensa y Seguridad;Grado;Extremadura;Hombres;No;Tiempo Completo;22;19/07/2026
2025;Zaragoza;Centro adscrito;Centro Universitario de la Defensa de Zaragoza;Grado: Estudios para la Defensa y Seguridad;Grado;Extremadura;Mujeres;No;Tiempo Completo;4;19/07/2026
2025;Zaragoza;Centro adscrito;Centro Universitario de la Defensa de Zaragoza;Grado: Estudios para la Defensa y Seguridad;Grado;Galicia;Hombres;No;Tiempo Completo;12;19/07/2026
2025;Zaragoza;Centro adscrito;Centro Universitario de la Defensa de Zaragoza;Grado: Estudios para la Defensa y Seguridad;Grado;Galicia;Mujeres;No;Tiempo Completo;4;19/07/2026
2025;Zaragoza;Centro adscrito;Centro Universitario de la Defensa de Zaragoza;Grado: Estudios para la Defensa y Seguridad;Grado;La Rioja;Hombres;No;Tiempo Completo;3;19/07/2026
2025;Zaragoza;Centro adscrito;Centro Universitario de la Defensa de Zaragoza;Grado: Estudios para la Defensa y Seguridad;Grado;La Rioja;Mujeres;No;Tiempo Completo;2;19/07/2026
2025;Zaragoza;Centro adscrito;Centro Universitario de la Defensa de Zaragoza;Grado: Estudios para la Defensa y Seguridad;Grado;Madrid;Hombres;No;Tiempo Completo;115;19/07/2026
2025;Zaragoza;Centro adscrito;Centro Universitario de la Defensa de Zaragoza;Grado: Estudios para la Defensa y Seguridad;Grado;Madrid;Mujeres;No;Tiempo Completo;19;19/07/2026
2025;Zaragoza;Centro adscrito;Centro Universitario de la Defensa de Zaragoza;Grado: Estudios para la Defensa y Seguridad;Grado;Murcia;Hombres;No;Tiempo Completo;12;19/07/2026
2025;Zaragoza;Centro adscrito;Centro Universitario de la Defensa de Zaragoza;Grado: Estudios para la Defensa y Seguridad;Grado;Murcia;Mujeres;No;Tiempo Completo;6;19/07/2026
2025;Zaragoza;Centro adscrito;Centro Universitario de la Defensa de Zaragoza;Grado: Estudios para la Defensa y Seguridad;Grado;Navarra;Hombres;No;Tiempo Completo;2;19/07/2026
2025;Zaragoza;Centro adscrito;Centro Universitario de la Defensa de Zaragoza;Grado: Estudios para la Defensa y Seguridad;Grado;No Informado;Hombres;No;Tiempo Completo;1;19/07/2026
2025;Zaragoza;Centro adscrito;Centro Universitario de la Defensa de Zaragoza;Grado: Estudios para la Defensa y Seguridad;Grado;No Informado;Mujeres;No;Tiempo Completo;1;19/07/2026
2025;Zaragoza;Centro adscrito;Centro Universitario de la Defensa de Zaragoza;Grado: Ingeniería de Organización Industrial;Grado;Andalucía;Hombres;No;Tiempo Completo;149;19/07/2026
2025;Zaragoza;Centro adscrito;Centro Universitario de la Defensa de Zaragoza;Grado: Ingeniería de Organización Industrial;Grado;Andalucía;Mujeres;No;Tiempo Completo;19;19/07/2026
2025;Zaragoza;Centro adscrito;Centro Universitario de la Defensa de Zaragoza;Grado: Ingeniería de Organización Industrial;Grado;Aragón;Hombres;No;Tiempo Completo;82;19/07/2026
2025;Zaragoza;Centro adscrito;Centro Universitario de la Defensa de Zaragoza;Grado: Ingeniería de Organización Industrial;Grado;Aragón;Mujeres;No;Tiempo Completo;20;19/07/2026
2025;Zaragoza;Centro adscrito;Centro Universitario de la Defensa de Zaragoza;Grado: Ingeniería de Organización Industrial;Grado;Asturias;Hombres;No;Tiempo Completo;9;19/07/2026
2025;Zaragoza;Centro adscrito;Centro Universitario de la Defensa de Zaragoza;Grado: Ingeniería de Organización Industrial;Grado;Asturias;Mujeres;No;Tiempo Completo;2;19/07/2026
2025;Zaragoza;Centro adscrito;Centro Universitario de la Defensa de Zaragoza;Grado: Ingeniería de Organización Industrial;Grado;Baleares;Hombres;No;Tiempo Completo;3;19/07/2026
2025;Zaragoza;Centro adscrito;Centro Universitario de la Defensa de Zaragoza;Grado: Ingeniería de Organización Industrial;Grado;Baleares;Mujeres;No;Tiempo Completo;2;19/07/2026
2025;Zaragoza;Centro adscrito;Centro Universitario de la Defensa de Zaragoza;Grado: Ingeniería de Organización Industrial;Grado;Canarias;Hombres;No;Tiempo Completo;11;19/07/2026
2025;Zaragoza;Centro adscrito;Centro Universitario de la Defensa de Zaragoza;Grado: Ingeniería de Organización Industrial;Grado;Canarias;Mujeres;No;Tiempo Completo;1;19/07/2026
2025;Zaragoza;Centro adscrito;Centro Universitario de la Defensa de Zaragoza;Grado: Ingeniería de Organización Industrial;Grado;Cantabria;Hombres;No;Tiempo Completo;5;19/07/2026
2025;Zaragoza;Centro adscrito;Centro Universitario de la Defensa de Zaragoza;Grado: Ingeniería de Organización Industrial;Grado;Castilla y Leon;Hombres;No;Tiempo Completo;66;19/07/2026
2025;Zaragoza;Centro adscrito;Centro Universitario de la Defensa de Zaragoza;Grado: Ingeniería de Organización Industrial;Grado;Castilla y Leon;Mujeres;No;Tiempo Completo;6;19/07/2026
2025;Zaragoza;Centro adscrito;Centro Universitario de la Defensa de Zaragoza;Grado: Ingeniería de Organización Industrial;Grado;Castilla-La Mancha;Hombres;No;Tiempo Completo;44;19/07/2026
2025;Zaragoza;Centro adscrito;Centro Universitario de la Defensa de Zaragoza;Grado: Ingeniería de Organización Industrial;Grado;Castilla-La Mancha;Mujeres;No;Tiempo Completo;7;19/07/2026
2025;Zaragoza;Centro adscrito;Centro Universitario de la Defensa de Zaragoza;Grado: Ingeniería de Organización Industrial;Grado;Catalunya;Hombres;No;Tiempo Completo;2;19/07/2026
2025;Zaragoza;Centro adscrito;Centro Universitario de la Defensa de Zaragoza;Grado: Ingeniería de Organización Industrial;Grado;Ciudad autónoma de Ceuta;Hombres;No;Tiempo Completo;4;19/07/2026
2025;Zaragoza;Centro adscrito;Centro Universitario de la Defensa de Zaragoza;Grado: Ingeniería de Organización Industrial;Grado;Ciudad autónoma de Melilla;Hombres;No;Tiempo Completo;4;19/07/2026
2025;Zaragoza;Centro adscrito;Centro Universitario de la Defensa de Zaragoza;Grado: Ingeniería de Organización Industrial;Grado;Ciudad autónoma de Melilla;Mujeres;No;Tiempo Completo;1;19/07/2026
2025;Zaragoza;Centro adscrito;Centro Universitario de la Defensa de Zaragoza;Grado: Ingeniería de Organización Industrial;Grado;Comunidad Valenciana;Hombres;No;Tiempo Completo;29;19/07/2026
2025;Zaragoza;Centro adscrito;Centro Universitario de la Defensa de Zaragoza;Grado: Ingeniería de Organización Industrial;Grado;Comunidad Valenciana;Mujeres;No;Tiempo Completo;6;19/07/2026
2025;Zaragoza;Centro adscrito;Centro Universitario de la Defensa de Zaragoza;Grado: Ingeniería de Organización Industrial;Grado;Extremadura;Hombres;No;Tiempo Completo;26;19/07/2026
2025;Zaragoza;Centro adscrito;Centro Universitario de la Defensa de Zaragoza;Grado: Ingeniería de Organización Industrial;Grado;Extremadura;Mujeres;No;Tiempo Completo;1;19/07/2026
2025;Zaragoza;Centro adscrito;Centro Universitario de la Defensa de Zaragoza;Grado: Ingeniería de Organización Industrial;Grado;Galicia;Hombres;No;Tiempo Completo;10;19/07/2026
2025;Zaragoza;Centro adscrito;Centro Universitario de la Defensa de Zaragoza;Grado: Ingeniería de Organización Industrial;Grado;Galicia;Mujeres;No;Tiempo Completo;2;19/07/2026
2025;Zaragoza;Centro adscrito;Centro Universitario de la Defensa de Zaragoza;Grado: Ingeniería de Organización Industrial;Grado;La Rioja;Hombres;No;Tiempo Completo;1;19/07/2026
2025;Zaragoza;Centro adscrito;Centro Universitario de la Defensa de Zaragoza;Grado: Ingeniería de Organización Industrial;Grado;Madrid;Hombres;No;Tiempo Completo;106;19/07/2026
2025;Zaragoza;Centro adscrito;Centro Universitario de la Defensa de Zaragoza;Grado: Ingeniería de Organización Industrial;Grado;Madrid;Mujeres;No;Tiempo Completo;21;19/07/2026
2025;Zaragoza;Centro adscrito;Centro Universitario de la Defensa de Zaragoza;Grado: Ingeniería de Organización Industrial;Grado;Murcia;Hombres;No;Tiempo Completo;22;19/07/2026
2025;Zaragoza;Centro adscrito;Centro Universitario de la Defensa de Zaragoza;Grado: Ingeniería de Organización Industrial;Grado;Murcia;Mujeres;No;Tiempo Completo;1;19/07/2026
2025;Zaragoza;Centro adscrito;Centro Universitario de la Defensa de Zaragoza;Grado: Ingeniería de Organización Industrial;Grado;Navarra;Hombres;No;Tiempo Completo;4;19/07/2026
2025;Zaragoza;Centro adscrito;Centro Universitario de la Defensa de Zaragoza;Grado: Ingeniería de Organización Industrial;Grado;No Informado;Hombres;No;Tiempo Completo;2;19/07/2026
2025;Zaragoza;Centro adscrito;Centro Universitario de la Defensa de Zaragoza;Grado: Ingeniería de Organización Industrial;Grado;Pais Vasco;Hombres;No;Tiempo Completo;2;19/07/2026
2025;Zaragoza;Centro adscrito;Centro Universitario de la Defensa de Zaragoza;Movilidad para 1º y 2º ciclo y grado;Movilidad de entrada;No Informado;Hombres;No;Tiempo Completo;4;19/07/2026
2025;Zaragoza;Centro adscrito;Centro Universitario de la Defensa de Zaragoza;Movilidad para 1º y 2º ciclo y grado;Movilidad de entrada;No Informado;Mujeres;No;Tiempo Completo;2;19/07/2026
2025;Zaragoza;Centro adscrito;Centro Universitario de la Defensa de Zaragoza;Máster: Administración Económica y Logística en el Ámbito de la Defensa;Máster;Andalucía;Hombres;No;Tiempo Completo;2;19/07/2026
2025;Zaragoza;Centro adscrito;Centro Universitario de la Defensa de Zaragoza;Máster: Administración Económica y Logística en el Ámbito de la Defensa;Máster;Aragón;Hombres;No;Tiempo Completo;7;19/07/2026
2025;Zaragoza;Centro adscrito;Centro Universitario de la Defensa de Zaragoza;Máster: Administración Económica y Logística en el Ámbito de la Defensa;Máster;Castilla y Leon;Hombres;No;Tiempo Completo;4;19/07/2026
2025;Zaragoza;Centro adscrito;Centro Universitario de la Defensa de Zaragoza;Máster: Administración Económica y Logística en el Ámbito de la Defensa;Máster;Castilla-La Mancha;Hombres;No;Tiempo Completo;1;19/07/2026
2025;Zaragoza;Centro adscrito;Centro Universitario de la Defensa de Zaragoza;Máster: Administración Económica y Logística en el Ámbito de la Defensa;Máster;Castilla-La Mancha;Mujeres;No;Tiempo Completo;1;19/07/2026
2025;Zaragoza;Centro adscrito;Centro Universitario de la Defensa de Zaragoza;Máster: Administración Económica y Logística en el Ámbito de la Defensa;Máster;Madrid;Hombres;No;Tiempo Completo;2;19/07/2026
2025;Zaragoza;Centro adscrito;Centro Universitario de la Defensa de Zaragoza;Máster: Administración Económica y Logística en el Ámbito de la Defensa;Máster;Madrid;Mujeres;No;Tiempo Completo;2;19/07/2026
2025;Zaragoza;Centro adscrito;Centro Universitario de la Defensa de Zaragoza;Máster: Dirección y Gestión de Adquisiciones de Sistemas para la Defensa;Máster;Andalucía;Hombres;No;Tiempo Completo;3;19/07/2026
2025;Zaragoza;Centro adscrito;Centro Universitario de la Defensa de Zaragoza;Máster: Dirección y Gestión de Adquisiciones de Sistemas para la Defensa;Máster;Andalucía;Mujeres;No;Tiempo Completo;2;19/07/2026
2025;Zaragoza;Centro adscrito;Centro Universitario de la Defensa de Zaragoza;Máster: Dirección y Gestión de Adquisiciones de Sistemas para la Defensa;Máster;Andalucía;Mujeres;No;Tiempo Parcial;1;19/07/2026
2025;Zaragoza;Centro adscrito;Centro Universitario de la Defensa de Zaragoza;Máster: Dirección y Gestión de Adquisiciones de Sistemas para la Defensa;Máster;Aragón;Hombres;No;Tiempo Completo;2;19/07/2026
2025;Zaragoza;Centro adscrito;Centro Universitario de la Defensa de Zaragoza;Máster: Dirección y Gestión de Adquisiciones de Sistemas para la Defensa;Máster;Aragón;Mujeres;No;Tiempo Completo;2;19/07/2026
2025;Zaragoza;Centro adscrito;Centro Universitario de la Defensa de Zaragoza;Máster: Dirección y Gestión de Adquisiciones de Sistemas para la Defensa;Máster;Asturias;Hombres;No;Tiempo Parcial;1;19/07/2026
2025;Zaragoza;Centro adscrito;Centro Universitario de la Defensa de Zaragoza;Máster: Dirección y Gestión de Adquisiciones de Sistemas para la Defensa;Máster;Castilla y Leon;Hombres;No;Tiempo Completo;2;19/07/2026
2025;Zaragoza;Centro adscrito;Centro Universitario de la Defensa de Zaragoza;Máster: Dirección y Gestión de Adquisiciones de Sistemas para la Defensa;Máster;Castilla y Leon;Hombres;No;Tiempo Parcial;2;19/07/2026
2025;Zaragoza;Centro adscrito;Centro Universitario de la Defensa de Zaragoza;Máster: Dirección y Gestión de Adquisiciones de Sistemas para la Defensa;Máster;Castilla-La Mancha;Hombres;No;Tiempo Parcial;1;19/07/2026
2025;Zaragoza;Centro adscrito;Centro Universitario de la Defensa de Zaragoza;Máster: Dirección y Gestión de Adquisiciones de Sistemas para la Defensa;Máster;Comunidad Valenciana;Hombres;No;Tiempo Completo;1;19/07/2026
2025;Zaragoza;Centro adscrito;Centro Universitario de la Defensa de Zaragoza;Máster: Dirección y Gestión de Adquisiciones de Sistemas para la Defensa;Máster;Galicia;Hombres;No;Tiempo Parcial;1;19/07/2026
2025;Zaragoza;Centro adscrito;Centro Universitario de la Defensa de Zaragoza;Máster: Dirección y Gestión de Adquisiciones de Sistemas para la Defensa;Máster;Madrid;Hombres;No;Tiempo Completo;14;19/07/2026
2025;Zaragoza;Centro adscrito;Centro Universitario de la Defensa de Zaragoza;Máster: Dirección y Gestión de Adquisiciones de Sistemas para la Defensa;Máster;Madrid;Hombres;No;Tiempo Parcial;16;19/07/2026
2025;Zaragoza;Centro adscrito;Centro Universitario de la Defensa de Zaragoza;Máster: Dirección y Gestión de Adquisiciones de Sistemas para la Defensa;Máster;Madrid;Mujeres;No;Tiempo Completo;2;19/07/2026
2025;Zaragoza;Centro adscrito;Centro Universitario de la Defensa de Zaragoza;Máster: Dirección y Gestión de Adquisiciones de Sistemas para la Defensa;Máster;Madrid;Mujeres;No;Tiempo Parcial;1;19/07/2026
2025;Zaragoza;Centro adscrito;Centro Universitario de la Defensa de Zaragoza;Máster: Dirección y Gestión de Adquisiciones de Sistemas para la Defensa;Máster;Murcia;Hombres;No;Tiempo Parcial;1;19/07/2026
2025;Zaragoza;Centro adscrito;Escuela Universitaria de Turismo de Zaragoza;Grado: Turismo;Grado;Aragón;Hombres;No;Otra dedicación;3;19/07/2026
2025;Zaragoza;Centro adscrito;Escuela Universitaria de Turismo de Zaragoza;Grado: Turismo;Grado;Aragón;Hombres;No;Tiempo Completo;37;19/07/2026
2025;Zaragoza;Centro adscrito;Escuela Universitaria de Turismo de Zaragoza;Grado: Turismo;Grado;Aragón;Hombres;Sí;Tiempo Completo;1;19/07/2026
2025;Zaragoza;Centro adscrito;Escuela Universitaria de Turismo de Zaragoza;Grado: Turismo;Grado;Aragón;Hombres;No;Tiempo Parcial;1;19/07/2026
2025;Zaragoza;Centro adscrito;Escuela Universitaria de Turismo de Zaragoza;Grado: Turismo;Grado;Aragón;Mujeres;No;Otra dedicación;4;19/07/2026
2025;Zaragoza;Centro adscrito;Escuela Universitaria de Turismo de Zaragoza;Grado: Turismo;Grado;Aragón;Mujeres;No;Tiempo Completo;65;19/07/2026
2025;Zaragoza;Centro adscrito;Escuela Universitaria de Turismo de Zaragoza;Grado: Turismo;Grado;Aragón;Mujeres;Sí;Tiempo Completo;2;19/07/2026
2025;Zaragoza;Centro adscrito;Escuela Universitaria de Turismo de Zaragoza;Grado: Turismo;Grado;Aragón;Mujeres;No;Tiempo Parcial;2;19/07/2026
2025;Zaragoza;Centro adscrito;Escuela Universitaria de Turismo de Zaragoza;Grado: Turismo;Grado;Canarias;Hombres;No;Tiempo Completo;1;19/07/2026
2025;Zaragoza;Centro adscrito;Escuela Universitaria de Turismo de Zaragoza;Grado: Turismo;Grado;Castilla y Leon;Mujeres;No;Tiempo Completo;1;19/07/2026
2025;Zaragoza;Centro adscrito;Escuela Universitaria de Turismo de Zaragoza;Grado: Turismo;Grado;La Rioja;Hombres;No;Tiempo Completo;2;19/07/2026
2025;Zaragoza;Centro adscrito;Escuela Universitaria de Turismo de Zaragoza;Grado: Turismo;Grado;La Rioja;Mujeres;No;Tiempo Completo;1;19/07/2026
2025;Zaragoza;Centro adscrito;Escuela Universitaria de Turismo de Zaragoza;Grado: Turismo;Grado;No Informado;Hombres;No;Tiempo Completo;2;19/07/2026
2025;Zaragoza;Centro adscrito;Escuela Universitaria de Turismo de Zaragoza;Grado: Turismo;Grado;No Informado;Mujeres;No;Tiempo Completo;2;19/07/2026
2025;Zaragoza;Centro adscrito;Escuela Universitaria de Turismo de Zaragoza;Grado: Turismo;Grado;Pais Vasco;Hombres;No;Tiempo Completo;1;19/07/2026
2025;Zaragoza;Centro adscrito;Escuela Universitaria de Turismo de Zaragoza;Movilidad para 1º y 2º ciclo y grado;Movilidad de entrada;Andalucía;Mujeres;No;Tiempo Completo;1;19/07/2026
2025;Zaragoza;Centro adscrito;Escuela Universitaria de Turismo de Zaragoza;Movilidad para 1º y 2º ciclo y grado;Movilidad de entrada;Aragón;Mujeres;No;Tiempo Completo;1;19/07/2026
2025;Zaragoza;Centro adscrito;Escuela Universitaria de Turismo de Zaragoza;Movilidad para 1º y 2º ciclo y grado;Movilidad de entrada;Castilla-La Mancha;Mujeres;No;Tiempo Completo;1;19/07/2026
2025;Zaragoza;Centro adscrito;Escuela Universitaria de Turismo de Zaragoza;Movilidad para 1º y 2º ciclo y grado;Movilidad de entrada;Catalunya;Hombres;No;Tiempo Completo;1;19/07/2026
2025;Zaragoza;Centro adscrito;Escuela Universitaria de Turismo de Zaragoza;Movilidad para 1º y 2º ciclo y grado;Movilidad de entrada;No Informado;Hombres;No;Tiempo Completo;1;19/07/2026
2025;Zaragoza;Centro adscrito;Escuela Universitaria de Turismo de Zaragoza;Movilidad para 1º y 2º ciclo y grado;Movilidad de entrada;No Informado;Mujeres;No;Tiempo Completo;4;19/07/2026
2025;Zaragoza;Facultad;Escuela de Doctorado;Doctorado: PD Bioquímica y biología molecular [RD 576/2023];Doctorado;Andalucía;Hombres;No;Tiempo Completo;4;19/07/2026
2025;Zaragoza;Facultad;Escuela de Doctorado;Doctorado: PD Bioquímica y biología molecular [RD 576/2023];Doctorado;Andalucía;Mujeres;No;Tiempo Completo;4;19/07/2026
2025;Zaragoza;Facultad;Escuela de Doctorado;Doctorado: PD Bioquímica y biología molecular [RD 576/2023];Doctorado;Andalucía;Mujeres;No;Tiempo Parcial;1;19/07/2026
2025;Zaragoza;Facultad;Escuela de Doctorado;Doctorado: PD Bioquímica y biología molecular [RD 576/2023];Doctorado;Aragón;Hombres;No;Tiempo Completo;22;19/07/2026
2025;Zaragoza;Facultad;Escuela de Doctorado;Doctorado: PD Bioquímica y biología molecular [RD 576/2023];Doctorado;Aragón;Mujeres;No;Tiempo Completo;61;19/07/2026
2025;Zaragoza;Facultad;Escuela de Doctorado;Doctorado: PD Bioquímica y biología molecular [RD 576/2023];Doctorado;Aragón;Mujeres;No;Tiempo Parcial;3;19/07/2026
2025;Zaragoza;Facultad;Escuela de Doctorado;Doctorado: PD Bioquímica y biología molecular [RD 576/2023];Doctorado;Castilla y Leon;Hombres;No;Tiempo Completo;2;19/07/2026
2025;Zaragoza;Facultad;Escuela de Doctorado;Doctorado: PD Bioquímica y biología molecular [RD 576/2023];Doctorado;Castilla y Leon;Mujeres;No;Tiempo Parcial;1;19/07/2026
2025;Zaragoza;Facultad;Escuela de Doctorado;Doctorado: PD Bioquímica y biología molecular [RD 576/2023];Doctorado;Castilla-La Mancha;Mujeres;No;Tiempo Completo;2;19/07/2026
2025;Zaragoza;Facultad;Escuela de Doctorado;Doctorado: PD Bioquímica y biología molecular [RD 576/2023];Doctorado;Catalunya;Mujeres;No;Tiempo Completo;2;19/07/2026
2025;Zaragoza;Facultad;Escuela de Doctorado;Doctorado: PD Bioquímica y biología molecular [RD 576/2023];Doctorado;Comunidad Valenciana;Mujeres;No;Tiempo Completo;2;19/07/2026
2025;Zaragoza;Facultad;Escuela de Doctorado;Doctorado: PD Bioquímica y biología molecular [RD 576/2023];Doctorado;Extremadura;Hombres;No;Tiempo Completo;1;19/07/2026
2025;Zaragoza;Facultad;Escuela de Doctorado;Doctorado: PD Bioquímica y biología molecular [RD 576/2023];Doctorado;Galicia;Hombres;No;Tiempo Completo;1;19/07/2026
2025;Zaragoza;Facultad;Escuela de Doctorado;Doctorado: PD Bioquímica y biología molecular [RD 576/2023];Doctorado;La Rioja;Mujeres;No;Tiempo Completo;1;19/07/2026
2025;Zaragoza;Facultad;Escuela de Doctorado;Doctorado: PD Bioquímica y biología molecular [RD 576/2023];Doctorado;Madrid;Hombres;No;Tiempo Completo;1;19/07/2026
2025;Zaragoza;Facultad;Escuela de Doctorado;Doctorado: PD Bioquímica y biología molecular [RD 576/2023];Doctorado;Madrid;Mujeres;No;Tiempo Completo;6;19/07/2026
2025;Zaragoza;Facultad;Escuela de Doctorado;Doctorado: PD Bioquímica y biología molecular [RD 576/2023];Doctorado;Murcia;Hombres;No;Tiempo Completo;1;19/07/2026
2025;Zaragoza;Facultad;Escuela de Doctorado;Doctorado: PD Bioquímica y biología molecular [RD 576/2023];Doctorado;Murcia;Mujeres;No;Tiempo Completo;1;19/07/2026
2025;Zaragoza;Facultad;Escuela de Doctorado;Doctorado: PD Bioquímica y biología molecular [RD 576/2023];Doctorado;Navarra;Hombres;No;Tiempo Completo;1;19/07/2026
2025;Zaragoza;Facultad;Escuela de Doctorado;Doctorado: PD Bioquímica y biología molecular [RD 576/2023];Doctorado;Navarra;Mujeres;No;Tiempo Completo;1;19/07/2026
2025;Zaragoza;Facultad;Escuela de Doctorado;Doctorado: PD Bioquímica y biología molecular [RD 576/2023];Doctorado;No Informado;Hombres;No;Tiempo Completo;1;19/07/2026
2025;Zaragoza;Facultad;Escuela de Doctorado;Doctorado: PD Bioquímica y biología molecular [RD 576/2023];Doctorado;No Informado;Mujeres;No;Tiempo Completo;2;19/07/2026
2025;Zaragoza;Facultad;Escuela de Doctorado;Doctorado: PD Calidad, seguridad y tecnología de los alimentos [RD 576/2023];Doctorado;Andalucía;Mujeres;No;Tiempo Completo;1;19/07/2026
2025;Zaragoza;Facultad;Escuela de Doctorado;Doctorado: PD Calidad, seguridad y tecnología de los alimentos [RD 576/2023];Doctorado;Aragón;Hombres;No;Tiempo Completo;13;19/07/2026
2025;Zaragoza;Facultad;Escuela de Doctorado;Doctorado: PD Calidad, seguridad y tecnología de los alimentos [RD 576/2023];Doctorado;Aragón;Hombres;No;Tiempo Parcial;2;19/07/2026
2025;Zaragoza;Facultad;Escuela de Doctorado;Doctorado: PD Calidad, seguridad y tecnología de los alimentos [RD 576/2023];Doctorado;Aragón;Mujeres;No;Tiempo Completo;12;19/07/2026
2025;Zaragoza;Facultad;Escuela de Doctorado;Doctorado: PD Calidad, seguridad y tecnología de los alimentos [RD 576/2023];Doctorado;Castilla y Leon;Hombres;No;Tiempo Completo;1;19/07/2026
2025;Zaragoza;Facultad;Escuela de Doctorado;Doctorado: PD Calidad, seguridad y tecnología de los alimentos [RD 576/2023];Doctorado;No Informado;Mujeres;No;Tiempo Completo;1;19/07/2026
2025;Zaragoza;Facultad;Escuela de Doctorado;Doctorado: PD Calidad, seguridad y tecnología de los alimentos [RD 576/2023];Doctorado;No Informado;Mujeres;No;Tiempo Parcial;1;19/07/2026
2025;Zaragoza;Facultad;Escuela de Doctorado;Doctorado: PD Ciencia analítica en química [RD 576/2023];Doctorado;Aragón;Hombres;No;Tiempo Completo;4;19/07/2026
2025;Zaragoza;Facultad;Escuela de Doctorado;Doctorado: PD Ciencia analítica en química [RD 576/2023];Doctorado;Aragón;Hombres;No;Tiempo Parcial;1;19/07/2026
2025;Zaragoza;Facultad;Escuela de Doctorado;Doctorado: PD Ciencia analítica en química [RD 576/2023];Doctorado;Aragón;Mujeres;No;Tiempo Completo;8;19/07/2026
2025;Zaragoza;Facultad;Escuela de Doctorado;Doctorado: PD Ciencia analítica en química [RD 576/2023];Doctorado;Aragón;Mujeres;No;Tiempo Parcial;2;19/07/2026
2025;Zaragoza;Facultad;Escuela de Doctorado;Doctorado: PD Ciencia analítica en química [RD 576/2023];Doctorado;Castilla y Leon;Mujeres;No;Tiempo Completo;1;19/07/2026
2025;Zaragoza;Facultad;Escuela de Doctorado;Doctorado: PD Ciencia analítica en química [RD 576/2023];Doctorado;Extremadura;Mujeres;No;Tiempo Completo;1;19/07/2026
2025;Zaragoza;Facultad;Escuela de Doctorado;Doctorado: PD Ciencia analítica en química [RD 576/2023];Doctorado;Murcia;Hombres;No;Tiempo Parcial;1;19/07/2026
2025;Zaragoza;Facultad;Escuela de Doctorado;Doctorado: PD Ciencia analítica en química [RD 576/2023];Doctorado;Murcia;Mujeres;No;Tiempo Completo;1;19/07/2026
2025;Zaragoza;Facultad;Escuela de Doctorado;Doctorado: PD Ciencia analítica en química [RD 576/2023];Doctorado;No Informado;Mujeres;No;Tiempo Completo;2;19/07/2026
2025;Zaragoza;Facultad;Escuela de Doctorado;Doctorado: PD Ciencias agrarias y del medio natural [RD 576/2023];Doctorado;Andalucía;Hombres;No;Tiempo Completo;3;19/07/2026
2025;Zaragoza;Facultad;Escuela de Doctorado;Doctorado: PD Ciencias agrarias y del medio natural [RD 576/2023];Doctorado;Aragón;Hombres;No;Tiempo Completo;14;19/07/2026
2025;Zaragoza;Facultad;Escuela de Doctorado;Doctorado: PD Ciencias agrarias y del medio natural [RD 576/2023];Doctorado;Aragón;Hombres;No;Tiempo Parcial;4;19/07/2026
2025;Zaragoza;Facultad;Escuela de Doctorado;Doctorado: PD Ciencias agrarias y del medio natural [RD 576/2023];Doctorado;Aragón;Mujeres;No;Tiempo Completo;17;19/07/2026
2025;Zaragoza;Facultad;Escuela de Doctorado;Doctorado: PD Ciencias agrarias y del medio natural [RD 576/2023];Doctorado;Aragón;Mujeres;No;Tiempo Parcial;10;19/07/2026
2025;Zaragoza;Facultad;Escuela de Doctorado;Doctorado: PD Ciencias agrarias y del medio natural [RD 576/2023];Doctorado;Castilla y Leon;Mujeres;No;Tiempo Completo;1;19/07/2026
2025;Zaragoza;Facultad;Escuela de Doctorado;Doctorado: PD Ciencias agrarias y del medio natural [RD 576/2023];Doctorado;Catalunya;Hombres;No;Tiempo Completo;2;19/07/2026
2025;Zaragoza;Facultad;Escuela de Doctorado;Doctorado: PD Ciencias agrarias y del medio natural [RD 576/2023];Doctorado;Catalunya;Mujeres;No;Tiempo Completo;1;19/07/2026
2025;Zaragoza;Facultad;Escuela de Doctorado;Doctorado: PD Ciencias agrarias y del medio natural [RD 576/2023];Doctorado;Comunidad Valenciana;Hombres;No;Tiempo Parcial;1;19/07/2026
2025;Zaragoza;Facultad;Escuela de Doctorado;Doctorado: PD Ciencias agrarias y del medio natural [RD 576/2023];Doctorado;Extremadura;Hombres;No;Tiempo Completo;1;19/07/2026
2025;Zaragoza;Facultad;Escuela de Doctorado;Doctorado: PD Ciencias agrarias y del medio natural [RD 576/2023];Doctorado;Madrid;Mujeres;No;Tiempo Completo;1;19/07/2026
2025;Zaragoza;Facultad;Escuela de Doctorado;Doctorado: PD Ciencias agrarias y del medio natural [RD 576/2023];Doctorado;No Informado;Hombres;No;Tiempo Completo;1;19/07/2026
2025;Zaragoza;Facultad;Escuela de Doctorado;Doctorado: PD Ciencias agrarias y del medio natural [RD 576/2023];Doctorado;No Informado;Hombres;No;Tiempo Parcial;2;19/07/2026
2025;Zaragoza;Facultad;Escuela de Doctorado;Doctorado: PD Ciencias agrarias y del medio natural [RD 576/2023];Doctorado;No Informado;Mujeres;No;Tiempo Completo;1;19/07/2026
2025;Zaragoza;Facultad;Escuela de Doctorado;Doctorado: PD Ciencias agrarias y del medio natural [RD 576/2023];Doctorado;Pais Vasco;Hombres;No;Tiempo Completo;1;19/07/2026
2025;Zaragoza;Facultad;Escuela de Doctorado;Doctorado: PD Ciencias agrarias y del medio natural [RD 576/2023];Doctorado;Pais Vasco;Mujeres;No;Tiempo Completo;1;19/07/2026
2025;Zaragoza;Facultad;Escuela de Doctorado;Doctorado: PD Ciencias biomédicas y biotecnológicas [RD 576/2023];Doctorado;Aragón;Hombres;No;Tiempo Completo;6;19/07/2026
2025;Zaragoza;Facultad;Escuela de Doctorado;Doctorado: PD Ciencias biomédicas y biotecnológicas [RD 576/2023];Doctorado;Aragón;Hombres;No;Tiempo Parcial;2;19/07/2026
2025;Zaragoza;Facultad;Escuela de Doctorado;Doctorado: PD Ciencias biomédicas y biotecnológicas [RD 576/2023];Doctorado;Aragón;Mujeres;No;Tiempo Completo;10;19/07/2026
2025;Zaragoza;Facultad;Escuela de Doctorado;Doctorado: PD Ciencias biomédicas y biotecnológicas [RD 576/2023];Doctorado;Aragón;Mujeres;No;Tiempo Parcial;8;19/07/2026
2025;Zaragoza;Facultad;Escuela de Doctorado;Doctorado: PD Ciencias biomédicas y biotecnológicas [RD 576/2023];Doctorado;Castilla y Leon;Mujeres;No;Tiempo Completo;1;19/07/2026
2025;Zaragoza;Facultad;Escuela de Doctorado;Doctorado: PD Ciencias biomédicas y biotecnológicas [RD 576/2023];Doctorado;Castilla-La Mancha;Hombres;No;Tiempo Parcial;1;19/07/2026
2025;Zaragoza;Facultad;Escuela de Doctorado;Doctorado: PD Ciencias biomédicas y biotecnológicas [RD 576/2023];Doctorado;Comunidad Valenciana;Hombres;No;Tiempo Parcial;1;19/07/2026
2025;Zaragoza;Facultad;Escuela de Doctorado;Doctorado: PD Ciencias biomédicas y biotecnológicas [RD 576/2023];Doctorado;Comunidad Valenciana;Mujeres;No;Tiempo Completo;1;19/07/2026
2025;Zaragoza;Facultad;Escuela de Doctorado;Doctorado: PD Ciencias biomédicas y biotecnológicas [RD 576/2023];Doctorado;Extremadura;Mujeres;No;Tiempo Completo;1;19/07/2026
2025;Zaragoza;Facultad;Escuela de Doctorado;Doctorado: PD Ciencias biomédicas y biotecnológicas [RD 576/2023];Doctorado;Extremadura;Mujeres;No;Tiempo Parcial;1;19/07/2026
2025;Zaragoza;Facultad;Escuela de Doctorado;Doctorado: PD Ciencias biomédicas y biotecnológicas [RD 576/2023];Doctorado;Murcia;Hombres;No;Tiempo Parcial;1;19/07/2026
2025;Zaragoza;Facultad;Escuela de Doctorado;Doctorado: PD Ciencias biomédicas y biotecnológicas [RD 576/2023];Doctorado;No Informado;Mujeres;No;Tiempo Completo;2;19/07/2026
2025;Zaragoza;Facultad;Escuela de Doctorado;Doctorado: PD Ciencias biomédicas y biotecnológicas [RD 576/2023];Doctorado;Pais Vasco;Hombres;No;Tiempo Parcial;1;19/07/2026
2025;Zaragoza;Facultad;Escuela de Doctorado;Doctorado: PD Ciencias biomédicas y biotecnológicas [RD 576/2023];Doctorado;Pais Vasco;Mujeres;No;Tiempo Parcial;1;19/07/2026
2025;Zaragoza;Facultad;Escuela de Doctorado;Doctorado: PD Ciencias de la antigüedad [RD 576/2023];Doctorado;Andalucía;Mujeres;No;Tiempo Completo;1;19/07/2026
2025;Zaragoza;Facultad;Escuela de Doctorado;Doctorado: PD Ciencias de la antigüedad [RD 576/2023];Doctorado;Aragón;Hombres;No;Tiempo Completo;7;19/07/2026
2025;Zaragoza;Facultad;Escuela de Doctorado;Doctorado: PD Ciencias de la antigüedad [RD 576/2023];Doctorado;Aragón;Hombres;No;Tiempo Parcial;4;19/07/2026
2025;Zaragoza;Facultad;Escuela de Doctorado;Doctorado: PD Ciencias de la antigüedad [RD 576/2023];Doctorado;Aragón;Mujeres;No;Tiempo Completo;7;19/07/2026
2025;Zaragoza;Facultad;Escuela de Doctorado;Doctorado: PD Ciencias de la antigüedad [RD 576/2023];Doctorado;Aragón;Mujeres;No;Tiempo Parcial;4;19/07/2026
2025;Zaragoza;Facultad;Escuela de Doctorado;Doctorado: PD Ciencias de la antigüedad [RD 576/2023];Doctorado;Castilla y Leon;Hombres;No;Tiempo Completo;1;19/07/2026
2025;Zaragoza;Facultad;Escuela de Doctorado;Doctorado: PD Ciencias de la antigüedad [RD 576/2023];Doctorado;Castilla-La Mancha;Hombres;No;Tiempo Completo;2;19/07/2026
2025;Zaragoza;Facultad;Escuela de Doctorado;Doctorado: PD Ciencias de la antigüedad [RD 576/2023];Doctorado;Navarra;Mujeres;No;Tiempo Completo;1;19/07/2026
2025;Zaragoza;Facultad;Escuela de Doctorado;Doctorado: PD Ciencias de la antigüedad [RD 576/2023];Doctorado;No Informado;Hombres;No;Tiempo Completo;1;19/07/2026
2025;Zaragoza;Facultad;Escuela de Doctorado;Doctorado: PD Ciencias de la antigüedad [RD 576/2023];Doctorado;No Informado;Mujeres;No;Tiempo Completo;1;19/07/2026
2025;Zaragoza;Facultad;Escuela de Doctorado;Doctorado: PD Ciencias de la salud y del deporte [RD 576/2023];Doctorado;Aragón;Hombres;No;Tiempo Completo;12;19/07/2026
2025;Zaragoza;Facultad;Escuela de Doctorado;Doctorado: PD Ciencias de la salud y del deporte [RD 576/2023];Doctorado;Aragón;Hombres;No;Tiempo Parcial;22;19/07/2026
2025;Zaragoza;Facultad;Escuela de Doctorado;Doctorado: PD Ciencias de la salud y del deporte [RD 576/2023];Doctorado;Aragón;Mujeres;No;Tiempo Completo;18;19/07/2026
2025;Zaragoza;Facultad;Escuela de Doctorado;Doctorado: PD Ciencias de la salud y del deporte [RD 576/2023];Doctorado;Aragón;Mujeres;No;Tiempo Parcial;47;19/07/2026
2025;Zaragoza;Facultad;Escuela de Doctorado;Doctorado: PD Ciencias de la salud y del deporte [RD 576/2023];Doctorado;Asturias;Mujeres;No;Tiempo Parcial;1;19/07/2026
2025;Zaragoza;Facultad;Escuela de Doctorado;Doctorado: PD Ciencias de la salud y del deporte [RD 576/2023];Doctorado;Canarias;Hombres;No;Tiempo Parcial;1;19/07/2026
2025;Zaragoza;Facultad;Escuela de Doctorado;Doctorado: PD Ciencias de la salud y del deporte [RD 576/2023];Doctorado;Castilla y Leon;Mujeres;No;Tiempo Completo;1;19/07/2026
2025;Zaragoza;Facultad;Escuela de Doctorado;Doctorado: PD Ciencias de la salud y del deporte [RD 576/2023];Doctorado;Catalunya;Hombres;No;Tiempo Completo;1;19/07/2026
2025;Zaragoza;Facultad;Escuela de Doctorado;Doctorado: PD Ciencias de la salud y del deporte [RD 576/2023];Doctorado;Catalunya;Hombres;No;Tiempo Parcial;1;19/07/2026
2025;Zaragoza;Facultad;Escuela de Doctorado;Doctorado: PD Ciencias de la salud y del deporte [RD 576/2023];Doctorado;Catalunya;Mujeres;No;Tiempo Completo;1;19/07/2026
2025;Zaragoza;Facultad;Escuela de Doctorado;Doctorado: PD Ciencias de la salud y del deporte [RD 576/2023];Doctorado;Catalunya;Mujeres;No;Tiempo Parcial;1;19/07/2026
2025;Zaragoza;Facultad;Escuela de Doctorado;Doctorado: PD Ciencias de la salud y del deporte [RD 576/2023];Doctorado;Comunidad Valenciana;Hombres;No;Tiempo Parcial;1;19/07/2026
2025;Zaragoza;Facultad;Escuela de Doctorado;Doctorado: PD Ciencias de la salud y del deporte [RD 576/2023];Doctorado;Comunidad Valenciana;Mujeres;No;Tiempo Parcial;1;19/07/2026
2025;Zaragoza;Facultad;Escuela de Doctorado;Doctorado: PD Ciencias de la salud y del deporte [RD 576/2023];Doctorado;Extremadura;Hombres;No;Tiempo Parcial;1;19/07/2026
2025;Zaragoza;Facultad;Escuela de Doctorado;Doctorado: PD Ciencias de la salud y del deporte [RD 576/2023];Doctorado;Galicia;Mujeres;No;Tiempo Completo;1;19/07/2026
2025;Zaragoza;Facultad;Escuela de Doctorado;Doctorado: PD Ciencias de la salud y del deporte [RD 576/2023];Doctorado;La Rioja;Mujeres;No;Tiempo Parcial;1;19/07/2026
2025;Zaragoza;Facultad;Escuela de Doctorado;Doctorado: PD Ciencias de la salud y del deporte [RD 576/2023];Doctorado;Madrid;Hombres;No;Tiempo Parcial;5;19/07/2026
2025;Zaragoza;Facultad;Escuela de Doctorado;Doctorado: PD Ciencias de la salud y del deporte [RD 576/2023];Doctorado;Madrid;Mujeres;No;Tiempo Parcial;3;19/07/2026
2025;Zaragoza;Facultad;Escuela de Doctorado;Doctorado: PD Ciencias de la salud y del deporte [RD 576/2023];Doctorado;Navarra;Mujeres;No;Tiempo Parcial;1;19/07/2026
2025;Zaragoza;Facultad;Escuela de Doctorado;Doctorado: PD Ciencias de la salud y del deporte [RD 576/2023];Doctorado;No Informado;Hombres;No;Tiempo Completo;1;19/07/2026
2025;Zaragoza;Facultad;Escuela de Doctorado;Doctorado: PD Ciencias de la salud y del deporte [RD 576/2023];Doctorado;No Informado;Hombres;No;Tiempo Parcial;8;19/07/2026
2025;Zaragoza;Facultad;Escuela de Doctorado;Doctorado: PD Ciencias de la salud y del deporte [RD 576/2023];Doctorado;No Informado;Mujeres;No;Tiempo Completo;5;19/07/2026
2025;Zaragoza;Facultad;Escuela de Doctorado;Doctorado: PD Ciencias de la salud y del deporte [RD 576/2023];Doctorado;No Informado;Mujeres;No;Tiempo Parcial;2;19/07/2026
2025;Zaragoza;Facultad;Escuela de Doctorado;Doctorado: PD Ciencias de la salud y del deporte [RD 576/2023];Doctorado;Pais Vasco;Hombres;No;Tiempo Completo;1;19/07/2026
2025;Zaragoza;Facultad;Escuela de Doctorado;Doctorado: PD Ciencias de la salud y del deporte [RD 576/2023];Doctorado;Pais Vasco;Hombres;No;Tiempo Parcial;1;19/07/2026
2025;Zaragoza;Facultad;Escuela de Doctorado;Doctorado: PD Ciencias de la salud y del deporte [RD 576/2023];Doctorado;Pais Vasco;Mujeres;No;Tiempo Parcial;1;19/07/2026
2025;Zaragoza;Facultad;Escuela de Doctorado;Doctorado: PD Contabilidad y finanzas [RD 576/2023];Doctorado;Aragón;Hombres;No;Tiempo Completo;3;19/07/2026
2025;Zaragoza;Facultad;Escuela de Doctorado;Doctorado: PD Contabilidad y finanzas [RD 576/2023];Doctorado;Aragón;Hombres;No;Tiempo Parcial;3;19/07/2026
2025;Zaragoza;Facultad;Escuela de Doctorado;Doctorado: PD Contabilidad y finanzas [RD 576/2023];Doctorado;Aragón;Mujeres;No;Tiempo Completo;4;19/07/2026
2025;Zaragoza;Facultad;Escuela de Doctorado;Doctorado: PD Contabilidad y finanzas [RD 576/2023];Doctorado;Aragón;Mujeres;No;Tiempo Parcial;2;19/07/2026
2025;Zaragoza;Facultad;Escuela de Doctorado;Doctorado: PD Contabilidad y finanzas [RD 576/2023];Doctorado;Canarias;Hombres;No;Tiempo Parcial;2;19/07/2026
2025;Zaragoza;Facultad;Escuela de Doctorado;Doctorado: PD Contabilidad y finanzas [RD 576/2023];Doctorado;Catalunya;Hombres;No;Tiempo Completo;1;19/07/2026
2025;Zaragoza;Facultad;Escuela de Doctorado;Doctorado: PD Contabilidad y finanzas [RD 576/2023];Doctorado;Madrid;Hombres;No;Tiempo Parcial;1;19/07/2026
2025;Zaragoza;Facultad;Escuela de Doctorado;Doctorado: PD Contabilidad y finanzas [RD 576/2023];Doctorado;Madrid;Mujeres;No;Tiempo Completo;1;19/07/2026
2025;Zaragoza;Facultad;Escuela de Doctorado;Doctorado: PD Contabilidad y finanzas [RD 576/2023];Doctorado;No Informado;Hombres;No;Tiempo Completo;3;19/07/2026
2025;Zaragoza;Facultad;Escuela de Doctorado;Doctorado: PD Contabilidad y finanzas [RD 576/2023];Doctorado;No Informado;Hombres;No;Tiempo Parcial;1;19/07/2026
2025;Zaragoza;Facultad;Escuela de Doctorado;Doctorado: PD Contabilidad y finanzas [RD 576/2023];Doctorado;No Informado;Mujeres;No;Tiempo Completo;2;19/07/2026
2025;Zaragoza;Facultad;Escuela de Doctorado;Doctorado: PD Contabilidad y finanzas [RD 576/2023];Doctorado;No Informado;Mujeres;No;Tiempo Parcial;5;19/07/2026
2025;Zaragoza;Facultad;Escuela de Doctorado;Doctorado: PD Contabilidad y finanzas [RD 576/2023];Doctorado;Pais Vasco;Hombres;No;Tiempo Completo;2;19/07/2026
2025;Zaragoza;Facultad;Escuela de Doctorado;Doctorado: PD Derecho [RD 576/2023];Doctorado;Andalucía;Hombres;No;Tiempo Completo;1;19/07/2026
2025;Zaragoza;Facultad;Escuela de Doctorado;Doctorado: PD Derecho [RD 576/2023];Doctorado;Andalucía;Hombres;No;Tiempo Parcial;1;19/07/2026
2025;Zaragoza;Facultad;Escuela de Doctorado;Doctorado: PD Derecho [RD 576/2023];Doctorado;Andalucía;Mujeres;No;Tiempo Parcial;1;19/07/2026
2025;Zaragoza;Facultad;Escuela de Doctorado;Doctorado: PD Derecho [RD 576/2023];Doctorado;Aragón;Hombres;No;Tiempo Completo;14;19/07/2026
2025;Zaragoza;Facultad;Escuela de Doctorado;Doctorado: PD Derecho [RD 576/2023];Doctorado;Aragón;Hombres;No;Tiempo Parcial;26;19/07/2026
2025;Zaragoza;Facultad;Escuela de Doctorado;Doctorado: PD Derecho [RD 576/2023];Doctorado;Aragón;Mujeres;No;Tiempo Completo;15;19/07/2026
2025;Zaragoza;Facultad;Escuela de Doctorado;Doctorado: PD Derecho [RD 576/2023];Doctorado;Aragón;Mujeres;No;Tiempo Parcial;24;19/07/2026
2025;Zaragoza;Facultad;Escuela de Doctorado;Doctorado: PD Derecho [RD 576/2023];Doctorado;Catalunya;Hombres;No;Tiempo Parcial;1;19/07/2026
2025;Zaragoza;Facultad;Escuela de Doctorado;Doctorado: PD Derecho [RD 576/2023];Doctorado;Catalunya;Mujeres;No;Tiempo Completo;1;19/07/2026
2025;Zaragoza;Facultad;Escuela de Doctorado;Doctorado: PD Derecho [RD 576/2023];Doctorado;Catalunya;Mujeres;No;Tiempo Parcial;1;19/07/2026
2025;Zaragoza;Facultad;Escuela de Doctorado;Doctorado: PD Derecho [RD 576/2023];Doctorado;Galicia;Mujeres;No;Tiempo Parcial;1;19/07/2026
2025;Zaragoza;Facultad;Escuela de Doctorado;Doctorado: PD Derecho [RD 576/2023];Doctorado;Madrid;Hombres;No;Tiempo Parcial;1;19/07/2026
2025;Zaragoza;Facultad;Escuela de Doctorado;Doctorado: PD Derecho [RD 576/2023];Doctorado;Madrid;Mujeres;No;Tiempo Completo;1;19/07/2026
2025;Zaragoza;Facultad;Escuela de Doctorado;Doctorado: PD Derecho [RD 576/2023];Doctorado;Madrid;Mujeres;No;Tiempo Parcial;1;19/07/2026
2025;Zaragoza;Facultad;Escuela de Doctorado;Doctorado: PD Derecho [RD 576/2023];Doctorado;Navarra;Hombres;No;Tiempo Parcial;1;19/07/2026
2025;Zaragoza;Facultad;Escuela de Doctorado;Doctorado: PD Derecho [RD 576/2023];Doctorado;No Informado;Hombres;No;Tiempo Completo;5;19/07/2026
2025;Zaragoza;Facultad;Escuela de Doctorado;Doctorado: PD Derecho [RD 576/2023];Doctorado;No Informado;Hombres;No;Tiempo Parcial;16;19/07/2026
2025;Zaragoza;Facultad;Escuela de Doctorado;Doctorado: PD Derecho [RD 576/2023];Doctorado;No Informado;Mujeres;No;Tiempo Completo;3;19/07/2026
2025;Zaragoza;Facultad;Escuela de Doctorado;Doctorado: PD Derecho [RD 576/2023];Doctorado;No Informado;Mujeres;No;Tiempo Parcial;7;19/07/2026
2025;Zaragoza;Facultad;Escuela de Doctorado;Doctorado: PD Derecho [RD 576/2023];Doctorado;Pais Vasco;Hombres;No;Tiempo Parcial;1;19/07/2026
2025;Zaragoza;Facultad;Escuela de Doctorado;Doctorado: PD Derechos humanos y libertades fundamentales [RD 576/2023];Doctorado;Andalucía;Mujeres;No;Tiempo Parcial;2;19/07/2026
2025;Zaragoza;Facultad;Escuela de Doctorado;Doctorado: PD Derechos humanos y libertades fundamentales [RD 576/2023];Doctorado;Aragón;Hombres;No;Tiempo Completo;7;19/07/2026
2025;Zaragoza;Facultad;Escuela de Doctorado;Doctorado: PD Derechos humanos y libertades fundamentales [RD 576/2023];Doctorado;Aragón;Hombres;No;Tiempo Parcial;2;19/07/2026
2025;Zaragoza;Facultad;Escuela de Doctorado;Doctorado: PD Derechos humanos y libertades fundamentales [RD 576/2023];Doctorado;Aragón;Mujeres;No;Tiempo Completo;3;19/07/2026
2025;Zaragoza;Facultad;Escuela de Doctorado;Doctorado: PD Derechos humanos y libertades fundamentales [RD 576/2023];Doctorado;Aragón;Mujeres;No;Tiempo Parcial;5;19/07/2026
2025;Zaragoza;Facultad;Escuela de Doctorado;Doctorado: PD Derechos humanos y libertades fundamentales [RD 576/2023];Doctorado;Asturias;Hombres;No;Tiempo Parcial;1;19/07/2026
2025;Zaragoza;Facultad;Escuela de Doctorado;Doctorado: PD Derechos humanos y libertades fundamentales [RD 576/2023];Doctorado;Castilla y Leon;Mujeres;No;Tiempo Parcial;1;19/07/2026
2025;Zaragoza;Facultad;Escuela de Doctorado;Doctorado: PD Derechos humanos y libertades fundamentales [RD 576/2023];Doctorado;Ciudad autónoma de Ceuta;Hombres;No;Tiempo Parcial;1;19/07/2026
2025;Zaragoza;Facultad;Escuela de Doctorado;Doctorado: PD Derechos humanos y libertades fundamentales [RD 576/2023];Doctorado;Comunidad Valenciana;Hombres;No;Tiempo Completo;1;19/07/2026
2025;Zaragoza;Facultad;Escuela de Doctorado;Doctorado: PD Derechos humanos y libertades fundamentales [RD 576/2023];Doctorado;No Informado;Hombres;No;Tiempo Completo;3;19/07/2026
2025;Zaragoza;Facultad;Escuela de Doctorado;Doctorado: PD Derechos humanos y libertades fundamentales [RD 576/2023];Doctorado;No Informado;Hombres;No;Tiempo Parcial;3;19/07/2026
2025;Zaragoza;Facultad;Escuela de Doctorado;Doctorado: PD Derechos humanos y libertades fundamentales [RD 576/2023];Doctorado;No Informado;Mujeres;No;Tiempo Completo;3;19/07/2026
2025;Zaragoza;Facultad;Escuela de Doctorado;Doctorado: PD Derechos humanos y libertades fundamentales [RD 576/2023];Doctorado;No Informado;Mujeres;No;Tiempo Parcial;5;19/07/2026
2025;Zaragoza;Facultad;Escuela de Doctorado;Doctorado: PD Economía [RD 576/2023];Doctorado;Aragón;Hombres;No;Tiempo Completo;8;19/07/2026
2025;Zaragoza;Facultad;Escuela de Doctorado;Doctorado: PD Economía [RD 576/2023];Doctorado;Aragón;Hombres;No;Tiempo Parcial;6;19/07/2026
2025;Zaragoza;Facultad;Escuela de Doctorado;Doctorado: PD Economía [RD 576/2023];Doctorado;Aragón;Mujeres;No;Tiempo Completo;6;19/07/2026
2025;Zaragoza;Facultad;Escuela de Doctorado;Doctorado: PD Economía [RD 576/2023];Doctorado;Aragón;Mujeres;No;Tiempo Parcial;6;19/07/2026
2025;Zaragoza;Facultad;Escuela de Doctorado;Doctorado: PD Economía [RD 576/2023];Doctorado;La Rioja;Hombres;No;Tiempo Completo;1;19/07/2026
2025;Zaragoza;Facultad;Escuela de Doctorado;Doctorado: PD Economía [RD 576/2023];Doctorado;La Rioja;Mujeres;No;Tiempo Parcial;1;19/07/2026
2025;Zaragoza;Facultad;Escuela de Doctorado;Doctorado: PD Economía [RD 576/2023];Doctorado;Navarra;Mujeres;No;Tiempo Completo;1;19/07/2026
2025;Zaragoza;Facultad;Escuela de Doctorado;Doctorado: PD Economía [RD 576/2023];Doctorado;No Informado;Hombres;No;Tiempo Completo;3;19/07/2026
2025;Zaragoza;Facultad;Escuela de Doctorado;Doctorado: PD Economía [RD 576/2023];Doctorado;No Informado;Hombres;No;Tiempo Parcial;2;19/07/2026
2025;Zaragoza;Facultad;Escuela de Doctorado;Doctorado: PD Economía [RD 576/2023];Doctorado;No Informado;Mujeres;No;Tiempo Completo;2;19/07/2026
2025;Zaragoza;Facultad;Escuela de Doctorado;Doctorado: PD Economía y gestión de las organizaciones [RD 576/2023];Doctorado;Aragón;Hombres;No;Tiempo Completo;9;19/07/2026
2025;Zaragoza;Facultad;Escuela de Doctorado;Doctorado: PD Economía y gestión de las organizaciones [RD 576/2023];Doctorado;Aragón;Hombres;No;Tiempo Parcial;5;19/07/2026
2025;Zaragoza;Facultad;Escuela de Doctorado;Doctorado: PD Economía y gestión de las organizaciones [RD 576/2023];Doctorado;Aragón;Mujeres;No;Tiempo Completo;13;19/07/2026
2025;Zaragoza;Facultad;Escuela de Doctorado;Doctorado: PD Economía y gestión de las organizaciones [RD 576/2023];Doctorado;Aragón;Mujeres;No;Tiempo Parcial;14;19/07/2026
2025;Zaragoza;Facultad;Escuela de Doctorado;Doctorado: PD Economía y gestión de las organizaciones [RD 576/2023];Doctorado;Catalunya;Mujeres;No;Tiempo Completo;1;19/07/2026
2025;Zaragoza;Facultad;Escuela de Doctorado;Doctorado: PD Economía y gestión de las organizaciones [RD 576/2023];Doctorado;Madrid;Hombres;No;Tiempo Completo;1;19/07/2026
2025;Zaragoza;Facultad;Escuela de Doctorado;Doctorado: PD Economía y gestión de las organizaciones [RD 576/2023];Doctorado;No Informado;Hombres;No;Tiempo Completo;2;19/07/2026
2025;Zaragoza;Facultad;Escuela de Doctorado;Doctorado: PD Economía y gestión de las organizaciones [RD 576/2023];Doctorado;No Informado;Hombres;No;Tiempo Parcial;1;19/07/2026
2025;Zaragoza;Facultad;Escuela de Doctorado;Doctorado: PD Economía y gestión de las organizaciones [RD 576/2023];Doctorado;No Informado;Mujeres;No;Tiempo Completo;1;19/07/2026
2025;Zaragoza;Facultad;Escuela de Doctorado;Doctorado: PD Economía y gestión de las organizaciones [RD 576/2023];Doctorado;No Informado;Mujeres;No;Tiempo Parcial;2;19/07/2026
2025;Zaragoza;Facultad;Escuela de Doctorado;Doctorado: PD Educación [RD 576/2023];Doctorado;Aragón;Hombres;No;Tiempo Completo;15;19/07/2026
2025;Zaragoza;Facultad;Escuela de Doctorado;Doctorado: PD Educación [RD 576/2023];Doctorado;Aragón;Hombres;No;Tiempo Parcial;18;19/07/2026
2025;Zaragoza;Facultad;Escuela de Doctorado;Doctorado: PD Educación [RD 576/2023];Doctorado;Aragón;Mujeres;No;Tiempo Completo;31;19/07/2026
2025;Zaragoza;Facultad;Escuela de Doctorado;Doctorado: PD Educación [RD 576/2023];Doctorado;Aragón;Mujeres;No;Tiempo Parcial;31;19/07/2026
2025;Zaragoza;Facultad;Escuela de Doctorado;Doctorado: PD Educación [RD 576/2023];Doctorado;Castilla y Leon;Mujeres;No;Tiempo Completo;1;19/07/2026
2025;Zaragoza;Facultad;Escuela de Doctorado;Doctorado: PD Educación [RD 576/2023];Doctorado;Comunidad Valenciana;Mujeres;No;Tiempo Parcial;1;19/07/2026
2025;Zaragoza;Facultad;Escuela de Doctorado;Doctorado: PD Educación [RD 576/2023];Doctorado;Galicia;Mujeres;No;Tiempo Parcial;1;19/07/2026
2025;Zaragoza;Facultad;Escuela de Doctorado;Doctorado: PD Educación [RD 576/2023];Doctorado;La Rioja;Mujeres;No;Tiempo Parcial;1;19/07/2026
2025;Zaragoza;Facultad;Escuela de Doctorado;Doctorado: PD Educación [RD 576/2023];Doctorado;Madrid;Hombres;No;Tiempo Completo;1;19/07/2026
2025;Zaragoza;Facultad;Escuela de Doctorado;Doctorado: PD Educación [RD 576/2023];Doctorado;Murcia;Hombres;No;Tiempo Parcial;1;19/07/2026
2025;Zaragoza;Facultad;Escuela de Doctorado;Doctorado: PD Educación [RD 576/2023];Doctorado;Murcia;Mujeres;No;Tiempo Completo;1;19/07/2026
2025;Zaragoza;Facultad;Escuela de Doctorado;Doctorado: PD Educación [RD 576/2023];Doctorado;Navarra;Hombres;No;Tiempo Completo;1;19/07/2026
2025;Zaragoza;Facultad;Escuela de Doctorado;Doctorado: PD Educación [RD 576/2023];Doctorado;No Informado;Hombres;No;Tiempo Completo;1;19/07/2026
2025;Zaragoza;Facultad;Escuela de Doctorado;Doctorado: PD Educación [RD 576/2023];Doctorado;No Informado;Hombres;No;Tiempo Parcial;1;19/07/2026
2025;Zaragoza;Facultad;Escuela de Doctorado;Doctorado: PD Educación [RD 576/2023];Doctorado;No Informado;Mujeres;No;Tiempo Completo;3;19/07/2026
2025;Zaragoza;Facultad;Escuela de Doctorado;Doctorado: PD Educación [RD 576/2023];Doctorado;No Informado;Mujeres;No;Tiempo Parcial;1;19/07/2026
2025;Zaragoza;Facultad;Escuela de Doctorado;Doctorado: PD en Didáctica de las Ciencias Experimentales [RD 576/2023];Doctorado;Aragón;Hombres;No;Tiempo Completo;3;19/07/2026
2025;Zaragoza;Facultad;Escuela de Doctorado;Doctorado: PD en Didáctica de las Ciencias Experimentales [RD 576/2023];Doctorado;Aragón;Hombres;No;Tiempo Parcial;1;19/07/2026
2025;Zaragoza;Facultad;Escuela de Doctorado;Doctorado: PD en Didáctica de las Ciencias Experimentales [RD 576/2023];Doctorado;Aragón;Mujeres;No;Tiempo Completo;2;19/07/2026
2025;Zaragoza;Facultad;Escuela de Doctorado;Doctorado: PD en Didáctica de las Ciencias Experimentales [RD 576/2023];Doctorado;No Informado;Hombres;No;Tiempo Completo;1;19/07/2026
2025;Zaragoza;Facultad;Escuela de Doctorado;Doctorado: PD en Relaciones Laborales y Recursos Humanos [RD 576/2023];Doctorado;Aragón;Hombres;No;Tiempo Completo;1;19/07/2026
2025;Zaragoza;Facultad;Escuela de Doctorado;Doctorado: PD en Relaciones Laborales y Recursos Humanos [RD 576/2023];Doctorado;Aragón;Hombres;No;Tiempo Parcial;4;19/07/2026
2025;Zaragoza;Facultad;Escuela de Doctorado;Doctorado: PD en Relaciones Laborales y Recursos Humanos [RD 576/2023];Doctorado;Aragón;Mujeres;No;Tiempo Parcial;1;19/07/2026
2025;Zaragoza;Facultad;Escuela de Doctorado;Doctorado: PD en Relaciones Laborales y Recursos Humanos [RD 576/2023];Doctorado;Catalunya;Hombres;No;Tiempo Parcial;1;19/07/2026
2025;Zaragoza;Facultad;Escuela de Doctorado;Doctorado: PD en Relaciones Laborales y Recursos Humanos [RD 576/2023];Doctorado;Madrid;Hombres;No;Tiempo Parcial;1;19/07/2026
2025;Zaragoza;Facultad;Escuela de Doctorado;Doctorado: PD en Relaciones Laborales y Recursos Humanos [RD 576/2023];Doctorado;Madrid;Mujeres;No;Tiempo Parcial;3;19/07/2026
2025;Zaragoza;Facultad;Escuela de Doctorado;Doctorado: PD en Relaciones Laborales y Recursos Humanos [RD 576/2023];Doctorado;No Informado;Mujeres;No;Tiempo Completo;1;19/07/2026
2025;Zaragoza;Facultad;Escuela de Doctorado;Doctorado: PD en Salud Global: Determinantes e Interacción de la Salud Humana, Animal y Ambiental [RD 576/2023];Doctorado;Aragón;Hombres;No;Tiempo Completo;2;19/07/2026
2025;Zaragoza;Facultad;Escuela de Doctorado;Doctorado: PD en Salud Global: Determinantes e Interacción de la Salud Humana, Animal y Ambiental [RD 576/2023];Doctorado;Aragón;Hombres;No;Tiempo Parcial;3;19/07/2026
2025;Zaragoza;Facultad;Escuela de Doctorado;Doctorado: PD en Salud Global: Determinantes e Interacción de la Salud Humana, Animal y Ambiental [RD 576/2023];Doctorado;Aragón;Mujeres;No;Tiempo Completo;2;19/07/2026
2025;Zaragoza;Facultad;Escuela de Doctorado;Doctorado: PD en Salud Global: Determinantes e Interacción de la Salud Humana, Animal y Ambiental [RD 576/2023];Doctorado;Aragón;Mujeres;No;Tiempo Parcial;3;19/07/2026
2025;Zaragoza;Facultad;Escuela de Doctorado;Doctorado: PD en Salud Global: Determinantes e Interacción de la Salud Humana, Animal y Ambiental [RD 576/2023];Doctorado;Galicia;Mujeres;No;Tiempo Completo;1;19/07/2026
2025;Zaragoza;Facultad;Escuela de Doctorado;Doctorado: PD en Salud Global: Determinantes e Interacción de la Salud Humana, Animal y Ambiental [RD 576/2023];Doctorado;No Informado;Hombres;No;Tiempo Completo;2;19/07/2026
2025;Zaragoza;Facultad;Escuela de Doctorado;Doctorado: PD en Salud Global: Determinantes e Interacción de la Salud Humana, Animal y Ambiental [RD 576/2023];Doctorado;No Informado;Mujeres;No;Tiempo Parcial;1;19/07/2026
2025;Zaragoza;Facultad;Escuela de Doctorado;Doctorado: PD Energías renovables y eficiencia energética [RD 576/2023];Doctorado;Aragón;Hombres;No;Tiempo Completo;6;19/07/2026
2025;Zaragoza;Facultad;Escuela de Doctorado;Doctorado: PD Energías renovables y eficiencia energética [RD 576/2023];Doctorado;Aragón;Hombres;No;Tiempo Parcial;12;19/07/2026
2025;Zaragoza;Facultad;Escuela de Doctorado;Doctorado: PD Energías renovables y eficiencia energética [RD 576/2023];Doctorado;Aragón;Mujeres;No;Tiempo Completo;5;19/07/2026
2025;Zaragoza;Facultad;Escuela de Doctorado;Doctorado: PD Energías renovables y eficiencia energética [RD 576/2023];Doctorado;Aragón;Mujeres;No;Tiempo Parcial;2;19/07/2026
2025;Zaragoza;Facultad;Escuela de Doctorado;Doctorado: PD Energías renovables y eficiencia energética [RD 576/2023];Doctorado;Catalunya;Hombres;No;Tiempo Parcial;1;19/07/2026
2025;Zaragoza;Facultad;Escuela de Doctorado;Doctorado: PD Energías renovables y eficiencia energética [RD 576/2023];Doctorado;Galicia;Hombres;No;Tiempo Parcial;1;19/07/2026
2025;Zaragoza;Facultad;Escuela de Doctorado;Doctorado: PD Energías renovables y eficiencia energética [RD 576/2023];Doctorado;Madrid;Hombres;No;Tiempo Completo;1;19/07/2026
2025;Zaragoza;Facultad;Escuela de Doctorado;Doctorado: PD Energías renovables y eficiencia energética [RD 576/2023];Doctorado;Madrid;Hombres;No;Tiempo Parcial;1;19/07/2026
2025;Zaragoza;Facultad;Escuela de Doctorado;Doctorado: PD Energías renovables y eficiencia energética [RD 576/2023];Doctorado;No Informado;Hombres;No;Tiempo Completo;2;19/07/2026
2025;Zaragoza;Facultad;Escuela de Doctorado;Doctorado: PD Energías renovables y eficiencia energética [RD 576/2023];Doctorado;No Informado;Hombres;No;Tiempo Parcial;4;19/07/2026
2025;Zaragoza;Facultad;Escuela de Doctorado;Doctorado: PD Estudios ingleses [RD 576/2023];Doctorado;Aragón;Hombres;No;Tiempo Completo;1;19/07/2026
2025;Zaragoza;Facultad;Escuela de Doctorado;Doctorado: PD Estudios ingleses [RD 576/2023];Doctorado;Aragón;Hombres;No;Tiempo Parcial;1;19/07/2026
2025;Zaragoza;Facultad;Escuela de Doctorado;Doctorado: PD Estudios ingleses [RD 576/2023];Doctorado;Aragón;Mujeres;No;Tiempo Completo;20;19/07/2026
2025;Zaragoza;Facultad;Escuela de Doctorado;Doctorado: PD Estudios ingleses [RD 576/2023];Doctorado;Aragón;Mujeres;No;Tiempo Parcial;7;19/07/2026
2025;Zaragoza;Facultad;Escuela de Doctorado;Doctorado: PD Estudios ingleses [RD 576/2023];Doctorado;Castilla y Leon;Mujeres;No;Tiempo Completo;1;19/07/2026
2025;Zaragoza;Facultad;Escuela de Doctorado;Doctorado: PD Estudios ingleses [RD 576/2023];Doctorado;Comunidad Valenciana;Mujeres;No;Tiempo Parcial;1;19/07/2026
2025;Zaragoza;Facultad;Escuela de Doctorado;Doctorado: PD Estudios ingleses [RD 576/2023];Doctorado;La Rioja;Mujeres;No;Tiempo Completo;1;19/07/2026
2025;Zaragoza;Facultad;Escuela de Doctorado;Doctorado: PD Estudios ingleses [RD 576/2023];Doctorado;La Rioja;Mujeres;No;Tiempo Parcial;1;19/07/2026
2025;Zaragoza;Facultad;Escuela de Doctorado;Doctorado: PD Estudios ingleses [RD 576/2023];Doctorado;Madrid;Mujeres;No;Tiempo Completo;1;19/07/2026
2025;Zaragoza;Facultad;Escuela de Doctorado;Doctorado: PD Estudios ingleses [RD 576/2023];Doctorado;Murcia;Hombres;No;Tiempo Parcial;1;19/07/2026
2025;Zaragoza;Facultad;Escuela de Doctorado;Doctorado: PD Estudios ingleses [RD 576/2023];Doctorado;Navarra;Mujeres;No;Tiempo Completo;2;19/07/2026
2025;Zaragoza;Facultad;Escuela de Doctorado;Doctorado: PD Estudios ingleses [RD 576/2023];Doctorado;Navarra;Mujeres;No;Tiempo Parcial;1;19/07/2026
2025;Zaragoza;Facultad;Escuela de Doctorado;Doctorado: PD Estudios ingleses [RD 576/2023];Doctorado;No Informado;Hombres;No;Tiempo Completo;1;19/07/2026
2025;Zaragoza;Facultad;Escuela de Doctorado;Doctorado: PD Estudios ingleses [RD 576/2023];Doctorado;No Informado;Hombres;No;Tiempo Parcial;1;19/07/2026
2025;Zaragoza;Facultad;Escuela de Doctorado;Doctorado: PD Estudios ingleses [RD 576/2023];Doctorado;No Informado;Mujeres;No;Tiempo Completo;1;19/07/2026
2025;Zaragoza;Facultad;Escuela de Doctorado;Doctorado: PD Estudios ingleses [RD 576/2023];Doctorado;Pais Vasco;Mujeres;No;Tiempo Completo;1;19/07/2026
2025;Zaragoza;Facultad;Escuela de Doctorado;Doctorado: PD Filosofía [RD 576/2023];Doctorado;Aragón;Hombres;No;Tiempo Completo;5;19/07/2026
2025;Zaragoza;Facultad;Escuela de Doctorado;Doctorado: PD Filosofía [RD 576/2023];Doctorado;Aragón;Hombres;No;Tiempo Parcial;6;19/07/2026
2025;Zaragoza;Facultad;Escuela de Doctorado;Doctorado: PD Filosofía [RD 576/2023];Doctorado;Aragón;Mujeres;No;Tiempo Completo;9;19/07/2026
2025;Zaragoza;Facultad;Escuela de Doctorado;Doctorado: PD Filosofía [RD 576/2023];Doctorado;Aragón;Mujeres;No;Tiempo Parcial;4;19/07/2026
2025;Zaragoza;Facultad;Escuela de Doctorado;Doctorado: PD Filosofía [RD 576/2023];Doctorado;Catalunya;Hombres;No;Tiempo Parcial;1;19/07/2026
2025;Zaragoza;Facultad;Escuela de Doctorado;Doctorado: PD Filosofía [RD 576/2023];Doctorado;Catalunya;Mujeres;No;Tiempo Completo;1;19/07/2026
2025;Zaragoza;Facultad;Escuela de Doctorado;Doctorado: PD Filosofía [RD 576/2023];Doctorado;La Rioja;Mujeres;No;Tiempo Completo;1;19/07/2026
2025;Zaragoza;Facultad;Escuela de Doctorado;Doctorado: PD Filosofía [RD 576/2023];Doctorado;No Informado;Hombres;No;Tiempo Completo;1;19/07/2026
2025;Zaragoza;Facultad;Escuela de Doctorado;Doctorado: PD Filosofía [RD 576/2023];Doctorado;No Informado;Mujeres;No;Tiempo Parcial;2;19/07/2026
2025;Zaragoza;Facultad;Escuela de Doctorado;Doctorado: PD Filosofía [RD 576/2023];Doctorado;Pais Vasco;Hombres;No;Tiempo Completo;1;19/07/2026
2025;Zaragoza;Facultad;Escuela de Doctorado;Doctorado: PD Filosofía [RD 576/2023];Doctorado;Pais Vasco;Mujeres;No;Tiempo Parcial;1;19/07/2026
2025;Zaragoza;Facultad;Escuela de Doctorado;Doctorado: PD Física [RD 576/2023];Doctorado;Andalucía;Hombres;No;Tiempo Completo;2;19/07/2026
2025;Zaragoza;Facultad;Escuela de Doctorado;Doctorado: PD Física [RD 576/2023];Doctorado;Aragón;Hombres;No;Tiempo Completo;58;19/07/2026
2025;Zaragoza;Facultad;Escuela de Doctorado;Doctorado: PD Física [RD 576/2023];Doctorado;Aragón;Hombres;No;Tiempo Parcial;5;19/07/2026
2025;Zaragoza;Facultad;Escuela de Doctorado;Doctorado: PD Física [RD 576/2023];Doctorado;Aragón;Mujeres;No;Tiempo Completo;22;19/07/2026
2025;Zaragoza;Facultad;Escuela de Doctorado;Doctorado: PD Física [RD 576/2023];Doctorado;Aragón;Mujeres;No;Tiempo Parcial;3;19/07/2026
2025;Zaragoza;Facultad;Escuela de Doctorado;Doctorado: PD Física [RD 576/2023];Doctorado;Asturias;Hombres;No;Tiempo Completo;1;19/07/2026
2025;Zaragoza;Facultad;Escuela de Doctorado;Doctorado: PD Física [RD 576/2023];Doctorado;Castilla y Leon;Hombres;No;Tiempo Completo;2;19/07/2026
2025;Zaragoza;Facultad;Escuela de Doctorado;Doctorado: PD Física [RD 576/2023];Doctorado;Castilla y Leon;Mujeres;No;Tiempo Completo;1;19/07/2026
2025;Zaragoza;Facultad;Escuela de Doctorado;Doctorado: PD Física [RD 576/2023];Doctorado;Castilla-La Mancha;Hombres;No;Tiempo Completo;3;19/07/2026
2025;Zaragoza;Facultad;Escuela de Doctorado;Doctorado: PD Física [RD 576/2023];Doctorado;Catalunya;Hombres;No;Tiempo Completo;1;19/07/2026
2025;Zaragoza;Facultad;Escuela de Doctorado;Doctorado: PD Física [RD 576/2023];Doctorado;Catalunya;Mujeres;No;Tiempo Completo;1;19/07/2026
2025;Zaragoza;Facultad;Escuela de Doctorado;Doctorado: PD Física [RD 576/2023];Doctorado;Extremadura;Hombres;No;Tiempo Completo;1;19/07/2026
2025;Zaragoza;Facultad;Escuela de Doctorado;Doctorado: PD Física [RD 576/2023];Doctorado;Extremadura;Mujeres;No;Tiempo Completo;1;19/07/2026
2025;Zaragoza;Facultad;Escuela de Doctorado;Doctorado: PD Física [RD 576/2023];Doctorado;Galicia;Hombres;No;Tiempo Completo;1;19/07/2026
2025;Zaragoza;Facultad;Escuela de Doctorado;Doctorado: PD Física [RD 576/2023];Doctorado;La Rioja;Hombres;No;Tiempo Completo;1;19/07/2026
2025;Zaragoza;Facultad;Escuela de Doctorado;Doctorado: PD Física [RD 576/2023];Doctorado;La Rioja;Mujeres;No;Tiempo Completo;1;19/07/2026
2025;Zaragoza;Facultad;Escuela de Doctorado;Doctorado: PD Física [RD 576/2023];Doctorado;Madrid;Hombres;No;Tiempo Completo;3;19/07/2026
2025;Zaragoza;Facultad;Escuela de Doctorado;Doctorado: PD Física [RD 576/2023];Doctorado;Madrid;Mujeres;No;Tiempo Completo;2;19/07/2026
2025;Zaragoza;Facultad;Escuela de Doctorado;Doctorado: PD Física [RD 576/2023];Doctorado;Navarra;Hombres;No;Tiempo Completo;1;19/07/2026
2025;Zaragoza;Facultad;Escuela de Doctorado;Doctorado: PD Física [RD 576/2023];Doctorado;Navarra;Mujeres;No;Tiempo Completo;1;19/07/2026
2025;Zaragoza;Facultad;Escuela de Doctorado;Doctorado: PD Física [RD 576/2023];Doctorado;No Informado;Hombres;No;Tiempo Completo;11;19/07/2026
2025;Zaragoza;Facultad;Escuela de Doctorado;Doctorado: PD Física [RD 576/2023];Doctorado;No Informado;Hombres;No;Tiempo Parcial;1;19/07/2026
2025;Zaragoza;Facultad;Escuela de Doctorado;Doctorado: PD Física [RD 576/2023];Doctorado;No Informado;Mujeres;No;Tiempo Completo;4;19/07/2026
2025;Zaragoza;Facultad;Escuela de Doctorado;Doctorado: PD Geología [RD 576/2023];Doctorado;Aragón;Hombres;No;Tiempo Completo;16;19/07/2026
2025;Zaragoza;Facultad;Escuela de Doctorado;Doctorado: PD Geología [RD 576/2023];Doctorado;Aragón;Hombres;No;Tiempo Parcial;2;19/07/2026
2025;Zaragoza;Facultad;Escuela de Doctorado;Doctorado: PD Geología [RD 576/2023];Doctorado;Aragón;Mujeres;No;Tiempo Completo;6;19/07/2026
2025;Zaragoza;Facultad;Escuela de Doctorado;Doctorado: PD Geología [RD 576/2023];Doctorado;Aragón;Mujeres;No;Tiempo Parcial;2;19/07/2026
2025;Zaragoza;Facultad;Escuela de Doctorado;Doctorado: PD Geología [RD 576/2023];Doctorado;Asturias;Mujeres;No;Tiempo Parcial;1;19/07/2026
2025;Zaragoza;Facultad;Escuela de Doctorado;Doctorado: PD Geología [RD 576/2023];Doctorado;Canarias;Mujeres;No;Tiempo Completo;1;19/07/2026
2025;Zaragoza;Facultad;Escuela de Doctorado;Doctorado: PD Geología [RD 576/2023];Doctorado;Comunidad Valenciana;Mujeres;No;Tiempo Completo;2;19/07/2026
2025;Zaragoza;Facultad;Escuela de Doctorado;Doctorado: PD Geología [RD 576/2023];Doctorado;Madrid;Hombres;No;Tiempo Parcial;1;19/07/2026
2025;Zaragoza;Facultad;Escuela de Doctorado;Doctorado: PD Geología [RD 576/2023];Doctorado;Madrid;Mujeres;No;Tiempo Parcial;1;19/07/2026
2025;Zaragoza;Facultad;Escuela de Doctorado;Doctorado: PD Geología [RD 576/2023];Doctorado;Navarra;Mujeres;No;Tiempo Completo;1;19/07/2026
2025;Zaragoza;Facultad;Escuela de Doctorado;Doctorado: PD Geología [RD 576/2023];Doctorado;No Informado;Hombres;No;Tiempo Parcial;1;19/07/2026
2025;Zaragoza;Facultad;Escuela de Doctorado;Doctorado: PD Geología [RD 576/2023];Doctorado;No Informado;Mujeres;No;Tiempo Completo;1;19/07/2026
2025;Zaragoza;Facultad;Escuela de Doctorado;Doctorado: PD Geología [RD 576/2023];Doctorado;No Informado;Mujeres;No;Tiempo Parcial;1;19/07/2026
2025;Zaragoza;Facultad;Escuela de Doctorado;Doctorado: PD Historia contemporánea [RD 576/2023];Doctorado;Aragón;Hombres;No;Tiempo Completo;8;19/07/2026
2025;Zaragoza;Facultad;Escuela de Doctorado;Doctorado: PD Historia contemporánea [RD 576/2023];Doctorado;Aragón;Hombres;No;Tiempo Parcial;6;19/07/2026
2025;Zaragoza;Facultad;Escuela de Doctorado;Doctorado: PD Historia contemporánea [RD 576/2023];Doctorado;Aragón;Mujeres;No;Tiempo Completo;1;19/07/2026
2025;Zaragoza;Facultad;Escuela de Doctorado;Doctorado: PD Historia contemporánea [RD 576/2023];Doctorado;Aragón;Mujeres;No;Tiempo Parcial;4;19/07/2026
2025;Zaragoza;Facultad;Escuela de Doctorado;Doctorado: PD Historia contemporánea [RD 576/2023];Doctorado;Castilla-La Mancha;Mujeres;No;Tiempo Completo;1;19/07/2026
2025;Zaragoza;Facultad;Escuela de Doctorado;Doctorado: PD Historia contemporánea [RD 576/2023];Doctorado;Madrid;Mujeres;No;Tiempo Completo;1;19/07/2026
2025;Zaragoza;Facultad;Escuela de Doctorado;Doctorado: PD Historia contemporánea [RD 576/2023];Doctorado;Madrid;Mujeres;No;Tiempo Parcial;1;19/07/2026
2025;Zaragoza;Facultad;Escuela de Doctorado;Doctorado: PD Historia contemporánea [RD 576/2023];Doctorado;Navarra;Hombres;No;Tiempo Completo;1;19/07/2026
2025;Zaragoza;Facultad;Escuela de Doctorado;Doctorado: PD Historia contemporánea [RD 576/2023];Doctorado;No Informado;Hombres;No;Tiempo Completo;1;19/07/2026
2025;Zaragoza;Facultad;Escuela de Doctorado;Doctorado: PD Historia contemporánea [RD 576/2023];Doctorado;No Informado;Mujeres;No;Tiempo Completo;1;19/07/2026
2025;Zaragoza;Facultad;Escuela de Doctorado;Doctorado: PD Historia del arte [RD 576/2023];Doctorado;Andalucía;Mujeres;No;Tiempo Completo;1;19/07/2026
2025;Zaragoza;Facultad;Escuela de Doctorado;Doctorado: PD Historia del arte [RD 576/2023];Doctorado;Andalucía;Mujeres;No;Tiempo Parcial;1;19/07/2026
2025;Zaragoza;Facultad;Escuela de Doctorado;Doctorado: PD Historia del arte [RD 576/2023];Doctorado;Aragón;Hombres;No;Tiempo Completo;11;19/07/2026
2025;Zaragoza;Facultad;Escuela de Doctorado;Doctorado: PD Historia del arte [RD 576/2023];Doctorado;Aragón;Hombres;No;Tiempo Parcial;6;19/07/2026
2025;Zaragoza;Facultad;Escuela de Doctorado;Doctorado: PD Historia del arte [RD 576/2023];Doctorado;Aragón;Mujeres;No;Tiempo Completo;18;19/07/2026
2025;Zaragoza;Facultad;Escuela de Doctorado;Doctorado: PD Historia del arte [RD 576/2023];Doctorado;Aragón;Mujeres;No;Tiempo Parcial;5;19/07/2026
2025;Zaragoza;Facultad;Escuela de Doctorado;Doctorado: PD Historia del arte [RD 576/2023];Doctorado;Asturias;Hombres;No;Tiempo Completo;1;19/07/2026
2025;Zaragoza;Facultad;Escuela de Doctorado;Doctorado: PD Historia del arte [RD 576/2023];Doctorado;Castilla y Leon;Mujeres;No;Tiempo Parcial;1;19/07/2026
2025;Zaragoza;Facultad;Escuela de Doctorado;Doctorado: PD Historia del arte [RD 576/2023];Doctorado;Catalunya;Mujeres;No;Tiempo Completo;1;19/07/2026
2025;Zaragoza;Facultad;Escuela de Doctorado;Doctorado: PD Historia del arte [RD 576/2023];Doctorado;Comunidad Valenciana;Hombres;No;Tiempo Parcial;1;19/07/2026
2025;Zaragoza;Facultad;Escuela de Doctorado;Doctorado: PD Historia del arte [RD 576/2023];Doctorado;Madrid;Mujeres;No;Tiempo Completo;1;19/07/2026
2025;Zaragoza;Facultad;Escuela de Doctorado;Doctorado: PD Historia del arte [RD 576/2023];Doctorado;No Informado;Mujeres;No;Tiempo Completo;3;19/07/2026
2025;Zaragoza;Facultad;Escuela de Doctorado;Doctorado: PD Historia del arte [RD 576/2023];Doctorado;Pais Vasco;Mujeres;No;Tiempo Parcial;1;19/07/2026
2025;Zaragoza;Facultad;Escuela de Doctorado;Doctorado: PD Historia, sociedad y cultura: épocas medieval y moderna [RD 576/2023];Doctorado;Andalucía;Hombres;No;Tiempo Parcial;1;19/07/2026
2025;Zaragoza;Facultad;Escuela de Doctorado;Doctorado: PD Historia, sociedad y cultura: épocas medieval y moderna [RD 576/2023];Doctorado;Aragón;Hombres;No;Tiempo Completo;4;19/07/2026
2025;Zaragoza;Facultad;Escuela de Doctorado;Doctorado: PD Historia, sociedad y cultura: épocas medieval y moderna [RD 576/2023];Doctorado;Aragón;Hombres;No;Tiempo Parcial;9;19/07/2026
2025;Zaragoza;Facultad;Escuela de Doctorado;Doctorado: PD Historia, sociedad y cultura: épocas medieval y moderna [RD 576/2023];Doctorado;Aragón;Mujeres;No;Tiempo Completo;7;19/07/2026
2025;Zaragoza;Facultad;Escuela de Doctorado;Doctorado: PD Historia, sociedad y cultura: épocas medieval y moderna [RD 576/2023];Doctorado;Aragón;Mujeres;No;Tiempo Parcial;3;19/07/2026
2025;Zaragoza;Facultad;Escuela de Doctorado;Doctorado: PD Historia, sociedad y cultura: épocas medieval y moderna [RD 576/2023];Doctorado;Baleares;Hombres;No;Tiempo Completo;1;19/07/2026
2025;Zaragoza;Facultad;Escuela de Doctorado;Doctorado: PD Historia, sociedad y cultura: épocas medieval y moderna [RD 576/2023];Doctorado;Catalunya;Hombres;No;Tiempo Completo;1;19/07/2026
2025;Zaragoza;Facultad;Escuela de Doctorado;Doctorado: PD Historia, sociedad y cultura: épocas medieval y moderna [RD 576/2023];Doctorado;Navarra;Hombres;No;Tiempo Completo;1;19/07/2026
2025;Zaragoza;Facultad;Escuela de Doctorado;Doctorado: PD Historia, sociedad y cultura: épocas medieval y moderna [RD 576/2023];Doctorado;Navarra;Hombres;No;Tiempo Parcial;1;19/07/2026
2025;Zaragoza;Facultad;Escuela de Doctorado;Doctorado: PD Historia, sociedad y cultura: épocas medieval y moderna [RD 576/2023];Doctorado;No Informado;Hombres;No;Tiempo Completo;1;19/07/2026
2025;Zaragoza;Facultad;Escuela de Doctorado;Doctorado: PD Historia, sociedad y cultura: épocas medieval y moderna [RD 576/2023];Doctorado;No Informado;Mujeres;No;Tiempo Completo;2;19/07/2026
2025;Zaragoza;Facultad;Escuela de Doctorado;Doctorado: PD Información y Comunicación [RD 576/2023];Doctorado;Aragón;Hombres;No;Tiempo Completo;4;19/07/2026
2025;Zaragoza;Facultad;Escuela de Doctorado;Doctorado: PD Información y Comunicación [RD 576/2023];Doctorado;Aragón;Hombres;No;Tiempo Parcial;6;19/07/2026
2025;Zaragoza;Facultad;Escuela de Doctorado;Doctorado: PD Información y Comunicación [RD 576/2023];Doctorado;Aragón;Mujeres;No;Tiempo Completo;6;19/07/2026
2025;Zaragoza;Facultad;Escuela de Doctorado;Doctorado: PD Información y Comunicación [RD 576/2023];Doctorado;Aragón;Mujeres;No;Tiempo Parcial;9;19/07/2026
2025;Zaragoza;Facultad;Escuela de Doctorado;Doctorado: PD Información y Comunicación [RD 576/2023];Doctorado;Canarias;Mujeres;No;Tiempo Completo;1;19/07/2026
2025;Zaragoza;Facultad;Escuela de Doctorado;Doctorado: PD Información y Comunicación [RD 576/2023];Doctorado;No Informado;Hombres;No;Tiempo Completo;1;19/07/2026
2025;Zaragoza;Facultad;Escuela de Doctorado;Doctorado: PD Información y Comunicación [RD 576/2023];Doctorado;No Informado;Hombres;No;Tiempo Parcial;1;19/07/2026
2025;Zaragoza;Facultad;Escuela de Doctorado;Doctorado: PD Información y Comunicación [RD 576/2023];Doctorado;No Informado;Mujeres;No;Tiempo Completo;2;19/07/2026
2025;Zaragoza;Facultad;Escuela de Doctorado;Doctorado: PD Ingeniería biomédica [RD 576/2023];Doctorado;Andalucía;Hombres;No;Tiempo Completo;2;19/07/2026
2025;Zaragoza;Facultad;Escuela de Doctorado;Doctorado: PD Ingeniería biomédica [RD 576/2023];Doctorado;Aragón;Hombres;No;Tiempo Completo;19;19/07/2026
2025;Zaragoza;Facultad;Escuela de Doctorado;Doctorado: PD Ingeniería biomédica [RD 576/2023];Doctorado;Aragón;Hombres;No;Tiempo Parcial;4;19/07/2026
2025;Zaragoza;Facultad;Escuela de Doctorado;Doctorado: PD Ingeniería biomédica [RD 576/2023];Doctorado;Aragón;Mujeres;No;Tiempo Completo;15;19/07/2026
2025;Zaragoza;Facultad;Escuela de Doctorado;Doctorado: PD Ingeniería biomédica [RD 576/2023];Doctorado;Aragón;Mujeres;No;Tiempo Parcial;5;19/07/2026
2025;Zaragoza;Facultad;Escuela de Doctorado;Doctorado: PD Ingeniería biomédica [RD 576/2023];Doctorado;Canarias;Hombres;No;Tiempo Completo;1;19/07/2026
2025;Zaragoza;Facultad;Escuela de Doctorado;Doctorado: PD Ingeniería biomédica [RD 576/2023];Doctorado;Castilla y Leon;Hombres;No;Tiempo Completo;1;19/07/2026
2025;Zaragoza;Facultad;Escuela de Doctorado;Doctorado: PD Ingeniería biomédica [RD 576/2023];Doctorado;Galicia;Mujeres;No;Tiempo Completo;1;19/07/2026
2025;Zaragoza;Facultad;Escuela de Doctorado;Doctorado: PD Ingeniería biomédica [RD 576/2023];Doctorado;La Rioja;Mujeres;No;Tiempo Completo;1;19/07/2026
2025;Zaragoza;Facultad;Escuela de Doctorado;Doctorado: PD Ingeniería biomédica [RD 576/2023];Doctorado;Madrid;Mujeres;No;Tiempo Completo;2;19/07/2026
2025;Zaragoza;Facultad;Escuela de Doctorado;Doctorado: PD Ingeniería biomédica [RD 576/2023];Doctorado;Murcia;Mujeres;No;Tiempo Completo;1;19/07/2026
2025;Zaragoza;Facultad;Escuela de Doctorado;Doctorado: PD Ingeniería biomédica [RD 576/2023];Doctorado;No Informado;Hombres;No;Tiempo Completo;1;19/07/2026
2025;Zaragoza;Facultad;Escuela de Doctorado;Doctorado: PD Ingeniería biomédica [RD 576/2023];Doctorado;No Informado;Mujeres;No;Tiempo Completo;1;19/07/2026
2025;Zaragoza;Facultad;Escuela de Doctorado;Doctorado: PD Ingeniería biomédica [RD 576/2023];Doctorado;Pais Vasco;Mujeres;No;Tiempo Completo;1;19/07/2026
2025;Zaragoza;Facultad;Escuela de Doctorado;Doctorado: PD Ingeniería de diseño y fabricación [RD 576/2023];Doctorado;Aragón;Hombres;No;Tiempo Completo;5;19/07/2026
2025;Zaragoza;Facultad;Escuela de Doctorado;Doctorado: PD Ingeniería de diseño y fabricación [RD 576/2023];Doctorado;Aragón;Hombres;No;Tiempo Parcial;11;19/07/2026
2025;Zaragoza;Facultad;Escuela de Doctorado;Doctorado: PD Ingeniería de diseño y fabricación [RD 576/2023];Doctorado;Aragón;Mujeres;No;Tiempo Completo;8;19/07/2026
2025;Zaragoza;Facultad;Escuela de Doctorado;Doctorado: PD Ingeniería de diseño y fabricación [RD 576/2023];Doctorado;Aragón;Mujeres;No;Tiempo Parcial;7;19/07/2026
2025;Zaragoza;Facultad;Escuela de Doctorado;Doctorado: PD Ingeniería de diseño y fabricación [RD 576/2023];Doctorado;Catalunya;Hombres;No;Tiempo Completo;1;19/07/2026
2025;Zaragoza;Facultad;Escuela de Doctorado;Doctorado: PD Ingeniería de diseño y fabricación [RD 576/2023];Doctorado;Navarra;Hombres;No;Tiempo Parcial;1;19/07/2026
2025;Zaragoza;Facultad;Escuela de Doctorado;Doctorado: PD Ingeniería de diseño y fabricación [RD 576/2023];Doctorado;No Informado;Hombres;No;Tiempo Parcial;2;19/07/2026
2025;Zaragoza;Facultad;Escuela de Doctorado;Doctorado: PD Ingeniería de diseño y fabricación [RD 576/2023];Doctorado;No Informado;Mujeres;No;Tiempo Completo;1;19/07/2026
2025;Zaragoza;Facultad;Escuela de Doctorado;Doctorado: PD Ingeniería de diseño y fabricación [RD 576/2023];Doctorado;Pais Vasco;Hombres;No;Tiempo Completo;1;19/07/2026
2025;Zaragoza;Facultad;Escuela de Doctorado;Doctorado: PD Ingeniería de diseño y fabricación [RD 576/2023];Doctorado;Pais Vasco;Hombres;No;Tiempo Parcial;2;19/07/2026
2025;Zaragoza;Facultad;Escuela de Doctorado;Doctorado: PD Ingeniería de sistemas e informática [RD 576/2023];Doctorado;Andalucía;Hombres;No;Tiempo Completo;1;19/07/2026
2025;Zaragoza;Facultad;Escuela de Doctorado;Doctorado: PD Ingeniería de sistemas e informática [RD 576/2023];Doctorado;Aragón;Hombres;No;Tiempo Completo;52;19/07/2026
2025;Zaragoza;Facultad;Escuela de Doctorado;Doctorado: PD Ingeniería de sistemas e informática [RD 576/2023];Doctorado;Aragón;Hombres;No;Tiempo Parcial;11;19/07/2026
2025;Zaragoza;Facultad;Escuela de Doctorado;Doctorado: PD Ingeniería de sistemas e informática [RD 576/2023];Doctorado;Aragón;Mujeres;No;Tiempo Completo;9;19/07/2026
2025;Zaragoza;Facultad;Escuela de Doctorado;Doctorado: PD Ingeniería de sistemas e informática [RD 576/2023];Doctorado;Aragón;Mujeres;No;Tiempo Parcial;5;19/07/2026
2025;Zaragoza;Facultad;Escuela de Doctorado;Doctorado: PD Ingeniería de sistemas e informática [RD 576/2023];Doctorado;Castilla y Leon;Mujeres;No;Tiempo Completo;1;19/07/2026
2025;Zaragoza;Facultad;Escuela de Doctorado;Doctorado: PD Ingeniería de sistemas e informática [RD 576/2023];Doctorado;Castilla-La Mancha;Mujeres;No;Tiempo Completo;1;19/07/2026
2025;Zaragoza;Facultad;Escuela de Doctorado;Doctorado: PD Ingeniería de sistemas e informática [RD 576/2023];Doctorado;Madrid;Hombres;No;Tiempo Completo;1;19/07/2026
2025;Zaragoza;Facultad;Escuela de Doctorado;Doctorado: PD Ingeniería de sistemas e informática [RD 576/2023];Doctorado;Navarra;Hombres;No;Tiempo Parcial;1;19/07/2026
2025;Zaragoza;Facultad;Escuela de Doctorado;Doctorado: PD Ingeniería de sistemas e informática [RD 576/2023];Doctorado;No Informado;Hombres;No;Tiempo Completo;7;19/07/2026
2025;Zaragoza;Facultad;Escuela de Doctorado;Doctorado: PD Ingeniería de sistemas e informática [RD 576/2023];Doctorado;No Informado;Hombres;No;Tiempo Parcial;5;19/07/2026
2025;Zaragoza;Facultad;Escuela de Doctorado;Doctorado: PD Ingeniería de sistemas e informática [RD 576/2023];Doctorado;Pais Vasco;Hombres;No;Tiempo Completo;1;19/07/2026
2025;Zaragoza;Facultad;Escuela de Doctorado;Doctorado: PD Ingeniería electrónica [RD 576/2023];Doctorado;Aragón;Hombres;No;Tiempo Completo;9;19/07/2026
2025;Zaragoza;Facultad;Escuela de Doctorado;Doctorado: PD Ingeniería electrónica [RD 576/2023];Doctorado;Aragón;Hombres;No;Tiempo Parcial;10;19/07/2026
2025;Zaragoza;Facultad;Escuela de Doctorado;Doctorado: PD Ingeniería electrónica [RD 576/2023];Doctorado;Aragón;Mujeres;No;Tiempo Completo;1;19/07/2026
2025;Zaragoza;Facultad;Escuela de Doctorado;Doctorado: PD Ingeniería electrónica [RD 576/2023];Doctorado;Navarra;Hombres;No;Tiempo Completo;1;19/07/2026
2025;Zaragoza;Facultad;Escuela de Doctorado;Doctorado: PD Ingeniería electrónica [RD 576/2023];Doctorado;No Informado;Hombres;No;Tiempo Completo;1;19/07/2026
2025;Zaragoza;Facultad;Escuela de Doctorado;Doctorado: PD Ingeniería electrónica [RD 576/2023];Doctorado;No Informado;Hombres;No;Tiempo Parcial;3;19/07/2026
2025;Zaragoza;Facultad;Escuela de Doctorado;Doctorado: PD Ingeniería electrónica [RD 576/2023];Doctorado;No Informado;Mujeres;No;Tiempo Completo;2;19/07/2026
2025;Zaragoza;Facultad;Escuela de Doctorado;Doctorado: PD Ingeniería mecánica [RD 576/2023];Doctorado;Andalucía;Hombres;No;Tiempo Parcial;1;19/07/2026
2025;Zaragoza;Facultad;Escuela de Doctorado;Doctorado: PD Ingeniería mecánica [RD 576/2023];Doctorado;Aragón;Hombres;No;Tiempo Completo;14;19/07/2026
2025;Zaragoza;Facultad;Escuela de Doctorado;Doctorado: PD Ingeniería mecánica [RD 576/2023];Doctorado;Aragón;Hombres;No;Tiempo Parcial;11;19/07/2026
2025;Zaragoza;Facultad;Escuela de Doctorado;Doctorado: PD Ingeniería mecánica [RD 576/2023];Doctorado;Aragón;Mujeres;No;Tiempo Completo;6;19/07/2026
2025;Zaragoza;Facultad;Escuela de Doctorado;Doctorado: PD Ingeniería mecánica [RD 576/2023];Doctorado;Aragón;Mujeres;No;Tiempo Parcial;3;19/07/2026
2025;Zaragoza;Facultad;Escuela de Doctorado;Doctorado: PD Ingeniería mecánica [RD 576/2023];Doctorado;Castilla-La Mancha;Hombres;No;Tiempo Parcial;1;19/07/2026
2025;Zaragoza;Facultad;Escuela de Doctorado;Doctorado: PD Ingeniería mecánica [RD 576/2023];Doctorado;Catalunya;Mujeres;No;Tiempo Parcial;1;19/07/2026
2025;Zaragoza;Facultad;Escuela de Doctorado;Doctorado: PD Ingeniería mecánica [RD 576/2023];Doctorado;Madrid;Hombres;No;Tiempo Completo;2;19/07/2026
2025;Zaragoza;Facultad;Escuela de Doctorado;Doctorado: PD Ingeniería mecánica [RD 576/2023];Doctorado;Madrid;Hombres;No;Tiempo Parcial;1;19/07/2026
2025;Zaragoza;Facultad;Escuela de Doctorado;Doctorado: PD Ingeniería mecánica [RD 576/2023];Doctorado;No Informado;Hombres;No;Tiempo Completo;2;19/07/2026
2025;Zaragoza;Facultad;Escuela de Doctorado;Doctorado: PD Ingeniería mecánica [RD 576/2023];Doctorado;No Informado;Hombres;No;Tiempo Parcial;6;19/07/2026
2025;Zaragoza;Facultad;Escuela de Doctorado;Doctorado: PD Ingeniería mecánica [RD 576/2023];Doctorado;No Informado;Mujeres;No;Tiempo Completo;1;19/07/2026
2025;Zaragoza;Facultad;Escuela de Doctorado;Doctorado: PD Ingeniería química y del medio ambiente [RD 576/2023];Doctorado;Andalucía;Hombres;No;Tiempo Completo;6;19/07/2026
2025;Zaragoza;Facultad;Escuela de Doctorado;Doctorado: PD Ingeniería química y del medio ambiente [RD 576/2023];Doctorado;Andalucía;Mujeres;No;Tiempo Completo;2;19/07/2026
2025;Zaragoza;Facultad;Escuela de Doctorado;Doctorado: PD Ingeniería química y del medio ambiente [RD 576/2023];Doctorado;Aragón;Hombres;No;Tiempo Completo;34;19/07/2026
2025;Zaragoza;Facultad;Escuela de Doctorado;Doctorado: PD Ingeniería química y del medio ambiente [RD 576/2023];Doctorado;Aragón;Hombres;No;Tiempo Parcial;1;19/07/2026
2025;Zaragoza;Facultad;Escuela de Doctorado;Doctorado: PD Ingeniería química y del medio ambiente [RD 576/2023];Doctorado;Aragón;Mujeres;No;Tiempo Completo;33;19/07/2026
2025;Zaragoza;Facultad;Escuela de Doctorado;Doctorado: PD Ingeniería química y del medio ambiente [RD 576/2023];Doctorado;Aragón;Mujeres;No;Tiempo Parcial;1;19/07/2026
2025;Zaragoza;Facultad;Escuela de Doctorado;Doctorado: PD Ingeniería química y del medio ambiente [RD 576/2023];Doctorado;Canarias;Mujeres;No;Tiempo Completo;1;19/07/2026
2025;Zaragoza;Facultad;Escuela de Doctorado;Doctorado: PD Ingeniería química y del medio ambiente [RD 576/2023];Doctorado;Castilla y Leon;Mujeres;No;Tiempo Completo;1;19/07/2026
2025;Zaragoza;Facultad;Escuela de Doctorado;Doctorado: PD Ingeniería química y del medio ambiente [RD 576/2023];Doctorado;Castilla-La Mancha;Hombres;No;Tiempo Completo;1;19/07/2026
2025;Zaragoza;Facultad;Escuela de Doctorado;Doctorado: PD Ingeniería química y del medio ambiente [RD 576/2023];Doctorado;Castilla-La Mancha;Mujeres;No;Tiempo Completo;1;19/07/2026
2025;Zaragoza;Facultad;Escuela de Doctorado;Doctorado: PD Ingeniería química y del medio ambiente [RD 576/2023];Doctorado;Comunidad Valenciana;Mujeres;No;Tiempo Completo;1;19/07/2026
2025;Zaragoza;Facultad;Escuela de Doctorado;Doctorado: PD Ingeniería química y del medio ambiente [RD 576/2023];Doctorado;Galicia;Mujeres;No;Tiempo Completo;1;19/07/2026
2025;Zaragoza;Facultad;Escuela de Doctorado;Doctorado: PD Ingeniería química y del medio ambiente [RD 576/2023];Doctorado;La Rioja;Hombres;No;Tiempo Completo;1;19/07/2026
2025;Zaragoza;Facultad;Escuela de Doctorado;Doctorado: PD Ingeniería química y del medio ambiente [RD 576/2023];Doctorado;Madrid;Hombres;No;Tiempo Parcial;2;19/07/2026
2025;Zaragoza;Facultad;Escuela de Doctorado;Doctorado: PD Ingeniería química y del medio ambiente [RD 576/2023];Doctorado;Navarra;Hombres;No;Tiempo Completo;2;19/07/2026
2025;Zaragoza;Facultad;Escuela de Doctorado;Doctorado: PD Ingeniería química y del medio ambiente [RD 576/2023];Doctorado;No Informado;Hombres;No;Tiempo Completo;3;19/07/2026
2025;Zaragoza;Facultad;Escuela de Doctorado;Doctorado: PD Ingeniería química y del medio ambiente [RD 576/2023];Doctorado;No Informado;Hombres;No;Tiempo Parcial;1;19/07/2026
2025;Zaragoza;Facultad;Escuela de Doctorado;Doctorado: PD Ingeniería química y del medio ambiente [RD 576/2023];Doctorado;No Informado;Mujeres;No;Tiempo Completo;5;19/07/2026
2025;Zaragoza;Facultad;Escuela de Doctorado;Doctorado: PD Ingeniería química y del medio ambiente [RD 576/2023];Doctorado;No Informado;Mujeres;No;Tiempo Parcial;1;19/07/2026
2025;Zaragoza;Facultad;Escuela de Doctorado;Doctorado: PD Lingüística hispánica [RD 576/2023];Doctorado;Aragón;Hombres;No;Tiempo Completo;3;19/07/2026
2025;Zaragoza;Facultad;Escuela de Doctorado;Doctorado: PD Lingüística hispánica [RD 576/2023];Doctorado;Aragón;Hombres;No;Tiempo Parcial;2;19/07/2026
2025;Zaragoza;Facultad;Escuela de Doctorado;Doctorado: PD Lingüística hispánica [RD 576/2023];Doctorado;Aragón;Mujeres;No;Tiempo Completo;8;19/07/2026
2025;Zaragoza;Facultad;Escuela de Doctorado;Doctorado: PD Lingüística hispánica [RD 576/2023];Doctorado;Aragón;Mujeres;No;Tiempo Parcial;3;19/07/2026
2025;Zaragoza;Facultad;Escuela de Doctorado;Doctorado: PD Lingüística hispánica [RD 576/2023];Doctorado;Castilla-La Mancha;Mujeres;No;Tiempo Parcial;1;19/07/2026
2025;Zaragoza;Facultad;Escuela de Doctorado;Doctorado: PD Lingüística hispánica [RD 576/2023];Doctorado;Catalunya;Mujeres;No;Tiempo Parcial;1;19/07/2026
2025;Zaragoza;Facultad;Escuela de Doctorado;Doctorado: PD Lingüística hispánica [RD 576/2023];Doctorado;Extremadura;Hombres;No;Tiempo Completo;1;19/07/2026
2025;Zaragoza;Facultad;Escuela de Doctorado;Doctorado: PD Lingüística hispánica [RD 576/2023];Doctorado;Madrid;Mujeres;No;Tiempo Parcial;1;19/07/2026
2025;Zaragoza;Facultad;Escuela de Doctorado;Doctorado: PD Lingüística hispánica [RD 576/2023];Doctorado;Navarra;Mujeres;No;Tiempo Parcial;1;19/07/2026
2025;Zaragoza;Facultad;Escuela de Doctorado;Doctorado: PD Lingüística hispánica [RD 576/2023];Doctorado;No Informado;Hombres;No;Tiempo Completo;1;19/07/2026
2025;Zaragoza;Facultad;Escuela de Doctorado;Doctorado: PD Lingüística hispánica [RD 576/2023];Doctorado;No Informado;Hombres;No;Tiempo Parcial;1;19/07/2026
2025;Zaragoza;Facultad;Escuela de Doctorado;Doctorado: PD Lingüística hispánica [RD 576/2023];Doctorado;No Informado;Mujeres;No;Tiempo Completo;4;19/07/2026
2025;Zaragoza;Facultad;Escuela de Doctorado;Doctorado: PD Literaturas hispánicas [RD 576/2023];Doctorado;Aragón;Hombres;No;Tiempo Completo;9;19/07/2026
2025;Zaragoza;Facultad;Escuela de Doctorado;Doctorado: PD Literaturas hispánicas [RD 576/2023];Doctorado;Aragón;Hombres;No;Tiempo Parcial;3;19/07/2026
2025;Zaragoza;Facultad;Escuela de Doctorado;Doctorado: PD Literaturas hispánicas [RD 576/2023];Doctorado;Aragón;Mujeres;No;Tiempo Completo;7;19/07/2026
2025;Zaragoza;Facultad;Escuela de Doctorado;Doctorado: PD Literaturas hispánicas [RD 576/2023];Doctorado;Aragón;Mujeres;No;Tiempo Parcial;1;19/07/2026
2025;Zaragoza;Facultad;Escuela de Doctorado;Doctorado: PD Literaturas hispánicas [RD 576/2023];Doctorado;No Informado;Hombres;No;Tiempo Completo;1;19/07/2026
2025;Zaragoza;Facultad;Escuela de Doctorado;Doctorado: PD Literaturas hispánicas [RD 576/2023];Doctorado;No Informado;Hombres;No;Tiempo Parcial;1;19/07/2026
2025;Zaragoza;Facultad;Escuela de Doctorado;Doctorado: PD Literaturas hispánicas [RD 576/2023];Doctorado;No Informado;Mujeres;No;Tiempo Completo;1;19/07/2026
2025;Zaragoza;Facultad;Escuela de Doctorado;Doctorado: PD Logística y gestión de la cadena de suministro [RD 576/2023];Doctorado;Aragón;Hombres;No;Tiempo Completo;1;19/07/2026
2025;Zaragoza;Facultad;Escuela de Doctorado;Doctorado: PD Logística y gestión de la cadena de suministro [RD 576/2023];Doctorado;Aragón;Mujeres;No;Tiempo Completo;1;19/07/2026
2025;Zaragoza;Facultad;Escuela de Doctorado;Doctorado: PD Logística y gestión de la cadena de suministro [RD 576/2023];Doctorado;No Informado;Mujeres;No;Tiempo Parcial;1;19/07/2026
2025;Zaragoza;Facultad;Escuela de Doctorado;Doctorado: PD Matemáticas y estadística [RD 576/2023];Doctorado;Andalucía;Hombres;No;Tiempo Completo;1;19/07/2026
2025;Zaragoza;Facultad;Escuela de Doctorado;Doctorado: PD Matemáticas y estadística [RD 576/2023];Doctorado;Aragón;Hombres;No;Tiempo Completo;14;19/07/2026
2025;Zaragoza;Facultad;Escuela de Doctorado;Doctorado: PD Matemáticas y estadística [RD 576/2023];Doctorado;Aragón;Hombres;No;Tiempo Parcial;9;19/07/2026
2025;Zaragoza;Facultad;Escuela de Doctorado;Doctorado: PD Matemáticas y estadística [RD 576/2023];Doctorado;Aragón;Mujeres;No;Tiempo Completo;4;19/07/2026
2025;Zaragoza;Facultad;Escuela de Doctorado;Doctorado: PD Matemáticas y estadística [RD 576/2023];Doctorado;Aragón;Mujeres;No;Tiempo Parcial;3;19/07/2026
2025;Zaragoza;Facultad;Escuela de Doctorado;Doctorado: PD Matemáticas y estadística [RD 576/2023];Doctorado;Galicia;Hombres;No;Tiempo Parcial;1;19/07/2026
2025;Zaragoza;Facultad;Escuela de Doctorado;Doctorado: PD Matemáticas y estadística [RD 576/2023];Doctorado;Madrid;Hombres;No;Tiempo Completo;1;19/07/2026
2025;Zaragoza;Facultad;Escuela de Doctorado;Doctorado: PD Matemáticas y estadística [RD 576/2023];Doctorado;Navarra;Hombres;No;Tiempo Completo;1;19/07/2026
2025;Zaragoza;Facultad;Escuela de Doctorado;Doctorado: PD Matemáticas y estadística [RD 576/2023];Doctorado;Navarra;Mujeres;No;Tiempo Completo;1;19/07/2026
2025;Zaragoza;Facultad;Escuela de Doctorado;Doctorado: PD Matemáticas y estadística [RD 576/2023];Doctorado;No Informado;Hombres;No;Tiempo Completo;2;19/07/2026
2025;Zaragoza;Facultad;Escuela de Doctorado;Doctorado: PD Matemáticas y estadística [RD 576/2023];Doctorado;Pais Vasco;Mujeres;No;Tiempo Completo;1;19/07/2026
2025;Zaragoza;Facultad;Escuela de Doctorado;Doctorado: PD Mecánica de fluidos [RD 576/2023];Doctorado;Aragón;Hombres;No;Tiempo Completo;14;19/07/2026
2025;Zaragoza;Facultad;Escuela de Doctorado;Doctorado: PD Mecánica de fluidos [RD 576/2023];Doctorado;Aragón;Hombres;No;Tiempo Parcial;2;19/07/2026
2025;Zaragoza;Facultad;Escuela de Doctorado;Doctorado: PD Mecánica de fluidos [RD 576/2023];Doctorado;Aragón;Mujeres;No;Tiempo Completo;2;19/07/2026
2025;Zaragoza;Facultad;Escuela de Doctorado;Doctorado: PD Mecánica de fluidos [RD 576/2023];Doctorado;No Informado;Hombres;No;Tiempo Completo;1;19/07/2026
2025;Zaragoza;Facultad;Escuela de Doctorado;Doctorado: PD Mecánica de fluidos [RD 576/2023];Doctorado;No Informado;Hombres;No;Tiempo Parcial;1;19/07/2026
2025;Zaragoza;Facultad;Escuela de Doctorado;Doctorado: PD Mecánica de fluidos [RD 576/2023];Doctorado;No Informado;Mujeres;No;Tiempo Parcial;1;19/07/2026
2025;Zaragoza;Facultad;Escuela de Doctorado;Doctorado: PD Medicina [RD 576/2023];Doctorado;Andalucía;Hombres;No;Tiempo Parcial;3;19/07/2026
2025;Zaragoza;Facultad;Escuela de Doctorado;Doctorado: PD Medicina [RD 576/2023];Doctorado;Andalucía;Mujeres;No;Tiempo Parcial;2;19/07/2026
2025;Zaragoza;Facultad;Escuela de Doctorado;Doctorado: PD Medicina [RD 576/2023];Doctorado;Aragón;Hombres;No;Tiempo Completo;17;19/07/2026
2025;Zaragoza;Facultad;Escuela de Doctorado;Doctorado: PD Medicina [RD 576/2023];Doctorado;Aragón;Hombres;No;Tiempo Parcial;54;19/07/2026
2025;Zaragoza;Facultad;Escuela de Doctorado;Doctorado: PD Medicina [RD 576/2023];Doctorado;Aragón;Mujeres;No;Tiempo Completo;34;19/07/2026
2025;Zaragoza;Facultad;Escuela de Doctorado;Doctorado: PD Medicina [RD 576/2023];Doctorado;Aragón;Mujeres;No;Tiempo Parcial;114;19/07/2026
2025;Zaragoza;Facultad;Escuela de Doctorado;Doctorado: PD Medicina [RD 576/2023];Doctorado;Canarias;Mujeres;No;Tiempo Parcial;1;19/07/2026
2025;Zaragoza;Facultad;Escuela de Doctorado;Doctorado: PD Medicina [RD 576/2023];Doctorado;Castilla y Leon;Hombres;No;Tiempo Parcial;2;19/07/2026
2025;Zaragoza;Facultad;Escuela de Doctorado;Doctorado: PD Medicina [RD 576/2023];Doctorado;Castilla y Leon;Mujeres;No;Tiempo Completo;1;19/07/2026
2025;Zaragoza;Facultad;Escuela de Doctorado;Doctorado: PD Medicina [RD 576/2023];Doctorado;Castilla y Leon;Mujeres;No;Tiempo Parcial;3;19/07/2026
2025;Zaragoza;Facultad;Escuela de Doctorado;Doctorado: PD Medicina [RD 576/2023];Doctorado;Catalunya;Hombres;No;Tiempo Completo;1;19/07/2026
2025;Zaragoza;Facultad;Escuela de Doctorado;Doctorado: PD Medicina [RD 576/2023];Doctorado;Catalunya;Mujeres;No;Tiempo Parcial;8;19/07/2026
2025;Zaragoza;Facultad;Escuela de Doctorado;Doctorado: PD Medicina [RD 576/2023];Doctorado;Comunidad Valenciana;Hombres;No;Tiempo Parcial;2;19/07/2026
2025;Zaragoza;Facultad;Escuela de Doctorado;Doctorado: PD Medicina [RD 576/2023];Doctorado;Comunidad Valenciana;Mujeres;No;Tiempo Completo;1;19/07/2026
2025;Zaragoza;Facultad;Escuela de Doctorado;Doctorado: PD Medicina [RD 576/2023];Doctorado;Galicia;Mujeres;No;Tiempo Parcial;1;19/07/2026
2025;Zaragoza;Facultad;Escuela de Doctorado;Doctorado: PD Medicina [RD 576/2023];Doctorado;La Rioja;Mujeres;No;Tiempo Parcial;3;19/07/2026
2025;Zaragoza;Facultad;Escuela de Doctorado;Doctorado: PD Medicina [RD 576/2023];Doctorado;Madrid;Hombres;No;Tiempo Parcial;1;19/07/2026
2025;Zaragoza;Facultad;Escuela de Doctorado;Doctorado: PD Medicina [RD 576/2023];Doctorado;Madrid;Mujeres;No;Tiempo Completo;1;19/07/2026
2025;Zaragoza;Facultad;Escuela de Doctorado;Doctorado: PD Medicina [RD 576/2023];Doctorado;Madrid;Mujeres;No;Tiempo Parcial;3;19/07/2026
2025;Zaragoza;Facultad;Escuela de Doctorado;Doctorado: PD Medicina [RD 576/2023];Doctorado;Navarra;Mujeres;No;Tiempo Parcial;3;19/07/2026
2025;Zaragoza;Facultad;Escuela de Doctorado;Doctorado: PD Medicina [RD 576/2023];Doctorado;No Informado;Mujeres;No;Tiempo Completo;1;19/07/2026
2025;Zaragoza;Facultad;Escuela de Doctorado;Doctorado: PD Medicina [RD 576/2023];Doctorado;No Informado;Mujeres;No;Tiempo Parcial;3;19/07/2026
2025;Zaragoza;Facultad;Escuela de Doctorado;Doctorado: PD Medicina [RD 576/2023];Doctorado;Pais Vasco;Hombres;No;Tiempo Completo;1;19/07/2026
2025;Zaragoza;Facultad;Escuela de Doctorado;Doctorado: PD Medicina [RD 576/2023];Doctorado;Pais Vasco;Mujeres;No;Tiempo Parcial;2;19/07/2026
2025;Zaragoza;Facultad;Escuela de Doctorado;Doctorado: PD Medicina y sanidad animal [RD 576/2023];Doctorado;Aragón;Hombres;No;Tiempo Completo;6;19/07/2026
2025;Zaragoza;Facultad;Escuela de Doctorado;Doctorado: PD Medicina y sanidad animal [RD 576/2023];Doctorado;Aragón;Hombres;No;Tiempo Parcial;5;19/07/2026
2025;Zaragoza;Facultad;Escuela de Doctorado;Doctorado: PD Medicina y sanidad animal [RD 576/2023];Doctorado;Aragón;Mujeres;No;Tiempo Completo;5;19/07/2026
2025;Zaragoza;Facultad;Escuela de Doctorado;Doctorado: PD Medicina y sanidad animal [RD 576/2023];Doctorado;Aragón;Mujeres;No;Tiempo Parcial;15;19/07/2026
2025;Zaragoza;Facultad;Escuela de Doctorado;Doctorado: PD Medicina y sanidad animal [RD 576/2023];Doctorado;Castilla-La Mancha;Mujeres;No;Tiempo Parcial;1;19/07/2026
2025;Zaragoza;Facultad;Escuela de Doctorado;Doctorado: PD Medicina y sanidad animal [RD 576/2023];Doctorado;Catalunya;Hombres;No;Tiempo Parcial;2;19/07/2026
2025;Zaragoza;Facultad;Escuela de Doctorado;Doctorado: PD Medicina y sanidad animal [RD 576/2023];Doctorado;Catalunya;Mujeres;No;Tiempo Completo;1;19/07/2026
2025;Zaragoza;Facultad;Escuela de Doctorado;Doctorado: PD Medicina y sanidad animal [RD 576/2023];Doctorado;Catalunya;Mujeres;No;Tiempo Parcial;1;19/07/2026
2025;Zaragoza;Facultad;Escuela de Doctorado;Doctorado: PD Medicina y sanidad animal [RD 576/2023];Doctorado;Comunidad Valenciana;Hombres;No;Tiempo Parcial;1;19/07/2026
2025;Zaragoza;Facultad;Escuela de Doctorado;Doctorado: PD Medicina y sanidad animal [RD 576/2023];Doctorado;Comunidad Valenciana;Mujeres;No;Tiempo Parcial;1;19/07/2026
2025;Zaragoza;Facultad;Escuela de Doctorado;Doctorado: PD Medicina y sanidad animal [RD 576/2023];Doctorado;Extremadura;Hombres;No;Tiempo Parcial;1;19/07/2026
2025;Zaragoza;Facultad;Escuela de Doctorado;Doctorado: PD Medicina y sanidad animal [RD 576/2023];Doctorado;Madrid;Mujeres;No;Tiempo Parcial;1;19/07/2026
2025;Zaragoza;Facultad;Escuela de Doctorado;Doctorado: PD Medicina y sanidad animal [RD 576/2023];Doctorado;Murcia;Hombres;No;Tiempo Parcial;1;19/07/2026
2025;Zaragoza;Facultad;Escuela de Doctorado;Doctorado: PD Medicina y sanidad animal [RD 576/2023];Doctorado;Navarra;Mujeres;No;Tiempo Completo;1;19/07/2026
2025;Zaragoza;Facultad;Escuela de Doctorado;Doctorado: PD Medicina y sanidad animal [RD 576/2023];Doctorado;Navarra;Mujeres;No;Tiempo Parcial;1;19/07/2026
2025;Zaragoza;Facultad;Escuela de Doctorado;Doctorado: PD Medicina y sanidad animal [RD 576/2023];Doctorado;No Informado;Hombres;No;Tiempo Parcial;1;19/07/2026
2025;Zaragoza;Facultad;Escuela de Doctorado;Doctorado: PD Medicina y sanidad animal [RD 576/2023];Doctorado;No Informado;Mujeres;No;Tiempo Completo;1;19/07/2026
2025;Zaragoza;Facultad;Escuela de Doctorado;Doctorado: PD Medicina y sanidad animal [RD 576/2023];Doctorado;Pais Vasco;Mujeres;No;Tiempo Completo;1;19/07/2026
2025;Zaragoza;Facultad;Escuela de Doctorado;Doctorado: PD Nuevos territorios en la arquitectura [RD 576/2023];Doctorado;Aragón;Hombres;No;Tiempo Completo;1;19/07/2026
2025;Zaragoza;Facultad;Escuela de Doctorado;Doctorado: PD Nuevos territorios en la arquitectura [RD 576/2023];Doctorado;Aragón;Hombres;No;Tiempo Parcial;8;19/07/2026
2025;Zaragoza;Facultad;Escuela de Doctorado;Doctorado: PD Nuevos territorios en la arquitectura [RD 576/2023];Doctorado;Aragón;Mujeres;No;Tiempo Completo;2;19/07/2026
2025;Zaragoza;Facultad;Escuela de Doctorado;Doctorado: PD Nuevos territorios en la arquitectura [RD 576/2023];Doctorado;Aragón;Mujeres;No;Tiempo Parcial;7;19/07/2026
2025;Zaragoza;Facultad;Escuela de Doctorado;Doctorado: PD Nuevos territorios en la arquitectura [RD 576/2023];Doctorado;Castilla-La Mancha;Mujeres;No;Tiempo Completo;1;19/07/2026
2025;Zaragoza;Facultad;Escuela de Doctorado;Doctorado: PD Nuevos territorios en la arquitectura [RD 576/2023];Doctorado;Catalunya;Hombres;No;Tiempo Parcial;2;19/07/2026
2025;Zaragoza;Facultad;Escuela de Doctorado;Doctorado: PD Nuevos territorios en la arquitectura [RD 576/2023];Doctorado;Madrid;Hombres;No;Tiempo Parcial;1;19/07/2026
2025;Zaragoza;Facultad;Escuela de Doctorado;Doctorado: PD Nuevos territorios en la arquitectura [RD 576/2023];Doctorado;Madrid;Mujeres;No;Tiempo Completo;1;19/07/2026
2025;Zaragoza;Facultad;Escuela de Doctorado;Doctorado: PD Nuevos territorios en la arquitectura [RD 576/2023];Doctorado;Navarra;Hombres;No;Tiempo Parcial;1;19/07/2026
2025;Zaragoza;Facultad;Escuela de Doctorado;Doctorado: PD Nuevos territorios en la arquitectura [RD 576/2023];Doctorado;No Informado;Hombres;No;Tiempo Parcial;1;19/07/2026
2025;Zaragoza;Facultad;Escuela de Doctorado;Doctorado: PD Nuevos territorios en la arquitectura [RD 576/2023];Doctorado;No Informado;Mujeres;No;Tiempo Completo;3;19/07/2026
2025;Zaragoza;Facultad;Escuela de Doctorado;Doctorado: PD Nuevos territorios en la arquitectura [RD 576/2023];Doctorado;No Informado;Mujeres;No;Tiempo Parcial;2;19/07/2026
2025;Zaragoza;Facultad;Escuela de Doctorado;Doctorado: PD Ordenación del territorio y medio ambiente [RD 576/2023];Doctorado;Andalucía;Hombres;No;Tiempo Parcial;1;19/07/2026
2025;Zaragoza;Facultad;Escuela de Doctorado;Doctorado: PD Ordenación del territorio y medio ambiente [RD 576/2023];Doctorado;Aragón;Hombres;No;Tiempo Completo;13;19/07/2026
2025;Zaragoza;Facultad;Escuela de Doctorado;Doctorado: PD Ordenación del territorio y medio ambiente [RD 576/2023];Doctorado;Aragón;Hombres;No;Tiempo Parcial;2;19/07/2026
2025;Zaragoza;Facultad;Escuela de Doctorado;Doctorado: PD Ordenación del territorio y medio ambiente [RD 576/2023];Doctorado;Aragón;Mujeres;No;Tiempo Completo;7;19/07/2026
2025;Zaragoza;Facultad;Escuela de Doctorado;Doctorado: PD Ordenación del territorio y medio ambiente [RD 576/2023];Doctorado;Aragón;Mujeres;No;Tiempo Parcial;5;19/07/2026
2025;Zaragoza;Facultad;Escuela de Doctorado;Doctorado: PD Ordenación del territorio y medio ambiente [RD 576/2023];Doctorado;Castilla-La Mancha;Hombres;No;Tiempo Completo;1;19/07/2026
2025;Zaragoza;Facultad;Escuela de Doctorado;Doctorado: PD Ordenación del territorio y medio ambiente [RD 576/2023];Doctorado;Catalunya;Hombres;No;Tiempo Completo;1;19/07/2026
2025;Zaragoza;Facultad;Escuela de Doctorado;Doctorado: PD Ordenación del territorio y medio ambiente [RD 576/2023];Doctorado;La Rioja;Hombres;No;Tiempo Parcial;1;19/07/2026
2025;Zaragoza;Facultad;Escuela de Doctorado;Doctorado: PD Ordenación del territorio y medio ambiente [RD 576/2023];Doctorado;Madrid;Mujeres;No;Tiempo Completo;1;19/07/2026
2025;Zaragoza;Facultad;Escuela de Doctorado;Doctorado: PD Ordenación del territorio y medio ambiente [RD 576/2023];Doctorado;No Informado;Hombres;No;Tiempo Completo;3;19/07/2026
2025;Zaragoza;Facultad;Escuela de Doctorado;Doctorado: PD Ordenación del territorio y medio ambiente [RD 576/2023];Doctorado;No Informado;Hombres;No;Tiempo Parcial;2;19/07/2026
2025;Zaragoza;Facultad;Escuela de Doctorado;Doctorado: PD Ordenación del territorio y medio ambiente [RD 576/2023];Doctorado;No Informado;Mujeres;No;Tiempo Completo;3;19/07/2026
2025;Zaragoza;Facultad;Escuela de Doctorado;Doctorado: PD Ordenación del territorio y medio ambiente [RD 576/2023];Doctorado;Pais Vasco;Mujeres;No;Tiempo Completo;1;19/07/2026
2025;Zaragoza;Facultad;Escuela de Doctorado;Doctorado: PD Patrimonio, Sociedades y Espacios de Frontera [RD 576/2023];Doctorado;Andalucía;Mujeres;No;Tiempo Completo;1;19/07/2026
2025;Zaragoza;Facultad;Escuela de Doctorado;Doctorado: PD Patrimonio, Sociedades y Espacios de Frontera [RD 576/2023];Doctorado;Aragón;Hombres;No;Tiempo Completo;5;19/07/2026
2025;Zaragoza;Facultad;Escuela de Doctorado;Doctorado: PD Patrimonio, Sociedades y Espacios de Frontera [RD 576/2023];Doctorado;Aragón;Hombres;No;Tiempo Parcial;3;19/07/2026
2025;Zaragoza;Facultad;Escuela de Doctorado;Doctorado: PD Patrimonio, Sociedades y Espacios de Frontera [RD 576/2023];Doctorado;Aragón;Mujeres;No;Tiempo Completo;4;19/07/2026
2025;Zaragoza;Facultad;Escuela de Doctorado;Doctorado: PD Patrimonio, Sociedades y Espacios de Frontera [RD 576/2023];Doctorado;Aragón;Mujeres;No;Tiempo Parcial;7;19/07/2026
2025;Zaragoza;Facultad;Escuela de Doctorado;Doctorado: PD Patrimonio, Sociedades y Espacios de Frontera [RD 576/2023];Doctorado;Castilla y Leon;Hombres;No;Tiempo Parcial;1;19/07/2026
2025;Zaragoza;Facultad;Escuela de Doctorado;Doctorado: PD Patrimonio, Sociedades y Espacios de Frontera [RD 576/2023];Doctorado;Catalunya;Hombres;No;Tiempo Parcial;1;19/07/2026
2025;Zaragoza;Facultad;Escuela de Doctorado;Doctorado: PD Patrimonio, Sociedades y Espacios de Frontera [RD 576/2023];Doctorado;Madrid;Hombres;No;Tiempo Parcial;1;19/07/2026
2025;Zaragoza;Facultad;Escuela de Doctorado;Doctorado: PD Patrimonio, Sociedades y Espacios de Frontera [RD 576/2023];Doctorado;Madrid;Mujeres;No;Tiempo Completo;2;19/07/2026
2025;Zaragoza;Facultad;Escuela de Doctorado;Doctorado: PD Patrimonio, Sociedades y Espacios de Frontera [RD 576/2023];Doctorado;Navarra;Mujeres;No;Tiempo Completo;1;19/07/2026
2025;Zaragoza;Facultad;Escuela de Doctorado;Doctorado: PD Patrimonio, Sociedades y Espacios de Frontera [RD 576/2023];Doctorado;No Informado;Hombres;No;Tiempo Completo;1;19/07/2026
2025;Zaragoza;Facultad;Escuela de Doctorado;Doctorado: PD Patrimonio, Sociedades y Espacios de Frontera [RD 576/2023];Doctorado;No Informado;Mujeres;No;Tiempo Completo;2;19/07/2026
2025;Zaragoza;Facultad;Escuela de Doctorado;Doctorado: PD Producción animal [RD 576/2023];Doctorado;Andalucía;Mujeres;No;Tiempo Completo;1;19/07/2026
2025;Zaragoza;Facultad;Escuela de Doctorado;Doctorado: PD Producción animal [RD 576/2023];Doctorado;Aragón;Hombres;No;Tiempo Completo;2;19/07/2026
2025;Zaragoza;Facultad;Escuela de Doctorado;Doctorado: PD Producción animal [RD 576/2023];Doctorado;Aragón;Hombres;No;Tiempo Parcial;2;19/07/2026
2025;Zaragoza;Facultad;Escuela de Doctorado;Doctorado: PD Producción animal [RD 576/2023];Doctorado;Aragón;Mujeres;No;Tiempo Completo;3;19/07/2026
2025;Zaragoza;Facultad;Escuela de Doctorado;Doctorado: PD Producción animal [RD 576/2023];Doctorado;Aragón;Mujeres;No;Tiempo Parcial;1;19/07/2026
2025;Zaragoza;Facultad;Escuela de Doctorado;Doctorado: PD Producción animal [RD 576/2023];Doctorado;Cantabria;Mujeres;No;Tiempo Completo;1;19/07/2026
2025;Zaragoza;Facultad;Escuela de Doctorado;Doctorado: PD Producción animal [RD 576/2023];Doctorado;Castilla-La Mancha;Hombres;No;Tiempo Completo;1;19/07/2026
2025;Zaragoza;Facultad;Escuela de Doctorado;Doctorado: PD Producción animal [RD 576/2023];Doctorado;Catalunya;Mujeres;No;Tiempo Parcial;1;19/07/2026
2025;Zaragoza;Facultad;Escuela de Doctorado;Doctorado: PD Producción animal [RD 576/2023];Doctorado;Comunidad Valenciana;Mujeres;No;Tiempo Completo;1;19/07/2026
2025;Zaragoza;Facultad;Escuela de Doctorado;Doctorado: PD Producción animal [RD 576/2023];Doctorado;Comunidad Valenciana;Mujeres;No;Tiempo Parcial;1;19/07/2026
2025;Zaragoza;Facultad;Escuela de Doctorado;Doctorado: PD Producción animal [RD 576/2023];Doctorado;Madrid;Hombres;No;Tiempo Completo;1;19/07/2026
2025;Zaragoza;Facultad;Escuela de Doctorado;Doctorado: PD Producción animal [RD 576/2023];Doctorado;Navarra;Hombres;No;Tiempo Parcial;1;19/07/2026
2025;Zaragoza;Facultad;Escuela de Doctorado;Doctorado: PD Producción animal [RD 576/2023];Doctorado;No Informado;Hombres;No;Tiempo Completo;1;19/07/2026
2025;Zaragoza;Facultad;Escuela de Doctorado;Doctorado: PD Producción animal [RD 576/2023];Doctorado;No Informado;Mujeres;No;Tiempo Completo;2;19/07/2026
2025;Zaragoza;Facultad;Escuela de Doctorado;Doctorado: PD Producción animal [RD 576/2023];Doctorado;No Informado;Mujeres;No;Tiempo Parcial;1;19/07/2026
2025;Zaragoza;Facultad;Escuela de Doctorado;Doctorado: PD Producción animal [RD 576/2023];Doctorado;Pais Vasco;Hombres;No;Tiempo Completo;1;19/07/2026
2025;Zaragoza;Facultad;Escuela de Doctorado;Doctorado: PD Producción animal [RD 576/2023];Doctorado;Pais Vasco;Mujeres;No;Tiempo Completo;1;19/07/2026
2025;Zaragoza;Facultad;Escuela de Doctorado;Doctorado: PD Producción animal [RD 576/2023];Doctorado;Pais Vasco;Mujeres;No;Tiempo Parcial;1;19/07/2026
2025;Zaragoza;Facultad;Escuela de Doctorado;Doctorado: PD Psicología [RD 576/2023];Doctorado;Andalucía;Mujeres;No;Tiempo Completo;1;19/07/2026
2025;Zaragoza;Facultad;Escuela de Doctorado;Doctorado: PD Psicología [RD 576/2023];Doctorado;Aragón;Hombres;No;Tiempo Completo;4;19/07/2026
2025;Zaragoza;Facultad;Escuela de Doctorado;Doctorado: PD Psicología [RD 576/2023];Doctorado;Aragón;Hombres;No;Tiempo Parcial;8;19/07/2026
2025;Zaragoza;Facultad;Escuela de Doctorado;Doctorado: PD Psicología [RD 576/2023];Doctorado;Aragón;Mujeres;No;Tiempo Completo;9;19/07/2026
2025;Zaragoza;Facultad;Escuela de Doctorado;Doctorado: PD Psicología [RD 576/2023];Doctorado;Aragón;Mujeres;No;Tiempo Parcial;23;19/07/2026
2025;Zaragoza;Facultad;Escuela de Doctorado;Doctorado: PD Psicología [RD 576/2023];Doctorado;Baleares;Hombres;No;Tiempo Completo;1;19/07/2026
2025;Zaragoza;Facultad;Escuela de Doctorado;Doctorado: PD Psicología [RD 576/2023];Doctorado;Canarias;Mujeres;No;Tiempo Parcial;1;19/07/2026
2025;Zaragoza;Facultad;Escuela de Doctorado;Doctorado: PD Psicología [RD 576/2023];Doctorado;Catalunya;Mujeres;No;Tiempo Completo;1;19/07/2026
2025;Zaragoza;Facultad;Escuela de Doctorado;Doctorado: PD Psicología [RD 576/2023];Doctorado;Catalunya;Mujeres;No;Tiempo Parcial;1;19/07/2026
2025;Zaragoza;Facultad;Escuela de Doctorado;Doctorado: PD Psicología [RD 576/2023];Doctorado;Comunidad Valenciana;Mujeres;No;Tiempo Completo;2;19/07/2026
2025;Zaragoza;Facultad;Escuela de Doctorado;Doctorado: PD Psicología [RD 576/2023];Doctorado;Comunidad Valenciana;Mujeres;No;Tiempo Parcial;3;19/07/2026
2025;Zaragoza;Facultad;Escuela de Doctorado;Doctorado: PD Psicología [RD 576/2023];Doctorado;Extremadura;Hombres;No;Tiempo Completo;1;19/07/2026
2025;Zaragoza;Facultad;Escuela de Doctorado;Doctorado: PD Psicología [RD 576/2023];Doctorado;Galicia;Mujeres;No;Tiempo Completo;1;19/07/2026
2025;Zaragoza;Facultad;Escuela de Doctorado;Doctorado: PD Psicología [RD 576/2023];Doctorado;La Rioja;Mujeres;No;Tiempo Completo;2;19/07/2026
2025;Zaragoza;Facultad;Escuela de Doctorado;Doctorado: PD Psicología [RD 576/2023];Doctorado;Madrid;Mujeres;No;Tiempo Completo;1;19/07/2026
2025;Zaragoza;Facultad;Escuela de Doctorado;Doctorado: PD Psicología [RD 576/2023];Doctorado;Madrid;Mujeres;No;Tiempo Parcial;2;19/07/2026
2025;Zaragoza;Facultad;Escuela de Doctorado;Doctorado: PD Psicología [RD 576/2023];Doctorado;Navarra;Mujeres;No;Tiempo Completo;1;19/07/2026
2025;Zaragoza;Facultad;Escuela de Doctorado;Doctorado: PD Psicología [RD 576/2023];Doctorado;Navarra;Mujeres;No;Tiempo Parcial;1;19/07/2026
2025;Zaragoza;Facultad;Escuela de Doctorado;Doctorado: PD Psicología [RD 576/2023];Doctorado;No Informado;Hombres;No;Tiempo Completo;2;19/07/2026
2025;Zaragoza;Facultad;Escuela de Doctorado;Doctorado: PD Psicología [RD 576/2023];Doctorado;No Informado;Hombres;No;Tiempo Parcial;2;19/07/2026
2025;Zaragoza;Facultad;Escuela de Doctorado;Doctorado: PD Psicología [RD 576/2023];Doctorado;No Informado;Mujeres;No;Tiempo Completo;1;19/07/2026
2025;Zaragoza;Facultad;Escuela de Doctorado;Doctorado: PD Psicología [RD 576/2023];Doctorado;No Informado;Mujeres;No;Tiempo Parcial;1;19/07/2026
2025;Zaragoza;Facultad;Escuela de Doctorado;Doctorado: PD Química física [RD 576/2023];Doctorado;Aragón;Hombres;No;Tiempo Completo;5;19/07/2026
2025;Zaragoza;Facultad;Escuela de Doctorado;Doctorado: PD Química física [RD 576/2023];Doctorado;Aragón;Mujeres;No;Tiempo Completo;4;19/07/2026
2025;Zaragoza;Facultad;Escuela de Doctorado;Doctorado: PD Química física [RD 576/2023];Doctorado;No Informado;Hombres;No;Tiempo Completo;3;19/07/2026
2025;Zaragoza;Facultad;Escuela de Doctorado;Doctorado: PD Química física [RD 576/2023];Doctorado;No Informado;Mujeres;No;Tiempo Completo;1;19/07/2026
2025;Zaragoza;Facultad;Escuela de Doctorado;Doctorado: PD Química inorgánica [RD 576/2023];Doctorado;Andalucía;Mujeres;No;Tiempo Completo;2;19/07/2026
2025;Zaragoza;Facultad;Escuela de Doctorado;Doctorado: PD Química inorgánica [RD 576/2023];Doctorado;Aragón;Desconocido;No;Tiempo Completo;1;19/07/2026
2025;Zaragoza;Facultad;Escuela de Doctorado;Doctorado: PD Química inorgánica [RD 576/2023];Doctorado;Aragón;Hombres;No;Tiempo Completo;16;19/07/2026
2025;Zaragoza;Facultad;Escuela de Doctorado;Doctorado: PD Química inorgánica [RD 576/2023];Doctorado;Aragón;Mujeres;No;Tiempo Completo;10;19/07/2026
2025;Zaragoza;Facultad;Escuela de Doctorado;Doctorado: PD Química inorgánica [RD 576/2023];Doctorado;Castilla-La Mancha;Mujeres;No;Tiempo Completo;2;19/07/2026
2025;Zaragoza;Facultad;Escuela de Doctorado;Doctorado: PD Química inorgánica [RD 576/2023];Doctorado;Murcia;Hombres;No;Tiempo Completo;1;19/07/2026
2025;Zaragoza;Facultad;Escuela de Doctorado;Doctorado: PD Química inorgánica [RD 576/2023];Doctorado;Navarra;Mujeres;No;Tiempo Completo;1;19/07/2026
2025;Zaragoza;Facultad;Escuela de Doctorado;Doctorado: PD Química inorgánica [RD 576/2023];Doctorado;No Informado;Hombres;No;Tiempo Completo;1;19/07/2026
2025;Zaragoza;Facultad;Escuela de Doctorado;Doctorado: PD Química inorgánica [RD 576/2023];Doctorado;Pais Vasco;Hombres;No;Tiempo Completo;2;19/07/2026
2025;Zaragoza;Facultad;Escuela de Doctorado;Doctorado: PD Química inorgánica [RD 576/2023];Doctorado;Pais Vasco;Mujeres;No;Tiempo Completo;1;19/07/2026
2025;Zaragoza;Facultad;Escuela de Doctorado;Doctorado: PD Química orgánica [RD 576/2023];Doctorado;Andalucía;Hombres;No;Tiempo Completo;1;19/07/2026
2025;Zaragoza;Facultad;Escuela de Doctorado;Doctorado: PD Química orgánica [RD 576/2023];Doctorado;Aragón;Hombres;No;Tiempo Completo;14;19/07/2026
2025;Zaragoza;Facultad;Escuela de Doctorado;Doctorado: PD Química orgánica [RD 576/2023];Doctorado;Aragón;Hombres;No;Tiempo Parcial;1;19/07/2026
2025;Zaragoza;Facultad;Escuela de Doctorado;Doctorado: PD Química orgánica [RD 576/2023];Doctorado;Aragón;Mujeres;No;Tiempo Completo;17;19/07/2026
2025;Zaragoza;Facultad;Escuela de Doctorado;Doctorado: PD Química orgánica [RD 576/2023];Doctorado;Castilla y Leon;Hombres;No;Tiempo Completo;1;19/07/2026
2025;Zaragoza;Facultad;Escuela de Doctorado;Doctorado: PD Química orgánica [RD 576/2023];Doctorado;Catalunya;Mujeres;No;Tiempo Completo;1;19/07/2026
2025;Zaragoza;Facultad;Escuela de Doctorado;Doctorado: PD Química orgánica [RD 576/2023];Doctorado;Comunidad Valenciana;Hombres;No;Tiempo Completo;1;19/07/2026
2025;Zaragoza;Facultad;Escuela de Doctorado;Doctorado: PD Química orgánica [RD 576/2023];Doctorado;No Informado;Hombres;No;Tiempo Completo;3;19/07/2026
2025;Zaragoza;Facultad;Escuela de Doctorado;Doctorado: PD Relaciones de género y estudios feministas [RD 576/2023];Doctorado;Andalucía;Mujeres;No;Tiempo Parcial;1;19/07/2026
2025;Zaragoza;Facultad;Escuela de Doctorado;Doctorado: PD Relaciones de género y estudios feministas [RD 576/2023];Doctorado;Aragón;Mujeres;No;Tiempo Completo;7;19/07/2026
2025;Zaragoza;Facultad;Escuela de Doctorado;Doctorado: PD Relaciones de género y estudios feministas [RD 576/2023];Doctorado;Aragón;Mujeres;No;Tiempo Parcial;4;19/07/2026
2025;Zaragoza;Facultad;Escuela de Doctorado;Doctorado: PD Relaciones de género y estudios feministas [RD 576/2023];Doctorado;Castilla-La Mancha;Hombres;No;Tiempo Completo;1;19/07/2026
2025;Zaragoza;Facultad;Escuela de Doctorado;Doctorado: PD Relaciones de género y estudios feministas [RD 576/2023];Doctorado;Castilla-La Mancha;Mujeres;No;Tiempo Completo;1;19/07/2026
2025;Zaragoza;Facultad;Escuela de Doctorado;Doctorado: PD Relaciones de género y estudios feministas [RD 576/2023];Doctorado;No Informado;Mujeres;No;Tiempo Parcial;1;19/07/2026
2025;Zaragoza;Facultad;Escuela de Doctorado;Doctorado: PD Relaciones de género y estudios feministas [RD 576/2023];Doctorado;Pais Vasco;Mujeres;No;Tiempo Parcial;1;19/07/2026
2025;Zaragoza;Facultad;Escuela de Doctorado;Doctorado: PD Sociología de las políticas públicas y sociales [RD 576/2023];Doctorado;Andalucía;Mujeres;No;Tiempo Parcial;1;19/07/2026
2025;Zaragoza;Facultad;Escuela de Doctorado;Doctorado: PD Sociología de las políticas públicas y sociales [RD 576/2023];Doctorado;Aragón;Hombres;No;Tiempo Completo;9;19/07/2026
2025;Zaragoza;Facultad;Escuela de Doctorado;Doctorado: PD Sociología de las políticas públicas y sociales [RD 576/2023];Doctorado;Aragón;Hombres;No;Tiempo Parcial;7;19/07/2026
2025;Zaragoza;Facultad;Escuela de Doctorado;Doctorado: PD Sociología de las políticas públicas y sociales [RD 576/2023];Doctorado;Aragón;Mujeres;No;Tiempo Completo;10;19/07/2026
2025;Zaragoza;Facultad;Escuela de Doctorado;Doctorado: PD Sociología de las políticas públicas y sociales [RD 576/2023];Doctorado;Aragón;Mujeres;No;Tiempo Parcial;9;19/07/2026
2025;Zaragoza;Facultad;Escuela de Doctorado;Doctorado: PD Sociología de las políticas públicas y sociales [RD 576/2023];Doctorado;Castilla y Leon;Hombres;No;Tiempo Completo;1;19/07/2026
2025;Zaragoza;Facultad;Escuela de Doctorado;Doctorado: PD Sociología de las políticas públicas y sociales [RD 576/2023];Doctorado;Catalunya;Hombres;No;Tiempo Parcial;1;19/07/2026
2025;Zaragoza;Facultad;Escuela de Doctorado;Doctorado: PD Sociología de las políticas públicas y sociales [RD 576/2023];Doctorado;Galicia;Hombres;No;Tiempo Parcial;1;19/07/2026
2025;Zaragoza;Facultad;Escuela de Doctorado;Doctorado: PD Sociología de las políticas públicas y sociales [RD 576/2023];Doctorado;Madrid;Hombres;No;Tiempo Completo;3;19/07/2026
2025;Zaragoza;Facultad;Escuela de Doctorado;Doctorado: PD Sociología de las políticas públicas y sociales [RD 576/2023];Doctorado;Madrid;Mujeres;No;Tiempo Completo;2;19/07/2026
2025;Zaragoza;Facultad;Escuela de Doctorado;Doctorado: PD Sociología de las políticas públicas y sociales [RD 576/2023];Doctorado;No Informado;Hombres;No;Tiempo Completo;3;19/07/2026
2025;Zaragoza;Facultad;Escuela de Doctorado;Doctorado: PD Sociología de las políticas públicas y sociales [RD 576/2023];Doctorado;No Informado;Hombres;No;Tiempo Parcial;2;19/07/2026
2025;Zaragoza;Facultad;Escuela de Doctorado;Doctorado: PD Sociología de las políticas públicas y sociales [RD 576/2023];Doctorado;No Informado;Mujeres;No;Tiempo Completo;2;19/07/2026
2025;Zaragoza;Facultad;Escuela de Doctorado;Doctorado: PD Sociología de las políticas públicas y sociales [RD 576/2023];Doctorado;No Informado;Mujeres;No;Tiempo Parcial;5;19/07/2026
2025;Zaragoza;Facultad;Escuela de Doctorado;Doctorado: PD Sociología de las políticas públicas y sociales [RD 576/2023];Doctorado;Pais Vasco;Mujeres;No;Tiempo Parcial;1;19/07/2026
2025;Zaragoza;Facultad;Escuela de Doctorado;Doctorado: PD Tecnologías de la información y comunicaciones en redes moviles [RD 576/2023];Doctorado;Aragón;Hombres;No;Tiempo Completo;4;19/07/2026
2025;Zaragoza;Facultad;Escuela de Doctorado;Doctorado: PD Tecnologías de la información y comunicaciones en redes moviles [RD 576/2023];Doctorado;Aragón;Hombres;No;Tiempo Parcial;1;19/07/2026
2025;Zaragoza;Facultad;Escuela de Doctorado;Doctorado: PD Tecnologías de la información y comunicaciones en redes moviles [RD 576/2023];Doctorado;Aragón;Mujeres;No;Tiempo Completo;2;19/07/2026
2025;Zaragoza;Facultad;Escuela de Doctorado;Doctorado: PD Tecnologías de la información y comunicaciones en redes moviles [RD 576/2023];Doctorado;Aragón;Mujeres;No;Tiempo Parcial;2;19/07/2026
2025;Zaragoza;Facultad;Escuela de Doctorado;Doctorado: PD Tecnologías de la información y comunicaciones en redes moviles [RD 576/2023];Doctorado;La Rioja;Hombres;No;Tiempo Completo;1;19/07/2026
2025;Zaragoza;Facultad;Escuela de Doctorado;Doctorado: PD Tecnologías de la información y comunicaciones en redes moviles [RD 576/2023];Doctorado;No Informado;Hombres;No;Tiempo Completo;1;19/07/2026
2025;Zaragoza;Facultad;Escuela de Doctorado;Doctorado: PD Tecnologías de la información y comunicaciones en redes moviles [RD 576/2023];Doctorado;No Informado;Hombres;No;Tiempo Parcial;3;19/07/2026
2025;Zaragoza;Facultad;Escuela de Doctorado;Doctorado: PD Tecnologías de la información y comunicaciones en redes moviles [RD 576/2023];Doctorado;Pais Vasco;Hombres;No;Tiempo Parcial;1;19/07/2026
2025;Zaragoza;Facultad;Escuela de Doctorado;Movilidad Doctorado;Movilidad de entrada;No Informado;Hombres;No;Tiempo Completo;3;19/07/2026
2025;Zaragoza;Facultad;Escuela de Doctorado;Movilidad Doctorado;Movilidad de entrada;No Informado;Mujeres;No;Tiempo Completo;3;19/07/2026
2025;Zaragoza;Facultad;Escuela de Doctorado;Movilidad Doctorado;Movilidad de entrada;Pais Vasco;Mujeres;No;Tiempo Completo;1;19/07/2026
2025;Zaragoza;Facultad;Escuela de Ingeniería y Arquitectura;Grado: Estudios en Arquitectura;Grado;Aragón;Hombres;No;Otra dedicación;11;19/07/2026
2025;Zaragoza;Facultad;Escuela de Ingeniería y Arquitectura;Grado: Estudios en Arquitectura;Grado;Aragón;Hombres;No;Tiempo Completo;104;19/07/2026
2025;Zaragoza;Facultad;Escuela de Ingeniería y Arquitectura;Grado: Estudios en Arquitectura;Grado;Aragón;Hombres;Sí;Tiempo Completo;11;19/07/2026
2025;Zaragoza;Facultad;Escuela de Ingeniería y Arquitectura;Grado: Estudios en Arquitectura;Grado;Aragón;Hombres;No;Tiempo Parcial;9;19/07/2026
2025;Zaragoza;Facultad;Escuela de Ingeniería y Arquitectura;Grado: Estudios en Arquitectura;Grado;Aragón;Mujeres;No;Otra dedicación;19;19/07/2026
2025;Zaragoza;Facultad;Escuela de Ingeniería y Arquitectura;Grado: Estudios en Arquitectura;Grado;Aragón;Mujeres;Sí;Otra dedicación;4;19/07/2026
2025;Zaragoza;Facultad;Escuela de Ingeniería y Arquitectura;Grado: Estudios en Arquitectura;Grado;Aragón;Mujeres;No;Tiempo Completo;176;19/07/2026
2025;Zaragoza;Facultad;Escuela de Ingeniería y Arquitectura;Grado: Estudios en Arquitectura;Grado;Aragón;Mujeres;Sí;Tiempo Completo;19;19/07/2026
2025;Zaragoza;Facultad;Escuela de Ingeniería y Arquitectura;Grado: Estudios en Arquitectura;Grado;Aragón;Mujeres;No;Tiempo Parcial;3;19/07/2026
2025;Zaragoza;Facultad;Escuela de Ingeniería y Arquitectura;Grado: Estudios en Arquitectura;Grado;Asturias;Hombres;No;Tiempo Completo;1;19/07/2026
2025;Zaragoza;Facultad;Escuela de Ingeniería y Arquitectura;Grado: Estudios en Arquitectura;Grado;Canarias;Mujeres;No;Tiempo Completo;2;19/07/2026
2025;Zaragoza;Facultad;Escuela de Ingeniería y Arquitectura;Grado: Estudios en Arquitectura;Grado;Castilla y Leon;Hombres;No;Tiempo Completo;4;19/07/2026
2025;Zaragoza;Facultad;Escuela de Ingeniería y Arquitectura;Grado: Estudios en Arquitectura;Grado;Castilla y Leon;Mujeres;No;Tiempo Completo;6;19/07/2026
2025;Zaragoza;Facultad;Escuela de Ingeniería y Arquitectura;Grado: Estudios en Arquitectura;Grado;Castilla-La Mancha;Hombres;No;Tiempo Completo;1;19/07/2026
2025;Zaragoza;Facultad;Escuela de Ingeniería y Arquitectura;Grado: Estudios en Arquitectura;Grado;Catalunya;Mujeres;No;Tiempo Completo;3;19/07/2026
2025;Zaragoza;Facultad;Escuela de Ingeniería y Arquitectura;Grado: Estudios en Arquitectura;Grado;Comunidad Valenciana;Mujeres;No;Tiempo Completo;1;19/07/2026
2025;Zaragoza;Facultad;Escuela de Ingeniería y Arquitectura;Grado: Estudios en Arquitectura;Grado;La Rioja;Hombres;No;Tiempo Completo;4;19/07/2026
2025;Zaragoza;Facultad;Escuela de Ingeniería y Arquitectura;Grado: Estudios en Arquitectura;Grado;La Rioja;Mujeres;No;Tiempo Completo;13;19/07/2026
2025;Zaragoza;Facultad;Escuela de Ingeniería y Arquitectura;Grado: Estudios en Arquitectura;Grado;La Rioja;Mujeres;Sí;Tiempo Completo;1;19/07/2026
2025;Zaragoza;Facultad;Escuela de Ingeniería y Arquitectura;Grado: Estudios en Arquitectura;Grado;Navarra;Hombres;No;Otra dedicación;2;19/07/2026
2025;Zaragoza;Facultad;Escuela de Ingeniería y Arquitectura;Grado: Estudios en Arquitectura;Grado;Navarra;Hombres;No;Tiempo Completo;5;19/07/2026
2025;Zaragoza;Facultad;Escuela de Ingeniería y Arquitectura;Grado: Estudios en Arquitectura;Grado;Navarra;Mujeres;No;Tiempo Completo;11;19/07/2026
2025;Zaragoza;Facultad;Escuela de Ingeniería y Arquitectura;Grado: Estudios en Arquitectura;Grado;Navarra;Mujeres;Sí;Tiempo Completo;1;19/07/2026
2025;Zaragoza;Facultad;Escuela de Ingeniería y Arquitectura;Grado: Estudios en Arquitectura;Grado;Pais Vasco;Mujeres;Sí;Tiempo Completo;1;19/07/2026
2025;Zaragoza;Facultad;Escuela de Ingeniería y Arquitectura;Grado: Ingeniería Biomédica;Grado;Andalucía;Mujeres;No;Tiempo Completo;1;19/07/2026
2025;Zaragoza;Facultad;Escuela de Ingeniería y Arquitectura;Grado: Ingeniería Biomédica;Grado;Aragón;Hombres;No;Tiempo Completo;40;19/07/2026
2025;Zaragoza;Facultad;Escuela de Ingeniería y Arquitectura;Grado: Ingeniería Biomédica;Grado;Aragón;Hombres;No;Tiempo Parcial;1;19/07/2026
2025;Zaragoza;Facultad;Escuela de Ingeniería y Arquitectura;Grado: Ingeniería Biomédica;Grado;Aragón;Mujeres;No;Tiempo Completo;63;19/07/2026
2025;Zaragoza;Facultad;Escuela de Ingeniería y Arquitectura;Grado: Ingeniería Biomédica;Grado;Asturias;Hombres;No;Tiempo Completo;1;19/07/2026
2025;Zaragoza;Facultad;Escuela de Ingeniería y Arquitectura;Grado: Ingeniería Biomédica;Grado;Canarias;Mujeres;No;Tiempo Completo;1;19/07/2026
2025;Zaragoza;Facultad;Escuela de Ingeniería y Arquitectura;Grado: Ingeniería Biomédica;Grado;Castilla y Leon;Hombres;No;Tiempo Completo;2;19/07/2026
2025;Zaragoza;Facultad;Escuela de Ingeniería y Arquitectura;Grado: Ingeniería Biomédica;Grado;Castilla y Leon;Mujeres;No;Tiempo Completo;2;19/07/2026
2025;Zaragoza;Facultad;Escuela de Ingeniería y Arquitectura;Grado: Ingeniería Biomédica;Grado;Castilla-La Mancha;Mujeres;No;Tiempo Completo;1;19/07/2026
2025;Zaragoza;Facultad;Escuela de Ingeniería y Arquitectura;Grado: Ingeniería Biomédica;Grado;Catalunya;Mujeres;No;Tiempo Completo;1;19/07/2026
2025;Zaragoza;Facultad;Escuela de Ingeniería y Arquitectura;Grado: Ingeniería Biomédica;Grado;Comunidad Valenciana;Hombres;No;Tiempo Completo;1;19/07/2026
2025;Zaragoza;Facultad;Escuela de Ingeniería y Arquitectura;Grado: Ingeniería Biomédica;Grado;La Rioja;Hombres;No;Tiempo Completo;1;19/07/2026
2025;Zaragoza;Facultad;Escuela de Ingeniería y Arquitectura;Grado: Ingeniería Biomédica;Grado;La Rioja;Mujeres;No;Tiempo Completo;1;19/07/2026
2025;Zaragoza;Facultad;Escuela de Ingeniería y Arquitectura;Grado: Ingeniería Biomédica;Grado;Navarra;Hombres;No;Tiempo Completo;1;19/07/2026
2025;Zaragoza;Facultad;Escuela de Ingeniería y Arquitectura;Grado: Ingeniería Biomédica;Grado;Navarra;Mujeres;No;Tiempo Completo;1;19/07/2026
2025;Zaragoza;Facultad;Escuela de Ingeniería y Arquitectura;Grado: Ingeniería Biomédica;Grado;Pais Vasco;Mujeres;No;Tiempo Completo;1;19/07/2026
2025;Zaragoza;Facultad;Escuela de Ingeniería y Arquitectura;Grado: Ingeniería de Tecnologías de Telecomunicación;Grado;Aragón;Hombres;No;Otra dedicación;3;19/07/2026
2025;Zaragoza;Facultad;Escuela de Ingeniería y Arquitectura;Grado: Ingeniería de Tecnologías de Telecomunicación;Grado;Aragón;Hombres;No;Tiempo Completo;215;19/07/2026
2025;Zaragoza;Facultad;Escuela de Ingeniería y Arquitectura;Grado: Ingeniería de Tecnologías de Telecomunicación;Grado;Aragón;Hombres;Sí;Tiempo Completo;8;19/07/2026
2025;Zaragoza;Facultad;Escuela de Ingeniería y Arquitectura;Grado: Ingeniería de Tecnologías de Telecomunicación;Grado;Aragón;Hombres;No;Tiempo Parcial;8;19/07/2026
2025;Zaragoza;Facultad;Escuela de Ingeniería y Arquitectura;Grado: Ingeniería de Tecnologías de Telecomunicación;Grado;Aragón;Mujeres;No;Otra dedicación;1;19/07/2026
2025;Zaragoza;Facultad;Escuela de Ingeniería y Arquitectura;Grado: Ingeniería de Tecnologías de Telecomunicación;Grado;Aragón;Mujeres;Sí;Otra dedicación;1;19/07/2026
2025;Zaragoza;Facultad;Escuela de Ingeniería y Arquitectura;Grado: Ingeniería de Tecnologías de Telecomunicación;Grado;Aragón;Mujeres;No;Tiempo Completo;57;19/07/2026
2025;Zaragoza;Facultad;Escuela de Ingeniería y Arquitectura;Grado: Ingeniería de Tecnologías de Telecomunicación;Grado;Aragón;Mujeres;Sí;Tiempo Completo;1;19/07/2026
2025;Zaragoza;Facultad;Escuela de Ingeniería y Arquitectura;Grado: Ingeniería de Tecnologías de Telecomunicación;Grado;Aragón;Mujeres;No;Tiempo Parcial;3;19/07/2026
2025;Zaragoza;Facultad;Escuela de Ingeniería y Arquitectura;Grado: Ingeniería de Tecnologías de Telecomunicación;Grado;Castilla y Leon;Hombres;No;Tiempo Completo;6;19/07/2026
2025;Zaragoza;Facultad;Escuela de Ingeniería y Arquitectura;Grado: Ingeniería de Tecnologías de Telecomunicación;Grado;Castilla y Leon;Mujeres;No;Tiempo Completo;1;19/07/2026
2025;Zaragoza;Facultad;Escuela de Ingeniería y Arquitectura;Grado: Ingeniería de Tecnologías de Telecomunicación;Grado;Castilla y Leon;Mujeres;No;Tiempo Parcial;1;19/07/2026
2025;Zaragoza;Facultad;Escuela de Ingeniería y Arquitectura;Grado: Ingeniería de Tecnologías de Telecomunicación;Grado;Castilla-La Mancha;Mujeres;No;Tiempo Completo;1;19/07/2026
2025;Zaragoza;Facultad;Escuela de Ingeniería y Arquitectura;Grado: Ingeniería de Tecnologías de Telecomunicación;Grado;La Rioja;Hombres;No;Tiempo Completo;3;19/07/2026
2025;Zaragoza;Facultad;Escuela de Ingeniería y Arquitectura;Grado: Ingeniería de Tecnologías de Telecomunicación;Grado;La Rioja;Mujeres;No;Tiempo Completo;3;19/07/2026
2025;Zaragoza;Facultad;Escuela de Ingeniería y Arquitectura;Grado: Ingeniería de Tecnologías de Telecomunicación;Grado;Navarra;Hombres;No;Tiempo Completo;5;19/07/2026
2025;Zaragoza;Facultad;Escuela de Ingeniería y Arquitectura;Grado: Ingeniería de Tecnologías de Telecomunicación;Grado;Navarra;Mujeres;No;Tiempo Completo;1;19/07/2026
2025;Zaragoza;Facultad;Escuela de Ingeniería y Arquitectura;Grado: Ingeniería de Tecnologías de Telecomunicación;Grado;No Informado;Hombres;No;Tiempo Completo;2;19/07/2026
2025;Zaragoza;Facultad;Escuela de Ingeniería y Arquitectura;Grado: Ingeniería de Tecnologías de Telecomunicación;Grado;Pais Vasco;Hombres;No;Tiempo Completo;1;19/07/2026
2025;Zaragoza;Facultad;Escuela de Ingeniería y Arquitectura;Grado: Ingeniería de Tecnologías Industriales;Grado;Andalucía;Hombres;No;Tiempo Completo;1;19/07/2026
2025;Zaragoza;Facultad;Escuela de Ingeniería y Arquitectura;Grado: Ingeniería de Tecnologías Industriales;Grado;Aragón;Hombres;No;Otra dedicación;87;19/07/2026
2025;Zaragoza;Facultad;Escuela de Ingeniería y Arquitectura;Grado: Ingeniería de Tecnologías Industriales;Grado;Aragón;Hombres;Sí;Otra dedicación;17;19/07/2026
2025;Zaragoza;Facultad;Escuela de Ingeniería y Arquitectura;Grado: Ingeniería de Tecnologías Industriales;Grado;Aragón;Hombres;No;Tiempo Completo;389;19/07/2026
2025;Zaragoza;Facultad;Escuela de Ingeniería y Arquitectura;Grado: Ingeniería de Tecnologías Industriales;Grado;Aragón;Hombres;Sí;Tiempo Completo;26;19/07/2026
2025;Zaragoza;Facultad;Escuela de Ingeniería y Arquitectura;Grado: Ingeniería de Tecnologías Industriales;Grado;Aragón;Hombres;No;Tiempo Parcial;4;19/07/2026
2025;Zaragoza;Facultad;Escuela de Ingeniería y Arquitectura;Grado: Ingeniería de Tecnologías Industriales;Grado;Aragón;Hombres;Sí;Tiempo Parcial;1;19/07/2026
2025;Zaragoza;Facultad;Escuela de Ingeniería y Arquitectura;Grado: Ingeniería de Tecnologías Industriales;Grado;Aragón;Mujeres;No;Otra dedicación;22;19/07/2026
2025;Zaragoza;Facultad;Escuela de Ingeniería y Arquitectura;Grado: Ingeniería de Tecnologías Industriales;Grado;Aragón;Mujeres;Sí;Otra dedicación;6;19/07/2026
2025;Zaragoza;Facultad;Escuela de Ingeniería y Arquitectura;Grado: Ingeniería de Tecnologías Industriales;Grado;Aragón;Mujeres;No;Tiempo Completo;134;19/07/2026
2025;Zaragoza;Facultad;Escuela de Ingeniería y Arquitectura;Grado: Ingeniería de Tecnologías Industriales;Grado;Aragón;Mujeres;Sí;Tiempo Completo;20;19/07/2026
2025;Zaragoza;Facultad;Escuela de Ingeniería y Arquitectura;Grado: Ingeniería de Tecnologías Industriales;Grado;Aragón;Mujeres;No;Tiempo Parcial;1;19/07/2026
2025;Zaragoza;Facultad;Escuela de Ingeniería y Arquitectura;Grado: Ingeniería de Tecnologías Industriales;Grado;Aragón;Mujeres;Sí;Tiempo Parcial;1;19/07/2026
2025;Zaragoza;Facultad;Escuela de Ingeniería y Arquitectura;Grado: Ingeniería de Tecnologías Industriales;Grado;Baleares;Hombres;No;Otra dedicación;1;19/07/2026
2025;Zaragoza;Facultad;Escuela de Ingeniería y Arquitectura;Grado: Ingeniería de Tecnologías Industriales;Grado;Baleares;Hombres;No;Tiempo Completo;1;19/07/2026
2025;Zaragoza;Facultad;Escuela de Ingeniería y Arquitectura;Grado: Ingeniería de Tecnologías Industriales;Grado;Cantabria;Hombres;No;Tiempo Completo;1;19/07/2026
2025;Zaragoza;Facultad;Escuela de Ingeniería y Arquitectura;Grado: Ingeniería de Tecnologías Industriales;Grado;Castilla y Leon;Hombres;No;Otra dedicación;3;19/07/2026
2025;Zaragoza;Facultad;Escuela de Ingeniería y Arquitectura;Grado: Ingeniería de Tecnologías Industriales;Grado;Castilla y Leon;Hombres;No;Tiempo Completo;6;19/07/2026
2025;Zaragoza;Facultad;Escuela de Ingeniería y Arquitectura;Grado: Ingeniería de Tecnologías Industriales;Grado;Castilla y Leon;Mujeres;No;Otra dedicación;2;19/07/2026
2025;Zaragoza;Facultad;Escuela de Ingeniería y Arquitectura;Grado: Ingeniería de Tecnologías Industriales;Grado;Castilla y Leon;Mujeres;No;Tiempo Completo;5;19/07/2026
2025;Zaragoza;Facultad;Escuela de Ingeniería y Arquitectura;Grado: Ingeniería de Tecnologías Industriales;Grado;Castilla y Leon;Mujeres;Sí;Tiempo Completo;1;19/07/2026
2025;Zaragoza;Facultad;Escuela de Ingeniería y Arquitectura;Grado: Ingeniería de Tecnologías Industriales;Grado;Castilla-La Mancha;Hombres;No;Tiempo Completo;1;19/07/2026
2025;Zaragoza;Facultad;Escuela de Ingeniería y Arquitectura;Grado: Ingeniería de Tecnologías Industriales;Grado;Castilla-La Mancha;Mujeres;No;Tiempo Completo;2;19/07/2026
2025;Zaragoza;Facultad;Escuela de Ingeniería y Arquitectura;Grado: Ingeniería de Tecnologías Industriales;Grado;Catalunya;Hombres;Sí;Otra dedicación;1;19/07/2026
2025;Zaragoza;Facultad;Escuela de Ingeniería y Arquitectura;Grado: Ingeniería de Tecnologías Industriales;Grado;Catalunya;Hombres;No;Tiempo Completo;1;19/07/2026
2025;Zaragoza;Facultad;Escuela de Ingeniería y Arquitectura;Grado: Ingeniería de Tecnologías Industriales;Grado;Comunidad Valenciana;Hombres;No;Tiempo Completo;1;19/07/2026
2025;Zaragoza;Facultad;Escuela de Ingeniería y Arquitectura;Grado: Ingeniería de Tecnologías Industriales;Grado;Comunidad Valenciana;Hombres;No;Tiempo Parcial;1;19/07/2026
2025;Zaragoza;Facultad;Escuela de Ingeniería y Arquitectura;Grado: Ingeniería de Tecnologías Industriales;Grado;La Rioja;Hombres;No;Otra dedicación;3;19/07/2026
2025;Zaragoza;Facultad;Escuela de Ingeniería y Arquitectura;Grado: Ingeniería de Tecnologías Industriales;Grado;La Rioja;Hombres;No;Tiempo Completo;8;19/07/2026
2025;Zaragoza;Facultad;Escuela de Ingeniería y Arquitectura;Grado: Ingeniería de Tecnologías Industriales;Grado;La Rioja;Mujeres;No;Otra dedicación;1;19/07/2026
2025;Zaragoza;Facultad;Escuela de Ingeniería y Arquitectura;Grado: Ingeniería de Tecnologías Industriales;Grado;La Rioja;Mujeres;No;Tiempo Completo;4;19/07/2026
2025;Zaragoza;Facultad;Escuela de Ingeniería y Arquitectura;Grado: Ingeniería de Tecnologías Industriales;Grado;Madrid;Hombres;No;Tiempo Completo;1;19/07/2026
2025;Zaragoza;Facultad;Escuela de Ingeniería y Arquitectura;Grado: Ingeniería de Tecnologías Industriales;Grado;Madrid;Mujeres;No;Otra dedicación;1;19/07/2026
2025;Zaragoza;Facultad;Escuela de Ingeniería y Arquitectura;Grado: Ingeniería de Tecnologías Industriales;Grado;Madrid;Mujeres;No;Tiempo Completo;1;19/07/2026
2025;Zaragoza;Facultad;Escuela de Ingeniería y Arquitectura;Grado: Ingeniería de Tecnologías Industriales;Grado;Navarra;Hombres;No;Otra dedicación;2;19/07/2026
2025;Zaragoza;Facultad;Escuela de Ingeniería y Arquitectura;Grado: Ingeniería de Tecnologías Industriales;Grado;Navarra;Hombres;No;Tiempo Completo;4;19/07/2026
2025;Zaragoza;Facultad;Escuela de Ingeniería y Arquitectura;Grado: Ingeniería de Tecnologías Industriales;Grado;Navarra;Mujeres;No;Otra dedicación;2;19/07/2026
2025;Zaragoza;Facultad;Escuela de Ingeniería y Arquitectura;Grado: Ingeniería de Tecnologías Industriales;Grado;Navarra;Mujeres;No;Tiempo Completo;1;19/07/2026
2025;Zaragoza;Facultad;Escuela de Ingeniería y Arquitectura;Grado: Ingeniería Electrónica y Automática;Grado;Andalucía;Hombres;No;Tiempo Completo;1;19/07/2026
2025;Zaragoza;Facultad;Escuela de Ingeniería y Arquitectura;Grado: Ingeniería Electrónica y Automática;Grado;Aragón;Hombres;No;Otra dedicación;23;19/07/2026
2025;Zaragoza;Facultad;Escuela de Ingeniería y Arquitectura;Grado: Ingeniería Electrónica y Automática;Grado;Aragón;Hombres;Sí;Otra dedicación;2;19/07/2026
2025;Zaragoza;Facultad;Escuela de Ingeniería y Arquitectura;Grado: Ingeniería Electrónica y Automática;Grado;Aragón;Hombres;No;Tiempo Completo;221;19/07/2026
2025;Zaragoza;Facultad;Escuela de Ingeniería y Arquitectura;Grado: Ingeniería Electrónica y Automática;Grado;Aragón;Hombres;Sí;Tiempo Completo;3;19/07/2026
2025;Zaragoza;Facultad;Escuela de Ingeniería y Arquitectura;Grado: Ingeniería Electrónica y Automática;Grado;Aragón;Hombres;No;Tiempo Parcial;17;19/07/2026
2025;Zaragoza;Facultad;Escuela de Ingeniería y Arquitectura;Grado: Ingeniería Electrónica y Automática;Grado;Aragón;Mujeres;No;Otra dedicación;5;19/07/2026
2025;Zaragoza;Facultad;Escuela de Ingeniería y Arquitectura;Grado: Ingeniería Electrónica y Automática;Grado;Aragón;Mujeres;No;Tiempo Completo;38;19/07/2026
2025;Zaragoza;Facultad;Escuela de Ingeniería y Arquitectura;Grado: Ingeniería Electrónica y Automática;Grado;Aragón;Mujeres;Sí;Tiempo Completo;3;19/07/2026
2025;Zaragoza;Facultad;Escuela de Ingeniería y Arquitectura;Grado: Ingeniería Electrónica y Automática;Grado;Aragón;Mujeres;No;Tiempo Parcial;5;19/07/2026
2025;Zaragoza;Facultad;Escuela de Ingeniería y Arquitectura;Grado: Ingeniería Electrónica y Automática;Grado;Canarias;Mujeres;No;Tiempo Completo;1;19/07/2026
2025;Zaragoza;Facultad;Escuela de Ingeniería y Arquitectura;Grado: Ingeniería Electrónica y Automática;Grado;Castilla y Leon;Hombres;No;Tiempo Completo;4;19/07/2026
2025;Zaragoza;Facultad;Escuela de Ingeniería y Arquitectura;Grado: Ingeniería Electrónica y Automática;Grado;Castilla y Leon;Mujeres;No;Tiempo Completo;1;19/07/2026
2025;Zaragoza;Facultad;Escuela de Ingeniería y Arquitectura;Grado: Ingeniería Electrónica y Automática;Grado;Castilla-La Mancha;Hombres;No;Tiempo Completo;2;19/07/2026
2025;Zaragoza;Facultad;Escuela de Ingeniería y Arquitectura;Grado: Ingeniería Electrónica y Automática;Grado;La Rioja;Hombres;No;Tiempo Completo;5;19/07/2026
2025;Zaragoza;Facultad;Escuela de Ingeniería y Arquitectura;Grado: Ingeniería Electrónica y Automática;Grado;La Rioja;Mujeres;No;Tiempo Completo;2;19/07/2026
2025;Zaragoza;Facultad;Escuela de Ingeniería y Arquitectura;Grado: Ingeniería Electrónica y Automática;Grado;Madrid;Hombres;No;Tiempo Completo;2;19/07/2026
2025;Zaragoza;Facultad;Escuela de Ingeniería y Arquitectura;Grado: Ingeniería Electrónica y Automática;Grado;Madrid;Hombres;No;Tiempo Parcial;1;19/07/2026
2025;Zaragoza;Facultad;Escuela de Ingeniería y Arquitectura;Grado: Ingeniería Electrónica y Automática;Grado;Murcia;Hombres;Sí;Tiempo Completo;1;19/07/2026
2025;Zaragoza;Facultad;Escuela de Ingeniería y Arquitectura;Grado: Ingeniería Electrónica y Automática;Grado;Navarra;Hombres;No;Tiempo Completo;5;19/07/2026
2025;Zaragoza;Facultad;Escuela de Ingeniería y Arquitectura;Grado: Ingeniería Electrónica y Automática;Grado;Navarra;Mujeres;No;Otra dedicación;1;19/07/2026
2025;Zaragoza;Facultad;Escuela de Ingeniería y Arquitectura;Grado: Ingeniería Electrónica y Automática;Grado;No Informado;Hombres;No;Tiempo Completo;2;19/07/2026
2025;Zaragoza;Facultad;Escuela de Ingeniería y Arquitectura;Grado: Ingeniería Eléctrica;Grado;Aragón;Hombres;No;Otra dedicación;32;19/07/2026
2025;Zaragoza;Facultad;Escuela de Ingeniería y Arquitectura;Grado: Ingeniería Eléctrica;Grado;Aragón;Hombres;Sí;Otra dedicación;3;19/07/2026
2025;Zaragoza;Facultad;Escuela de Ingeniería y Arquitectura;Grado: Ingeniería Eléctrica;Grado;Aragón;Hombres;No;Tiempo Completo;126;19/07/2026
2025;Zaragoza;Facultad;Escuela de Ingeniería y Arquitectura;Grado: Ingeniería Eléctrica;Grado;Aragón;Hombres;Sí;Tiempo Completo;2;19/07/2026
2025;Zaragoza;Facultad;Escuela de Ingeniería y Arquitectura;Grado: Ingeniería Eléctrica;Grado;Aragón;Hombres;No;Tiempo Parcial;13;19/07/2026
2025;Zaragoza;Facultad;Escuela de Ingeniería y Arquitectura;Grado: Ingeniería Eléctrica;Grado;Aragón;Mujeres;No;Otra dedicación;10;19/07/2026
2025;Zaragoza;Facultad;Escuela de Ingeniería y Arquitectura;Grado: Ingeniería Eléctrica;Grado;Aragón;Mujeres;No;Tiempo Completo;33;19/07/2026
2025;Zaragoza;Facultad;Escuela de Ingeniería y Arquitectura;Grado: Ingeniería Eléctrica;Grado;Aragón;Mujeres;Sí;Tiempo Completo;1;19/07/2026
2025;Zaragoza;Facultad;Escuela de Ingeniería y Arquitectura;Grado: Ingeniería Eléctrica;Grado;Aragón;Mujeres;No;Tiempo Parcial;2;19/07/2026
2025;Zaragoza;Facultad;Escuela de Ingeniería y Arquitectura;Grado: Ingeniería Eléctrica;Grado;Baleares;Hombres;No;Tiempo Completo;1;19/07/2026
2025;Zaragoza;Facultad;Escuela de Ingeniería y Arquitectura;Grado: Ingeniería Eléctrica;Grado;Baleares;Mujeres;No;Tiempo Completo;1;19/07/2026
2025;Zaragoza;Facultad;Escuela de Ingeniería y Arquitectura;Grado: Ingeniería Eléctrica;Grado;Castilla y Leon;Hombres;No;Tiempo Completo;3;19/07/2026
2025;Zaragoza;Facultad;Escuela de Ingeniería y Arquitectura;Grado: Ingeniería Eléctrica;Grado;Castilla y Leon;Mujeres;Sí;Tiempo Completo;1;19/07/2026
2025;Zaragoza;Facultad;Escuela de Ingeniería y Arquitectura;Grado: Ingeniería Eléctrica;Grado;Castilla-La Mancha;Hombres;No;Tiempo Completo;1;19/07/2026
2025;Zaragoza;Facultad;Escuela de Ingeniería y Arquitectura;Grado: Ingeniería Eléctrica;Grado;Castilla-La Mancha;Mujeres;No;Tiempo Completo;1;19/07/2026
2025;Zaragoza;Facultad;Escuela de Ingeniería y Arquitectura;Grado: Ingeniería Eléctrica;Grado;Catalunya;Hombres;No;Tiempo Completo;1;19/07/2026
2025;Zaragoza;Facultad;Escuela de Ingeniería y Arquitectura;Grado: Ingeniería Eléctrica;Grado;Catalunya;Mujeres;No;Tiempo Completo;1;19/07/2026
2025;Zaragoza;Facultad;Escuela de Ingeniería y Arquitectura;Grado: Ingeniería Eléctrica;Grado;Comunidad Valenciana;Mujeres;No;Tiempo Completo;1;19/07/2026
2025;Zaragoza;Facultad;Escuela de Ingeniería y Arquitectura;Grado: Ingeniería Eléctrica;Grado;La Rioja;Hombres;No;Otra dedicación;2;19/07/2026
2025;Zaragoza;Facultad;Escuela de Ingeniería y Arquitectura;Grado: Ingeniería Eléctrica;Grado;La Rioja;Hombres;No;Tiempo Completo;4;19/07/2026
2025;Zaragoza;Facultad;Escuela de Ingeniería y Arquitectura;Grado: Ingeniería Eléctrica;Grado;La Rioja;Mujeres;No;Tiempo Completo;1;19/07/2026
2025;Zaragoza;Facultad;Escuela de Ingeniería y Arquitectura;Grado: Ingeniería Eléctrica;Grado;Madrid;Hombres;No;Tiempo Completo;1;19/07/2026
2025;Zaragoza;Facultad;Escuela de Ingeniería y Arquitectura;Grado: Ingeniería Eléctrica;Grado;Madrid;Mujeres;No;Tiempo Completo;1;19/07/2026
2025;Zaragoza;Facultad;Escuela de Ingeniería y Arquitectura;Grado: Ingeniería Eléctrica;Grado;Navarra;Hombres;Sí;Otra dedicación;1;19/07/2026
2025;Zaragoza;Facultad;Escuela de Ingeniería y Arquitectura;Grado: Ingeniería Eléctrica;Grado;Navarra;Hombres;No;Tiempo Completo;4;19/07/2026
2025;Zaragoza;Facultad;Escuela de Ingeniería y Arquitectura;Grado: Ingeniería Eléctrica;Grado;Navarra;Mujeres;No;Otra dedicación;1;19/07/2026
2025;Zaragoza;Facultad;Escuela de Ingeniería y Arquitectura;Grado: Ingeniería Eléctrica;Grado;Navarra;Mujeres;Sí;Tiempo Completo;1;19/07/2026
2025;Zaragoza;Facultad;Escuela de Ingeniería y Arquitectura;Grado: Ingeniería Eléctrica;Grado;No Informado;Mujeres;No;Tiempo Completo;1;19/07/2026
2025;Zaragoza;Facultad;Escuela de Ingeniería y Arquitectura;Grado: Ingeniería en Diseño Industrial y Desarrollo de Producto;Grado;Aragón;Hombres;No;Otra dedicación;13;19/07/2026
2025;Zaragoza;Facultad;Escuela de Ingeniería y Arquitectura;Grado: Ingeniería en Diseño Industrial y Desarrollo de Producto;Grado;Aragón;Hombres;Sí;Otra dedicación;1;19/07/2026
2025;Zaragoza;Facultad;Escuela de Ingeniería y Arquitectura;Grado: Ingeniería en Diseño Industrial y Desarrollo de Producto;Grado;Aragón;Hombres;No;Tiempo Completo;74;19/07/2026
2025;Zaragoza;Facultad;Escuela de Ingeniería y Arquitectura;Grado: Ingeniería en Diseño Industrial y Desarrollo de Producto;Grado;Aragón;Hombres;Sí;Tiempo Completo;12;19/07/2026
2025;Zaragoza;Facultad;Escuela de Ingeniería y Arquitectura;Grado: Ingeniería en Diseño Industrial y Desarrollo de Producto;Grado;Aragón;Mujeres;No;Otra dedicación;18;19/07/2026
2025;Zaragoza;Facultad;Escuela de Ingeniería y Arquitectura;Grado: Ingeniería en Diseño Industrial y Desarrollo de Producto;Grado;Aragón;Mujeres;No;Tiempo Completo;147;19/07/2026
2025;Zaragoza;Facultad;Escuela de Ingeniería y Arquitectura;Grado: Ingeniería en Diseño Industrial y Desarrollo de Producto;Grado;Aragón;Mujeres;Sí;Tiempo Completo;17;19/07/2026
2025;Zaragoza;Facultad;Escuela de Ingeniería y Arquitectura;Grado: Ingeniería en Diseño Industrial y Desarrollo de Producto;Grado;Asturias;Mujeres;No;Tiempo Completo;1;19/07/2026
2025;Zaragoza;Facultad;Escuela de Ingeniería y Arquitectura;Grado: Ingeniería en Diseño Industrial y Desarrollo de Producto;Grado;Baleares;Mujeres;No;Tiempo Completo;1;19/07/2026
2025;Zaragoza;Facultad;Escuela de Ingeniería y Arquitectura;Grado: Ingeniería en Diseño Industrial y Desarrollo de Producto;Grado;Castilla y Leon;Hombres;No;Otra dedicación;1;19/07/2026
2025;Zaragoza;Facultad;Escuela de Ingeniería y Arquitectura;Grado: Ingeniería en Diseño Industrial y Desarrollo de Producto;Grado;Castilla y Leon;Hombres;No;Tiempo Completo;2;19/07/2026
2025;Zaragoza;Facultad;Escuela de Ingeniería y Arquitectura;Grado: Ingeniería en Diseño Industrial y Desarrollo de Producto;Grado;Castilla y Leon;Mujeres;No;Tiempo Completo;7;19/07/2026
2025;Zaragoza;Facultad;Escuela de Ingeniería y Arquitectura;Grado: Ingeniería en Diseño Industrial y Desarrollo de Producto;Grado;Castilla y Leon;Mujeres;Sí;Tiempo Completo;1;19/07/2026
2025;Zaragoza;Facultad;Escuela de Ingeniería y Arquitectura;Grado: Ingeniería en Diseño Industrial y Desarrollo de Producto;Grado;Castilla-La Mancha;Mujeres;No;Tiempo Completo;2;19/07/2026
2025;Zaragoza;Facultad;Escuela de Ingeniería y Arquitectura;Grado: Ingeniería en Diseño Industrial y Desarrollo de Producto;Grado;Castilla-La Mancha;Mujeres;Sí;Tiempo Completo;1;19/07/2026
2025;Zaragoza;Facultad;Escuela de Ingeniería y Arquitectura;Grado: Ingeniería en Diseño Industrial y Desarrollo de Producto;Grado;Catalunya;Hombres;No;Tiempo Completo;1;19/07/2026
2025;Zaragoza;Facultad;Escuela de Ingeniería y Arquitectura;Grado: Ingeniería en Diseño Industrial y Desarrollo de Producto;Grado;Catalunya;Mujeres;No;Tiempo Completo;2;19/07/2026
2025;Zaragoza;Facultad;Escuela de Ingeniería y Arquitectura;Grado: Ingeniería en Diseño Industrial y Desarrollo de Producto;Grado;Comunidad Valenciana;Mujeres;No;Tiempo Completo;1;19/07/2026
2025;Zaragoza;Facultad;Escuela de Ingeniería y Arquitectura;Grado: Ingeniería en Diseño Industrial y Desarrollo de Producto;Grado;Extremadura;Mujeres;No;Tiempo Completo;2;19/07/2026
2025;Zaragoza;Facultad;Escuela de Ingeniería y Arquitectura;Grado: Ingeniería en Diseño Industrial y Desarrollo de Producto;Grado;Galicia;Mujeres;No;Tiempo Completo;3;19/07/2026
2025;Zaragoza;Facultad;Escuela de Ingeniería y Arquitectura;Grado: Ingeniería en Diseño Industrial y Desarrollo de Producto;Grado;La Rioja;Hombres;No;Otra dedicación;1;19/07/2026
2025;Zaragoza;Facultad;Escuela de Ingeniería y Arquitectura;Grado: Ingeniería en Diseño Industrial y Desarrollo de Producto;Grado;La Rioja;Hombres;No;Tiempo Completo;6;19/07/2026
2025;Zaragoza;Facultad;Escuela de Ingeniería y Arquitectura;Grado: Ingeniería en Diseño Industrial y Desarrollo de Producto;Grado;La Rioja;Mujeres;No;Otra dedicación;4;19/07/2026
2025;Zaragoza;Facultad;Escuela de Ingeniería y Arquitectura;Grado: Ingeniería en Diseño Industrial y Desarrollo de Producto;Grado;La Rioja;Mujeres;No;Tiempo Completo;8;19/07/2026
2025;Zaragoza;Facultad;Escuela de Ingeniería y Arquitectura;Grado: Ingeniería en Diseño Industrial y Desarrollo de Producto;Grado;La Rioja;Mujeres;Sí;Tiempo Completo;1;19/07/2026
2025;Zaragoza;Facultad;Escuela de Ingeniería y Arquitectura;Grado: Ingeniería en Diseño Industrial y Desarrollo de Producto;Grado;Madrid;Mujeres;No;Tiempo Completo;4;19/07/2026
2025;Zaragoza;Facultad;Escuela de Ingeniería y Arquitectura;Grado: Ingeniería en Diseño Industrial y Desarrollo de Producto;Grado;Navarra;Hombres;No;Otra dedicación;1;19/07/2026
2025;Zaragoza;Facultad;Escuela de Ingeniería y Arquitectura;Grado: Ingeniería en Diseño Industrial y Desarrollo de Producto;Grado;Navarra;Hombres;No;Tiempo Completo;5;19/07/2026
2025;Zaragoza;Facultad;Escuela de Ingeniería y Arquitectura;Grado: Ingeniería en Diseño Industrial y Desarrollo de Producto;Grado;Navarra;Mujeres;No;Otra dedicación;1;19/07/2026
2025;Zaragoza;Facultad;Escuela de Ingeniería y Arquitectura;Grado: Ingeniería en Diseño Industrial y Desarrollo de Producto;Grado;Navarra;Mujeres;No;Tiempo Completo;20;19/07/2026
2025;Zaragoza;Facultad;Escuela de Ingeniería y Arquitectura;Grado: Ingeniería en Diseño Industrial y Desarrollo de Producto;Grado;Navarra;Mujeres;Sí;Tiempo Completo;2;19/07/2026
2025;Zaragoza;Facultad;Escuela de Ingeniería y Arquitectura;Grado: Ingeniería en Diseño Industrial y Desarrollo de Producto;Grado;Pais Vasco;Hombres;No;Tiempo Completo;3;19/07/2026
2025;Zaragoza;Facultad;Escuela de Ingeniería y Arquitectura;Grado: Ingeniería en Diseño Industrial y Desarrollo de Producto;Grado;Pais Vasco;Hombres;Sí;Tiempo Completo;1;19/07/2026
2025;Zaragoza;Facultad;Escuela de Ingeniería y Arquitectura;Grado: Ingeniería en Diseño Industrial y Desarrollo de Producto;Grado;Pais Vasco;Mujeres;No;Otra dedicación;1;19/07/2026
2025;Zaragoza;Facultad;Escuela de Ingeniería y Arquitectura;Grado: Ingeniería en Diseño Industrial y Desarrollo de Producto;Grado;Pais Vasco;Mujeres;No;Tiempo Completo;3;19/07/2026
2025;Zaragoza;Facultad;Escuela de Ingeniería y Arquitectura;Grado: Ingeniería en Diseño Industrial y Desarrollo de Producto;Grado;Pais Vasco;Mujeres;Sí;Tiempo Completo;2;19/07/2026
2025;Zaragoza;Facultad;Escuela de Ingeniería y Arquitectura;Grado: Ingeniería Informática;Grado;Andalucía;Hombres;No;Tiempo Completo;1;19/07/2026
2025;Zaragoza;Facultad;Escuela de Ingeniería y Arquitectura;Grado: Ingeniería Informática;Grado;Aragón;Hombres;No;Otra dedicación;40;19/07/2026
2025;Zaragoza;Facultad;Escuela de Ingeniería y Arquitectura;Grado: Ingeniería Informática;Grado;Aragón;Hombres;Sí;Otra dedicación;1;19/07/2026
2025;Zaragoza;Facultad;Escuela de Ingeniería y Arquitectura;Grado: Ingeniería Informática;Grado;Aragón;Hombres;No;Tiempo Completo;457;19/07/2026
2025;Zaragoza;Facultad;Escuela de Ingeniería y Arquitectura;Grado: Ingeniería Informática;Grado;Aragón;Hombres;Sí;Tiempo Completo;13;19/07/2026
2025;Zaragoza;Facultad;Escuela de Ingeniería y Arquitectura;Grado: Ingeniería Informática;Grado;Aragón;Hombres;No;Tiempo Parcial;22;19/07/2026
2025;Zaragoza;Facultad;Escuela de Ingeniería y Arquitectura;Grado: Ingeniería Informática;Grado;Aragón;Mujeres;No;Otra dedicación;4;19/07/2026
2025;Zaragoza;Facultad;Escuela de Ingeniería y Arquitectura;Grado: Ingeniería Informática;Grado;Aragón;Mujeres;No;Tiempo Completo;60;19/07/2026
2025;Zaragoza;Facultad;Escuela de Ingeniería y Arquitectura;Grado: Ingeniería Informática;Grado;Aragón;Mujeres;Sí;Tiempo Completo;5;19/07/2026
2025;Zaragoza;Facultad;Escuela de Ingeniería y Arquitectura;Grado: Ingeniería Informática;Grado;Aragón;Mujeres;No;Tiempo Parcial;2;19/07/2026
2025;Zaragoza;Facultad;Escuela de Ingeniería y Arquitectura;Grado: Ingeniería Informática;Grado;Baleares;Hombres;No;Tiempo Completo;1;19/07/2026
2025;Zaragoza;Facultad;Escuela de Ingeniería y Arquitectura;Grado: Ingeniería Informática;Grado;Canarias;Mujeres;No;Tiempo Completo;1;19/07/2026
2025;Zaragoza;Facultad;Escuela de Ingeniería y Arquitectura;Grado: Ingeniería Informática;Grado;Cantabria;Hombres;No;Tiempo Completo;1;19/07/2026
2025;Zaragoza;Facultad;Escuela de Ingeniería y Arquitectura;Grado: Ingeniería Informática;Grado;Castilla y Leon;Hombres;No;Otra dedicación;1;19/07/2026
2025;Zaragoza;Facultad;Escuela de Ingeniería y Arquitectura;Grado: Ingeniería Informática;Grado;Castilla y Leon;Hombres;No;Tiempo Completo;9;19/07/2026
2025;Zaragoza;Facultad;Escuela de Ingeniería y Arquitectura;Grado: Ingeniería Informática;Grado;Castilla y Leon;Hombres;No;Tiempo Parcial;1;19/07/2026
2025;Zaragoza;Facultad;Escuela de Ingeniería y Arquitectura;Grado: Ingeniería Informática;Grado;Castilla y Leon;Mujeres;No;Tiempo Completo;2;19/07/2026
2025;Zaragoza;Facultad;Escuela de Ingeniería y Arquitectura;Grado: Ingeniería Informática;Grado;Catalunya;Hombres;No;Tiempo Completo;1;19/07/2026
2025;Zaragoza;Facultad;Escuela de Ingeniería y Arquitectura;Grado: Ingeniería Informática;Grado;Catalunya;Hombres;No;Tiempo Parcial;1;19/07/2026
2025;Zaragoza;Facultad;Escuela de Ingeniería y Arquitectura;Grado: Ingeniería Informática;Grado;Extremadura;Hombres;No;Tiempo Completo;1;19/07/2026
2025;Zaragoza;Facultad;Escuela de Ingeniería y Arquitectura;Grado: Ingeniería Informática;Grado;Galicia;Hombres;No;Tiempo Completo;1;19/07/2026
2025;Zaragoza;Facultad;Escuela de Ingeniería y Arquitectura;Grado: Ingeniería Informática;Grado;La Rioja;Hombres;No;Tiempo Completo;5;19/07/2026
2025;Zaragoza;Facultad;Escuela de Ingeniería y Arquitectura;Grado: Ingeniería Informática;Grado;La Rioja;Mujeres;No;Tiempo Completo;4;19/07/2026
2025;Zaragoza;Facultad;Escuela de Ingeniería y Arquitectura;Grado: Ingeniería Informática;Grado;Navarra;Hombres;No;Tiempo Completo;3;19/07/2026
2025;Zaragoza;Facultad;Escuela de Ingeniería y Arquitectura;Grado: Ingeniería Informática;Grado;Navarra;Hombres;Sí;Tiempo Completo;1;19/07/2026
2025;Zaragoza;Facultad;Escuela de Ingeniería y Arquitectura;Grado: Ingeniería Informática;Grado;Navarra;Mujeres;No;Tiempo Completo;6;19/07/2026
2025;Zaragoza;Facultad;Escuela de Ingeniería y Arquitectura;Grado: Ingeniería Mecánica;Grado;Andalucía;Hombres;No;Tiempo Completo;2;19/07/2026
2025;Zaragoza;Facultad;Escuela de Ingeniería y Arquitectura;Grado: Ingeniería Mecánica;Grado;Aragón;Hombres;No;Otra dedicación;42;19/07/2026
2025;Zaragoza;Facultad;Escuela de Ingeniería y Arquitectura;Grado: Ingeniería Mecánica;Grado;Aragón;Hombres;Sí;Otra dedicación;1;19/07/2026
2025;Zaragoza;Facultad;Escuela de Ingeniería y Arquitectura;Grado: Ingeniería Mecánica;Grado;Aragón;Hombres;No;Tiempo Completo;587;19/07/2026
2025;Zaragoza;Facultad;Escuela de Ingeniería y Arquitectura;Grado: Ingeniería Mecánica;Grado;Aragón;Hombres;Sí;Tiempo Completo;19;19/07/2026
2025;Zaragoza;Facultad;Escuela de Ingeniería y Arquitectura;Grado: Ingeniería Mecánica;Grado;Aragón;Hombres;No;Tiempo Parcial;22;19/07/2026
2025;Zaragoza;Facultad;Escuela de Ingeniería y Arquitectura;Grado: Ingeniería Mecánica;Grado;Aragón;Mujeres;No;Otra dedicación;8;19/07/2026
2025;Zaragoza;Facultad;Escuela de Ingeniería y Arquitectura;Grado: Ingeniería Mecánica;Grado;Aragón;Mujeres;No;Tiempo Completo;109;19/07/2026
2025;Zaragoza;Facultad;Escuela de Ingeniería y Arquitectura;Grado: Ingeniería Mecánica;Grado;Aragón;Mujeres;Sí;Tiempo Completo;3;19/07/2026
2025;Zaragoza;Facultad;Escuela de Ingeniería y Arquitectura;Grado: Ingeniería Mecánica;Grado;Aragón;Mujeres;No;Tiempo Parcial;7;19/07/2026
2025;Zaragoza;Facultad;Escuela de Ingeniería y Arquitectura;Grado: Ingeniería Mecánica;Grado;Baleares;Hombres;No;Tiempo Completo;5;19/07/2026
2025;Zaragoza;Facultad;Escuela de Ingeniería y Arquitectura;Grado: Ingeniería Mecánica;Grado;Baleares;Hombres;No;Tiempo Parcial;1;19/07/2026
2025;Zaragoza;Facultad;Escuela de Ingeniería y Arquitectura;Grado: Ingeniería Mecánica;Grado;Baleares;Mujeres;No;Tiempo Completo;1;19/07/2026
2025;Zaragoza;Facultad;Escuela de Ingeniería y Arquitectura;Grado: Ingeniería Mecánica;Grado;Canarias;Hombres;No;Tiempo Completo;2;19/07/2026
2025;Zaragoza;Facultad;Escuela de Ingeniería y Arquitectura;Grado: Ingeniería Mecánica;Grado;Cantabria;Hombres;No;Tiempo Completo;1;19/07/2026
2025;Zaragoza;Facultad;Escuela de Ingeniería y Arquitectura;Grado: Ingeniería Mecánica;Grado;Castilla y Leon;Hombres;No;Otra dedicación;3;19/07/2026
2025;Zaragoza;Facultad;Escuela de Ingeniería y Arquitectura;Grado: Ingeniería Mecánica;Grado;Castilla y Leon;Hombres;No;Tiempo Completo;16;19/07/2026
2025;Zaragoza;Facultad;Escuela de Ingeniería y Arquitectura;Grado: Ingeniería Mecánica;Grado;Castilla y Leon;Mujeres;No;Tiempo Completo;1;19/07/2026
2025;Zaragoza;Facultad;Escuela de Ingeniería y Arquitectura;Grado: Ingeniería Mecánica;Grado;Castilla-La Mancha;Hombres;No;Otra dedicación;1;19/07/2026
2025;Zaragoza;Facultad;Escuela de Ingeniería y Arquitectura;Grado: Ingeniería Mecánica;Grado;Castilla-La Mancha;Hombres;No;Tiempo Completo;7;19/07/2026
2025;Zaragoza;Facultad;Escuela de Ingeniería y Arquitectura;Grado: Ingeniería Mecánica;Grado;Castilla-La Mancha;Mujeres;No;Tiempo Completo;1;19/07/2026
2025;Zaragoza;Facultad;Escuela de Ingeniería y Arquitectura;Grado: Ingeniería Mecánica;Grado;Catalunya;Hombres;No;Tiempo Completo;2;19/07/2026
2025;Zaragoza;Facultad;Escuela de Ingeniería y Arquitectura;Grado: Ingeniería Mecánica;Grado;Catalunya;Mujeres;No;Tiempo Completo;2;19/07/2026
2025;Zaragoza;Facultad;Escuela de Ingeniería y Arquitectura;Grado: Ingeniería Mecánica;Grado;Comunidad Valenciana;Hombres;No;Tiempo Completo;2;19/07/2026
2025;Zaragoza;Facultad;Escuela de Ingeniería y Arquitectura;Grado: Ingeniería Mecánica;Grado;Comunidad Valenciana;Mujeres;No;Tiempo Completo;2;19/07/2026
2025;Zaragoza;Facultad;Escuela de Ingeniería y Arquitectura;Grado: Ingeniería Mecánica;Grado;Extremadura;Mujeres;No;Tiempo Completo;1;19/07/2026
2025;Zaragoza;Facultad;Escuela de Ingeniería y Arquitectura;Grado: Ingeniería Mecánica;Grado;Galicia;Hombres;No;Tiempo Completo;1;19/07/2026
2025;Zaragoza;Facultad;Escuela de Ingeniería y Arquitectura;Grado: Ingeniería Mecánica;Grado;Galicia;Mujeres;No;Tiempo Completo;1;19/07/2026
2025;Zaragoza;Facultad;Escuela de Ingeniería y Arquitectura;Grado: Ingeniería Mecánica;Grado;La Rioja;Hombres;No;Otra dedicación;2;19/07/2026
2025;Zaragoza;Facultad;Escuela de Ingeniería y Arquitectura;Grado: Ingeniería Mecánica;Grado;La Rioja;Hombres;No;Tiempo Completo;13;19/07/2026
2025;Zaragoza;Facultad;Escuela de Ingeniería y Arquitectura;Grado: Ingeniería Mecánica;Grado;La Rioja;Hombres;Sí;Tiempo Completo;1;19/07/2026
2025;Zaragoza;Facultad;Escuela de Ingeniería y Arquitectura;Grado: Ingeniería Mecánica;Grado;La Rioja;Hombres;No;Tiempo Parcial;1;19/07/2026
2025;Zaragoza;Facultad;Escuela de Ingeniería y Arquitectura;Grado: Ingeniería Mecánica;Grado;Madrid;Hombres;No;Tiempo Completo;1;19/07/2026
2025;Zaragoza;Facultad;Escuela de Ingeniería y Arquitectura;Grado: Ingeniería Mecánica;Grado;Navarra;Hombres;No;Otra dedicación;1;19/07/2026
2025;Zaragoza;Facultad;Escuela de Ingeniería y Arquitectura;Grado: Ingeniería Mecánica;Grado;Navarra;Hombres;No;Tiempo Completo;11;19/07/2026
2025;Zaragoza;Facultad;Escuela de Ingeniería y Arquitectura;Grado: Ingeniería Mecánica;Grado;Navarra;Hombres;Sí;Tiempo Completo;1;19/07/2026
2025;Zaragoza;Facultad;Escuela de Ingeniería y Arquitectura;Grado: Ingeniería Mecánica;Grado;Navarra;Hombres;No;Tiempo Parcial;1;19/07/2026
2025;Zaragoza;Facultad;Escuela de Ingeniería y Arquitectura;Grado: Ingeniería Mecánica;Grado;Navarra;Mujeres;No;Tiempo Completo;9;19/07/2026
2025;Zaragoza;Facultad;Escuela de Ingeniería y Arquitectura;Grado: Ingeniería Mecánica;Grado;No Informado;Hombres;No;Otra dedicación;1;19/07/2026
2025;Zaragoza;Facultad;Escuela de Ingeniería y Arquitectura;Grado: Ingeniería Mecánica;Grado;No Informado;Hombres;No;Tiempo Completo;1;19/07/2026
2025;Zaragoza;Facultad;Escuela de Ingeniería y Arquitectura;Grado: Ingeniería Mecánica;Grado;Pais Vasco;Hombres;No;Tiempo Completo;1;19/07/2026
2025;Zaragoza;Facultad;Escuela de Ingeniería y Arquitectura;Grado: Ingeniería Mecánica;Grado;Pais Vasco;Mujeres;No;Tiempo Completo;1;19/07/2026
2025;Zaragoza;Facultad;Escuela de Ingeniería y Arquitectura;Grado: Ingeniería Química;Grado;Aragón;Desconocido;No;Tiempo Completo;1;19/07/2026
2025;Zaragoza;Facultad;Escuela de Ingeniería y Arquitectura;Grado: Ingeniería Química;Grado;Aragón;Hombres;No;Otra dedicación;11;19/07/2026
2025;Zaragoza;Facultad;Escuela de Ingeniería y Arquitectura;Grado: Ingeniería Química;Grado;Aragón;Hombres;No;Tiempo Completo;113;19/07/2026
2025;Zaragoza;Facultad;Escuela de Ingeniería y Arquitectura;Grado: Ingeniería Química;Grado;Aragón;Hombres;Sí;Tiempo Completo;10;19/07/2026
2025;Zaragoza;Facultad;Escuela de Ingeniería y Arquitectura;Grado: Ingeniería Química;Grado;Aragón;Hombres;No;Tiempo Parcial;7;19/07/2026
2025;Zaragoza;Facultad;Escuela de Ingeniería y Arquitectura;Grado: Ingeniería Química;Grado;Aragón;Mujeres;No;Otra dedicación;11;19/07/2026
2025;Zaragoza;Facultad;Escuela de Ingeniería y Arquitectura;Grado: Ingeniería Química;Grado;Aragón;Mujeres;Sí;Otra dedicación;4;19/07/2026
2025;Zaragoza;Facultad;Escuela de Ingeniería y Arquitectura;Grado: Ingeniería Química;Grado;Aragón;Mujeres;No;Tiempo Completo;121;19/07/2026
2025;Zaragoza;Facultad;Escuela de Ingeniería y Arquitectura;Grado: Ingeniería Química;Grado;Aragón;Mujeres;Sí;Tiempo Completo;14;19/07/2026
2025;Zaragoza;Facultad;Escuela de Ingeniería y Arquitectura;Grado: Ingeniería Química;Grado;Aragón;Mujeres;No;Tiempo Parcial;4;19/07/2026
2025;Zaragoza;Facultad;Escuela de Ingeniería y Arquitectura;Grado: Ingeniería Química;Grado;Canarias;Hombres;No;Tiempo Completo;1;19/07/2026
2025;Zaragoza;Facultad;Escuela de Ingeniería y Arquitectura;Grado: Ingeniería Química;Grado;Cantabria;Hombres;No;Tiempo Completo;1;19/07/2026
2025;Zaragoza;Facultad;Escuela de Ingeniería y Arquitectura;Grado: Ingeniería Química;Grado;Castilla y Leon;Hombres;No;Tiempo Completo;2;19/07/2026
2025;Zaragoza;Facultad;Escuela de Ingeniería y Arquitectura;Grado: Ingeniería Química;Grado;Castilla y Leon;Mujeres;No;Tiempo Completo;3;19/07/2026
2025;Zaragoza;Facultad;Escuela de Ingeniería y Arquitectura;Grado: Ingeniería Química;Grado;Castilla-La Mancha;Mujeres;No;Tiempo Completo;1;19/07/2026
2025;Zaragoza;Facultad;Escuela de Ingeniería y Arquitectura;Grado: Ingeniería Química;Grado;Catalunya;Hombres;No;Tiempo Completo;1;19/07/2026
2025;Zaragoza;Facultad;Escuela de Ingeniería y Arquitectura;Grado: Ingeniería Química;Grado;Comunidad Valenciana;Hombres;No;Tiempo Completo;1;19/07/2026
2025;Zaragoza;Facultad;Escuela de Ingeniería y Arquitectura;Grado: Ingeniería Química;Grado;Galicia;Mujeres;No;Tiempo Completo;1;19/07/2026
2025;Zaragoza;Facultad;Escuela de Ingeniería y Arquitectura;Grado: Ingeniería Química;Grado;La Rioja;Hombres;No;Otra dedicación;1;19/07/2026
2025;Zaragoza;Facultad;Escuela de Ingeniería y Arquitectura;Grado: Ingeniería Química;Grado;La Rioja;Hombres;No;Tiempo Completo;9;19/07/2026
2025;Zaragoza;Facultad;Escuela de Ingeniería y Arquitectura;Grado: Ingeniería Química;Grado;La Rioja;Hombres;Sí;Tiempo Completo;1;19/07/2026
2025;Zaragoza;Facultad;Escuela de Ingeniería y Arquitectura;Grado: Ingeniería Química;Grado;La Rioja;Mujeres;No;Tiempo Completo;4;19/07/2026
2025;Zaragoza;Facultad;Escuela de Ingeniería y Arquitectura;Grado: Ingeniería Química;Grado;Navarra;Hombres;No;Otra dedicación;1;19/07/2026
2025;Zaragoza;Facultad;Escuela de Ingeniería y Arquitectura;Grado: Ingeniería Química;Grado;Navarra;Hombres;No;Tiempo Completo;9;19/07/2026
2025;Zaragoza;Facultad;Escuela de Ingeniería y Arquitectura;Grado: Ingeniería Química;Grado;Navarra;Mujeres;No;Otra dedicación;1;19/07/2026
2025;Zaragoza;Facultad;Escuela de Ingeniería y Arquitectura;Grado: Ingeniería Química;Grado;Navarra;Mujeres;Sí;Otra dedicación;1;19/07/2026
2025;Zaragoza;Facultad;Escuela de Ingeniería y Arquitectura;Grado: Ingeniería Química;Grado;Navarra;Mujeres;No;Tiempo Completo;5;19/07/2026
2025;Zaragoza;Facultad;Escuela de Ingeniería y Arquitectura;Grado: Ingeniería Química;Grado;Navarra;Mujeres;Sí;Tiempo Completo;1;19/07/2026
2025;Zaragoza;Facultad;Escuela de Ingeniería y Arquitectura;Grado: Ingeniería Química;Grado;No Informado;Hombres;No;Tiempo Completo;1;19/07/2026
2025;Zaragoza;Facultad;Escuela de Ingeniería y Arquitectura;Grado: Ingeniería Química;Grado;No Informado;Mujeres;No;Tiempo Completo;1;19/07/2026
2025;Zaragoza;Facultad;Escuela de Ingeniería y Arquitectura;Grado: Programa conjunto en Matemáticas-Ingeniería Informática;Grado;Aragón;Hombres;No;Tiempo Completo;33;19/07/2026
2025;Zaragoza;Facultad;Escuela de Ingeniería y Arquitectura;Grado: Programa conjunto en Matemáticas-Ingeniería Informática;Grado;Aragón;Mujeres;No;Tiempo Completo;10;19/07/2026
2025;Zaragoza;Facultad;Escuela de Ingeniería y Arquitectura;Grado: Programa conjunto en Matemáticas-Ingeniería Informática;Grado;Castilla y Leon;Hombres;No;Tiempo Completo;1;19/07/2026
2025;Zaragoza;Facultad;Escuela de Ingeniería y Arquitectura;Grado: Programa conjunto en Matemáticas-Ingeniería Informática;Grado;Castilla y Leon;Mujeres;No;Tiempo Completo;1;19/07/2026
2025;Zaragoza;Facultad;Escuela de Ingeniería y Arquitectura;Grado: Programa conjunto en Matemáticas-Ingeniería Informática;Grado;La Rioja;Hombres;No;Tiempo Completo;1;19/07/2026
2025;Zaragoza;Facultad;Escuela de Ingeniería y Arquitectura;Grado: Programa conjunto en Matemáticas-Ingeniería Informática;Grado;La Rioja;Mujeres;No;Tiempo Completo;1;19/07/2026
2025;Zaragoza;Facultad;Escuela de Ingeniería y Arquitectura;Movilidad para 1º y 2º ciclo y grado;Movilidad de entrada;Andalucía;Hombres;No;Tiempo Completo;4;19/07/2026
2025;Zaragoza;Facultad;Escuela de Ingeniería y Arquitectura;Movilidad para 1º y 2º ciclo y grado;Movilidad de entrada;Andalucía;Mujeres;No;Tiempo Completo;1;19/07/2026
2025;Zaragoza;Facultad;Escuela de Ingeniería y Arquitectura;Movilidad para 1º y 2º ciclo y grado;Movilidad de entrada;Aragón;Hombres;No;Tiempo Completo;4;19/07/2026
2025;Zaragoza;Facultad;Escuela de Ingeniería y Arquitectura;Movilidad para 1º y 2º ciclo y grado;Movilidad de entrada;Aragón;Mujeres;No;Tiempo Completo;3;19/07/2026
2025;Zaragoza;Facultad;Escuela de Ingeniería y Arquitectura;Movilidad para 1º y 2º ciclo y grado;Movilidad de entrada;Asturias;Hombres;No;Tiempo Completo;1;19/07/2026
2025;Zaragoza;Facultad;Escuela de Ingeniería y Arquitectura;Movilidad para 1º y 2º ciclo y grado;Movilidad de entrada;Castilla y Leon;Hombres;No;Tiempo Completo;2;19/07/2026
2025;Zaragoza;Facultad;Escuela de Ingeniería y Arquitectura;Movilidad para 1º y 2º ciclo y grado;Movilidad de entrada;Castilla y Leon;Mujeres;No;Tiempo Completo;1;19/07/2026
2025;Zaragoza;Facultad;Escuela de Ingeniería y Arquitectura;Movilidad para 1º y 2º ciclo y grado;Movilidad de entrada;Castilla-La Mancha;Hombres;No;Tiempo Completo;1;19/07/2026
2025;Zaragoza;Facultad;Escuela de Ingeniería y Arquitectura;Movilidad para 1º y 2º ciclo y grado;Movilidad de entrada;Comunidad Valenciana;Hombres;No;Tiempo Completo;2;19/07/2026
2025;Zaragoza;Facultad;Escuela de Ingeniería y Arquitectura;Movilidad para 1º y 2º ciclo y grado;Movilidad de entrada;Comunidad Valenciana;Mujeres;No;Tiempo Completo;1;19/07/2026
2025;Zaragoza;Facultad;Escuela de Ingeniería y Arquitectura;Movilidad para 1º y 2º ciclo y grado;Movilidad de entrada;Extremadura;Mujeres;No;Tiempo Completo;1;19/07/2026
2025;Zaragoza;Facultad;Escuela de Ingeniería y Arquitectura;Movilidad para 1º y 2º ciclo y grado;Movilidad de entrada;Galicia;Mujeres;No;Tiempo Completo;2;19/07/2026
2025;Zaragoza;Facultad;Escuela de Ingeniería y Arquitectura;Movilidad para 1º y 2º ciclo y grado;Movilidad de entrada;La Rioja;Mujeres;No;Tiempo Completo;1;19/07/2026
2025;Zaragoza;Facultad;Escuela de Ingeniería y Arquitectura;Movilidad para 1º y 2º ciclo y grado;Movilidad de entrada;Madrid;Mujeres;No;Tiempo Completo;2;19/07/2026
2025;Zaragoza;Facultad;Escuela de Ingeniería y Arquitectura;Movilidad para 1º y 2º ciclo y grado;Movilidad de entrada;No Informado;Hombres;No;Tiempo Completo;32;19/07/2026
2025;Zaragoza;Facultad;Escuela de Ingeniería y Arquitectura;Movilidad para 1º y 2º ciclo y grado;Movilidad de entrada;No Informado;Mujeres;No;Tiempo Completo;46;19/07/2026
2025;Zaragoza;Facultad;Escuela de Ingeniería y Arquitectura;Movilidad para máster;Movilidad de entrada;Andalucía;Mujeres;No;Tiempo Completo;1;19/07/2026
2025;Zaragoza;Facultad;Escuela de Ingeniería y Arquitectura;Movilidad para máster;Movilidad de entrada;Aragón;Hombres;No;Tiempo Completo;2;19/07/2026
2025;Zaragoza;Facultad;Escuela de Ingeniería y Arquitectura;Movilidad para máster;Movilidad de entrada;Aragón;Mujeres;No;Tiempo Completo;1;19/07/2026
2025;Zaragoza;Facultad;Escuela de Ingeniería y Arquitectura;Movilidad para máster;Movilidad de entrada;Cantabria;Hombres;No;Tiempo Completo;2;19/07/2026
2025;Zaragoza;Facultad;Escuela de Ingeniería y Arquitectura;Movilidad para máster;Movilidad de entrada;Castilla-La Mancha;Hombres;No;Tiempo Completo;1;19/07/2026
2025;Zaragoza;Facultad;Escuela de Ingeniería y Arquitectura;Movilidad para máster;Movilidad de entrada;Catalunya;Hombres;No;Tiempo Completo;1;19/07/2026
2025;Zaragoza;Facultad;Escuela de Ingeniería y Arquitectura;Movilidad para máster;Movilidad de entrada;Comunidad Valenciana;Hombres;No;Tiempo Completo;1;19/07/2026
2025;Zaragoza;Facultad;Escuela de Ingeniería y Arquitectura;Movilidad para máster;Movilidad de entrada;Navarra;Hombres;No;Tiempo Completo;1;19/07/2026
2025;Zaragoza;Facultad;Escuela de Ingeniería y Arquitectura;Movilidad para máster;Movilidad de entrada;Navarra;Mujeres;No;Tiempo Completo;1;19/07/2026
2025;Zaragoza;Facultad;Escuela de Ingeniería y Arquitectura;Movilidad para máster;Movilidad de entrada;No Informado;Hombres;No;Tiempo Completo;22;19/07/2026
2025;Zaragoza;Facultad;Escuela de Ingeniería y Arquitectura;Movilidad para máster;Movilidad de entrada;No Informado;Mujeres;No;Tiempo Completo;14;19/07/2026
2025;Zaragoza;Facultad;Escuela de Ingeniería y Arquitectura;Máster: Arquitectura;Máster;Aragón;Hombres;No;Tiempo Completo;13;19/07/2026
2025;Zaragoza;Facultad;Escuela de Ingeniería y Arquitectura;Máster: Arquitectura;Máster;Aragón;Mujeres;No;Otra dedicación;1;19/07/2026
2025;Zaragoza;Facultad;Escuela de Ingeniería y Arquitectura;Máster: Arquitectura;Máster;Aragón;Mujeres;No;Tiempo Completo;32;19/07/2026
2025;Zaragoza;Facultad;Escuela de Ingeniería y Arquitectura;Máster: Arquitectura;Máster;Aragón;Mujeres;No;Tiempo Parcial;1;19/07/2026
2025;Zaragoza;Facultad;Escuela de Ingeniería y Arquitectura;Máster: Arquitectura;Máster;Castilla y Leon;Hombres;No;Tiempo Parcial;1;19/07/2026
2025;Zaragoza;Facultad;Escuela de Ingeniería y Arquitectura;Máster: Arquitectura;Máster;La Rioja;Mujeres;No;Tiempo Completo;1;19/07/2026
2025;Zaragoza;Facultad;Escuela de Ingeniería y Arquitectura;Máster: Energías Renovables y Eficiencia Energética;Máster;Andalucía;Hombres;No;Otra dedicación;2;19/07/2026
2025;Zaragoza;Facultad;Escuela de Ingeniería y Arquitectura;Máster: Energías Renovables y Eficiencia Energética;Máster;Andalucía;Mujeres;No;Tiempo Completo;1;19/07/2026
2025;Zaragoza;Facultad;Escuela de Ingeniería y Arquitectura;Máster: Energías Renovables y Eficiencia Energética;Máster;Aragón;Hombres;No;Otra dedicación;5;19/07/2026
2025;Zaragoza;Facultad;Escuela de Ingeniería y Arquitectura;Máster: Energías Renovables y Eficiencia Energética;Máster;Aragón;Hombres;No;Tiempo Completo;14;19/07/2026
2025;Zaragoza;Facultad;Escuela de Ingeniería y Arquitectura;Máster: Energías Renovables y Eficiencia Energética;Máster;Aragón;Hombres;No;Tiempo Parcial;2;19/07/2026
2025;Zaragoza;Facultad;Escuela de Ingeniería y Arquitectura;Máster: Energías Renovables y Eficiencia Energética;Máster;Aragón;Mujeres;No;Otra dedicación;1;19/07/2026
2025;Zaragoza;Facultad;Escuela de Ingeniería y Arquitectura;Máster: Energías Renovables y Eficiencia Energética;Máster;Aragón;Mujeres;No;Tiempo Completo;6;19/07/2026
2025;Zaragoza;Facultad;Escuela de Ingeniería y Arquitectura;Máster: Energías Renovables y Eficiencia Energética;Máster;Aragón;Mujeres;No;Tiempo Parcial;3;19/07/2026
2025;Zaragoza;Facultad;Escuela de Ingeniería y Arquitectura;Máster: Energías Renovables y Eficiencia Energética;Máster;Canarias;Hombres;No;Tiempo Completo;1;19/07/2026
2025;Zaragoza;Facultad;Escuela de Ingeniería y Arquitectura;Máster: Energías Renovables y Eficiencia Energética;Máster;Castilla y Leon;Hombres;No;Tiempo Completo;1;19/07/2026
2025;Zaragoza;Facultad;Escuela de Ingeniería y Arquitectura;Máster: Energías Renovables y Eficiencia Energética;Máster;Comunidad Valenciana;Mujeres;No;Tiempo Completo;1;19/07/2026
2025;Zaragoza;Facultad;Escuela de Ingeniería y Arquitectura;Máster: Energías Renovables y Eficiencia Energética;Máster;Galicia;Hombres;No;Tiempo Completo;1;19/07/2026
2025;Zaragoza;Facultad;Escuela de Ingeniería y Arquitectura;Máster: Energías Renovables y Eficiencia Energética;Máster;Madrid;Hombres;No;Tiempo Completo;1;19/07/2026
2025;Zaragoza;Facultad;Escuela de Ingeniería y Arquitectura;Máster: Energías Renovables y Eficiencia Energética;Máster;Navarra;Hombres;No;Otra dedicación;1;19/07/2026
2025;Zaragoza;Facultad;Escuela de Ingeniería y Arquitectura;Máster: Energías Renovables y Eficiencia Energética;Máster;No Informado;Mujeres;No;Tiempo Completo;1;19/07/2026
2025;Zaragoza;Facultad;Escuela de Ingeniería y Arquitectura;Máster: Energías Renovables y Eficiencia Energética;Máster;Pais Vasco;Mujeres;No;Tiempo Completo;1;19/07/2026
2025;Zaragoza;Facultad;Escuela de Ingeniería y Arquitectura;Máster: Erasmus Mundus en Ciencia de Datos Lingüísticos;Máster;Aragón;Hombres;No;Tiempo Completo;1;19/07/2026
2025;Zaragoza;Facultad;Escuela de Ingeniería y Arquitectura;Máster: Erasmus Mundus en Ciencia de Datos Lingüísticos;Máster;Aragón;Hombres;No;Tiempo Parcial;1;19/07/2026
2025;Zaragoza;Facultad;Escuela de Ingeniería y Arquitectura;Máster: Erasmus Mundus en Ciencia de Datos Lingüísticos;Máster;Aragón;Mujeres;No;Tiempo Parcial;3;19/07/2026
2025;Zaragoza;Facultad;Escuela de Ingeniería y Arquitectura;Máster: Erasmus Mundus en Ciencia de Datos Lingüísticos;Máster;Extremadura;Mujeres;No;Tiempo Parcial;1;19/07/2026
2025;Zaragoza;Facultad;Escuela de Ingeniería y Arquitectura;Máster: Erasmus Mundus en Ciencia de Datos Lingüísticos;Máster;No Informado;Hombres;No;Tiempo Parcial;5;19/07/2026
2025;Zaragoza;Facultad;Escuela de Ingeniería y Arquitectura;Máster: Erasmus Mundus en Ciencia de Datos Lingüísticos;Máster;No Informado;Mujeres;No;Tiempo Parcial;3;19/07/2026
2025;Zaragoza;Facultad;Escuela de Ingeniería y Arquitectura;Máster: Erasmus Mundus en Ciencia de Datos Lingüísticos;Máster;Pais Vasco;Mujeres;No;Tiempo Parcial;1;19/07/2026
2025;Zaragoza;Facultad;Escuela de Ingeniería y Arquitectura;Máster: Ingeniería Biomédica;Máster;Andalucía;Desconocido;No;Tiempo Completo;1;19/07/2026
2025;Zaragoza;Facultad;Escuela de Ingeniería y Arquitectura;Máster: Ingeniería Biomédica;Máster;Andalucía;Hombres;No;Otra dedicación;1;19/07/2026
2025;Zaragoza;Facultad;Escuela de Ingeniería y Arquitectura;Máster: Ingeniería Biomédica;Máster;Andalucía;Mujeres;No;Tiempo Completo;1;19/07/2026
2025;Zaragoza;Facultad;Escuela de Ingeniería y Arquitectura;Máster: Ingeniería Biomédica;Máster;Aragón;Hombres;No;Otra dedicación;1;19/07/2026
2025;Zaragoza;Facultad;Escuela de Ingeniería y Arquitectura;Máster: Ingeniería Biomédica;Máster;Aragón;Hombres;No;Tiempo Completo;9;19/07/2026
2025;Zaragoza;Facultad;Escuela de Ingeniería y Arquitectura;Máster: Ingeniería Biomédica;Máster;Aragón;Hombres;No;Tiempo Parcial;4;19/07/2026
2025;Zaragoza;Facultad;Escuela de Ingeniería y Arquitectura;Máster: Ingeniería Biomédica;Máster;Aragón;Mujeres;No;Otra dedicación;5;19/07/2026
2025;Zaragoza;Facultad;Escuela de Ingeniería y Arquitectura;Máster: Ingeniería Biomédica;Máster;Aragón;Mujeres;No;Tiempo Completo;10;19/07/2026
2025;Zaragoza;Facultad;Escuela de Ingeniería y Arquitectura;Máster: Ingeniería Biomédica;Máster;Asturias;Mujeres;No;Tiempo Completo;1;19/07/2026
2025;Zaragoza;Facultad;Escuela de Ingeniería y Arquitectura;Máster: Ingeniería Biomédica;Máster;Cantabria;Hombres;No;Tiempo Completo;1;19/07/2026
2025;Zaragoza;Facultad;Escuela de Ingeniería y Arquitectura;Máster: Ingeniería Biomédica;Máster;Castilla y Leon;Hombres;No;Tiempo Completo;1;19/07/2026
2025;Zaragoza;Facultad;Escuela de Ingeniería y Arquitectura;Máster: Ingeniería Biomédica;Máster;Comunidad Valenciana;Hombres;No;Otra dedicación;1;19/07/2026
2025;Zaragoza;Facultad;Escuela de Ingeniería y Arquitectura;Máster: Ingeniería Biomédica;Máster;Extremadura;Hombres;No;Tiempo Completo;1;19/07/2026
2025;Zaragoza;Facultad;Escuela de Ingeniería y Arquitectura;Máster: Ingeniería Biomédica;Máster;Galicia;Hombres;No;Tiempo Completo;1;19/07/2026
2025;Zaragoza;Facultad;Escuela de Ingeniería y Arquitectura;Máster: Ingeniería Biomédica;Máster;Galicia;Mujeres;No;Otra dedicación;1;19/07/2026
2025;Zaragoza;Facultad;Escuela de Ingeniería y Arquitectura;Máster: Ingeniería Biomédica;Máster;Galicia;Mujeres;No;Tiempo Completo;1;19/07/2026
2025;Zaragoza;Facultad;Escuela de Ingeniería y Arquitectura;Máster: Ingeniería Biomédica;Máster;Murcia;Mujeres;No;Tiempo Completo;1;19/07/2026
2025;Zaragoza;Facultad;Escuela de Ingeniería y Arquitectura;Máster: Ingeniería Biomédica;Máster;No Informado;Hombres;No;Otra dedicación;1;19/07/2026
2025;Zaragoza;Facultad;Escuela de Ingeniería y Arquitectura;Máster: Ingeniería Biomédica;Máster;No Informado;Mujeres;No;Tiempo Completo;1;19/07/2026
2025;Zaragoza;Facultad;Escuela de Ingeniería y Arquitectura;Máster: Ingeniería Biomédica;Máster;Pais Vasco;Hombres;No;Tiempo Completo;1;19/07/2026
2025;Zaragoza;Facultad;Escuela de Ingeniería y Arquitectura;Máster: Ingeniería de Diseño de Producto;Máster;Aragón;Hombres;No;Tiempo Completo;6;19/07/2026
2025;Zaragoza;Facultad;Escuela de Ingeniería y Arquitectura;Máster: Ingeniería de Diseño de Producto;Máster;Aragón;Hombres;No;Tiempo Parcial;2;19/07/2026
2025;Zaragoza;Facultad;Escuela de Ingeniería y Arquitectura;Máster: Ingeniería de Diseño de Producto;Máster;Aragón;Mujeres;No;Otra dedicación;4;19/07/2026
2025;Zaragoza;Facultad;Escuela de Ingeniería y Arquitectura;Máster: Ingeniería de Diseño de Producto;Máster;Aragón;Mujeres;No;Tiempo Completo;3;19/07/2026
2025;Zaragoza;Facultad;Escuela de Ingeniería y Arquitectura;Máster: Ingeniería de Diseño de Producto;Máster;Comunidad Valenciana;Mujeres;No;Otra dedicación;1;19/07/2026
2025;Zaragoza;Facultad;Escuela de Ingeniería y Arquitectura;Máster: Ingeniería de Diseño de Producto;Máster;Navarra;Hombres;No;Tiempo Parcial;1;19/07/2026
2025;Zaragoza;Facultad;Escuela de Ingeniería y Arquitectura;Máster: Ingeniería de Diseño de Producto;Máster;Navarra;Mujeres;No;Tiempo Completo;1;19/07/2026
2025;Zaragoza;Facultad;Escuela de Ingeniería y Arquitectura;Máster: Ingeniería de Diseño de Producto;Máster;No Informado;Mujeres;No;Otra dedicación;1;19/07/2026
2025;Zaragoza;Facultad;Escuela de Ingeniería y Arquitectura;Máster: Ingeniería de Telecomunicación;Máster;Aragón;Hombres;No;Otra dedicación;1;19/07/2026
2025;Zaragoza;Facultad;Escuela de Ingeniería y Arquitectura;Máster: Ingeniería de Telecomunicación;Máster;Aragón;Hombres;No;Tiempo Completo;10;19/07/2026
2025;Zaragoza;Facultad;Escuela de Ingeniería y Arquitectura;Máster: Ingeniería de Telecomunicación;Máster;Aragón;Hombres;Sí;Tiempo Completo;1;19/07/2026
2025;Zaragoza;Facultad;Escuela de Ingeniería y Arquitectura;Máster: Ingeniería de Telecomunicación;Máster;Aragón;Hombres;No;Tiempo Parcial;1;19/07/2026
2025;Zaragoza;Facultad;Escuela de Ingeniería y Arquitectura;Máster: Ingeniería de Telecomunicación;Máster;Aragón;Mujeres;No;Tiempo Completo;1;19/07/2026
2025;Zaragoza;Facultad;Escuela de Ingeniería y Arquitectura;Máster: Ingeniería Electrónica;Máster;Aragón;Hombres;No;Otra dedicación;2;19/07/2026
2025;Zaragoza;Facultad;Escuela de Ingeniería y Arquitectura;Máster: Ingeniería Electrónica;Máster;Aragón;Hombres;No;Tiempo Completo;15;19/07/2026
2025;Zaragoza;Facultad;Escuela de Ingeniería y Arquitectura;Máster: Ingeniería Electrónica;Máster;Aragón;Hombres;No;Tiempo Parcial;7;19/07/2026
2025;Zaragoza;Facultad;Escuela de Ingeniería y Arquitectura;Máster: Ingeniería Electrónica;Máster;Aragón;Mujeres;No;Tiempo Completo;2;19/07/2026
2025;Zaragoza;Facultad;Escuela de Ingeniería y Arquitectura;Máster: Ingeniería Electrónica;Máster;Aragón;Mujeres;No;Tiempo Parcial;1;19/07/2026
2025;Zaragoza;Facultad;Escuela de Ingeniería y Arquitectura;Máster: Ingeniería Electrónica;Máster;La Rioja;Hombres;No;Tiempo Completo;1;19/07/2026
2025;Zaragoza;Facultad;Escuela de Ingeniería y Arquitectura;Máster: Ingeniería Industrial;Máster;Aragón;Hombres;No;Otra dedicación;4;19/07/2026
2025;Zaragoza;Facultad;Escuela de Ingeniería y Arquitectura;Máster: Ingeniería Industrial;Máster;Aragón;Hombres;No;Tiempo Completo;76;19/07/2026
2025;Zaragoza;Facultad;Escuela de Ingeniería y Arquitectura;Máster: Ingeniería Industrial;Máster;Aragón;Hombres;Sí;Tiempo Completo;12;19/07/2026
2025;Zaragoza;Facultad;Escuela de Ingeniería y Arquitectura;Máster: Ingeniería Industrial;Máster;Aragón;Hombres;No;Tiempo Parcial;37;19/07/2026
2025;Zaragoza;Facultad;Escuela de Ingeniería y Arquitectura;Máster: Ingeniería Industrial;Máster;Aragón;Mujeres;No;Tiempo Completo;31;19/07/2026
2025;Zaragoza;Facultad;Escuela de Ingeniería y Arquitectura;Máster: Ingeniería Industrial;Máster;Aragón;Mujeres;Sí;Tiempo Completo;3;19/07/2026
2025;Zaragoza;Facultad;Escuela de Ingeniería y Arquitectura;Máster: Ingeniería Industrial;Máster;Aragón;Mujeres;No;Tiempo Parcial;9;19/07/2026
2025;Zaragoza;Facultad;Escuela de Ingeniería y Arquitectura;Máster: Ingeniería Industrial;Máster;Baleares;Mujeres;Sí;Tiempo Completo;1;19/07/2026
2025;Zaragoza;Facultad;Escuela de Ingeniería y Arquitectura;Máster: Ingeniería Industrial;Máster;Canarias;Hombres;No;Tiempo Completo;2;19/07/2026
2025;Zaragoza;Facultad;Escuela de Ingeniería y Arquitectura;Máster: Ingeniería Industrial;Máster;Castilla y Leon;Hombres;No;Tiempo Completo;5;19/07/2026
2025;Zaragoza;Facultad;Escuela de Ingeniería y Arquitectura;Máster: Ingeniería Industrial;Máster;Castilla y Leon;Mujeres;Sí;Tiempo Completo;1;19/07/2026
2025;Zaragoza;Facultad;Escuela de Ingeniería y Arquitectura;Máster: Ingeniería Industrial;Máster;Castilla-La Mancha;Hombres;No;Tiempo Completo;1;19/07/2026
2025;Zaragoza;Facultad;Escuela de Ingeniería y Arquitectura;Máster: Ingeniería Industrial;Máster;Catalunya;Hombres;Sí;Tiempo Completo;1;19/07/2026
2025;Zaragoza;Facultad;Escuela de Ingeniería y Arquitectura;Máster: Ingeniería Industrial;Máster;Galicia;Hombres;No;Tiempo Completo;1;19/07/2026
2025;Zaragoza;Facultad;Escuela de Ingeniería y Arquitectura;Máster: Ingeniería Industrial;Máster;La Rioja;Hombres;No;Tiempo Completo;1;19/07/2026
2025;Zaragoza;Facultad;Escuela de Ingeniería y Arquitectura;Máster: Ingeniería Industrial;Máster;La Rioja;Mujeres;No;Tiempo Completo;1;19/07/2026
2025;Zaragoza;Facultad;Escuela de Ingeniería y Arquitectura;Máster: Ingeniería Industrial;Máster;Madrid;Hombres;No;Tiempo Completo;1;19/07/2026
2025;Zaragoza;Facultad;Escuela de Ingeniería y Arquitectura;Máster: Ingeniería Industrial;Máster;Navarra;Hombres;No;Tiempo Completo;5;19/07/2026
2025;Zaragoza;Facultad;Escuela de Ingeniería y Arquitectura;Máster: Ingeniería Industrial;Máster;Navarra;Hombres;Sí;Tiempo Completo;1;19/07/2026
2025;Zaragoza;Facultad;Escuela de Ingeniería y Arquitectura;Máster: Ingeniería Industrial;Máster;Navarra;Mujeres;No;Tiempo Completo;1;19/07/2026
2025;Zaragoza;Facultad;Escuela de Ingeniería y Arquitectura;Máster: Ingeniería Industrial;Máster;Navarra;Mujeres;No;Tiempo Parcial;1;19/07/2026
2025;Zaragoza;Facultad;Escuela de Ingeniería y Arquitectura;Máster: Ingeniería Informática;Máster;Aragón;Mujeres;No;Tiempo Completo;1;19/07/2026
2025;Zaragoza;Facultad;Escuela de Ingeniería y Arquitectura;Máster: Ingeniería Informática;Máster;Catalunya;Hombres;No;Otra dedicación;1;19/07/2026
2025;Zaragoza;Facultad;Escuela de Ingeniería y Arquitectura;Máster: Ingeniería Mecánica;Máster;Aragón;Hombres;No;Otra dedicación;1;19/07/2026
2025;Zaragoza;Facultad;Escuela de Ingeniería y Arquitectura;Máster: Ingeniería Mecánica;Máster;Aragón;Hombres;No;Otra dedicación;4;19/07/2026
2025;Zaragoza;Facultad;Escuela de Ingeniería y Arquitectura;Máster: Ingeniería Mecánica;Máster;Aragón;Hombres;No;Tiempo Completo;10;19/07/2026
2025;Zaragoza;Facultad;Escuela de Ingeniería y Arquitectura;Máster: Ingeniería Mecánica;Máster;Aragón;Hombres;No;Tiempo Parcial;12;19/07/2026
2025;Zaragoza;Facultad;Escuela de Ingeniería y Arquitectura;Máster: Ingeniería Mecánica;Máster;Aragón;Mujeres;No;Otra dedicación;3;19/07/2026
2025;Zaragoza;Facultad;Escuela de Ingeniería y Arquitectura;Máster: Ingeniería Mecánica;Máster;Aragón;Mujeres;No;Tiempo Completo;4;19/07/2026
2025;Zaragoza;Facultad;Escuela de Ingeniería y Arquitectura;Máster: Ingeniería Mecánica;Máster;Aragón;Mujeres;No;Tiempo Parcial;5;19/07/2026
2025;Zaragoza;Facultad;Escuela de Ingeniería y Arquitectura;Máster: Ingeniería Mecánica;Máster;Aragón;Mujeres;Sí;Tiempo Parcial;1;19/07/2026
2025;Zaragoza;Facultad;Escuela de Ingeniería y Arquitectura;Máster: Ingeniería Mecánica;Máster;Castilla y Leon;Hombres;No;Tiempo Completo;1;19/07/2026
2025;Zaragoza;Facultad;Escuela de Ingeniería y Arquitectura;Máster: Ingeniería Mecánica;Máster;La Rioja;Mujeres;No;Tiempo Completo;1;19/07/2026
2025;Zaragoza;Facultad;Escuela de Ingeniería y Arquitectura;Máster: Ingeniería Mecánica;Máster;No Informado;Hombres;No;Otra dedicación;1;19/07/2026
2025;Zaragoza;Facultad;Escuela de Ingeniería y Arquitectura;Máster: Ingeniería Mecánica;Máster;No Informado;Hombres;No;Tiempo Completo;1;19/07/2026
2025;Zaragoza;Facultad;Escuela de Ingeniería y Arquitectura;Máster: Ingeniería Química;Máster;Aragón;Hombres;No;Otra dedicación;6;19/07/2026
2025;Zaragoza;Facultad;Escuela de Ingeniería y Arquitectura;Máster: Ingeniería Química;Máster;Aragón;Hombres;No;Tiempo Completo;11;19/07/2026
2025;Zaragoza;Facultad;Escuela de Ingeniería y Arquitectura;Máster: Ingeniería Química;Máster;Aragón;Hombres;No;Tiempo Parcial;2;19/07/2026
2025;Zaragoza;Facultad;Escuela de Ingeniería y Arquitectura;Máster: Ingeniería Química;Máster;Aragón;Mujeres;No;Otra dedicación;3;19/07/2026
2025;Zaragoza;Facultad;Escuela de Ingeniería y Arquitectura;Máster: Ingeniería Química;Máster;Aragón;Mujeres;No;Tiempo Completo;13;19/07/2026
2025;Zaragoza;Facultad;Escuela de Ingeniería y Arquitectura;Máster: Ingeniería Química;Máster;Aragón;Mujeres;No;Tiempo Parcial;5;19/07/2026
2025;Zaragoza;Facultad;Escuela de Ingeniería y Arquitectura;Máster: Ingeniería Química;Máster;Catalunya;Mujeres;No;Tiempo Completo;1;19/07/2026
2025;Zaragoza;Facultad;Escuela de Ingeniería y Arquitectura;Máster: Ingeniería Química;Máster;Comunidad Valenciana;Hombres;No;Tiempo Completo;1;19/07/2026
2025;Zaragoza;Facultad;Escuela de Ingeniería y Arquitectura;Máster: Ingeniería Química;Máster;Navarra;Hombres;No;Tiempo Completo;1;19/07/2026
2025;Zaragoza;Facultad;Escuela de Ingeniería y Arquitectura;Máster: Ingeniería Química;Máster;Navarra;Mujeres;No;Tiempo Completo;1;19/07/2026
2025;Zaragoza;Facultad;Escuela de Ingeniería y Arquitectura;Máster: Robótica, Gráficos y Visión por Computador/Robotics, Graphics and Computer Vision;Máster;Andalucía;Hombres;No;Tiempo Completo;1;19/07/2026
2025;Zaragoza;Facultad;Escuela de Ingeniería y Arquitectura;Máster: Robótica, Gráficos y Visión por Computador/Robotics, Graphics and Computer Vision;Máster;Andalucía;Hombres;Sí;Tiempo Completo;1;19/07/2026
2025;Zaragoza;Facultad;Escuela de Ingeniería y Arquitectura;Máster: Robótica, Gráficos y Visión por Computador/Robotics, Graphics and Computer Vision;Máster;Aragón;Hombres;No;Otra dedicación;5;19/07/2026
2025;Zaragoza;Facultad;Escuela de Ingeniería y Arquitectura;Máster: Robótica, Gráficos y Visión por Computador/Robotics, Graphics and Computer Vision;Máster;Aragón;Hombres;No;Tiempo Completo;22;19/07/2026
2025;Zaragoza;Facultad;Escuela de Ingeniería y Arquitectura;Máster: Robótica, Gráficos y Visión por Computador/Robotics, Graphics and Computer Vision;Máster;Aragón;Hombres;No;Tiempo Parcial;7;19/07/2026
2025;Zaragoza;Facultad;Escuela de Ingeniería y Arquitectura;Máster: Robótica, Gráficos y Visión por Computador/Robotics, Graphics and Computer Vision;Máster;Aragón;Mujeres;No;Otra dedicación;2;19/07/2026
2025;Zaragoza;Facultad;Escuela de Ingeniería y Arquitectura;Máster: Robótica, Gráficos y Visión por Computador/Robotics, Graphics and Computer Vision;Máster;Aragón;Mujeres;No;Tiempo Completo;7;19/07/2026
2025;Zaragoza;Facultad;Escuela de Ingeniería y Arquitectura;Máster: Robótica, Gráficos y Visión por Computador/Robotics, Graphics and Computer Vision;Máster;Aragón;Mujeres;No;Tiempo Parcial;3;19/07/2026
2025;Zaragoza;Facultad;Escuela de Ingeniería y Arquitectura;Máster: Robótica, Gráficos y Visión por Computador/Robotics, Graphics and Computer Vision;Máster;Canarias;Hombres;No;Tiempo Completo;1;19/07/2026
2025;Zaragoza;Facultad;Escuela de Ingeniería y Arquitectura;Máster: Robótica, Gráficos y Visión por Computador/Robotics, Graphics and Computer Vision;Máster;Castilla-La Mancha;Hombres;No;Tiempo Completo;1;19/07/2026
2025;Zaragoza;Facultad;Escuela de Ingeniería y Arquitectura;Máster: Robótica, Gráficos y Visión por Computador/Robotics, Graphics and Computer Vision;Máster;Catalunya;Hombres;No;Otra dedicación;1;19/07/2026
2025;Zaragoza;Facultad;Escuela de Ingeniería y Arquitectura;Máster: Robótica, Gráficos y Visión por Computador/Robotics, Graphics and Computer Vision;Máster;Catalunya;Hombres;No;Tiempo Completo;1;19/07/2026
2025;Zaragoza;Facultad;Escuela de Ingeniería y Arquitectura;Máster: Robótica, Gráficos y Visión por Computador/Robotics, Graphics and Computer Vision;Máster;Comunidad Valenciana;Hombres;No;Tiempo Completo;2;19/07/2026
2025;Zaragoza;Facultad;Escuela de Ingeniería y Arquitectura;Máster: Robótica, Gráficos y Visión por Computador/Robotics, Graphics and Computer Vision;Máster;Madrid;Hombres;No;Tiempo Completo;1;19/07/2026
2025;Zaragoza;Facultad;Escuela de Ingeniería y Arquitectura;Máster: Robótica, Gráficos y Visión por Computador/Robotics, Graphics and Computer Vision;Máster;No Informado;Hombres;No;Tiempo Completo;2;19/07/2026
2025;Zaragoza;Facultad;Escuela de Ingeniería y Arquitectura;Máster: Robótica, Gráficos y Visión por Computador/Robotics, Graphics and Computer Vision;Máster;No Informado;Mujeres;No;Tiempo Completo;1;19/07/2026
2025;Zaragoza;Facultad;Escuela de Ingeniería y Arquitectura;Máster: Robótica, Gráficos y Visión por Computador/Robotics, Graphics and Computer Vision;Máster;Pais Vasco;Hombres;No;Otra dedicación;1;19/07/2026
2025;Zaragoza;Facultad;Facultad de Ciencias;Grado: Biotecnología;Grado;Andalucía;Mujeres;No;Tiempo Completo;1;19/07/2026
2025;Zaragoza;Facultad;Facultad de Ciencias;Grado: Biotecnología;Grado;Aragón;Hombres;No;Otra dedicación;3;19/07/2026
2025;Zaragoza;Facultad;Facultad de Ciencias;Grado: Biotecnología;Grado;Aragón;Hombres;No;Tiempo Completo;81;19/07/2026
2025;Zaragoza;Facultad;Facultad de Ciencias;Grado: Biotecnología;Grado;Aragón;Hombres;Sí;Tiempo Completo;11;19/07/2026
2025;Zaragoza;Facultad;Facultad de Ciencias;Grado: Biotecnología;Grado;Aragón;Hombres;No;Tiempo Parcial;1;19/07/2026
2025;Zaragoza;Facultad;Facultad de Ciencias;Grado: Biotecnología;Grado;Aragón;Mujeres;No;Otra dedicación;3;19/07/2026
2025;Zaragoza;Facultad;Facultad de Ciencias;Grado: Biotecnología;Grado;Aragón;Mujeres;No;Tiempo Completo;146;19/07/2026
2025;Zaragoza;Facultad;Facultad de Ciencias;Grado: Biotecnología;Grado;Aragón;Mujeres;Sí;Tiempo Completo;21;19/07/2026
2025;Zaragoza;Facultad;Facultad de Ciencias;Grado: Biotecnología;Grado;Aragón;Mujeres;No;Tiempo Parcial;2;19/07/2026
2025;Zaragoza;Facultad;Facultad de Ciencias;Grado: Biotecnología;Grado;Cantabria;Mujeres;No;Tiempo Completo;1;19/07/2026
2025;Zaragoza;Facultad;Facultad de Ciencias;Grado: Biotecnología;Grado;Castilla y Leon;Hombres;No;Tiempo Completo;2;19/07/2026
2025;Zaragoza;Facultad;Facultad de Ciencias;Grado: Biotecnología;Grado;Castilla y Leon;Mujeres;No;Tiempo Completo;1;19/07/2026
2025;Zaragoza;Facultad;Facultad de Ciencias;Grado: Biotecnología;Grado;Castilla y Leon;Mujeres;Sí;Tiempo Completo;1;19/07/2026
2025;Zaragoza;Facultad;Facultad de Ciencias;Grado: Biotecnología;Grado;Galicia;Hombres;No;Tiempo Parcial;1;19/07/2026
2025;Zaragoza;Facultad;Facultad de Ciencias;Grado: Biotecnología;Grado;Galicia;Mujeres;No;Tiempo Completo;1;19/07/2026
2025;Zaragoza;Facultad;Facultad de Ciencias;Grado: Biotecnología;Grado;La Rioja;Mujeres;No;Tiempo Completo;5;19/07/2026
2025;Zaragoza;Facultad;Facultad de Ciencias;Grado: Biotecnología;Grado;La Rioja;Mujeres;Sí;Tiempo Completo;2;19/07/2026
2025;Zaragoza;Facultad;Facultad de Ciencias;Grado: Biotecnología;Grado;Madrid;Mujeres;No;Otra dedicación;1;19/07/2026
2025;Zaragoza;Facultad;Facultad de Ciencias;Grado: Biotecnología;Grado;Navarra;Mujeres;No;Tiempo Completo;5;19/07/2026
2025;Zaragoza;Facultad;Facultad de Ciencias;Grado: Biotecnología;Grado;Navarra;Mujeres;Sí;Tiempo Completo;2;19/07/2026
2025;Zaragoza;Facultad;Facultad de Ciencias;Grado: Biotecnología;Grado;Pais Vasco;Hombres;No;Tiempo Completo;1;19/07/2026
2025;Zaragoza;Facultad;Facultad de Ciencias;Grado: Física;Grado;Andalucía;Mujeres;No;Tiempo Completo;1;19/07/2026
2025;Zaragoza;Facultad;Facultad de Ciencias;Grado: Física;Grado;Aragón;Hombres;No;Otra dedicación;32;19/07/2026
2025;Zaragoza;Facultad;Facultad de Ciencias;Grado: Física;Grado;Aragón;Hombres;Sí;Otra dedicación;7;19/07/2026
2025;Zaragoza;Facultad;Facultad de Ciencias;Grado: Física;Grado;Aragón;Hombres;No;Tiempo Completo;131;19/07/2026
2025;Zaragoza;Facultad;Facultad de Ciencias;Grado: Física;Grado;Aragón;Hombres;Sí;Tiempo Completo;10;19/07/2026
2025;Zaragoza;Facultad;Facultad de Ciencias;Grado: Física;Grado;Aragón;Hombres;No;Tiempo Parcial;2;19/07/2026
2025;Zaragoza;Facultad;Facultad de Ciencias;Grado: Física;Grado;Aragón;Mujeres;No;Otra dedicación;10;19/07/2026
2025;Zaragoza;Facultad;Facultad de Ciencias;Grado: Física;Grado;Aragón;Mujeres;Sí;Otra dedicación;9;19/07/2026
2025;Zaragoza;Facultad;Facultad de Ciencias;Grado: Física;Grado;Aragón;Mujeres;No;Tiempo Completo;69;19/07/2026
2025;Zaragoza;Facultad;Facultad de Ciencias;Grado: Física;Grado;Aragón;Mujeres;Sí;Tiempo Completo;5;19/07/2026
2025;Zaragoza;Facultad;Facultad de Ciencias;Grado: Física;Grado;Asturias;Mujeres;No;Tiempo Completo;1;19/07/2026
2025;Zaragoza;Facultad;Facultad de Ciencias;Grado: Física;Grado;Canarias;Hombres;No;Tiempo Completo;1;19/07/2026
2025;Zaragoza;Facultad;Facultad de Ciencias;Grado: Física;Grado;Castilla y Leon;Hombres;No;Tiempo Completo;3;19/07/2026
2025;Zaragoza;Facultad;Facultad de Ciencias;Grado: Física;Grado;Castilla y Leon;Mujeres;No;Tiempo Completo;4;19/07/2026
2025;Zaragoza;Facultad;Facultad de Ciencias;Grado: Física;Grado;Castilla-La Mancha;Hombres;No;Otra dedicación;1;19/07/2026
2025;Zaragoza;Facultad;Facultad de Ciencias;Grado: Física;Grado;Castilla-La Mancha;Hombres;No;Tiempo Completo;3;19/07/2026
2025;Zaragoza;Facultad;Facultad de Ciencias;Grado: Física;Grado;Castilla-La Mancha;Mujeres;No;Otra dedicación;1;19/07/2026
2025;Zaragoza;Facultad;Facultad de Ciencias;Grado: Física;Grado;Catalunya;Hombres;No;Otra dedicación;1;19/07/2026
2025;Zaragoza;Facultad;Facultad de Ciencias;Grado: Física;Grado;Catalunya;Hombres;No;Tiempo Completo;3;19/07/2026
2025;Zaragoza;Facultad;Facultad de Ciencias;Grado: Física;Grado;Catalunya;Mujeres;No;Tiempo Completo;2;19/07/2026
2025;Zaragoza;Facultad;Facultad de Ciencias;Grado: Física;Grado;Catalunya;Mujeres;Sí;Tiempo Completo;1;19/07/2026
2025;Zaragoza;Facultad;Facultad de Ciencias;Grado: Física;Grado;Catalunya;Mujeres;No;Tiempo Parcial;1;19/07/2026
2025;Zaragoza;Facultad;Facultad de Ciencias;Grado: Física;Grado;Ciudad autónoma de Melilla;Hombres;No;Tiempo Completo;1;19/07/2026
2025;Zaragoza;Facultad;Facultad de Ciencias;Grado: Física;Grado;Ciudad autónoma de Melilla;Mujeres;No;Tiempo Completo;1;19/07/2026
2025;Zaragoza;Facultad;Facultad de Ciencias;Grado: Física;Grado;Comunidad Valenciana;Hombres;No;Tiempo Completo;2;19/07/2026
2025;Zaragoza;Facultad;Facultad de Ciencias;Grado: Física;Grado;Comunidad Valenciana;Mujeres;No;Tiempo Completo;3;19/07/2026
2025;Zaragoza;Facultad;Facultad de Ciencias;Grado: Física;Grado;Extremadura;Mujeres;No;Otra dedicación;1;19/07/2026
2025;Zaragoza;Facultad;Facultad de Ciencias;Grado: Física;Grado;La Rioja;Hombres;No;Otra dedicación;2;19/07/2026
2025;Zaragoza;Facultad;Facultad de Ciencias;Grado: Física;Grado;La Rioja;Hombres;Sí;Otra dedicación;1;19/07/2026
2025;Zaragoza;Facultad;Facultad de Ciencias;Grado: Física;Grado;La Rioja;Hombres;No;Tiempo Completo;8;19/07/2026
2025;Zaragoza;Facultad;Facultad de Ciencias;Grado: Física;Grado;La Rioja;Mujeres;No;Otra dedicación;4;19/07/2026
2025;Zaragoza;Facultad;Facultad de Ciencias;Grado: Física;Grado;La Rioja;Mujeres;No;Tiempo Completo;5;19/07/2026
2025;Zaragoza;Facultad;Facultad de Ciencias;Grado: Física;Grado;Madrid;Hombres;No;Otra dedicación;1;19/07/2026
2025;Zaragoza;Facultad;Facultad de Ciencias;Grado: Física;Grado;Madrid;Hombres;Sí;Tiempo Completo;2;19/07/2026
2025;Zaragoza;Facultad;Facultad de Ciencias;Grado: Física;Grado;Madrid;Mujeres;No;Otra dedicación;1;19/07/2026
2025;Zaragoza;Facultad;Facultad de Ciencias;Grado: Física;Grado;Navarra;Hombres;No;Otra dedicación;4;19/07/2026
2025;Zaragoza;Facultad;Facultad de Ciencias;Grado: Física;Grado;Navarra;Hombres;No;Tiempo Completo;19;19/07/2026
2025;Zaragoza;Facultad;Facultad de Ciencias;Grado: Física;Grado;Navarra;Mujeres;No;Tiempo Completo;14;19/07/2026
2025;Zaragoza;Facultad;Facultad de Ciencias;Grado: Física;Grado;Navarra;Mujeres;Sí;Tiempo Completo;2;19/07/2026
2025;Zaragoza;Facultad;Facultad de Ciencias;Grado: Física;Grado;Pais Vasco;Hombres;No;Tiempo Completo;2;19/07/2026
2025;Zaragoza;Facultad;Facultad de Ciencias;Grado: Física;Grado;Pais Vasco;Mujeres;No;Tiempo Completo;1;19/07/2026
2025;Zaragoza;Facultad;Facultad de Ciencias;Grado: Geología;Grado;Aragón;Hombres;No;Otra dedicación;3;19/07/2026
2025;Zaragoza;Facultad;Facultad de Ciencias;Grado: Geología;Grado;Aragón;Hombres;No;Tiempo Completo;56;19/07/2026
2025;Zaragoza;Facultad;Facultad de Ciencias;Grado: Geología;Grado;Aragón;Hombres;Sí;Tiempo Completo;1;19/07/2026
2025;Zaragoza;Facultad;Facultad de Ciencias;Grado: Geología;Grado;Aragón;Hombres;No;Tiempo Parcial;2;19/07/2026
2025;Zaragoza;Facultad;Facultad de Ciencias;Grado: Geología;Grado;Aragón;Mujeres;No;Tiempo Completo;40;19/07/2026
2025;Zaragoza;Facultad;Facultad de Ciencias;Grado: Geología;Grado;Aragón;Mujeres;No;Tiempo Parcial;2;19/07/2026
2025;Zaragoza;Facultad;Facultad de Ciencias;Grado: Geología;Grado;Canarias;Hombres;No;Tiempo Completo;2;19/07/2026
2025;Zaragoza;Facultad;Facultad de Ciencias;Grado: Geología;Grado;Castilla-La Mancha;Mujeres;No;Tiempo Completo;1;19/07/2026
2025;Zaragoza;Facultad;Facultad de Ciencias;Grado: Geología;Grado;Catalunya;Hombres;No;Tiempo Completo;2;19/07/2026
2025;Zaragoza;Facultad;Facultad de Ciencias;Grado: Geología;Grado;Catalunya;Mujeres;No;Otra dedicación;1;19/07/2026
2025;Zaragoza;Facultad;Facultad de Ciencias;Grado: Geología;Grado;Catalunya;Mujeres;No;Tiempo Completo;1;19/07/2026
2025;Zaragoza;Facultad;Facultad de Ciencias;Grado: Geología;Grado;Comunidad Valenciana;Hombres;No;Tiempo Completo;1;19/07/2026
2025;Zaragoza;Facultad;Facultad de Ciencias;Grado: Geología;Grado;Comunidad Valenciana;Mujeres;No;Tiempo Completo;2;19/07/2026
2025;Zaragoza;Facultad;Facultad de Ciencias;Grado: Geología;Grado;La Rioja;Mujeres;No;Tiempo Completo;1;19/07/2026
2025;Zaragoza;Facultad;Facultad de Ciencias;Grado: Geología;Grado;Navarra;Hombres;No;Tiempo Completo;3;19/07/2026
2025;Zaragoza;Facultad;Facultad de Ciencias;Grado: Geología;Grado;Navarra;Mujeres;No;Tiempo Completo;1;19/07/2026
2025;Zaragoza;Facultad;Facultad de Ciencias;Grado: Matemáticas;Grado;Andalucía;Hombres;No;Tiempo Completo;2;19/07/2026
2025;Zaragoza;Facultad;Facultad de Ciencias;Grado: Matemáticas;Grado;Aragón;Hombres;No;Otra dedicación;3;19/07/2026
2025;Zaragoza;Facultad;Facultad de Ciencias;Grado: Matemáticas;Grado;Aragón;Hombres;Sí;Otra dedicación;5;19/07/2026
2025;Zaragoza;Facultad;Facultad de Ciencias;Grado: Matemáticas;Grado;Aragón;Hombres;No;Tiempo Completo;179;19/07/2026
2025;Zaragoza;Facultad;Facultad de Ciencias;Grado: Matemáticas;Grado;Aragón;Hombres;Sí;Tiempo Completo;17;19/07/2026
2025;Zaragoza;Facultad;Facultad de Ciencias;Grado: Matemáticas;Grado;Aragón;Hombres;No;Tiempo Parcial;11;19/07/2026
2025;Zaragoza;Facultad;Facultad de Ciencias;Grado: Matemáticas;Grado;Aragón;Mujeres;Sí;Otra dedicación;2;19/07/2026
2025;Zaragoza;Facultad;Facultad de Ciencias;Grado: Matemáticas;Grado;Aragón;Mujeres;No;Tiempo Completo;105;19/07/2026
2025;Zaragoza;Facultad;Facultad de Ciencias;Grado: Matemáticas;Grado;Aragón;Mujeres;Sí;Tiempo Completo;3;19/07/2026
2025;Zaragoza;Facultad;Facultad de Ciencias;Grado: Matemáticas;Grado;Aragón;Mujeres;No;Tiempo Parcial;2;19/07/2026
2025;Zaragoza;Facultad;Facultad de Ciencias;Grado: Matemáticas;Grado;Canarias;Hombres;No;Tiempo Completo;1;19/07/2026
2025;Zaragoza;Facultad;Facultad de Ciencias;Grado: Matemáticas;Grado;Canarias;Mujeres;No;Tiempo Completo;1;19/07/2026
2025;Zaragoza;Facultad;Facultad de Ciencias;Grado: Matemáticas;Grado;Castilla y Leon;Hombres;No;Tiempo Completo;13;19/07/2026
2025;Zaragoza;Facultad;Facultad de Ciencias;Grado: Matemáticas;Grado;Castilla y Leon;Mujeres;No;Tiempo Completo;5;19/07/2026
2025;Zaragoza;Facultad;Facultad de Ciencias;Grado: Matemáticas;Grado;Castilla-La Mancha;Hombres;No;Tiempo Completo;1;19/07/2026
2025;Zaragoza;Facultad;Facultad de Ciencias;Grado: Matemáticas;Grado;Castilla-La Mancha;Mujeres;No;Tiempo Completo;2;19/07/2026
2025;Zaragoza;Facultad;Facultad de Ciencias;Grado: Matemáticas;Grado;Catalunya;Hombres;No;Tiempo Completo;1;19/07/2026
2025;Zaragoza;Facultad;Facultad de Ciencias;Grado: Matemáticas;Grado;Comunidad Valenciana;Hombres;No;Tiempo Completo;1;19/07/2026
2025;Zaragoza;Facultad;Facultad de Ciencias;Grado: Matemáticas;Grado;Galicia;Hombres;No;Tiempo Completo;1;19/07/2026
2025;Zaragoza;Facultad;Facultad de Ciencias;Grado: Matemáticas;Grado;La Rioja;Hombres;No;Tiempo Completo;9;19/07/2026
2025;Zaragoza;Facultad;Facultad de Ciencias;Grado: Matemáticas;Grado;La Rioja;Mujeres;Sí;Otra dedicación;1;19/07/2026
2025;Zaragoza;Facultad;Facultad de Ciencias;Grado: Matemáticas;Grado;La Rioja;Mujeres;No;Tiempo Completo;5;19/07/2026
2025;Zaragoza;Facultad;Facultad de Ciencias;Grado: Matemáticas;Grado;Madrid;Hombres;No;Tiempo Completo;1;19/07/2026
2025;Zaragoza;Facultad;Facultad de Ciencias;Grado: Matemáticas;Grado;Murcia;Hombres;No;Tiempo Completo;1;19/07/2026
2025;Zaragoza;Facultad;Facultad de Ciencias;Grado: Matemáticas;Grado;Navarra;Hombres;No;Tiempo Completo;8;19/07/2026
2025;Zaragoza;Facultad;Facultad de Ciencias;Grado: Matemáticas;Grado;Navarra;Hombres;Sí;Tiempo Completo;1;19/07/2026
2025;Zaragoza;Facultad;Facultad de Ciencias;Grado: Matemáticas;Grado;Navarra;Mujeres;No;Otra dedicación;1;19/07/2026
2025;Zaragoza;Facultad;Facultad de Ciencias;Grado: Matemáticas;Grado;Navarra;Mujeres;No;Tiempo Completo;11;19/07/2026
2025;Zaragoza;Facultad;Facultad de Ciencias;Grado: Matemáticas;Grado;No Informado;Mujeres;No;Tiempo Completo;1;19/07/2026
2025;Zaragoza;Facultad;Facultad de Ciencias;Grado: Matemáticas;Grado;Pais Vasco;Hombres;No;Tiempo Completo;1;19/07/2026
2025;Zaragoza;Facultad;Facultad de Ciencias;Grado: Matemáticas;Grado;Pais Vasco;Mujeres;No;Tiempo Completo;1;19/07/2026
2025;Zaragoza;Facultad;Facultad de Ciencias;Grado: Programa conjunto Física-Matemáticas (FisMat);Grado;Aragón;Hombres;No;Tiempo Completo;29;19/07/2026
2025;Zaragoza;Facultad;Facultad de Ciencias;Grado: Programa conjunto Física-Matemáticas (FisMat);Grado;Aragón;Hombres;Sí;Tiempo Completo;2;19/07/2026
2025;Zaragoza;Facultad;Facultad de Ciencias;Grado: Programa conjunto Física-Matemáticas (FisMat);Grado;Aragón;Mujeres;No;Tiempo Completo;13;19/07/2026
2025;Zaragoza;Facultad;Facultad de Ciencias;Grado: Programa conjunto Física-Matemáticas (FisMat);Grado;Castilla y Leon;Hombres;No;Tiempo Completo;2;19/07/2026
2025;Zaragoza;Facultad;Facultad de Ciencias;Grado: Programa conjunto Física-Matemáticas (FisMat);Grado;Castilla y Leon;Mujeres;No;Tiempo Completo;1;19/07/2026
2025;Zaragoza;Facultad;Facultad de Ciencias;Grado: Programa conjunto Física-Matemáticas (FisMat);Grado;Comunidad Valenciana;Hombres;Sí;Tiempo Completo;1;19/07/2026
2025;Zaragoza;Facultad;Facultad de Ciencias;Grado: Programa conjunto Física-Matemáticas (FisMat);Grado;La Rioja;Hombres;No;Tiempo Completo;8;19/07/2026
2025;Zaragoza;Facultad;Facultad de Ciencias;Grado: Programa conjunto Física-Matemáticas (FisMat);Grado;La Rioja;Mujeres;No;Tiempo Completo;1;19/07/2026
2025;Zaragoza;Facultad;Facultad de Ciencias;Grado: Programa conjunto Física-Matemáticas (FisMat);Grado;Navarra;Hombres;No;Tiempo Completo;6;19/07/2026
2025;Zaragoza;Facultad;Facultad de Ciencias;Grado: Programa conjunto Física-Matemáticas (FisMat);Grado;Navarra;Mujeres;No;Tiempo Completo;4;19/07/2026
2025;Zaragoza;Facultad;Facultad de Ciencias;Grado: Química;Grado;Andalucía;Hombres;No;Tiempo Completo;1;19/07/2026
2025;Zaragoza;Facultad;Facultad de Ciencias;Grado: Química;Grado;Aragón;Hombres;No;Otra dedicación;7;19/07/2026
2025;Zaragoza;Facultad;Facultad de Ciencias;Grado: Química;Grado;Aragón;Hombres;Sí;Otra dedicación;6;19/07/2026
2025;Zaragoza;Facultad;Facultad de Ciencias;Grado: Química;Grado;Aragón;Hombres;No;Tiempo Completo;218;19/07/2026
2025;Zaragoza;Facultad;Facultad de Ciencias;Grado: Química;Grado;Aragón;Hombres;Sí;Tiempo Completo;8;19/07/2026
2025;Zaragoza;Facultad;Facultad de Ciencias;Grado: Química;Grado;Aragón;Hombres;No;Tiempo Parcial;12;19/07/2026
2025;Zaragoza;Facultad;Facultad de Ciencias;Grado: Química;Grado;Aragón;Mujeres;No;Otra dedicación;8;19/07/2026
2025;Zaragoza;Facultad;Facultad de Ciencias;Grado: Química;Grado;Aragón;Mujeres;Sí;Otra dedicación;6;19/07/2026
2025;Zaragoza;Facultad;Facultad de Ciencias;Grado: Química;Grado;Aragón;Mujeres;No;Tiempo Completo;279;19/07/2026
2025;Zaragoza;Facultad;Facultad de Ciencias;Grado: Química;Grado;Aragón;Mujeres;Sí;Tiempo Completo;18;19/07/2026
2025;Zaragoza;Facultad;Facultad de Ciencias;Grado: Química;Grado;Aragón;Mujeres;No;Tiempo Parcial;13;19/07/2026
2025;Zaragoza;Facultad;Facultad de Ciencias;Grado: Química;Grado;Canarias;Mujeres;No;Tiempo Parcial;1;19/07/2026
2025;Zaragoza;Facultad;Facultad de Ciencias;Grado: Química;Grado;Cantabria;Hombres;No;Tiempo Completo;1;19/07/2026
2025;Zaragoza;Facultad;Facultad de Ciencias;Grado: Química;Grado;Cantabria;Mujeres;No;Tiempo Completo;1;19/07/2026
2025;Zaragoza;Facultad;Facultad de Ciencias;Grado: Química;Grado;Castilla y Leon;Hombres;No;Tiempo Completo;3;19/07/2026
2025;Zaragoza;Facultad;Facultad de Ciencias;Grado: Química;Grado;Castilla y Leon;Mujeres;No;Tiempo Completo;5;19/07/2026
2025;Zaragoza;Facultad;Facultad de Ciencias;Grado: Química;Grado;Castilla y Leon;Mujeres;No;Tiempo Parcial;1;19/07/2026
2025;Zaragoza;Facultad;Facultad de Ciencias;Grado: Química;Grado;Castilla-La Mancha;Hombres;No;Tiempo Completo;1;19/07/2026
2025;Zaragoza;Facultad;Facultad de Ciencias;Grado: Química;Grado;Castilla-La Mancha;Mujeres;No;Tiempo Completo;4;19/07/2026
2025;Zaragoza;Facultad;Facultad de Ciencias;Grado: Química;Grado;Catalunya;Hombres;No;Tiempo Completo;1;19/07/2026
2025;Zaragoza;Facultad;Facultad de Ciencias;Grado: Química;Grado;Catalunya;Mujeres;No;Tiempo Completo;3;19/07/2026
2025;Zaragoza;Facultad;Facultad de Ciencias;Grado: Química;Grado;Ciudad autónoma de Melilla;Hombres;Sí;Otra dedicación;1;19/07/2026
2025;Zaragoza;Facultad;Facultad de Ciencias;Grado: Química;Grado;Comunidad Valenciana;Hombres;No;Tiempo Completo;1;19/07/2026
2025;Zaragoza;Facultad;Facultad de Ciencias;Grado: Química;Grado;Comunidad Valenciana;Mujeres;No;Tiempo Completo;2;19/07/2026
2025;Zaragoza;Facultad;Facultad de Ciencias;Grado: Química;Grado;Extremadura;Mujeres;No;Tiempo Completo;1;19/07/2026
2025;Zaragoza;Facultad;Facultad de Ciencias;Grado: Química;Grado;Galicia;Hombres;No;Tiempo Completo;1;19/07/2026
2025;Zaragoza;Facultad;Facultad de Ciencias;Grado: Química;Grado;La Rioja;Hombres;No;Tiempo Completo;1;19/07/2026
2025;Zaragoza;Facultad;Facultad de Ciencias;Grado: Química;Grado;La Rioja;Hombres;Sí;Tiempo Completo;1;19/07/2026
2025;Zaragoza;Facultad;Facultad de Ciencias;Grado: Química;Grado;La Rioja;Mujeres;No;Tiempo Completo;4;19/07/2026
2025;Zaragoza;Facultad;Facultad de Ciencias;Grado: Química;Grado;Navarra;Hombres;No;Tiempo Completo;15;19/07/2026
2025;Zaragoza;Facultad;Facultad de Ciencias;Grado: Química;Grado;Navarra;Mujeres;No;Tiempo Completo;17;19/07/2026
2025;Zaragoza;Facultad;Facultad de Ciencias;Grado: Química;Grado;Navarra;Mujeres;No;Tiempo Parcial;1;19/07/2026
2025;Zaragoza;Facultad;Facultad de Ciencias;Grado: Química;Grado;No Informado;Mujeres;No;Tiempo Completo;2;19/07/2026
2025;Zaragoza;Facultad;Facultad de Ciencias;Grado: Química;Grado;Pais Vasco;Mujeres;No;Tiempo Completo;2;19/07/2026
2025;Zaragoza;Facultad;Facultad de Ciencias;Grado: Óptica y Optometría;Grado;Andalucía;Hombres;No;Tiempo Completo;1;19/07/2026
2025;Zaragoza;Facultad;Facultad de Ciencias;Grado: Óptica y Optometría;Grado;Andalucía;Mujeres;No;Tiempo Completo;5;19/07/2026
2025;Zaragoza;Facultad;Facultad de Ciencias;Grado: Óptica y Optometría;Grado;Andalucía;Mujeres;Sí;Tiempo Completo;1;19/07/2026
2025;Zaragoza;Facultad;Facultad de Ciencias;Grado: Óptica y Optometría;Grado;Andalucía;Mujeres;No;Tiempo Parcial;1;19/07/2026
2025;Zaragoza;Facultad;Facultad de Ciencias;Grado: Óptica y Optometría;Grado;Aragón;Hombres;No;Tiempo Completo;30;19/07/2026
2025;Zaragoza;Facultad;Facultad de Ciencias;Grado: Óptica y Optometría;Grado;Aragón;Hombres;Sí;Tiempo Completo;1;19/07/2026
2025;Zaragoza;Facultad;Facultad de Ciencias;Grado: Óptica y Optometría;Grado;Aragón;Hombres;No;Tiempo Parcial;1;19/07/2026
2025;Zaragoza;Facultad;Facultad de Ciencias;Grado: Óptica y Optometría;Grado;Aragón;Mujeres;No;Otra dedicación;5;19/07/2026
2025;Zaragoza;Facultad;Facultad de Ciencias;Grado: Óptica y Optometría;Grado;Aragón;Mujeres;No;Tiempo Completo;99;19/07/2026
2025;Zaragoza;Facultad;Facultad de Ciencias;Grado: Óptica y Optometría;Grado;Aragón;Mujeres;Sí;Tiempo Completo;2;19/07/2026
2025;Zaragoza;Facultad;Facultad de Ciencias;Grado: Óptica y Optometría;Grado;Aragón;Mujeres;No;Tiempo Parcial;2;19/07/2026
2025;Zaragoza;Facultad;Facultad de Ciencias;Grado: Óptica y Optometría;Grado;Baleares;Mujeres;No;Tiempo Completo;3;19/07/2026
2025;Zaragoza;Facultad;Facultad de Ciencias;Grado: Óptica y Optometría;Grado;Castilla y Leon;Hombres;No;Tiempo Completo;2;19/07/2026
2025;Zaragoza;Facultad;Facultad de Ciencias;Grado: Óptica y Optometría;Grado;Castilla y Leon;Mujeres;No;Tiempo Completo;3;19/07/2026
2025;Zaragoza;Facultad;Facultad de Ciencias;Grado: Óptica y Optometría;Grado;Castilla-La Mancha;Mujeres;No;Tiempo Completo;1;19/07/2026
2025;Zaragoza;Facultad;Facultad de Ciencias;Grado: Óptica y Optometría;Grado;Catalunya;Hombres;No;Tiempo Completo;2;19/07/2026
2025;Zaragoza;Facultad;Facultad de Ciencias;Grado: Óptica y Optometría;Grado;Catalunya;Mujeres;No;Tiempo Completo;1;19/07/2026
2025;Zaragoza;Facultad;Facultad de Ciencias;Grado: Óptica y Optometría;Grado;Catalunya;Mujeres;No;Tiempo Parcial;1;19/07/2026
2025;Zaragoza;Facultad;Facultad de Ciencias;Grado: Óptica y Optometría;Grado;Comunidad Valenciana;Mujeres;No;Tiempo Completo;1;19/07/2026
2025;Zaragoza;Facultad;Facultad de Ciencias;Grado: Óptica y Optometría;Grado;Extremadura;Mujeres;No;Tiempo Completo;2;19/07/2026
2025;Zaragoza;Facultad;Facultad de Ciencias;Grado: Óptica y Optometría;Grado;Galicia;Hombres;No;Tiempo Completo;1;19/07/2026
2025;Zaragoza;Facultad;Facultad de Ciencias;Grado: Óptica y Optometría;Grado;La Rioja;Hombres;No;Tiempo Completo;2;19/07/2026
2025;Zaragoza;Facultad;Facultad de Ciencias;Grado: Óptica y Optometría;Grado;La Rioja;Mujeres;No;Tiempo Completo;8;19/07/2026
2025;Zaragoza;Facultad;Facultad de Ciencias;Grado: Óptica y Optometría;Grado;Madrid;Hombres;No;Tiempo Completo;1;19/07/2026
2025;Zaragoza;Facultad;Facultad de Ciencias;Grado: Óptica y Optometría;Grado;Navarra;Mujeres;No;Otra dedicación;1;19/07/2026
2025;Zaragoza;Facultad;Facultad de Ciencias;Grado: Óptica y Optometría;Grado;Navarra;Mujeres;No;Tiempo Completo;12;19/07/2026
2025;Zaragoza;Facultad;Facultad de Ciencias;Grado: Óptica y Optometría;Grado;Navarra;Mujeres;Sí;Tiempo Completo;2;19/07/2026
2025;Zaragoza;Facultad;Facultad de Ciencias;Grado: Óptica y Optometría;Grado;Navarra;Mujeres;No;Tiempo Parcial;1;19/07/2026
2025;Zaragoza;Facultad;Facultad de Ciencias;Grado: Óptica y Optometría;Grado;No Informado;Hombres;No;Tiempo Completo;1;19/07/2026
2025;Zaragoza;Facultad;Facultad de Ciencias;Grado: Óptica y Optometría;Grado;Pais Vasco;Hombres;No;Tiempo Completo;1;19/07/2026
2025;Zaragoza;Facultad;Facultad de Ciencias;Grado: Óptica y Optometría;Grado;Pais Vasco;Mujeres;No;Tiempo Completo;7;19/07/2026
2025;Zaragoza;Facultad;Facultad de Ciencias;Movilidad para 1º y 2º ciclo y grado;Movilidad de entrada;Andalucía;Hombres;No;Tiempo Completo;1;19/07/2026
2025;Zaragoza;Facultad;Facultad de Ciencias;Movilidad para 1º y 2º ciclo y grado;Movilidad de entrada;Andalucía;Mujeres;No;Tiempo Completo;1;19/07/2026
2025;Zaragoza;Facultad;Facultad de Ciencias;Movilidad para 1º y 2º ciclo y grado;Movilidad de entrada;Aragón;Hombres;No;Tiempo Completo;1;19/07/2026
2025;Zaragoza;Facultad;Facultad de Ciencias;Movilidad para 1º y 2º ciclo y grado;Movilidad de entrada;Aragón;Mujeres;No;Tiempo Completo;3;19/07/2026
2025;Zaragoza;Facultad;Facultad de Ciencias;Movilidad para 1º y 2º ciclo y grado;Movilidad de entrada;Castilla y Leon;Hombres;No;Tiempo Completo;2;19/07/2026
2025;Zaragoza;Facultad;Facultad de Ciencias;Movilidad para 1º y 2º ciclo y grado;Movilidad de entrada;Castilla y Leon;Mujeres;No;Tiempo Completo;1;19/07/2026
2025;Zaragoza;Facultad;Facultad de Ciencias;Movilidad para 1º y 2º ciclo y grado;Movilidad de entrada;Castilla-La Mancha;Mujeres;No;Tiempo Completo;2;19/07/2026
2025;Zaragoza;Facultad;Facultad de Ciencias;Movilidad para 1º y 2º ciclo y grado;Movilidad de entrada;Extremadura;Hombres;No;Tiempo Completo;1;19/07/2026
2025;Zaragoza;Facultad;Facultad de Ciencias;Movilidad para 1º y 2º ciclo y grado;Movilidad de entrada;La Rioja;Hombres;No;Tiempo Completo;1;19/07/2026
2025;Zaragoza;Facultad;Facultad de Ciencias;Movilidad para 1º y 2º ciclo y grado;Movilidad de entrada;Murcia;Hombres;No;Tiempo Completo;1;19/07/2026
2025;Zaragoza;Facultad;Facultad de Ciencias;Movilidad para 1º y 2º ciclo y grado;Movilidad de entrada;No Informado;Hombres;No;Tiempo Completo;14;19/07/2026
2025;Zaragoza;Facultad;Facultad de Ciencias;Movilidad para 1º y 2º ciclo y grado;Movilidad de entrada;No Informado;Mujeres;No;Tiempo Completo;21;19/07/2026
2025;Zaragoza;Facultad;Facultad de Ciencias;Movilidad para 1º y 2º ciclo y grado;Movilidad de entrada;Pais Vasco;Hombres;No;Tiempo Completo;1;19/07/2026
2025;Zaragoza;Facultad;Facultad de Ciencias;Movilidad para 1º y 2º ciclo y grado;Movilidad de entrada;Pais Vasco;Mujeres;No;Tiempo Completo;1;19/07/2026
2025;Zaragoza;Facultad;Facultad de Ciencias;Movilidad para máster;Movilidad de entrada;Aragón;Mujeres;No;Tiempo Completo;1;19/07/2026
2025;Zaragoza;Facultad;Facultad de Ciencias;Movilidad para máster;Movilidad de entrada;No Informado;Hombres;No;Tiempo Completo;3;19/07/2026
2025;Zaragoza;Facultad;Facultad de Ciencias;Movilidad para máster;Movilidad de entrada;No Informado;Mujeres;No;Tiempo Completo;1;19/07/2026
2025;Zaragoza;Facultad;Facultad de Ciencias;Máster: Biofísica y Biotecnología Cuantitativa/Biophysics and Quantitative Biotechnology;Máster;Aragón;Hombres;No;Tiempo Completo;8;19/07/2026
2025;Zaragoza;Facultad;Facultad de Ciencias;Máster: Biofísica y Biotecnología Cuantitativa/Biophysics and Quantitative Biotechnology;Máster;Aragón;Mujeres;No;Tiempo Completo;9;19/07/2026
2025;Zaragoza;Facultad;Facultad de Ciencias;Máster: Biofísica y Biotecnología Cuantitativa/Biophysics and Quantitative Biotechnology;Máster;Asturias;Mujeres;No;Tiempo Completo;1;19/07/2026
2025;Zaragoza;Facultad;Facultad de Ciencias;Máster: Biofísica y Biotecnología Cuantitativa/Biophysics and Quantitative Biotechnology;Máster;Castilla y Leon;Hombres;No;Tiempo Completo;1;19/07/2026
2025;Zaragoza;Facultad;Facultad de Ciencias;Máster: Biofísica y Biotecnología Cuantitativa/Biophysics and Quantitative Biotechnology;Máster;Castilla-La Mancha;Mujeres;No;Tiempo Completo;1;19/07/2026
2025;Zaragoza;Facultad;Facultad de Ciencias;Máster: Biofísica y Biotecnología Cuantitativa/Biophysics and Quantitative Biotechnology;Máster;Catalunya;Hombres;No;Tiempo Completo;1;19/07/2026
2025;Zaragoza;Facultad;Facultad de Ciencias;Máster: Biofísica y Biotecnología Cuantitativa/Biophysics and Quantitative Biotechnology;Máster;Galicia;Hombres;No;Tiempo Completo;1;19/07/2026
2025;Zaragoza;Facultad;Facultad de Ciencias;Máster: Biofísica y Biotecnología Cuantitativa/Biophysics and Quantitative Biotechnology;Máster;Navarra;Mujeres;No;Tiempo Completo;1;19/07/2026
2025;Zaragoza;Facultad;Facultad de Ciencias;Máster: Biofísica y Biotecnología Cuantitativa/Biophysics and Quantitative Biotechnology;Máster;No Informado;Hombres;No;Tiempo Completo;1;19/07/2026
2025;Zaragoza;Facultad;Facultad de Ciencias;Máster: Biofísica y Biotecnología Cuantitativa/Biophysics and Quantitative Biotechnology;Máster;No Informado;Mujeres;No;Tiempo Completo;3;19/07/2026
2025;Zaragoza;Facultad;Facultad de Ciencias;Máster: Biología Molecular y Celular;Máster;Andalucía;Hombres;No;Tiempo Completo;1;19/07/2026
2025;Zaragoza;Facultad;Facultad de Ciencias;Máster: Biología Molecular y Celular;Máster;Aragón;Hombres;No;Tiempo Completo;12;19/07/2026
2025;Zaragoza;Facultad;Facultad de Ciencias;Máster: Biología Molecular y Celular;Máster;Aragón;Hombres;No;Tiempo Parcial;1;19/07/2026
2025;Zaragoza;Facultad;Facultad de Ciencias;Máster: Biología Molecular y Celular;Máster;Aragón;Mujeres;No;Tiempo Completo;9;19/07/2026
2025;Zaragoza;Facultad;Facultad de Ciencias;Máster: Biología Molecular y Celular;Máster;Aragón;Mujeres;No;Tiempo Parcial;1;19/07/2026
2025;Zaragoza;Facultad;Facultad de Ciencias;Máster: Biología Molecular y Celular;Máster;Canarias;Mujeres;No;Tiempo Completo;1;19/07/2026
2025;Zaragoza;Facultad;Facultad de Ciencias;Máster: Biología Molecular y Celular;Máster;Catalunya;Hombres;No;Tiempo Completo;1;19/07/2026
2025;Zaragoza;Facultad;Facultad de Ciencias;Máster: Biología Molecular y Celular;Máster;Navarra;Mujeres;No;Tiempo Completo;1;19/07/2026
2025;Zaragoza;Facultad;Facultad de Ciencias;Máster: Economía Circular;Máster;Aragón;Hombres;No;Tiempo Completo;2;19/07/2026
2025;Zaragoza;Facultad;Facultad de Ciencias;Máster: Economía Circular;Máster;Aragón;Hombres;No;Tiempo Parcial;1;19/07/2026
2025;Zaragoza;Facultad;Facultad de Ciencias;Máster: Economía Circular;Máster;Aragón;Mujeres;No;Tiempo Completo;3;19/07/2026
2025;Zaragoza;Facultad;Facultad de Ciencias;Máster: Economía Circular;Máster;Aragón;Mujeres;No;Tiempo Parcial;2;19/07/2026
2025;Zaragoza;Facultad;Facultad de Ciencias;Máster: Economía Circular;Máster;Catalunya;Mujeres;No;Tiempo Completo;1;19/07/2026
2025;Zaragoza;Facultad;Facultad de Ciencias;Máster: Economía Circular;Máster;Catalunya;Mujeres;No;Tiempo Parcial;2;19/07/2026
2025;Zaragoza;Facultad;Facultad de Ciencias;Máster: Economía Circular;Máster;Extremadura;Mujeres;No;Tiempo Completo;1;19/07/2026
2025;Zaragoza;Facultad;Facultad de Ciencias;Máster: Economía Circular;Máster;La Rioja;Hombres;No;Tiempo Completo;1;19/07/2026
2025;Zaragoza;Facultad;Facultad de Ciencias;Máster: Economía Circular;Máster;Navarra;Mujeres;No;Tiempo Completo;1;19/07/2026
2025;Zaragoza;Facultad;Facultad de Ciencias;Máster: Economía Circular;Máster;Navarra;Mujeres;No;Tiempo Parcial;2;19/07/2026
2025;Zaragoza;Facultad;Facultad de Ciencias;Máster: Economía Circular;Máster;No Informado;Hombres;No;Tiempo Completo;1;19/07/2026
2025;Zaragoza;Facultad;Facultad de Ciencias;Máster: Economía Circular;Máster;No Informado;Mujeres;No;Tiempo Completo;2;19/07/2026
2025;Zaragoza;Facultad;Facultad de Ciencias;Máster: Erasmus Mundus en Ingeniería de Membranas para un Desarrollo Sostenible;Máster;Aragón;Hombres;No;Tiempo Completo;2;19/07/2026
2025;Zaragoza;Facultad;Facultad de Ciencias;Máster: Erasmus Mundus en Ingeniería de Membranas para un Desarrollo Sostenible;Máster;Aragón;Mujeres;No;Tiempo Completo;1;19/07/2026
2025;Zaragoza;Facultad;Facultad de Ciencias;Máster: Erasmus Mundus en Ingeniería de Membranas para un Desarrollo Sostenible;Máster;No Informado;Hombres;No;Tiempo Completo;3;19/07/2026
2025;Zaragoza;Facultad;Facultad de Ciencias;Máster: Erasmus Mundus en Ingeniería de Membranas para un Desarrollo Sostenible;Máster;No Informado;Mujeres;No;Tiempo Completo;8;19/07/2026
2025;Zaragoza;Facultad;Facultad de Ciencias;Máster: Física del Universo: Cosmología, Astrofísica, Partículas y Astropartículas;Máster;Andalucía;Hombres;No;Tiempo Completo;1;19/07/2026
2025;Zaragoza;Facultad;Facultad de Ciencias;Máster: Física del Universo: Cosmología, Astrofísica, Partículas y Astropartículas;Máster;Andalucía;Mujeres;No;Tiempo Parcial;1;19/07/2026
2025;Zaragoza;Facultad;Facultad de Ciencias;Máster: Física del Universo: Cosmología, Astrofísica, Partículas y Astropartículas;Máster;Aragón;Hombres;No;Tiempo Completo;16;19/07/2026
2025;Zaragoza;Facultad;Facultad de Ciencias;Máster: Física del Universo: Cosmología, Astrofísica, Partículas y Astropartículas;Máster;Aragón;Hombres;No;Tiempo Parcial;2;19/07/2026
2025;Zaragoza;Facultad;Facultad de Ciencias;Máster: Física del Universo: Cosmología, Astrofísica, Partículas y Astropartículas;Máster;Aragón;Mujeres;No;Tiempo Completo;3;19/07/2026
2025;Zaragoza;Facultad;Facultad de Ciencias;Máster: Física del Universo: Cosmología, Astrofísica, Partículas y Astropartículas;Máster;Castilla y Leon;Hombres;No;Tiempo Completo;1;19/07/2026
2025;Zaragoza;Facultad;Facultad de Ciencias;Máster: Física del Universo: Cosmología, Astrofísica, Partículas y Astropartículas;Máster;Castilla y Leon;Mujeres;No;Tiempo Completo;2;19/07/2026
2025;Zaragoza;Facultad;Facultad de Ciencias;Máster: Física del Universo: Cosmología, Astrofísica, Partículas y Astropartículas;Máster;Comunidad Valenciana;Hombres;No;Tiempo Parcial;1;19/07/2026
2025;Zaragoza;Facultad;Facultad de Ciencias;Máster: Física del Universo: Cosmología, Astrofísica, Partículas y Astropartículas;Máster;Galicia;Hombres;No;Tiempo Completo;1;19/07/2026
2025;Zaragoza;Facultad;Facultad de Ciencias;Máster: Física del Universo: Cosmología, Astrofísica, Partículas y Astropartículas;Máster;Madrid;Mujeres;No;Tiempo Completo;1;19/07/2026
2025;Zaragoza;Facultad;Facultad de Ciencias;Máster: Física del Universo: Cosmología, Astrofísica, Partículas y Astropartículas;Máster;Madrid;Mujeres;No;Tiempo Parcial;1;19/07/2026
2025;Zaragoza;Facultad;Facultad de Ciencias;Máster: Física del Universo: Cosmología, Astrofísica, Partículas y Astropartículas;Máster;Navarra;Hombres;No;Tiempo Completo;2;19/07/2026
2025;Zaragoza;Facultad;Facultad de Ciencias;Máster: Física del Universo: Cosmología, Astrofísica, Partículas y Astropartículas;Máster;Pais Vasco;Mujeres;No;Tiempo Completo;1;19/07/2026
2025;Zaragoza;Facultad;Facultad de Ciencias;Máster: Física y Tecnologías Físicas;Máster;Andalucía;Hombres;No;Tiempo Completo;1;19/07/2026
2025;Zaragoza;Facultad;Facultad de Ciencias;Máster: Física y Tecnologías Físicas;Máster;Aragón;Hombres;No;Tiempo Completo;7;19/07/2026
2025;Zaragoza;Facultad;Facultad de Ciencias;Máster: Física y Tecnologías Físicas;Máster;Aragón;Mujeres;No;Tiempo Completo;2;19/07/2026
2025;Zaragoza;Facultad;Facultad de Ciencias;Máster: Física y Tecnologías Físicas;Máster;Navarra;Hombres;No;Tiempo Completo;1;19/07/2026
2025;Zaragoza;Facultad;Facultad de Ciencias;Máster: Física y Tecnologías Físicas;Máster;Navarra;Mujeres;No;Tiempo Completo;1;19/07/2026
2025;Zaragoza;Facultad;Facultad de Ciencias;Máster: Física y Tecnologías Físicas;Máster;Pais Vasco;Hombres;No;Tiempo Completo;1;19/07/2026
2025;Zaragoza;Facultad;Facultad de Ciencias;Máster: Geología Aplicada a la Ingeniería y el Medio Ambiente;Máster;Aragón;Hombres;No;Tiempo Completo;4;19/07/2026
2025;Zaragoza;Facultad;Facultad de Ciencias;Máster: Geología Aplicada a la Ingeniería y el Medio Ambiente;Máster;Aragón;Hombres;No;Tiempo Parcial;1;19/07/2026
2025;Zaragoza;Facultad;Facultad de Ciencias;Máster: Geología Aplicada a la Ingeniería y el Medio Ambiente;Máster;Aragón;Mujeres;No;Tiempo Completo;4;19/07/2026
2025;Zaragoza;Facultad;Facultad de Ciencias;Máster: Geología Aplicada a la Ingeniería y el Medio Ambiente;Máster;Aragón;Mujeres;No;Tiempo Parcial;1;19/07/2026
2025;Zaragoza;Facultad;Facultad de Ciencias;Máster: Geología Aplicada a la Ingeniería y el Medio Ambiente;Máster;Catalunya;Hombres;No;Tiempo Completo;1;19/07/2026
2025;Zaragoza;Facultad;Facultad de Ciencias;Máster: Geología Aplicada a la Ingeniería y el Medio Ambiente;Máster;Navarra;Hombres;No;Tiempo Completo;1;19/07/2026
2025;Zaragoza;Facultad;Facultad de Ciencias;Máster: Geología Aplicada a la Ingeniería y el Medio Ambiente;Máster;No Informado;Hombres;No;Tiempo Completo;1;19/07/2026
2025;Zaragoza;Facultad;Facultad de Ciencias;Máster: Geología Aplicada a la Ingeniería y el Medio Ambiente;Máster;No Informado;Mujeres;No;Tiempo Completo;2;19/07/2026
2025;Zaragoza;Facultad;Facultad de Ciencias;Máster: Geología: Técnicas y Aplicaciones;Máster;Aragón;Hombres;No;Tiempo Completo;1;19/07/2026
2025;Zaragoza;Facultad;Facultad de Ciencias;Máster: Materiales nanoestructurados para aplicaciones nanotecnológicas;Máster;Aragón;Hombres;No;Tiempo Completo;6;19/07/2026
2025;Zaragoza;Facultad;Facultad de Ciencias;Máster: Materiales nanoestructurados para aplicaciones nanotecnológicas;Máster;Aragón;Mujeres;No;Tiempo Completo;5;19/07/2026
2025;Zaragoza;Facultad;Facultad de Ciencias;Máster: Materiales nanoestructurados para aplicaciones nanotecnológicas;Máster;Aragón;Mujeres;No;Tiempo Parcial;1;19/07/2026
2025;Zaragoza;Facultad;Facultad de Ciencias;Máster: Materiales nanoestructurados para aplicaciones nanotecnológicas;Máster;Asturias;Hombres;No;Tiempo Completo;1;19/07/2026
2025;Zaragoza;Facultad;Facultad de Ciencias;Máster: Materiales nanoestructurados para aplicaciones nanotecnológicas;Máster;La Rioja;Mujeres;No;Tiempo Completo;1;19/07/2026
2025;Zaragoza;Facultad;Facultad de Ciencias;Máster: Materiales nanoestructurados para aplicaciones nanotecnológicas;Máster;Navarra;Mujeres;No;Tiempo Completo;1;19/07/2026
2025;Zaragoza;Facultad;Facultad de Ciencias;Máster: Materiales nanoestructurados para aplicaciones nanotecnológicas;Máster;No Informado;Hombres;No;Tiempo Completo;1;19/07/2026
2025;Zaragoza;Facultad;Facultad de Ciencias;Máster: Modelización e Investigación Matemática, Estadística y Computación;Máster;Aragón;Hombres;No;Tiempo Completo;13;19/07/2026
2025;Zaragoza;Facultad;Facultad de Ciencias;Máster: Modelización e Investigación Matemática, Estadística y Computación;Máster;Aragón;Hombres;No;Tiempo Parcial;4;19/07/2026
2025;Zaragoza;Facultad;Facultad de Ciencias;Máster: Modelización e Investigación Matemática, Estadística y Computación;Máster;Aragón;Mujeres;No;Tiempo Completo;2;19/07/2026
2025;Zaragoza;Facultad;Facultad de Ciencias;Máster: Modelización e Investigación Matemática, Estadística y Computación;Máster;Aragón;Mujeres;No;Tiempo Parcial;1;19/07/2026
2025;Zaragoza;Facultad;Facultad de Ciencias;Máster: Modelización e Investigación Matemática, Estadística y Computación;Máster;Castilla-La Mancha;Mujeres;No;Tiempo Completo;1;19/07/2026
2025;Zaragoza;Facultad;Facultad de Ciencias;Máster: Modelización e Investigación Matemática, Estadística y Computación;Máster;Navarra;Hombres;No;Tiempo Completo;1;19/07/2026
2025;Zaragoza;Facultad;Facultad de Ciencias;Máster: Modelización e Investigación Matemática, Estadística y Computación;Máster;No Informado;Hombres;No;Tiempo Parcial;1;19/07/2026
2025;Zaragoza;Facultad;Facultad de Ciencias;Máster: Modelización e Investigación Matemática, Estadística y Computación;Máster;Pais Vasco;Hombres;No;Tiempo Completo;1;19/07/2026
2025;Zaragoza;Facultad;Facultad de Ciencias;Máster: Paleontología;Máster;Andalucía;Hombres;No;Tiempo Completo;1;19/07/2026
2025;Zaragoza;Facultad;Facultad de Ciencias;Máster: Paleontología;Máster;Aragón;Hombres;No;Tiempo Completo;3;19/07/2026
2025;Zaragoza;Facultad;Facultad de Ciencias;Máster: Paleontología;Máster;Aragón;Hombres;No;Tiempo Parcial;4;19/07/2026
2025;Zaragoza;Facultad;Facultad de Ciencias;Máster: Paleontología;Máster;Asturias;Mujeres;No;Tiempo Parcial;1;19/07/2026
2025;Zaragoza;Facultad;Facultad de Ciencias;Máster: Paleontología;Máster;Canarias;Hombres;No;Tiempo Completo;1;19/07/2026
2025;Zaragoza;Facultad;Facultad de Ciencias;Máster: Paleontología;Máster;Comunidad Valenciana;Hombres;No;Tiempo Completo;1;19/07/2026
2025;Zaragoza;Facultad;Facultad de Ciencias;Máster: Paleontología;Máster;Navarra;Hombres;No;Tiempo Completo;1;19/07/2026
2025;Zaragoza;Facultad;Facultad de Ciencias;Máster: Paleontología;Máster;No Informado;Mujeres;No;Tiempo Completo;1;19/07/2026
2025;Zaragoza;Facultad;Facultad de Ciencias;Máster: Paleontología;Máster;Pais Vasco;Hombres;No;Tiempo Completo;1;19/07/2026
2025;Zaragoza;Facultad;Facultad de Ciencias;Máster: Química Industrial;Máster;Andalucía;Hombres;No;Tiempo Completo;2;19/07/2026
2025;Zaragoza;Facultad;Facultad de Ciencias;Máster: Química Industrial;Máster;Aragón;Hombres;No;Tiempo Completo;7;19/07/2026
2025;Zaragoza;Facultad;Facultad de Ciencias;Máster: Química Industrial;Máster;Aragón;Hombres;No;Tiempo Parcial;2;19/07/2026
2025;Zaragoza;Facultad;Facultad de Ciencias;Máster: Química Industrial;Máster;Aragón;Mujeres;No;Tiempo Completo;14;19/07/2026
2025;Zaragoza;Facultad;Facultad de Ciencias;Máster: Química Industrial;Máster;Aragón;Mujeres;No;Tiempo Parcial;2;19/07/2026
2025;Zaragoza;Facultad;Facultad de Ciencias;Máster: Química Industrial;Máster;Castilla-La Mancha;Hombres;No;Tiempo Completo;1;19/07/2026
2025;Zaragoza;Facultad;Facultad de Ciencias;Máster: Química Industrial;Máster;La Rioja;Mujeres;No;Tiempo Completo;1;19/07/2026
2025;Zaragoza;Facultad;Facultad de Ciencias;Máster: Química Industrial;Máster;Madrid;Mujeres;No;Tiempo Completo;1;19/07/2026
2025;Zaragoza;Facultad;Facultad de Ciencias;Máster: Química Industrial;Máster;Navarra;Hombres;No;Tiempo Completo;1;19/07/2026
2025;Zaragoza;Facultad;Facultad de Ciencias;Máster: Química Molecular y Catálisis Homogénea;Máster;Aragón;Hombres;No;Tiempo Completo;6;19/07/2026
2025;Zaragoza;Facultad;Facultad de Ciencias;Máster: Química Molecular y Catálisis Homogénea;Máster;Aragón;Mujeres;No;Tiempo Completo;1;19/07/2026
2025;Zaragoza;Facultad;Facultad de Ciencias;Máster: Química Molecular y Catálisis Homogénea;Máster;Madrid;Hombres;No;Tiempo Completo;1;19/07/2026
2025;Zaragoza;Facultad;Facultad de Ciencias;Máster: Química Molecular y Catálisis Homogénea;Máster;Madrid;Mujeres;No;Tiempo Completo;1;19/07/2026
2025;Zaragoza;Facultad;Facultad de Ciencias;Máster: Química Molecular y Catálisis Homogénea;Máster;Murcia;Hombres;No;Tiempo Completo;1;19/07/2026
2025;Zaragoza;Facultad;Facultad de Ciencias de la Salud;Grado: Enfermería;Grado;Andalucía;Mujeres;No;Tiempo Completo;5;19/07/2026
2025;Zaragoza;Facultad;Facultad de Ciencias de la Salud;Grado: Enfermería;Grado;Aragón;Hombres;No;Tiempo Completo;96;19/07/2026
2025;Zaragoza;Facultad;Facultad de Ciencias de la Salud;Grado: Enfermería;Grado;Aragón;Hombres;Sí;Tiempo Completo;5;19/07/2026
2025;Zaragoza;Facultad;Facultad de Ciencias de la Salud;Grado: Enfermería;Grado;Aragón;Hombres;No;Tiempo Parcial;3;19/07/2026
2025;Zaragoza;Facultad;Facultad de Ciencias de la Salud;Grado: Enfermería;Grado;Aragón;Mujeres;No;Tiempo Completo;466;19/07/2026
2025;Zaragoza;Facultad;Facultad de Ciencias de la Salud;Grado: Enfermería;Grado;Aragón;Mujeres;Sí;Tiempo Completo;15;19/07/2026
2025;Zaragoza;Facultad;Facultad de Ciencias de la Salud;Grado: Enfermería;Grado;Aragón;Mujeres;No;Tiempo Parcial;25;19/07/2026
2025;Zaragoza;Facultad;Facultad de Ciencias de la Salud;Grado: Enfermería;Grado;Canarias;Mujeres;No;Tiempo Completo;4;19/07/2026
2025;Zaragoza;Facultad;Facultad de Ciencias de la Salud;Grado: Enfermería;Grado;Castilla y Leon;Hombres;No;Tiempo Completo;2;19/07/2026
2025;Zaragoza;Facultad;Facultad de Ciencias de la Salud;Grado: Enfermería;Grado;Castilla y Leon;Mujeres;No;Tiempo Completo;4;19/07/2026
2025;Zaragoza;Facultad;Facultad de Ciencias de la Salud;Grado: Enfermería;Grado;Castilla-La Mancha;Mujeres;No;Tiempo Completo;1;19/07/2026
2025;Zaragoza;Facultad;Facultad de Ciencias de la Salud;Grado: Enfermería;Grado;Catalunya;Mujeres;No;Tiempo Completo;1;19/07/2026
2025;Zaragoza;Facultad;Facultad de Ciencias de la Salud;Grado: Enfermería;Grado;Comunidad Valenciana;Hombres;No;Tiempo Completo;1;19/07/2026
2025;Zaragoza;Facultad;Facultad de Ciencias de la Salud;Grado: Enfermería;Grado;Comunidad Valenciana;Mujeres;No;Tiempo Completo;1;19/07/2026
2025;Zaragoza;Facultad;Facultad de Ciencias de la Salud;Grado: Enfermería;Grado;La Rioja;Mujeres;No;Tiempo Completo;3;19/07/2026
2025;Zaragoza;Facultad;Facultad de Ciencias de la Salud;Grado: Enfermería;Grado;Navarra;Hombres;No;Tiempo Completo;2;19/07/2026
2025;Zaragoza;Facultad;Facultad de Ciencias de la Salud;Grado: Enfermería;Grado;Navarra;Mujeres;No;Tiempo Completo;11;19/07/2026
2025;Zaragoza;Facultad;Facultad de Ciencias de la Salud;Grado: Enfermería;Grado;Pais Vasco;Mujeres;No;Tiempo Completo;3;19/07/2026
2025;Zaragoza;Facultad;Facultad de Ciencias de la Salud;Grado: Fisioterapia;Grado;Andalucía;Mujeres;No;Tiempo Completo;2;19/07/2026
2025;Zaragoza;Facultad;Facultad de Ciencias de la Salud;Grado: Fisioterapia;Grado;Aragón;Hombres;No;Tiempo Completo;88;19/07/2026
2025;Zaragoza;Facultad;Facultad de Ciencias de la Salud;Grado: Fisioterapia;Grado;Aragón;Hombres;No;Tiempo Parcial;3;19/07/2026
2025;Zaragoza;Facultad;Facultad de Ciencias de la Salud;Grado: Fisioterapia;Grado;Aragón;Mujeres;No;Tiempo Completo;109;19/07/2026
2025;Zaragoza;Facultad;Facultad de Ciencias de la Salud;Grado: Fisioterapia;Grado;Aragón;Mujeres;Sí;Tiempo Completo;1;19/07/2026
2025;Zaragoza;Facultad;Facultad de Ciencias de la Salud;Grado: Fisioterapia;Grado;Aragón;Mujeres;No;Tiempo Parcial;7;19/07/2026
2025;Zaragoza;Facultad;Facultad de Ciencias de la Salud;Grado: Fisioterapia;Grado;Canarias;Mujeres;No;Tiempo Completo;1;19/07/2026
2025;Zaragoza;Facultad;Facultad de Ciencias de la Salud;Grado: Fisioterapia;Grado;Castilla y Leon;Hombres;No;Tiempo Completo;1;19/07/2026
2025;Zaragoza;Facultad;Facultad de Ciencias de la Salud;Grado: Fisioterapia;Grado;Castilla y Leon;Mujeres;No;Tiempo Completo;3;19/07/2026
2025;Zaragoza;Facultad;Facultad de Ciencias de la Salud;Grado: Fisioterapia;Grado;Castilla-La Mancha;Hombres;No;Tiempo Completo;1;19/07/2026
2025;Zaragoza;Facultad;Facultad de Ciencias de la Salud;Grado: Fisioterapia;Grado;Extremadura;Hombres;No;Tiempo Completo;1;19/07/2026
2025;Zaragoza;Facultad;Facultad de Ciencias de la Salud;Grado: Fisioterapia;Grado;La Rioja;Hombres;No;Tiempo Completo;7;19/07/2026
2025;Zaragoza;Facultad;Facultad de Ciencias de la Salud;Grado: Fisioterapia;Grado;La Rioja;Mujeres;No;Tiempo Completo;7;19/07/2026
2025;Zaragoza;Facultad;Facultad de Ciencias de la Salud;Grado: Fisioterapia;Grado;Navarra;Hombres;No;Tiempo Completo;6;19/07/2026
2025;Zaragoza;Facultad;Facultad de Ciencias de la Salud;Grado: Fisioterapia;Grado;Navarra;Mujeres;No;Tiempo Completo;5;19/07/2026
2025;Zaragoza;Facultad;Facultad de Ciencias de la Salud;Grado: Fisioterapia;Grado;Pais Vasco;Hombres;No;Tiempo Completo;1;19/07/2026
2025;Zaragoza;Facultad;Facultad de Ciencias de la Salud;Grado: Fisioterapia;Grado;Pais Vasco;Mujeres;No;Tiempo Completo;2;19/07/2026
2025;Zaragoza;Facultad;Facultad de Ciencias de la Salud;Grado: Fisioterapia;Grado;Pais Vasco;Mujeres;No;Tiempo Parcial;1;19/07/2026
2025;Zaragoza;Facultad;Facultad de Ciencias de la Salud;Grado: Terapia Ocupacional;Grado;Andalucía;Mujeres;No;Tiempo Completo;3;19/07/2026
2025;Zaragoza;Facultad;Facultad de Ciencias de la Salud;Grado: Terapia Ocupacional;Grado;Aragón;Hombres;No;Tiempo Completo;45;19/07/2026
2025;Zaragoza;Facultad;Facultad de Ciencias de la Salud;Grado: Terapia Ocupacional;Grado;Aragón;Hombres;Sí;Tiempo Completo;2;19/07/2026
2025;Zaragoza;Facultad;Facultad de Ciencias de la Salud;Grado: Terapia Ocupacional;Grado;Aragón;Mujeres;No;Tiempo Completo;157;19/07/2026
2025;Zaragoza;Facultad;Facultad de Ciencias de la Salud;Grado: Terapia Ocupacional;Grado;Aragón;Mujeres;Sí;Tiempo Completo;6;19/07/2026
2025;Zaragoza;Facultad;Facultad de Ciencias de la Salud;Grado: Terapia Ocupacional;Grado;Aragón;Mujeres;No;Tiempo Parcial;6;19/07/2026
2025;Zaragoza;Facultad;Facultad de Ciencias de la Salud;Grado: Terapia Ocupacional;Grado;Canarias;Hombres;No;Tiempo Completo;1;19/07/2026
2025;Zaragoza;Facultad;Facultad de Ciencias de la Salud;Grado: Terapia Ocupacional;Grado;Canarias;Mujeres;No;Tiempo Completo;3;19/07/2026
2025;Zaragoza;Facultad;Facultad de Ciencias de la Salud;Grado: Terapia Ocupacional;Grado;Cantabria;Mujeres;No;Tiempo Completo;1;19/07/2026
2025;Zaragoza;Facultad;Facultad de Ciencias de la Salud;Grado: Terapia Ocupacional;Grado;Castilla y Leon;Mujeres;No;Tiempo Completo;2;19/07/2026
2025;Zaragoza;Facultad;Facultad de Ciencias de la Salud;Grado: Terapia Ocupacional;Grado;Castilla y Leon;Mujeres;Sí;Tiempo Completo;1;19/07/2026
2025;Zaragoza;Facultad;Facultad de Ciencias de la Salud;Grado: Terapia Ocupacional;Grado;Castilla-La Mancha;Hombres;No;Tiempo Completo;1;19/07/2026
2025;Zaragoza;Facultad;Facultad de Ciencias de la Salud;Grado: Terapia Ocupacional;Grado;Castilla-La Mancha;Mujeres;No;Tiempo Completo;2;19/07/2026
2025;Zaragoza;Facultad;Facultad de Ciencias de la Salud;Grado: Terapia Ocupacional;Grado;Catalunya;Mujeres;No;Tiempo Completo;2;19/07/2026
2025;Zaragoza;Facultad;Facultad de Ciencias de la Salud;Grado: Terapia Ocupacional;Grado;Comunidad Valenciana;Mujeres;No;Tiempo Completo;1;19/07/2026
2025;Zaragoza;Facultad;Facultad de Ciencias de la Salud;Grado: Terapia Ocupacional;Grado;La Rioja;Hombres;No;Tiempo Completo;2;19/07/2026
2025;Zaragoza;Facultad;Facultad de Ciencias de la Salud;Grado: Terapia Ocupacional;Grado;La Rioja;Mujeres;No;Tiempo Completo;1;19/07/2026
2025;Zaragoza;Facultad;Facultad de Ciencias de la Salud;Grado: Terapia Ocupacional;Grado;Navarra;Mujeres;No;Tiempo Completo;12;19/07/2026
2025;Zaragoza;Facultad;Facultad de Ciencias de la Salud;Grado: Terapia Ocupacional;Grado;No Informado;Mujeres;No;Tiempo Completo;1;19/07/2026
2025;Zaragoza;Facultad;Facultad de Ciencias de la Salud;Grado: Terapia Ocupacional;Grado;Pais Vasco;Mujeres;No;Tiempo Completo;6;19/07/2026
2025;Zaragoza;Facultad;Facultad de Ciencias de la Salud;Movilidad para 1º y 2º ciclo y grado;Movilidad de entrada;Andalucía;Hombres;No;Tiempo Completo;2;19/07/2026
2025;Zaragoza;Facultad;Facultad de Ciencias de la Salud;Movilidad para 1º y 2º ciclo y grado;Movilidad de entrada;Andalucía;Mujeres;No;Tiempo Completo;4;19/07/2026
2025;Zaragoza;Facultad;Facultad de Ciencias de la Salud;Movilidad para 1º y 2º ciclo y grado;Movilidad de entrada;Aragón;Mujeres;No;Tiempo Completo;5;19/07/2026
2025;Zaragoza;Facultad;Facultad de Ciencias de la Salud;Movilidad para 1º y 2º ciclo y grado;Movilidad de entrada;Castilla y Leon;Mujeres;No;Tiempo Completo;1;19/07/2026
2025;Zaragoza;Facultad;Facultad de Ciencias de la Salud;Movilidad para 1º y 2º ciclo y grado;Movilidad de entrada;Comunidad Valenciana;Mujeres;No;Tiempo Completo;1;19/07/2026
2025;Zaragoza;Facultad;Facultad de Ciencias de la Salud;Movilidad para 1º y 2º ciclo y grado;Movilidad de entrada;Extremadura;Mujeres;No;Tiempo Completo;1;19/07/2026
2025;Zaragoza;Facultad;Facultad de Ciencias de la Salud;Movilidad para 1º y 2º ciclo y grado;Movilidad de entrada;Navarra;Mujeres;No;Tiempo Completo;1;19/07/2026
2025;Zaragoza;Facultad;Facultad de Ciencias de la Salud;Movilidad para 1º y 2º ciclo y grado;Movilidad de entrada;No Informado;Hombres;No;Tiempo Completo;7;19/07/2026
2025;Zaragoza;Facultad;Facultad de Ciencias de la Salud;Movilidad para 1º y 2º ciclo y grado;Movilidad de entrada;No Informado;Mujeres;No;Tiempo Completo;8;19/07/2026
2025;Zaragoza;Facultad;Facultad de Ciencias de la Salud;Máster: Gerontología Social;Máster;Aragón;Hombres;No;Tiempo Completo;7;19/07/2026
2025;Zaragoza;Facultad;Facultad de Ciencias de la Salud;Máster: Gerontología Social;Máster;Aragón;Mujeres;No;Tiempo Completo;20;19/07/2026
2025;Zaragoza;Facultad;Facultad de Ciencias de la Salud;Máster: Gerontología Social;Máster;Aragón;Mujeres;No;Tiempo Parcial;2;19/07/2026
2025;Zaragoza;Facultad;Facultad de Ciencias de la Salud;Máster: Gerontología Social;Máster;Castilla y Leon;Mujeres;No;Tiempo Completo;1;19/07/2026
2025;Zaragoza;Facultad;Facultad de Ciencias de la Salud;Máster: Gerontología Social;Máster;Comunidad Valenciana;Mujeres;No;Tiempo Completo;1;19/07/2026
2025;Zaragoza;Facultad;Facultad de Ciencias de la Salud;Máster: Gerontología Social;Máster;Navarra;Mujeres;No;Tiempo Completo;1;19/07/2026
2025;Zaragoza;Facultad;Facultad de Ciencias Sociales y del Trabajo;Grado: Relaciones Laborales y Recursos Humanos;Grado;Andalucía;Mujeres;No;Tiempo Completo;2;19/07/2026
2025;Zaragoza;Facultad;Facultad de Ciencias Sociales y del Trabajo;Grado: Relaciones Laborales y Recursos Humanos;Grado;Aragón;Desconocido;No;Otra dedicación;1;19/07/2026
2025;Zaragoza;Facultad;Facultad de Ciencias Sociales y del Trabajo;Grado: Relaciones Laborales y Recursos Humanos;Grado;Aragón;Hombres;No;Otra dedicación;28;19/07/2026
2025;Zaragoza;Facultad;Facultad de Ciencias Sociales y del Trabajo;Grado: Relaciones Laborales y Recursos Humanos;Grado;Aragón;Hombres;No;Tiempo Completo;200;19/07/2026
2025;Zaragoza;Facultad;Facultad de Ciencias Sociales y del Trabajo;Grado: Relaciones Laborales y Recursos Humanos;Grado;Aragón;Hombres;Sí;Tiempo Completo;11;19/07/2026
2025;Zaragoza;Facultad;Facultad de Ciencias Sociales y del Trabajo;Grado: Relaciones Laborales y Recursos Humanos;Grado;Aragón;Hombres;No;Tiempo Parcial;6;19/07/2026
2025;Zaragoza;Facultad;Facultad de Ciencias Sociales y del Trabajo;Grado: Relaciones Laborales y Recursos Humanos;Grado;Aragón;Mujeres;No;Otra dedicación;39;19/07/2026
2025;Zaragoza;Facultad;Facultad de Ciencias Sociales y del Trabajo;Grado: Relaciones Laborales y Recursos Humanos;Grado;Aragón;Mujeres;No;Tiempo Completo;346;19/07/2026
2025;Zaragoza;Facultad;Facultad de Ciencias Sociales y del Trabajo;Grado: Relaciones Laborales y Recursos Humanos;Grado;Aragón;Mujeres;Sí;Tiempo Completo;4;19/07/2026
2025;Zaragoza;Facultad;Facultad de Ciencias Sociales y del Trabajo;Grado: Relaciones Laborales y Recursos Humanos;Grado;Aragón;Mujeres;No;Tiempo Parcial;15;19/07/2026
2025;Zaragoza;Facultad;Facultad de Ciencias Sociales y del Trabajo;Grado: Relaciones Laborales y Recursos Humanos;Grado;Canarias;Hombres;No;Tiempo Parcial;1;19/07/2026
2025;Zaragoza;Facultad;Facultad de Ciencias Sociales y del Trabajo;Grado: Relaciones Laborales y Recursos Humanos;Grado;Cantabria;Hombres;No;Tiempo Completo;1;19/07/2026
2025;Zaragoza;Facultad;Facultad de Ciencias Sociales y del Trabajo;Grado: Relaciones Laborales y Recursos Humanos;Grado;Cantabria;Mujeres;No;Tiempo Completo;2;19/07/2026
2025;Zaragoza;Facultad;Facultad de Ciencias Sociales y del Trabajo;Grado: Relaciones Laborales y Recursos Humanos;Grado;Castilla y Leon;Mujeres;No;Tiempo Completo;3;19/07/2026
2025;Zaragoza;Facultad;Facultad de Ciencias Sociales y del Trabajo;Grado: Relaciones Laborales y Recursos Humanos;Grado;Castilla-La Mancha;Mujeres;No;Tiempo Completo;1;19/07/2026
2025;Zaragoza;Facultad;Facultad de Ciencias Sociales y del Trabajo;Grado: Relaciones Laborales y Recursos Humanos;Grado;Catalunya;Hombres;No;Tiempo Completo;1;19/07/2026
2025;Zaragoza;Facultad;Facultad de Ciencias Sociales y del Trabajo;Grado: Relaciones Laborales y Recursos Humanos;Grado;Catalunya;Mujeres;No;Tiempo Completo;2;19/07/2026
2025;Zaragoza;Facultad;Facultad de Ciencias Sociales y del Trabajo;Grado: Relaciones Laborales y Recursos Humanos;Grado;Ciudad autónoma de Melilla;Mujeres;No;Otra dedicación;1;19/07/2026
2025;Zaragoza;Facultad;Facultad de Ciencias Sociales y del Trabajo;Grado: Relaciones Laborales y Recursos Humanos;Grado;Comunidad Valenciana;Mujeres;No;Tiempo Completo;2;19/07/2026
2025;Zaragoza;Facultad;Facultad de Ciencias Sociales y del Trabajo;Grado: Relaciones Laborales y Recursos Humanos;Grado;La Rioja;Hombres;No;Otra dedicación;1;19/07/2026
2025;Zaragoza;Facultad;Facultad de Ciencias Sociales y del Trabajo;Grado: Relaciones Laborales y Recursos Humanos;Grado;La Rioja;Hombres;No;Tiempo Completo;4;19/07/2026
2025;Zaragoza;Facultad;Facultad de Ciencias Sociales y del Trabajo;Grado: Relaciones Laborales y Recursos Humanos;Grado;La Rioja;Mujeres;No;Otra dedicación;1;19/07/2026
2025;Zaragoza;Facultad;Facultad de Ciencias Sociales y del Trabajo;Grado: Relaciones Laborales y Recursos Humanos;Grado;La Rioja;Mujeres;No;Tiempo Completo;7;19/07/2026
2025;Zaragoza;Facultad;Facultad de Ciencias Sociales y del Trabajo;Grado: Relaciones Laborales y Recursos Humanos;Grado;Madrid;Mujeres;No;Tiempo Completo;1;19/07/2026
2025;Zaragoza;Facultad;Facultad de Ciencias Sociales y del Trabajo;Grado: Relaciones Laborales y Recursos Humanos;Grado;Navarra;Hombres;No;Tiempo Completo;3;19/07/2026
2025;Zaragoza;Facultad;Facultad de Ciencias Sociales y del Trabajo;Grado: Relaciones Laborales y Recursos Humanos;Grado;Navarra;Mujeres;No;Otra dedicación;3;19/07/2026
2025;Zaragoza;Facultad;Facultad de Ciencias Sociales y del Trabajo;Grado: Relaciones Laborales y Recursos Humanos;Grado;Navarra;Mujeres;No;Tiempo Completo;15;19/07/2026
2025;Zaragoza;Facultad;Facultad de Ciencias Sociales y del Trabajo;Grado: Relaciones Laborales y Recursos Humanos;Grado;Navarra;Mujeres;Sí;Tiempo Completo;1;19/07/2026
2025;Zaragoza;Facultad;Facultad de Ciencias Sociales y del Trabajo;Grado: Relaciones Laborales y Recursos Humanos;Grado;No Informado;Mujeres;No;Tiempo Completo;1;19/07/2026
2025;Zaragoza;Facultad;Facultad de Ciencias Sociales y del Trabajo;Grado: Trabajo Social;Grado;Andalucía;Hombres;No;Tiempo Completo;1;19/07/2026
2025;Zaragoza;Facultad;Facultad de Ciencias Sociales y del Trabajo;Grado: Trabajo Social;Grado;Andalucía;Mujeres;No;Otra dedicación;3;19/07/2026
2025;Zaragoza;Facultad;Facultad de Ciencias Sociales y del Trabajo;Grado: Trabajo Social;Grado;Andalucía;Mujeres;No;Tiempo Completo;1;19/07/2026
2025;Zaragoza;Facultad;Facultad de Ciencias Sociales y del Trabajo;Grado: Trabajo Social;Grado;Aragón;Hombres;No;Otra dedicación;23;19/07/2026
2025;Zaragoza;Facultad;Facultad de Ciencias Sociales y del Trabajo;Grado: Trabajo Social;Grado;Aragón;Hombres;Sí;Otra dedicación;1;19/07/2026
2025;Zaragoza;Facultad;Facultad de Ciencias Sociales y del Trabajo;Grado: Trabajo Social;Grado;Aragón;Hombres;No;Tiempo Completo;55;19/07/2026
2025;Zaragoza;Facultad;Facultad de Ciencias Sociales y del Trabajo;Grado: Trabajo Social;Grado;Aragón;Hombres;Sí;Tiempo Completo;5;19/07/2026
2025;Zaragoza;Facultad;Facultad de Ciencias Sociales y del Trabajo;Grado: Trabajo Social;Grado;Aragón;Hombres;No;Tiempo Parcial;6;19/07/2026
2025;Zaragoza;Facultad;Facultad de Ciencias Sociales y del Trabajo;Grado: Trabajo Social;Grado;Aragón;Mujeres;No;Otra dedicación;122;19/07/2026
2025;Zaragoza;Facultad;Facultad de Ciencias Sociales y del Trabajo;Grado: Trabajo Social;Grado;Aragón;Mujeres;Sí;Otra dedicación;3;19/07/2026
2025;Zaragoza;Facultad;Facultad de Ciencias Sociales y del Trabajo;Grado: Trabajo Social;Grado;Aragón;Mujeres;No;Tiempo Completo;283;19/07/2026
2025;Zaragoza;Facultad;Facultad de Ciencias Sociales y del Trabajo;Grado: Trabajo Social;Grado;Aragón;Mujeres;Sí;Tiempo Completo;20;19/07/2026
2025;Zaragoza;Facultad;Facultad de Ciencias Sociales y del Trabajo;Grado: Trabajo Social;Grado;Aragón;Mujeres;No;Tiempo Parcial;13;19/07/2026
2025;Zaragoza;Facultad;Facultad de Ciencias Sociales y del Trabajo;Grado: Trabajo Social;Grado;Baleares;Mujeres;No;Tiempo Completo;1;19/07/2026
2025;Zaragoza;Facultad;Facultad de Ciencias Sociales y del Trabajo;Grado: Trabajo Social;Grado;Baleares;Mujeres;Sí;Tiempo Completo;1;19/07/2026
2025;Zaragoza;Facultad;Facultad de Ciencias Sociales y del Trabajo;Grado: Trabajo Social;Grado;Canarias;Hombres;No;Tiempo Completo;2;19/07/2026
2025;Zaragoza;Facultad;Facultad de Ciencias Sociales y del Trabajo;Grado: Trabajo Social;Grado;Canarias;Mujeres;No;Otra dedicación;1;19/07/2026
2025;Zaragoza;Facultad;Facultad de Ciencias Sociales y del Trabajo;Grado: Trabajo Social;Grado;Canarias;Mujeres;No;Tiempo Completo;1;19/07/2026
2025;Zaragoza;Facultad;Facultad de Ciencias Sociales y del Trabajo;Grado: Trabajo Social;Grado;Cantabria;Mujeres;No;Tiempo Completo;2;19/07/2026
2025;Zaragoza;Facultad;Facultad de Ciencias Sociales y del Trabajo;Grado: Trabajo Social;Grado;Castilla y Leon;Hombres;No;Otra dedicación;1;19/07/2026
2025;Zaragoza;Facultad;Facultad de Ciencias Sociales y del Trabajo;Grado: Trabajo Social;Grado;Castilla y Leon;Hombres;Sí;Otra dedicación;1;19/07/2026
2025;Zaragoza;Facultad;Facultad de Ciencias Sociales y del Trabajo;Grado: Trabajo Social;Grado;Castilla y Leon;Hombres;No;Tiempo Completo;1;19/07/2026
2025;Zaragoza;Facultad;Facultad de Ciencias Sociales y del Trabajo;Grado: Trabajo Social;Grado;Castilla y Leon;Mujeres;No;Otra dedicación;1;19/07/2026
2025;Zaragoza;Facultad;Facultad de Ciencias Sociales y del Trabajo;Grado: Trabajo Social;Grado;Castilla y Leon;Mujeres;No;Tiempo Completo;5;19/07/2026
2025;Zaragoza;Facultad;Facultad de Ciencias Sociales y del Trabajo;Grado: Trabajo Social;Grado;Castilla-La Mancha;Hombres;No;Tiempo Completo;1;19/07/2026
2025;Zaragoza;Facultad;Facultad de Ciencias Sociales y del Trabajo;Grado: Trabajo Social;Grado;Castilla-La Mancha;Mujeres;No;Tiempo Completo;1;19/07/2026
2025;Zaragoza;Facultad;Facultad de Ciencias Sociales y del Trabajo;Grado: Trabajo Social;Grado;Catalunya;Mujeres;No;Otra dedicación;1;19/07/2026
2025;Zaragoza;Facultad;Facultad de Ciencias Sociales y del Trabajo;Grado: Trabajo Social;Grado;Catalunya;Mujeres;No;Tiempo Completo;2;19/07/2026
2025;Zaragoza;Facultad;Facultad de Ciencias Sociales y del Trabajo;Grado: Trabajo Social;Grado;Comunidad Valenciana;Hombres;No;Tiempo Completo;1;19/07/2026
2025;Zaragoza;Facultad;Facultad de Ciencias Sociales y del Trabajo;Grado: Trabajo Social;Grado;Comunidad Valenciana;Mujeres;No;Tiempo Completo;2;19/07/2026
2025;Zaragoza;Facultad;Facultad de Ciencias Sociales y del Trabajo;Grado: Trabajo Social;Grado;Galicia;Mujeres;No;Otra dedicación;1;19/07/2026
2025;Zaragoza;Facultad;Facultad de Ciencias Sociales y del Trabajo;Grado: Trabajo Social;Grado;La Rioja;Hombres;No;Tiempo Completo;1;19/07/2026
2025;Zaragoza;Facultad;Facultad de Ciencias Sociales y del Trabajo;Grado: Trabajo Social;Grado;La Rioja;Mujeres;No;Otra dedicación;1;19/07/2026
2025;Zaragoza;Facultad;Facultad de Ciencias Sociales y del Trabajo;Grado: Trabajo Social;Grado;La Rioja;Mujeres;No;Tiempo Completo;6;19/07/2026
2025;Zaragoza;Facultad;Facultad de Ciencias Sociales y del Trabajo;Grado: Trabajo Social;Grado;Madrid;Mujeres;No;Otra dedicación;1;19/07/2026
2025;Zaragoza;Facultad;Facultad de Ciencias Sociales y del Trabajo;Grado: Trabajo Social;Grado;Navarra;Hombres;No;Tiempo Completo;1;19/07/2026
2025;Zaragoza;Facultad;Facultad de Ciencias Sociales y del Trabajo;Grado: Trabajo Social;Grado;Navarra;Mujeres;No;Otra dedicación;4;19/07/2026
2025;Zaragoza;Facultad;Facultad de Ciencias Sociales y del Trabajo;Grado: Trabajo Social;Grado;Navarra;Mujeres;No;Tiempo Completo;14;19/07/2026
2025;Zaragoza;Facultad;Facultad de Ciencias Sociales y del Trabajo;Grado: Trabajo Social;Grado;No Informado;Mujeres;No;Otra dedicación;1;19/07/2026
2025;Zaragoza;Facultad;Facultad de Ciencias Sociales y del Trabajo;Grado: Trabajo Social;Grado;Pais Vasco;Mujeres;No;Tiempo Completo;3;19/07/2026
2025;Zaragoza;Facultad;Facultad de Ciencias Sociales y del Trabajo;Movilidad para 1º y 2º ciclo y grado;Movilidad de entrada;Andalucía;Mujeres;No;Tiempo Completo;1;19/07/2026
2025;Zaragoza;Facultad;Facultad de Ciencias Sociales y del Trabajo;Movilidad para 1º y 2º ciclo y grado;Movilidad de entrada;Madrid;Mujeres;No;Tiempo Completo;1;19/07/2026
2025;Zaragoza;Facultad;Facultad de Ciencias Sociales y del Trabajo;Movilidad para 1º y 2º ciclo y grado;Movilidad de entrada;No Informado;Hombres;No;Tiempo Completo;7;19/07/2026
2025;Zaragoza;Facultad;Facultad de Ciencias Sociales y del Trabajo;Movilidad para 1º y 2º ciclo y grado;Movilidad de entrada;No Informado;Mujeres;No;Tiempo Completo;23;19/07/2026
2025;Zaragoza;Facultad;Facultad de Ciencias Sociales y del Trabajo;Movilidad para máster;Movilidad de entrada;No Informado;Hombres;No;Tiempo Completo;3;19/07/2026
2025;Zaragoza;Facultad;Facultad de Ciencias Sociales y del Trabajo;Movilidad para máster;Movilidad de entrada;No Informado;Mujeres;No;Tiempo Completo;2;19/07/2026
2025;Zaragoza;Facultad;Facultad de Ciencias Sociales y del Trabajo;Máster: Gestión Estratégica de Recursos Humanos;Máster;Andalucía;Mujeres;No;Tiempo Completo;2;19/07/2026
2025;Zaragoza;Facultad;Facultad de Ciencias Sociales y del Trabajo;Máster: Gestión Estratégica de Recursos Humanos;Máster;Aragón;Hombres;No;Otra dedicación;5;19/07/2026
2025;Zaragoza;Facultad;Facultad de Ciencias Sociales y del Trabajo;Máster: Gestión Estratégica de Recursos Humanos;Máster;Aragón;Hombres;No;Tiempo Completo;5;19/07/2026
2025;Zaragoza;Facultad;Facultad de Ciencias Sociales y del Trabajo;Máster: Gestión Estratégica de Recursos Humanos;Máster;Aragón;Hombres;No;Tiempo Parcial;3;19/07/2026
2025;Zaragoza;Facultad;Facultad de Ciencias Sociales y del Trabajo;Máster: Gestión Estratégica de Recursos Humanos;Máster;Aragón;Mujeres;No;Otra dedicación;2;19/07/2026
2025;Zaragoza;Facultad;Facultad de Ciencias Sociales y del Trabajo;Máster: Gestión Estratégica de Recursos Humanos;Máster;Aragón;Mujeres;No;Tiempo Completo;17;19/07/2026
2025;Zaragoza;Facultad;Facultad de Ciencias Sociales y del Trabajo;Máster: Gestión Estratégica de Recursos Humanos;Máster;Aragón;Mujeres;No;Tiempo Parcial;3;19/07/2026
2025;Zaragoza;Facultad;Facultad de Ciencias Sociales y del Trabajo;Máster: Gestión Estratégica de Recursos Humanos;Máster;Canarias;Hombres;No;Otra dedicación;1;19/07/2026
2025;Zaragoza;Facultad;Facultad de Ciencias Sociales y del Trabajo;Máster: Gestión Estratégica de Recursos Humanos;Máster;Galicia;Hombres;No;Otra dedicación;1;19/07/2026
2025;Zaragoza;Facultad;Facultad de Ciencias Sociales y del Trabajo;Máster: Gestión Estratégica de Recursos Humanos;Máster;Madrid;Mujeres;No;Otra dedicación;1;19/07/2026
2025;Zaragoza;Facultad;Facultad de Ciencias Sociales y del Trabajo;Máster: Gestión Estratégica de Recursos Humanos;Máster;Navarra;Hombres;No;Otra dedicación;1;19/07/2026
2025;Zaragoza;Facultad;Facultad de Ciencias Sociales y del Trabajo;Máster: Gestión Estratégica de Recursos Humanos;Máster;Navarra;Hombres;No;Tiempo Completo;1;19/07/2026
2025;Zaragoza;Facultad;Facultad de Ciencias Sociales y del Trabajo;Máster: Relaciones de Género;Máster;Aragón;Hombres;No;Tiempo Completo;1;19/07/2026
2025;Zaragoza;Facultad;Facultad de Ciencias Sociales y del Trabajo;Máster: Relaciones de Género;Máster;Aragón;Hombres;No;Tiempo Parcial;1;19/07/2026
2025;Zaragoza;Facultad;Facultad de Ciencias Sociales y del Trabajo;Máster: Relaciones de Género;Máster;Aragón;Mujeres;No;Tiempo Completo;24;19/07/2026
2025;Zaragoza;Facultad;Facultad de Ciencias Sociales y del Trabajo;Máster: Relaciones de Género;Máster;Aragón;Mujeres;No;Tiempo Parcial;4;19/07/2026
2025;Zaragoza;Facultad;Facultad de Ciencias Sociales y del Trabajo;Máster: Relaciones de Género;Máster;Castilla y Leon;Mujeres;No;Tiempo Completo;1;19/07/2026
2025;Zaragoza;Facultad;Facultad de Ciencias Sociales y del Trabajo;Máster: Relaciones de Género;Máster;Extremadura;Mujeres;No;Tiempo Completo;1;19/07/2026
2025;Zaragoza;Facultad;Facultad de Ciencias Sociales y del Trabajo;Máster: Relaciones de Género;Máster;No Informado;Mujeres;No;Tiempo Completo;3;19/07/2026
2025;Zaragoza;Facultad;Facultad de Ciencias Sociales y del Trabajo;Máster: Relaciones de Género;Máster;Pais Vasco;Mujeres;No;Tiempo Completo;1;19/07/2026
2025;Zaragoza;Facultad;Facultad de Derecho;Grado: Derecho;Grado;Andalucía;Hombres;No;Otra dedicación;1;19/07/2026
2025;Zaragoza;Facultad;Facultad de Derecho;Grado: Derecho;Grado;Andalucía;Mujeres;No;Otra dedicación;1;19/07/2026
2025;Zaragoza;Facultad;Facultad de Derecho;Grado: Derecho;Grado;Andalucía;Mujeres;No;Tiempo Completo;2;19/07/2026
2025;Zaragoza;Facultad;Facultad de Derecho;Grado: Derecho;Grado;Aragón;Hombres;No;Otra dedicación;97;19/07/2026
2025;Zaragoza;Facultad;Facultad de Derecho;Grado: Derecho;Grado;Aragón;Hombres;Sí;Otra dedicación;15;19/07/2026
2025;Zaragoza;Facultad;Facultad de Derecho;Grado: Derecho;Grado;Aragón;Hombres;No;Tiempo Completo;282;19/07/2026
2025;Zaragoza;Facultad;Facultad de Derecho;Grado: Derecho;Grado;Aragón;Hombres;Sí;Tiempo Completo;16;19/07/2026
2025;Zaragoza;Facultad;Facultad de Derecho;Grado: Derecho;Grado;Aragón;Hombres;No;Tiempo Parcial;8;19/07/2026
2025;Zaragoza;Facultad;Facultad de Derecho;Grado: Derecho;Grado;Aragón;Mujeres;No;Otra dedicación;198;19/07/2026
2025;Zaragoza;Facultad;Facultad de Derecho;Grado: Derecho;Grado;Aragón;Mujeres;Sí;Otra dedicación;31;19/07/2026
2025;Zaragoza;Facultad;Facultad de Derecho;Grado: Derecho;Grado;Aragón;Mujeres;No;Tiempo Completo;597;19/07/2026
2025;Zaragoza;Facultad;Facultad de Derecho;Grado: Derecho;Grado;Aragón;Mujeres;Sí;Tiempo Completo;30;19/07/2026
2025;Zaragoza;Facultad;Facultad de Derecho;Grado: Derecho;Grado;Aragón;Mujeres;No;Tiempo Parcial;24;19/07/2026
2025;Zaragoza;Facultad;Facultad de Derecho;Grado: Derecho;Grado;Asturias;Mujeres;No;Otra dedicación;1;19/07/2026
2025;Zaragoza;Facultad;Facultad de Derecho;Grado: Derecho;Grado;Baleares;Mujeres;No;Otra dedicación;1;19/07/2026
2025;Zaragoza;Facultad;Facultad de Derecho;Grado: Derecho;Grado;Baleares;Mujeres;No;Tiempo Completo;2;19/07/2026
2025;Zaragoza;Facultad;Facultad de Derecho;Grado: Derecho;Grado;Castilla y Leon;Hombres;No;Otra dedicación;1;19/07/2026
2025;Zaragoza;Facultad;Facultad de Derecho;Grado: Derecho;Grado;Castilla y Leon;Hombres;No;Tiempo Completo;7;19/07/2026
2025;Zaragoza;Facultad;Facultad de Derecho;Grado: Derecho;Grado;Castilla y Leon;Mujeres;No;Otra dedicación;2;19/07/2026
2025;Zaragoza;Facultad;Facultad de Derecho;Grado: Derecho;Grado;Castilla y Leon;Mujeres;No;Tiempo Completo;13;19/07/2026
2025;Zaragoza;Facultad;Facultad de Derecho;Grado: Derecho;Grado;Castilla-La Mancha;Hombres;No;Tiempo Completo;2;19/07/2026
2025;Zaragoza;Facultad;Facultad de Derecho;Grado: Derecho;Grado;Castilla-La Mancha;Mujeres;No;Tiempo Completo;1;19/07/2026
2025;Zaragoza;Facultad;Facultad de Derecho;Grado: Derecho;Grado;Catalunya;Mujeres;No;Tiempo Completo;4;19/07/2026
2025;Zaragoza;Facultad;Facultad de Derecho;Grado: Derecho;Grado;Comunidad Valenciana;Hombres;No;Tiempo Completo;1;19/07/2026
2025;Zaragoza;Facultad;Facultad de Derecho;Grado: Derecho;Grado;Comunidad Valenciana;Mujeres;No;Tiempo Completo;2;19/07/2026
2025;Zaragoza;Facultad;Facultad de Derecho;Grado: Derecho;Grado;Galicia;Mujeres;No;Tiempo Completo;1;19/07/2026
2025;Zaragoza;Facultad;Facultad de Derecho;Grado: Derecho;Grado;La Rioja;Hombres;No;Otra dedicación;3;19/07/2026
2025;Zaragoza;Facultad;Facultad de Derecho;Grado: Derecho;Grado;La Rioja;Hombres;No;Tiempo Completo;1;19/07/2026
2025;Zaragoza;Facultad;Facultad de Derecho;Grado: Derecho;Grado;La Rioja;Mujeres;No;Otra dedicación;3;19/07/2026
2025;Zaragoza;Facultad;Facultad de Derecho;Grado: Derecho;Grado;La Rioja;Mujeres;Sí;Otra dedicación;2;19/07/2026
2025;Zaragoza;Facultad;Facultad de Derecho;Grado: Derecho;Grado;La Rioja;Mujeres;No;Tiempo Completo;9;19/07/2026
2025;Zaragoza;Facultad;Facultad de Derecho;Grado: Derecho;Grado;Madrid;Hombres;No;Otra dedicación;1;19/07/2026
2025;Zaragoza;Facultad;Facultad de Derecho;Grado: Derecho;Grado;Madrid;Mujeres;No;Otra dedicación;1;19/07/2026
2025;Zaragoza;Facultad;Facultad de Derecho;Grado: Derecho;Grado;Madrid;Mujeres;No;Tiempo Parcial;1;19/07/2026
2025;Zaragoza;Facultad;Facultad de Derecho;Grado: Derecho;Grado;Navarra;Hombres;No;Otra dedicación;6;19/07/2026
2025;Zaragoza;Facultad;Facultad de Derecho;Grado: Derecho;Grado;Navarra;Hombres;No;Tiempo Completo;6;19/07/2026
2025;Zaragoza;Facultad;Facultad de Derecho;Grado: Derecho;Grado;Navarra;Mujeres;No;Otra dedicación;5;19/07/2026
2025;Zaragoza;Facultad;Facultad de Derecho;Grado: Derecho;Grado;Navarra;Mujeres;No;Tiempo Completo;10;19/07/2026
2025;Zaragoza;Facultad;Facultad de Derecho;Grado: Derecho;Grado;No Informado;Mujeres;No;Tiempo Completo;3;19/07/2026
2025;Zaragoza;Facultad;Facultad de Derecho;Grado: Derecho;Grado;Pais Vasco;Hombres;No;Tiempo Completo;1;19/07/2026
2025;Zaragoza;Facultad;Facultad de Derecho;Grado: Derecho;Grado;Pais Vasco;Hombres;Sí;Tiempo Completo;1;19/07/2026
2025;Zaragoza;Facultad;Facultad de Derecho;Grado: Derecho;Grado;Pais Vasco;Mujeres;No;Otra dedicación;1;19/07/2026
2025;Zaragoza;Facultad;Facultad de Derecho;Grado: Programa conjunto en Derecho-Administración y Dirección de Empresas;Grado;Aragón;Hombres;No;Otra dedicación;35;19/07/2026
2025;Zaragoza;Facultad;Facultad de Derecho;Grado: Programa conjunto en Derecho-Administración y Dirección de Empresas;Grado;Aragón;Hombres;Sí;Otra dedicación;13;19/07/2026
2025;Zaragoza;Facultad;Facultad de Derecho;Grado: Programa conjunto en Derecho-Administración y Dirección de Empresas;Grado;Aragón;Hombres;No;Tiempo Completo;97;19/07/2026
2025;Zaragoza;Facultad;Facultad de Derecho;Grado: Programa conjunto en Derecho-Administración y Dirección de Empresas;Grado;Aragón;Hombres;Sí;Tiempo Completo;9;19/07/2026
2025;Zaragoza;Facultad;Facultad de Derecho;Grado: Programa conjunto en Derecho-Administración y Dirección de Empresas;Grado;Aragón;Mujeres;No;Otra dedicación;52;19/07/2026
2025;Zaragoza;Facultad;Facultad de Derecho;Grado: Programa conjunto en Derecho-Administración y Dirección de Empresas;Grado;Aragón;Mujeres;Sí;Otra dedicación;21;19/07/2026
2025;Zaragoza;Facultad;Facultad de Derecho;Grado: Programa conjunto en Derecho-Administración y Dirección de Empresas;Grado;Aragón;Mujeres;No;Tiempo Completo;163;19/07/2026
2025;Zaragoza;Facultad;Facultad de Derecho;Grado: Programa conjunto en Derecho-Administración y Dirección de Empresas;Grado;Aragón;Mujeres;Sí;Tiempo Completo;28;19/07/2026
2025;Zaragoza;Facultad;Facultad de Derecho;Grado: Programa conjunto en Derecho-Administración y Dirección de Empresas;Grado;Castilla y Leon;Hombres;No;Tiempo Completo;2;19/07/2026
2025;Zaragoza;Facultad;Facultad de Derecho;Grado: Programa conjunto en Derecho-Administración y Dirección de Empresas;Grado;Castilla y Leon;Mujeres;No;Tiempo Completo;2;19/07/2026
2025;Zaragoza;Facultad;Facultad de Derecho;Grado: Programa conjunto en Derecho-Administración y Dirección de Empresas;Grado;Comunidad Valenciana;Mujeres;No;Tiempo Completo;1;19/07/2026
2025;Zaragoza;Facultad;Facultad de Derecho;Grado: Programa conjunto en Derecho-Administración y Dirección de Empresas;Grado;Extremadura;Hombres;No;Tiempo Completo;1;19/07/2026
2025;Zaragoza;Facultad;Facultad de Derecho;Grado: Programa conjunto en Derecho-Administración y Dirección de Empresas;Grado;La Rioja;Hombres;No;Tiempo Completo;4;19/07/2026
2025;Zaragoza;Facultad;Facultad de Derecho;Grado: Programa conjunto en Derecho-Administración y Dirección de Empresas;Grado;La Rioja;Mujeres;No;Otra dedicación;2;19/07/2026
2025;Zaragoza;Facultad;Facultad de Derecho;Grado: Programa conjunto en Derecho-Administración y Dirección de Empresas;Grado;La Rioja;Mujeres;No;Tiempo Completo;4;19/07/2026
2025;Zaragoza;Facultad;Facultad de Derecho;Grado: Programa conjunto en Derecho-Administración y Dirección de Empresas;Grado;La Rioja;Mujeres;Sí;Tiempo Completo;1;19/07/2026
2025;Zaragoza;Facultad;Facultad de Derecho;Grado: Programa conjunto en Derecho-Administración y Dirección de Empresas;Grado;Madrid;Mujeres;No;Tiempo Completo;1;19/07/2026
2025;Zaragoza;Facultad;Facultad de Derecho;Grado: Programa conjunto en Derecho-Administración y Dirección de Empresas;Grado;Navarra;Mujeres;Sí;Otra dedicación;1;19/07/2026
2025;Zaragoza;Facultad;Facultad de Derecho;Grado: Programa conjunto en Derecho-Administración y Dirección de Empresas;Grado;Navarra;Mujeres;No;Tiempo Completo;1;19/07/2026
2025;Zaragoza;Facultad;Facultad de Derecho;Movilidad para 1º y 2º ciclo y grado;Movilidad de entrada;Aragón;Mujeres;No;Tiempo Completo;1;19/07/2026
2025;Zaragoza;Facultad;Facultad de Derecho;Movilidad para 1º y 2º ciclo y grado;Movilidad de entrada;Cantabria;Hombres;No;Tiempo Completo;1;19/07/2026
2025;Zaragoza;Facultad;Facultad de Derecho;Movilidad para 1º y 2º ciclo y grado;Movilidad de entrada;Castilla y Leon;Hombres;No;Tiempo Completo;1;19/07/2026
2025;Zaragoza;Facultad;Facultad de Derecho;Movilidad para 1º y 2º ciclo y grado;Movilidad de entrada;Castilla y Leon;Mujeres;No;Tiempo Completo;1;19/07/2026
2025;Zaragoza;Facultad;Facultad de Derecho;Movilidad para 1º y 2º ciclo y grado;Movilidad de entrada;Castilla-La Mancha;Mujeres;No;Tiempo Completo;1;19/07/2026
2025;Zaragoza;Facultad;Facultad de Derecho;Movilidad para 1º y 2º ciclo y grado;Movilidad de entrada;Catalunya;Mujeres;No;Tiempo Completo;2;19/07/2026
2025;Zaragoza;Facultad;Facultad de Derecho;Movilidad para 1º y 2º ciclo y grado;Movilidad de entrada;Galicia;Hombres;No;Tiempo Completo;2;19/07/2026
2025;Zaragoza;Facultad;Facultad de Derecho;Movilidad para 1º y 2º ciclo y grado;Movilidad de entrada;Madrid;Hombres;No;Tiempo Completo;1;19/07/2026
2025;Zaragoza;Facultad;Facultad de Derecho;Movilidad para 1º y 2º ciclo y grado;Movilidad de entrada;Madrid;Mujeres;No;Tiempo Completo;1;19/07/2026
2025;Zaragoza;Facultad;Facultad de Derecho;Movilidad para 1º y 2º ciclo y grado;Movilidad de entrada;No Informado;Hombres;No;Tiempo Completo;10;19/07/2026
2025;Zaragoza;Facultad;Facultad de Derecho;Movilidad para 1º y 2º ciclo y grado;Movilidad de entrada;No Informado;Mujeres;No;Tiempo Completo;32;19/07/2026
2025;Zaragoza;Facultad;Facultad de Derecho;Movilidad para 1º y 2º ciclo y grado;Movilidad de entrada;Pais Vasco;Mujeres;No;Tiempo Completo;1;19/07/2026
2025;Zaragoza;Facultad;Facultad de Derecho;Máster: Abogacía;Máster;Andalucía;Mujeres;No;Tiempo Completo;1;19/07/2026
2025;Zaragoza;Facultad;Facultad de Derecho;Máster: Abogacía;Máster;Aragón;Hombres;No;Otra dedicación;24;19/07/2026
2025;Zaragoza;Facultad;Facultad de Derecho;Máster: Abogacía;Máster;Aragón;Hombres;No;Tiempo Completo;21;19/07/2026
2025;Zaragoza;Facultad;Facultad de Derecho;Máster: Abogacía;Máster;Aragón;Mujeres;No;Otra dedicación;38;19/07/2026
2025;Zaragoza;Facultad;Facultad de Derecho;Máster: Abogacía;Máster;Aragón;Mujeres;No;Tiempo Completo;46;19/07/2026
2025;Zaragoza;Facultad;Facultad de Derecho;Máster: Abogacía;Máster;Aragón;Mujeres;No;Tiempo Parcial;1;19/07/2026
2025;Zaragoza;Facultad;Facultad de Derecho;Máster: Abogacía;Máster;Cantabria;Hombres;No;Otra dedicación;1;19/07/2026
2025;Zaragoza;Facultad;Facultad de Derecho;Máster: Abogacía;Máster;Castilla y Leon;Mujeres;No;Otra dedicación;2;19/07/2026
2025;Zaragoza;Facultad;Facultad de Derecho;Máster: Abogacía;Máster;Castilla y Leon;Mujeres;No;Tiempo Completo;3;19/07/2026
2025;Zaragoza;Facultad;Facultad de Derecho;Máster: Abogacía;Máster;Catalunya;Mujeres;No;Otra dedicación;2;19/07/2026
2025;Zaragoza;Facultad;Facultad de Derecho;Máster: Derecho de la Administración Pública;Máster;Andalucía;Hombres;No;Otra dedicación;1;19/07/2026
2025;Zaragoza;Facultad;Facultad de Derecho;Máster: Derecho de la Administración Pública;Máster;Andalucía;Hombres;No;Tiempo Completo;1;19/07/2026
2025;Zaragoza;Facultad;Facultad de Derecho;Máster: Derecho de la Administración Pública;Máster;Andalucía;Mujeres;No;Otra dedicación;3;19/07/2026
2025;Zaragoza;Facultad;Facultad de Derecho;Máster: Derecho de la Administración Pública;Máster;Aragón;Hombres;No;Otra dedicación;3;19/07/2026
2025;Zaragoza;Facultad;Facultad de Derecho;Máster: Derecho de la Administración Pública;Máster;Aragón;Mujeres;No;Otra dedicación;9;19/07/2026
2025;Zaragoza;Facultad;Facultad de Derecho;Máster: Derecho de la Administración Pública;Máster;Aragón;Mujeres;No;Tiempo Completo;1;19/07/2026
2025;Zaragoza;Facultad;Facultad de Derecho;Máster: Derecho de la Administración Pública;Máster;Aragón;Mujeres;No;Tiempo Parcial;1;19/07/2026
2025;Zaragoza;Facultad;Facultad de Derecho;Máster: Derecho de la Administración Pública;Máster;Baleares;Mujeres;No;Otra dedicación;1;19/07/2026
2025;Zaragoza;Facultad;Facultad de Derecho;Máster: Derecho de la Administración Pública;Máster;Castilla y Leon;Hombres;No;Otra dedicación;1;19/07/2026
2025;Zaragoza;Facultad;Facultad de Derecho;Máster: Derecho de la Administración Pública;Máster;Castilla-La Mancha;Hombres;No;Otra dedicación;1;19/07/2026
2025;Zaragoza;Facultad;Facultad de Derecho;Máster: Derecho de la Administración Pública;Máster;Castilla-La Mancha;Hombres;No;Tiempo Parcial;1;19/07/2026
2025;Zaragoza;Facultad;Facultad de Derecho;Máster: Derecho de la Administración Pública;Máster;Catalunya;Mujeres;No;Tiempo Parcial;1;19/07/2026
2025;Zaragoza;Facultad;Facultad de Derecho;Máster: Derecho de la Administración Pública;Máster;Comunidad Valenciana;Hombres;No;Otra dedicación;1;19/07/2026
2025;Zaragoza;Facultad;Facultad de Derecho;Máster: Derecho de la Administración Pública;Máster;Comunidad Valenciana;Mujeres;No;Otra dedicación;1;19/07/2026
2025;Zaragoza;Facultad;Facultad de Derecho;Máster: Derecho de la Administración Pública;Máster;Galicia;Hombres;No;Tiempo Parcial;1;19/07/2026
2025;Zaragoza;Facultad;Facultad de Derecho;Máster: Derecho de la Administración Pública;Máster;Galicia;Mujeres;No;Otra dedicación;3;19/07/2026
2025;Zaragoza;Facultad;Facultad de Derecho;Máster: Derecho de la Administración Pública;Máster;Madrid;Hombres;No;Otra dedicación;1;19/07/2026
2025;Zaragoza;Facultad;Facultad de Derecho;Máster: Derecho de la Administración Pública;Máster;Madrid;Mujeres;No;Otra dedicación;1;19/07/2026
2025;Zaragoza;Facultad;Facultad de Derecho;Máster: Derecho de la Administración Pública;Máster;Murcia;Mujeres;No;Otra dedicación;2;19/07/2026
2025;Zaragoza;Facultad;Facultad de Derecho;Máster: Derecho de la Administración Pública;Máster;Pais Vasco;Mujeres;No;Otra dedicación;1;19/07/2026
2025;Zaragoza;Facultad;Facultad de Derecho;Máster: Gestión Administrativa;Máster;Andalucía;Mujeres;No;Otra dedicación;1;19/07/2026
2025;Zaragoza;Facultad;Facultad de Derecho;Máster: Gestión Administrativa;Máster;Aragón;Hombres;No;Otra dedicación;9;19/07/2026
2025;Zaragoza;Facultad;Facultad de Derecho;Máster: Gestión Administrativa;Máster;Aragón;Hombres;No;Tiempo Parcial;1;19/07/2026
2025;Zaragoza;Facultad;Facultad de Derecho;Máster: Gestión Administrativa;Máster;Aragón;Mujeres;No;Otra dedicación;4;19/07/2026
2025;Zaragoza;Facultad;Facultad de Derecho;Máster: Gestión Administrativa;Máster;Aragón;Mujeres;No;Tiempo Parcial;2;19/07/2026
2025;Zaragoza;Facultad;Facultad de Derecho;Máster: Prevención de riesgos laborales;Máster;Aragón;Hombres;No;Otra dedicación;9;19/07/2026
2025;Zaragoza;Facultad;Facultad de Derecho;Máster: Prevención de riesgos laborales;Máster;Aragón;Hombres;No;Tiempo Parcial;1;19/07/2026
2025;Zaragoza;Facultad;Facultad de Derecho;Máster: Prevención de riesgos laborales;Máster;Aragón;Mujeres;No;Otra dedicación;21;19/07/2026
2025;Zaragoza;Facultad;Facultad de Derecho;Máster: Prevención de riesgos laborales;Máster;Aragón;Mujeres;No;Tiempo Parcial;1;19/07/2026
2025;Zaragoza;Facultad;Facultad de Derecho;Máster: Prevención de riesgos laborales;Máster;La Rioja;Mujeres;No;Otra dedicación;1;19/07/2026
2025;Zaragoza;Facultad;Facultad de Derecho;Máster: Prevención de riesgos laborales;Máster;No Informado;Hombres;No;Otra dedicación;2;19/07/2026
2025;Zaragoza;Facultad;Facultad de Economía y Empresa;Grado: Administración y Dirección de Empresas;Grado;Aragón;Hombres;No;Otra dedicación;203;19/07/2026
2025;Zaragoza;Facultad;Facultad de Economía y Empresa;Grado: Administración y Dirección de Empresas;Grado;Aragón;Hombres;Sí;Otra dedicación;10;19/07/2026
2025;Zaragoza;Facultad;Facultad de Economía y Empresa;Grado: Administración y Dirección de Empresas;Grado;Aragón;Hombres;No;Tiempo Completo;613;19/07/2026
2025;Zaragoza;Facultad;Facultad de Economía y Empresa;Grado: Administración y Dirección de Empresas;Grado;Aragón;Hombres;Sí;Tiempo Completo;41;19/07/2026
2025;Zaragoza;Facultad;Facultad de Economía y Empresa;Grado: Administración y Dirección de Empresas;Grado;Aragón;Hombres;No;Tiempo Parcial;5;19/07/2026
2025;Zaragoza;Facultad;Facultad de Economía y Empresa;Grado: Administración y Dirección de Empresas;Grado;Aragón;Mujeres;No;Otra dedicación;149;19/07/2026
2025;Zaragoza;Facultad;Facultad de Economía y Empresa;Grado: Administración y Dirección de Empresas;Grado;Aragón;Mujeres;Sí;Otra dedicación;17;19/07/2026
2025;Zaragoza;Facultad;Facultad de Economía y Empresa;Grado: Administración y Dirección de Empresas;Grado;Aragón;Mujeres;No;Tiempo Completo;427;19/07/2026
2025;Zaragoza;Facultad;Facultad de Economía y Empresa;Grado: Administración y Dirección de Empresas;Grado;Aragón;Mujeres;Sí;Tiempo Completo;32;19/07/2026
2025;Zaragoza;Facultad;Facultad de Economía y Empresa;Grado: Administración y Dirección de Empresas;Grado;Aragón;Mujeres;No;Tiempo Parcial;8;19/07/2026
2025;Zaragoza;Facultad;Facultad de Economía y Empresa;Grado: Administración y Dirección de Empresas;Grado;Baleares;Hombres;No;Tiempo Completo;1;19/07/2026
2025;Zaragoza;Facultad;Facultad de Economía y Empresa;Grado: Administración y Dirección de Empresas;Grado;Castilla y Leon;Hombres;No;Otra dedicación;1;19/07/2026
2025;Zaragoza;Facultad;Facultad de Economía y Empresa;Grado: Administración y Dirección de Empresas;Grado;Castilla y Leon;Hombres;No;Tiempo Completo;5;19/07/2026
2025;Zaragoza;Facultad;Facultad de Economía y Empresa;Grado: Administración y Dirección de Empresas;Grado;Castilla y Leon;Mujeres;No;Otra dedicación;1;19/07/2026
2025;Zaragoza;Facultad;Facultad de Economía y Empresa;Grado: Administración y Dirección de Empresas;Grado;Castilla y Leon;Mujeres;No;Tiempo Completo;4;19/07/2026
2025;Zaragoza;Facultad;Facultad de Economía y Empresa;Grado: Administración y Dirección de Empresas;Grado;Castilla-La Mancha;Hombres;No;Tiempo Completo;1;19/07/2026
2025;Zaragoza;Facultad;Facultad de Economía y Empresa;Grado: Administración y Dirección de Empresas;Grado;Catalunya;Hombres;No;Tiempo Completo;3;19/07/2026
2025;Zaragoza;Facultad;Facultad de Economía y Empresa;Grado: Administración y Dirección de Empresas;Grado;Comunidad Valenciana;Hombres;No;Tiempo Completo;1;19/07/2026
2025;Zaragoza;Facultad;Facultad de Economía y Empresa;Grado: Administración y Dirección de Empresas;Grado;Extremadura;Hombres;No;Tiempo Completo;1;19/07/2026
2025;Zaragoza;Facultad;Facultad de Economía y Empresa;Grado: Administración y Dirección de Empresas;Grado;Extremadura;Mujeres;No;Tiempo Completo;2;19/07/2026
2025;Zaragoza;Facultad;Facultad de Economía y Empresa;Grado: Administración y Dirección de Empresas;Grado;La Rioja;Hombres;No;Otra dedicación;5;19/07/2026
2025;Zaragoza;Facultad;Facultad de Economía y Empresa;Grado: Administración y Dirección de Empresas;Grado;La Rioja;Hombres;No;Tiempo Completo;13;19/07/2026
2025;Zaragoza;Facultad;Facultad de Economía y Empresa;Grado: Administración y Dirección de Empresas;Grado;La Rioja;Hombres;Sí;Tiempo Completo;1;19/07/2026
2025;Zaragoza;Facultad;Facultad de Economía y Empresa;Grado: Administración y Dirección de Empresas;Grado;La Rioja;Mujeres;No;Otra dedicación;4;19/07/2026
2025;Zaragoza;Facultad;Facultad de Economía y Empresa;Grado: Administración y Dirección de Empresas;Grado;La Rioja;Mujeres;No;Tiempo Completo;7;19/07/2026
2025;Zaragoza;Facultad;Facultad de Economía y Empresa;Grado: Administración y Dirección de Empresas;Grado;Madrid;Hombres;No;Tiempo Completo;2;19/07/2026
2025;Zaragoza;Facultad;Facultad de Economía y Empresa;Grado: Administración y Dirección de Empresas;Grado;Murcia;Mujeres;No;Tiempo Completo;1;19/07/2026
2025;Zaragoza;Facultad;Facultad de Economía y Empresa;Grado: Administración y Dirección de Empresas;Grado;Navarra;Hombres;No;Otra dedicación;5;19/07/2026
2025;Zaragoza;Facultad;Facultad de Economía y Empresa;Grado: Administración y Dirección de Empresas;Grado;Navarra;Hombres;Sí;Otra dedicación;1;19/07/2026
2025;Zaragoza;Facultad;Facultad de Economía y Empresa;Grado: Administración y Dirección de Empresas;Grado;Navarra;Hombres;No;Tiempo Completo;12;19/07/2026
2025;Zaragoza;Facultad;Facultad de Economía y Empresa;Grado: Administración y Dirección de Empresas;Grado;Navarra;Hombres;No;Tiempo Parcial;1;19/07/2026
2025;Zaragoza;Facultad;Facultad de Economía y Empresa;Grado: Administración y Dirección de Empresas;Grado;Navarra;Mujeres;No;Otra dedicación;4;19/07/2026
2025;Zaragoza;Facultad;Facultad de Economía y Empresa;Grado: Administración y Dirección de Empresas;Grado;Navarra;Mujeres;No;Tiempo Completo;28;19/07/2026
2025;Zaragoza;Facultad;Facultad de Economía y Empresa;Grado: Administración y Dirección de Empresas;Grado;Navarra;Mujeres;Sí;Tiempo Completo;2;19/07/2026
2025;Zaragoza;Facultad;Facultad de Economía y Empresa;Grado: Administración y Dirección de Empresas;Grado;No Informado;Hombres;No;Tiempo Completo;6;19/07/2026
2025;Zaragoza;Facultad;Facultad de Economía y Empresa;Grado: Administración y Dirección de Empresas;Grado;No Informado;Mujeres;No;Otra dedicación;3;19/07/2026
2025;Zaragoza;Facultad;Facultad de Economía y Empresa;Grado: Administración y Dirección de Empresas;Grado;No Informado;Mujeres;No;Tiempo Completo;7;19/07/2026
2025;Zaragoza;Facultad;Facultad de Economía y Empresa;Grado: Administración y Dirección de Empresas;Grado;Pais Vasco;Hombres;No;Tiempo Completo;1;19/07/2026
2025;Zaragoza;Facultad;Facultad de Economía y Empresa;Grado: Administración y Dirección de Empresas;Grado;Pais Vasco;Mujeres;No;Tiempo Completo;3;19/07/2026
2025;Zaragoza;Facultad;Facultad de Economía y Empresa;Grado: Economía;Grado;Andalucía;Hombres;No;Tiempo Completo;1;19/07/2026
2025;Zaragoza;Facultad;Facultad de Economía y Empresa;Grado: Economía;Grado;Aragón;Hombres;No;Otra dedicación;60;19/07/2026
2025;Zaragoza;Facultad;Facultad de Economía y Empresa;Grado: Economía;Grado;Aragón;Hombres;Sí;Otra dedicación;2;19/07/2026
2025;Zaragoza;Facultad;Facultad de Economía y Empresa;Grado: Economía;Grado;Aragón;Hombres;No;Tiempo Completo;234;19/07/2026
2025;Zaragoza;Facultad;Facultad de Economía y Empresa;Grado: Economía;Grado;Aragón;Hombres;Sí;Tiempo Completo;4;19/07/2026
2025;Zaragoza;Facultad;Facultad de Economía y Empresa;Grado: Economía;Grado;Aragón;Hombres;No;Tiempo Parcial;4;19/07/2026
2025;Zaragoza;Facultad;Facultad de Economía y Empresa;Grado: Economía;Grado;Aragón;Mujeres;No;Otra dedicación;37;19/07/2026
2025;Zaragoza;Facultad;Facultad de Economía y Empresa;Grado: Economía;Grado;Aragón;Mujeres;Sí;Otra dedicación;2;19/07/2026
2025;Zaragoza;Facultad;Facultad de Economía y Empresa;Grado: Economía;Grado;Aragón;Mujeres;No;Tiempo Completo;150;19/07/2026
2025;Zaragoza;Facultad;Facultad de Economía y Empresa;Grado: Economía;Grado;Aragón;Mujeres;Sí;Tiempo Completo;3;19/07/2026
2025;Zaragoza;Facultad;Facultad de Economía y Empresa;Grado: Economía;Grado;Aragón;Mujeres;No;Tiempo Parcial;1;19/07/2026
2025;Zaragoza;Facultad;Facultad de Economía y Empresa;Grado: Economía;Grado;Baleares;Hombres;No;Tiempo Completo;1;19/07/2026
2025;Zaragoza;Facultad;Facultad de Economía y Empresa;Grado: Economía;Grado;Baleares;Mujeres;No;Tiempo Completo;1;19/07/2026
2025;Zaragoza;Facultad;Facultad de Economía y Empresa;Grado: Economía;Grado;Canarias;Hombres;No;Tiempo Completo;1;19/07/2026
2025;Zaragoza;Facultad;Facultad de Economía y Empresa;Grado: Economía;Grado;Castilla y Leon;Hombres;No;Otra dedicación;3;19/07/2026
2025;Zaragoza;Facultad;Facultad de Economía y Empresa;Grado: Economía;Grado;Castilla y Leon;Hombres;No;Tiempo Completo;6;19/07/2026
2025;Zaragoza;Facultad;Facultad de Economía y Empresa;Grado: Economía;Grado;Castilla y Leon;Mujeres;No;Otra dedicación;1;19/07/2026
2025;Zaragoza;Facultad;Facultad de Economía y Empresa;Grado: Economía;Grado;Castilla y Leon;Mujeres;No;Tiempo Completo;2;19/07/2026
2025;Zaragoza;Facultad;Facultad de Economía y Empresa;Grado: Economía;Grado;Castilla-La Mancha;Hombres;No;Tiempo Completo;4;19/07/2026
2025;Zaragoza;Facultad;Facultad de Economía y Empresa;Grado: Economía;Grado;Catalunya;Hombres;No;Tiempo Completo;1;19/07/2026
2025;Zaragoza;Facultad;Facultad de Economía y Empresa;Grado: Economía;Grado;Catalunya;Mujeres;No;Tiempo Completo;3;19/07/2026
2025;Zaragoza;Facultad;Facultad de Economía y Empresa;Grado: Economía;Grado;Catalunya;Mujeres;Sí;Tiempo Completo;1;19/07/2026
2025;Zaragoza;Facultad;Facultad de Economía y Empresa;Grado: Economía;Grado;Catalunya;Mujeres;No;Tiempo Parcial;1;19/07/2026
2025;Zaragoza;Facultad;Facultad de Economía y Empresa;Grado: Economía;Grado;Comunidad Valenciana;Hombres;No;Tiempo Completo;2;19/07/2026
2025;Zaragoza;Facultad;Facultad de Economía y Empresa;Grado: Economía;Grado;Comunidad Valenciana;Mujeres;No;Tiempo Completo;2;19/07/2026
2025;Zaragoza;Facultad;Facultad de Economía y Empresa;Grado: Economía;Grado;La Rioja;Hombres;No;Otra dedicación;5;19/07/2026
2025;Zaragoza;Facultad;Facultad de Economía y Empresa;Grado: Economía;Grado;La Rioja;Hombres;No;Tiempo Completo;21;19/07/2026
2025;Zaragoza;Facultad;Facultad de Economía y Empresa;Grado: Economía;Grado;La Rioja;Mujeres;No;Otra dedicación;3;19/07/2026
2025;Zaragoza;Facultad;Facultad de Economía y Empresa;Grado: Economía;Grado;La Rioja;Mujeres;No;Tiempo Completo;14;19/07/2026
2025;Zaragoza;Facultad;Facultad de Economía y Empresa;Grado: Economía;Grado;Madrid;Hombres;No;Tiempo Completo;2;19/07/2026
2025;Zaragoza;Facultad;Facultad de Economía y Empresa;Grado: Economía;Grado;Navarra;Hombres;No;Otra dedicación;2;19/07/2026
2025;Zaragoza;Facultad;Facultad de Economía y Empresa;Grado: Economía;Grado;Navarra;Hombres;Sí;Otra dedicación;1;19/07/2026
2025;Zaragoza;Facultad;Facultad de Economía y Empresa;Grado: Economía;Grado;Navarra;Hombres;No;Tiempo Completo;16;19/07/2026
2025;Zaragoza;Facultad;Facultad de Economía y Empresa;Grado: Economía;Grado;Navarra;Mujeres;No;Tiempo Completo;10;19/07/2026
2025;Zaragoza;Facultad;Facultad de Economía y Empresa;Grado: Economía;Grado;No Informado;Hombres;No;Otra dedicación;1;19/07/2026
2025;Zaragoza;Facultad;Facultad de Economía y Empresa;Grado: Economía;Grado;No Informado;Hombres;No;Tiempo Completo;4;19/07/2026
2025;Zaragoza;Facultad;Facultad de Economía y Empresa;Grado: Economía;Grado;No Informado;Mujeres;No;Otra dedicación;1;19/07/2026
2025;Zaragoza;Facultad;Facultad de Economía y Empresa;Grado: Economía;Grado;No Informado;Mujeres;No;Tiempo Completo;1;19/07/2026
2025;Zaragoza;Facultad;Facultad de Economía y Empresa;Grado: Economía;Grado;Pais Vasco;Hombres;No;Otra dedicación;1;19/07/2026
2025;Zaragoza;Facultad;Facultad de Economía y Empresa;Grado: Economía;Grado;Pais Vasco;Hombres;No;Tiempo Completo;3;19/07/2026
2025;Zaragoza;Facultad;Facultad de Economía y Empresa;Grado: Finanzas y Contabilidad;Grado;Andalucía;Hombres;No;Tiempo Completo;4;19/07/2026
2025;Zaragoza;Facultad;Facultad de Economía y Empresa;Grado: Finanzas y Contabilidad;Grado;Aragón;Hombres;No;Otra dedicación;54;19/07/2026
2025;Zaragoza;Facultad;Facultad de Economía y Empresa;Grado: Finanzas y Contabilidad;Grado;Aragón;Hombres;Sí;Otra dedicación;2;19/07/2026
2025;Zaragoza;Facultad;Facultad de Economía y Empresa;Grado: Finanzas y Contabilidad;Grado;Aragón;Hombres;No;Tiempo Completo;177;19/07/2026
2025;Zaragoza;Facultad;Facultad de Economía y Empresa;Grado: Finanzas y Contabilidad;Grado;Aragón;Hombres;Sí;Tiempo Completo;3;19/07/2026
2025;Zaragoza;Facultad;Facultad de Economía y Empresa;Grado: Finanzas y Contabilidad;Grado;Aragón;Hombres;No;Tiempo Parcial;9;19/07/2026
2025;Zaragoza;Facultad;Facultad de Economía y Empresa;Grado: Finanzas y Contabilidad;Grado;Aragón;Mujeres;No;Otra dedicación;42;19/07/2026
2025;Zaragoza;Facultad;Facultad de Economía y Empresa;Grado: Finanzas y Contabilidad;Grado;Aragón;Mujeres;No;Tiempo Completo;134;19/07/2026
2025;Zaragoza;Facultad;Facultad de Economía y Empresa;Grado: Finanzas y Contabilidad;Grado;Aragón;Mujeres;No;Tiempo Parcial;6;19/07/2026
2025;Zaragoza;Facultad;Facultad de Economía y Empresa;Grado: Finanzas y Contabilidad;Grado;Baleares;Mujeres;No;Otra dedicación;1;19/07/2026
2025;Zaragoza;Facultad;Facultad de Economía y Empresa;Grado: Finanzas y Contabilidad;Grado;Baleares;Mujeres;No;Tiempo Completo;1;19/07/2026
2025;Zaragoza;Facultad;Facultad de Economía y Empresa;Grado: Finanzas y Contabilidad;Grado;Canarias;Hombres;No;Tiempo Completo;2;19/07/2026
2025;Zaragoza;Facultad;Facultad de Economía y Empresa;Grado: Finanzas y Contabilidad;Grado;Canarias;Mujeres;No;Otra dedicación;1;19/07/2026
2025;Zaragoza;Facultad;Facultad de Economía y Empresa;Grado: Finanzas y Contabilidad;Grado;Castilla y Leon;Hombres;No;Otra dedicación;1;19/07/2026
2025;Zaragoza;Facultad;Facultad de Economía y Empresa;Grado: Finanzas y Contabilidad;Grado;Castilla y Leon;Hombres;No;Tiempo Completo;3;19/07/2026
2025;Zaragoza;Facultad;Facultad de Economía y Empresa;Grado: Finanzas y Contabilidad;Grado;Castilla y Leon;Mujeres;No;Otra dedicación;1;19/07/2026
2025;Zaragoza;Facultad;Facultad de Economía y Empresa;Grado: Finanzas y Contabilidad;Grado;Castilla y Leon;Mujeres;No;Tiempo Completo;3;19/07/2026
2025;Zaragoza;Facultad;Facultad de Economía y Empresa;Grado: Finanzas y Contabilidad;Grado;Castilla-La Mancha;Hombres;No;Tiempo Completo;1;19/07/2026
2025;Zaragoza;Facultad;Facultad de Economía y Empresa;Grado: Finanzas y Contabilidad;Grado;Castilla-La Mancha;Mujeres;No;Otra dedicación;1;19/07/2026
2025;Zaragoza;Facultad;Facultad de Economía y Empresa;Grado: Finanzas y Contabilidad;Grado;Castilla-La Mancha;Mujeres;No;Tiempo Completo;2;19/07/2026
2025;Zaragoza;Facultad;Facultad de Economía y Empresa;Grado: Finanzas y Contabilidad;Grado;Catalunya;Hombres;No;Otra dedicación;2;19/07/2026
2025;Zaragoza;Facultad;Facultad de Economía y Empresa;Grado: Finanzas y Contabilidad;Grado;Catalunya;Hombres;No;Tiempo Completo;3;19/07/2026
2025;Zaragoza;Facultad;Facultad de Economía y Empresa;Grado: Finanzas y Contabilidad;Grado;Catalunya;Mujeres;No;Otra dedicación;1;19/07/2026
2025;Zaragoza;Facultad;Facultad de Economía y Empresa;Grado: Finanzas y Contabilidad;Grado;Catalunya;Mujeres;No;Tiempo Completo;1;19/07/2026
2025;Zaragoza;Facultad;Facultad de Economía y Empresa;Grado: Finanzas y Contabilidad;Grado;Ciudad autónoma de Melilla;Hombres;No;Tiempo Completo;1;19/07/2026
2025;Zaragoza;Facultad;Facultad de Economía y Empresa;Grado: Finanzas y Contabilidad;Grado;Comunidad Valenciana;Hombres;No;Tiempo Completo;1;19/07/2026
2025;Zaragoza;Facultad;Facultad de Economía y Empresa;Grado: Finanzas y Contabilidad;Grado;Comunidad Valenciana;Mujeres;No;Tiempo Completo;2;19/07/2026
2025;Zaragoza;Facultad;Facultad de Economía y Empresa;Grado: Finanzas y Contabilidad;Grado;La Rioja;Hombres;No;Otra dedicación;6;19/07/2026
2025;Zaragoza;Facultad;Facultad de Economía y Empresa;Grado: Finanzas y Contabilidad;Grado;La Rioja;Hombres;No;Tiempo Completo;7;19/07/2026
2025;Zaragoza;Facultad;Facultad de Economía y Empresa;Grado: Finanzas y Contabilidad;Grado;La Rioja;Mujeres;No;Otra dedicación;2;19/07/2026
2025;Zaragoza;Facultad;Facultad de Economía y Empresa;Grado: Finanzas y Contabilidad;Grado;La Rioja;Mujeres;No;Tiempo Completo;6;19/07/2026
2025;Zaragoza;Facultad;Facultad de Economía y Empresa;Grado: Finanzas y Contabilidad;Grado;Madrid;Hombres;No;Otra dedicación;1;19/07/2026
2025;Zaragoza;Facultad;Facultad de Economía y Empresa;Grado: Finanzas y Contabilidad;Grado;Navarra;Hombres;No;Otra dedicación;4;19/07/2026
2025;Zaragoza;Facultad;Facultad de Economía y Empresa;Grado: Finanzas y Contabilidad;Grado;Navarra;Hombres;No;Tiempo Completo;6;19/07/2026
2025;Zaragoza;Facultad;Facultad de Economía y Empresa;Grado: Finanzas y Contabilidad;Grado;Navarra;Mujeres;No;Otra dedicación;3;19/07/2026
2025;Zaragoza;Facultad;Facultad de Economía y Empresa;Grado: Finanzas y Contabilidad;Grado;Navarra;Mujeres;No;Tiempo Completo;4;19/07/2026
2025;Zaragoza;Facultad;Facultad de Economía y Empresa;Grado: Finanzas y Contabilidad;Grado;No Informado;Hombres;No;Otra dedicación;1;19/07/2026
2025;Zaragoza;Facultad;Facultad de Economía y Empresa;Grado: Finanzas y Contabilidad;Grado;No Informado;Hombres;No;Tiempo Completo;2;19/07/2026
2025;Zaragoza;Facultad;Facultad de Economía y Empresa;Grado: Finanzas y Contabilidad;Grado;No Informado;Mujeres;No;Tiempo Completo;1;19/07/2026
2025;Zaragoza;Facultad;Facultad de Economía y Empresa;Grado: Finanzas y Contabilidad;Grado;Pais Vasco;Mujeres;No;Otra dedicación;1;19/07/2026
2025;Zaragoza;Facultad;Facultad de Economía y Empresa;Grado: Finanzas y Contabilidad;Grado;Pais Vasco;Mujeres;No;Tiempo Completo;1;19/07/2026
2025;Zaragoza;Facultad;Facultad de Economía y Empresa;Grado: Marketing e Investigación de Mercados;Grado;Aragón;Hombres;No;Otra dedicación;38;19/07/2026
2025;Zaragoza;Facultad;Facultad de Economía y Empresa;Grado: Marketing e Investigación de Mercados;Grado;Aragón;Hombres;Sí;Otra dedicación;1;19/07/2026
2025;Zaragoza;Facultad;Facultad de Economía y Empresa;Grado: Marketing e Investigación de Mercados;Grado;Aragón;Hombres;No;Tiempo Completo;132;19/07/2026
2025;Zaragoza;Facultad;Facultad de Economía y Empresa;Grado: Marketing e Investigación de Mercados;Grado;Aragón;Hombres;Sí;Tiempo Completo;4;19/07/2026
2025;Zaragoza;Facultad;Facultad de Economía y Empresa;Grado: Marketing e Investigación de Mercados;Grado;Aragón;Hombres;No;Tiempo Parcial;2;19/07/2026
2025;Zaragoza;Facultad;Facultad de Economía y Empresa;Grado: Marketing e Investigación de Mercados;Grado;Aragón;Mujeres;No;Otra dedicación;64;19/07/2026
2025;Zaragoza;Facultad;Facultad de Economía y Empresa;Grado: Marketing e Investigación de Mercados;Grado;Aragón;Mujeres;Sí;Otra dedicación;8;19/07/2026
2025;Zaragoza;Facultad;Facultad de Economía y Empresa;Grado: Marketing e Investigación de Mercados;Grado;Aragón;Mujeres;No;Tiempo Completo;188;19/07/2026
2025;Zaragoza;Facultad;Facultad de Economía y Empresa;Grado: Marketing e Investigación de Mercados;Grado;Aragón;Mujeres;Sí;Tiempo Completo;5;19/07/2026
2025;Zaragoza;Facultad;Facultad de Economía y Empresa;Grado: Marketing e Investigación de Mercados;Grado;Aragón;Mujeres;No;Tiempo Parcial;2;19/07/2026
2025;Zaragoza;Facultad;Facultad de Economía y Empresa;Grado: Marketing e Investigación de Mercados;Grado;Baleares;Hombres;No;Otra dedicación;1;19/07/2026
2025;Zaragoza;Facultad;Facultad de Economía y Empresa;Grado: Marketing e Investigación de Mercados;Grado;Baleares;Mujeres;No;Tiempo Completo;1;19/07/2026
2025;Zaragoza;Facultad;Facultad de Economía y Empresa;Grado: Marketing e Investigación de Mercados;Grado;Canarias;Mujeres;No;Tiempo Completo;2;19/07/2026
2025;Zaragoza;Facultad;Facultad de Economía y Empresa;Grado: Marketing e Investigación de Mercados;Grado;Castilla y Leon;Hombres;No;Otra dedicación;2;19/07/2026
2025;Zaragoza;Facultad;Facultad de Economía y Empresa;Grado: Marketing e Investigación de Mercados;Grado;Castilla y Leon;Hombres;No;Tiempo Completo;1;19/07/2026
2025;Zaragoza;Facultad;Facultad de Economía y Empresa;Grado: Marketing e Investigación de Mercados;Grado;Castilla y Leon;Mujeres;No;Otra dedicación;2;19/07/2026
2025;Zaragoza;Facultad;Facultad de Economía y Empresa;Grado: Marketing e Investigación de Mercados;Grado;Castilla y Leon;Mujeres;Sí;Otra dedicación;1;19/07/2026
2025;Zaragoza;Facultad;Facultad de Economía y Empresa;Grado: Marketing e Investigación de Mercados;Grado;Castilla y Leon;Mujeres;No;Tiempo Completo;9;19/07/2026
2025;Zaragoza;Facultad;Facultad de Economía y Empresa;Grado: Marketing e Investigación de Mercados;Grado;Castilla-La Mancha;Hombres;No;Otra dedicación;1;19/07/2026
2025;Zaragoza;Facultad;Facultad de Economía y Empresa;Grado: Marketing e Investigación de Mercados;Grado;Castilla-La Mancha;Hombres;No;Tiempo Completo;1;19/07/2026
2025;Zaragoza;Facultad;Facultad de Economía y Empresa;Grado: Marketing e Investigación de Mercados;Grado;Castilla-La Mancha;Mujeres;No;Otra dedicación;1;19/07/2026
2025;Zaragoza;Facultad;Facultad de Economía y Empresa;Grado: Marketing e Investigación de Mercados;Grado;Castilla-La Mancha;Mujeres;No;Tiempo Completo;2;19/07/2026
2025;Zaragoza;Facultad;Facultad de Economía y Empresa;Grado: Marketing e Investigación de Mercados;Grado;Catalunya;Hombres;No;Otra dedicación;1;19/07/2026
2025;Zaragoza;Facultad;Facultad de Economía y Empresa;Grado: Marketing e Investigación de Mercados;Grado;Catalunya;Hombres;No;Tiempo Completo;2;19/07/2026
2025;Zaragoza;Facultad;Facultad de Economía y Empresa;Grado: Marketing e Investigación de Mercados;Grado;Catalunya;Mujeres;No;Otra dedicación;1;19/07/2026
2025;Zaragoza;Facultad;Facultad de Economía y Empresa;Grado: Marketing e Investigación de Mercados;Grado;Catalunya;Mujeres;Sí;Otra dedicación;1;19/07/2026
2025;Zaragoza;Facultad;Facultad de Economía y Empresa;Grado: Marketing e Investigación de Mercados;Grado;Catalunya;Mujeres;No;Tiempo Completo;8;19/07/2026
2025;Zaragoza;Facultad;Facultad de Economía y Empresa;Grado: Marketing e Investigación de Mercados;Grado;Comunidad Valenciana;Hombres;No;Tiempo Completo;2;19/07/2026
2025;Zaragoza;Facultad;Facultad de Economía y Empresa;Grado: Marketing e Investigación de Mercados;Grado;Comunidad Valenciana;Hombres;Sí;Tiempo Completo;1;19/07/2026
2025;Zaragoza;Facultad;Facultad de Economía y Empresa;Grado: Marketing e Investigación de Mercados;Grado;Comunidad Valenciana;Mujeres;No;Otra dedicación;1;19/07/2026
2025;Zaragoza;Facultad;Facultad de Economía y Empresa;Grado: Marketing e Investigación de Mercados;Grado;Comunidad Valenciana;Mujeres;No;Tiempo Completo;8;19/07/2026
2025;Zaragoza;Facultad;Facultad de Economía y Empresa;Grado: Marketing e Investigación de Mercados;Grado;Galicia;Hombres;Sí;Tiempo Completo;1;19/07/2026
2025;Zaragoza;Facultad;Facultad de Economía y Empresa;Grado: Marketing e Investigación de Mercados;Grado;Galicia;Mujeres;No;Tiempo Completo;1;19/07/2026
2025;Zaragoza;Facultad;Facultad de Economía y Empresa;Grado: Marketing e Investigación de Mercados;Grado;La Rioja;Hombres;No;Otra dedicación;5;19/07/2026
2025;Zaragoza;Facultad;Facultad de Economía y Empresa;Grado: Marketing e Investigación de Mercados;Grado;La Rioja;Hombres;No;Tiempo Completo;5;19/07/2026
2025;Zaragoza;Facultad;Facultad de Economía y Empresa;Grado: Marketing e Investigación de Mercados;Grado;La Rioja;Mujeres;No;Otra dedicación;5;19/07/2026
2025;Zaragoza;Facultad;Facultad de Economía y Empresa;Grado: Marketing e Investigación de Mercados;Grado;La Rioja;Mujeres;No;Tiempo Completo;9;19/07/2026
2025;Zaragoza;Facultad;Facultad de Economía y Empresa;Grado: Marketing e Investigación de Mercados;Grado;Navarra;Hombres;No;Otra dedicación;3;19/07/2026
2025;Zaragoza;Facultad;Facultad de Economía y Empresa;Grado: Marketing e Investigación de Mercados;Grado;Navarra;Hombres;No;Tiempo Completo;8;19/07/2026
2025;Zaragoza;Facultad;Facultad de Economía y Empresa;Grado: Marketing e Investigación de Mercados;Grado;Navarra;Mujeres;No;Otra dedicación;3;19/07/2026
2025;Zaragoza;Facultad;Facultad de Economía y Empresa;Grado: Marketing e Investigación de Mercados;Grado;Navarra;Mujeres;No;Tiempo Completo;9;19/07/2026
2025;Zaragoza;Facultad;Facultad de Economía y Empresa;Grado: Marketing e Investigación de Mercados;Grado;Navarra;Mujeres;Sí;Tiempo Completo;1;19/07/2026
2025;Zaragoza;Facultad;Facultad de Economía y Empresa;Grado: Marketing e Investigación de Mercados;Grado;No Informado;Hombres;No;Tiempo Completo;2;19/07/2026
2025;Zaragoza;Facultad;Facultad de Economía y Empresa;Grado: Marketing e Investigación de Mercados;Grado;No Informado;Mujeres;No;Tiempo Completo;3;19/07/2026
2025;Zaragoza;Facultad;Facultad de Economía y Empresa;Grado: Marketing e Investigación de Mercados;Grado;Pais Vasco;Mujeres;No;Tiempo Completo;3;19/07/2026
2025;Zaragoza;Facultad;Facultad de Economía y Empresa;Movilidad para 1º y 2º ciclo y grado;Movilidad de entrada;Andalucía;Hombres;No;Tiempo Completo;3;19/07/2026
2025;Zaragoza;Facultad;Facultad de Economía y Empresa;Movilidad para 1º y 2º ciclo y grado;Movilidad de entrada;Andalucía;Mujeres;No;Tiempo Completo;7;19/07/2026
2025;Zaragoza;Facultad;Facultad de Economía y Empresa;Movilidad para 1º y 2º ciclo y grado;Movilidad de entrada;Aragón;Hombres;No;Tiempo Completo;1;19/07/2026
2025;Zaragoza;Facultad;Facultad de Economía y Empresa;Movilidad para 1º y 2º ciclo y grado;Movilidad de entrada;Aragón;Mujeres;No;Tiempo Completo;4;19/07/2026
2025;Zaragoza;Facultad;Facultad de Economía y Empresa;Movilidad para 1º y 2º ciclo y grado;Movilidad de entrada;Asturias;Mujeres;No;Tiempo Completo;1;19/07/2026
2025;Zaragoza;Facultad;Facultad de Economía y Empresa;Movilidad para 1º y 2º ciclo y grado;Movilidad de entrada;Canarias;Hombres;No;Tiempo Completo;1;19/07/2026
2025;Zaragoza;Facultad;Facultad de Economía y Empresa;Movilidad para 1º y 2º ciclo y grado;Movilidad de entrada;Castilla y Leon;Hombres;No;Tiempo Completo;2;19/07/2026
2025;Zaragoza;Facultad;Facultad de Economía y Empresa;Movilidad para 1º y 2º ciclo y grado;Movilidad de entrada;Castilla y Leon;Mujeres;No;Tiempo Completo;1;19/07/2026
2025;Zaragoza;Facultad;Facultad de Economía y Empresa;Movilidad para 1º y 2º ciclo y grado;Movilidad de entrada;Castilla-La Mancha;Mujeres;No;Tiempo Completo;1;19/07/2026
2025;Zaragoza;Facultad;Facultad de Economía y Empresa;Movilidad para 1º y 2º ciclo y grado;Movilidad de entrada;Comunidad Valenciana;Hombres;No;Tiempo Completo;1;19/07/2026
2025;Zaragoza;Facultad;Facultad de Economía y Empresa;Movilidad para 1º y 2º ciclo y grado;Movilidad de entrada;Comunidad Valenciana;Mujeres;No;Tiempo Completo;1;19/07/2026
2025;Zaragoza;Facultad;Facultad de Economía y Empresa;Movilidad para 1º y 2º ciclo y grado;Movilidad de entrada;Galicia;Mujeres;No;Tiempo Completo;1;19/07/2026
2025;Zaragoza;Facultad;Facultad de Economía y Empresa;Movilidad para 1º y 2º ciclo y grado;Movilidad de entrada;La Rioja;Hombres;No;Tiempo Completo;1;19/07/2026
2025;Zaragoza;Facultad;Facultad de Economía y Empresa;Movilidad para 1º y 2º ciclo y grado;Movilidad de entrada;La Rioja;Mujeres;No;Tiempo Completo;1;19/07/2026
2025;Zaragoza;Facultad;Facultad de Economía y Empresa;Movilidad para 1º y 2º ciclo y grado;Movilidad de entrada;Madrid;Mujeres;No;Tiempo Completo;1;19/07/2026
2025;Zaragoza;Facultad;Facultad de Economía y Empresa;Movilidad para 1º y 2º ciclo y grado;Movilidad de entrada;Murcia;Hombres;No;Tiempo Completo;1;19/07/2026
2025;Zaragoza;Facultad;Facultad de Economía y Empresa;Movilidad para 1º y 2º ciclo y grado;Movilidad de entrada;Navarra;Mujeres;No;Tiempo Completo;1;19/07/2026
2025;Zaragoza;Facultad;Facultad de Economía y Empresa;Movilidad para 1º y 2º ciclo y grado;Movilidad de entrada;No Informado;Hombres;No;Tiempo Completo;74;19/07/2026
2025;Zaragoza;Facultad;Facultad de Economía y Empresa;Movilidad para 1º y 2º ciclo y grado;Movilidad de entrada;No Informado;Mujeres;No;Tiempo Completo;84;19/07/2026
2025;Zaragoza;Facultad;Facultad de Economía y Empresa;Movilidad para 1º y 2º ciclo y grado;Movilidad de entrada;Pais Vasco;Hombres;No;Tiempo Completo;1;19/07/2026
2025;Zaragoza;Facultad;Facultad de Economía y Empresa;Máster: Auditoría;Máster;Andalucía;Hombres;No;Tiempo Completo;1;19/07/2026
2025;Zaragoza;Facultad;Facultad de Economía y Empresa;Máster: Auditoría;Máster;Aragón;Hombres;No;Tiempo Completo;14;19/07/2026
2025;Zaragoza;Facultad;Facultad de Economía y Empresa;Máster: Auditoría;Máster;Aragón;Hombres;No;Tiempo Parcial;2;19/07/2026
2025;Zaragoza;Facultad;Facultad de Economía y Empresa;Máster: Auditoría;Máster;Aragón;Mujeres;No;Tiempo Completo;7;19/07/2026
2025;Zaragoza;Facultad;Facultad de Economía y Empresa;Máster: Auditoría;Máster;Aragón;Mujeres;No;Tiempo Parcial;4;19/07/2026
2025;Zaragoza;Facultad;Facultad de Economía y Empresa;Máster: Auditoría;Máster;Castilla y Leon;Mujeres;No;Tiempo Completo;1;19/07/2026
2025;Zaragoza;Facultad;Facultad de Economía y Empresa;Máster: Auditoría;Máster;La Rioja;Mujeres;No;Tiempo Completo;1;19/07/2026
2025;Zaragoza;Facultad;Facultad de Economía y Empresa;Máster: Auditoría;Máster;Navarra;Hombres;No;Tiempo Completo;1;19/07/2026
2025;Zaragoza;Facultad;Facultad de Economía y Empresa;Máster: Auditoría;Máster;Navarra;Mujeres;No;Tiempo Completo;2;19/07/2026
2025;Zaragoza;Facultad;Facultad de Economía y Empresa;Máster: Auditoría;Máster;No Informado;Mujeres;No;Tiempo Completo;1;19/07/2026
2025;Zaragoza;Facultad;Facultad de Economía y Empresa;Máster: Contabilidad y Finanzas;Máster;Aragón;Hombres;No;Tiempo Completo;14;19/07/2026
2025;Zaragoza;Facultad;Facultad de Economía y Empresa;Máster: Contabilidad y Finanzas;Máster;Aragón;Hombres;No;Tiempo Parcial;1;19/07/2026
2025;Zaragoza;Facultad;Facultad de Economía y Empresa;Máster: Contabilidad y Finanzas;Máster;Aragón;Mujeres;No;Otra dedicación;1;19/07/2026
2025;Zaragoza;Facultad;Facultad de Economía y Empresa;Máster: Contabilidad y Finanzas;Máster;Aragón;Mujeres;No;Tiempo Completo;5;19/07/2026
2025;Zaragoza;Facultad;Facultad de Economía y Empresa;Máster: Contabilidad y Finanzas;Máster;Aragón;Mujeres;No;Tiempo Parcial;3;19/07/2026
2025;Zaragoza;Facultad;Facultad de Economía y Empresa;Máster: Contabilidad y Finanzas;Máster;Castilla y Leon;Hombres;No;Tiempo Completo;2;19/07/2026
2025;Zaragoza;Facultad;Facultad de Economía y Empresa;Máster: Contabilidad y Finanzas;Máster;La Rioja;Hombres;No;Tiempo Completo;1;19/07/2026
2025;Zaragoza;Facultad;Facultad de Economía y Empresa;Máster: Contabilidad y Finanzas;Máster;La Rioja;Mujeres;No;Tiempo Completo;1;19/07/2026
2025;Zaragoza;Facultad;Facultad de Economía y Empresa;Máster: Contabilidad y Finanzas;Máster;Madrid;Mujeres;No;Tiempo Completo;1;19/07/2026
2025;Zaragoza;Facultad;Facultad de Economía y Empresa;Máster: Contabilidad y Finanzas;Máster;No Informado;Hombres;No;Tiempo Completo;1;19/07/2026
2025;Zaragoza;Facultad;Facultad de Economía y Empresa;Máster: Contabilidad y Finanzas;Máster;No Informado;Mujeres;No;Tiempo Completo;2;19/07/2026
2025;Zaragoza;Facultad;Facultad de Economía y Empresa;Máster: Dirección, Estrategia y Marketing;Máster;Aragón;Hombres;No;Tiempo Completo;5;19/07/2026
2025;Zaragoza;Facultad;Facultad de Economía y Empresa;Máster: Dirección, Estrategia y Marketing;Máster;Aragón;Mujeres;No;Tiempo Completo;8;19/07/2026
2025;Zaragoza;Facultad;Facultad de Economía y Empresa;Máster: Dirección, Estrategia y Marketing;Máster;Aragón;Mujeres;No;Tiempo Parcial;2;19/07/2026
2025;Zaragoza;Facultad;Facultad de Economía y Empresa;Máster: Dirección, Estrategia y Marketing;Máster;No Informado;Hombres;No;Tiempo Completo;1;19/07/2026
2025;Zaragoza;Facultad;Facultad de Economía y Empresa;Máster: Dirección, Estrategia y Marketing;Máster;No Informado;Mujeres;No;Tiempo Completo;2;19/07/2026
2025;Zaragoza;Facultad;Facultad de Economía y Empresa;Máster: Economía;Máster;Aragón;Hombres;No;Otra dedicación;1;19/07/2026
2025;Zaragoza;Facultad;Facultad de Economía y Empresa;Máster: Economía;Máster;Aragón;Hombres;No;Tiempo Completo;7;19/07/2026
2025;Zaragoza;Facultad;Facultad de Economía y Empresa;Máster: Economía;Máster;Aragón;Hombres;No;Tiempo Parcial;1;19/07/2026
2025;Zaragoza;Facultad;Facultad de Economía y Empresa;Máster: Economía;Máster;Aragón;Mujeres;No;Tiempo Completo;7;19/07/2026
2025;Zaragoza;Facultad;Facultad de Economía y Empresa;Máster: Economía;Máster;Castilla y Leon;Hombres;No;Tiempo Completo;1;19/07/2026
2025;Zaragoza;Facultad;Facultad de Economía y Empresa;Máster: Economía;Máster;Extremadura;Hombres;No;Tiempo Completo;1;19/07/2026
2025;Zaragoza;Facultad;Facultad de Economía y Empresa;Máster: Sociología de las Políticas Públicas y Sociales;Máster;Aragón;Hombres;No;Tiempo Completo;8;19/07/2026
2025;Zaragoza;Facultad;Facultad de Economía y Empresa;Máster: Sociología de las Políticas Públicas y Sociales;Máster;Aragón;Hombres;No;Tiempo Parcial;4;19/07/2026
2025;Zaragoza;Facultad;Facultad de Economía y Empresa;Máster: Sociología de las Políticas Públicas y Sociales;Máster;Aragón;Mujeres;No;Tiempo Completo;13;19/07/2026
2025;Zaragoza;Facultad;Facultad de Economía y Empresa;Máster: Sociología de las Políticas Públicas y Sociales;Máster;Aragón;Mujeres;No;Tiempo Parcial;1;19/07/2026
2025;Zaragoza;Facultad;Facultad de Economía y Empresa;Máster: Sociología de las Políticas Públicas y Sociales;Máster;Castilla y Leon;Mujeres;No;Tiempo Completo;1;19/07/2026
2025;Zaragoza;Facultad;Facultad de Economía y Empresa;Máster: Sociología de las Políticas Públicas y Sociales;Máster;Navarra;Hombres;No;Tiempo Completo;1;19/07/2026
2025;Zaragoza;Facultad;Facultad de Economía y Empresa;Máster: Sociología de las Políticas Públicas y Sociales;Máster;No Informado;Mujeres;No;Tiempo Completo;1;19/07/2026
2025;Zaragoza;Facultad;Facultad de Educación;Grado: Magisterio en Educación Infantil;Grado;Aragón;Hombres;No;Otra dedicación;3;19/07/2026
2025;Zaragoza;Facultad;Facultad de Educación;Grado: Magisterio en Educación Infantil;Grado;Aragón;Hombres;No;Tiempo Completo;32;19/07/2026
2025;Zaragoza;Facultad;Facultad de Educación;Grado: Magisterio en Educación Infantil;Grado;Aragón;Hombres;Sí;Tiempo Completo;1;19/07/2026
2025;Zaragoza;Facultad;Facultad de Educación;Grado: Magisterio en Educación Infantil;Grado;Aragón;Mujeres;No;Otra dedicación;8;19/07/2026
2025;Zaragoza;Facultad;Facultad de Educación;Grado: Magisterio en Educación Infantil;Grado;Aragón;Mujeres;No;Tiempo Completo;406;19/07/2026
2025;Zaragoza;Facultad;Facultad de Educación;Grado: Magisterio en Educación Infantil;Grado;Aragón;Mujeres;Sí;Tiempo Completo;17;19/07/2026
2025;Zaragoza;Facultad;Facultad de Educación;Grado: Magisterio en Educación Infantil;Grado;Aragón;Mujeres;No;Tiempo Parcial;3;19/07/2026
2025;Zaragoza;Facultad;Facultad de Educación;Grado: Magisterio en Educación Infantil;Grado;Castilla y Leon;Mujeres;No;Tiempo Completo;2;19/07/2026
2025;Zaragoza;Facultad;Facultad de Educación;Grado: Magisterio en Educación Infantil;Grado;Castilla y Leon;Mujeres;Sí;Tiempo Completo;1;19/07/2026
2025;Zaragoza;Facultad;Facultad de Educación;Grado: Magisterio en Educación Infantil;Grado;Catalunya;Mujeres;No;Tiempo Completo;2;19/07/2026
2025;Zaragoza;Facultad;Facultad de Educación;Grado: Magisterio en Educación Infantil;Grado;La Rioja;Mujeres;No;Tiempo Completo;3;19/07/2026
2025;Zaragoza;Facultad;Facultad de Educación;Grado: Magisterio en Educación Infantil;Grado;Madrid;Mujeres;No;Tiempo Completo;1;19/07/2026
2025;Zaragoza;Facultad;Facultad de Educación;Grado: Magisterio en Educación Infantil;Grado;Navarra;Mujeres;No;Tiempo Completo;3;19/07/2026
2025;Zaragoza;Facultad;Facultad de Educación;Grado: Magisterio en Educación Infantil;Grado;Navarra;Mujeres;Sí;Tiempo Completo;2;19/07/2026
2025;Zaragoza;Facultad;Facultad de Educación;Grado: Magisterio en Educación Primaria;Grado;Andalucía;Mujeres;No;Tiempo Completo;1;19/07/2026
2025;Zaragoza;Facultad;Facultad de Educación;Grado: Magisterio en Educación Primaria;Grado;Aragón;Hombres;No;Otra dedicación;8;19/07/2026
2025;Zaragoza;Facultad;Facultad de Educación;Grado: Magisterio en Educación Primaria;Grado;Aragón;Hombres;No;Tiempo Completo;272;19/07/2026
2025;Zaragoza;Facultad;Facultad de Educación;Grado: Magisterio en Educación Primaria;Grado;Aragón;Hombres;Sí;Tiempo Completo;20;19/07/2026
2025;Zaragoza;Facultad;Facultad de Educación;Grado: Magisterio en Educación Primaria;Grado;Aragón;Hombres;No;Tiempo Parcial;1;19/07/2026
2025;Zaragoza;Facultad;Facultad de Educación;Grado: Magisterio en Educación Primaria;Grado;Aragón;Mujeres;No;Otra dedicación;6;19/07/2026
2025;Zaragoza;Facultad;Facultad de Educación;Grado: Magisterio en Educación Primaria;Grado;Aragón;Mujeres;No;Tiempo Completo;627;19/07/2026
2025;Zaragoza;Facultad;Facultad de Educación;Grado: Magisterio en Educación Primaria;Grado;Aragón;Mujeres;Sí;Tiempo Completo;47;19/07/2026
2025;Zaragoza;Facultad;Facultad de Educación;Grado: Magisterio en Educación Primaria;Grado;Aragón;Mujeres;No;Tiempo Parcial;8;19/07/2026
2025;Zaragoza;Facultad;Facultad de Educación;Grado: Magisterio en Educación Primaria;Grado;Canarias;Mujeres;No;Tiempo Completo;1;19/07/2026
2025;Zaragoza;Facultad;Facultad de Educación;Grado: Magisterio en Educación Primaria;Grado;Castilla y Leon;Hombres;No;Tiempo Parcial;1;19/07/2026
2025;Zaragoza;Facultad;Facultad de Educación;Grado: Magisterio en Educación Primaria;Grado;Castilla y Leon;Mujeres;No;Tiempo Completo;4;19/07/2026
2025;Zaragoza;Facultad;Facultad de Educación;Grado: Magisterio en Educación Primaria;Grado;Castilla y Leon;Mujeres;Sí;Tiempo Completo;1;19/07/2026
2025;Zaragoza;Facultad;Facultad de Educación;Grado: Magisterio en Educación Primaria;Grado;Catalunya;Mujeres;No;Tiempo Completo;1;19/07/2026
2025;Zaragoza;Facultad;Facultad de Educación;Grado: Magisterio en Educación Primaria;Grado;Comunidad Valenciana;Mujeres;No;Tiempo Completo;1;19/07/2026
2025;Zaragoza;Facultad;Facultad de Educación;Grado: Magisterio en Educación Primaria;Grado;Galicia;Mujeres;No;Tiempo Parcial;1;19/07/2026
2025;Zaragoza;Facultad;Facultad de Educación;Grado: Magisterio en Educación Primaria;Grado;La Rioja;Hombres;No;Tiempo Completo;3;19/07/2026
2025;Zaragoza;Facultad;Facultad de Educación;Grado: Magisterio en Educación Primaria;Grado;La Rioja;Mujeres;No;Tiempo Completo;12;19/07/2026
2025;Zaragoza;Facultad;Facultad de Educación;Grado: Magisterio en Educación Primaria;Grado;Navarra;Hombres;No;Tiempo Completo;1;19/07/2026
2025;Zaragoza;Facultad;Facultad de Educación;Grado: Magisterio en Educación Primaria;Grado;Navarra;Mujeres;No;Tiempo Completo;10;19/07/2026
2025;Zaragoza;Facultad;Facultad de Educación;Grado: Magisterio en Educación Primaria;Grado;No Informado;Mujeres;No;Tiempo Completo;1;19/07/2026
2025;Zaragoza;Facultad;Facultad de Educación;Grado: Magisterio en Educación Primaria;Grado;Pais Vasco;Hombres;No;Tiempo Completo;1;19/07/2026
2025;Zaragoza;Facultad;Facultad de Educación;Movilidad para 1º y 2º ciclo y grado;Movilidad de entrada;Aragón;Mujeres;No;Tiempo Completo;3;19/07/2026
2025;Zaragoza;Facultad;Facultad de Educación;Movilidad para 1º y 2º ciclo y grado;Movilidad de entrada;Canarias;Mujeres;No;Tiempo Completo;1;19/07/2026
2025;Zaragoza;Facultad;Facultad de Educación;Movilidad para 1º y 2º ciclo y grado;Movilidad de entrada;Catalunya;Hombres;No;Tiempo Completo;1;19/07/2026
2025;Zaragoza;Facultad;Facultad de Educación;Movilidad para 1º y 2º ciclo y grado;Movilidad de entrada;Extremadura;Mujeres;No;Tiempo Completo;2;19/07/2026
2025;Zaragoza;Facultad;Facultad de Educación;Movilidad para 1º y 2º ciclo y grado;Movilidad de entrada;Galicia;Mujeres;No;Tiempo Completo;1;19/07/2026
2025;Zaragoza;Facultad;Facultad de Educación;Movilidad para 1º y 2º ciclo y grado;Movilidad de entrada;La Rioja;Mujeres;No;Tiempo Completo;1;19/07/2026
2025;Zaragoza;Facultad;Facultad de Educación;Movilidad para 1º y 2º ciclo y grado;Movilidad de entrada;Murcia;Mujeres;No;Tiempo Completo;1;19/07/2026
2025;Zaragoza;Facultad;Facultad de Educación;Movilidad para 1º y 2º ciclo y grado;Movilidad de entrada;No Informado;Hombres;No;Tiempo Completo;2;19/07/2026
2025;Zaragoza;Facultad;Facultad de Educación;Movilidad para 1º y 2º ciclo y grado;Movilidad de entrada;No Informado;Mujeres;No;Tiempo Completo;16;19/07/2026
2025;Zaragoza;Facultad;Facultad de Educación;Movilidad para 1º y 2º ciclo y grado;Movilidad de entrada;Pais Vasco;Mujeres;No;Tiempo Completo;1;19/07/2026
2025;Zaragoza;Facultad;Facultad de Educación;Máster: Aprendizaje a lo largo de la vida: Iniciación a la investigación;Máster;Aragón;Hombres;No;Tiempo Completo;9;19/07/2026
2025;Zaragoza;Facultad;Facultad de Educación;Máster: Aprendizaje a lo largo de la vida: Iniciación a la investigación;Máster;Aragón;Mujeres;No;Tiempo Completo;9;19/07/2026
2025;Zaragoza;Facultad;Facultad de Educación;Máster: Aprendizaje a lo largo de la vida: Iniciación a la investigación;Máster;Aragón;Mujeres;No;Tiempo Parcial;5;19/07/2026
2025;Zaragoza;Facultad;Facultad de Educación;Máster: Aprendizaje a lo largo de la vida: Iniciación a la investigación;Máster;Comunidad Valenciana;Hombres;No;Tiempo Completo;1;19/07/2026
2025;Zaragoza;Facultad;Facultad de Educación;Máster: Aprendizaje a lo largo de la vida: Iniciación a la investigación;Máster;Navarra;Mujeres;No;Tiempo Completo;1;19/07/2026
2025;Zaragoza;Facultad;Facultad de Educación;Máster: Profesorado E.S.O., F.P. y Ens. Idiom, Art y Deport;Máster;Andalucía;Hombres;No;Tiempo Completo;2;19/07/2026
2025;Zaragoza;Facultad;Facultad de Educación;Máster: Profesorado E.S.O., F.P. y Ens. Idiom, Art y Deport;Máster;Andalucía;Mujeres;No;Tiempo Completo;7;19/07/2026
2025;Zaragoza;Facultad;Facultad de Educación;Máster: Profesorado E.S.O., F.P. y Ens. Idiom, Art y Deport;Máster;Aragón;Hombres;No;Otra dedicación;7;19/07/2026
2025;Zaragoza;Facultad;Facultad de Educación;Máster: Profesorado E.S.O., F.P. y Ens. Idiom, Art y Deport;Máster;Aragón;Hombres;No;Tiempo Completo;194;19/07/2026
2025;Zaragoza;Facultad;Facultad de Educación;Máster: Profesorado E.S.O., F.P. y Ens. Idiom, Art y Deport;Máster;Aragón;Hombres;No;Tiempo Parcial;14;19/07/2026
2025;Zaragoza;Facultad;Facultad de Educación;Máster: Profesorado E.S.O., F.P. y Ens. Idiom, Art y Deport;Máster;Aragón;Mujeres;No;Otra dedicación;11;19/07/2026
2025;Zaragoza;Facultad;Facultad de Educación;Máster: Profesorado E.S.O., F.P. y Ens. Idiom, Art y Deport;Máster;Aragón;Mujeres;No;Tiempo Completo;299;19/07/2026
2025;Zaragoza;Facultad;Facultad de Educación;Máster: Profesorado E.S.O., F.P. y Ens. Idiom, Art y Deport;Máster;Aragón;Mujeres;No;Tiempo Parcial;29;19/07/2026
2025;Zaragoza;Facultad;Facultad de Educación;Máster: Profesorado E.S.O., F.P. y Ens. Idiom, Art y Deport;Máster;Asturias;Hombres;No;Tiempo Completo;1;19/07/2026
2025;Zaragoza;Facultad;Facultad de Educación;Máster: Profesorado E.S.O., F.P. y Ens. Idiom, Art y Deport;Máster;Asturias;Mujeres;No;Tiempo Completo;1;19/07/2026
2025;Zaragoza;Facultad;Facultad de Educación;Máster: Profesorado E.S.O., F.P. y Ens. Idiom, Art y Deport;Máster;Baleares;Hombres;No;Tiempo Completo;1;19/07/2026
2025;Zaragoza;Facultad;Facultad de Educación;Máster: Profesorado E.S.O., F.P. y Ens. Idiom, Art y Deport;Máster;Canarias;Mujeres;No;Tiempo Completo;1;19/07/2026
2025;Zaragoza;Facultad;Facultad de Educación;Máster: Profesorado E.S.O., F.P. y Ens. Idiom, Art y Deport;Máster;Castilla y Leon;Hombres;No;Tiempo Completo;2;19/07/2026
2025;Zaragoza;Facultad;Facultad de Educación;Máster: Profesorado E.S.O., F.P. y Ens. Idiom, Art y Deport;Máster;Castilla y Leon;Mujeres;No;Tiempo Completo;9;19/07/2026
2025;Zaragoza;Facultad;Facultad de Educación;Máster: Profesorado E.S.O., F.P. y Ens. Idiom, Art y Deport;Máster;Castilla y Leon;Mujeres;No;Tiempo Parcial;1;19/07/2026
2025;Zaragoza;Facultad;Facultad de Educación;Máster: Profesorado E.S.O., F.P. y Ens. Idiom, Art y Deport;Máster;Castilla-La Mancha;Hombres;No;Otra dedicación;1;19/07/2026
2025;Zaragoza;Facultad;Facultad de Educación;Máster: Profesorado E.S.O., F.P. y Ens. Idiom, Art y Deport;Máster;Castilla-La Mancha;Hombres;No;Tiempo Completo;2;19/07/2026
2025;Zaragoza;Facultad;Facultad de Educación;Máster: Profesorado E.S.O., F.P. y Ens. Idiom, Art y Deport;Máster;Catalunya;Hombres;No;Tiempo Completo;2;19/07/2026
2025;Zaragoza;Facultad;Facultad de Educación;Máster: Profesorado E.S.O., F.P. y Ens. Idiom, Art y Deport;Máster;Catalunya;Mujeres;No;Otra dedicación;1;19/07/2026
2025;Zaragoza;Facultad;Facultad de Educación;Máster: Profesorado E.S.O., F.P. y Ens. Idiom, Art y Deport;Máster;Catalunya;Mujeres;No;Tiempo Completo;1;19/07/2026
2025;Zaragoza;Facultad;Facultad de Educación;Máster: Profesorado E.S.O., F.P. y Ens. Idiom, Art y Deport;Máster;Comunidad Valenciana;Hombres;No;Tiempo Completo;4;19/07/2026
2025;Zaragoza;Facultad;Facultad de Educación;Máster: Profesorado E.S.O., F.P. y Ens. Idiom, Art y Deport;Máster;Comunidad Valenciana;Mujeres;No;Tiempo Completo;4;19/07/2026
2025;Zaragoza;Facultad;Facultad de Educación;Máster: Profesorado E.S.O., F.P. y Ens. Idiom, Art y Deport;Máster;Galicia;Hombres;No;Tiempo Completo;2;19/07/2026
2025;Zaragoza;Facultad;Facultad de Educación;Máster: Profesorado E.S.O., F.P. y Ens. Idiom, Art y Deport;Máster;Galicia;Mujeres;No;Tiempo Completo;1;19/07/2026
2025;Zaragoza;Facultad;Facultad de Educación;Máster: Profesorado E.S.O., F.P. y Ens. Idiom, Art y Deport;Máster;La Rioja;Hombres;No;Tiempo Completo;6;19/07/2026
2025;Zaragoza;Facultad;Facultad de Educación;Máster: Profesorado E.S.O., F.P. y Ens. Idiom, Art y Deport;Máster;La Rioja;Mujeres;No;Otra dedicación;1;19/07/2026
2025;Zaragoza;Facultad;Facultad de Educación;Máster: Profesorado E.S.O., F.P. y Ens. Idiom, Art y Deport;Máster;La Rioja;Mujeres;No;Tiempo Completo;6;19/07/2026
2025;Zaragoza;Facultad;Facultad de Educación;Máster: Profesorado E.S.O., F.P. y Ens. Idiom, Art y Deport;Máster;Murcia;Hombres;No;Tiempo Completo;2;19/07/2026
2025;Zaragoza;Facultad;Facultad de Educación;Máster: Profesorado E.S.O., F.P. y Ens. Idiom, Art y Deport;Máster;Murcia;Mujeres;No;Tiempo Completo;1;19/07/2026
2025;Zaragoza;Facultad;Facultad de Educación;Máster: Profesorado E.S.O., F.P. y Ens. Idiom, Art y Deport;Máster;Navarra;Hombres;No;Tiempo Completo;7;19/07/2026
2025;Zaragoza;Facultad;Facultad de Educación;Máster: Profesorado E.S.O., F.P. y Ens. Idiom, Art y Deport;Máster;Navarra;Mujeres;No;Tiempo Completo;8;19/07/2026
2025;Zaragoza;Facultad;Facultad de Educación;Máster: Profesorado E.S.O., F.P. y Ens. Idiom, Art y Deport;Máster;No Informado;Mujeres;No;Tiempo Completo;1;19/07/2026
2025;Zaragoza;Facultad;Facultad de Educación;Máster: Profesorado E.S.O., F.P. y Ens. Idiom, Art y Deport;Máster;Pais Vasco;Hombres;No;Tiempo Completo;2;19/07/2026
2025;Zaragoza;Facultad;Facultad de Educación;Máster: Profesorado E.S.O., F.P. y Ens. Idiom, Art y Deport;Máster;Pais Vasco;Mujeres;No;Tiempo Completo;2;19/07/2026
2025;Zaragoza;Facultad;Facultad de Educación;Máster: Profesorado E.S.O., F.P. y Ens. Idiom, Art y Deport;Máster;Pais Vasco;Mujeres;No;Tiempo Parcial;1;19/07/2026
2025;Zaragoza;Facultad;Facultad de Filosofía y Letras;Grado: Estudios Clásicos;Grado;Aragón;Hombres;No;Otra dedicación;2;19/07/2026
2025;Zaragoza;Facultad;Facultad de Filosofía y Letras;Grado: Estudios Clásicos;Grado;Aragón;Hombres;Sí;Otra dedicación;1;19/07/2026
2025;Zaragoza;Facultad;Facultad de Filosofía y Letras;Grado: Estudios Clásicos;Grado;Aragón;Hombres;No;Tiempo Completo;15;19/07/2026
2025;Zaragoza;Facultad;Facultad de Filosofía y Letras;Grado: Estudios Clásicos;Grado;Aragón;Hombres;No;Tiempo Parcial;2;19/07/2026
2025;Zaragoza;Facultad;Facultad de Filosofía y Letras;Grado: Estudios Clásicos;Grado;Aragón;Mujeres;No;Otra dedicación;10;19/07/2026
2025;Zaragoza;Facultad;Facultad de Filosofía y Letras;Grado: Estudios Clásicos;Grado;Aragón;Mujeres;No;Tiempo Completo;35;19/07/2026
2025;Zaragoza;Facultad;Facultad de Filosofía y Letras;Grado: Estudios Clásicos;Grado;Aragón;Mujeres;No;Tiempo Parcial;6;19/07/2026
2025;Zaragoza;Facultad;Facultad de Filosofía y Letras;Grado: Estudios Clásicos;Grado;Castilla y Leon;Mujeres;No;Tiempo Completo;1;19/07/2026
2025;Zaragoza;Facultad;Facultad de Filosofía y Letras;Grado: Estudios Clásicos;Grado;Catalunya;Mujeres;No;Tiempo Completo;1;19/07/2026
2025;Zaragoza;Facultad;Facultad de Filosofía y Letras;Grado: Estudios Clásicos;Grado;Comunidad Valenciana;Mujeres;No;Otra dedicación;1;19/07/2026
2025;Zaragoza;Facultad;Facultad de Filosofía y Letras;Grado: Estudios Clásicos;Grado;Comunidad Valenciana;Mujeres;No;Tiempo Completo;1;19/07/2026
2025;Zaragoza;Facultad;Facultad de Filosofía y Letras;Grado: Estudios Clásicos;Grado;La Rioja;Hombres;No;Tiempo Completo;1;19/07/2026
2025;Zaragoza;Facultad;Facultad de Filosofía y Letras;Grado: Estudios Clásicos;Grado;La Rioja;Mujeres;No;Tiempo Completo;1;19/07/2026
2025;Zaragoza;Facultad;Facultad de Filosofía y Letras;Grado: Estudios Clásicos;Grado;Navarra;Hombres;No;Tiempo Completo;1;19/07/2026
2025;Zaragoza;Facultad;Facultad de Filosofía y Letras;Grado: Estudios Clásicos;Grado;Navarra;Mujeres;No;Otra dedicación;2;19/07/2026
2025;Zaragoza;Facultad;Facultad de Filosofía y Letras;Grado: Estudios Clásicos;Grado;Navarra;Mujeres;No;Tiempo Completo;3;19/07/2026
2025;Zaragoza;Facultad;Facultad de Filosofía y Letras;Grado: Estudios Ingleses;Grado;Aragón;Hombres;No;Otra dedicación;13;19/07/2026
2025;Zaragoza;Facultad;Facultad de Filosofía y Letras;Grado: Estudios Ingleses;Grado;Aragón;Hombres;Sí;Otra dedicación;1;19/07/2026
2025;Zaragoza;Facultad;Facultad de Filosofía y Letras;Grado: Estudios Ingleses;Grado;Aragón;Hombres;No;Tiempo Completo;60;19/07/2026
2025;Zaragoza;Facultad;Facultad de Filosofía y Letras;Grado: Estudios Ingleses;Grado;Aragón;Hombres;Sí;Tiempo Completo;5;19/07/2026
2025;Zaragoza;Facultad;Facultad de Filosofía y Letras;Grado: Estudios Ingleses;Grado;Aragón;Mujeres;No;Otra dedicación;37;19/07/2026
2025;Zaragoza;Facultad;Facultad de Filosofía y Letras;Grado: Estudios Ingleses;Grado;Aragón;Mujeres;Sí;Otra dedicación;4;19/07/2026
2025;Zaragoza;Facultad;Facultad de Filosofía y Letras;Grado: Estudios Ingleses;Grado;Aragón;Mujeres;No;Tiempo Completo;214;19/07/2026
2025;Zaragoza;Facultad;Facultad de Filosofía y Letras;Grado: Estudios Ingleses;Grado;Aragón;Mujeres;Sí;Tiempo Completo;19;19/07/2026
2025;Zaragoza;Facultad;Facultad de Filosofía y Letras;Grado: Estudios Ingleses;Grado;Aragón;Mujeres;No;Tiempo Parcial;9;19/07/2026
2025;Zaragoza;Facultad;Facultad de Filosofía y Letras;Grado: Estudios Ingleses;Grado;Castilla y Leon;Hombres;No;Otra dedicación;1;19/07/2026
2025;Zaragoza;Facultad;Facultad de Filosofía y Letras;Grado: Estudios Ingleses;Grado;Castilla y Leon;Mujeres;No;Tiempo Completo;3;19/07/2026
2025;Zaragoza;Facultad;Facultad de Filosofía y Letras;Grado: Estudios Ingleses;Grado;Castilla y Leon;Mujeres;Sí;Tiempo Completo;1;19/07/2026
2025;Zaragoza;Facultad;Facultad de Filosofía y Letras;Grado: Estudios Ingleses;Grado;Castilla-La Mancha;Hombres;Sí;Tiempo Completo;1;19/07/2026
2025;Zaragoza;Facultad;Facultad de Filosofía y Letras;Grado: Estudios Ingleses;Grado;Castilla-La Mancha;Mujeres;No;Tiempo Completo;1;19/07/2026
2025;Zaragoza;Facultad;Facultad de Filosofía y Letras;Grado: Estudios Ingleses;Grado;Catalunya;Mujeres;No;Otra dedicación;1;19/07/2026
2025;Zaragoza;Facultad;Facultad de Filosofía y Letras;Grado: Estudios Ingleses;Grado;Catalunya;Mujeres;No;Tiempo Completo;2;19/07/2026
2025;Zaragoza;Facultad;Facultad de Filosofía y Letras;Grado: Estudios Ingleses;Grado;Ciudad autónoma de Melilla;Mujeres;No;Tiempo Completo;1;19/07/2026
2025;Zaragoza;Facultad;Facultad de Filosofía y Letras;Grado: Estudios Ingleses;Grado;Comunidad Valenciana;Mujeres;No;Otra dedicación;1;19/07/2026
2025;Zaragoza;Facultad;Facultad de Filosofía y Letras;Grado: Estudios Ingleses;Grado;La Rioja;Hombres;No;Otra dedicación;1;19/07/2026
2025;Zaragoza;Facultad;Facultad de Filosofía y Letras;Grado: Estudios Ingleses;Grado;La Rioja;Mujeres;No;Otra dedicación;1;19/07/2026
2025;Zaragoza;Facultad;Facultad de Filosofía y Letras;Grado: Estudios Ingleses;Grado;La Rioja;Mujeres;No;Tiempo Completo;4;19/07/2026
2025;Zaragoza;Facultad;Facultad de Filosofía y Letras;Grado: Estudios Ingleses;Grado;Navarra;Hombres;No;Tiempo Completo;3;19/07/2026
2025;Zaragoza;Facultad;Facultad de Filosofía y Letras;Grado: Estudios Ingleses;Grado;Navarra;Mujeres;No;Otra dedicación;1;19/07/2026
2025;Zaragoza;Facultad;Facultad de Filosofía y Letras;Grado: Estudios Ingleses;Grado;Navarra;Mujeres;No;Tiempo Completo;9;19/07/2026
2025;Zaragoza;Facultad;Facultad de Filosofía y Letras;Grado: Estudios Ingleses;Grado;No Informado;Mujeres;No;Tiempo Completo;1;19/07/2026
2025;Zaragoza;Facultad;Facultad de Filosofía y Letras;Grado: Estudios Ingleses;Grado;Pais Vasco;Mujeres;No;Otra dedicación;1;19/07/2026
2025;Zaragoza;Facultad;Facultad de Filosofía y Letras;Grado: Estudios Ingleses;Grado;Pais Vasco;Mujeres;No;Tiempo Completo;2;19/07/2026
2025;Zaragoza;Facultad;Facultad de Filosofía y Letras;Grado: Estudios Ingleses;Grado;Pais Vasco;Mujeres;No;Tiempo Parcial;1;19/07/2026
2025;Zaragoza;Facultad;Facultad de Filosofía y Letras;Grado: Filología Hispánica;Grado;Aragón;Hombres;No;Otra dedicación;4;19/07/2026
2025;Zaragoza;Facultad;Facultad de Filosofía y Letras;Grado: Filología Hispánica;Grado;Aragón;Hombres;No;Tiempo Completo;45;19/07/2026
2025;Zaragoza;Facultad;Facultad de Filosofía y Letras;Grado: Filología Hispánica;Grado;Aragón;Hombres;Sí;Tiempo Completo;2;19/07/2026
2025;Zaragoza;Facultad;Facultad de Filosofía y Letras;Grado: Filología Hispánica;Grado;Aragón;Hombres;No;Tiempo Parcial;6;19/07/2026
2025;Zaragoza;Facultad;Facultad de Filosofía y Letras;Grado: Filología Hispánica;Grado;Aragón;Mujeres;No;Otra dedicación;26;19/07/2026
2025;Zaragoza;Facultad;Facultad de Filosofía y Letras;Grado: Filología Hispánica;Grado;Aragón;Mujeres;No;Tiempo Completo;138;19/07/2026
2025;Zaragoza;Facultad;Facultad de Filosofía y Letras;Grado: Filología Hispánica;Grado;Aragón;Mujeres;Sí;Tiempo Completo;11;19/07/2026
2025;Zaragoza;Facultad;Facultad de Filosofía y Letras;Grado: Filología Hispánica;Grado;Aragón;Mujeres;No;Tiempo Parcial;10;19/07/2026
2025;Zaragoza;Facultad;Facultad de Filosofía y Letras;Grado: Filología Hispánica;Grado;Canarias;Hombres;No;Tiempo Completo;1;19/07/2026
2025;Zaragoza;Facultad;Facultad de Filosofía y Letras;Grado: Filología Hispánica;Grado;Castilla y Leon;Hombres;No;Tiempo Completo;1;19/07/2026
2025;Zaragoza;Facultad;Facultad de Filosofía y Letras;Grado: Filología Hispánica;Grado;Castilla-La Mancha;Mujeres;No;Tiempo Completo;1;19/07/2026
2025;Zaragoza;Facultad;Facultad de Filosofía y Letras;Grado: Filología Hispánica;Grado;Catalunya;Mujeres;No;Tiempo Completo;1;19/07/2026
2025;Zaragoza;Facultad;Facultad de Filosofía y Letras;Grado: Filología Hispánica;Grado;Comunidad Valenciana;Mujeres;No;Tiempo Completo;1;19/07/2026
2025;Zaragoza;Facultad;Facultad de Filosofía y Letras;Grado: Filología Hispánica;Grado;La Rioja;Mujeres;No;Tiempo Completo;7;19/07/2026
2025;Zaragoza;Facultad;Facultad de Filosofía y Letras;Grado: Filología Hispánica;Grado;Navarra;Hombres;No;Tiempo Completo;1;19/07/2026
2025;Zaragoza;Facultad;Facultad de Filosofía y Letras;Grado: Filología Hispánica;Grado;Navarra;Mujeres;No;Otra dedicación;2;19/07/2026
2025;Zaragoza;Facultad;Facultad de Filosofía y Letras;Grado: Filología Hispánica;Grado;Navarra;Mujeres;No;Tiempo Completo;10;19/07/2026
2025;Zaragoza;Facultad;Facultad de Filosofía y Letras;Grado: Filología Hispánica;Grado;Navarra;Mujeres;Sí;Tiempo Completo;2;19/07/2026
2025;Zaragoza;Facultad;Facultad de Filosofía y Letras;Grado: Filología Hispánica;Grado;No Informado;Mujeres;Sí;Tiempo Completo;1;19/07/2026
2025;Zaragoza;Facultad;Facultad de Filosofía y Letras;Grado: Filología Hispánica;Grado;Pais Vasco;Hombres;No;Tiempo Completo;1;19/07/2026
2025;Zaragoza;Facultad;Facultad de Filosofía y Letras;Grado: Filología Hispánica;Grado;Pais Vasco;Mujeres;No;Tiempo Completo;2;19/07/2026
2025;Zaragoza;Facultad;Facultad de Filosofía y Letras;Grado: Filosofía;Grado;Aragón;Hombres;No;Otra dedicación;10;19/07/2026
2025;Zaragoza;Facultad;Facultad de Filosofía y Letras;Grado: Filosofía;Grado;Aragón;Hombres;No;Tiempo Completo;70;19/07/2026
2025;Zaragoza;Facultad;Facultad de Filosofía y Letras;Grado: Filosofía;Grado;Aragón;Hombres;No;Tiempo Parcial;14;19/07/2026
2025;Zaragoza;Facultad;Facultad de Filosofía y Letras;Grado: Filosofía;Grado;Aragón;Mujeres;No;Otra dedicación;16;19/07/2026
2025;Zaragoza;Facultad;Facultad de Filosofía y Letras;Grado: Filosofía;Grado;Aragón;Mujeres;No;Tiempo Completo;76;19/07/2026
2025;Zaragoza;Facultad;Facultad de Filosofía y Letras;Grado: Filosofía;Grado;Aragón;Mujeres;Sí;Tiempo Completo;1;19/07/2026
2025;Zaragoza;Facultad;Facultad de Filosofía y Letras;Grado: Filosofía;Grado;Aragón;Mujeres;No;Tiempo Parcial;5;19/07/2026
2025;Zaragoza;Facultad;Facultad de Filosofía y Letras;Grado: Filosofía;Grado;Castilla y Leon;Hombres;No;Otra dedicación;1;19/07/2026
2025;Zaragoza;Facultad;Facultad de Filosofía y Letras;Grado: Filosofía;Grado;Castilla y Leon;Hombres;No;Tiempo Completo;2;19/07/2026
2025;Zaragoza;Facultad;Facultad de Filosofía y Letras;Grado: Filosofía;Grado;Castilla y Leon;Mujeres;No;Tiempo Completo;1;19/07/2026
2025;Zaragoza;Facultad;Facultad de Filosofía y Letras;Grado: Filosofía;Grado;Castilla-La Mancha;Hombres;No;Tiempo Completo;1;19/07/2026
2025;Zaragoza;Facultad;Facultad de Filosofía y Letras;Grado: Filosofía;Grado;Comunidad Valenciana;Mujeres;No;Tiempo Completo;1;19/07/2026
2025;Zaragoza;Facultad;Facultad de Filosofía y Letras;Grado: Filosofía;Grado;La Rioja;Hombres;No;Tiempo Completo;4;19/07/2026
2025;Zaragoza;Facultad;Facultad de Filosofía y Letras;Grado: Filosofía;Grado;La Rioja;Mujeres;No;Tiempo Completo;4;19/07/2026
2025;Zaragoza;Facultad;Facultad de Filosofía y Letras;Grado: Filosofía;Grado;Navarra;Hombres;No;Tiempo Completo;9;19/07/2026
2025;Zaragoza;Facultad;Facultad de Filosofía y Letras;Grado: Filosofía;Grado;Navarra;Mujeres;No;Tiempo Completo;3;19/07/2026
2025;Zaragoza;Facultad;Facultad de Filosofía y Letras;Grado: Filosofía;Grado;Pais Vasco;Hombres;No;Tiempo Completo;1;19/07/2026
2025;Zaragoza;Facultad;Facultad de Filosofía y Letras;Grado: Geografía y Ordenación del Territorio;Grado;Aragón;Hombres;No;Otra dedicación;8;19/07/2026
2025;Zaragoza;Facultad;Facultad de Filosofía y Letras;Grado: Geografía y Ordenación del Territorio;Grado;Aragón;Hombres;No;Tiempo Completo;37;19/07/2026
2025;Zaragoza;Facultad;Facultad de Filosofía y Letras;Grado: Geografía y Ordenación del Territorio;Grado;Aragón;Hombres;No;Tiempo Parcial;2;19/07/2026
2025;Zaragoza;Facultad;Facultad de Filosofía y Letras;Grado: Geografía y Ordenación del Territorio;Grado;Aragón;Mujeres;No;Otra dedicación;1;19/07/2026
2025;Zaragoza;Facultad;Facultad de Filosofía y Letras;Grado: Geografía y Ordenación del Territorio;Grado;Aragón;Mujeres;No;Tiempo Completo;7;19/07/2026
2025;Zaragoza;Facultad;Facultad de Filosofía y Letras;Grado: Geografía y Ordenación del Territorio;Grado;Aragón;Mujeres;Sí;Tiempo Completo;1;19/07/2026
2025;Zaragoza;Facultad;Facultad de Filosofía y Letras;Grado: Geografía y Ordenación del Territorio;Grado;Baleares;Hombres;No;Tiempo Completo;2;19/07/2026
2025;Zaragoza;Facultad;Facultad de Filosofía y Letras;Grado: Geografía y Ordenación del Territorio;Grado;Castilla y Leon;Hombres;No;Tiempo Completo;1;19/07/2026
2025;Zaragoza;Facultad;Facultad de Filosofía y Letras;Grado: Geografía y Ordenación del Territorio;Grado;Castilla y Leon;Mujeres;No;Tiempo Completo;1;19/07/2026
2025;Zaragoza;Facultad;Facultad de Filosofía y Letras;Grado: Geografía y Ordenación del Territorio;Grado;Comunidad Valenciana;Hombres;No;Tiempo Parcial;1;19/07/2026
2025;Zaragoza;Facultad;Facultad de Filosofía y Letras;Grado: Geografía y Ordenación del Territorio;Grado;La Rioja;Hombres;No;Tiempo Completo;1;19/07/2026
2025;Zaragoza;Facultad;Facultad de Filosofía y Letras;Grado: Geografía y Ordenación del Territorio;Grado;La Rioja;Mujeres;No;Tiempo Completo;1;19/07/2026
2025;Zaragoza;Facultad;Facultad de Filosofía y Letras;Grado: Geografía, Territorio y Medio Ambiente;Grado;Aragón;Hombres;No;Tiempo Completo;17;19/07/2026
2025;Zaragoza;Facultad;Facultad de Filosofía y Letras;Grado: Geografía, Territorio y Medio Ambiente;Grado;Aragón;Hombres;No;Tiempo Parcial;3;19/07/2026
2025;Zaragoza;Facultad;Facultad de Filosofía y Letras;Grado: Geografía, Territorio y Medio Ambiente;Grado;Aragón;Mujeres;No;Tiempo Completo;7;19/07/2026
2025;Zaragoza;Facultad;Facultad de Filosofía y Letras;Grado: Geografía, Territorio y Medio Ambiente;Grado;Castilla y Leon;Hombres;No;Tiempo Completo;1;19/07/2026
2025;Zaragoza;Facultad;Facultad de Filosofía y Letras;Grado: Geografía, Territorio y Medio Ambiente;Grado;Navarra;Hombres;No;Tiempo Completo;1;19/07/2026
2025;Zaragoza;Facultad;Facultad de Filosofía y Letras;Grado: Gestión de Información y Contenidos Digitales;Grado;Aragón;Hombres;No;Tiempo Completo;11;19/07/2026
2025;Zaragoza;Facultad;Facultad de Filosofía y Letras;Grado: Gestión de Información y Contenidos Digitales;Grado;Aragón;Mujeres;No;Tiempo Completo;12;19/07/2026
2025;Zaragoza;Facultad;Facultad de Filosofía y Letras;Grado: Gestión de Información y Contenidos Digitales;Grado;Aragón;Mujeres;No;Tiempo Parcial;2;19/07/2026
2025;Zaragoza;Facultad;Facultad de Filosofía y Letras;Grado: Historia;Grado;Andalucía;Hombres;No;Otra dedicación;1;19/07/2026
2025;Zaragoza;Facultad;Facultad de Filosofía y Letras;Grado: Historia;Grado;Aragón;Hombres;No;Otra dedicación;15;19/07/2026
2025;Zaragoza;Facultad;Facultad de Filosofía y Letras;Grado: Historia;Grado;Aragón;Hombres;No;Tiempo Completo;232;19/07/2026
2025;Zaragoza;Facultad;Facultad de Filosofía y Letras;Grado: Historia;Grado;Aragón;Hombres;Sí;Tiempo Completo;10;19/07/2026
2025;Zaragoza;Facultad;Facultad de Filosofía y Letras;Grado: Historia;Grado;Aragón;Hombres;No;Tiempo Parcial;30;19/07/2026
2025;Zaragoza;Facultad;Facultad de Filosofía y Letras;Grado: Historia;Grado;Aragón;Mujeres;No;Otra dedicación;11;19/07/2026
2025;Zaragoza;Facultad;Facultad de Filosofía y Letras;Grado: Historia;Grado;Aragón;Mujeres;No;Tiempo Completo;147;19/07/2026
2025;Zaragoza;Facultad;Facultad de Filosofía y Letras;Grado: Historia;Grado;Aragón;Mujeres;Sí;Tiempo Completo;9;19/07/2026
2025;Zaragoza;Facultad;Facultad de Filosofía y Letras;Grado: Historia;Grado;Aragón;Mujeres;No;Tiempo Parcial;19;19/07/2026
2025;Zaragoza;Facultad;Facultad de Filosofía y Letras;Grado: Historia;Grado;Canarias;Hombres;No;Tiempo Completo;1;19/07/2026
2025;Zaragoza;Facultad;Facultad de Filosofía y Letras;Grado: Historia;Grado;Castilla y Leon;Hombres;No;Otra dedicación;1;19/07/2026
2025;Zaragoza;Facultad;Facultad de Filosofía y Letras;Grado: Historia;Grado;Castilla y Leon;Hombres;No;Tiempo Completo;4;19/07/2026
2025;Zaragoza;Facultad;Facultad de Filosofía y Letras;Grado: Historia;Grado;Castilla y Leon;Mujeres;No;Tiempo Completo;3;19/07/2026
2025;Zaragoza;Facultad;Facultad de Filosofía y Letras;Grado: Historia;Grado;Castilla y Leon;Mujeres;No;Tiempo Parcial;1;19/07/2026
2025;Zaragoza;Facultad;Facultad de Filosofía y Letras;Grado: Historia;Grado;Castilla-La Mancha;Hombres;No;Tiempo Parcial;1;19/07/2026
2025;Zaragoza;Facultad;Facultad de Filosofía y Letras;Grado: Historia;Grado;Catalunya;Hombres;No;Tiempo Completo;1;19/07/2026
2025;Zaragoza;Facultad;Facultad de Filosofía y Letras;Grado: Historia;Grado;Catalunya;Mujeres;No;Tiempo Completo;1;19/07/2026
2025;Zaragoza;Facultad;Facultad de Filosofía y Letras;Grado: Historia;Grado;La Rioja;Hombres;No;Tiempo Completo;8;19/07/2026
2025;Zaragoza;Facultad;Facultad de Filosofía y Letras;Grado: Historia;Grado;La Rioja;Mujeres;No;Tiempo Completo;5;19/07/2026
2025;Zaragoza;Facultad;Facultad de Filosofía y Letras;Grado: Historia;Grado;La Rioja;Mujeres;No;Tiempo Parcial;1;19/07/2026
2025;Zaragoza;Facultad;Facultad de Filosofía y Letras;Grado: Historia;Grado;Madrid;Mujeres;No;Tiempo Completo;1;19/07/2026
2025;Zaragoza;Facultad;Facultad de Filosofía y Letras;Grado: Historia;Grado;Navarra;Hombres;No;Otra dedicación;1;19/07/2026
2025;Zaragoza;Facultad;Facultad de Filosofía y Letras;Grado: Historia;Grado;Navarra;Hombres;No;Tiempo Completo;5;19/07/2026
2025;Zaragoza;Facultad;Facultad de Filosofía y Letras;Grado: Historia;Grado;Navarra;Hombres;Sí;Tiempo Completo;1;19/07/2026
2025;Zaragoza;Facultad;Facultad de Filosofía y Letras;Grado: Historia;Grado;Navarra;Mujeres;No;Tiempo Completo;6;19/07/2026
2025;Zaragoza;Facultad;Facultad de Filosofía y Letras;Grado: Historia;Grado;Navarra;Mujeres;Sí;Tiempo Completo;1;19/07/2026
2025;Zaragoza;Facultad;Facultad de Filosofía y Letras;Grado: Historia;Grado;No Informado;Hombres;No;Tiempo Completo;1;19/07/2026
2025;Zaragoza;Facultad;Facultad de Filosofía y Letras;Grado: Historia;Grado;No Informado;Mujeres;No;Tiempo Completo;1;19/07/2026
2025;Zaragoza;Facultad;Facultad de Filosofía y Letras;Grado: Historia;Grado;Pais Vasco;Mujeres;No;Tiempo Completo;1;19/07/2026
2025;Zaragoza;Facultad;Facultad de Filosofía y Letras;Grado: Historia del Arte;Grado;Aragón;Hombres;No;Otra dedicación;11;19/07/2026
2025;Zaragoza;Facultad;Facultad de Filosofía y Letras;Grado: Historia del Arte;Grado;Aragón;Hombres;No;Tiempo Completo;29;19/07/2026
2025;Zaragoza;Facultad;Facultad de Filosofía y Letras;Grado: Historia del Arte;Grado;Aragón;Hombres;Sí;Tiempo Completo;2;19/07/2026
2025;Zaragoza;Facultad;Facultad de Filosofía y Letras;Grado: Historia del Arte;Grado;Aragón;Hombres;No;Tiempo Parcial;5;19/07/2026
2025;Zaragoza;Facultad;Facultad de Filosofía y Letras;Grado: Historia del Arte;Grado;Aragón;Mujeres;No;Otra dedicación;43;19/07/2026
2025;Zaragoza;Facultad;Facultad de Filosofía y Letras;Grado: Historia del Arte;Grado;Aragón;Mujeres;Sí;Otra dedicación;1;19/07/2026
2025;Zaragoza;Facultad;Facultad de Filosofía y Letras;Grado: Historia del Arte;Grado;Aragón;Mujeres;No;Tiempo Completo;117;19/07/2026
2025;Zaragoza;Facultad;Facultad de Filosofía y Letras;Grado: Historia del Arte;Grado;Aragón;Mujeres;Sí;Tiempo Completo;5;19/07/2026
2025;Zaragoza;Facultad;Facultad de Filosofía y Letras;Grado: Historia del Arte;Grado;Aragón;Mujeres;No;Tiempo Parcial;25;19/07/2026
2025;Zaragoza;Facultad;Facultad de Filosofía y Letras;Grado: Historia del Arte;Grado;Castilla y Leon;Mujeres;No;Tiempo Completo;1;19/07/2026
2025;Zaragoza;Facultad;Facultad de Filosofía y Letras;Grado: Historia del Arte;Grado;Catalunya;Hombres;No;Tiempo Completo;1;19/07/2026
2025;Zaragoza;Facultad;Facultad de Filosofía y Letras;Grado: Historia del Arte;Grado;Catalunya;Mujeres;Sí;Tiempo Completo;1;19/07/2026
2025;Zaragoza;Facultad;Facultad de Filosofía y Letras;Grado: Historia del Arte;Grado;Comunidad Valenciana;Mujeres;No;Otra dedicación;1;19/07/2026
2025;Zaragoza;Facultad;Facultad de Filosofía y Letras;Grado: Historia del Arte;Grado;Extremadura;Mujeres;No;Otra dedicación;1;19/07/2026
2025;Zaragoza;Facultad;Facultad de Filosofía y Letras;Grado: Historia del Arte;Grado;La Rioja;Hombres;No;Tiempo Completo;1;19/07/2026
2025;Zaragoza;Facultad;Facultad de Filosofía y Letras;Grado: Historia del Arte;Grado;La Rioja;Mujeres;No;Otra dedicación;1;19/07/2026
2025;Zaragoza;Facultad;Facultad de Filosofía y Letras;Grado: Historia del Arte;Grado;La Rioja;Mujeres;No;Tiempo Completo;3;19/07/2026
2025;Zaragoza;Facultad;Facultad de Filosofía y Letras;Grado: Historia del Arte;Grado;Navarra;Hombres;No;Tiempo Completo;2;19/07/2026
2025;Zaragoza;Facultad;Facultad de Filosofía y Letras;Grado: Historia del Arte;Grado;Navarra;Mujeres;No;Tiempo Completo;1;19/07/2026
2025;Zaragoza;Facultad;Facultad de Filosofía y Letras;Grado: Información y Documentación;Grado;Aragón;Hombres;No;Tiempo Completo;9;19/07/2026
2025;Zaragoza;Facultad;Facultad de Filosofía y Letras;Grado: Información y Documentación;Grado;Aragón;Hombres;No;Tiempo Parcial;1;19/07/2026
2025;Zaragoza;Facultad;Facultad de Filosofía y Letras;Grado: Información y Documentación;Grado;Aragón;Mujeres;No;Otra dedicación;5;19/07/2026
2025;Zaragoza;Facultad;Facultad de Filosofía y Letras;Grado: Información y Documentación;Grado;Aragón;Mujeres;No;Tiempo Completo;15;19/07/2026
2025;Zaragoza;Facultad;Facultad de Filosofía y Letras;Grado: Información y Documentación;Grado;Aragón;Mujeres;Sí;Tiempo Completo;1;19/07/2026
2025;Zaragoza;Facultad;Facultad de Filosofía y Letras;Grado: Información y Documentación;Grado;Aragón;Mujeres;No;Tiempo Parcial;1;19/07/2026
2025;Zaragoza;Facultad;Facultad de Filosofía y Letras;Grado: Información y Documentación;Grado;Comunidad Valenciana;Mujeres;No;Tiempo Completo;1;19/07/2026
2025;Zaragoza;Facultad;Facultad de Filosofía y Letras;Grado: Información y Documentación;Grado;La Rioja;Mujeres;No;Tiempo Completo;1;19/07/2026
2025;Zaragoza;Facultad;Facultad de Filosofía y Letras;Grado: Lenguas Modernas;Grado;Aragón;Hombres;No;Otra dedicación;4;19/07/2026
2025;Zaragoza;Facultad;Facultad de Filosofía y Letras;Grado: Lenguas Modernas;Grado;Aragón;Hombres;No;Tiempo Completo;30;19/07/2026
2025;Zaragoza;Facultad;Facultad de Filosofía y Letras;Grado: Lenguas Modernas;Grado;Aragón;Hombres;Sí;Tiempo Completo;6;19/07/2026
2025;Zaragoza;Facultad;Facultad de Filosofía y Letras;Grado: Lenguas Modernas;Grado;Aragón;Hombres;No;Tiempo Parcial;2;19/07/2026
2025;Zaragoza;Facultad;Facultad de Filosofía y Letras;Grado: Lenguas Modernas;Grado;Aragón;Mujeres;No;Otra dedicación;11;19/07/2026
2025;Zaragoza;Facultad;Facultad de Filosofía y Letras;Grado: Lenguas Modernas;Grado;Aragón;Mujeres;No;Tiempo Completo;89;19/07/2026
2025;Zaragoza;Facultad;Facultad de Filosofía y Letras;Grado: Lenguas Modernas;Grado;Aragón;Mujeres;Sí;Tiempo Completo;7;19/07/2026
2025;Zaragoza;Facultad;Facultad de Filosofía y Letras;Grado: Lenguas Modernas;Grado;Aragón;Mujeres;No;Tiempo Parcial;10;19/07/2026
2025;Zaragoza;Facultad;Facultad de Filosofía y Letras;Grado: Lenguas Modernas;Grado;Baleares;Hombres;No;Tiempo Completo;1;19/07/2026
2025;Zaragoza;Facultad;Facultad de Filosofía y Letras;Grado: Lenguas Modernas;Grado;Baleares;Mujeres;No;Tiempo Completo;1;19/07/2026
2025;Zaragoza;Facultad;Facultad de Filosofía y Letras;Grado: Lenguas Modernas;Grado;Canarias;Hombres;No;Tiempo Completo;1;19/07/2026
2025;Zaragoza;Facultad;Facultad de Filosofía y Letras;Grado: Lenguas Modernas;Grado;Canarias;Mujeres;No;Tiempo Completo;1;19/07/2026
2025;Zaragoza;Facultad;Facultad de Filosofía y Letras;Grado: Lenguas Modernas;Grado;Cantabria;Mujeres;No;Tiempo Completo;1;19/07/2026
2025;Zaragoza;Facultad;Facultad de Filosofía y Letras;Grado: Lenguas Modernas;Grado;Castilla y Leon;Mujeres;No;Tiempo Completo;2;19/07/2026
2025;Zaragoza;Facultad;Facultad de Filosofía y Letras;Grado: Lenguas Modernas;Grado;Castilla-La Mancha;Hombres;No;Tiempo Parcial;1;19/07/2026
2025;Zaragoza;Facultad;Facultad de Filosofía y Letras;Grado: Lenguas Modernas;Grado;Castilla-La Mancha;Mujeres;Sí;Tiempo Completo;1;19/07/2026
2025;Zaragoza;Facultad;Facultad de Filosofía y Letras;Grado: Lenguas Modernas;Grado;La Rioja;Mujeres;No;Tiempo Completo;1;19/07/2026
2025;Zaragoza;Facultad;Facultad de Filosofía y Letras;Grado: Lenguas Modernas;Grado;La Rioja;Mujeres;No;Tiempo Parcial;1;19/07/2026
2025;Zaragoza;Facultad;Facultad de Filosofía y Letras;Grado: Lenguas Modernas;Grado;Navarra;Hombres;No;Otra dedicación;1;19/07/2026
2025;Zaragoza;Facultad;Facultad de Filosofía y Letras;Grado: Lenguas Modernas;Grado;Navarra;Hombres;No;Tiempo Completo;1;19/07/2026
2025;Zaragoza;Facultad;Facultad de Filosofía y Letras;Grado: Lenguas Modernas;Grado;Navarra;Mujeres;No;Otra dedicación;1;19/07/2026
2025;Zaragoza;Facultad;Facultad de Filosofía y Letras;Grado: Lenguas Modernas;Grado;Navarra;Mujeres;No;Tiempo Completo;2;19/07/2026
2025;Zaragoza;Facultad;Facultad de Filosofía y Letras;Grado: Lenguas Modernas;Grado;No Informado;Mujeres;No;Tiempo Completo;2;19/07/2026
2025;Zaragoza;Facultad;Facultad de Filosofía y Letras;Grado: Lenguas Modernas;Grado;Pais Vasco;Hombres;No;Tiempo Completo;1;19/07/2026
2025;Zaragoza;Facultad;Facultad de Filosofía y Letras;Grado: Lenguas Modernas;Grado;Pais Vasco;Mujeres;No;Tiempo Completo;2;19/07/2026
2025;Zaragoza;Facultad;Facultad de Filosofía y Letras;Grado: Periodismo;Grado;Aragón;Hombres;No;Otra dedicación;3;19/07/2026
2025;Zaragoza;Facultad;Facultad de Filosofía y Letras;Grado: Periodismo;Grado;Aragón;Hombres;No;Tiempo Completo;68;19/07/2026
2025;Zaragoza;Facultad;Facultad de Filosofía y Letras;Grado: Periodismo;Grado;Aragón;Hombres;Sí;Tiempo Completo;11;19/07/2026
2025;Zaragoza;Facultad;Facultad de Filosofía y Letras;Grado: Periodismo;Grado;Aragón;Hombres;No;Tiempo Parcial;1;19/07/2026
2025;Zaragoza;Facultad;Facultad de Filosofía y Letras;Grado: Periodismo;Grado;Aragón;Mujeres;No;Otra dedicación;6;19/07/2026
2025;Zaragoza;Facultad;Facultad de Filosofía y Letras;Grado: Periodismo;Grado;Aragón;Mujeres;Sí;Otra dedicación;2;19/07/2026
2025;Zaragoza;Facultad;Facultad de Filosofía y Letras;Grado: Periodismo;Grado;Aragón;Mujeres;No;Tiempo Completo;95;19/07/2026
2025;Zaragoza;Facultad;Facultad de Filosofía y Letras;Grado: Periodismo;Grado;Aragón;Mujeres;Sí;Tiempo Completo;21;19/07/2026
2025;Zaragoza;Facultad;Facultad de Filosofía y Letras;Grado: Periodismo;Grado;Aragón;Mujeres;No;Tiempo Parcial;3;19/07/2026
2025;Zaragoza;Facultad;Facultad de Filosofía y Letras;Grado: Periodismo;Grado;Castilla y Leon;Hombres;No;Tiempo Completo;1;19/07/2026
2025;Zaragoza;Facultad;Facultad de Filosofía y Letras;Grado: Periodismo;Grado;Castilla y Leon;Mujeres;No;Tiempo Completo;4;19/07/2026
2025;Zaragoza;Facultad;Facultad de Filosofía y Letras;Grado: Periodismo;Grado;Castilla y Leon;Mujeres;Sí;Tiempo Completo;1;19/07/2026
2025;Zaragoza;Facultad;Facultad de Filosofía y Letras;Grado: Periodismo;Grado;Castilla y Leon;Mujeres;No;Tiempo Parcial;1;19/07/2026
2025;Zaragoza;Facultad;Facultad de Filosofía y Letras;Grado: Periodismo;Grado;Catalunya;Hombres;No;Tiempo Completo;2;19/07/2026
2025;Zaragoza;Facultad;Facultad de Filosofía y Letras;Grado: Periodismo;Grado;La Rioja;Hombres;No;Tiempo Completo;2;19/07/2026
2025;Zaragoza;Facultad;Facultad de Filosofía y Letras;Grado: Periodismo;Grado;La Rioja;Hombres;Sí;Tiempo Completo;1;19/07/2026
2025;Zaragoza;Facultad;Facultad de Filosofía y Letras;Grado: Periodismo;Grado;La Rioja;Mujeres;No;Tiempo Completo;4;19/07/2026
2025;Zaragoza;Facultad;Facultad de Filosofía y Letras;Grado: Periodismo;Grado;La Rioja;Mujeres;Sí;Tiempo Completo;1;19/07/2026
2025;Zaragoza;Facultad;Facultad de Filosofía y Letras;Grado: Periodismo;Grado;Navarra;Hombres;No;Tiempo Completo;3;19/07/2026
2025;Zaragoza;Facultad;Facultad de Filosofía y Letras;Grado: Periodismo;Grado;Navarra;Mujeres;No;Tiempo Completo;2;19/07/2026
2025;Zaragoza;Facultad;Facultad de Filosofía y Letras;Grado: Periodismo;Grado;No Informado;Hombres;No;Tiempo Completo;1;19/07/2026
2025;Zaragoza;Facultad;Facultad de Filosofía y Letras;Movilidad para 1º y 2º ciclo y grado;Movilidad de entrada;Andalucía;Hombres;No;Tiempo Completo;1;19/07/2026
2025;Zaragoza;Facultad;Facultad de Filosofía y Letras;Movilidad para 1º y 2º ciclo y grado;Movilidad de entrada;Andalucía;Mujeres;No;Tiempo Completo;5;19/07/2026
2025;Zaragoza;Facultad;Facultad de Filosofía y Letras;Movilidad para 1º y 2º ciclo y grado;Movilidad de entrada;Aragón;Hombres;No;Tiempo Completo;3;19/07/2026
2025;Zaragoza;Facultad;Facultad de Filosofía y Letras;Movilidad para 1º y 2º ciclo y grado;Movilidad de entrada;Aragón;Mujeres;No;Tiempo Completo;6;19/07/2026
2025;Zaragoza;Facultad;Facultad de Filosofía y Letras;Movilidad para 1º y 2º ciclo y grado;Movilidad de entrada;Asturias;Hombres;No;Tiempo Completo;1;19/07/2026
2025;Zaragoza;Facultad;Facultad de Filosofía y Letras;Movilidad para 1º y 2º ciclo y grado;Movilidad de entrada;Asturias;Mujeres;No;Tiempo Completo;2;19/07/2026
2025;Zaragoza;Facultad;Facultad de Filosofía y Letras;Movilidad para 1º y 2º ciclo y grado;Movilidad de entrada;Baleares;Hombres;No;Tiempo Completo;1;19/07/2026
2025;Zaragoza;Facultad;Facultad de Filosofía y Letras;Movilidad para 1º y 2º ciclo y grado;Movilidad de entrada;Baleares;Mujeres;No;Tiempo Completo;1;19/07/2026
2025;Zaragoza;Facultad;Facultad de Filosofía y Letras;Movilidad para 1º y 2º ciclo y grado;Movilidad de entrada;Canarias;Hombres;No;Tiempo Completo;1;19/07/2026
2025;Zaragoza;Facultad;Facultad de Filosofía y Letras;Movilidad para 1º y 2º ciclo y grado;Movilidad de entrada;Canarias;Mujeres;No;Tiempo Completo;3;19/07/2026
2025;Zaragoza;Facultad;Facultad de Filosofía y Letras;Movilidad para 1º y 2º ciclo y grado;Movilidad de entrada;Castilla y Leon;Hombres;No;Tiempo Completo;2;19/07/2026
2025;Zaragoza;Facultad;Facultad de Filosofía y Letras;Movilidad para 1º y 2º ciclo y grado;Movilidad de entrada;Castilla y Leon;Mujeres;No;Tiempo Completo;5;19/07/2026
2025;Zaragoza;Facultad;Facultad de Filosofía y Letras;Movilidad para 1º y 2º ciclo y grado;Movilidad de entrada;Castilla-La Mancha;Mujeres;No;Tiempo Completo;2;19/07/2026
2025;Zaragoza;Facultad;Facultad de Filosofía y Letras;Movilidad para 1º y 2º ciclo y grado;Movilidad de entrada;Catalunya;Hombres;No;Tiempo Completo;1;19/07/2026
2025;Zaragoza;Facultad;Facultad de Filosofía y Letras;Movilidad para 1º y 2º ciclo y grado;Movilidad de entrada;Catalunya;Mujeres;No;Tiempo Completo;2;19/07/2026
2025;Zaragoza;Facultad;Facultad de Filosofía y Letras;Movilidad para 1º y 2º ciclo y grado;Movilidad de entrada;Comunidad Valenciana;Mujeres;No;Tiempo Completo;2;19/07/2026
2025;Zaragoza;Facultad;Facultad de Filosofía y Letras;Movilidad para 1º y 2º ciclo y grado;Movilidad de entrada;Extremadura;Mujeres;No;Tiempo Completo;4;19/07/2026
2025;Zaragoza;Facultad;Facultad de Filosofía y Letras;Movilidad para 1º y 2º ciclo y grado;Movilidad de entrada;Galicia;Mujeres;No;Tiempo Completo;4;19/07/2026
2025;Zaragoza;Facultad;Facultad de Filosofía y Letras;Movilidad para 1º y 2º ciclo y grado;Movilidad de entrada;Navarra;Hombres;No;Tiempo Completo;2;19/07/2026
2025;Zaragoza;Facultad;Facultad de Filosofía y Letras;Movilidad para 1º y 2º ciclo y grado;Movilidad de entrada;Navarra;Mujeres;No;Tiempo Completo;6;19/07/2026
2025;Zaragoza;Facultad;Facultad de Filosofía y Letras;Movilidad para 1º y 2º ciclo y grado;Movilidad de entrada;No Informado;Hombres;No;Tiempo Completo;52;19/07/2026
2025;Zaragoza;Facultad;Facultad de Filosofía y Letras;Movilidad para 1º y 2º ciclo y grado;Movilidad de entrada;No Informado;Mujeres;No;Tiempo Completo;145;19/07/2026
2025;Zaragoza;Facultad;Facultad de Filosofía y Letras;Movilidad para 1º y 2º ciclo y grado;Movilidad de entrada;Pais Vasco;Hombres;No;Tiempo Completo;1;19/07/2026
2025;Zaragoza;Facultad;Facultad de Filosofía y Letras;Movilidad para máster;Movilidad de entrada;No Informado;Mujeres;No;Tiempo Completo;2;19/07/2026
2025;Zaragoza;Facultad;Facultad de Filosofía y Letras;Máster: Ciencia y Tecnología de la Información Geográfica (CTIG);Máster;Aragón;Hombres;No;Tiempo Completo;13;19/07/2026
2025;Zaragoza;Facultad;Facultad de Filosofía y Letras;Máster: Ciencia y Tecnología de la Información Geográfica (CTIG);Máster;Aragón;Mujeres;No;Tiempo Completo;3;19/07/2026
2025;Zaragoza;Facultad;Facultad de Filosofía y Letras;Máster: Ciencia y Tecnología de la Información Geográfica (CTIG);Máster;Baleares;Mujeres;No;Tiempo Completo;1;19/07/2026
2025;Zaragoza;Facultad;Facultad de Filosofía y Letras;Máster: Ciencia y Tecnología de la Información Geográfica (CTIG);Máster;Canarias;Mujeres;No;Tiempo Completo;1;19/07/2026
2025;Zaragoza;Facultad;Facultad de Filosofía y Letras;Máster: Ciencia y Tecnología de la Información Geográfica (CTIG);Máster;Galicia;Hombres;No;Tiempo Completo;2;19/07/2026
2025;Zaragoza;Facultad;Facultad de Filosofía y Letras;Máster: Ciencia y Tecnología de la Información Geográfica (CTIG);Máster;La Rioja;Hombres;No;Tiempo Completo;1;19/07/2026
2025;Zaragoza;Facultad;Facultad de Filosofía y Letras;Máster: Ciencia y Tecnología de la Información Geográfica (CTIG);Máster;La Rioja;Hombres;No;Tiempo Parcial;1;19/07/2026
2025;Zaragoza;Facultad;Facultad de Filosofía y Letras;Máster: Consultoría de Información y Comunicación Digital;Máster;Andalucía;Hombres;No;Tiempo Completo;2;19/07/2026
2025;Zaragoza;Facultad;Facultad de Filosofía y Letras;Máster: Consultoría de Información y Comunicación Digital;Máster;Aragón;Hombres;No;Otra dedicación;2;19/07/2026
2025;Zaragoza;Facultad;Facultad de Filosofía y Letras;Máster: Consultoría de Información y Comunicación Digital;Máster;Aragón;Hombres;No;Tiempo Completo;6;19/07/2026
2025;Zaragoza;Facultad;Facultad de Filosofía y Letras;Máster: Consultoría de Información y Comunicación Digital;Máster;Aragón;Mujeres;No;Tiempo Completo;16;19/07/2026
2025;Zaragoza;Facultad;Facultad de Filosofía y Letras;Máster: Consultoría de Información y Comunicación Digital;Máster;Aragón;Mujeres;No;Tiempo Parcial;1;19/07/2026
2025;Zaragoza;Facultad;Facultad de Filosofía y Letras;Máster: Consultoría de Información y Comunicación Digital;Máster;Ciudad autónoma de Melilla;Mujeres;No;Tiempo Parcial;1;19/07/2026
2025;Zaragoza;Facultad;Facultad de Filosofía y Letras;Máster: Consultoría de Información y Comunicación Digital;Máster;La Rioja;Mujeres;No;Tiempo Completo;1;19/07/2026
2025;Zaragoza;Facultad;Facultad de Filosofía y Letras;Máster: Consultoría de Información y Comunicación Digital;Máster;Madrid;Mujeres;No;Tiempo Parcial;1;19/07/2026
2025;Zaragoza;Facultad;Facultad de Filosofía y Letras;Máster: Consultoría de Información y Comunicación Digital;Máster;Pais Vasco;Mujeres;No;Tiempo Completo;1;19/07/2026
2025;Zaragoza;Facultad;Facultad de Filosofía y Letras;Máster: Culturas e Identidades Hispánicas;Máster;Aragón;Mujeres;No;Tiempo Completo;1;19/07/2026
2025;Zaragoza;Facultad;Facultad de Filosofía y Letras;Máster: Enseñanza del Español como Lengua Extranjera;Máster;Aragón;Hombres;No;Tiempo Completo;11;19/07/2026
2025;Zaragoza;Facultad;Facultad de Filosofía y Letras;Máster: Enseñanza del Español como Lengua Extranjera;Máster;Aragón;Mujeres;No;Tiempo Completo;19;19/07/2026
2025;Zaragoza;Facultad;Facultad de Filosofía y Letras;Máster: Enseñanza del Español como Lengua Extranjera;Máster;Asturias;Mujeres;No;Tiempo Completo;1;19/07/2026
2025;Zaragoza;Facultad;Facultad de Filosofía y Letras;Máster: Enseñanza del Español como Lengua Extranjera;Máster;Navarra;Hombres;No;Tiempo Completo;2;19/07/2026
2025;Zaragoza;Facultad;Facultad de Filosofía y Letras;Máster: Enseñanza del Español como Lengua Extranjera;Máster;Navarra;Mujeres;No;Tiempo Completo;1;19/07/2026
2025;Zaragoza;Facultad;Facultad de Filosofía y Letras;Máster: Estudios Avanzados en Historia del Arte;Máster;Andalucía;Mujeres;No;Tiempo Completo;1;19/07/2026
2025;Zaragoza;Facultad;Facultad de Filosofía y Letras;Máster: Estudios Avanzados en Historia del Arte;Máster;Aragón;Hombres;No;Tiempo Completo;2;19/07/2026
2025;Zaragoza;Facultad;Facultad de Filosofía y Letras;Máster: Estudios Avanzados en Historia del Arte;Máster;Aragón;Mujeres;No;Otra dedicación;1;19/07/2026
2025;Zaragoza;Facultad;Facultad de Filosofía y Letras;Máster: Estudios Avanzados en Historia del Arte;Máster;Pais Vasco;Mujeres;No;Tiempo Completo;1;19/07/2026
2025;Zaragoza;Facultad;Facultad de Filosofía y Letras;Máster: Gestión del Patrimonio Cultural;Máster;Andalucía;Hombres;No;Tiempo Completo;1;19/07/2026
2025;Zaragoza;Facultad;Facultad de Filosofía y Letras;Máster: Gestión del Patrimonio Cultural;Máster;Aragón;Hombres;No;Tiempo Completo;7;19/07/2026
2025;Zaragoza;Facultad;Facultad de Filosofía y Letras;Máster: Gestión del Patrimonio Cultural;Máster;Aragón;Mujeres;No;Tiempo Completo;17;19/07/2026
2025;Zaragoza;Facultad;Facultad de Filosofía y Letras;Máster: Gestión del Patrimonio Cultural;Máster;Cantabria;Mujeres;No;Tiempo Completo;1;19/07/2026
2025;Zaragoza;Facultad;Facultad de Filosofía y Letras;Máster: Gestión del Patrimonio Cultural;Máster;Castilla-La Mancha;Mujeres;No;Tiempo Completo;1;19/07/2026
2025;Zaragoza;Facultad;Facultad de Filosofía y Letras;Máster: Gestión del Patrimonio Cultural;Máster;Catalunya;Mujeres;No;Tiempo Completo;1;19/07/2026
2025;Zaragoza;Facultad;Facultad de Filosofía y Letras;Máster: Gestión del Patrimonio Cultural;Máster;La Rioja;Hombres;No;Tiempo Completo;2;19/07/2026
2025;Zaragoza;Facultad;Facultad de Filosofía y Letras;Máster: Gestión del Patrimonio Cultural;Máster;Madrid;Mujeres;No;Tiempo Completo;1;19/07/2026
2025;Zaragoza;Facultad;Facultad de Filosofía y Letras;Máster: Gestión del Patrimonio Cultural;Máster;Murcia;Mujeres;No;Tiempo Completo;1;19/07/2026
2025;Zaragoza;Facultad;Facultad de Filosofía y Letras;Máster: Gestión del Patrimonio Cultural;Máster;Navarra;Hombres;No;Tiempo Completo;1;19/07/2026
2025;Zaragoza;Facultad;Facultad de Filosofía y Letras;Máster: Gestión del Patrimonio Cultural;Máster;Navarra;Mujeres;No;Tiempo Completo;1;19/07/2026
2025;Zaragoza;Facultad;Facultad de Filosofía y Letras;Máster: Historia Contemporánea;Máster;Aragón;Hombres;No;Tiempo Completo;7;19/07/2026
2025;Zaragoza;Facultad;Facultad de Filosofía y Letras;Máster: Historia Contemporánea;Máster;Aragón;Hombres;No;Tiempo Parcial;1;19/07/2026
2025;Zaragoza;Facultad;Facultad de Filosofía y Letras;Máster: Historia Contemporánea;Máster;Aragón;Mujeres;No;Tiempo Completo;9;19/07/2026
2025;Zaragoza;Facultad;Facultad de Filosofía y Letras;Máster: Historia Contemporánea;Máster;Aragón;Mujeres;No;Tiempo Parcial;1;19/07/2026
2025;Zaragoza;Facultad;Facultad de Filosofía y Letras;Máster: Historia Contemporánea;Máster;Pais Vasco;Hombres;No;Tiempo Completo;1;19/07/2026
2025;Zaragoza;Facultad;Facultad de Filosofía y Letras;Máster: Historia y Arte;Máster;Aragón;Hombres;No;Tiempo Completo;1;19/07/2026
2025;Zaragoza;Facultad;Facultad de Filosofía y Letras;Máster: Historia y Arte;Máster;Aragón;Hombres;No;Tiempo Parcial;1;19/07/2026
2025;Zaragoza;Facultad;Facultad de Filosofía y Letras;Máster: Historia y Arte;Máster;Aragón;Mujeres;No;Tiempo Completo;6;19/07/2026
2025;Zaragoza;Facultad;Facultad de Filosofía y Letras;Máster: Historia y Arte;Máster;Aragón;Mujeres;Sí;Tiempo Completo;1;19/07/2026
2025;Zaragoza;Facultad;Facultad de Filosofía y Letras;Máster: Historia y Arte;Máster;Aragón;Mujeres;No;Tiempo Parcial;2;19/07/2026
2025;Zaragoza;Facultad;Facultad de Filosofía y Letras;Máster: Historia y Arte;Máster;Catalunya;Mujeres;No;Tiempo Parcial;1;19/07/2026
2025;Zaragoza;Facultad;Facultad de Filosofía y Letras;Máster: Historia y Arte;Máster;Comunidad Valenciana;Hombres;No;Tiempo Completo;1;19/07/2026
2025;Zaragoza;Facultad;Facultad de Filosofía y Letras;Máster: Historia y Arte;Máster;No Informado;Mujeres;No;Tiempo Completo;1;19/07/2026
2025;Zaragoza;Facultad;Facultad de Filosofía y Letras;Máster: Historia y Arte;Máster;Pais Vasco;Hombres;No;Tiempo Completo;1;19/07/2026
2025;Zaragoza;Facultad;Facultad de Filosofía y Letras;Máster: Investigación en Filosofía;Máster;Andalucía;Hombres;No;Tiempo Parcial;1;19/07/2026
2025;Zaragoza;Facultad;Facultad de Filosofía y Letras;Máster: Investigación en Filosofía;Máster;Aragón;Hombres;No;Tiempo Completo;4;19/07/2026
2025;Zaragoza;Facultad;Facultad de Filosofía y Letras;Máster: Investigación en Filosofía;Máster;Aragón;Hombres;No;Tiempo Parcial;1;19/07/2026
2025;Zaragoza;Facultad;Facultad de Filosofía y Letras;Máster: Investigación en Filosofía;Máster;Aragón;Mujeres;No;Tiempo Completo;3;19/07/2026
2025;Zaragoza;Facultad;Facultad de Filosofía y Letras;Máster: Investigación en Filosofía;Máster;Aragón;Mujeres;No;Tiempo Parcial;2;19/07/2026
2025;Zaragoza;Facultad;Facultad de Filosofía y Letras;Máster: Investigación en Filosofía;Máster;Comunidad Valenciana;Hombres;No;Tiempo Completo;1;19/07/2026
2025;Zaragoza;Facultad;Facultad de Filosofía y Letras;Máster: Investigación en Filosofía;Máster;Madrid;Hombres;No;Tiempo Completo;1;19/07/2026
2025;Zaragoza;Facultad;Facultad de Filosofía y Letras;Máster: Investigación en Filosofía;Máster;Navarra;Hombres;No;Tiempo Completo;1;19/07/2026
2025;Zaragoza;Facultad;Facultad de Filosofía y Letras;Máster: Investigación y Estudios Avanzados en Historia;Máster;Aragón;Hombres;No;Tiempo Completo;1;19/07/2026
2025;Zaragoza;Facultad;Facultad de Filosofía y Letras;Máster: Mundo Antiguo y Patrimonio Arqueológico;Máster;Aragón;Hombres;No;Tiempo Completo;6;19/07/2026
2025;Zaragoza;Facultad;Facultad de Filosofía y Letras;Máster: Mundo Antiguo y Patrimonio Arqueológico;Máster;Aragón;Hombres;No;Tiempo Parcial;2;19/07/2026
2025;Zaragoza;Facultad;Facultad de Filosofía y Letras;Máster: Mundo Antiguo y Patrimonio Arqueológico;Máster;Aragón;Mujeres;No;Tiempo Completo;11;19/07/2026
2025;Zaragoza;Facultad;Facultad de Filosofía y Letras;Máster: Mundo Antiguo y Patrimonio Arqueológico;Máster;Castilla y Leon;Mujeres;No;Tiempo Completo;1;19/07/2026
2025;Zaragoza;Facultad;Facultad de Filosofía y Letras;Máster: Mundo Antiguo y Patrimonio Arqueológico;Máster;Navarra;Hombres;No;Tiempo Completo;1;19/07/2026
2025;Zaragoza;Facultad;Facultad de Filosofía y Letras;Máster: Mundo Antiguo y Patrimonio Arqueológico;Máster;Pais Vasco;Mujeres;No;Tiempo Completo;1;19/07/2026
2025;Zaragoza;Facultad;Facultad de Filosofía y Letras;Máster: Ordenación Territorial y Medioambiental;Máster;Aragón;Hombres;No;Tiempo Completo;8;19/07/2026
2025;Zaragoza;Facultad;Facultad de Filosofía y Letras;Máster: Ordenación Territorial y Medioambiental;Máster;Aragón;Mujeres;No;Tiempo Completo;4;19/07/2026
2025;Zaragoza;Facultad;Facultad de Filosofía y Letras;Máster: Ordenación Territorial y Medioambiental;Máster;Madrid;Hombres;No;Tiempo Completo;1;19/07/2026
2025;Zaragoza;Facultad;Facultad de Filosofía y Letras;Máster: Ordenación Territorial y Medioambiental;Máster;Navarra;Mujeres;No;Tiempo Completo;1;19/07/2026
2025;Zaragoza;Facultad;Facultad de Filosofía y Letras;Máster: Ordenación Territorial y Medioambiental;Máster;No Informado;Mujeres;No;Tiempo Completo;1;19/07/2026
2025;Zaragoza;Facultad;Facultad de Filosofía y Letras;Máster: Ordenación y Gestión del Territorio y del Medio Ambiente;Máster;Aragón;Hombres;No;Tiempo Completo;3;19/07/2026
2025;Zaragoza;Facultad;Facultad de Filosofía y Letras;Máster: Ordenación y Gestión del Territorio y del Medio Ambiente;Máster;Aragón;Mujeres;No;Tiempo Completo;1;19/07/2026
2025;Zaragoza;Facultad;Facultad de Filosofía y Letras;Máster: Ordenación y Gestión del Territorio y del Medio Ambiente;Máster;Canarias;Hombres;No;Tiempo Completo;3;19/07/2026
2025;Zaragoza;Facultad;Facultad de Filosofía y Letras;Máster: Ordenación y Gestión del Territorio y del Medio Ambiente;Máster;Castilla y Leon;Mujeres;No;Tiempo Completo;1;19/07/2026
2025;Zaragoza;Facultad;Facultad de Filosofía y Letras;Máster: Ordenación y Gestión del Territorio y del Medio Ambiente;Máster;Galicia;Hombres;No;Tiempo Completo;1;19/07/2026
2025;Zaragoza;Facultad;Facultad de Filosofía y Letras;Máster: Ordenación y Gestión del Territorio y del Medio Ambiente;Máster;No Informado;Mujeres;No;Tiempo Completo;1;19/07/2026
2025;Zaragoza;Facultad;Facultad de Filosofía y Letras;Máster: Ordenación y Gestión del Territorio y del Medio Ambiente;Máster;Pais Vasco;Mujeres;No;Tiempo Completo;1;19/07/2026
2025;Zaragoza;Facultad;Facultad de Filosofía y Letras;Máster: Tec.Información Geográfica para Ordenación Territorio: Sig/Teled;Máster;Aragón;Hombres;No;Tiempo Completo;8;19/07/2026
2025;Zaragoza;Facultad;Facultad de Filosofía y Letras;Máster: Tec.Información Geográfica para Ordenación Territorio: Sig/Teled;Máster;Aragón;Mujeres;No;Tiempo Completo;3;19/07/2026
2025;Zaragoza;Facultad;Facultad de Filosofía y Letras;Máster: Tec.Información Geográfica para Ordenación Territorio: Sig/Teled;Máster;Canarias;Mujeres;No;Tiempo Completo;1;19/07/2026
2025;Zaragoza;Facultad;Facultad de Filosofía y Letras;Máster: Tec.Información Geográfica para Ordenación Territorio: Sig/Teled;Máster;Comunidad Valenciana;Hombres;No;Tiempo Completo;1;19/07/2026
2025;Zaragoza;Facultad;Facultad de Filosofía y Letras;Máster: Tec.Información Geográfica para Ordenación Territorio: Sig/Teled;Máster;Comunidad Valenciana;Mujeres;No;Tiempo Completo;1;19/07/2026
2025;Zaragoza;Facultad;Facultad de Filosofía y Letras;Máster: Tec.Información Geográfica para Ordenación Territorio: Sig/Teled;Máster;Galicia;Mujeres;No;Tiempo Completo;1;19/07/2026
2025;Zaragoza;Facultad;Facultad de Filosofía y Letras;Máster: Tec.Información Geográfica para Ordenación Territorio: Sig/Teled;Máster;Navarra;Hombres;No;Tiempo Completo;1;19/07/2026
2025;Zaragoza;Facultad;Facultad de Medicina;Grado: Medicina;Grado;Andalucía;Hombres;No;Tiempo Completo;32;19/07/2026
2025;Zaragoza;Facultad;Facultad de Medicina;Grado: Medicina;Grado;Andalucía;Hombres;Sí;Tiempo Completo;1;19/07/2026
2025;Zaragoza;Facultad;Facultad de Medicina;Grado: Medicina;Grado;Andalucía;Mujeres;No;Tiempo Completo;77;19/07/2026
2025;Zaragoza;Facultad;Facultad de Medicina;Grado: Medicina;Grado;Andalucía;Mujeres;Sí;Tiempo Completo;10;19/07/2026
2025;Zaragoza;Facultad;Facultad de Medicina;Grado: Medicina;Grado;Andalucía;Mujeres;No;Tiempo Parcial;1;19/07/2026
2025;Zaragoza;Facultad;Facultad de Medicina;Grado: Medicina;Grado;Aragón;Hombres;No;Otra dedicación;1;19/07/2026
2025;Zaragoza;Facultad;Facultad de Medicina;Grado: Medicina;Grado;Aragón;Hombres;No;Tiempo Completo;218;19/07/2026
2025;Zaragoza;Facultad;Facultad de Medicina;Grado: Medicina;Grado;Aragón;Hombres;Sí;Tiempo Completo;19;19/07/2026
2025;Zaragoza;Facultad;Facultad de Medicina;Grado: Medicina;Grado;Aragón;Hombres;No;Tiempo Parcial;8;19/07/2026
2025;Zaragoza;Facultad;Facultad de Medicina;Grado: Medicina;Grado;Aragón;Mujeres;No;Otra dedicación;2;19/07/2026
2025;Zaragoza;Facultad;Facultad de Medicina;Grado: Medicina;Grado;Aragón;Mujeres;No;Tiempo Completo;657;19/07/2026
2025;Zaragoza;Facultad;Facultad de Medicina;Grado: Medicina;Grado;Aragón;Mujeres;Sí;Tiempo Completo;66;19/07/2026
2025;Zaragoza;Facultad;Facultad de Medicina;Grado: Medicina;Grado;Aragón;Mujeres;No;Tiempo Parcial;11;19/07/2026
2025;Zaragoza;Facultad;Facultad de Medicina;Grado: Medicina;Grado;Asturias;Mujeres;No;Tiempo Completo;1;19/07/2026
2025;Zaragoza;Facultad;Facultad de Medicina;Grado: Medicina;Grado;Baleares;Hombres;No;Tiempo Completo;1;19/07/2026
2025;Zaragoza;Facultad;Facultad de Medicina;Grado: Medicina;Grado;Baleares;Mujeres;No;Tiempo Completo;1;19/07/2026
2025;Zaragoza;Facultad;Facultad de Medicina;Grado: Medicina;Grado;Canarias;Hombres;No;Tiempo Completo;3;19/07/2026
2025;Zaragoza;Facultad;Facultad de Medicina;Grado: Medicina;Grado;Canarias;Mujeres;No;Tiempo Completo;8;19/07/2026
2025;Zaragoza;Facultad;Facultad de Medicina;Grado: Medicina;Grado;Cantabria;Mujeres;No;Tiempo Completo;1;19/07/2026
2025;Zaragoza;Facultad;Facultad de Medicina;Grado: Medicina;Grado;Castilla y Leon;Hombres;No;Tiempo Completo;3;19/07/2026
2025;Zaragoza;Facultad;Facultad de Medicina;Grado: Medicina;Grado;Castilla y Leon;Mujeres;No;Tiempo Completo;16;19/07/2026
2025;Zaragoza;Facultad;Facultad de Medicina;Grado: Medicina;Grado;Castilla y Leon;Mujeres;Sí;Tiempo Completo;2;19/07/2026
2025;Zaragoza;Facultad;Facultad de Medicina;Grado: Medicina;Grado;Castilla y Leon;Mujeres;No;Tiempo Parcial;1;19/07/2026
2025;Zaragoza;Facultad;Facultad de Medicina;Grado: Medicina;Grado;Castilla-La Mancha;Hombres;No;Tiempo Completo;11;19/07/2026
2025;Zaragoza;Facultad;Facultad de Medicina;Grado: Medicina;Grado;Castilla-La Mancha;Hombres;Sí;Tiempo Completo;3;19/07/2026
2025;Zaragoza;Facultad;Facultad de Medicina;Grado: Medicina;Grado;Castilla-La Mancha;Hombres;No;Tiempo Parcial;1;19/07/2026
2025;Zaragoza;Facultad;Facultad de Medicina;Grado: Medicina;Grado;Castilla-La Mancha;Mujeres;No;Tiempo Completo;39;19/07/2026
2025;Zaragoza;Facultad;Facultad de Medicina;Grado: Medicina;Grado;Castilla-La Mancha;Mujeres;Sí;Tiempo Completo;2;19/07/2026
2025;Zaragoza;Facultad;Facultad de Medicina;Grado: Medicina;Grado;Catalunya;Hombres;No;Tiempo Completo;2;19/07/2026
2025;Zaragoza;Facultad;Facultad de Medicina;Grado: Medicina;Grado;Catalunya;Hombres;No;Tiempo Parcial;1;19/07/2026
2025;Zaragoza;Facultad;Facultad de Medicina;Grado: Medicina;Grado;Ciudad autónoma de Ceuta;Hombres;No;Tiempo Completo;1;19/07/2026
2025;Zaragoza;Facultad;Facultad de Medicina;Grado: Medicina;Grado;Ciudad autónoma de Ceuta;Mujeres;No;Tiempo Completo;1;19/07/2026
2025;Zaragoza;Facultad;Facultad de Medicina;Grado: Medicina;Grado;Ciudad autónoma de Melilla;Mujeres;No;Tiempo Completo;1;19/07/2026
2025;Zaragoza;Facultad;Facultad de Medicina;Grado: Medicina;Grado;Ciudad autónoma de Melilla;Mujeres;Sí;Tiempo Completo;1;19/07/2026
2025;Zaragoza;Facultad;Facultad de Medicina;Grado: Medicina;Grado;Comunidad Valenciana;Hombres;No;Tiempo Completo;4;19/07/2026
2025;Zaragoza;Facultad;Facultad de Medicina;Grado: Medicina;Grado;Comunidad Valenciana;Mujeres;No;Tiempo Completo;9;19/07/2026
2025;Zaragoza;Facultad;Facultad de Medicina;Grado: Medicina;Grado;Comunidad Valenciana;Mujeres;No;Tiempo Parcial;1;19/07/2026
2025;Zaragoza;Facultad;Facultad de Medicina;Grado: Medicina;Grado;Extremadura;Hombres;No;Tiempo Completo;1;19/07/2026
2025;Zaragoza;Facultad;Facultad de Medicina;Grado: Medicina;Grado;Extremadura;Mujeres;No;Tiempo Completo;5;19/07/2026
2025;Zaragoza;Facultad;Facultad de Medicina;Grado: Medicina;Grado;Galicia;Hombres;No;Tiempo Completo;1;19/07/2026
2025;Zaragoza;Facultad;Facultad de Medicina;Grado: Medicina;Grado;Galicia;Mujeres;No;Tiempo Completo;4;19/07/2026
2025;Zaragoza;Facultad;Facultad de Medicina;Grado: Medicina;Grado;La Rioja;Hombres;No;Tiempo Completo;11;19/07/2026
2025;Zaragoza;Facultad;Facultad de Medicina;Grado: Medicina;Grado;La Rioja;Hombres;Sí;Tiempo Completo;1;19/07/2026
2025;Zaragoza;Facultad;Facultad de Medicina;Grado: Medicina;Grado;La Rioja;Mujeres;No;Tiempo Completo;24;19/07/2026
2025;Zaragoza;Facultad;Facultad de Medicina;Grado: Medicina;Grado;Madrid;Hombres;No;Tiempo Completo;3;19/07/2026
2025;Zaragoza;Facultad;Facultad de Medicina;Grado: Medicina;Grado;Madrid;Hombres;Sí;Tiempo Completo;1;19/07/2026
2025;Zaragoza;Facultad;Facultad de Medicina;Grado: Medicina;Grado;Madrid;Mujeres;No;Tiempo Completo;22;19/07/2026
2025;Zaragoza;Facultad;Facultad de Medicina;Grado: Medicina;Grado;Madrid;Mujeres;Sí;Tiempo Completo;3;19/07/2026
2025;Zaragoza;Facultad;Facultad de Medicina;Grado: Medicina;Grado;Murcia;Hombres;No;Tiempo Completo;3;19/07/2026
2025;Zaragoza;Facultad;Facultad de Medicina;Grado: Medicina;Grado;Murcia;Mujeres;No;Tiempo Completo;5;19/07/2026
2025;Zaragoza;Facultad;Facultad de Medicina;Grado: Medicina;Grado;Navarra;Hombres;No;Tiempo Completo;3;19/07/2026
2025;Zaragoza;Facultad;Facultad de Medicina;Grado: Medicina;Grado;Navarra;Hombres;Sí;Tiempo Completo;1;19/07/2026
2025;Zaragoza;Facultad;Facultad de Medicina;Grado: Medicina;Grado;Navarra;Hombres;No;Tiempo Parcial;1;19/07/2026
2025;Zaragoza;Facultad;Facultad de Medicina;Grado: Medicina;Grado;Navarra;Mujeres;No;Tiempo Completo;10;19/07/2026
2025;Zaragoza;Facultad;Facultad de Medicina;Grado: Medicina;Grado;Navarra;Mujeres;Sí;Tiempo Completo;1;19/07/2026
2025;Zaragoza;Facultad;Facultad de Medicina;Grado: Medicina;Grado;No Informado;Hombres;No;Tiempo Completo;1;19/07/2026
2025;Zaragoza;Facultad;Facultad de Medicina;Grado: Medicina;Grado;No Informado;Mujeres;No;Tiempo Completo;3;19/07/2026
2025;Zaragoza;Facultad;Facultad de Medicina;Grado: Medicina;Grado;Pais Vasco;Mujeres;No;Tiempo Completo;3;19/07/2026
2025;Zaragoza;Facultad;Facultad de Medicina;Movilidad para 1º y 2º ciclo y grado;Movilidad de entrada;Andalucía;Mujeres;No;Tiempo Completo;3;19/07/2026
2025;Zaragoza;Facultad;Facultad de Medicina;Movilidad para 1º y 2º ciclo y grado;Movilidad de entrada;Aragón;Mujeres;No;Tiempo Completo;2;19/07/2026
2025;Zaragoza;Facultad;Facultad de Medicina;Movilidad para 1º y 2º ciclo y grado;Movilidad de entrada;Castilla y Leon;Mujeres;No;Tiempo Completo;1;19/07/2026
2025;Zaragoza;Facultad;Facultad de Medicina;Movilidad para 1º y 2º ciclo y grado;Movilidad de entrada;Catalunya;Hombres;No;Tiempo Completo;1;19/07/2026
2025;Zaragoza;Facultad;Facultad de Medicina;Movilidad para 1º y 2º ciclo y grado;Movilidad de entrada;Catalunya;Mujeres;No;Tiempo Completo;1;19/07/2026
2025;Zaragoza;Facultad;Facultad de Medicina;Movilidad para 1º y 2º ciclo y grado;Movilidad de entrada;Extremadura;Mujeres;No;Tiempo Completo;1;19/07/2026
2025;Zaragoza;Facultad;Facultad de Medicina;Movilidad para 1º y 2º ciclo y grado;Movilidad de entrada;Galicia;Hombres;No;Tiempo Completo;1;19/07/2026
2025;Zaragoza;Facultad;Facultad de Medicina;Movilidad para 1º y 2º ciclo y grado;Movilidad de entrada;La Rioja;Mujeres;No;Tiempo Completo;2;19/07/2026
2025;Zaragoza;Facultad;Facultad de Medicina;Movilidad para 1º y 2º ciclo y grado;Movilidad de entrada;Madrid;Mujeres;No;Tiempo Completo;1;19/07/2026
2025;Zaragoza;Facultad;Facultad de Medicina;Movilidad para 1º y 2º ciclo y grado;Movilidad de entrada;Murcia;Hombres;No;Tiempo Completo;1;19/07/2026
2025;Zaragoza;Facultad;Facultad de Medicina;Movilidad para 1º y 2º ciclo y grado;Movilidad de entrada;No Informado;Hombres;No;Tiempo Completo;18;19/07/2026
2025;Zaragoza;Facultad;Facultad de Medicina;Movilidad para 1º y 2º ciclo y grado;Movilidad de entrada;No Informado;Mujeres;No;Tiempo Completo;39;19/07/2026
2025;Zaragoza;Facultad;Facultad de Medicina;Máster: Cond. genéticos, nutric. y amb. del crec. y desarrollo;Máster;Aragón;Hombres;No;Tiempo Parcial;6;19/07/2026
2025;Zaragoza;Facultad;Facultad de Medicina;Máster: Cond. genéticos, nutric. y amb. del crec. y desarrollo;Máster;Aragón;Mujeres;No;Tiempo Completo;1;19/07/2026
2025;Zaragoza;Facultad;Facultad de Medicina;Máster: Cond. genéticos, nutric. y amb. del crec. y desarrollo;Máster;Aragón;Mujeres;No;Tiempo Parcial;27;19/07/2026
2025;Zaragoza;Facultad;Facultad de Medicina;Máster: Cond. genéticos, nutric. y amb. del crec. y desarrollo;Máster;Catalunya;Mujeres;No;Tiempo Parcial;2;19/07/2026
2025;Zaragoza;Facultad;Facultad de Medicina;Máster: Cond. genéticos, nutric. y amb. del crec. y desarrollo;Máster;Madrid;Hombres;No;Tiempo Completo;1;19/07/2026
2025;Zaragoza;Facultad;Facultad de Medicina;Máster: Iniciación a la investigación en Medicina;Máster;Andalucía;Mujeres;No;Tiempo Completo;1;19/07/2026
2025;Zaragoza;Facultad;Facultad de Medicina;Máster: Iniciación a la investigación en Medicina;Máster;Aragón;Hombres;No;Tiempo Completo;9;19/07/2026
2025;Zaragoza;Facultad;Facultad de Medicina;Máster: Iniciación a la investigación en Medicina;Máster;Aragón;Mujeres;No;Tiempo Completo;15;19/07/2026
2025;Zaragoza;Facultad;Facultad de Medicina;Máster: Iniciación a la investigación en Medicina;Máster;Comunidad Valenciana;Mujeres;No;Tiempo Completo;1;19/07/2026
2025;Zaragoza;Facultad;Facultad de Medicina;Máster: Iniciación a la investigación en Medicina;Máster;Navarra;Mujeres;No;Tiempo Completo;2;19/07/2026
2025;Zaragoza;Facultad;Facultad de Medicina;Máster: Inmunología Tumoral e Inmunoterapia del Cáncer;Máster;Andalucía;Mujeres;No;Tiempo Completo;1;19/07/2026
2025;Zaragoza;Facultad;Facultad de Medicina;Máster: Inmunología Tumoral e Inmunoterapia del Cáncer;Máster;Aragón;Hombres;No;Tiempo Completo;7;19/07/2026
2025;Zaragoza;Facultad;Facultad de Medicina;Máster: Inmunología Tumoral e Inmunoterapia del Cáncer;Máster;Aragón;Mujeres;No;Tiempo Completo;10;19/07/2026
2025;Zaragoza;Facultad;Facultad de Medicina;Máster: Inmunología Tumoral e Inmunoterapia del Cáncer;Máster;Canarias;Hombres;No;Tiempo Completo;1;19/07/2026
2025;Zaragoza;Facultad;Facultad de Medicina;Máster: Inmunología Tumoral e Inmunoterapia del Cáncer;Máster;Castilla y Leon;Hombres;No;Tiempo Completo;3;19/07/2026
2025;Zaragoza;Facultad;Facultad de Medicina;Máster: Inmunología Tumoral e Inmunoterapia del Cáncer;Máster;Castilla y Leon;Mujeres;No;Tiempo Completo;1;19/07/2026
2025;Zaragoza;Facultad;Facultad de Medicina;Máster: Inmunología Tumoral e Inmunoterapia del Cáncer;Máster;Catalunya;Mujeres;No;Tiempo Completo;1;19/07/2026
2025;Zaragoza;Facultad;Facultad de Medicina;Máster: Inmunología Tumoral e Inmunoterapia del Cáncer;Máster;Comunidad Valenciana;Mujeres;No;Tiempo Completo;3;19/07/2026
2025;Zaragoza;Facultad;Facultad de Medicina;Máster: Inmunología Tumoral e Inmunoterapia del Cáncer;Máster;Extremadura;Mujeres;No;Tiempo Completo;2;19/07/2026
2025;Zaragoza;Facultad;Facultad de Medicina;Máster: Inmunología Tumoral e Inmunoterapia del Cáncer;Máster;Galicia;Hombres;No;Tiempo Completo;1;19/07/2026
2025;Zaragoza;Facultad;Facultad de Medicina;Máster: Inmunología Tumoral e Inmunoterapia del Cáncer;Máster;La Rioja;Mujeres;No;Tiempo Completo;1;19/07/2026
2025;Zaragoza;Facultad;Facultad de Medicina;Máster: Inmunología Tumoral e Inmunoterapia del Cáncer;Máster;Madrid;Hombres;No;Tiempo Completo;1;19/07/2026
2025;Zaragoza;Facultad;Facultad de Medicina;Máster: Inmunología Tumoral e Inmunoterapia del Cáncer;Máster;Madrid;Mujeres;No;Tiempo Completo;1;19/07/2026
2025;Zaragoza;Facultad;Facultad de Medicina;Máster: Inmunología Tumoral e Inmunoterapia del Cáncer;Máster;Murcia;Hombres;No;Tiempo Completo;1;19/07/2026
2025;Zaragoza;Facultad;Facultad de Medicina;Máster: Inmunología Tumoral e Inmunoterapia del Cáncer;Máster;Navarra;Hombres;No;Tiempo Completo;1;19/07/2026
2025;Zaragoza;Facultad;Facultad de Medicina;Máster: Inmunología Tumoral e Inmunoterapia del Cáncer;Máster;Navarra;Mujeres;No;Tiempo Completo;1;19/07/2026
2025;Zaragoza;Facultad;Facultad de Veterinaria;Grado: Ciencia y Tecnología de los Alimentos;Grado;Andalucía;Hombres;No;Tiempo Completo;1;19/07/2026
2025;Zaragoza;Facultad;Facultad de Veterinaria;Grado: Ciencia y Tecnología de los Alimentos;Grado;Aragón;Hombres;No;Tiempo Completo;75;19/07/2026
2025;Zaragoza;Facultad;Facultad de Veterinaria;Grado: Ciencia y Tecnología de los Alimentos;Grado;Aragón;Hombres;Sí;Tiempo Completo;5;19/07/2026
2025;Zaragoza;Facultad;Facultad de Veterinaria;Grado: Ciencia y Tecnología de los Alimentos;Grado;Aragón;Hombres;No;Tiempo Parcial;2;19/07/2026
2025;Zaragoza;Facultad;Facultad de Veterinaria;Grado: Ciencia y Tecnología de los Alimentos;Grado;Aragón;Mujeres;No;Otra dedicación;2;19/07/2026
2025;Zaragoza;Facultad;Facultad de Veterinaria;Grado: Ciencia y Tecnología de los Alimentos;Grado;Aragón;Mujeres;No;Tiempo Completo;129;19/07/2026
2025;Zaragoza;Facultad;Facultad de Veterinaria;Grado: Ciencia y Tecnología de los Alimentos;Grado;Aragón;Mujeres;Sí;Tiempo Completo;11;19/07/2026
2025;Zaragoza;Facultad;Facultad de Veterinaria;Grado: Ciencia y Tecnología de los Alimentos;Grado;Aragón;Mujeres;No;Tiempo Parcial;4;19/07/2026
2025;Zaragoza;Facultad;Facultad de Veterinaria;Grado: Ciencia y Tecnología de los Alimentos;Grado;Canarias;Mujeres;No;Tiempo Completo;2;19/07/2026
2025;Zaragoza;Facultad;Facultad de Veterinaria;Grado: Ciencia y Tecnología de los Alimentos;Grado;Castilla y Leon;Hombres;No;Tiempo Completo;1;19/07/2026
2025;Zaragoza;Facultad;Facultad de Veterinaria;Grado: Ciencia y Tecnología de los Alimentos;Grado;Castilla y Leon;Mujeres;No;Tiempo Completo;2;19/07/2026
2025;Zaragoza;Facultad;Facultad de Veterinaria;Grado: Ciencia y Tecnología de los Alimentos;Grado;Catalunya;Mujeres;No;Tiempo Completo;1;19/07/2026
2025;Zaragoza;Facultad;Facultad de Veterinaria;Grado: Ciencia y Tecnología de los Alimentos;Grado;Comunidad Valenciana;Hombres;No;Tiempo Completo;2;19/07/2026
2025;Zaragoza;Facultad;Facultad de Veterinaria;Grado: Ciencia y Tecnología de los Alimentos;Grado;La Rioja;Hombres;No;Tiempo Completo;2;19/07/2026
2025;Zaragoza;Facultad;Facultad de Veterinaria;Grado: Ciencia y Tecnología de los Alimentos;Grado;La Rioja;Mujeres;No;Tiempo Completo;7;19/07/2026
2025;Zaragoza;Facultad;Facultad de Veterinaria;Grado: Ciencia y Tecnología de los Alimentos;Grado;Navarra;Mujeres;No;Tiempo Completo;2;19/07/2026
2025;Zaragoza;Facultad;Facultad de Veterinaria;Grado: Ciencia y Tecnología de los Alimentos;Grado;Navarra;Mujeres;No;Tiempo Parcial;1;19/07/2026
2025;Zaragoza;Facultad;Facultad de Veterinaria;Grado: Veterinaria;Grado;Andalucía;Hombres;No;Tiempo Completo;11;19/07/2026
2025;Zaragoza;Facultad;Facultad de Veterinaria;Grado: Veterinaria;Grado;Andalucía;Mujeres;No;Tiempo Completo;38;19/07/2026
2025;Zaragoza;Facultad;Facultad de Veterinaria;Grado: Veterinaria;Grado;Andalucía;Mujeres;Sí;Tiempo Completo;1;19/07/2026
2025;Zaragoza;Facultad;Facultad de Veterinaria;Grado: Veterinaria;Grado;Aragón;Hombres;No;Otra dedicación;1;19/07/2026
2025;Zaragoza;Facultad;Facultad de Veterinaria;Grado: Veterinaria;Grado;Aragón;Hombres;No;Tiempo Completo;77;19/07/2026
2025;Zaragoza;Facultad;Facultad de Veterinaria;Grado: Veterinaria;Grado;Aragón;Hombres;Sí;Tiempo Completo;4;19/07/2026
2025;Zaragoza;Facultad;Facultad de Veterinaria;Grado: Veterinaria;Grado;Aragón;Hombres;No;Tiempo Parcial;1;19/07/2026
2025;Zaragoza;Facultad;Facultad de Veterinaria;Grado: Veterinaria;Grado;Aragón;Mujeres;No;Tiempo Completo;209;19/07/2026
2025;Zaragoza;Facultad;Facultad de Veterinaria;Grado: Veterinaria;Grado;Aragón;Mujeres;Sí;Tiempo Completo;8;19/07/2026
2025;Zaragoza;Facultad;Facultad de Veterinaria;Grado: Veterinaria;Grado;Aragón;Mujeres;No;Tiempo Parcial;9;19/07/2026
2025;Zaragoza;Facultad;Facultad de Veterinaria;Grado: Veterinaria;Grado;Asturias;Mujeres;No;Tiempo Completo;1;19/07/2026
2025;Zaragoza;Facultad;Facultad de Veterinaria;Grado: Veterinaria;Grado;Baleares;Hombres;No;Tiempo Completo;1;19/07/2026
2025;Zaragoza;Facultad;Facultad de Veterinaria;Grado: Veterinaria;Grado;Baleares;Mujeres;No;Tiempo Completo;15;19/07/2026
2025;Zaragoza;Facultad;Facultad de Veterinaria;Grado: Veterinaria;Grado;Baleares;Mujeres;Sí;Tiempo Completo;1;19/07/2026
2025;Zaragoza;Facultad;Facultad de Veterinaria;Grado: Veterinaria;Grado;Canarias;Hombres;No;Tiempo Completo;1;19/07/2026
2025;Zaragoza;Facultad;Facultad de Veterinaria;Grado: Veterinaria;Grado;Canarias;Mujeres;No;Tiempo Completo;7;19/07/2026
2025;Zaragoza;Facultad;Facultad de Veterinaria;Grado: Veterinaria;Grado;Cantabria;Mujeres;No;Tiempo Completo;3;19/07/2026
2025;Zaragoza;Facultad;Facultad de Veterinaria;Grado: Veterinaria;Grado;Cantabria;Mujeres;Sí;Tiempo Completo;1;19/07/2026
2025;Zaragoza;Facultad;Facultad de Veterinaria;Grado: Veterinaria;Grado;Castilla y Leon;Hombres;No;Tiempo Completo;9;19/07/2026
2025;Zaragoza;Facultad;Facultad de Veterinaria;Grado: Veterinaria;Grado;Castilla y Leon;Mujeres;No;Tiempo Completo;20;19/07/2026
2025;Zaragoza;Facultad;Facultad de Veterinaria;Grado: Veterinaria;Grado;Castilla-La Mancha;Hombres;No;Tiempo Completo;6;19/07/2026
2025;Zaragoza;Facultad;Facultad de Veterinaria;Grado: Veterinaria;Grado;Castilla-La Mancha;Mujeres;No;Tiempo Completo;24;19/07/2026
2025;Zaragoza;Facultad;Facultad de Veterinaria;Grado: Veterinaria;Grado;Castilla-La Mancha;Mujeres;Sí;Tiempo Completo;3;19/07/2026
2025;Zaragoza;Facultad;Facultad de Veterinaria;Grado: Veterinaria;Grado;Catalunya;Hombres;No;Tiempo Completo;4;19/07/2026
2025;Zaragoza;Facultad;Facultad de Veterinaria;Grado: Veterinaria;Grado;Catalunya;Mujeres;No;Otra dedicación;1;19/07/2026
2025;Zaragoza;Facultad;Facultad de Veterinaria;Grado: Veterinaria;Grado;Catalunya;Mujeres;No;Tiempo Completo;25;19/07/2026
2025;Zaragoza;Facultad;Facultad de Veterinaria;Grado: Veterinaria;Grado;Catalunya;Mujeres;Sí;Tiempo Completo;2;19/07/2026
2025;Zaragoza;Facultad;Facultad de Veterinaria;Grado: Veterinaria;Grado;Catalunya;Mujeres;No;Tiempo Parcial;1;19/07/2026
2025;Zaragoza;Facultad;Facultad de Veterinaria;Grado: Veterinaria;Grado;Ciudad autónoma de Ceuta;Mujeres;Sí;Tiempo Completo;1;19/07/2026
2025;Zaragoza;Facultad;Facultad de Veterinaria;Grado: Veterinaria;Grado;Ciudad autónoma de Melilla;Hombres;No;Tiempo Completo;1;19/07/2026
2025;Zaragoza;Facultad;Facultad de Veterinaria;Grado: Veterinaria;Grado;Ciudad autónoma de Melilla;Mujeres;No;Tiempo Completo;2;19/07/2026
2025;Zaragoza;Facultad;Facultad de Veterinaria;Grado: Veterinaria;Grado;Comunidad Valenciana;Hombres;No;Tiempo Completo;7;19/07/2026
2025;Zaragoza;Facultad;Facultad de Veterinaria;Grado: Veterinaria;Grado;Comunidad Valenciana;Mujeres;No;Tiempo Completo;46;19/07/2026
2025;Zaragoza;Facultad;Facultad de Veterinaria;Grado: Veterinaria;Grado;Comunidad Valenciana;Mujeres;Sí;Tiempo Completo;3;19/07/2026
2025;Zaragoza;Facultad;Facultad de Veterinaria;Grado: Veterinaria;Grado;Comunidad Valenciana;Mujeres;No;Tiempo Parcial;1;19/07/2026
2025;Zaragoza;Facultad;Facultad de Veterinaria;Grado: Veterinaria;Grado;Extremadura;Hombres;No;Tiempo Completo;1;19/07/2026
2025;Zaragoza;Facultad;Facultad de Veterinaria;Grado: Veterinaria;Grado;Extremadura;Mujeres;No;Tiempo Completo;2;19/07/2026
2025;Zaragoza;Facultad;Facultad de Veterinaria;Grado: Veterinaria;Grado;Galicia;Mujeres;No;Tiempo Completo;1;19/07/2026
2025;Zaragoza;Facultad;Facultad de Veterinaria;Grado: Veterinaria;Grado;La Rioja;Hombres;No;Tiempo Completo;4;19/07/2026
2025;Zaragoza;Facultad;Facultad de Veterinaria;Grado: Veterinaria;Grado;La Rioja;Mujeres;No;Tiempo Completo;13;19/07/2026
2025;Zaragoza;Facultad;Facultad de Veterinaria;Grado: Veterinaria;Grado;Madrid;Hombres;No;Tiempo Completo;6;19/07/2026
2025;Zaragoza;Facultad;Facultad de Veterinaria;Grado: Veterinaria;Grado;Madrid;Hombres;Sí;Tiempo Completo;1;19/07/2026
2025;Zaragoza;Facultad;Facultad de Veterinaria;Grado: Veterinaria;Grado;Madrid;Mujeres;No;Tiempo Completo;33;19/07/2026
2025;Zaragoza;Facultad;Facultad de Veterinaria;Grado: Veterinaria;Grado;Madrid;Mujeres;Sí;Tiempo Completo;1;19/07/2026
2025;Zaragoza;Facultad;Facultad de Veterinaria;Grado: Veterinaria;Grado;Murcia;Mujeres;No;Tiempo Completo;1;19/07/2026
2025;Zaragoza;Facultad;Facultad de Veterinaria;Grado: Veterinaria;Grado;Navarra;Hombres;No;Tiempo Completo;11;19/07/2026
2025;Zaragoza;Facultad;Facultad de Veterinaria;Grado: Veterinaria;Grado;Navarra;Mujeres;No;Tiempo Completo;30;19/07/2026
2025;Zaragoza;Facultad;Facultad de Veterinaria;Grado: Veterinaria;Grado;Navarra;Mujeres;Sí;Tiempo Completo;2;19/07/2026
2025;Zaragoza;Facultad;Facultad de Veterinaria;Grado: Veterinaria;Grado;Navarra;Mujeres;No;Tiempo Parcial;1;19/07/2026
2025;Zaragoza;Facultad;Facultad de Veterinaria;Grado: Veterinaria;Grado;No Informado;Hombres;No;Tiempo Completo;6;19/07/2026
2025;Zaragoza;Facultad;Facultad de Veterinaria;Grado: Veterinaria;Grado;No Informado;Mujeres;No;Tiempo Completo;31;19/07/2026
2025;Zaragoza;Facultad;Facultad de Veterinaria;Grado: Veterinaria;Grado;No Informado;Mujeres;Sí;Tiempo Completo;1;19/07/2026
2025;Zaragoza;Facultad;Facultad de Veterinaria;Grado: Veterinaria;Grado;No Informado;Mujeres;No;Tiempo Parcial;1;19/07/2026
2025;Zaragoza;Facultad;Facultad de Veterinaria;Grado: Veterinaria;Grado;Pais Vasco;Hombres;No;Tiempo Completo;10;19/07/2026
2025;Zaragoza;Facultad;Facultad de Veterinaria;Grado: Veterinaria;Grado;Pais Vasco;Mujeres;No;Tiempo Completo;57;19/07/2026
2025;Zaragoza;Facultad;Facultad de Veterinaria;Grado: Veterinaria;Grado;Pais Vasco;Mujeres;Sí;Tiempo Completo;4;19/07/2026
2025;Zaragoza;Facultad;Facultad de Veterinaria;Movilidad para 1º y 2º ciclo y grado;Movilidad de entrada;Andalucía;Mujeres;No;Tiempo Completo;1;19/07/2026
2025;Zaragoza;Facultad;Facultad de Veterinaria;Movilidad para 1º y 2º ciclo y grado;Movilidad de entrada;Aragón;Hombres;No;Tiempo Completo;1;19/07/2026
2025;Zaragoza;Facultad;Facultad de Veterinaria;Movilidad para 1º y 2º ciclo y grado;Movilidad de entrada;Aragón;Mujeres;No;Tiempo Completo;2;19/07/2026
2025;Zaragoza;Facultad;Facultad de Veterinaria;Movilidad para 1º y 2º ciclo y grado;Movilidad de entrada;Castilla y Leon;Mujeres;No;Tiempo Completo;1;19/07/2026
2025;Zaragoza;Facultad;Facultad de Veterinaria;Movilidad para 1º y 2º ciclo y grado;Movilidad de entrada;Castilla-La Mancha;Mujeres;No;Tiempo Completo;1;19/07/2026
2025;Zaragoza;Facultad;Facultad de Veterinaria;Movilidad para 1º y 2º ciclo y grado;Movilidad de entrada;Catalunya;Mujeres;No;Tiempo Completo;1;19/07/2026
2025;Zaragoza;Facultad;Facultad de Veterinaria;Movilidad para 1º y 2º ciclo y grado;Movilidad de entrada;Galicia;Hombres;No;Tiempo Completo;1;19/07/2026
2025;Zaragoza;Facultad;Facultad de Veterinaria;Movilidad para 1º y 2º ciclo y grado;Movilidad de entrada;Galicia;Mujeres;No;Tiempo Completo;1;19/07/2026
2025;Zaragoza;Facultad;Facultad de Veterinaria;Movilidad para 1º y 2º ciclo y grado;Movilidad de entrada;Madrid;Mujeres;No;Tiempo Completo;3;19/07/2026
2025;Zaragoza;Facultad;Facultad de Veterinaria;Movilidad para 1º y 2º ciclo y grado;Movilidad de entrada;No Informado;Hombres;No;Tiempo Completo;6;19/07/2026
2025;Zaragoza;Facultad;Facultad de Veterinaria;Movilidad para 1º y 2º ciclo y grado;Movilidad de entrada;No Informado;Mujeres;No;Tiempo Completo;29;19/07/2026
2025;Zaragoza;Facultad;Facultad de Veterinaria;Movilidad para máster;Movilidad de entrada;Galicia;Mujeres;No;Tiempo Completo;1;19/07/2026
2025;Zaragoza;Facultad;Facultad de Veterinaria;Movilidad para máster;Movilidad de entrada;Murcia;Mujeres;No;Tiempo Completo;1;19/07/2026
2025;Zaragoza;Facultad;Facultad de Veterinaria;Movilidad para máster;Movilidad de entrada;No Informado;Mujeres;No;Tiempo Completo;2;19/07/2026
2025;Zaragoza;Facultad;Facultad de Veterinaria;Máster: Calidad, Seguridad y Tecnología de los Alimentos;Máster;Aragón;Hombres;No;Tiempo Completo;9;19/07/2026
2025;Zaragoza;Facultad;Facultad de Veterinaria;Máster: Calidad, Seguridad y Tecnología de los Alimentos;Máster;Aragón;Mujeres;No;Tiempo Completo;20;19/07/2026
2025;Zaragoza;Facultad;Facultad de Veterinaria;Máster: Calidad, Seguridad y Tecnología de los Alimentos;Máster;Aragón;Mujeres;No;Tiempo Parcial;2;19/07/2026
2025;Zaragoza;Facultad;Facultad de Veterinaria;Máster: Calidad, Seguridad y Tecnología de los Alimentos;Máster;Comunidad Valenciana;Mujeres;No;Tiempo Completo;1;19/07/2026
2025;Zaragoza;Facultad;Facultad de Veterinaria;Máster: Calidad, Seguridad y Tecnología de los Alimentos;Máster;Navarra;Hombres;No;Tiempo Completo;2;19/07/2026
2025;Zaragoza;Facultad;Facultad de Veterinaria;Máster: Calidad, Seguridad y Tecnología de los Alimentos;Máster;Navarra;Mujeres;No;Tiempo Completo;6;19/07/2026
2025;Zaragoza;Facultad;Facultad de Veterinaria;Máster: Nutrición Animal;Máster;Aragón;Hombres;No;Tiempo Completo;12;19/07/2026
2025;Zaragoza;Facultad;Facultad de Veterinaria;Máster: Nutrición Animal;Máster;Aragón;Mujeres;No;Tiempo Completo;8;19/07/2026
2025;Zaragoza;Facultad;Facultad de Veterinaria;Máster: Salud Global: Integración de la Salud Ambiental, Humana y Animal;Máster;Aragón;Hombres;No;Tiempo Completo;2;19/07/2026
2025;Zaragoza;Facultad;Facultad de Veterinaria;Máster: Salud Global: Integración de la Salud Ambiental, Humana y Animal;Máster;Aragón;Mujeres;No;Tiempo Completo;11;19/07/2026
2025;Zaragoza;Facultad;Facultad de Veterinaria;Máster: Salud Global: Integración de la Salud Ambiental, Humana y Animal;Máster;Aragón;Mujeres;No;Tiempo Parcial;1;19/07/2026
2025;Zaragoza;Facultad;Facultad de Veterinaria;Máster: Salud Global: Integración de la Salud Ambiental, Humana y Animal;Máster;Baleares;Hombres;No;Tiempo Completo;1;19/07/2026
2025;Zaragoza;Facultad;Facultad de Veterinaria;Máster: Salud Global: Integración de la Salud Ambiental, Humana y Animal;Máster;Extremadura;Mujeres;No;Tiempo Completo;1;19/07/2026
2025;Zaragoza;Facultad;Facultad de Veterinaria;Máster: Salud Global: Integración de la Salud Ambiental, Humana y Animal;Máster;Navarra;Hombres;No;Tiempo Completo;1;19/07/2026
2025;Zaragoza;Facultad;Facultad de Veterinaria;Máster: Salud Global: Integración de la Salud Ambiental, Humana y Animal;Máster;Navarra;Mujeres;No;Tiempo Completo;1;19/07/2026
2025;Zaragoza;Facultad;Facultad de Veterinaria;Máster: Salud Global: Integración de la Salud Ambiental, Humana y Animal;Máster;No Informado;Mujeres;No;Tiempo Completo;1;19/07/2026
2025;Zaragoza;Facultad;UNITA;Movilidad para 1º y 2º ciclo y grado;Movilidad de entrada;No Informado;Hombres;No;Tiempo Completo;7;19/07/2026
2025;Zaragoza;Facultad;UNITA;Movilidad para 1º y 2º ciclo y grado;Movilidad de entrada;No Informado;Mujeres;No;Tiempo Completo;22;19/07/2026
