CURSO_ACADEMICO;NOMBRE_PROGRAMA_MOVILIDAD;NOMBRE_AREA_ESTUDIOS_MOV;CENTRO;IN_OUT;NOMBRE_IDIOMA_NIVEL_MOVILIDAD;PAIS_UNIVERSIDAD_ACUERDO;UNIVERSIDAD_ACUERDO;PLAZAS_OFERTADAS_ALUMNOS;PLAZAS_ASIGNADAS_ALUMNOS_OUT;FECHA_ACTUALIZACION
2023;ERASMUS;0110-0110-Educación, no definido;Facultad de Ciencias Sociales y Humanas de Teruel;IN;ESPAÑOL - B1 (Nivel intermedio);Italia;Università Degli Studi Di Ferrara (Italia);2;0;25/08/2024
2023;ERASMUS;0110-0110-Educación, no definido;Facultad de Ciencias Sociales y Humanas de Teruel;IN;ESPAÑOL - B1 (Nivel intermedio);Letonia;Latvijas Universitáte (Letonia);2;0;25/08/2024
2023;ERASMUS;0110-0110-Educación, no definido;Facultad de Ciencias Sociales y Humanas de Teruel;IN;ESPAÑOL - B1 (Nivel intermedio);Portugal;Universidade De Aveiro (Portugal);2;0;25/08/2024
2023;ERASMUS;0110-0110-Educación, no definido;Facultad de Ciencias Sociales y Humanas de Teruel;IN;ESPAÑOL - B1 (Nivel intermedio);República Checa;Masarykova Univerzita Brno (República Checa);2;0;25/08/2024
2023;ERASMUS;0110-0110-Educación, no definido;Facultad de Ciencias Sociales y Humanas de Teruel;IN;INGLÉS - B1 (Nivel intermedio);Estonia;Tallinn University (Estonia);2;0;25/08/2024
2023;ERASMUS;0110-0110-Educación, no definido;Facultad de Ciencias Sociales y Humanas de Teruel;OUT;INGLÉS - B1 (Nivel intermedio);Letonia;Latvijas Universitáte (Letonia);2;1;25/08/2024
2023;ERASMUS;0110-0110-Educación, no definido;Facultad de Ciencias Sociales y Humanas de Teruel;OUT;INGLÉS - B1 (Nivel intermedio);República Checa;Masarykova Univerzita Brno (República Checa);2;0;25/08/2024
2023;ERASMUS;0110-0110-Educación, no definido;Facultad de Ciencias Sociales y Humanas de Teruel;OUT;INGLÉS - B2 (Nivel avanzado);Estonia;Tallinn University (Estonia);2;0;25/08/2024
2023;ERASMUS;0110-0110-Educación, no definido;Facultad de Ciencias Sociales y Humanas de Teruel;OUT;ITALIANO - B1 (Nivel intermedio);Italia;Università Degli Studi Di Ferrara (Italia);2;0;25/08/2024
2023;ERASMUS;0110-0110-Educación, no definido;Facultad de Ciencias Sociales y Humanas de Teruel;OUT;PORTUGUÉS - B1 (Nivel intermedio);Portugal;Universidade De Aveiro (Portugal);2;2;25/08/2024
2023;ERASMUS;0110-0110-Educación, no definido;Facultad de Educación;IN;ESPAÑOL - B1 (Nivel intermedio);Francia;Université De Toulouse - Jean Jaurès (Francia);2;0;25/08/2024
2023;ERASMUS;0110-0110-Educación, no definido;Facultad de Educación;IN;INGLÉS - B2 (Nivel avanzado);Austria;Pädagogische Hochschule Kärnten - Viktor Frankl Hochschule (Austria);2;0;25/08/2024
2023;ERASMUS;0110-0110-Educación, no definido;Facultad de Educación;IN;INGLÉS - B2 (Nivel avanzado);Grecia;Aristotelio Panepistimio Thessalonikis (Grecia);2;0;25/08/2024
2023;ERASMUS;0110-0110-Educación, no definido;Facultad de Educación;IN;INGLÉS - B2 (Nivel avanzado);Lituania;Mykolas Romeris University (Lituania);2;0;25/08/2024
2023;ERASMUS;0110-0110-Educación, no definido;Facultad de Educación;IN;INGLÉS - B2 (Nivel avanzado);Polonia;Pedagogical University Of Cracow (Polonia);3;0;25/08/2024
2023;ERASMUS;0110-0110-Educación, no definido;Facultad de Educación;IN;INGLÉS - B2 (Nivel avanzado);Rumanía;Universitatea Din Bucuresti (Rumanía);4;0;25/08/2024
2023;ERASMUS;0110-0110-Educación, no definido;Facultad de Educación;IN;INGLÉS - B2 (Nivel avanzado);Suecia;Mälardalens Högskola (Suecia);2;0;25/08/2024
2023;ERASMUS;0110-0110-Educación, no definido;Facultad de Educación;IN;No Informado;Estonia;Tallinn University (Estonia);2;0;25/08/2024
2023;ERASMUS;0110-0110-Educación, no definido;Facultad de Educación;OUT;ALEMÁN - B1 (Nivel intermedio);Austria;Pädagogische Hochschule Kärnten - Viktor Frankl Hochschule (Austria);2;0;25/08/2024
2023;ERASMUS;0110-0110-Educación, no definido;Facultad de Educación;OUT;FRANCÉS - B2 (Nivel avanzado);Francia;Université De Toulouse - Jean Jaurès (Francia);2;0;25/08/2024
2023;ERASMUS;0110-0110-Educación, no definido;Facultad de Educación;OUT;INGLÉS - B1 (Nivel intermedio);Lituania;Mykolas Romeris University (Lituania);2;0;25/08/2024
2023;ERASMUS;0110-0110-Educación, no definido;Facultad de Educación;OUT;INGLÉS - B2 (Nivel avanzado);Estonia;Tallinn University (Estonia);2;0;25/08/2024
2023;ERASMUS;0110-0110-Educación, no definido;Facultad de Educación;OUT;INGLÉS - B2 (Nivel avanzado);Grecia;Aristotelio Panepistimio Thessalonikis (Grecia);2;0;25/08/2024
2023;ERASMUS;0110-0110-Educación, no definido;Facultad de Educación;OUT;INGLÉS - B2 (Nivel avanzado);Polonia;Pedagogical University Of Cracow (Polonia);3;0;25/08/2024
2023;ERASMUS;0110-0110-Educación, no definido;Facultad de Educación;OUT;INGLÉS - B2 (Nivel avanzado);Rumanía;Universitatea Din Bucuresti (Rumanía);4;0;25/08/2024
2023;ERASMUS;0110-0110-Educación, no definido;Facultad de Educación;OUT;INGLÉS - B2 (Nivel avanzado);Suecia;Mälardalens Högskola (Suecia);2;0;25/08/2024
2023;ERASMUS;011-011-Educación;Escuela de Doctorado;OUT;No Informado;Portugal;Universidade Do Porto (Portugal);1;0;25/08/2024
2023;ERASMUS;011-011-Educación;Facultad de Ciencias Humanas y de la Educación;IN;No Informado;Francia;Université De Pau Et Des Pays De L'Adour (Francia);5;0;25/08/2024
2023;ERASMUS;011-011-Educación;Facultad de Ciencias Humanas y de la Educación;IN;No Informado;Italia;Università Cattolica Del Sacro Cuore Di Milano (Italia);2;0;25/08/2024
2023;ERASMUS;011-011-Educación;Facultad de Ciencias Humanas y de la Educación;IN;No Informado;Portugal;Universidade Da Madeira (Portugal);2;0;25/08/2024
2023;ERASMUS;011-011-Educación;Facultad de Ciencias Humanas y de la Educación;IN;No Informado;Portugal;Instituto Politécnico Do Porto (Portugal);3;0;25/08/2024
2023;ERASMUS;011-011-Educación;Facultad de Ciencias Humanas y de la Educación;IN;No Informado;República Checa;Zapadoceska Univerzita V Plzni (República Checa);4;0;25/08/2024
2023;ERASMUS;011-011-Educación;Facultad de Ciencias Humanas y de la Educación;OUT;FRANCÉS - B2 (Nivel avanzado);Francia;Université De Pau Et Des Pays De L'Adour (Francia);5;4;25/08/2024
2023;ERASMUS;011-011-Educación;Facultad de Ciencias Humanas y de la Educación;OUT;INGLÉS - B1 (Nivel intermedio);Italia;Università Cattolica Del Sacro Cuore Di Milano (Italia);2;2;25/08/2024
2023;ERASMUS;011-011-Educación;Facultad de Ciencias Humanas y de la Educación;OUT;INGLÉS - B1 (Nivel intermedio);Portugal;Instituto Politécnico Do Porto (Portugal);3;1;25/08/2024
2023;ERASMUS;011-011-Educación;Facultad de Ciencias Humanas y de la Educación;OUT;INGLÉS - B1 (Nivel intermedio);República Checa;Zapadoceska Univerzita V Plzni (República Checa);4;4;25/08/2024
2023;ERASMUS;011-011-Educación;Facultad de Ciencias Humanas y de la Educación;OUT;PORTUGUÉS - B1 (Nivel intermedio);Portugal;Universidade Da Madeira (Portugal);2;2;25/08/2024
2023;ERASMUS;011-011-Educación;Facultad de Ciencias Sociales y Humanas de Teruel;IN;ESPAÑOL - B1 (Nivel intermedio);Eslovaquia;Presovská Univerzita V Presove (Eslovaquia);3;0;25/08/2024
2023;ERASMUS;011-011-Educación;Facultad de Ciencias Sociales y Humanas de Teruel;IN;ESPAÑOL - B1 (Nivel intermedio);Francia;Université De Lille (Francia);2;0;25/08/2024
2023;ERASMUS;011-011-Educación;Facultad de Ciencias Sociales y Humanas de Teruel;IN;ESPAÑOL - B1 (Nivel intermedio);Francia;Cy Cergy Paris Université (Francia);2;0;25/08/2024
2023;ERASMUS;011-011-Educación;Facultad de Ciencias Sociales y Humanas de Teruel;IN;ESPAÑOL - B1 (Nivel intermedio);Francia;Université De Limoges (Francia);4;0;25/08/2024
2023;ERASMUS;011-011-Educación;Facultad de Ciencias Sociales y Humanas de Teruel;IN;ESPAÑOL - B1 (Nivel intermedio);Grecia;Aristotelio Panepistimio Thessalonikis (Grecia);2;0;25/08/2024
2023;ERASMUS;011-011-Educación;Facultad de Ciencias Sociales y Humanas de Teruel;IN;ESPAÑOL - B1 (Nivel intermedio);Italia;Università Degli Studi Di Modena E Reggio Emilia (Italia);4;0;25/08/2024
2023;ERASMUS;011-011-Educación;Facultad de Ciencias Sociales y Humanas de Teruel;IN;ESPAÑOL - B1 (Nivel intermedio);Italia;Università Degli Studi Di Cagliari (Italia);4;0;25/08/2024
2023;ERASMUS;011-011-Educación;Facultad de Ciencias Sociales y Humanas de Teruel;IN;ESPAÑOL - B1 (Nivel intermedio);Italia;Università Degli Studi Di Perugia (Italia);2;0;25/08/2024
2023;ERASMUS;011-011-Educación;Facultad de Ciencias Sociales y Humanas de Teruel;IN;ESPAÑOL - B1 (Nivel intermedio);Polonia;Uniwersytet Im. Adama Mickiewicza (Polonia);2;0;25/08/2024
2023;ERASMUS;011-011-Educación;Facultad de Ciencias Sociales y Humanas de Teruel;IN;ESPAÑOL - B1 (Nivel intermedio);Portugal;Instituto Superior De Psicología Aplicada (Portugal);2;0;25/08/2024
2023;ERASMUS;011-011-Educación;Facultad de Ciencias Sociales y Humanas de Teruel;IN;ESPAÑOL - B1 (Nivel intermedio);Portugal;Universidade Do Algarve (Portugal);2;0;25/08/2024
2023;ERASMUS;011-011-Educación;Facultad de Ciencias Sociales y Humanas de Teruel;IN;ESPAÑOL - B1 (Nivel intermedio);Portugal;Instituto Politécnico De Coimbra (Portugal);2;0;25/08/2024
2023;ERASMUS;011-011-Educación;Facultad de Ciencias Sociales y Humanas de Teruel;IN;ESPAÑOL - B1 (Nivel intermedio);República Checa;Univerzita Karlova V Praze (República Checa);2;0;25/08/2024
2023;ERASMUS;011-011-Educación;Facultad de Ciencias Sociales y Humanas de Teruel;IN;ESPAÑOL - B1 (Nivel intermedio);Rumanía;Universitatea Babes-Bolyai Din Cluj-Napoca (Rumanía);4;0;25/08/2024
2023;ERASMUS;011-011-Educación;Facultad de Ciencias Sociales y Humanas de Teruel;IN;ESPAÑOL - B1 (Nivel intermedio);Turquía;Ege University (Turquía);2;0;25/08/2024
2023;ERASMUS;011-011-Educación;Facultad de Ciencias Sociales y Humanas de Teruel;OUT;FRANCÉS - B1 (Nivel intermedio);Francia;Université De Lille (Francia);2;1;25/08/2024
2023;ERASMUS;011-011-Educación;Facultad de Ciencias Sociales y Humanas de Teruel;OUT;FRANCÉS - B1 (Nivel intermedio);Francia;Cy Cergy Paris Université (Francia);2;0;25/08/2024
2023;ERASMUS;011-011-Educación;Facultad de Ciencias Sociales y Humanas de Teruel;OUT;FRANCÉS - B2 (Nivel avanzado);Francia;Université De Limoges (Francia);4;0;25/08/2024
2023;ERASMUS;011-011-Educación;Facultad de Ciencias Sociales y Humanas de Teruel;OUT;GRIEGO - B1 (Nivel intermedio);Grecia;Aristotelio Panepistimio Thessalonikis (Grecia);2;0;25/08/2024
2023;ERASMUS;011-011-Educación;Facultad de Ciencias Sociales y Humanas de Teruel;OUT;INGLÉS - B1 (Nivel intermedio);Rumanía;Universitatea Babes-Bolyai Din Cluj-Napoca (Rumanía);0;0;25/08/2024
2023;ERASMUS;011-011-Educación;Facultad de Ciencias Sociales y Humanas de Teruel;OUT;INGLÉS - B2 (Nivel avanzado);Eslovaquia;Presovská Univerzita V Presove (Eslovaquia);3;0;25/08/2024
2023;ERASMUS;011-011-Educación;Facultad de Ciencias Sociales y Humanas de Teruel;OUT;INGLÉS - B2 (Nivel avanzado);Polonia;Uniwersytet Im. Adama Mickiewicza (Polonia);2;2;25/08/2024
2023;ERASMUS;011-011-Educación;Facultad de Ciencias Sociales y Humanas de Teruel;OUT;INGLÉS - B2 (Nivel avanzado);República Checa;Univerzita Karlova V Praze (República Checa);2;1;25/08/2024
2023;ERASMUS;011-011-Educación;Facultad de Ciencias Sociales y Humanas de Teruel;OUT;INGLÉS - B2 (Nivel avanzado);Rumanía;Universitatea Babes-Bolyai Din Cluj-Napoca (Rumanía);4;0;25/08/2024
2023;ERASMUS;011-011-Educación;Facultad de Ciencias Sociales y Humanas de Teruel;OUT;INGLÉS - B2 (Nivel avanzado);Turquía;Ege University (Turquía);2;0;25/08/2024
2023;ERASMUS;011-011-Educación;Facultad de Ciencias Sociales y Humanas de Teruel;OUT;ITALIANO - A1 (Nivel básico);Italia;Università Degli Studi Di Cagliari (Italia);4;1;25/08/2024
2023;ERASMUS;011-011-Educación;Facultad de Ciencias Sociales y Humanas de Teruel;OUT;ITALIANO - B1 (Nivel intermedio);Italia;Università Degli Studi Di Modena E Reggio Emilia (Italia);4;1;25/08/2024
2023;ERASMUS;011-011-Educación;Facultad de Ciencias Sociales y Humanas de Teruel;OUT;ITALIANO - B1 (Nivel intermedio);Italia;Università Degli Studi Di Perugia (Italia);2;4;25/08/2024
2023;ERASMUS;011-011-Educación;Facultad de Ciencias Sociales y Humanas de Teruel;OUT;PORTUGUÉS - B1 (Nivel intermedio);Portugal;Universidade Do Algarve (Portugal);2;1;25/08/2024
2023;ERASMUS;011-011-Educación;Facultad de Ciencias Sociales y Humanas de Teruel;OUT;PORTUGUÉS - B1 (Nivel intermedio);Portugal;Instituto Politécnico De Coimbra (Portugal);2;3;25/08/2024
2023;ERASMUS;011-011-Educación;Facultad de Ciencias Sociales y Humanas de Teruel;OUT;PORTUGUÉS - B1 (Nivel intermedio);Portugal;Instituto Superior De Psicología Aplicada (Portugal);2;0;25/08/2024
2023;ERASMUS;011-011-Educación;Facultad de Educación;IN;ESPAÑOL - B1 (Nivel intermedio);Francia;Université De Pau Et Des Pays De L'Adour (Francia);5;0;25/08/2024
2023;ERASMUS;011-011-Educación;Facultad de Educación;IN;ESPAÑOL - B1 (Nivel intermedio);Holanda;Christelijke Hogeschool Windesheim (Holanda);2;0;25/08/2024
2023;ERASMUS;011-011-Educación;Facultad de Educación;IN;ESPAÑOL - B1 (Nivel intermedio);Italia;Università Degli Studi Di Milano-Bicocca (Italia);4;0;25/08/2024
2023;ERASMUS;011-011-Educación;Facultad de Educación;IN;ESPAÑOL - B1 (Nivel intermedio);Italia;Università Degli Studi Di Bologna (Italia);2;0;25/08/2024
2023;ERASMUS;011-011-Educación;Facultad de Educación;IN;ESPAÑOL - B1 (Nivel intermedio);Portugal;Universidade Do Porto (Portugal);1;0;25/08/2024
2023;ERASMUS;011-011-Educación;Facultad de Educación;IN;INGLÉS - B1 (Nivel intermedio);Italia;Libera Università 'Maria Ss. Assunta' Di Roma (Italia);1;0;25/08/2024
2023;ERASMUS;011-011-Educación;Facultad de Educación;IN;INGLÉS - B1 (Nivel intermedio);Portugal;Universidade De Lisboa (Portugal);1;0;25/08/2024
2023;ERASMUS;011-011-Educación;Facultad de Educación;IN;INGLÉS - B2 (Nivel avanzado);Hungría;Eötvös Loránd Tudományegyetem (Hungría);2;0;25/08/2024
2023;ERASMUS;011-011-Educación;Facultad de Educación;IN;INGLÉS - B2 (Nivel avanzado);Polonia;Uniwersytet Warszawski (Polonia);2;0;25/08/2024
2023;ERASMUS;011-011-Educación;Facultad de Educación;IN;No Informado;Alemania;Europa-Universität Viadrina Frankfurt An Der Oder (Alemania);2;0;25/08/2024
2023;ERASMUS;011-011-Educación;Facultad de Educación;IN;No Informado;Alemania;Universität Regensburg (Alemania);2;0;25/08/2024
2023;ERASMUS;011-011-Educación;Facultad de Educación;IN;No Informado;Alemania;Pädagogische Hochschule Freiburg Im Breisgau (Alemania);2;0;25/08/2024
2023;ERASMUS;011-011-Educación;Facultad de Educación;IN;No Informado;Alemania;Gottfried Wilhelm Leibniz Universität Hannover (Alemania);1;0;25/08/2024
2023;ERASMUS;011-011-Educación;Facultad de Educación;IN;No Informado;Alemania;Fachhochschule Potsdam (Alemania);2;0;25/08/2024
2023;ERASMUS;011-011-Educación;Facultad de Educación;IN;No Informado;Alemania;Hochschule Düsseldorf-University Of Applied Sciences (Alemania);2;0;25/08/2024
2023;ERASMUS;011-011-Educación;Facultad de Educación;IN;No Informado;Austria;Pädagogische Hochschule Kärnten - Viktor Frankl Hochschule (Austria);2;0;25/08/2024
2023;ERASMUS;011-011-Educación;Facultad de Educación;IN;No Informado;Bélgica;Vives University College (Bélgica);2;0;25/08/2024
2023;ERASMUS;011-011-Educación;Facultad de Educación;IN;No Informado;Bélgica;Odisee University Of Applied Sciences (Bélgica);2;0;25/08/2024
2023;ERASMUS;011-011-Educación;Facultad de Educación;IN;No Informado;Bélgica;Haute École De Namur Liege Luxembourg (Bélgica);2;0;25/08/2024
2023;ERASMUS;011-011-Educación;Facultad de Educación;IN;No Informado;Bulgaria;St. Cyril And St Methodius University Of Veliko Turnovo (Bulgaria);2;0;25/08/2024
2023;ERASMUS;011-011-Educación;Facultad de Educación;IN;No Informado;Croacia;University Of Rijeka (Croacia);2;0;25/08/2024
2023;ERASMUS;011-011-Educación;Facultad de Educación;IN;No Informado;Dinamarca;University College South Denmark (Dinamarca);2;0;25/08/2024
2023;ERASMUS;011-011-Educación;Facultad de Educación;IN;No Informado;Dinamarca;Via University College (Dinamarca);4;0;25/08/2024
2023;ERASMUS;011-011-Educación;Facultad de Educación;IN;No Informado;Estonia;Tallinn University (Estonia);2;0;25/08/2024
2023;ERASMUS;011-011-Educación;Facultad de Educación;IN;No Informado;Finlandia;Tamk University Of Applied Sciences (Finlandia);4;0;25/08/2024
2023;ERASMUS;011-011-Educación;Facultad de Educación;IN;No Informado;Francia;Cy Cergy Paris Université (Francia);2;0;25/08/2024
2023;ERASMUS;011-011-Educación;Facultad de Educación;IN;No Informado;Grecia;Anotati Scholi Pedagogikis & Technologikis Ekpedefsis (Grecia);2;0;25/08/2024
2023;ERASMUS;011-011-Educación;Facultad de Educación;IN;No Informado;Italia;Università Del Salento (Italia);2;0;25/08/2024
2023;ERASMUS;011-011-Educación;Facultad de Educación;IN;No Informado;Italia;Università Degli Studi Di Bergamo (Italia);2;0;25/08/2024
2023;ERASMUS;011-011-Educación;Facultad de Educación;IN;No Informado;Italia;Università Degli Studi Di Padova (Italia);3;0;25/08/2024
2023;ERASMUS;011-011-Educación;Facultad de Educación;IN;No Informado;Noruega;Nord University (Noruega);2;0;25/08/2024
2023;ERASMUS;011-011-Educación;Facultad de Educación;IN;No Informado;Polonia;Uniwersytet Rzeszowski (Polonia);2;0;25/08/2024
2023;ERASMUS;011-011-Educación;Facultad de Educación;IN;No Informado;Polonia;University Of Applied Sciences In Nysa (Polonia);2;0;25/08/2024
2023;ERASMUS;011-011-Educación;Facultad de Educación;IN;No Informado;Portugal;Universidade De Évora (Portugal);2;0;25/08/2024
2023;ERASMUS;011-011-Educación;Facultad de Educación;IN;No Informado;Suecia;Stockholms Universitet (Suecia);4;0;25/08/2024
2023;ERASMUS;011-011-Educación;Facultad de Educación;OUT;ALEMÁN - B1 (Nivel intermedio);Alemania;Hochschule Düsseldorf-University Of Applied Sciences (Alemania);2;2;25/08/2024
2023;ERASMUS;011-011-Educación;Facultad de Educación;OUT;ALEMÁN - B1 (Nivel intermedio);Alemania;Fachhochschule Potsdam (Alemania);2;0;25/08/2024
2023;ERASMUS;011-011-Educación;Facultad de Educación;OUT;ALEMÁN - B1 (Nivel intermedio);Austria;Pädagogische Hochschule Kärnten - Viktor Frankl Hochschule (Austria);2;2;25/08/2024
2023;ERASMUS;011-011-Educación;Facultad de Educación;OUT;ALEMÁN - B2 (Nivel avanzado);Alemania;Universität Regensburg (Alemania);2;2;25/08/2024
2023;ERASMUS;011-011-Educación;Facultad de Educación;OUT;ALEMÁN - B2 (Nivel avanzado);Alemania;Gottfried Wilhelm Leibniz Universität Hannover (Alemania);1;0;25/08/2024
2023;ERASMUS;011-011-Educación;Facultad de Educación;OUT;ALEMÁN - B2 (Nivel avanzado);Alemania;Europa-Universität Viadrina Frankfurt An Der Oder (Alemania);2;2;25/08/2024
2023;ERASMUS;011-011-Educación;Facultad de Educación;OUT;ESPAÑOL - B1 (Nivel intermedio);Bélgica;Haute École De Namur Liege Luxembourg (Bélgica);2;1;25/08/2024
2023;ERASMUS;011-011-Educación;Facultad de Educación;OUT;FRANCÉS - B1 (Nivel intermedio);Francia;Cy Cergy Paris Université (Francia);2;2;25/08/2024
2023;ERASMUS;011-011-Educación;Facultad de Educación;OUT;FRANCÉS - B2 (Nivel avanzado);Francia;Université De Pau Et Des Pays De L'Adour (Francia);5;0;25/08/2024
2023;ERASMUS;011-011-Educación;Facultad de Educación;OUT;GRIEGO - B1 (Nivel intermedio);Grecia;Anotati Scholi Pedagogikis & Technologikis Ekpedefsis (Grecia);2;2;25/08/2024
2023;ERASMUS;011-011-Educación;Facultad de Educación;OUT;INGLÉS - B1 (Nivel intermedio);Bélgica;Vives University College (Bélgica);2;2;25/08/2024
2023;ERASMUS;011-011-Educación;Facultad de Educación;OUT;INGLÉS - B1 (Nivel intermedio);Bulgaria;St. Cyril And St Methodius University Of Veliko Turnovo (Bulgaria);2;3;25/08/2024
2023;ERASMUS;011-011-Educación;Facultad de Educación;OUT;INGLÉS - B1 (Nivel intermedio);Croacia;University Of Rijeka (Croacia);2;1;25/08/2024
2023;ERASMUS;011-011-Educación;Facultad de Educación;OUT;INGLÉS - B1 (Nivel intermedio);Estonia;Tallinn University (Estonia);2;0;25/08/2024
2023;ERASMUS;011-011-Educación;Facultad de Educación;OUT;INGLÉS - B1 (Nivel intermedio);Finlandia;Tamk University Of Applied Sciences (Finlandia);4;4;25/08/2024
2023;ERASMUS;011-011-Educación;Facultad de Educación;OUT;INGLÉS - B1 (Nivel intermedio);Italia;Università Degli Studi Di Bologna (Italia);2;0;25/08/2024
2023;ERASMUS;011-011-Educación;Facultad de Educación;OUT;INGLÉS - B1 (Nivel intermedio);Italia;Università Del Salento (Italia);2;2;25/08/2024
2023;ERASMUS;011-011-Educación;Facultad de Educación;OUT;INGLÉS - B1 (Nivel intermedio);Italia;Università Degli Studi Di Padova (Italia);3;2;25/08/2024
2023;ERASMUS;011-011-Educación;Facultad de Educación;OUT;INGLÉS - B1 (Nivel intermedio);Polonia;Uniwersytet Rzeszowski (Polonia);2;2;25/08/2024
2023;ERASMUS;011-011-Educación;Facultad de Educación;OUT;INGLÉS - B1 (Nivel intermedio);Portugal;Universidade De Évora (Portugal);2;2;25/08/2024
2023;ERASMUS;011-011-Educación;Facultad de Educación;OUT;INGLÉS - B2 (Nivel avanzado);Alemania;Pädagogische Hochschule Freiburg Im Breisgau (Alemania);2;2;25/08/2024
2023;ERASMUS;011-011-Educación;Facultad de Educación;OUT;INGLÉS - B2 (Nivel avanzado);Dinamarca;Via University College (Dinamarca);4;3;25/08/2024
2023;ERASMUS;011-011-Educación;Facultad de Educación;OUT;INGLÉS - B2 (Nivel avanzado);Dinamarca;University College South Denmark (Dinamarca);2;0;25/08/2024
2023;ERASMUS;011-011-Educación;Facultad de Educación;OUT;INGLÉS - B2 (Nivel avanzado);Holanda;Christelijke Hogeschool Windesheim (Holanda);2;2;25/08/2024
2023;ERASMUS;011-011-Educación;Facultad de Educación;OUT;INGLÉS - B2 (Nivel avanzado);Hungría;Eötvös Loránd Tudományegyetem (Hungría);2;2;25/08/2024
2023;ERASMUS;011-011-Educación;Facultad de Educación;OUT;INGLÉS - B2 (Nivel avanzado);Italia;Università Degli Studi Di Bergamo (Italia);2;2;25/08/2024
2023;ERASMUS;011-011-Educación;Facultad de Educación;OUT;INGLÉS - B2 (Nivel avanzado);Italia;Libera Università 'Maria Ss. Assunta' Di Roma (Italia);1;1;25/08/2024
2023;ERASMUS;011-011-Educación;Facultad de Educación;OUT;INGLÉS - B2 (Nivel avanzado);Polonia;Uniwersytet Warszawski (Polonia);2;0;25/08/2024
2023;ERASMUS;011-011-Educación;Facultad de Educación;OUT;INGLÉS - B2 (Nivel avanzado);Suecia;Stockholms Universitet (Suecia);4;4;25/08/2024
2023;ERASMUS;011-011-Educación;Facultad de Educación;OUT;ITALIANO - B1 (Nivel intermedio);Italia;Università Degli Studi Di Milano-Bicocca (Italia);2;0;25/08/2024
2023;ERASMUS;011-011-Educación;Facultad de Educación;OUT;No Informado;Portugal;Universidade Do Porto (Portugal);1;0;25/08/2024
2023;ERASMUS;011-011-Educación;Facultad de Educación;OUT;OTROS - A1 (Nivel básico);Bélgica;Odisee University Of Applied Sciences (Bélgica);2;0;25/08/2024
2023;ERASMUS;011-011-Educación;Facultad de Educación;OUT;OTROS - B1 (Nivel intermedio);Noruega;Nord University (Noruega);2;2;25/08/2024
2023;ERASMUS;011-011-Educación;Facultad de Educación;OUT;OTROS - B1 (Nivel intermedio);Polonia;University Of Applied Sciences In Nysa (Polonia);2;2;25/08/2024
2023;ERASMUS;011-011-Educación;Facultad de Educación;OUT;PORTUGUÉS - B1 (Nivel intermedio);Portugal;Universidade De Lisboa (Portugal);1;0;25/08/2024
2023;ERASMUS;0111-0111-Ciencias de la educación;Facultad de Ciencias Sociales y Humanas de Teruel;IN;ESPAÑOL - B1 (Nivel intermedio);Portugal;Instituto Jean Piaget (Portugal);6;0;25/08/2024
2023;ERASMUS;0111-0111-Ciencias de la educación;Facultad de Ciencias Sociales y Humanas de Teruel;OUT;PORTUGUÉS - B1 (Nivel intermedio);Portugal;Instituto Jean Piaget (Portugal);6;4;25/08/2024
2023;ERASMUS;0113-0113-Formación del profesorado sin especialización de materias;Facultad de Educación;IN;ESPAÑOL - B2 (Nivel avanzado);Bélgica;Haute École Lucia De Brouckere (Bélgica);2;0;25/08/2024
2023;ERASMUS;0113-0113-Formación del profesorado sin especialización de materias;Facultad de Educación;OUT;FRANCÉS - B1 (Nivel intermedio);Bélgica;Haute École Lucia De Brouckere (Bélgica);2;1;25/08/2024
2023;ERASMUS;0114-0114-Formación del profesorado con especialización de materias;Facultad de Educación;IN;No Informado;Austria;Pädagogische Hochschule Kärnten - Viktor Frankl Hochschule (Austria);4;0;25/08/2024
2023;ERASMUS;0114-0114-Formación del profesorado con especialización de materias;Facultad de Educación;IN;No Informado;Bélgica;Haute École De Namur Liege Luxembourg (Bélgica);2;0;25/08/2024
2023;ERASMUS;0114-0114-Formación del profesorado con especialización de materias;Facultad de Educación;IN;No Informado;Bulgaria;St. Cyril And St Methodius University Of Veliko Turnovo (Bulgaria);3;0;25/08/2024
2023;ERASMUS;0114-0114-Formación del profesorado con especialización de materias;Facultad de Educación;IN;No Informado;Francia;Université Clermont Auvergne (Francia);6;0;25/08/2024
2023;ERASMUS;0114-0114-Formación del profesorado con especialización de materias;Facultad de Educación;IN;No Informado;Francia;Université De Haute-Bretagne (Rennes Ii) (Francia);5;0;25/08/2024
2023;ERASMUS;0114-0114-Formación del profesorado con especialización de materias;Facultad de Educación;IN;No Informado;Italia;Università Degli Studi Di Messina (Italia);6;0;25/08/2024
2023;ERASMUS;0114-0114-Formación del profesorado con especialización de materias;Facultad de Educación;IN;No Informado;Lituania;Vytautas Magnus University (Lituania);3;0;25/08/2024
2023;ERASMUS;0114-0114-Formación del profesorado con especialización de materias;Facultad de Educación;IN;No Informado;Noruega;Nord University (Noruega);4;0;25/08/2024
2023;ERASMUS;0114-0114-Formación del profesorado con especialización de materias;Facultad de Educación;IN;No Informado;Noruega;Ostfold University College (Noruega);2;0;25/08/2024
2023;ERASMUS;0114-0114-Formación del profesorado con especialización de materias;Facultad de Educación;IN;No Informado;Polonia;Uniwersytet Rzeszowski (Polonia);2;0;25/08/2024
2023;ERASMUS;0114-0114-Formación del profesorado con especialización de materias;Facultad de Educación;IN;No Informado;Polonia;Akademia Muzyczna W Gdansku (Polonia);2;0;25/08/2024
2023;ERASMUS;0114-0114-Formación del profesorado con especialización de materias;Facultad de Educación;IN;No Informado;Portugal;Universidade De Évora (Portugal);2;0;25/08/2024
2023;ERASMUS;0114-0114-Formación del profesorado con especialización de materias;Facultad de Educación;IN;No Informado;República Checa;Univerzita Jana Evangelisty Purkyne V Ústí Nad Labem (República Checa);2;0;25/08/2024
2023;ERASMUS;0114-0114-Formación del profesorado con especialización de materias;Facultad de Educación;IN;No Informado;República Checa;Zapadoceska Univerzita V Plzni (República Checa);5;0;25/08/2024
2023;ERASMUS;0114-0114-Formación del profesorado con especialización de materias;Facultad de Educación;IN;No Informado;República Checa;Masarykova Univerzita Brno (República Checa);2;0;25/08/2024
2023;ERASMUS;0114-0114-Formación del profesorado con especialización de materias;Facultad de Educación;IN;No Informado;Turquía;Bogazici (Turquía);2;0;25/08/2024
2023;ERASMUS;0114-0114-Formación del profesorado con especialización de materias;Facultad de Educación;OUT;FRANCÉS - B1 (Nivel intermedio);Bélgica;Haute École De Namur Liege Luxembourg (Bélgica);2;0;25/08/2024
2023;ERASMUS;0114-0114-Formación del profesorado con especialización de materias;Facultad de Educación;OUT;FRANCÉS - B2 (Nivel avanzado);Francia;Université Clermont Auvergne (Francia);6;0;25/08/2024
2023;ERASMUS;0114-0114-Formación del profesorado con especialización de materias;Facultad de Educación;OUT;FRANCÉS - B2 (Nivel avanzado);Francia;Université De Haute-Bretagne (Rennes Ii) (Francia);5;2;25/08/2024
2023;ERASMUS;0114-0114-Formación del profesorado con especialización de materias;Facultad de Educación;OUT;INGLÉS - B1 (Nivel intermedio);Austria;Pädagogische Hochschule Kärnten - Viktor Frankl Hochschule (Austria);5;0;25/08/2024
2023;ERASMUS;0114-0114-Formación del profesorado con especialización de materias;Facultad de Educación;OUT;INGLÉS - B1 (Nivel intermedio);Bulgaria;St. Cyril And St Methodius University Of Veliko Turnovo (Bulgaria);3;1;25/08/2024
2023;ERASMUS;0114-0114-Formación del profesorado con especialización de materias;Facultad de Educación;OUT;INGLÉS - B1 (Nivel intermedio);Italia;Università Degli Studi Di Messina (Italia);6;4;25/08/2024
2023;ERASMUS;0114-0114-Formación del profesorado con especialización de materias;Facultad de Educación;OUT;INGLÉS - B1 (Nivel intermedio);Noruega;Ostfold University College (Noruega);2;0;25/08/2024
2023;ERASMUS;0114-0114-Formación del profesorado con especialización de materias;Facultad de Educación;OUT;INGLÉS - B1 (Nivel intermedio);Polonia;Uniwersytet Rzeszowski (Polonia);2;0;25/08/2024
2023;ERASMUS;0114-0114-Formación del profesorado con especialización de materias;Facultad de Educación;OUT;INGLÉS - B1 (Nivel intermedio);Portugal;Universidade De Évora (Portugal);2;0;25/08/2024
2023;ERASMUS;0114-0114-Formación del profesorado con especialización de materias;Facultad de Educación;OUT;INGLÉS - B1 (Nivel intermedio);República Checa;Univerzita Jana Evangelisty Purkyne V Ústí Nad Labem (República Checa);2;1;25/08/2024
2023;ERASMUS;0114-0114-Formación del profesorado con especialización de materias;Facultad de Educación;OUT;INGLÉS - B2 (Nivel avanzado);Lituania;Vytautas Magnus University (Lituania);3;0;25/08/2024
2023;ERASMUS;0114-0114-Formación del profesorado con especialización de materias;Facultad de Educación;OUT;INGLÉS - B2 (Nivel avanzado);República Checa;Zapadoceska Univerzita V Plzni (República Checa);4;4;25/08/2024
2023;ERASMUS;0114-0114-Formación del profesorado con especialización de materias;Facultad de Educación;OUT;INGLÉS - B2 (Nivel avanzado);República Checa;Masarykova Univerzita Brno (República Checa);2;2;25/08/2024
2023;ERASMUS;0114-0114-Formación del profesorado con especialización de materias;Facultad de Educación;OUT;INGLÉS - B2 (Nivel avanzado);Turquía;Bogazici (Turquía);2;0;25/08/2024
2023;ERASMUS;0114-0114-Formación del profesorado con especialización de materias;Facultad de Educación;OUT;OTROS - A1 (Nivel básico);Polonia;Akademia Muzyczna W Gdansku (Polonia);2;0;25/08/2024
2023;ERASMUS;0114-0114-Formación del profesorado con especialización de materias;Facultad de Educación;OUT;OTROS - B1 (Nivel intermedio);Noruega;Nord University (Noruega);4;0;25/08/2024
2023;ERASMUS;021-Artes;Escuela de Ingeniería y Arquitectura;IN;ESPAÑOL - B1 (Nivel intermedio);Italia;Università Degli Studi 'G. D'Annunzio' Di Chieti (Italia);2;0;25/08/2024
2023;ERASMUS;021-Artes;Escuela de Ingeniería y Arquitectura;OUT;INGLÉS - B2 (Nivel avanzado);Italia;Università Degli Studi 'G. D'Annunzio' Di Chieti (Italia);2;1;25/08/2024
2023;ERASMUS;021-Artes;Facultad de Ciencias Sociales y Humanas de Teruel;IN;ESPAÑOL - B1 (Nivel intermedio);Italia;Accademia Ligustica Di Belle Arti (Italia);2;0;25/08/2024
2023;ERASMUS;021-Artes;Facultad de Ciencias Sociales y Humanas de Teruel;IN;ESPAÑOL - B1 (Nivel intermedio);Portugal;Universidade Da Beira Interior (Portugal);2;0;25/08/2024
2023;ERASMUS;021-Artes;Facultad de Ciencias Sociales y Humanas de Teruel;IN;INGLÉS - B1 (Nivel intermedio);Italia;Università Degli Studi Di Teramo (Italia);6;0;25/08/2024
2023;ERASMUS;021-Artes;Facultad de Ciencias Sociales y Humanas de Teruel;IN;INGLÉS - B1 (Nivel intermedio);Italia;Accademia Ligustica Di Belle Arti (Italia);0;0;25/08/2024
2023;ERASMUS;021-Artes;Facultad de Ciencias Sociales y Humanas de Teruel;OUT;ITALIANO - B1 (Nivel intermedio);Italia;Accademia Ligustica Di Belle Arti (Italia);2;1;25/08/2024
2023;ERASMUS;021-Artes;Facultad de Ciencias Sociales y Humanas de Teruel;OUT;ITALIANO - B1 (Nivel intermedio);Italia;Università Degli Studi Di Teramo (Italia);6;0;25/08/2024
2023;ERASMUS;021-Artes;Facultad de Ciencias Sociales y Humanas de Teruel;OUT;PORTUGUÉS - B1 (Nivel intermedio);Portugal;Universidade Da Beira Interior (Portugal);2;0;25/08/2024
2023;ERASMUS;0211-Técnicas audiovisuales y producción para medios de comunicación;Facultad de Ciencias Sociales y Humanas de Teruel;OUT;GRIEGO - B2 (Nivel avanzado);Grecia;University Of West Attica (Grecia);2;2;25/08/2024
2023;ERASMUS;0211-Técnicas audiovisuales y producción para medios de comunicación;Facultad de Ciencias Sociales y Humanas de Teruel;OUT;INGLÉS - B1 (Nivel intermedio);Italia;Università Degli Studi Di Cagliari (Italia);2;0;25/08/2024
2023;ERASMUS;0212-Diseño industrial, de moda y de interiores;Escuela de Ingeniería y Arquitectura;IN;ESPAÑOL - B1 (Nivel intermedio);Alemania;Hochschule Darmstadt (Alemania);2;0;25/08/2024
2023;ERASMUS;0212-Diseño industrial, de moda y de interiores;Escuela de Ingeniería y Arquitectura;IN;ESPAÑOL - B1 (Nivel intermedio);Estonia;Tallinna Tehnikaúlikool (Estonia);1;0;25/08/2024
2023;ERASMUS;0212-Diseño industrial, de moda y de interiores;Escuela de Ingeniería y Arquitectura;IN;ESPAÑOL - B1 (Nivel intermedio);Finlandia;Savonia University Of Applied Sciences (Finlandia);2;0;25/08/2024
2023;ERASMUS;0212-Diseño industrial, de moda y de interiores;Escuela de Ingeniería y Arquitectura;IN;ESPAÑOL - B1 (Nivel intermedio);Francia;Université Paul Sabatier - Toulouse Iii (Francia);2;0;25/08/2024
2023;ERASMUS;0212-Diseño industrial, de moda y de interiores;Escuela de Ingeniería y Arquitectura;IN;ESPAÑOL - B1 (Nivel intermedio);Grecia;University Of Western Macedonia (Grecia);2;0;25/08/2024
2023;ERASMUS;0212-Diseño industrial, de moda y de interiores;Escuela de Ingeniería y Arquitectura;IN;ESPAÑOL - B1 (Nivel intermedio);Italia;Università Degli Studi Di Camerino (Italia);2;0;25/08/2024
2023;ERASMUS;0212-Diseño industrial, de moda y de interiores;Escuela de Ingeniería y Arquitectura;IN;ESPAÑOL - B1 (Nivel intermedio);Italia;Università Degli Studi Di Bologna (Italia);4;0;25/08/2024
2023;ERASMUS;0212-Diseño industrial, de moda y de interiores;Escuela de Ingeniería y Arquitectura;IN;ESPAÑOL - B1 (Nivel intermedio);Italia;Politecnico Di Torino (Italia);2;0;25/08/2024
2023;ERASMUS;0212-Diseño industrial, de moda y de interiores;Escuela de Ingeniería y Arquitectura;IN;ESPAÑOL - B1 (Nivel intermedio);Polonia;University Of The Arts Poznan (Polonia);2;0;25/08/2024
2023;ERASMUS;0212-Diseño industrial, de moda y de interiores;Escuela de Ingeniería y Arquitectura;IN;ESPAÑOL - B1 (Nivel intermedio);Polonia;Politechnika Poznanska (Polonia);2;0;25/08/2024
2023;ERASMUS;0212-Diseño industrial, de moda y de interiores;Escuela de Ingeniería y Arquitectura;IN;ESPAÑOL - B1 (Nivel intermedio);Portugal;Instituto Politécnico Do Porto (Portugal);2;0;25/08/2024
2023;ERASMUS;0212-Diseño industrial, de moda y de interiores;Escuela de Ingeniería y Arquitectura;IN;ESPAÑOL - B1 (Nivel intermedio);Portugal;Instituto Politécnico Da Guarda (Portugal);2;0;25/08/2024
2023;ERASMUS;0212-Diseño industrial, de moda y de interiores;Escuela de Ingeniería y Arquitectura;IN;ESPAÑOL - B1 (Nivel intermedio);Rumanía;Universitatea De Vest Din Timísoara (Rumanía);2;0;25/08/2024
2023;ERASMUS;0212-Diseño industrial, de moda y de interiores;Escuela de Ingeniería y Arquitectura;IN;ESPAÑOL - B1 (Nivel intermedio);Suecia;Stiftelsen Högskolan I Jönköping (Suecia);1;0;25/08/2024
2023;ERASMUS;0212-Diseño industrial, de moda y de interiores;Escuela de Ingeniería y Arquitectura;IN;ESPAÑOL - B1 (Nivel intermedio);Suecia;Luleå Tekniska Universitet (Suecia);1;0;25/08/2024
2023;ERASMUS;0212-Diseño industrial, de moda y de interiores;Escuela de Ingeniería y Arquitectura;IN;ESPAÑOL - B1 (Nivel intermedio);Suecia;Mälardalens Högskola (Suecia);2;0;25/08/2024
2023;ERASMUS;0212-Diseño industrial, de moda y de interiores;Escuela de Ingeniería y Arquitectura;OUT;FRANCÉS - B1 (Nivel intermedio);Francia;Université Paul Sabatier - Toulouse Iii (Francia);2;0;25/08/2024
2023;ERASMUS;0212-Diseño industrial, de moda y de interiores;Escuela de Ingeniería y Arquitectura;OUT;GRIEGO - A1 (Nivel básico);Grecia;International Hellenic University (Grecia);2;0;25/08/2024
2023;ERASMUS;0212-Diseño industrial, de moda y de interiores;Escuela de Ingeniería y Arquitectura;OUT;GRIEGO - B1 (Nivel intermedio);Grecia;University Of Western Macedonia (Grecia);2;2;25/08/2024
2023;ERASMUS;0212-Diseño industrial, de moda y de interiores;Escuela de Ingeniería y Arquitectura;OUT;INGLÉS - B1 (Nivel intermedio);Alemania;Hochschule Darmstadt (Alemania);2;1;25/08/2024
2023;ERASMUS;0212-Diseño industrial, de moda y de interiores;Escuela de Ingeniería y Arquitectura;OUT;INGLÉS - B1 (Nivel intermedio);Italia;Università Degli Studi Di Bologna (Italia);4;4;25/08/2024
2023;ERASMUS;0212-Diseño industrial, de moda y de interiores;Escuela de Ingeniería y Arquitectura;OUT;INGLÉS - B1 (Nivel intermedio);Polonia;University Of The Arts Poznan (Polonia);2;2;25/08/2024
2023;ERASMUS;0212-Diseño industrial, de moda y de interiores;Escuela de Ingeniería y Arquitectura;OUT;INGLÉS - B1 (Nivel intermedio);Portugal;Instituto Politécnico Do Porto (Portugal);2;2;25/08/2024
2023;ERASMUS;0212-Diseño industrial, de moda y de interiores;Escuela de Ingeniería y Arquitectura;OUT;INGLÉS - B1 (Nivel intermedio);Suecia;Stiftelsen Högskolan I Jönköping (Suecia);2;2;25/08/2024
2023;ERASMUS;0212-Diseño industrial, de moda y de interiores;Escuela de Ingeniería y Arquitectura;OUT;INGLÉS - B2 (Nivel avanzado);Finlandia;Savonia University Of Applied Sciences (Finlandia);2;5;25/08/2024
2023;ERASMUS;0212-Diseño industrial, de moda y de interiores;Escuela de Ingeniería y Arquitectura;OUT;INGLÉS - B2 (Nivel avanzado);Hungría;Budapest University Of Technology And Economics (Hungría);0;0;25/08/2024
2023;ERASMUS;0212-Diseño industrial, de moda y de interiores;Escuela de Ingeniería y Arquitectura;OUT;INGLÉS - B2 (Nivel avanzado);Polonia;Politechnika Poznanska (Polonia);2;2;25/08/2024
2023;ERASMUS;0212-Diseño industrial, de moda y de interiores;Escuela de Ingeniería y Arquitectura;OUT;INGLÉS - B2 (Nivel avanzado);Suecia;Luleå Tekniska Universitet (Suecia);1;1;25/08/2024
2023;ERASMUS;0212-Diseño industrial, de moda y de interiores;Escuela de Ingeniería y Arquitectura;OUT;INGLÉS - B2 (Nivel avanzado);Suecia;Mälardalens Högskola (Suecia);2;1;25/08/2024
2023;ERASMUS;0212-Diseño industrial, de moda y de interiores;Escuela de Ingeniería y Arquitectura;OUT;ITALIANO - B1 (Nivel intermedio);Italia;Politecnico Di Torino (Italia);2;2;25/08/2024
2023;ERASMUS;0212-Diseño industrial, de moda y de interiores;Escuela de Ingeniería y Arquitectura;OUT;No Informado;Italia;Università Degli Studi Di Camerino (Italia);2;0;25/08/2024
2023;ERASMUS;0212-Diseño industrial, de moda y de interiores;Escuela de Ingeniería y Arquitectura;OUT;OTROS - B2 (Nivel avanzado);Estonia;Tallinna Tehnikaúlikool (Estonia);2;0;25/08/2024
2023;ERASMUS;0212-Diseño industrial, de moda y de interiores;Escuela de Ingeniería y Arquitectura;OUT;PORTUGUÉS - A2 (Nivel básico avanzado);Portugal;Instituto Politécnico Da Guarda (Portugal);2;1;25/08/2024
2023;ERASMUS;0212-Diseño industrial, de moda y de interiores;Escuela de Ingeniería y Arquitectura;OUT;RUMANO - B1 (Nivel intermedio);Rumanía;Universitatea De Vest Din Timísoara (Rumanía);2;0;25/08/2024
2023;ERASMUS;0213-Bellas artes;Facultad de Ciencias Sociales y Humanas de Teruel;IN;ESPAÑOL - B1 (Nivel intermedio);Bélgica;Académie Royale Des Beaux-Arts De Bruxelles (Bélgica);2;0;25/08/2024
2023;ERASMUS;0213-Bellas artes;Facultad de Ciencias Sociales y Humanas de Teruel;IN;ESPAÑOL - B1 (Nivel intermedio);Francia;Université Bordeaux Montaigne (Francia);2;0;25/08/2024
2023;ERASMUS;0213-Bellas artes;Facultad de Ciencias Sociales y Humanas de Teruel;IN;ESPAÑOL - B1 (Nivel intermedio);Francia;Université De Haute-Bretagne (Rennes Ii) (Francia);2;0;25/08/2024
2023;ERASMUS;0213-Bellas artes;Facultad de Ciencias Sociales y Humanas de Teruel;IN;ESPAÑOL - B1 (Nivel intermedio);Grecia;University Of West Attica (Grecia);2;0;25/08/2024
2023;ERASMUS;0213-Bellas artes;Facultad de Ciencias Sociales y Humanas de Teruel;IN;ESPAÑOL - B1 (Nivel intermedio);Grecia;Aristotelio Panepistimio Thessalonikis (Grecia);2;0;25/08/2024
2023;ERASMUS;0213-Bellas artes;Facultad de Ciencias Sociales y Humanas de Teruel;IN;ESPAÑOL - B1 (Nivel intermedio);Italia;Università Degli Studi Di Cagliari (Italia);2;0;25/08/2024
2023;ERASMUS;0213-Bellas artes;Facultad de Ciencias Sociales y Humanas de Teruel;IN;ESPAÑOL - B1 (Nivel intermedio);Italia;Accademia Di Belle Arti Di Palermo (Italia);2;0;25/08/2024
2023;ERASMUS;0213-Bellas artes;Facultad de Ciencias Sociales y Humanas de Teruel;IN;ESPAÑOL - B1 (Nivel intermedio);Italia;Accademia Di Belle Arti Di Brera (Italia);3;0;25/08/2024
2023;ERASMUS;0213-Bellas artes;Facultad de Ciencias Sociales y Humanas de Teruel;IN;ESPAÑOL - B1 (Nivel intermedio);Italia;Accademia Di Belle Arti (Italia);4;0;25/08/2024
2023;ERASMUS;0213-Bellas artes;Facultad de Ciencias Sociales y Humanas de Teruel;IN;ESPAÑOL - B1 (Nivel intermedio);Italia;Academy Of Fine Arts (Italia);2;0;25/08/2024
2023;ERASMUS;0213-Bellas artes;Facultad de Ciencias Sociales y Humanas de Teruel;IN;ESPAÑOL - B1 (Nivel intermedio);Letonia;Latvijas Universitáte (Letonia);2;0;25/08/2024
2023;ERASMUS;0213-Bellas artes;Facultad de Ciencias Sociales y Humanas de Teruel;IN;ESPAÑOL - B1 (Nivel intermedio);Macedonia;Goce Delcev University (Macedonia);3;0;25/08/2024
2023;ERASMUS;0213-Bellas artes;Facultad de Ciencias Sociales y Humanas de Teruel;IN;ESPAÑOL - B1 (Nivel intermedio);Macedonia;International Balkan University (Macedonia);3;0;25/08/2024
2023;ERASMUS;0213-Bellas artes;Facultad de Ciencias Sociales y Humanas de Teruel;IN;ESPAÑOL - B1 (Nivel intermedio);Polonia;Uniwersytet Im. Adama Mickiewicza (Polonia);2;0;25/08/2024
2023;ERASMUS;0213-Bellas artes;Facultad de Ciencias Sociales y Humanas de Teruel;IN;ESPAÑOL - B1 (Nivel intermedio);Portugal;Universidade De Coimbra (Portugal);2;0;25/08/2024
2023;ERASMUS;0213-Bellas artes;Facultad de Ciencias Sociales y Humanas de Teruel;IN;ESPAÑOL - B1 (Nivel intermedio);Portugal;Escola Universitaria Das Artes De Coimbra (Portugal);2;0;25/08/2024
2023;ERASMUS;0213-Bellas artes;Facultad de Ciencias Sociales y Humanas de Teruel;IN;ESPAÑOL - B1 (Nivel intermedio);Portugal;Instituto Politécnico De Coimbra (Portugal);2;0;25/08/2024
2023;ERASMUS;0213-Bellas artes;Facultad de Ciencias Sociales y Humanas de Teruel;IN;ESPAÑOL - B1 (Nivel intermedio);Reino Unido;Loughborough University (Reino Unido);4;0;25/08/2024
2023;ERASMUS;0213-Bellas artes;Facultad de Ciencias Sociales y Humanas de Teruel;IN;ESPAÑOL - B1 (Nivel intermedio);Rumanía;Universitatea De Vest Din Timísoara (Rumanía);2;0;25/08/2024
2023;ERASMUS;0213-Bellas artes;Facultad de Ciencias Sociales y Humanas de Teruel;IN;ESPAÑOL - B1 (Nivel intermedio);Rumanía;Universitatea Din Oradea (Rumanía);2;0;25/08/2024
2023;ERASMUS;0213-Bellas artes;Facultad de Ciencias Sociales y Humanas de Teruel;IN;ESPAÑOL - B1 (Nivel intermedio);Turquía;Yeni Yüzyil Üniversitesi (Turquía);2;0;25/08/2024
2023;ERASMUS;0213-Bellas artes;Facultad de Ciencias Sociales y Humanas de Teruel;IN;ESPAÑOL - B1 (Nivel intermedio);Turquía;Sakarya Üniversitesi (Turquía);3;0;25/08/2024
2023;ERASMUS;0213-Bellas artes;Facultad de Ciencias Sociales y Humanas de Teruel;IN;ESPAÑOL - B1 (Nivel intermedio);Turquía;Kocaeli Universitesi (Turquía);2;0;25/08/2024
2023;ERASMUS;0213-Bellas artes;Facultad de Ciencias Sociales y Humanas de Teruel;IN;ESPAÑOL - B1 (Nivel intermedio);Turquía;Ege University (Turquía);2;0;25/08/2024
2023;ERASMUS;0213-Bellas artes;Facultad de Ciencias Sociales y Humanas de Teruel;IN;ESPAÑOL - B1 (Nivel intermedio);Turquía;Mustafa Kemal University (Turquía);3;0;25/08/2024
2023;ERASMUS;0213-Bellas artes;Facultad de Ciencias Sociales y Humanas de Teruel;OUT;FRANCÉS - B1 (Nivel intermedio);Bélgica;Académie Royale Des Beaux-Arts De Bruxelles (Bélgica);2;0;25/08/2024
2023;ERASMUS;0213-Bellas artes;Facultad de Ciencias Sociales y Humanas de Teruel;OUT;GRIEGO - B1 (Nivel intermedio);Grecia;Aristotelio Panepistimio Thessalonikis (Grecia);2;0;25/08/2024
2023;ERASMUS;0213-Bellas artes;Facultad de Ciencias Sociales y Humanas de Teruel;OUT;GRIEGO - B2 (Nivel avanzado);Grecia;University Of West Attica (Grecia);2;2;25/08/2024
2023;ERASMUS;0213-Bellas artes;Facultad de Ciencias Sociales y Humanas de Teruel;OUT;INGLÉS - B1 (Nivel intermedio);Bélgica;Académie Royale Des Beaux-Arts De Bruxelles (Bélgica);0;0;25/08/2024
2023;ERASMUS;0213-Bellas artes;Facultad de Ciencias Sociales y Humanas de Teruel;OUT;INGLÉS - B1 (Nivel intermedio);Francia;Université De Haute-Bretagne (Rennes Ii) (Francia);2;0;25/08/2024
2023;ERASMUS;0213-Bellas artes;Facultad de Ciencias Sociales y Humanas de Teruel;OUT;INGLÉS - B1 (Nivel intermedio);Francia;Université Bordeaux Montaigne (Francia);2;0;25/08/2024
2023;ERASMUS;0213-Bellas artes;Facultad de Ciencias Sociales y Humanas de Teruel;OUT;INGLÉS - B1 (Nivel intermedio);Italia;Accademia Di Belle Arti Di Palermo (Italia);2;2;25/08/2024
2023;ERASMUS;0213-Bellas artes;Facultad de Ciencias Sociales y Humanas de Teruel;OUT;INGLÉS - B1 (Nivel intermedio);Letonia;Latvijas Universitáte (Letonia);2;0;25/08/2024
2023;ERASMUS;0213-Bellas artes;Facultad de Ciencias Sociales y Humanas de Teruel;OUT;INGLÉS - B1 (Nivel intermedio);Macedonia;International Balkan University (Macedonia);3;0;25/08/2024
2023;ERASMUS;0213-Bellas artes;Facultad de Ciencias Sociales y Humanas de Teruel;OUT;INGLÉS - B1 (Nivel intermedio);Polonia;Uniwersytet Im. Adama Mickiewicza (Polonia);2;0;25/08/2024
2023;ERASMUS;0213-Bellas artes;Facultad de Ciencias Sociales y Humanas de Teruel;OUT;INGLÉS - B1 (Nivel intermedio);Portugal;Universidade De Coimbra (Portugal);2;2;25/08/2024
2023;ERASMUS;0213-Bellas artes;Facultad de Ciencias Sociales y Humanas de Teruel;OUT;INGLÉS - B1 (Nivel intermedio);Portugal;Instituto Politécnico De Coimbra (Portugal);2;3;25/08/2024
2023;ERASMUS;0213-Bellas artes;Facultad de Ciencias Sociales y Humanas de Teruel;OUT;INGLÉS - B1 (Nivel intermedio);Portugal;Escola Universitaria Das Artes De Coimbra (Portugal);2;0;25/08/2024
2023;ERASMUS;0213-Bellas artes;Facultad de Ciencias Sociales y Humanas de Teruel;OUT;INGLÉS - B1 (Nivel intermedio);Reino Unido;Loughborough University (Reino Unido);4;1;25/08/2024
2023;ERASMUS;0213-Bellas artes;Facultad de Ciencias Sociales y Humanas de Teruel;OUT;INGLÉS - B1 (Nivel intermedio);Rumanía;Universitatea De Vest Din Timísoara (Rumanía);2;0;25/08/2024
2023;ERASMUS;0213-Bellas artes;Facultad de Ciencias Sociales y Humanas de Teruel;OUT;INGLÉS - B1 (Nivel intermedio);Turquía;Mustafa Kemal University (Turquía);3;0;25/08/2024
2023;ERASMUS;0213-Bellas artes;Facultad de Ciencias Sociales y Humanas de Teruel;OUT;INGLÉS - B1 (Nivel intermedio);Turquía;Sakarya Üniversitesi (Turquía);3;0;25/08/2024
2023;ERASMUS;0213-Bellas artes;Facultad de Ciencias Sociales y Humanas de Teruel;OUT;INGLÉS - B1 (Nivel intermedio);Turquía;Ege University (Turquía);2;0;25/08/2024
2023;ERASMUS;0213-Bellas artes;Facultad de Ciencias Sociales y Humanas de Teruel;OUT;INGLÉS - B1 (Nivel intermedio);Turquía;Kocaeli Universitesi (Turquía);2;0;25/08/2024
2023;ERASMUS;0213-Bellas artes;Facultad de Ciencias Sociales y Humanas de Teruel;OUT;INGLÉS - B2 (Nivel avanzado);Rumanía;Universitatea Din Oradea (Rumanía);2;0;25/08/2024
2023;ERASMUS;0213-Bellas artes;Facultad de Ciencias Sociales y Humanas de Teruel;OUT;ITALIANO - B1 (Nivel intermedio);Italia;Academy Of Fine Arts (Italia);2;0;25/08/2024
2023;ERASMUS;0213-Bellas artes;Facultad de Ciencias Sociales y Humanas de Teruel;OUT;ITALIANO - B1 (Nivel intermedio);Italia;Accademia Di Belle Arti (Italia);4;0;25/08/2024
2023;ERASMUS;0213-Bellas artes;Facultad de Ciencias Sociales y Humanas de Teruel;OUT;ITALIANO - B1 (Nivel intermedio);Italia;Accademia Di Belle Arti Di Brera (Italia);3;2;25/08/2024
2023;ERASMUS;0213-Bellas artes;Facultad de Ciencias Sociales y Humanas de Teruel;OUT;OTROS - B1 (Nivel intermedio);Macedonia;Goce Delcev University (Macedonia);3;0;25/08/2024
2023;ERASMUS;02.2-Diseño de interiores;Facultad de Filosofía y Letras;IN;No Informado;Italia;Università Degli Studi Della Calabria (Italia);3;0;25/08/2024
2023;ERASMUS;022-Humanidades (excepto idiomas);Escuela de Doctorado;OUT;FRANCÉS - B1 (Nivel intermedio);Francia;Université Bordeaux Montaigne (Francia);0;0;25/08/2024
2023;ERASMUS;022-Humanidades (excepto idiomas);Escuela de Doctorado;OUT;FRANCÉS - B2 (Nivel avanzado);Francia;Université De Pau Et Des Pays De L'Adour (Francia);0;0;25/08/2024
2023;ERASMUS;022-Humanidades (excepto idiomas);Escuela de Doctorado;OUT;INGLÉS - B1 (Nivel intermedio);Italia;Università Di Pisa (Italia);2;0;25/08/2024
2023;ERASMUS;022-Humanidades (excepto idiomas);Escuela de Doctorado;OUT;INGLÉS - B1 (Nivel intermedio);Italia;Università Degli Studi Di Padova (Italia);2;2;25/08/2024
2023;ERASMUS;022-Humanidades (excepto idiomas);Escuela de Doctorado;OUT;INGLÉS - B1 (Nivel intermedio);Italia;Università Degli Studi Di Sassari (Italia);1;0;25/08/2024
2023;ERASMUS;022-Humanidades (excepto idiomas);Escuela de Doctorado;OUT;INGLÉS - B2 (Nivel avanzado);Grecia;Elliniko Anoikto Panepistimio - Hellenic Open University (Grecia);2;0;25/08/2024
2023;ERASMUS;022-Humanidades (excepto idiomas);Facultad de Filosofía y Letras;IN;ESPAÑOL - B1 (Nivel intermedio);Alemania;University Of Münster (Alemania);2;0;25/08/2024
2023;ERASMUS;022-Humanidades (excepto idiomas);Facultad de Filosofía y Letras;IN;ESPAÑOL - B1 (Nivel intermedio);Alemania;Universität Potsdam (Alemania);1;0;25/08/2024
2023;ERASMUS;022-Humanidades (excepto idiomas);Facultad de Filosofía y Letras;IN;ESPAÑOL - B1 (Nivel intermedio);Italia;Università Degli Studi Di Padova (Italia);2;0;25/08/2024
2023;ERASMUS;022-Humanidades (excepto idiomas);Facultad de Filosofía y Letras;IN;ESPAÑOL - B1 (Nivel intermedio);Italia;Università Degli Studi Di Macerata (Italia);0;0;25/08/2024
2023;ERASMUS;022-Humanidades (excepto idiomas);Facultad de Filosofía y Letras;IN;ESPAÑOL - B1 (Nivel intermedio);Italia;Università Degli Studi Di Torino (Italia);5;0;25/08/2024
2023;ERASMUS;022-Humanidades (excepto idiomas);Facultad de Filosofía y Letras;IN;No Informado;Alemania;Freie Universität Berlin (Alemania);0;0;25/08/2024
2023;ERASMUS;022-Humanidades (excepto idiomas);Facultad de Filosofía y Letras;IN;No Informado;Francia;Sorbonne Université (Francia);0;0;25/08/2024
2023;ERASMUS;022-Humanidades (excepto idiomas);Facultad de Filosofía y Letras;IN;No Informado;Francia;Université Bordeaux Montaigne (Francia);0;0;25/08/2024
2023;ERASMUS;022-Humanidades (excepto idiomas);Facultad de Filosofía y Letras;IN;No Informado;Francia;Université De Picardie Jules Verne (Francia);0;0;25/08/2024
2023;ERASMUS;022-Humanidades (excepto idiomas);Facultad de Filosofía y Letras;IN;No Informado;Francia;Université De Toulouse - Jean Jaurès (Francia);0;0;25/08/2024
2023;ERASMUS;022-Humanidades (excepto idiomas);Facultad de Filosofía y Letras;IN;No Informado;Francia;Université De Pau Et Des Pays De L'Adour (Francia);0;0;25/08/2024
2023;ERASMUS;022-Humanidades (excepto idiomas);Facultad de Filosofía y Letras;IN;No Informado;Grecia;Elliniko Anoikto Panepistimio - Hellenic Open University (Grecia);2;0;25/08/2024
2023;ERASMUS;022-Humanidades (excepto idiomas);Facultad de Filosofía y Letras;IN;No Informado;Grecia;Ionio Panepistimio (Grecia);0;0;25/08/2024
2023;ERASMUS;022-Humanidades (excepto idiomas);Facultad de Filosofía y Letras;IN;No Informado;Italia;Università Degli Studi Di Roma 'Tor Vergata' (Italia);0;0;25/08/2024
2023;ERASMUS;022-Humanidades (excepto idiomas);Facultad de Filosofía y Letras;IN;No Informado;Italia;Università Degli Studi Di Verona (Italia);0;0;25/08/2024
2023;ERASMUS;022-Humanidades (excepto idiomas);Facultad de Filosofía y Letras;IN;No Informado;Italia;Università Degli Studi Di Siena (Italia);0;0;25/08/2024
2023;ERASMUS;022-Humanidades (excepto idiomas);Facultad de Filosofía y Letras;IN;No Informado;Italia;Università Degli Studi Di Sassari (Italia);2;0;25/08/2024
2023;ERASMUS;022-Humanidades (excepto idiomas);Facultad de Filosofía y Letras;IN;No Informado;Polonia;Uniwersytet Im. Adama Mickiewicza (Polonia);0;0;25/08/2024
2023;ERASMUS;022-Humanidades (excepto idiomas);Facultad de Filosofía y Letras;OUT;ALEMÁN - B1 (Nivel intermedio);Alemania;University Of Münster (Alemania);2;0;25/08/2024
2023;ERASMUS;022-Humanidades (excepto idiomas);Facultad de Filosofía y Letras;OUT;ALEMÁN - B1 (Nivel intermedio);Alemania;Universität Potsdam (Alemania);1;0;25/08/2024
2023;ERASMUS;022-Humanidades (excepto idiomas);Facultad de Filosofía y Letras;OUT;FRANCÉS - B1 (Nivel intermedio);Francia;Université De Picardie Jules Verne (Francia);0;0;25/08/2024
2023;ERASMUS;022-Humanidades (excepto idiomas);Facultad de Filosofía y Letras;OUT;FRANCÉS - B1 (Nivel intermedio);Francia;Université Bordeaux Montaigne (Francia);0;0;25/08/2024
2023;ERASMUS;022-Humanidades (excepto idiomas);Facultad de Filosofía y Letras;OUT;FRANCÉS - B2 (Nivel avanzado);Francia;Sorbonne Université (Francia);0;0;25/08/2024
2023;ERASMUS;022-Humanidades (excepto idiomas);Facultad de Filosofía y Letras;OUT;FRANCÉS - B2 (Nivel avanzado);Francia;Université De Pau Et Des Pays De L'Adour (Francia);0;0;25/08/2024
2023;ERASMUS;022-Humanidades (excepto idiomas);Facultad de Filosofía y Letras;OUT;INGLÉS - B1 (Nivel intermedio);Grecia;Ionio Panepistimio (Grecia);0;0;25/08/2024
2023;ERASMUS;022-Humanidades (excepto idiomas);Facultad de Filosofía y Letras;OUT;INGLÉS - B1 (Nivel intermedio);Italia;Università Di Pisa (Italia);2;0;25/08/2024
2023;ERASMUS;022-Humanidades (excepto idiomas);Facultad de Filosofía y Letras;OUT;INGLÉS - B1 (Nivel intermedio);Italia;Università Degli Studi Di Sassari (Italia);1;0;25/08/2024
2023;ERASMUS;022-Humanidades (excepto idiomas);Facultad de Filosofía y Letras;OUT;INGLÉS - B1 (Nivel intermedio);Italia;Università Degli Studi Di Padova (Italia);2;2;25/08/2024
2023;ERASMUS;022-Humanidades (excepto idiomas);Facultad de Filosofía y Letras;OUT;INGLÉS - B2 (Nivel avanzado);Grecia;Elliniko Anoikto Panepistimio - Hellenic Open University (Grecia);0;0;25/08/2024
2023;ERASMUS;022-Humanidades (excepto idiomas);Facultad de Filosofía y Letras;OUT;ITALIANO - B1 (Nivel intermedio);Italia;Università Degli Studi Della Calabria (Italia);2;0;25/08/2024
2023;ERASMUS;022-Humanidades (excepto idiomas);Facultad de Filosofía y Letras;OUT;No Informado;Alemania;Freie Universität Berlin (Alemania);0;0;25/08/2024
2023;ERASMUS;022-Humanidades (excepto idiomas);Facultad de Filosofía y Letras;OUT;No Informado;Italia;Università Degli Studi Di Torino (Italia);5;1;25/08/2024
2023;ERASMUS;022-Humanidades (excepto idiomas);Facultad de Filosofía y Letras;OUT;No Informado;Polonia;Uniwersytet Im. Adama Mickiewicza (Polonia);0;0;25/08/2024
2023;ERASMUS;0222-Historia y arqueología;Escuela de Doctorado;IN;ESPAÑOL - B1 (Nivel intermedio);Grecia;Ethniko Kai Kapodistriako Panepistimio Athinon (Grecia);2;0;25/08/2024
2023;ERASMUS;0222-Historia y arqueología;Escuela de Doctorado;OUT;ALEMÁN - B1 (Nivel intermedio);Alemania;Freie Universität Berlin (Alemania);1;0;25/08/2024
2023;ERASMUS;0222-Historia y arqueología;Escuela de Doctorado;OUT;ALEMÁN - B1 (Nivel intermedio);Alemania;Universität Zu Köln (Alemania);2;0;25/08/2024
2023;ERASMUS;0222-Historia y arqueología;Escuela de Doctorado;OUT;ALEMÁN - B1 (Nivel intermedio);Alemania;Universität Hamburg (Alemania);2;0;25/08/2024
2023;ERASMUS;0222-Historia y arqueología;Escuela de Doctorado;OUT;FRANCÉS - B1 (Nivel intermedio);Bélgica;Université Libre De Bruxelles (Bélgica);2;1;25/08/2024
2023;ERASMUS;0222-Historia y arqueología;Escuela de Doctorado;OUT;FRANCÉS - B1 (Nivel intermedio);Francia;Université Bordeaux Montaigne (Francia);2;0;25/08/2024
2023;ERASMUS;0222-Historia y arqueología;Escuela de Doctorado;OUT;FRANCÉS - B1 (Nivel intermedio);Francia;Université De Toulouse - Jean Jaurès (Francia);2;0;25/08/2024
2023;ERASMUS;0222-Historia y arqueología;Escuela de Doctorado;OUT;FRANCÉS - B2 (Nivel avanzado);Francia;Université De Pau Et Des Pays De L'Adour (Francia);3;0;25/08/2024
2023;ERASMUS;0222-Historia y arqueología;Escuela de Doctorado;OUT;INGLÉS - B1 (Nivel intermedio);Alemania;Christian-Albrechts-Universität Zu Kiel (Alemania);1;0;25/08/2024
2023;ERASMUS;0222-Historia y arqueología;Escuela de Doctorado;OUT;INGLÉS - B2 (Nivel avanzado);Grecia;Ethniko Kai Kapodistriako Panepistimio Athinon (Grecia);2;1;25/08/2024
2023;ERASMUS;0222-Historia y arqueología;Escuela de Doctorado;OUT;INGLÉS - B2 (Nivel avanzado);Irlanda (Eire);University Of Dublin - Trinity College (Irlanda (Eire));3;0;25/08/2024
2023;ERASMUS;0222-Historia y arqueología;Escuela de Doctorado;OUT;INGLÉS - B2 (Nivel avanzado);Reino Unido;University Of Leeds (Reino Unido);3;0;25/08/2024
2023;ERASMUS;0222-Historia y arqueología;Escuela de Doctorado;OUT;ITALIANO - A1 (Nivel básico);Italia;Università Degli Studi Di Salerno (Italia);7;2;25/08/2024
2023;ERASMUS;0222-Historia y arqueología;Escuela de Doctorado;OUT;No Informado;Italia;Università Degli Studi Di Ferrara (Italia);1;0;25/08/2024
2023;ERASMUS;0222-Historia y arqueología;Escuela de Doctorado;OUT;No Informado;Italia;Università Degli Studi Di Firenze (Italia);2;1;25/08/2024
2023;ERASMUS;0222-Historia y arqueología;Facultad de Filosofía y Letras;IN;ESPAÑOL - B1 (Nivel intermedio);Alemania;Universität Hamburg (Alemania);2;0;25/08/2024
2023;ERASMUS;0222-Historia y arqueología;Facultad de Filosofía y Letras;IN;ESPAÑOL - B1 (Nivel intermedio);Alemania;Universität Zu Köln (Alemania);2;0;25/08/2024
2023;ERASMUS;0222-Historia y arqueología;Facultad de Filosofía y Letras;IN;ESPAÑOL - B1 (Nivel intermedio);Alemania;Freie Universität Berlin (Alemania);1;0;25/08/2024
2023;ERASMUS;0222-Historia y arqueología;Facultad de Filosofía y Letras;IN;ESPAÑOL - B1 (Nivel intermedio);Alemania;Technische Universität Dresden (Alemania);2;0;25/08/2024
2023;ERASMUS;0222-Historia y arqueología;Facultad de Filosofía y Letras;IN;ESPAÑOL - B1 (Nivel intermedio);Bélgica;Université Libre De Bruxelles (Bélgica);2;0;25/08/2024
2023;ERASMUS;0222-Historia y arqueología;Facultad de Filosofía y Letras;IN;ESPAÑOL - B1 (Nivel intermedio);Francia;Sorbonne Université (Francia);2;0;25/08/2024
2023;ERASMUS;0222-Historia y arqueología;Facultad de Filosofía y Letras;IN;ESPAÑOL - B1 (Nivel intermedio);Francia;Université D'Angers (Francia);1;0;25/08/2024
2023;ERASMUS;0222-Historia y arqueología;Facultad de Filosofía y Letras;IN;ESPAÑOL - B1 (Nivel intermedio);Francia;Université De Limoges (Francia);4;0;25/08/2024
2023;ERASMUS;0222-Historia y arqueología;Facultad de Filosofía y Letras;IN;ESPAÑOL - B1 (Nivel intermedio);Francia;Université De Poitiers (Francia);2;0;25/08/2024
2023;ERASMUS;0222-Historia y arqueología;Facultad de Filosofía y Letras;IN;ESPAÑOL - B1 (Nivel intermedio);Francia;Université Bordeaux Montaigne (Francia);5;0;25/08/2024
2023;ERASMUS;0222-Historia y arqueología;Facultad de Filosofía y Letras;IN;ESPAÑOL - B1 (Nivel intermedio);Francia;Université De Bourgogne - Dijon (Francia);2;0;25/08/2024
2023;ERASMUS;0222-Historia y arqueología;Facultad de Filosofía y Letras;IN;ESPAÑOL - B1 (Nivel intermedio);Francia;Université Grenoble Alpes (Uga) (Francia);2;0;25/08/2024
2023;ERASMUS;0222-Historia y arqueología;Facultad de Filosofía y Letras;IN;ESPAÑOL - B1 (Nivel intermedio);Francia;Université De Toulouse - Jean Jaurès (Francia);6;0;25/08/2024
2023;ERASMUS;0222-Historia y arqueología;Facultad de Filosofía y Letras;IN;ESPAÑOL - B1 (Nivel intermedio);Francia;Université De Pau Et Des Pays De L'Adour (Francia);3;0;25/08/2024
2023;ERASMUS;0222-Historia y arqueología;Facultad de Filosofía y Letras;IN;ESPAÑOL - B1 (Nivel intermedio);Francia;Université Jean Monnet De Saint- Etienne (Francia);2;0;25/08/2024
2023;ERASMUS;0222-Historia y arqueología;Facultad de Filosofía y Letras;IN;ESPAÑOL - B1 (Nivel intermedio);Grecia;Ethniko Kai Kapodistriako Panepistimio Athinon (Grecia);2;0;25/08/2024
2023;ERASMUS;0222-Historia y arqueología;Facultad de Filosofía y Letras;IN;ESPAÑOL - B1 (Nivel intermedio);Hungría;Eötvös Loránd Tudományegyetem (Hungría);2;0;25/08/2024
2023;ERASMUS;0222-Historia y arqueología;Facultad de Filosofía y Letras;IN;ESPAÑOL - B1 (Nivel intermedio);Irlanda (Eire);University College Dublin (Irlanda (Eire));2;0;25/08/2024
2023;ERASMUS;0222-Historia y arqueología;Facultad de Filosofía y Letras;IN;ESPAÑOL - B1 (Nivel intermedio);Italia;Università Degli Studi 'G. D'Annunzio' Di Chieti (Italia);2;0;25/08/2024
2023;ERASMUS;0222-Historia y arqueología;Facultad de Filosofía y Letras;IN;ESPAÑOL - B1 (Nivel intermedio);Italia;Università Cattolica Del Sacro Cuore Di Milano (Italia);2;0;25/08/2024
2023;ERASMUS;0222-Historia y arqueología;Facultad de Filosofía y Letras;IN;ESPAÑOL - B1 (Nivel intermedio);Italia;Università Degli Studi Di Roma 'Tor Vergata' (Italia);2;0;25/08/2024
2023;ERASMUS;0222-Historia y arqueología;Facultad de Filosofía y Letras;IN;ESPAÑOL - B1 (Nivel intermedio);Italia;Università Degli Studi Di Roma 'La Sapienza' (Italia);4;0;25/08/2024
2023;ERASMUS;0222-Historia y arqueología;Facultad de Filosofía y Letras;IN;ESPAÑOL - B1 (Nivel intermedio);Italia;Università Degli Studi Di Napoli Federico Ii (Italia);2;0;25/08/2024
2023;ERASMUS;0222-Historia y arqueología;Facultad de Filosofía y Letras;IN;ESPAÑOL - B1 (Nivel intermedio);Italia;Università Degli Studi Di Salerno (Italia);9;0;25/08/2024
2023;ERASMUS;0222-Historia y arqueología;Facultad de Filosofía y Letras;IN;ESPAÑOL - B1 (Nivel intermedio);Italia;Università Degli Studi Di Firenze (Italia);2;0;25/08/2024
2023;ERASMUS;0222-Historia y arqueología;Facultad de Filosofía y Letras;IN;ESPAÑOL - B1 (Nivel intermedio);Italia;Università Degli Studi Di Ferrara (Italia);1;0;25/08/2024
2023;ERASMUS;0222-Historia y arqueología;Facultad de Filosofía y Letras;IN;ESPAÑOL - B1 (Nivel intermedio);Italia;Università Degli Studi Di Catania (Italia);2;0;25/08/2024
2023;ERASMUS;0222-Historia y arqueología;Facultad de Filosofía y Letras;IN;ESPAÑOL - B1 (Nivel intermedio);Italia;Università Degli Studi Di Verona (Italia);4;0;25/08/2024
2023;ERASMUS;0222-Historia y arqueología;Facultad de Filosofía y Letras;IN;ESPAÑOL - B1 (Nivel intermedio);Italia;Università Degli Studi Di Torino (Italia);11;0;25/08/2024
2023;ERASMUS;0222-Historia y arqueología;Facultad de Filosofía y Letras;IN;ESPAÑOL - B1 (Nivel intermedio);Italia;Università Degli Studi Di Milano (Italia);2;0;25/08/2024
2023;ERASMUS;0222-Historia y arqueología;Facultad de Filosofía y Letras;IN;ESPAÑOL - B1 (Nivel intermedio);Italia;Università Degli Studi Di Genova (Italia);6;0;25/08/2024
2023;ERASMUS;0222-Historia y arqueología;Facultad de Filosofía y Letras;IN;ESPAÑOL - B1 (Nivel intermedio);Italia;Università Degli Studi Di Udine (Italia);2;0;25/08/2024
2023;ERASMUS;0222-Historia y arqueología;Facultad de Filosofía y Letras;IN;ESPAÑOL - B1 (Nivel intermedio);Italia;Università Degli Studi Di Siena (Italia);2;0;25/08/2024
2023;ERASMUS;0222-Historia y arqueología;Facultad de Filosofía y Letras;IN;ESPAÑOL - B1 (Nivel intermedio);Italia;Università Degli Studi Di Bari (Italia);3;0;25/08/2024
2023;ERASMUS;0222-Historia y arqueología;Facultad de Filosofía y Letras;IN;ESPAÑOL - B1 (Nivel intermedio);Italia;Università Degli Studi Di Sassari (Italia);2;0;25/08/2024
2023;ERASMUS;0222-Historia y arqueología;Facultad de Filosofía y Letras;IN;ESPAÑOL - B1 (Nivel intermedio);Polonia;Uniwersytet Jagielloñski (Polonia);2;0;25/08/2024
2023;ERASMUS;0222-Historia y arqueología;Facultad de Filosofía y Letras;IN;ESPAÑOL - B1 (Nivel intermedio);Polonia;Uniwersytet Im. Adama Mickiewicza (Polonia);2;0;25/08/2024
2023;ERASMUS;0222-Historia y arqueología;Facultad de Filosofía y Letras;IN;ESPAÑOL - B1 (Nivel intermedio);Portugal;Universidade Do Porto (Portugal);3;0;25/08/2024
2023;ERASMUS;0222-Historia y arqueología;Facultad de Filosofía y Letras;IN;ESPAÑOL - B1 (Nivel intermedio);Portugal;Universidade De Coimbra (Portugal);2;0;25/08/2024
2023;ERASMUS;0222-Historia y arqueología;Facultad de Filosofía y Letras;IN;ESPAÑOL - B1 (Nivel intermedio);Reino Unido;University Of Leeds (Reino Unido);3;0;25/08/2024
2023;ERASMUS;0222-Historia y arqueología;Facultad de Filosofía y Letras;IN;ESPAÑOL - B1 (Nivel intermedio);Reino Unido;University Of Cambridge (Reino Unido);1;0;25/08/2024
2023;ERASMUS;0222-Historia y arqueología;Facultad de Filosofía y Letras;IN;ESPAÑOL - B1 (Nivel intermedio);República Checa;Masarykova Univerzita Brno (República Checa);2;0;25/08/2024
2023;ERASMUS;0222-Historia y arqueología;Facultad de Filosofía y Letras;IN;ESPAÑOL - B1 (Nivel intermedio);Rumanía;Universitatea De Vest Din Timísoara (Rumanía);9;0;25/08/2024
2023;ERASMUS;0222-Historia y arqueología;Facultad de Filosofía y Letras;IN;ESPAÑOL - B2 (Nivel avanzado);Irlanda (Eire);University Of Dublin - Trinity College (Irlanda (Eire));3;0;25/08/2024
2023;ERASMUS;0222-Historia y arqueología;Facultad de Filosofía y Letras;IN;No Informado;Alemania;Christian-Albrechts-Universität Zu Kiel (Alemania);1;0;25/08/2024
2023;ERASMUS;0222-Historia y arqueología;Facultad de Filosofía y Letras;IN;No Informado;Francia;Université De Nantes (Francia);8;0;25/08/2024
2023;ERASMUS;0222-Historia y arqueología;Facultad de Filosofía y Letras;IN;No Informado;Hungría;Central European University (Hungría);2;0;25/08/2024
2023;ERASMUS;0222-Historia y arqueología;Facultad de Filosofía y Letras;OUT;ALEMÁN - B1 (Nivel intermedio);Alemania;Universität Zu Köln (Alemania);2;0;25/08/2024
2023;ERASMUS;0222-Historia y arqueología;Facultad de Filosofía y Letras;OUT;ALEMÁN - B1 (Nivel intermedio);Alemania;Freie Universität Berlin (Alemania);1;0;25/08/2024
2023;ERASMUS;0222-Historia y arqueología;Facultad de Filosofía y Letras;OUT;ALEMÁN - B1 (Nivel intermedio);Alemania;Technische Universität Dresden (Alemania);2;0;25/08/2024
2023;ERASMUS;0222-Historia y arqueología;Facultad de Filosofía y Letras;OUT;ALEMÁN - B1 (Nivel intermedio);Alemania;Universität Hamburg (Alemania);2;0;25/08/2024
2023;ERASMUS;0222-Historia y arqueología;Facultad de Filosofía y Letras;OUT;FRANCÉS - B1 (Nivel intermedio);Bélgica;Université Libre De Bruxelles (Bélgica);2;1;25/08/2024
2023;ERASMUS;0222-Historia y arqueología;Facultad de Filosofía y Letras;OUT;FRANCÉS - B1 (Nivel intermedio);Francia;Université De Toulouse - Jean Jaurès (Francia);5;1;25/08/2024
2023;ERASMUS;0222-Historia y arqueología;Facultad de Filosofía y Letras;OUT;FRANCÉS - B1 (Nivel intermedio);Francia;Université De Picardie Jules Verne (Francia);2;0;25/08/2024
2023;ERASMUS;0222-Historia y arqueología;Facultad de Filosofía y Letras;OUT;FRANCÉS - B1 (Nivel intermedio);Francia;Université Grenoble Alpes (Uga) (Francia);2;0;25/08/2024
2023;ERASMUS;0222-Historia y arqueología;Facultad de Filosofía y Letras;OUT;FRANCÉS - B1 (Nivel intermedio);Francia;Université Bordeaux Montaigne (Francia);5;0;25/08/2024
2023;ERASMUS;0222-Historia y arqueología;Facultad de Filosofía y Letras;OUT;FRANCÉS - B1 (Nivel intermedio);Francia;Université De Poitiers (Francia);6;0;25/08/2024
2023;ERASMUS;0222-Historia y arqueología;Facultad de Filosofía y Letras;OUT;FRANCÉS - B1 (Nivel intermedio);Francia;Université Jean Monnet De Saint- Etienne (Francia);3;0;25/08/2024
2023;ERASMUS;0222-Historia y arqueología;Facultad de Filosofía y Letras;OUT;FRANCÉS - B2 (Nivel avanzado);Francia;Sorbonne Université (Francia);2;0;25/08/2024
2023;ERASMUS;0222-Historia y arqueología;Facultad de Filosofía y Letras;OUT;FRANCÉS - B2 (Nivel avanzado);Francia;Université D'Angers (Francia);1;0;25/08/2024
2023;ERASMUS;0222-Historia y arqueología;Facultad de Filosofía y Letras;OUT;FRANCÉS - B2 (Nivel avanzado);Francia;Université De Nantes (Francia);0;0;25/08/2024
2023;ERASMUS;0222-Historia y arqueología;Facultad de Filosofía y Letras;OUT;FRANCÉS - B2 (Nivel avanzado);Francia;Université De Bourgogne - Dijon (Francia);2;0;25/08/2024
2023;ERASMUS;0222-Historia y arqueología;Facultad de Filosofía y Letras;OUT;FRANCÉS - B2 (Nivel avanzado);Francia;Université De Pau Et Des Pays De L'Adour (Francia);5;0;25/08/2024
2023;ERASMUS;0222-Historia y arqueología;Facultad de Filosofía y Letras;OUT;FRANCÉS - C2 (Nivel avanzado 2);Francia;Université De Nantes (Francia);5;0;25/08/2024
2023;ERASMUS;0222-Historia y arqueología;Facultad de Filosofía y Letras;OUT;INGLÉS - B1 (Nivel intermedio);Alemania;Christian-Albrechts-Universität Zu Kiel (Alemania);1;0;25/08/2024
2023;ERASMUS;0222-Historia y arqueología;Facultad de Filosofía y Letras;OUT;INGLÉS - B1 (Nivel intermedio);Irlanda (Eire);University College Dublin (Irlanda (Eire));2;1;25/08/2024
2023;ERASMUS;0222-Historia y arqueología;Facultad de Filosofía y Letras;OUT;INGLÉS - B1 (Nivel intermedio);Italia;Università Degli Studi Di Genova (Italia);4;0;25/08/2024
2023;ERASMUS;0222-Historia y arqueología;Facultad de Filosofía y Letras;OUT;INGLÉS - B1 (Nivel intermedio);Italia;Università Degli Studi Di Siena (Italia);2;0;25/08/2024
2023;ERASMUS;0222-Historia y arqueología;Facultad de Filosofía y Letras;OUT;INGLÉS - B1 (Nivel intermedio);Italia;Università Degli Studi Di Verona (Italia);3;0;25/08/2024
2023;ERASMUS;0222-Historia y arqueología;Facultad de Filosofía y Letras;OUT;INGLÉS - B1 (Nivel intermedio);Italia;Università Degli Studi Di Macerata (Italia);2;0;25/08/2024
2023;ERASMUS;0222-Historia y arqueología;Facultad de Filosofía y Letras;OUT;INGLÉS - B1 (Nivel intermedio);Polonia;Uniwersytet Im. Adama Mickiewicza (Polonia);2;0;25/08/2024
2023;ERASMUS;0222-Historia y arqueología;Facultad de Filosofía y Letras;OUT;INGLÉS - B1 (Nivel intermedio);Portugal;Universidade De Coimbra (Portugal);2;1;25/08/2024
2023;ERASMUS;0222-Historia y arqueología;Facultad de Filosofía y Letras;OUT;INGLÉS - B2 (Nivel avanzado);Grecia;Ethniko Kai Kapodistriako Panepistimio Athinon (Grecia);2;1;25/08/2024
2023;ERASMUS;0222-Historia y arqueología;Facultad de Filosofía y Letras;OUT;INGLÉS - B2 (Nivel avanzado);Hungría;Eötvös Loránd Tudományegyetem (Hungría);2;0;25/08/2024
2023;ERASMUS;0222-Historia y arqueología;Facultad de Filosofía y Letras;OUT;INGLÉS - B2 (Nivel avanzado);Irlanda (Eire);University Of Dublin - Trinity College (Irlanda (Eire));3;0;25/08/2024
2023;ERASMUS;0222-Historia y arqueología;Facultad de Filosofía y Letras;OUT;INGLÉS - B2 (Nivel avanzado);Reino Unido;University Of Leeds (Reino Unido);3;0;25/08/2024
2023;ERASMUS;0222-Historia y arqueología;Facultad de Filosofía y Letras;OUT;INGLÉS - B2 (Nivel avanzado);República Checa;Masarykova Univerzita Brno (República Checa);2;0;25/08/2024
2023;ERASMUS;0222-Historia y arqueología;Facultad de Filosofía y Letras;OUT;INGLÉS - C1 (Nivel avanzado 1);Hungría;Central European University (Hungría);2;0;25/08/2024
2023;ERASMUS;0222-Historia y arqueología;Facultad de Filosofía y Letras;OUT;INGLÉS - C1 (Nivel avanzado 1);Reino Unido;University Of Cambridge (Reino Unido);1;0;25/08/2024
2023;ERASMUS;0222-Historia y arqueología;Facultad de Filosofía y Letras;OUT;ITALIANO - A1 (Nivel básico);Italia;Università Degli Studi Di Salerno (Italia);9;3;25/08/2024
2023;ERASMUS;0222-Historia y arqueología;Facultad de Filosofía y Letras;OUT;ITALIANO - A2 (Nivel básico avanzado);Italia;Università Degli Studi Di Catania (Italia);2;1;25/08/2024
2023;ERASMUS;0222-Historia y arqueología;Facultad de Filosofía y Letras;OUT;ITALIANO - B1 (Nivel intermedio);Italia;Università Cattolica Del Sacro Cuore Di Milano (Italia);2;0;25/08/2024
2023;ERASMUS;0222-Historia y arqueología;Facultad de Filosofía y Letras;OUT;ITALIANO - B1 (Nivel intermedio);Italia;Università Degli Studi Di Roma 'Tor Vergata' (Italia);2;0;25/08/2024
2023;ERASMUS;0222-Historia y arqueología;Facultad de Filosofía y Letras;OUT;ITALIANO - B1 (Nivel intermedio);Italia;Università Degli Studi Di Roma 'La Sapienza' (Italia);6;3;25/08/2024
2023;ERASMUS;0222-Historia y arqueología;Facultad de Filosofía y Letras;OUT;ITALIANO - B1 (Nivel intermedio);Italia;Università Degli Studi Di Napoli Federico Ii (Italia);2;0;25/08/2024
2023;ERASMUS;0222-Historia y arqueología;Facultad de Filosofía y Letras;OUT;ITALIANO - B1 (Nivel intermedio);Italia;Università Degli Studi Di Sassari (Italia);2;0;25/08/2024
2023;ERASMUS;0222-Historia y arqueología;Facultad de Filosofía y Letras;OUT;ITALIANO - B1 (Nivel intermedio);Italia;Università Degli Studi Di Torino (Italia);6;0;25/08/2024
2023;ERASMUS;0222-Historia y arqueología;Facultad de Filosofía y Letras;OUT;ITALIANO - B1 (Nivel intermedio);Italia;Università Degli Studi Di Genova (Italia);2;0;25/08/2024
2023;ERASMUS;0222-Historia y arqueología;Facultad de Filosofía y Letras;OUT;ITALIANO - B1 (Nivel intermedio);Italia;Università Degli Studi Di Udine (Italia);1;0;25/08/2024
2023;ERASMUS;0222-Historia y arqueología;Facultad de Filosofía y Letras;OUT;ITALIANO - B1 (Nivel intermedio);Italia;Università Degli Studi Di Bari (Italia);3;2;25/08/2024
2023;ERASMUS;0222-Historia y arqueología;Facultad de Filosofía y Letras;OUT;ITALIANO - B2 (Nivel avanzado);Italia;Università Degli Studi Di Milano (Italia);2;0;25/08/2024
2023;ERASMUS;0222-Historia y arqueología;Facultad de Filosofía y Letras;OUT;No Informado;Francia;Université De Limoges (Francia);4;0;25/08/2024
2023;ERASMUS;0222-Historia y arqueología;Facultad de Filosofía y Letras;OUT;No Informado;Francia;Université De Toulouse - Jean Jaurès (Francia);1;0;25/08/2024
2023;ERASMUS;0222-Historia y arqueología;Facultad de Filosofía y Letras;OUT;No Informado;Italia;Università Degli Studi 'G. D'Annunzio' Di Chieti (Italia);2;0;25/08/2024
2023;ERASMUS;0222-Historia y arqueología;Facultad de Filosofía y Letras;OUT;No Informado;Italia;Università Degli Studi Di Firenze (Italia);2;1;25/08/2024
2023;ERASMUS;0222-Historia y arqueología;Facultad de Filosofía y Letras;OUT;No Informado;Italia;Università Degli Studi Di Ferrara (Italia);1;0;25/08/2024
2023;ERASMUS;0222-Historia y arqueología;Facultad de Filosofía y Letras;OUT;No Informado;Italia;Università Degli Studi Di Torino (Italia);5;0;25/08/2024
2023;ERASMUS;0222-Historia y arqueología;Facultad de Filosofía y Letras;OUT;OTROS - B1 (Nivel intermedio);Rumanía;Universitatea De Vest Din Timísoara (Rumanía);9;1;25/08/2024
2023;ERASMUS;0222-Historia y arqueología;Facultad de Filosofía y Letras;OUT;OTROS - B2 (Nivel avanzado);Polonia;Uniwersytet Jagielloñski (Polonia);2;0;25/08/2024
2023;ERASMUS;0222-Historia y arqueología;Facultad de Filosofía y Letras;OUT;PORTUGUÉS - B1 (Nivel intermedio);Portugal;Universidade De Coimbra (Portugal);1;0;25/08/2024
2023;ERASMUS;0222-Historia y arqueología;Facultad de Filosofía y Letras;OUT;PORTUGUÉS - B2 (Nivel avanzado);Portugal;Universidade Do Porto (Portugal);3;0;25/08/2024
2023;ERASMUS;0223-Filosofía y ética;Escuela de Doctorado;OUT;ALEMÁN - B1 (Nivel intermedio);Alemania;Freie Universität Berlin (Alemania);1;0;25/08/2024
2023;ERASMUS;0223-Filosofía y ética;Escuela de Doctorado;OUT;INGLÉS - B1 (Nivel intermedio);Bélgica;Université De Liege (Bélgica);1;0;25/08/2024
2023;ERASMUS;0223-Filosofía y ética;Escuela de Doctorado;OUT;INGLÉS - B2 (Nivel avanzado);Hungría;Eötvös Loránd Tudományegyetem (Hungría);4;1;25/08/2024
2023;ERASMUS;0223-Filosofía y ética;Escuela de Doctorado;OUT;INGLÉS - B2 (Nivel avanzado);Turquía;Bogazici (Turquía);3;2;25/08/2024
2023;ERASMUS;0223-Filosofía y ética;Facultad de Filosofía y Letras;IN;ESPAÑOL - B1 (Nivel intermedio);Alemania;Freie Universität Berlin (Alemania);1;0;25/08/2024
2023;ERASMUS;0223-Filosofía y ética;Facultad de Filosofía y Letras;IN;ESPAÑOL - B1 (Nivel intermedio);Bélgica;Université De Liege (Bélgica);1;0;25/08/2024
2023;ERASMUS;0223-Filosofía y ética;Facultad de Filosofía y Letras;IN;ESPAÑOL - B1 (Nivel intermedio);Hungría;Eötvös Loránd Tudományegyetem (Hungría);6;0;25/08/2024
2023;ERASMUS;0223-Filosofía y ética;Facultad de Filosofía y Letras;IN;ESPAÑOL - B1 (Nivel intermedio);Portugal;Universidade De Lisboa (Portugal);3;0;25/08/2024
2023;ERASMUS;0223-Filosofía y ética;Facultad de Filosofía y Letras;IN;ESPAÑOL - B1 (Nivel intermedio);Portugal;Universidade De Coimbra (Portugal);2;0;25/08/2024
2023;ERASMUS;0223-Filosofía y ética;Facultad de Filosofía y Letras;IN;ESPAÑOL - B1 (Nivel intermedio);Turquía;Bogazici (Turquía);3;0;25/08/2024
2023;ERASMUS;0223-Filosofía y ética;Facultad de Filosofía y Letras;OUT;ALEMÁN - B1 (Nivel intermedio);Alemania;Freie Universität Berlin (Alemania);1;0;25/08/2024
2023;ERASMUS;0223-Filosofía y ética;Facultad de Filosofía y Letras;OUT;INGLÉS - B1 (Nivel intermedio);Bélgica;Université De Liege (Bélgica);1;0;25/08/2024
2023;ERASMUS;0223-Filosofía y ética;Facultad de Filosofía y Letras;OUT;INGLÉS - B2 (Nivel avanzado);Hungría;Eötvös Loránd Tudományegyetem (Hungría);4;1;25/08/2024
2023;ERASMUS;0223-Filosofía y ética;Facultad de Filosofía y Letras;OUT;INGLÉS - B2 (Nivel avanzado);Turquía;Bogazici (Turquía);3;2;25/08/2024
2023;ERASMUS;0223-Filosofía y ética;Facultad de Filosofía y Letras;OUT;PORTUGUÉS - A2 (Nivel básico avanzado);Portugal;Universidade De Lisboa (Portugal);3;0;25/08/2024
2023;ERASMUS;0223-Filosofía y ética;Facultad de Filosofía y Letras;OUT;PORTUGUÉS - B1 (Nivel intermedio);Portugal;Universidade De Coimbra (Portugal);2;2;25/08/2024
2023;ERASMUS;023 Idiomas;Facultad de Ciencias Sociales y Humanas de Teruel;IN;ESPAÑOL - B1 (Nivel intermedio);Francia;Université De Haute-Bretagne (Rennes Ii) (Francia);2;0;25/08/2024
2023;ERASMUS;023 Idiomas;Facultad de Ciencias Sociales y Humanas de Teruel;OUT;INGLÉS - B1 (Nivel intermedio);Francia;Université De Haute-Bretagne (Rennes Ii) (Francia);2;0;25/08/2024
2023;ERASMUS;023 Idiomas;Facultad de Economía y Empresa;IN;No Informado;Irlanda (Eire);Technological University Dublin-City Campus (Irlanda (Eire));0;0;25/08/2024
2023;ERASMUS;023 Idiomas;Facultad de Filosofía y Letras;IN;ESPAÑOL - B1 (Nivel intermedio);Alemania;Georg-August-Universität Göttingen (Alemania);2;0;25/08/2024
2023;ERASMUS;023 Idiomas;Facultad de Filosofía y Letras;IN;ESPAÑOL - B1 (Nivel intermedio);Francia;Université D'Angers (Francia);2;0;25/08/2024
2023;ERASMUS;023 Idiomas;Facultad de Filosofía y Letras;IN;ESPAÑOL - B1 (Nivel intermedio);Francia;Université De Perpignan, Via Domitia (Francia);2;0;25/08/2024
2023;ERASMUS;023 Idiomas;Facultad de Filosofía y Letras;IN;ESPAÑOL - B1 (Nivel intermedio);Francia;Institut National Des Langues Et Civilisations Orientales (Francia);3;0;25/08/2024
2023;ERASMUS;023 Idiomas;Facultad de Filosofía y Letras;IN;ESPAÑOL - B1 (Nivel intermedio);Italia;Università Degli Studi Roma Tre (Italia);2;0;25/08/2024
2023;ERASMUS;023 Idiomas;Facultad de Filosofía y Letras;OUT;FRANCÉS - B2 (Nivel avanzado);Francia;Université De Perpignan, Via Domitia (Francia);2;0;25/08/2024
2023;ERASMUS;023 Idiomas;Facultad de Filosofía y Letras;OUT;FRANCÉS - B2 (Nivel avanzado);Francia;Université D'Angers (Francia);2;0;25/08/2024
2023;ERASMUS;023 Idiomas;Facultad de Filosofía y Letras;OUT;ITALIANO - B1 (Nivel intermedio);Italia;Università Degli Studi Roma Tre (Italia);2;0;25/08/2024
2023;ERASMUS;0230-0230-Lenguas, no definido;Facultad de Filosofía y Letras;IN;ESPAÑOL - B1 (Nivel intermedio);Francia;Université De Reims Champagne-Ardenne (Francia);3;0;25/08/2024
2023;ERASMUS;0230-0230-Lenguas, no definido;Facultad de Filosofía y Letras;IN;ESPAÑOL - B1 (Nivel intermedio);Italia;Università Degli Studi Di Torino (Italia);6;0;25/08/2024
2023;ERASMUS;0230-0230-Lenguas, no definido;Facultad de Filosofía y Letras;IN;ESPAÑOL - B1 (Nivel intermedio);Reino Unido;University Of Cambridge (Reino Unido);1;0;25/08/2024
2023;ERASMUS;0230-0230-Lenguas, no definido;Facultad de Filosofía y Letras;IN;ESPAÑOL - B1 (Nivel intermedio);Reino Unido;University Of East Anglia (Reino Unido);3;0;25/08/2024
2023;ERASMUS;0230-0230-Lenguas, no definido;Facultad de Filosofía y Letras;OUT;FRANCÉS - B1 (Nivel intermedio);Francia;Université De Reims Champagne-Ardenne (Francia);3;0;25/08/2024
2023;ERASMUS;0230-0230-Lenguas, no definido;Facultad de Filosofía y Letras;OUT;INGLÉS - B2 (Nivel avanzado);Reino Unido;University Of East Anglia (Reino Unido);3;0;25/08/2024
2023;ERASMUS;0230-0230-Lenguas, no definido;Facultad de Filosofía y Letras;OUT;INGLÉS - C1 (Nivel avanzado 1);Reino Unido;University Of Cambridge (Reino Unido);1;0;25/08/2024
2023;ERASMUS;0230-0230-Lenguas, no definido;Facultad de Filosofía y Letras;OUT;ITALIANO - B1 (Nivel intermedio);Italia;Università Degli Studi Di Torino (Italia);6;0;25/08/2024
2023;ERASMUS;023-023-Lenguas;Facultad de Ciencias Sociales y Humanas de Teruel;IN;ESPAÑOL - B1 (Nivel intermedio);Hungría;Nyugat-Magyarorszagi Egyetem (Hungría);2;0;25/08/2024
2023;ERASMUS;023-023-Lenguas;Facultad de Ciencias Sociales y Humanas de Teruel;OUT;OTROS - B2 (Nivel avanzado);Hungría;Nyugat-Magyarorszagi Egyetem (Hungría);2;0;25/08/2024
2023;ERASMUS;023-023-Lenguas;Facultad de Filosofía y Letras;IN;ESPAÑOL - B1 (Nivel intermedio);Rumanía;Universitatea De Vest Din Timísoara (Rumanía);3;0;25/08/2024
2023;ERASMUS;023-023-Lenguas;Facultad de Filosofía y Letras;OUT;OTROS - B1 (Nivel intermedio);Rumanía;Universitatea De Vest Din Timísoara (Rumanía);3;0;25/08/2024
2023;ERASMUS;0231-0231-Aprendizaje de segundas lenguas;Facultad de Filosofía y Letras;IN;ESPAÑOL - B1 (Nivel intermedio);Francia;Université De Pau Et Des Pays De L'Adour (Francia);8;0;25/08/2024
2023;ERASMUS;0231-0231-Aprendizaje de segundas lenguas;Facultad de Filosofía y Letras;IN;ESPAÑOL - B1 (Nivel intermedio);Francia;Université Des Antilles (Francia);4;0;25/08/2024
2023;ERASMUS;0231-0231-Aprendizaje de segundas lenguas;Facultad de Filosofía y Letras;IN;ESPAÑOL - B1 (Nivel intermedio);Reino Unido;University Of Bath (Reino Unido);4;0;25/08/2024
2023;ERASMUS;0231-0231-Aprendizaje de segundas lenguas;Facultad de Filosofía y Letras;OUT;FRANCÉS - B2 (Nivel avanzado);Francia;Université De Pau Et Des Pays De L'Adour (Francia);8;0;25/08/2024
2023;ERASMUS;0231-0231-Aprendizaje de segundas lenguas;Facultad de Filosofía y Letras;OUT;INGLÉS - B2 (Nivel avanzado);Reino Unido;University Of Bath (Reino Unido);4;0;25/08/2024
2023;ERASMUS;0232-0232-Literatura y lingüística;Facultad de Filosofía y Letras;IN;ESPAÑOL - B1 (Nivel intermedio);Francia;Université De Pau Et Des Pays De L'Adour (Francia);2;0;25/08/2024
2023;ERASMUS;0232-0232-Literatura y lingüística;Facultad de Filosofía y Letras;IN;ESPAÑOL - B1 (Nivel intermedio);Italia;Università Degli Studi Di Torino (Italia);4;0;25/08/2024
2023;ERASMUS;0232-0232-Literatura y lingüística;Facultad de Filosofía y Letras;IN;INGLÉS - B2 (Nivel avanzado);Francia;Université De Pau Et Des Pays De L'Adour (Francia);1;0;25/08/2024
2023;ERASMUS;0232-0232-Literatura y lingüística;Facultad de Filosofía y Letras;OUT;FRANCÉS - B2 (Nivel avanzado);Francia;Université De Pau Et Des Pays De L'Adour (Francia);2;0;25/08/2024
2023;ERASMUS;0232-0232-Literatura y lingüística;Facultad de Filosofía y Letras;OUT;INGLÉS - B2 (Nivel avanzado);Francia;Université De Pau Et Des Pays De L'Adour (Francia);2;0;25/08/2024
2023;ERASMUS;0232-0232-Literatura y lingüística;Facultad de Filosofía y Letras;OUT;ITALIANO - B1 (Nivel intermedio);Italia;Università Degli Studi Di Torino (Italia);4;0;25/08/2024
2023;ERASMUS;031-Ciencias sociales y del comportamiento;Facultad de Ciencias Sociales y del Trabajo;IN;ESPAÑOL - B2 (Nivel avanzado);Rumanía;Universitatea Din Bucuresti (Rumanía);2;0;25/08/2024
2023;ERASMUS;031-Ciencias sociales y del comportamiento;Facultad de Ciencias Sociales y del Trabajo;IN;No Informado;Italia;Libera Università 'Maria Ss. Assunta' Di Roma (Italia);6;0;25/08/2024
2023;ERASMUS;031-Ciencias sociales y del comportamiento;Facultad de Ciencias Sociales y del Trabajo;IN;No Informado;Italia;Università Degli Studi Di Firenze (Italia);4;0;25/08/2024
2023;ERASMUS;031-Ciencias sociales y del comportamiento;Facultad de Ciencias Sociales y del Trabajo;IN;No Informado;Polonia;Uniwersytet Warszawski (Polonia);2;0;25/08/2024
2023;ERASMUS;031-Ciencias sociales y del comportamiento;Facultad de Ciencias Sociales y del Trabajo;IN;No Informado;Polonia;Uniwersytet Rzeszowski (Polonia);2;0;25/08/2024
2023;ERASMUS;031-Ciencias sociales y del comportamiento;Facultad de Ciencias Sociales y del Trabajo;IN;No Informado;Rumanía;Universitatea Babes-Bolyai Din Cluj-Napoca (Rumanía);2;0;25/08/2024
2023;ERASMUS;031-Ciencias sociales y del comportamiento;Facultad de Ciencias Sociales y del Trabajo;OUT;INGLÉS - B1 (Nivel intermedio);Polonia;Uniwersytet Warszawski (Polonia);2;0;25/08/2024
2023;ERASMUS;031-Ciencias sociales y del comportamiento;Facultad de Ciencias Sociales y del Trabajo;OUT;INGLÉS - B1 (Nivel intermedio);Polonia;Uniwersytet Rzeszowski (Polonia);2;0;25/08/2024
2023;ERASMUS;031-Ciencias sociales y del comportamiento;Facultad de Ciencias Sociales y del Trabajo;OUT;ITALIANO - B1 (Nivel intermedio);Italia;Libera Università 'Maria Ss. Assunta' Di Roma (Italia);6;2;25/08/2024
2023;ERASMUS;031-Ciencias sociales y del comportamiento;Facultad de Ciencias Sociales y del Trabajo;OUT;ITALIANO - B1 (Nivel intermedio);Italia;Università Degli Studi Di Messina (Italia);4;0;25/08/2024
2023;ERASMUS;031-Ciencias sociales y del comportamiento;Facultad de Ciencias Sociales y del Trabajo;OUT;ITALIANO - B1 (Nivel intermedio);Italia;Università Degli Studi Di Firenze (Italia);4;0;25/08/2024
2023;ERASMUS;031-Ciencias sociales y del comportamiento;Facultad de Ciencias Sociales y del Trabajo;OUT;OTROS - B2 (Nivel avanzado);Rumanía;Universitatea Babes-Bolyai Din Cluj-Napoca (Rumanía);2;4;25/08/2024
2023;ERASMUS;031-Ciencias sociales y del comportamiento;Facultad de Ciencias Sociales y del Trabajo;OUT;OTROS - B2 (Nivel avanzado);Rumanía;Universitatea Din Bucuresti (Rumanía);2;0;25/08/2024
2023;ERASMUS;0311-Economía;Facultad de Ciencias Sociales y Humanas de Teruel;IN;ESPAÑOL - B1 (Nivel intermedio);Turquía;Sakarya Üniversitesi (Turquía);2;0;25/08/2024
2023;ERASMUS;0311-Economía;Facultad de Ciencias Sociales y Humanas de Teruel;OUT;INGLÉS - B1 (Nivel intermedio);Turquía;Sakarya Üniversitesi (Turquía);2;0;25/08/2024
2023;ERASMUS;0311-Economía;Facultad de Derecho;OUT;FRANCÉS - B1 (Nivel intermedio);Francia;Université De Lille (Francia);3;2;25/08/2024
2023;ERASMUS;0311-Economía;Facultad de Derecho;OUT;FRANCÉS - B2 (Nivel avanzado);Francia;Aix-Marseille Université (Francia);0;0;25/08/2024
2023;ERASMUS;0311-Economía;Facultad de Derecho;OUT;INGLÉS - B1 (Nivel intermedio);Alemania;Christian-Albrechts-Universität Zu Kiel (Alemania);3;1;25/08/2024
2023;ERASMUS;0311-Economía;Facultad de Derecho;OUT;INGLÉS - B1 (Nivel intermedio);Portugal;Universidade De Aveiro (Portugal);2;1;25/08/2024
2023;ERASMUS;0311-Economía;Facultad de Derecho;OUT;INGLÉS - B2 (Nivel avanzado);Alemania;Universität Regensburg (Alemania);2;2;25/08/2024
2023;ERASMUS;0311-Economía;Facultad de Derecho;OUT;INGLÉS - B2 (Nivel avanzado);Alemania;University Of Münster (Alemania);2;1;25/08/2024
2023;ERASMUS;0311-Economía;Facultad de Derecho;OUT;INGLÉS - B2 (Nivel avanzado);Alemania;Ludwig-Maximilians-Universität München (Alemania);1;0;25/08/2024
2023;ERASMUS;0311-Economía;Facultad de Derecho;OUT;INGLÉS - B2 (Nivel avanzado);Italia;Link Campus University (Italia);2;2;25/08/2024
2023;ERASMUS;0311-Economía;Facultad de Derecho;OUT;INGLÉS - B2 (Nivel avanzado);Polonia;Lazarski University (Polonia);2;2;25/08/2024
2023;ERASMUS;0311-Economía;Facultad de Derecho;OUT;INGLÉS - B2 (Nivel avanzado);Portugal;Universidade Do Porto (Portugal);1;1;25/08/2024
2023;ERASMUS;0311-Economía;Facultad de Derecho;OUT;INGLÉS - B2 (Nivel avanzado);Reino Unido;University Of East Anglia (Reino Unido);2;2;25/08/2024
2023;ERASMUS;0311-Economía;Facultad de Derecho;OUT;INGLÉS - B2 (Nivel avanzado);Suecia;Stockholms Universitet (Suecia);2;2;25/08/2024
2023;ERASMUS;0311-Economía;Facultad de Derecho;OUT;ITALIANO - A2 (Nivel básico avanzado);Italia;Università Degli Studi Di Bologna (Italia);2;2;25/08/2024
2023;ERASMUS;0311-Economía;Facultad de Derecho;OUT;ITALIANO - B1 (Nivel intermedio);Italia;Università Degli Studi Di Milano-Bicocca (Italia);5;4;25/08/2024
2023;ERASMUS;0311-Economía;Facultad de Economía y Empresa;IN;ESPAÑOL - B1 (Nivel intermedio);Alemania;Ludwig-Maximilians-Universität München (Alemania);1;0;25/08/2024
2023;ERASMUS;0311-Economía;Facultad de Economía y Empresa;IN;ESPAÑOL - B1 (Nivel intermedio);Alemania;Christian-Albrechts-Universität Zu Kiel (Alemania);3;0;25/08/2024
2023;ERASMUS;0311-Economía;Facultad de Economía y Empresa;IN;ESPAÑOL - B1 (Nivel intermedio);Alemania;Universität Regensburg (Alemania);2;0;25/08/2024
2023;ERASMUS;0311-Economía;Facultad de Economía y Empresa;IN;ESPAÑOL - B1 (Nivel intermedio);Alemania;University Of Münster (Alemania);2;0;25/08/2024
2023;ERASMUS;0311-Economía;Facultad de Economía y Empresa;IN;ESPAÑOL - B1 (Nivel intermedio);Francia;Aix-Marseille Université (Francia);2;0;25/08/2024
2023;ERASMUS;0311-Economía;Facultad de Economía y Empresa;IN;ESPAÑOL - B1 (Nivel intermedio);Francia;Université De Lille (Francia);3;0;25/08/2024
2023;ERASMUS;0311-Economía;Facultad de Economía y Empresa;IN;ESPAÑOL - B1 (Nivel intermedio);Italia;Università Degli Studi Di Milano-Bicocca (Italia);5;0;25/08/2024
2023;ERASMUS;0311-Economía;Facultad de Economía y Empresa;IN;ESPAÑOL - B1 (Nivel intermedio);Italia;Link Campus University (Italia);2;0;25/08/2024
2023;ERASMUS;0311-Economía;Facultad de Economía y Empresa;IN;ESPAÑOL - B1 (Nivel intermedio);Italia;Università Degli Studi Di Bologna (Italia);2;0;25/08/2024
2023;ERASMUS;0311-Economía;Facultad de Economía y Empresa;IN;ESPAÑOL - B1 (Nivel intermedio);Italia;Università Degli Studi Di Verona (Italia);1;0;25/08/2024
2023;ERASMUS;0311-Economía;Facultad de Economía y Empresa;IN;ESPAÑOL - B1 (Nivel intermedio);Italia;Università Degli Studi Di Torino (Italia);5;0;25/08/2024
2023;ERASMUS;0311-Economía;Facultad de Economía y Empresa;IN;ESPAÑOL - B1 (Nivel intermedio);Polonia;Uniwersytet Warszawski (Polonia);2;0;25/08/2024
2023;ERASMUS;0311-Economía;Facultad de Economía y Empresa;IN;ESPAÑOL - B1 (Nivel intermedio);Polonia;Lazarski University (Polonia);2;0;25/08/2024
2023;ERASMUS;0311-Economía;Facultad de Economía y Empresa;IN;ESPAÑOL - B1 (Nivel intermedio);Portugal;Universidade Nova De Lisboa (Portugal);3;0;25/08/2024
2023;ERASMUS;0311-Economía;Facultad de Economía y Empresa;IN;ESPAÑOL - B1 (Nivel intermedio);Portugal;Universidade De Aveiro (Portugal);2;0;25/08/2024
2023;ERASMUS;0311-Economía;Facultad de Economía y Empresa;IN;ESPAÑOL - B1 (Nivel intermedio);Reino Unido;University Of East Anglia (Reino Unido);2;0;25/08/2024
2023;ERASMUS;0311-Economía;Facultad de Economía y Empresa;IN;ESPAÑOL - B1 (Nivel intermedio);Turquía;Sakarya Üniversitesi (Turquía);1;0;25/08/2024
2023;ERASMUS;0311-Economía;Facultad de Economía y Empresa;IN;ESPAÑOL - B1 (Nivel intermedio);Turquía;Selcuk University (Turquía);0;0;25/08/2024
2023;ERASMUS;0311-Economía;Facultad de Economía y Empresa;IN;INGLÉS - B2 (Nivel avanzado);Hungría;Pécsi Tudományegyetem (Hungría);4;0;25/08/2024
2023;ERASMUS;0311-Economía;Facultad de Economía y Empresa;IN;INGLÉS - B2 (Nivel avanzado);Portugal;Universidade Do Porto (Portugal);2;0;25/08/2024
2023;ERASMUS;0311-Economía;Facultad de Economía y Empresa;IN;INGLÉS - B2 (Nivel avanzado);Suecia;Stockholms Universitet (Suecia);2;0;25/08/2024
2023;ERASMUS;0311-Economía;Facultad de Economía y Empresa;IN;No Informado;Turquía;Marmara Üniversitesi (Turquía);2;0;25/08/2024
2023;ERASMUS;0311-Economía;Facultad de Economía y Empresa;OUT;FRANCÉS - B1 (Nivel intermedio);Francia;Université De Lille (Francia);3;2;25/08/2024
2023;ERASMUS;0311-Economía;Facultad de Economía y Empresa;OUT;FRANCÉS - B2 (Nivel avanzado);Francia;Aix-Marseille Université (Francia);2;0;25/08/2024
2023;ERASMUS;0311-Economía;Facultad de Economía y Empresa;OUT;INGLÉS - B1 (Nivel intermedio);Alemania;Christian-Albrechts-Universität Zu Kiel (Alemania);3;1;25/08/2024
2023;ERASMUS;0311-Economía;Facultad de Economía y Empresa;OUT;INGLÉS - B1 (Nivel intermedio);Italia;Università Degli Studi Di Torino (Italia);5;4;25/08/2024
2023;ERASMUS;0311-Economía;Facultad de Economía y Empresa;OUT;INGLÉS - B1 (Nivel intermedio);Portugal;Universidade De Aveiro (Portugal);2;1;25/08/2024
2023;ERASMUS;0311-Economía;Facultad de Economía y Empresa;OUT;INGLÉS - B1 (Nivel intermedio);Turquía;Sakarya Üniversitesi (Turquía);2;1;25/08/2024
2023;ERASMUS;0311-Economía;Facultad de Economía y Empresa;OUT;INGLÉS - B1 (Nivel intermedio);Turquía;Marmara Üniversitesi (Turquía);2;0;25/08/2024
2023;ERASMUS;0311-Economía;Facultad de Economía y Empresa;OUT;INGLÉS - B1 (Nivel intermedio);Turquía;Selcuk University (Turquía);0;0;25/08/2024
2023;ERASMUS;0311-Economía;Facultad de Economía y Empresa;OUT;INGLÉS - B2 (Nivel avanzado);Alemania;Ludwig-Maximilians-Universität München (Alemania);1;0;25/08/2024
2023;ERASMUS;0311-Economía;Facultad de Economía y Empresa;OUT;INGLÉS - B2 (Nivel avanzado);Alemania;Universität Regensburg (Alemania);2;2;25/08/2024
2023;ERASMUS;0311-Economía;Facultad de Economía y Empresa;OUT;INGLÉS - B2 (Nivel avanzado);Alemania;University Of Münster (Alemania);2;1;25/08/2024
2023;ERASMUS;0311-Economía;Facultad de Economía y Empresa;OUT;INGLÉS - B2 (Nivel avanzado);Hungría;Pécsi Tudományegyetem (Hungría);2;2;25/08/2024
2023;ERASMUS;0311-Economía;Facultad de Economía y Empresa;OUT;INGLÉS - B2 (Nivel avanzado);Italia;Link Campus University (Italia);2;2;25/08/2024
2023;ERASMUS;0311-Economía;Facultad de Economía y Empresa;OUT;INGLÉS - B2 (Nivel avanzado);Polonia;Lazarski University (Polonia);2;2;25/08/2024
2023;ERASMUS;0311-Economía;Facultad de Economía y Empresa;OUT;INGLÉS - B2 (Nivel avanzado);Polonia;Uniwersytet Warszawski (Polonia);2;1;25/08/2024
2023;ERASMUS;0311-Economía;Facultad de Economía y Empresa;OUT;INGLÉS - B2 (Nivel avanzado);Portugal;Universidade Do Porto (Portugal);1;1;25/08/2024
2023;ERASMUS;0311-Economía;Facultad de Economía y Empresa;OUT;INGLÉS - B2 (Nivel avanzado);Reino Unido;University Of East Anglia (Reino Unido);2;2;25/08/2024
2023;ERASMUS;0311-Economía;Facultad de Economía y Empresa;OUT;INGLÉS - B2 (Nivel avanzado);Suecia;Stockholms Universitet (Suecia);2;2;25/08/2024
2023;ERASMUS;0311-Economía;Facultad de Economía y Empresa;OUT;INGLÉS - B2 (Nivel avanzado);Turquía;Yasar University (Turquía);1;0;25/08/2024
2023;ERASMUS;0311-Economía;Facultad de Economía y Empresa;OUT;ITALIANO - A2 (Nivel básico avanzado);Italia;Università Degli Studi Di Bologna (Italia);2;2;25/08/2024
2023;ERASMUS;0311-Economía;Facultad de Economía y Empresa;OUT;ITALIANO - B1 (Nivel intermedio);Italia;Università Degli Studi Di Milano-Bicocca (Italia);5;4;25/08/2024
2023;ERASMUS;0311-Economía;Facultad de Economía y Empresa;OUT;ITALIANO - B1 (Nivel intermedio);Italia;Università Degli Studi Di Verona (Italia);2;2;25/08/2024
2023;ERASMUS;0311-Economía;Facultad de Economía y Empresa;OUT;PORTUGUÉS - B1 (Nivel intermedio);Portugal;Universidade Da Beira Interior (Portugal);2;4;25/08/2024
2023;ERASMUS;0312-Ciencias políticas y civismo;Facultad de Derecho;IN;ESPAÑOL - B1 (Nivel intermedio);República Checa;Masarykova Univerzita Brno (República Checa);2;0;25/08/2024
2023;ERASMUS;0312-Ciencias políticas y civismo;Facultad de Derecho;OUT;INGLÉS - B2 (Nivel avanzado);República Checa;Masarykova Univerzita Brno (República Checa);3;3;25/08/2024
2023;ERASMUS;0313 - Psicología;Escuela de Doctorado;OUT;ITALIANO - B1 (Nivel intermedio);Italia;Università Degli Studi Di Torino (Italia);1;5;25/08/2024
2023;ERASMUS;0313 - Psicología;Facultad de Ciencias de la Salud;OUT;INGLÉS - B2 (Nivel avanzado);Portugal;Instituto Superior De Ciências Do Trabalho E Da Empresa (Portugal);1;0;25/08/2024
2023;ERASMUS;0313 - Psicología;Facultad de Ciencias Sociales y del Trabajo;IN;No Informado;Italia;Libera Università 'Maria Ss. Assunta' Di Roma (Italia);0;0;25/08/2024
2023;ERASMUS;0313 - Psicología;Facultad de Ciencias Sociales y Humanas de Teruel;IN;ESPAÑOL - B1 (Nivel intermedio);Alemania;Rheinische Friedrich-Wilhelms- Universität Bonn (Alemania);2;0;25/08/2024
2023;ERASMUS;0313 - Psicología;Facultad de Ciencias Sociales y Humanas de Teruel;IN;ESPAÑOL - B1 (Nivel intermedio);Alemania;Universität Bielefeld (Alemania);2;0;25/08/2024
2023;ERASMUS;0313 - Psicología;Facultad de Ciencias Sociales y Humanas de Teruel;IN;ESPAÑOL - B1 (Nivel intermedio);Bélgica;Université De Liege (Bélgica);2;0;25/08/2024
2023;ERASMUS;0313 - Psicología;Facultad de Ciencias Sociales y Humanas de Teruel;IN;ESPAÑOL - B1 (Nivel intermedio);Bélgica;Thomas More University Of Applied Sciences (Bélgica);2;0;25/08/2024
2023;ERASMUS;0313 - Psicología;Facultad de Ciencias Sociales y Humanas de Teruel;IN;ESPAÑOL - B1 (Nivel intermedio);Francia;Université De Lille (Francia);2;0;25/08/2024
2023;ERASMUS;0313 - Psicología;Facultad de Ciencias Sociales y Humanas de Teruel;IN;ESPAÑOL - B1 (Nivel intermedio);Francia;Université De Haute-Bretagne (Rennes Ii) (Francia);2;0;25/08/2024
2023;ERASMUS;0313 - Psicología;Facultad de Ciencias Sociales y Humanas de Teruel;IN;ESPAÑOL - B1 (Nivel intermedio);Francia;Université De Reims Champagne-Ardenne (Francia);2;0;25/08/2024
2023;ERASMUS;0313 - Psicología;Facultad de Ciencias Sociales y Humanas de Teruel;IN;ESPAÑOL - B1 (Nivel intermedio);Francia;Université De Poitiers (Francia);2;0;25/08/2024
2023;ERASMUS;0313 - Psicología;Facultad de Ciencias Sociales y Humanas de Teruel;IN;ESPAÑOL - B1 (Nivel intermedio);Francia;Université De Bordeaux (Francia);2;0;25/08/2024
2023;ERASMUS;0313 - Psicología;Facultad de Ciencias Sociales y Humanas de Teruel;IN;ESPAÑOL - B1 (Nivel intermedio);Grecia;Aristotelio Panepistimio Thessalonikis (Grecia);2;0;25/08/2024
2023;ERASMUS;0313 - Psicología;Facultad de Ciencias Sociales y Humanas de Teruel;IN;ESPAÑOL - B1 (Nivel intermedio);Holanda;Maastricht University (Holanda);2;0;25/08/2024
2023;ERASMUS;0313 - Psicología;Facultad de Ciencias Sociales y Humanas de Teruel;IN;ESPAÑOL - B1 (Nivel intermedio);Irlanda (Eire);University Of Limerick (Irlanda (Eire));2;0;25/08/2024
2023;ERASMUS;0313 - Psicología;Facultad de Ciencias Sociales y Humanas de Teruel;IN;ESPAÑOL - B1 (Nivel intermedio);Italia;Università Degli Studi Di Cagliari (Italia);2;0;25/08/2024
2023;ERASMUS;0313 - Psicología;Facultad de Ciencias Sociales y Humanas de Teruel;IN;ESPAÑOL - B1 (Nivel intermedio);Italia;Università Degli Studi Di Perugia (Italia);2;0;25/08/2024
2023;ERASMUS;0313 - Psicología;Facultad de Ciencias Sociales y Humanas de Teruel;IN;ESPAÑOL - B1 (Nivel intermedio);Italia;Università Degli Studi Di Torino (Italia);5;0;25/08/2024
2023;ERASMUS;0313 - Psicología;Facultad de Ciencias Sociales y Humanas de Teruel;IN;ESPAÑOL - B1 (Nivel intermedio);Italia;Università Degli Studi Di Milano-Bicocca (Italia);2;0;25/08/2024
2023;ERASMUS;0313 - Psicología;Facultad de Ciencias Sociales y Humanas de Teruel;IN;ESPAÑOL - B1 (Nivel intermedio);Italia;Università Degli Studi Di Firenze (Italia);2;0;25/08/2024
2023;ERASMUS;0313 - Psicología;Facultad de Ciencias Sociales y Humanas de Teruel;IN;ESPAÑOL - B1 (Nivel intermedio);Italia;Università Degli Studi Di Bologna (Italia);2;0;25/08/2024
2023;ERASMUS;0313 - Psicología;Facultad de Ciencias Sociales y Humanas de Teruel;IN;ESPAÑOL - B1 (Nivel intermedio);Italia;Università Degli Studi Di Roma 'La Sapienza' (Italia);7;0;25/08/2024
2023;ERASMUS;0313 - Psicología;Facultad de Ciencias Sociales y Humanas de Teruel;IN;ESPAÑOL - B1 (Nivel intermedio);Letonia;Latvijas Universitáte (Letonia);2;0;25/08/2024
2023;ERASMUS;0313 - Psicología;Facultad de Ciencias Sociales y Humanas de Teruel;IN;ESPAÑOL - B1 (Nivel intermedio);Lituania;Vilnius University (Lituania);2;0;25/08/2024
2023;ERASMUS;0313 - Psicología;Facultad de Ciencias Sociales y Humanas de Teruel;IN;ESPAÑOL - B1 (Nivel intermedio);Macedonia;International Balkan University (Macedonia);3;0;25/08/2024
2023;ERASMUS;0313 - Psicología;Facultad de Ciencias Sociales y Humanas de Teruel;IN;ESPAÑOL - B1 (Nivel intermedio);Polonia;Katolicki Uniwersytet Lubelski (Polonia);2;0;25/08/2024
2023;ERASMUS;0313 - Psicología;Facultad de Ciencias Sociales y Humanas de Teruel;IN;ESPAÑOL - B1 (Nivel intermedio);Portugal;Universidade Do Algarve (Portugal);6;0;25/08/2024
2023;ERASMUS;0313 - Psicología;Facultad de Ciencias Sociales y Humanas de Teruel;IN;ESPAÑOL - B1 (Nivel intermedio);Portugal;Universidade Da Maia-Umaia (Portugal);2;0;25/08/2024
2023;ERASMUS;0313 - Psicología;Facultad de Ciencias Sociales y Humanas de Teruel;IN;ESPAÑOL - B1 (Nivel intermedio);Portugal;Instituto Superior De Psicología Aplicada (Portugal);2;0;25/08/2024
2023;ERASMUS;0313 - Psicología;Facultad de Ciencias Sociales y Humanas de Teruel;IN;ESPAÑOL - B1 (Nivel intermedio);Portugal;Universidade Do Minho (Portugal);1;0;25/08/2024
2023;ERASMUS;0313 - Psicología;Facultad de Ciencias Sociales y Humanas de Teruel;IN;ESPAÑOL - B1 (Nivel intermedio);Portugal;Universidade De Aveiro (Portugal);2;0;25/08/2024
2023;ERASMUS;0313 - Psicología;Facultad de Ciencias Sociales y Humanas de Teruel;IN;ESPAÑOL - B1 (Nivel intermedio);Portugal;Universidade De Évora (Portugal);2;0;25/08/2024
2023;ERASMUS;0313 - Psicología;Facultad de Ciencias Sociales y Humanas de Teruel;IN;ESPAÑOL - B1 (Nivel intermedio);Portugal;Universidade De Lisboa (Portugal);1;0;25/08/2024
2023;ERASMUS;0313 - Psicología;Facultad de Ciencias Sociales y Humanas de Teruel;IN;ESPAÑOL - B1 (Nivel intermedio);Rumanía;Universitatea Din Bucuresti (Rumanía);2;0;25/08/2024
2023;ERASMUS;0313 - Psicología;Facultad de Ciencias Sociales y Humanas de Teruel;IN;ESPAÑOL - B1 (Nivel intermedio);Turquía;Yasar University (Turquía);2;0;25/08/2024
2023;ERASMUS;0313 - Psicología;Facultad de Ciencias Sociales y Humanas de Teruel;IN;ESPAÑOL - B1 (Nivel intermedio);Turquía;Bahçesehir University (Turquía);2;0;25/08/2024
2023;ERASMUS;0313 - Psicología;Facultad de Ciencias Sociales y Humanas de Teruel;IN;INGLÉS - B1 (Nivel intermedio);Dinamarca;Roskilde Universitetscenter (Dinamarca);2;0;25/08/2024
2023;ERASMUS;0313 - Psicología;Facultad de Ciencias Sociales y Humanas de Teruel;IN;INGLÉS - B1 (Nivel intermedio);Portugal;Universidade De Coimbra (Portugal);2;0;25/08/2024
2023;ERASMUS;0313 - Psicología;Facultad de Ciencias Sociales y Humanas de Teruel;IN;INGLÉS - B1 (Nivel intermedio);Portugal;Universidade Da Beira Interior (Portugal);2;0;25/08/2024
2023;ERASMUS;0313 - Psicología;Facultad de Ciencias Sociales y Humanas de Teruel;IN;INGLÉS - B1 (Nivel intermedio);Portugal;Universidade Fernando Pessoa (Portugal);2;0;25/08/2024
2023;ERASMUS;0313 - Psicología;Facultad de Ciencias Sociales y Humanas de Teruel;OUT;FRANCÉS - B1 (Nivel intermedio);Francia;Université De Reims Champagne-Ardenne (Francia);2;0;25/08/2024
2023;ERASMUS;0313 - Psicología;Facultad de Ciencias Sociales y Humanas de Teruel;OUT;FRANCÉS - B1 (Nivel intermedio);Francia;Université De Lille (Francia);2;1;25/08/2024
2023;ERASMUS;0313 - Psicología;Facultad de Ciencias Sociales y Humanas de Teruel;OUT;GRIEGO - B1 (Nivel intermedio);Grecia;Aristotelio Panepistimio Thessalonikis (Grecia);2;2;25/08/2024
2023;ERASMUS;0313 - Psicología;Facultad de Ciencias Sociales y Humanas de Teruel;OUT;INGLÉS - B1 (Nivel intermedio);Alemania;Rheinische Friedrich-Wilhelms- Universität Bonn (Alemania);2;0;25/08/2024
2023;ERASMUS;0313 - Psicología;Facultad de Ciencias Sociales y Humanas de Teruel;OUT;INGLÉS - B1 (Nivel intermedio);Bélgica;Université De Liege (Bélgica);2;0;25/08/2024
2023;ERASMUS;0313 - Psicología;Facultad de Ciencias Sociales y Humanas de Teruel;OUT;INGLÉS - B1 (Nivel intermedio);Francia;Université De Bordeaux (Francia);2;0;25/08/2024
2023;ERASMUS;0313 - Psicología;Facultad de Ciencias Sociales y Humanas de Teruel;OUT;INGLÉS - B1 (Nivel intermedio);Francia;Université De Poitiers (Francia);2;0;25/08/2024
2023;ERASMUS;0313 - Psicología;Facultad de Ciencias Sociales y Humanas de Teruel;OUT;INGLÉS - B1 (Nivel intermedio);Francia;Université De Haute-Bretagne (Rennes Ii) (Francia);2;0;25/08/2024
2023;ERASMUS;0313 - Psicología;Facultad de Ciencias Sociales y Humanas de Teruel;OUT;INGLÉS - B1 (Nivel intermedio);Holanda;Radboud Universiteit Nijmegen (Holanda);2;0;25/08/2024
2023;ERASMUS;0313 - Psicología;Facultad de Ciencias Sociales y Humanas de Teruel;OUT;INGLÉS - B1 (Nivel intermedio);Italia;Università Degli Studi Di Roma 'La Sapienza' (Italia);7;2;25/08/2024
2023;ERASMUS;0313 - Psicología;Facultad de Ciencias Sociales y Humanas de Teruel;OUT;INGLÉS - B1 (Nivel intermedio);Italia;Università Degli Studi Di Cagliari (Italia);2;1;25/08/2024
2023;ERASMUS;0313 - Psicología;Facultad de Ciencias Sociales y Humanas de Teruel;OUT;INGLÉS - B1 (Nivel intermedio);Italia;Università Degli Studi Di Perugia (Italia);2;4;25/08/2024
2023;ERASMUS;0313 - Psicología;Facultad de Ciencias Sociales y Humanas de Teruel;OUT;INGLÉS - B1 (Nivel intermedio);Italia;Università Degli Studi Di Firenze (Italia);2;0;25/08/2024
2023;ERASMUS;0313 - Psicología;Facultad de Ciencias Sociales y Humanas de Teruel;OUT;INGLÉS - B1 (Nivel intermedio);Italia;Università Degli Studi Di Torino (Italia);5;5;25/08/2024
2023;ERASMUS;0313 - Psicología;Facultad de Ciencias Sociales y Humanas de Teruel;OUT;INGLÉS - B1 (Nivel intermedio);Macedonia;International Balkan University (Macedonia);3;0;25/08/2024
2023;ERASMUS;0313 - Psicología;Facultad de Ciencias Sociales y Humanas de Teruel;OUT;INGLÉS - B1 (Nivel intermedio);Polonia;Katolicki Uniwersytet Lubelski (Polonia);2;2;25/08/2024
2023;ERASMUS;0313 - Psicología;Facultad de Ciencias Sociales y Humanas de Teruel;OUT;INGLÉS - B1 (Nivel intermedio);Portugal;Universidade Do Algarve (Portugal);6;0;25/08/2024
2023;ERASMUS;0313 - Psicología;Facultad de Ciencias Sociales y Humanas de Teruel;OUT;INGLÉS - B1 (Nivel intermedio);Portugal;Universidade Da Maia-Umaia (Portugal);2;0;25/08/2024
2023;ERASMUS;0313 - Psicología;Facultad de Ciencias Sociales y Humanas de Teruel;OUT;INGLÉS - B1 (Nivel intermedio);Portugal;Universidade De Coimbra (Portugal);2;2;25/08/2024
2023;ERASMUS;0313 - Psicología;Facultad de Ciencias Sociales y Humanas de Teruel;OUT;INGLÉS - B1 (Nivel intermedio);Turquía;Bahçesehir University (Turquía);2;0;25/08/2024
2023;ERASMUS;0313 - Psicología;Facultad de Ciencias Sociales y Humanas de Teruel;OUT;INGLÉS - B1 (Nivel intermedio);Turquía;Yasar University (Turquía);2;0;25/08/2024
2023;ERASMUS;0313 - Psicología;Facultad de Ciencias Sociales y Humanas de Teruel;OUT;INGLÉS - B2 (Nivel avanzado);Alemania;Universität Bielefeld (Alemania);2;0;25/08/2024
2023;ERASMUS;0313 - Psicología;Facultad de Ciencias Sociales y Humanas de Teruel;OUT;INGLÉS - B2 (Nivel avanzado);Bélgica;Thomas More University Of Applied Sciences (Bélgica);2;0;25/08/2024
2023;ERASMUS;0313 - Psicología;Facultad de Ciencias Sociales y Humanas de Teruel;OUT;INGLÉS - B2 (Nivel avanzado);Dinamarca;Roskilde Universitetscenter (Dinamarca);2;0;25/08/2024
2023;ERASMUS;0313 - Psicología;Facultad de Ciencias Sociales y Humanas de Teruel;OUT;INGLÉS - B2 (Nivel avanzado);Holanda;Maastricht University (Holanda);2;2;25/08/2024
2023;ERASMUS;0313 - Psicología;Facultad de Ciencias Sociales y Humanas de Teruel;OUT;INGLÉS - B2 (Nivel avanzado);Irlanda (Eire);University Of Limerick (Irlanda (Eire));2;1;25/08/2024
2023;ERASMUS;0313 - Psicología;Facultad de Ciencias Sociales y Humanas de Teruel;OUT;INGLÉS - B2 (Nivel avanzado);Letonia;Latvijas Universitáte (Letonia);2;0;25/08/2024
2023;ERASMUS;0313 - Psicología;Facultad de Ciencias Sociales y Humanas de Teruel;OUT;INGLÉS - B2 (Nivel avanzado);Lituania;Vilnius University (Lituania);2;0;25/08/2024
2023;ERASMUS;0313 - Psicología;Facultad de Ciencias Sociales y Humanas de Teruel;OUT;INGLÉS - B2 (Nivel avanzado);Portugal;Universidade Fernando Pessoa (Portugal);2;1;25/08/2024
2023;ERASMUS;0313 - Psicología;Facultad de Ciencias Sociales y Humanas de Teruel;OUT;INGLÉS - B2 (Nivel avanzado);Portugal;Universidade Do Minho (Portugal);1;0;25/08/2024
2023;ERASMUS;0313 - Psicología;Facultad de Ciencias Sociales y Humanas de Teruel;OUT;INGLÉS - B2 (Nivel avanzado);Rumanía;Universitatea Din Bucuresti (Rumanía);2;0;25/08/2024
2023;ERASMUS;0313 - Psicología;Facultad de Ciencias Sociales y Humanas de Teruel;OUT;ITALIANO - A2 (Nivel básico avanzado);Italia;Università Degli Studi Di Bologna (Italia);2;2;25/08/2024
2023;ERASMUS;0313 - Psicología;Facultad de Ciencias Sociales y Humanas de Teruel;OUT;ITALIANO - B1 (Nivel intermedio);Italia;Università Degli Studi Di Milano-Bicocca (Italia);2;1;25/08/2024
2023;ERASMUS;0313 - Psicología;Facultad de Ciencias Sociales y Humanas de Teruel;OUT;ITALIANO - B1 (Nivel intermedio);Italia;Università Degli Studi Di Torino (Italia);3;5;25/08/2024
2023;ERASMUS;0313 - Psicología;Facultad de Ciencias Sociales y Humanas de Teruel;OUT;PORTUGUÉS - A2 (Nivel básico avanzado);Portugal;Universidade De Lisboa (Portugal);1;0;25/08/2024
2023;ERASMUS;0313 - Psicología;Facultad de Ciencias Sociales y Humanas de Teruel;OUT;PORTUGUÉS - B1 (Nivel intermedio);Portugal;Universidade Do Minho (Portugal);1;0;25/08/2024
2023;ERASMUS;0313 - Psicología;Facultad de Ciencias Sociales y Humanas de Teruel;OUT;PORTUGUÉS - B1 (Nivel intermedio);Portugal;Universidade De Aveiro (Portugal);2;2;25/08/2024
2023;ERASMUS;0313 - Psicología;Facultad de Ciencias Sociales y Humanas de Teruel;OUT;PORTUGUÉS - B1 (Nivel intermedio);Portugal;Universidade De Évora (Portugal);2;0;25/08/2024
2023;ERASMUS;0313 - Psicología;Facultad de Ciencias Sociales y Humanas de Teruel;OUT;PORTUGUÉS - B1 (Nivel intermedio);Portugal;Instituto Superior De Psicología Aplicada (Portugal);2;0;25/08/2024
2023;ERASMUS;0313 - Psicología;Facultad de Ciencias Sociales y Humanas de Teruel;OUT;PORTUGUÉS - B1 (Nivel intermedio);Portugal;Universidade Da Beira Interior (Portugal);2;0;25/08/2024
2023;ERASMUS;0314-Sociología y estudios culturales;Facultad de Ciencias Sociales y del Trabajo;IN;No Informado;Francia;Université De Bordeaux (Francia);2;0;25/08/2024
2023;ERASMUS;0314-Sociología y estudios culturales;Facultad de Ciencias Sociales y del Trabajo;IN;No Informado;Rumanía;Universitatea De Vest Din Timísoara (Rumanía);3;0;25/08/2024
2023;ERASMUS;0314-Sociología y estudios culturales;Facultad de Ciencias Sociales y del Trabajo;OUT;FRANCÉS - B1 (Nivel intermedio);Francia;Université De Bordeaux (Francia);2;0;25/08/2024
2023;ERASMUS;0314-Sociología y estudios culturales;Facultad de Ciencias Sociales y del Trabajo;OUT;OTROS - B1 (Nivel intermedio);Rumanía;Universitatea De Vest Din Timísoara (Rumanía);3;0;25/08/2024
2023;ERASMUS;0314-Sociología y estudios culturales;Facultad de Economía y Empresa;IN;ESPAÑOL - B1 (Nivel intermedio);Italia;Università Degli Studi Di Genova (Italia);2;0;25/08/2024
2023;ERASMUS;0314-Sociología y estudios culturales;Facultad de Economía y Empresa;OUT;ITALIANO - B1 (Nivel intermedio);Italia;Università Degli Studi Di Genova (Italia);2;0;25/08/2024
2023;ERASMUS;0321-Periodismo y cobertura informativa;Facultad de Filosofía y Letras;IN;ESPAÑOL - B1 (Nivel intermedio);Alemania;Universität Zu Köln (Alemania);2;0;25/08/2024
2023;ERASMUS;0321-Periodismo y cobertura informativa;Facultad de Filosofía y Letras;IN;ESPAÑOL - B1 (Nivel intermedio);Alemania;Universität Regensburg (Alemania);2;0;25/08/2024
2023;ERASMUS;0321-Periodismo y cobertura informativa;Facultad de Filosofía y Letras;IN;ESPAÑOL - B1 (Nivel intermedio);Alemania;Friedrich-Schiller-Universität Jena (Alemania);2;0;25/08/2024
2023;ERASMUS;0321-Periodismo y cobertura informativa;Facultad de Filosofía y Letras;IN;ESPAÑOL - B1 (Nivel intermedio);Bélgica;Université Libre De Bruxelles (Bélgica);2;0;25/08/2024
2023;ERASMUS;0321-Periodismo y cobertura informativa;Facultad de Filosofía y Letras;IN;ESPAÑOL - B1 (Nivel intermedio);Bélgica;Université De Liege (Bélgica);2;0;25/08/2024
2023;ERASMUS;0321-Periodismo y cobertura informativa;Facultad de Filosofía y Letras;IN;ESPAÑOL - B1 (Nivel intermedio);Francia;Université De Picardie Jules Verne (Francia);2;0;25/08/2024
2023;ERASMUS;0321-Periodismo y cobertura informativa;Facultad de Filosofía y Letras;IN;ESPAÑOL - B1 (Nivel intermedio);Francia;Université Bordeaux Montaigne (Francia);1;0;25/08/2024
2023;ERASMUS;0321-Periodismo y cobertura informativa;Facultad de Filosofía y Letras;IN;ESPAÑOL - B1 (Nivel intermedio);Italia;Università Degli Studi Di Milano (Italia);1;0;25/08/2024
2023;ERASMUS;0321-Periodismo y cobertura informativa;Facultad de Filosofía y Letras;IN;ESPAÑOL - B1 (Nivel intermedio);Italia;Università Degli Studi Di Verona (Italia);5;0;25/08/2024
2023;ERASMUS;0321-Periodismo y cobertura informativa;Facultad de Filosofía y Letras;IN;ESPAÑOL - B1 (Nivel intermedio);Italia;Università Degli Studi Di Macerata (Italia);2;0;25/08/2024
2023;ERASMUS;0321-Periodismo y cobertura informativa;Facultad de Filosofía y Letras;IN;ESPAÑOL - B1 (Nivel intermedio);Italia;Università Degli Studi Insubria Varese-Como (Italia);2;0;25/08/2024
2023;ERASMUS;0321-Periodismo y cobertura informativa;Facultad de Filosofía y Letras;IN;ESPAÑOL - B1 (Nivel intermedio);Italia;Università Degli Studi Di Roma 'La Sapienza' (Italia);2;0;25/08/2024
2023;ERASMUS;0321-Periodismo y cobertura informativa;Facultad de Filosofía y Letras;IN;ESPAÑOL - B1 (Nivel intermedio);Noruega;Oslomet-Oslo Metropolitan University (Noruega);0;0;25/08/2024
2023;ERASMUS;0321-Periodismo y cobertura informativa;Facultad de Filosofía y Letras;IN;ESPAÑOL - B1 (Nivel intermedio);Portugal;Universidade Do Algarve (Portugal);2;0;25/08/2024
2023;ERASMUS;0321-Periodismo y cobertura informativa;Facultad de Filosofía y Letras;IN;ESPAÑOL - B1 (Nivel intermedio);Portugal;Universidade Do Minho (Portugal);2;0;25/08/2024
2023;ERASMUS;0321-Periodismo y cobertura informativa;Facultad de Filosofía y Letras;IN;ESPAÑOL - B1 (Nivel intermedio);Portugal;Universidade De Lisboa (Portugal);2;0;25/08/2024
2023;ERASMUS;0321-Periodismo y cobertura informativa;Facultad de Filosofía y Letras;IN;ESPAÑOL - B1 (Nivel intermedio);Portugal;Universidade De Coimbra (Portugal);2;0;25/08/2024
2023;ERASMUS;0321-Periodismo y cobertura informativa;Facultad de Filosofía y Letras;IN;ESPAÑOL - B1 (Nivel intermedio);Portugal;Universidade Da Beira Interior (Portugal);2;0;25/08/2024
2023;ERASMUS;0321-Periodismo y cobertura informativa;Facultad de Filosofía y Letras;IN;ESPAÑOL - B1 (Nivel intermedio);Rumanía;Universitatea Babes-Bolyai Din Cluj-Napoca (Rumanía);2;0;25/08/2024
2023;ERASMUS;0321-Periodismo y cobertura informativa;Facultad de Filosofía y Letras;IN;No Informado;Portugal;Universidade Do Porto (Portugal);2;0;25/08/2024
2023;ERASMUS;0321-Periodismo y cobertura informativa;Facultad de Filosofía y Letras;OUT;ALEMÁN - B1 (Nivel intermedio);Alemania;Friedrich-Schiller-Universität Jena (Alemania);2;0;25/08/2024
2023;ERASMUS;0321-Periodismo y cobertura informativa;Facultad de Filosofía y Letras;OUT;FRANCÉS - B1 (Nivel intermedio);Bélgica;Université Libre De Bruxelles (Bélgica);2;2;25/08/2024
2023;ERASMUS;0321-Periodismo y cobertura informativa;Facultad de Filosofía y Letras;OUT;FRANCÉS - B1 (Nivel intermedio);Francia;Université Bordeaux Montaigne (Francia);1;0;25/08/2024
2023;ERASMUS;0321-Periodismo y cobertura informativa;Facultad de Filosofía y Letras;OUT;FRANCÉS - B1 (Nivel intermedio);Francia;Université De Picardie Jules Verne (Francia);2;1;25/08/2024
2023;ERASMUS;0321-Periodismo y cobertura informativa;Facultad de Filosofía y Letras;OUT;INGLÉS - B1 (Nivel intermedio);Alemania;Universität Zu Köln (Alemania);2;1;25/08/2024
2023;ERASMUS;0321-Periodismo y cobertura informativa;Facultad de Filosofía y Letras;OUT;INGLÉS - B1 (Nivel intermedio);Bélgica;Université De Liege (Bélgica);2;1;25/08/2024
2023;ERASMUS;0321-Periodismo y cobertura informativa;Facultad de Filosofía y Letras;OUT;INGLÉS - B1 (Nivel intermedio);Italia;Università Degli Studi Di Macerata (Italia);2;0;25/08/2024
2023;ERASMUS;0321-Periodismo y cobertura informativa;Facultad de Filosofía y Letras;OUT;INGLÉS - B1 (Nivel intermedio);Noruega;Oslomet-Oslo Metropolitan University (Noruega);0;0;25/08/2024
2023;ERASMUS;0321-Periodismo y cobertura informativa;Facultad de Filosofía y Letras;OUT;INGLÉS - B1 (Nivel intermedio);Portugal;Universidade De Coimbra (Portugal);2;3;25/08/2024
2023;ERASMUS;0321-Periodismo y cobertura informativa;Facultad de Filosofía y Letras;OUT;INGLÉS - B1 (Nivel intermedio);Portugal;Universidade Do Algarve (Portugal);2;3;25/08/2024
2023;ERASMUS;0321-Periodismo y cobertura informativa;Facultad de Filosofía y Letras;OUT;INGLÉS - B1 (Nivel intermedio);Portugal;Universidade Da Beira Interior (Portugal);2;0;25/08/2024
2023;ERASMUS;0321-Periodismo y cobertura informativa;Facultad de Filosofía y Letras;OUT;INGLÉS - B2 (Nivel avanzado);Alemania;Universität Regensburg (Alemania);2;0;25/08/2024
2023;ERASMUS;0321-Periodismo y cobertura informativa;Facultad de Filosofía y Letras;OUT;INGLÉS - B2 (Nivel avanzado);Italia;Università Degli Studi Insubria Varese-Como (Italia);2;0;25/08/2024
2023;ERASMUS;0321-Periodismo y cobertura informativa;Facultad de Filosofía y Letras;OUT;INGLÉS - B2 (Nivel avanzado);Portugal;Universidade Do Minho (Portugal);2;0;25/08/2024
2023;ERASMUS;0321-Periodismo y cobertura informativa;Facultad de Filosofía y Letras;OUT;INGLÉS - B2 (Nivel avanzado);Rumanía;Universitatea Babes-Bolyai Din Cluj-Napoca (Rumanía);2;1;25/08/2024
2023;ERASMUS;0321-Periodismo y cobertura informativa;Facultad de Filosofía y Letras;OUT;ITALIANO - B1 (Nivel intermedio);Italia;Università Degli Studi Di Roma 'La Sapienza' (Italia);2;2;25/08/2024
2023;ERASMUS;0321-Periodismo y cobertura informativa;Facultad de Filosofía y Letras;OUT;ITALIANO - B1 (Nivel intermedio);Italia;Università Degli Studi Di Verona (Italia);5;0;25/08/2024
2023;ERASMUS;0321-Periodismo y cobertura informativa;Facultad de Filosofía y Letras;OUT;ITALIANO - B1 (Nivel intermedio);Italia;Università Degli Studi Di Milano (Italia);3;0;25/08/2024
2023;ERASMUS;0321-Periodismo y cobertura informativa;Facultad de Filosofía y Letras;OUT;ITALIANO - B2 (Nivel avanzado);Italia;Università Degli Studi Di Milano (Italia);2;1;25/08/2024
2023;ERASMUS;0321-Periodismo y cobertura informativa;Facultad de Filosofía y Letras;OUT;No Informado;Portugal;Universidade De Lisboa (Portugal);2;1;25/08/2024
2023;ERASMUS;0321-Periodismo y cobertura informativa;Facultad de Filosofía y Letras;OUT;PORTUGUÉS - B2 (Nivel avanzado);Portugal;Universidade Do Porto (Portugal);2;0;25/08/2024
2023;ERASMUS;0321-0321-Periodismo y comunicación;Facultad de Filosofía y Letras;IN;ESPAÑOL - B1 (Nivel intermedio);Noruega;Oslomet-Oslo Metropolitan University (Noruega);2;0;25/08/2024
2023;ERASMUS;0321-0321-Periodismo y comunicación;Facultad de Filosofía y Letras;OUT;INGLÉS - B1 (Nivel intermedio);Noruega;Oslomet-Oslo Metropolitan University (Noruega);2;2;25/08/2024
2023;ERASMUS;0322-Biblioteconomía, información, archivística;Facultad de Filosofía y Letras;IN;ESPAÑOL - B1 (Nivel intermedio);Alemania;Hochschule Hannover University Of Applied Sciences And Arts (Alemania);1;0;25/08/2024
2023;ERASMUS;0322-Biblioteconomía, información, archivística;Facultad de Filosofía y Letras;IN;ESPAÑOL - B1 (Nivel intermedio);Bélgica;Haute Ecole Bruxelles-Brabant (He2b) (Bélgica);2;0;25/08/2024
2023;ERASMUS;0322-Biblioteconomía, información, archivística;Facultad de Filosofía y Letras;IN;ESPAÑOL - B1 (Nivel intermedio);Bulgaria;"Sofiiski Universitet ""Sveti Kliment Ohridski"" (Bulgaria)";2;0;25/08/2024
2023;ERASMUS;0322-Biblioteconomía, información, archivística;Facultad de Filosofía y Letras;IN;ESPAÑOL - B1 (Nivel intermedio);Francia;Université De Bourgogne - Dijon (Francia);2;0;25/08/2024
2023;ERASMUS;0322-Biblioteconomía, información, archivística;Facultad de Filosofía y Letras;IN;ESPAÑOL - B1 (Nivel intermedio);Francia;Université De Paris-Nanterre (Paris X) (Francia);2;0;25/08/2024
2023;ERASMUS;0322-Biblioteconomía, información, archivística;Facultad de Filosofía y Letras;IN;ESPAÑOL - B1 (Nivel intermedio);Polonia;Uniwersytet Warszawski (Polonia);2;0;25/08/2024
2023;ERASMUS;0322-Biblioteconomía, información, archivística;Facultad de Filosofía y Letras;IN;ESPAÑOL - B1 (Nivel intermedio);Portugal;Instituto Politécnico Do Porto (Portugal);2;0;25/08/2024
2023;ERASMUS;0322-Biblioteconomía, información, archivística;Facultad de Filosofía y Letras;IN;ESPAÑOL - B1 (Nivel intermedio);Portugal;Universidade De Coimbra (Portugal);2;0;25/08/2024
2023;ERASMUS;0322-Biblioteconomía, información, archivística;Facultad de Filosofía y Letras;IN;ESPAÑOL - B1 (Nivel intermedio);Portugal;Universidade Do Porto (Portugal);2;0;25/08/2024
2023;ERASMUS;0322-Biblioteconomía, información, archivística;Facultad de Filosofía y Letras;IN;ESPAÑOL - B1 (Nivel intermedio);Portugal;Universidade De Évora (Portugal);2;0;25/08/2024
2023;ERASMUS;0322-Biblioteconomía, información, archivística;Facultad de Filosofía y Letras;OUT;FRANCÉS - B1 (Nivel intermedio);Bélgica;Haute Ecole Bruxelles-Brabant (He2b) (Bélgica);2;0;25/08/2024
2023;ERASMUS;0322-Biblioteconomía, información, archivística;Facultad de Filosofía y Letras;OUT;FRANCÉS - B1 (Nivel intermedio);Francia;Université De Paris-Nanterre (Paris X) (Francia);2;0;25/08/2024
2023;ERASMUS;0322-Biblioteconomía, información, archivística;Facultad de Filosofía y Letras;OUT;FRANCÉS - B2 (Nivel avanzado);Francia;Université De Bourgogne - Dijon (Francia);2;0;25/08/2024
2023;ERASMUS;0322-Biblioteconomía, información, archivística;Facultad de Filosofía y Letras;OUT;INGLÉS - B1 (Nivel intermedio);Alemania;Hochschule Hannover University Of Applied Sciences And Arts (Alemania);1;0;25/08/2024
2023;ERASMUS;0322-Biblioteconomía, información, archivística;Facultad de Filosofía y Letras;OUT;INGLÉS - B1 (Nivel intermedio);Bulgaria;"Sofiiski Universitet ""Sveti Kliment Ohridski"" (Bulgaria)";2;0;25/08/2024
2023;ERASMUS;0322-Biblioteconomía, información, archivística;Facultad de Filosofía y Letras;OUT;INGLÉS - B1 (Nivel intermedio);Portugal;Instituto Politécnico Do Porto (Portugal);2;0;25/08/2024
2023;ERASMUS;0322-Biblioteconomía, información, archivística;Facultad de Filosofía y Letras;OUT;INGLÉS - B1 (Nivel intermedio);Portugal;Universidade De Évora (Portugal);2;0;25/08/2024
2023;ERASMUS;0322-Biblioteconomía, información, archivística;Facultad de Filosofía y Letras;OUT;INGLÉS - B1 (Nivel intermedio);Portugal;Universidade De Coimbra (Portugal);2;0;25/08/2024
2023;ERASMUS;0322-Biblioteconomía, información, archivística;Facultad de Filosofía y Letras;OUT;INGLÉS - B2 (Nivel avanzado);Polonia;Uniwersytet Warszawski (Polonia);2;0;25/08/2024
2023;ERASMUS;0322-Biblioteconomía, información, archivística;Facultad de Filosofía y Letras;OUT;PORTUGUÉS - B2 (Nivel avanzado);Portugal;Universidade Do Porto (Portugal);2;1;25/08/2024
2023;ERASMUS;0400-0400-Administración de empresas y derecho, no definido;Facultad de Empresa y Gestión Pública;IN;ESPAÑOL - B1 (Nivel intermedio);Rumanía;Universitatea Ovidius Din Constanta (Rumanía);2;0;25/08/2024
2023;ERASMUS;0400-0400-Administración de empresas y derecho, no definido;Facultad de Empresa y Gestión Pública;IN;ESPAÑOL - B1 (Nivel intermedio);Turquía;University Of Yalova (Turquía);3;0;25/08/2024
2023;ERASMUS;0400-0400-Administración de empresas y derecho, no definido;Facultad de Empresa y Gestión Pública;OUT;INGLÉS - B1 (Nivel intermedio);Rumanía;Universitatea Ovidius Din Constanta (Rumanía);2;0;25/08/2024
2023;ERASMUS;0400-0400-Administración de empresas y derecho, no definido;Facultad de Empresa y Gestión Pública;OUT;INGLÉS - B1 (Nivel intermedio);Turquía;University Of Yalova (Turquía);3;0;25/08/2024
2023;ERASMUS;041-Administración de empresas;Escuela Universitaria Politécnica de la Almunia de Doña Godina;IN;ESPAÑOL - B1 (Nivel intermedio);Holanda;Avans Hogeschool, University Of Applied Sciences (Holanda);1;0;25/08/2024
2023;ERASMUS;041-Administración de empresas;Escuela Universitaria Politécnica de Teruel;IN;ESPAÑOL - B1 (Nivel intermedio);Hungría;Hungarian University Of Agriculture And Life Sciences (Mate) (Hungría);2;0;25/08/2024
2023;ERASMUS;041-Administración de empresas;Escuela Universitaria Politécnica de Teruel;OUT;INGLÉS - B2 (Nivel avanzado);Hungría;Hungarian University Of Agriculture And Life Sciences (Mate) (Hungría);2;0;25/08/2024
2023;ERASMUS;041-Administración de empresas;Facultad de Ciencias Sociales y Humanas de Teruel;IN;ESPAÑOL - B1 (Nivel intermedio);Bélgica;Katholieke Universiteit Leuven (Bélgica);2;0;25/08/2024
2023;ERASMUS;041-Administración de empresas;Facultad de Ciencias Sociales y Humanas de Teruel;IN;ESPAÑOL - B1 (Nivel intermedio);Croacia;Par University Of Applied Science (Croacia);2;0;25/08/2024
2023;ERASMUS;041-Administración de empresas;Facultad de Ciencias Sociales y Humanas de Teruel;IN;ESPAÑOL - B1 (Nivel intermedio);Francia;Université De Pau Et Des Pays De L'Adour (Francia);4;0;25/08/2024
2023;ERASMUS;041-Administración de empresas;Facultad de Ciencias Sociales y Humanas de Teruel;IN;ESPAÑOL - B1 (Nivel intermedio);Francia;Université De Reims Champagne-Ardenne (Francia);2;0;25/08/2024
2023;ERASMUS;041-Administración de empresas;Facultad de Ciencias Sociales y Humanas de Teruel;IN;ESPAÑOL - B1 (Nivel intermedio);Holanda;Christelijke Hogeschool Windesheim (Holanda);2;0;25/08/2024
2023;ERASMUS;041-Administración de empresas;Facultad de Ciencias Sociales y Humanas de Teruel;IN;ESPAÑOL - B1 (Nivel intermedio);Italia;Università Degli Studi Di Cagliari (Italia);3;0;25/08/2024
2023;ERASMUS;041-Administración de empresas;Facultad de Ciencias Sociales y Humanas de Teruel;IN;ESPAÑOL - B1 (Nivel intermedio);Italia;Università Degli Studi Di Perugia (Italia);2;0;25/08/2024
2023;ERASMUS;041-Administración de empresas;Facultad de Ciencias Sociales y Humanas de Teruel;IN;ESPAÑOL - B1 (Nivel intermedio);Macedonia;International Balkan University (Macedonia);3;0;25/08/2024
2023;ERASMUS;041-Administración de empresas;Facultad de Ciencias Sociales y Humanas de Teruel;IN;ESPAÑOL - B1 (Nivel intermedio);Macedonia;Goce Delcev University (Macedonia);3;0;25/08/2024
2023;ERASMUS;041-Administración de empresas;Facultad de Ciencias Sociales y Humanas de Teruel;IN;ESPAÑOL - B1 (Nivel intermedio);Polonia;Radom Academy Of Economics (Polonia);4;0;25/08/2024
2023;ERASMUS;041-Administración de empresas;Facultad de Ciencias Sociales y Humanas de Teruel;IN;ESPAÑOL - B1 (Nivel intermedio);Portugal;Universidade Do Minho (Portugal);2;0;25/08/2024
2023;ERASMUS;041-Administración de empresas;Facultad de Ciencias Sociales y Humanas de Teruel;IN;ESPAÑOL - B1 (Nivel intermedio);Turquía;Sakarya Üniversitesi (Turquía);5;0;25/08/2024
2023;ERASMUS;041-Administración de empresas;Facultad de Ciencias Sociales y Humanas de Teruel;OUT;FRANCÉS - B1 (Nivel intermedio);Francia;Université De Reims Champagne-Ardenne (Francia);2;0;25/08/2024
2023;ERASMUS;041-Administración de empresas;Facultad de Ciencias Sociales y Humanas de Teruel;OUT;FRANCÉS - B2 (Nivel avanzado);Francia;Université De Pau Et Des Pays De L'Adour (Francia);4;0;25/08/2024
2023;ERASMUS;041-Administración de empresas;Facultad de Ciencias Sociales y Humanas de Teruel;OUT;INGLÉS - B1 (Nivel intermedio);Alemania;Universität Bielefeld (Alemania);2;0;25/08/2024
2023;ERASMUS;041-Administración de empresas;Facultad de Ciencias Sociales y Humanas de Teruel;OUT;INGLÉS - B1 (Nivel intermedio);Bélgica;Katholieke Universiteit Leuven (Bélgica);2;0;25/08/2024
2023;ERASMUS;041-Administración de empresas;Facultad de Ciencias Sociales y Humanas de Teruel;OUT;INGLÉS - B1 (Nivel intermedio);Francia;Université De Pau Et Des Pays De L'Adour (Francia);0;0;25/08/2024
2023;ERASMUS;041-Administración de empresas;Facultad de Ciencias Sociales y Humanas de Teruel;OUT;INGLÉS - B1 (Nivel intermedio);Italia;Università Degli Studi Di Perugia (Italia);2;4;25/08/2024
2023;ERASMUS;041-Administración de empresas;Facultad de Ciencias Sociales y Humanas de Teruel;OUT;INGLÉS - B1 (Nivel intermedio);Italia;Università Degli Studi Di Cagliari (Italia);3;0;25/08/2024
2023;ERASMUS;041-Administración de empresas;Facultad de Ciencias Sociales y Humanas de Teruel;OUT;INGLÉS - B1 (Nivel intermedio);Macedonia;International Balkan University (Macedonia);3;0;25/08/2024
2023;ERASMUS;041-Administración de empresas;Facultad de Ciencias Sociales y Humanas de Teruel;OUT;INGLÉS - B1 (Nivel intermedio);Polonia;Radom Academy Of Economics (Polonia);4;0;25/08/2024
2023;ERASMUS;041-Administración de empresas;Facultad de Ciencias Sociales y Humanas de Teruel;OUT;INGLÉS - B1 (Nivel intermedio);Turquía;Sakarya Üniversitesi (Turquía);5;0;25/08/2024
2023;ERASMUS;041-Administración de empresas;Facultad de Ciencias Sociales y Humanas de Teruel;OUT;INGLÉS - B2 (Nivel avanzado);Holanda;Christelijke Hogeschool Windesheim (Holanda);2;0;25/08/2024
2023;ERASMUS;041-Administración de empresas;Facultad de Ciencias Sociales y Humanas de Teruel;OUT;INGLÉS - B2 (Nivel avanzado);Noruega;Western Norway University Of Applied Sciences (Noruega);1;0;25/08/2024
2023;ERASMUS;041-Administración de empresas;Facultad de Ciencias Sociales y Humanas de Teruel;OUT;OTROS - B1 (Nivel intermedio);Croacia;Par University Of Applied Science (Croacia);2;1;25/08/2024
2023;ERASMUS;041-Administración de empresas;Facultad de Ciencias Sociales y Humanas de Teruel;OUT;OTROS - B1 (Nivel intermedio);Macedonia;Goce Delcev University (Macedonia);3;0;25/08/2024
2023;ERASMUS;041-Administración de empresas;Facultad de Ciencias Sociales y Humanas de Teruel;OUT;PORTUGUÉS - B1 (Nivel intermedio);Portugal;Universidade Do Minho (Portugal);2;0;25/08/2024
2023;ERASMUS;041-Administración de empresas;Facultad de Derecho;OUT;INGLÉS - B2 (Nivel avanzado);Alemania;Hochschule Augsburg (Alemania);3;2;25/08/2024
2023;ERASMUS;041-Administración de empresas;Facultad de Economía y Empresa;IN;ESPAÑOL - B1 (Nivel intermedio);Alemania;Hochschule Augsburg (Alemania);3;0;25/08/2024
2023;ERASMUS;041-Administración de empresas;Facultad de Economía y Empresa;IN;ESPAÑOL - B1 (Nivel intermedio);Alemania;Frankfurt University Of Applied Sciences (Alemania);2;0;25/08/2024
2023;ERASMUS;041-Administración de empresas;Facultad de Economía y Empresa;IN;INGLÉS - B2 (Nivel avanzado);Portugal;Universidade Da Beira Interior (Portugal);6;0;25/08/2024
2023;ERASMUS;041-Administración de empresas;Facultad de Economía y Empresa;IN;No Informado;Eslovenia;Gea College - Faculty Of Entrepreneurship (Eslovenia);3;0;25/08/2024
2023;ERASMUS;041-Administración de empresas;Facultad de Economía y Empresa;OUT;ALEMÁN - B2 (Nivel avanzado);Alemania;Frankfurt University Of Applied Sciences (Alemania);2;0;25/08/2024
2023;ERASMUS;041-Administración de empresas;Facultad de Economía y Empresa;OUT;INGLÉS - B2 (Nivel avanzado);Alemania;Hochschule Augsburg (Alemania);3;2;25/08/2024
2023;ERASMUS;041-Administración de empresas;Facultad de Economía y Empresa;OUT;INGLÉS - B2 (Nivel avanzado);Eslovenia;Gea College - Faculty Of Entrepreneurship (Eslovenia);3;0;25/08/2024
2023;ERASMUS;041-Administración de empresas;Facultad de Economía y Empresa;OUT;PORTUGUÉS - B1 (Nivel intermedio);Portugal;Universidade Da Beira Interior (Portugal);2;4;25/08/2024
2023;ERASMUS;041-Administración de empresas;Facultad de Empresa y Gestión Pública;IN;ESPAÑOL - B1 (Nivel intermedio);Italia;Università Della Valle D'Aosta (Italia);2;0;25/08/2024
2023;ERASMUS;041-Administración de empresas;Facultad de Empresa y Gestión Pública;IN;ESPAÑOL - B1 (Nivel intermedio);Turquía;Sakarya University Of Applied Sciences (Turquía);2;0;25/08/2024
2023;ERASMUS;041-Administración de empresas;Facultad de Empresa y Gestión Pública;OUT;INGLÉS - B1 (Nivel intermedio);Turquía;Sakarya University Of Applied Sciences (Turquía);2;0;25/08/2024
2023;ERASMUS;0410-Administración de empresas (no definido);Escuela de Doctorado;OUT;INGLÉS - B2 (Nivel avanzado);Bélgica;Katholieke Universiteit Leuven (Bélgica);2;5;25/08/2024
2023;ERASMUS;0410-Administración de empresas (no definido);Escuela de Doctorado;OUT;INGLÉS - B2 (Nivel avanzado);Finlandia;Tampere University (Finlandia);2;1;25/08/2024
2023;ERASMUS;0410-Administración de empresas (no definido);Escuela de Doctorado;OUT;ITALIANO - B2 (Nivel avanzado);Italia;"Università Degli Studi Di Napoli ""Parthenope"" (Italia)";2;1;25/08/2024
2023;ERASMUS;0410-Administración de empresas (no definido);Escuela Universitaria Politécnica de Teruel;IN;ESPAÑOL - B1 (Nivel intermedio);Hungría;Óbudai Egyetem (Hungría);2;0;25/08/2024
2023;ERASMUS;0410-Administración de empresas (no definido);Escuela Universitaria Politécnica de Teruel;IN;ESPAÑOL - B1 (Nivel intermedio);Turquía;Okan University (Turquía);2;0;25/08/2024
2023;ERASMUS;0410-Administración de empresas (no definido);Escuela Universitaria Politécnica de Teruel;IN;ESPAÑOL - B1 (Nivel intermedio);Turquía;Istanbul Arel University (Turquía);2;0;25/08/2024
2023;ERASMUS;0410-Administración de empresas (no definido);Escuela Universitaria Politécnica de Teruel;OUT;INGLÉS - B1 (Nivel intermedio);Hungría;University Of Dunaújváros (Hungría);2;0;25/08/2024
2023;ERASMUS;0410-Administración de empresas (no definido);Escuela Universitaria Politécnica de Teruel;OUT;INGLÉS - B1 (Nivel intermedio);Hungría;Óbudai Egyetem (Hungría);2;1;25/08/2024
2023;ERASMUS;0410-Administración de empresas (no definido);Escuela Universitaria Politécnica de Teruel;OUT;INGLÉS - B1 (Nivel intermedio);Turquía;Okan University (Turquía);2;0;25/08/2024
2023;ERASMUS;0410-Administración de empresas (no definido);Escuela Universitaria Politécnica de Teruel;OUT;OTROS - B1 (Nivel intermedio);Turquía;Istanbul Arel University (Turquía);2;0;25/08/2024
2023;ERASMUS;0410-Administración de empresas (no definido);Facultad de Ciencias Sociales y del Trabajo;IN;ESPAÑOL - B1 (Nivel intermedio);Rumanía;Universitatea Din Bucuresti (Rumanía);2;0;25/08/2024
2023;ERASMUS;0410-Administración de empresas (no definido);Facultad de Ciencias Sociales y del Trabajo;IN;INGLÉS - B1 (Nivel intermedio);Rumanía;Universitatea Babes-Bolyai Din Cluj-Napoca (Rumanía);2;0;25/08/2024
2023;ERASMUS;0410-Administración de empresas (no definido);Facultad de Ciencias Sociales y del Trabajo;IN;No Informado;Lituania;Vilnius University (Lituania);2;0;25/08/2024
2023;ERASMUS;0410-Administración de empresas (no definido);Facultad de Ciencias Sociales y del Trabajo;OUT;INGLÉS - B2 (Nivel avanzado);Lituania;Vilnius University (Lituania);2;0;25/08/2024
2023;ERASMUS;0410-Administración de empresas (no definido);Facultad de Ciencias Sociales y del Trabajo;OUT;OTROS - B2 (Nivel avanzado);Rumanía;Universitatea Babes-Bolyai Din Cluj-Napoca (Rumanía);2;4;25/08/2024
2023;ERASMUS;0410-Administración de empresas (no definido);Facultad de Ciencias Sociales y del Trabajo;OUT;OTROS - B2 (Nivel avanzado);Rumanía;Universitatea Din Bucuresti (Rumanía);2;0;25/08/2024
2023;ERASMUS;0410-Administración de empresas (no definido);Facultad de Ciencias Sociales y Humanas de Teruel;IN;ESPAÑOL - B1 (Nivel intermedio);Francia;Université De Haute-Bretagne (Rennes Ii) (Francia);6;0;25/08/2024
2023;ERASMUS;0410-Administración de empresas (no definido);Facultad de Ciencias Sociales y Humanas de Teruel;IN;ESPAÑOL - B1 (Nivel intermedio);Francia;Cy Cergy Paris Université (Francia);2;0;25/08/2024
2023;ERASMUS;0410-Administración de empresas (no definido);Facultad de Ciencias Sociales y Humanas de Teruel;IN;ESPAÑOL - B1 (Nivel intermedio);Francia;Université De Lille (Francia);2;0;25/08/2024
2023;ERASMUS;0410-Administración de empresas (no definido);Facultad de Ciencias Sociales y Humanas de Teruel;IN;ESPAÑOL - B1 (Nivel intermedio);Italia;Università Degli Studi Di Firenze (Italia);2;0;25/08/2024
2023;ERASMUS;0410-Administración de empresas (no definido);Facultad de Ciencias Sociales y Humanas de Teruel;IN;ESPAÑOL - B1 (Nivel intermedio);Italia;Università Degli Studi Di Teramo (Italia);2;0;25/08/2024
2023;ERASMUS;0410-Administración de empresas (no definido);Facultad de Ciencias Sociales y Humanas de Teruel;IN;ESPAÑOL - B1 (Nivel intermedio);Italia;Università Degli Studi Di Parma (Italia);5;0;25/08/2024
2023;ERASMUS;0410-Administración de empresas (no definido);Facultad de Ciencias Sociales y Humanas de Teruel;IN;ESPAÑOL - B1 (Nivel intermedio);Letonia;Latvijas Universitáte (Letonia);2;0;25/08/2024
2023;ERASMUS;0410-Administración de empresas (no definido);Facultad de Ciencias Sociales y Humanas de Teruel;IN;ESPAÑOL - B1 (Nivel intermedio);Polonia;Uniwersytet Ekonomiczny W Krakowie (Polonia);2;0;25/08/2024
2023;ERASMUS;0410-Administración de empresas (no definido);Facultad de Ciencias Sociales y Humanas de Teruel;IN;ESPAÑOL - B1 (Nivel intermedio);Portugal;Universidade Do Minho (Portugal);0;0;25/08/2024
2023;ERASMUS;0410-Administración de empresas (no definido);Facultad de Ciencias Sociales y Humanas de Teruel;IN;ESPAÑOL - B1 (Nivel intermedio);Portugal;Instituto Politécnico De Coimbra (Portugal);2;0;25/08/2024
2023;ERASMUS;0410-Administración de empresas (no definido);Facultad de Ciencias Sociales y Humanas de Teruel;IN;ESPAÑOL - B1 (Nivel intermedio);Portugal;Universidade De Coimbra (Portugal);2;0;25/08/2024
2023;ERASMUS;0410-Administración de empresas (no definido);Facultad de Ciencias Sociales y Humanas de Teruel;IN;ESPAÑOL - B1 (Nivel intermedio);Rumanía;Universitatea De Vest Din Timísoara (Rumanía);2;0;25/08/2024
2023;ERASMUS;0410-Administración de empresas (no definido);Facultad de Ciencias Sociales y Humanas de Teruel;IN;ESPAÑOL - B1 (Nivel intermedio);Rumanía;Universitatea Din Bucuresti (Rumanía);2;0;25/08/2024
2023;ERASMUS;0410-Administración de empresas (no definido);Facultad de Ciencias Sociales y Humanas de Teruel;IN;ESPAÑOL - B1 (Nivel intermedio);Turquía;Bahçesehir University (Turquía);2;0;25/08/2024
2023;ERASMUS;0410-Administración de empresas (no definido);Facultad de Ciencias Sociales y Humanas de Teruel;IN;ESPAÑOL - B1 (Nivel intermedio);Turquía;Mustafa Kemal University (Turquía);2;0;25/08/2024
2023;ERASMUS;0410-Administración de empresas (no definido);Facultad de Ciencias Sociales y Humanas de Teruel;IN;ESPAÑOL - B1 (Nivel intermedio);Turquía;Ege University (Turquía);2;0;25/08/2024
2023;ERASMUS;0410-Administración de empresas (no definido);Facultad de Ciencias Sociales y Humanas de Teruel;IN;INGLÉS - B1 (Nivel intermedio);Noruega;University Of Tromsø-Uit Arctic University Of Norway (Noruega);2;0;25/08/2024
2023;ERASMUS;0410-Administración de empresas (no definido);Facultad de Ciencias Sociales y Humanas de Teruel;IN;No Informado;Rumanía;Universitatea Din Oradea (Rumanía);3;0;25/08/2024
2023;ERASMUS;0410-Administración de empresas (no definido);Facultad de Ciencias Sociales y Humanas de Teruel;IN;No Informado;Rumanía;Partium Christian University (Rumanía);0;0;25/08/2024
2023;ERASMUS;0410-Administración de empresas (no definido);Facultad de Ciencias Sociales y Humanas de Teruel;IN;No Informado;Turquía;Sakarya University Of Applied Sciences (Turquía);2;0;25/08/2024
2023;ERASMUS;0410-Administración de empresas (no definido);Facultad de Ciencias Sociales y Humanas de Teruel;OUT;FRANCÉS - B2 (Nivel avanzado);Francia;Université De Haute-Bretagne (Rennes Ii) (Francia);4;0;25/08/2024
2023;ERASMUS;0410-Administración de empresas (no definido);Facultad de Ciencias Sociales y Humanas de Teruel;OUT;INGLÉS - B1 (Nivel intermedio);Francia;Université De Haute-Bretagne (Rennes Ii) (Francia);2;0;25/08/2024
2023;ERASMUS;0410-Administración de empresas (no definido);Facultad de Ciencias Sociales y Humanas de Teruel;OUT;INGLÉS - B1 (Nivel intermedio);Francia;Cy Cergy Paris Université (Francia);2;0;25/08/2024
2023;ERASMUS;0410-Administración de empresas (no definido);Facultad de Ciencias Sociales y Humanas de Teruel;OUT;INGLÉS - B1 (Nivel intermedio);Francia;Université De Lille (Francia);2;0;25/08/2024
2023;ERASMUS;0410-Administración de empresas (no definido);Facultad de Ciencias Sociales y Humanas de Teruel;OUT;INGLÉS - B1 (Nivel intermedio);Italia;Università Degli Studi Di Teramo (Italia);2;0;25/08/2024
2023;ERASMUS;0410-Administración de empresas (no definido);Facultad de Ciencias Sociales y Humanas de Teruel;OUT;INGLÉS - B1 (Nivel intermedio);Italia;Università Degli Studi Di Firenze (Italia);2;0;25/08/2024
2023;ERASMUS;0410-Administración de empresas (no definido);Facultad de Ciencias Sociales y Humanas de Teruel;OUT;INGLÉS - B1 (Nivel intermedio);Letonia;Latvijas Universitáte (Letonia);2;1;25/08/2024
2023;ERASMUS;0410-Administración de empresas (no definido);Facultad de Ciencias Sociales y Humanas de Teruel;OUT;INGLÉS - B1 (Nivel intermedio);Portugal;Universidade Do Minho (Portugal);0;0;25/08/2024
2023;ERASMUS;0410-Administración de empresas (no definido);Facultad de Ciencias Sociales y Humanas de Teruel;OUT;INGLÉS - B1 (Nivel intermedio);Portugal;Universidade De Coimbra (Portugal);2;2;25/08/2024
2023;ERASMUS;0410-Administración de empresas (no definido);Facultad de Ciencias Sociales y Humanas de Teruel;OUT;INGLÉS - B1 (Nivel intermedio);Portugal;Instituto Politécnico De Coimbra (Portugal);2;3;25/08/2024
2023;ERASMUS;0410-Administración de empresas (no definido);Facultad de Ciencias Sociales y Humanas de Teruel;OUT;INGLÉS - B1 (Nivel intermedio);República Checa;Bankovní Institut Vysoká Skola (República Checa);0;0;25/08/2024
2023;ERASMUS;0410-Administración de empresas (no definido);Facultad de Ciencias Sociales y Humanas de Teruel;OUT;INGLÉS - B1 (Nivel intermedio);Rumanía;Partium Christian University (Rumanía);0;0;25/08/2024
2023;ERASMUS;0410-Administración de empresas (no definido);Facultad de Ciencias Sociales y Humanas de Teruel;OUT;INGLÉS - B1 (Nivel intermedio);Rumanía;Universitatea Din Bucuresti (Rumanía);2;0;25/08/2024
2023;ERASMUS;0410-Administración de empresas (no definido);Facultad de Ciencias Sociales y Humanas de Teruel;OUT;INGLÉS - B1 (Nivel intermedio);Turquía;Bahçesehir University (Turquía);2;0;25/08/2024
2023;ERASMUS;0410-Administración de empresas (no definido);Facultad de Ciencias Sociales y Humanas de Teruel;OUT;INGLÉS - B1 (Nivel intermedio);Turquía;Mustafa Kemal University (Turquía);2;0;25/08/2024
2023;ERASMUS;0410-Administración de empresas (no definido);Facultad de Ciencias Sociales y Humanas de Teruel;OUT;INGLÉS - B1 (Nivel intermedio);Turquía;Nigde Omer Halisdemir University (Turquía);2;0;25/08/2024
2023;ERASMUS;0410-Administración de empresas (no definido);Facultad de Ciencias Sociales y Humanas de Teruel;OUT;INGLÉS - B2 (Nivel avanzado);Noruega;University Of Tromsø-Uit Arctic University Of Norway (Noruega);2;1;25/08/2024
2023;ERASMUS;0410-Administración de empresas (no definido);Facultad de Ciencias Sociales y Humanas de Teruel;OUT;INGLÉS - B2 (Nivel avanzado);Polonia;Uniwersytet Ekonomiczny W Krakowie (Polonia);2;0;25/08/2024
2023;ERASMUS;0410-Administración de empresas (no definido);Facultad de Ciencias Sociales y Humanas de Teruel;OUT;INGLÉS - B2 (Nivel avanzado);Rumanía;Universitatea Din Oradea (Rumanía);3;0;25/08/2024
2023;ERASMUS;0410-Administración de empresas (no definido);Facultad de Ciencias Sociales y Humanas de Teruel;OUT;ITALIANO - B1 (Nivel intermedio);Italia;Università Degli Studi Di Parma (Italia);5;0;25/08/2024
2023;ERASMUS;0410-Administración de empresas (no definido);Facultad de Ciencias Sociales y Humanas de Teruel;OUT;No Informado;Turquía;Ege University (Turquía);2;0;25/08/2024
2023;ERASMUS;0410-Administración de empresas (no definido);Facultad de Ciencias Sociales y Humanas de Teruel;OUT;OTROS - B1 (Nivel intermedio);Rumanía;Universitatea De Vest Din Timísoara (Rumanía);2;0;25/08/2024
2023;ERASMUS;0410-Administración de empresas (no definido);Facultad de Ciencias Sociales y Humanas de Teruel;OUT;OTROS - B1 (Nivel intermedio);Turquía;Sakarya University Of Applied Sciences (Turquía);2;0;25/08/2024
2023;ERASMUS;0410-Administración de empresas (no definido);Facultad de Ciencias Sociales y Humanas de Teruel;OUT;PORTUGUÉS - B1 (Nivel intermedio);Portugal;Universidade Do Minho (Portugal);0;0;25/08/2024
2023;ERASMUS;0410-Administración de empresas (no definido);Facultad de Derecho;OUT;ALEMÁN - B1 (Nivel intermedio);Alemania;Technische Universität Dresden (Alemania);2;0;25/08/2024
2023;ERASMUS;0410-Administración de empresas (no definido);Facultad de Derecho;OUT;ALEMÁN - B1 (Nivel intermedio);Alemania;Julius-Maximilians- Universität Würzburg (Alemania);2;0;25/08/2024
2023;ERASMUS;0410-Administración de empresas (no definido);Facultad de Derecho;OUT;ALEMÁN - B2 (Nivel avanzado);Alemania;Gottfried Wilhelm Leibniz Universität Hannover (Alemania);3;2;25/08/2024
2023;ERASMUS;0410-Administración de empresas (no definido);Facultad de Derecho;OUT;FRANCÉS - B1 (Nivel intermedio);Bélgica;University Of Namur (Bélgica);2;1;25/08/2024
2023;ERASMUS;0410-Administración de empresas (no definido);Facultad de Derecho;OUT;FRANCÉS - B1 (Nivel intermedio);Francia;Université Jean Moulin (Lyon Iii) (Francia);0;0;25/08/2024
2023;ERASMUS;0410-Administración de empresas (no definido);Facultad de Derecho;OUT;FRANCÉS - B2 (Nivel avanzado);Bélgica;Université Catholique De Louvain (Bélgica);0;0;25/08/2024
2023;ERASMUS;0410-Administración de empresas (no definido);Facultad de Derecho;OUT;FRANCÉS - B2 (Nivel avanzado);Francia;Université De Savoie Mont Blanc (Francia);4;0;25/08/2024
2023;ERASMUS;0410-Administración de empresas (no definido);Facultad de Derecho;OUT;FRANCÉS - B2 (Nivel avanzado);Francia;Université Panthéon-Assas Paris Ii (Francia);2;0;25/08/2024
2023;ERASMUS;0410-Administración de empresas (no definido);Facultad de Derecho;OUT;INGLÉS - B1 (Nivel intermedio);Alemania;Universität Trier (Alemania);2;0;25/08/2024
2023;ERASMUS;0410-Administración de empresas (no definido);Facultad de Derecho;OUT;INGLÉS - B1 (Nivel intermedio);Alemania;Hochschule Esslingen - University Of Applied Sciences (Alemania);4;2;25/08/2024
2023;ERASMUS;0410-Administración de empresas (no definido);Facultad de Derecho;OUT;INGLÉS - B1 (Nivel intermedio);Alemania;Fachhochschule Dortmund (Alemania);4;3;25/08/2024
2023;ERASMUS;0410-Administración de empresas (no definido);Facultad de Derecho;OUT;INGLÉS - B1 (Nivel intermedio);Bulgaria;University Of National And World Economy (Bulgaria);5;5;25/08/2024
2023;ERASMUS;0410-Administración de empresas (no definido);Facultad de Derecho;OUT;INGLÉS - B1 (Nivel intermedio);Eslovaquia;Univerzita Komenskeho V Bratislave (Eslovaquia);6;6;25/08/2024
2023;ERASMUS;0410-Administración de empresas (no definido);Facultad de Derecho;OUT;INGLÉS - B1 (Nivel intermedio);Eslovenia;Univerza V Mariboru (Eslovenia);1;2;25/08/2024
2023;ERASMUS;0410-Administración de empresas (no definido);Facultad de Derecho;OUT;INGLÉS - B1 (Nivel intermedio);Irlanda (Eire);Technological University Dublin-City Campus (Irlanda (Eire));3;3;25/08/2024
2023;ERASMUS;0410-Administración de empresas (no definido);Facultad de Derecho;OUT;INGLÉS - B1 (Nivel intermedio);Italia;Università Degli Studi Di Torino (Italia);5;5;25/08/2024
2023;ERASMUS;0410-Administración de empresas (no definido);Facultad de Derecho;OUT;INGLÉS - B1 (Nivel intermedio);Italia;Università Degli Studi Di Padova (Italia);2;2;25/08/2024
2023;ERASMUS;0410-Administración de empresas (no definido);Facultad de Derecho;OUT;INGLÉS - B1 (Nivel intermedio);Noruega;Høgskolen I Molde (Noruega);2;0;25/08/2024
2023;ERASMUS;0410-Administración de empresas (no definido);Facultad de Derecho;OUT;INGLÉS - B1 (Nivel intermedio);Polonia;Uniwersytet Rzeszowski (Polonia);2;2;25/08/2024
2023;ERASMUS;0410-Administración de empresas (no definido);Facultad de Derecho;OUT;INGLÉS - B1 (Nivel intermedio);Polonia;Uniwersytet Lódzki (Polonia);3;3;25/08/2024
2023;ERASMUS;0410-Administración de empresas (no definido);Facultad de Derecho;OUT;INGLÉS - B1 (Nivel intermedio);Polonia;Uniwersytet Marii Curie - Sklodowskiej (Polonia);2;2;25/08/2024
2023;ERASMUS;0410-Administración de empresas (no definido);Facultad de Derecho;OUT;INGLÉS - B1 (Nivel intermedio);Portugal;Universidade De Aveiro (Portugal);3;4;25/08/2024
2023;ERASMUS;0410-Administración de empresas (no definido);Facultad de Derecho;OUT;INGLÉS - B2 (Nivel avanzado);Alemania;Fachhochschule Neu-Ulm (Alemania);2;0;25/08/2024
2023;ERASMUS;0410-Administración de empresas (no definido);Facultad de Derecho;OUT;INGLÉS - B2 (Nivel avanzado);Alemania;Friedrich-Schiller-Universität Jena (Alemania);3;0;25/08/2024
2023;ERASMUS;0410-Administración de empresas (no definido);Facultad de Derecho;OUT;INGLÉS - B2 (Nivel avanzado);Alemania;Georg-August-Universität Göttingen (Alemania);4;0;25/08/2024
2023;ERASMUS;0410-Administración de empresas (no definido);Facultad de Derecho;OUT;INGLÉS - B2 (Nivel avanzado);Alemania;Hfwu Nuertingen-Geislingen University (Alemania);2;1;25/08/2024
2023;ERASMUS;0410-Administración de empresas (no definido);Facultad de Derecho;OUT;INGLÉS - B2 (Nivel avanzado);Alemania;Hochschule Heilbronn (Alemania);2;0;25/08/2024
2023;ERASMUS;0410-Administración de empresas (no definido);Facultad de Derecho;OUT;INGLÉS - B2 (Nivel avanzado);Alemania;Ludwig-Maximilians-Universität München (Alemania);1;1;25/08/2024
2023;ERASMUS;0410-Administración de empresas (no definido);Facultad de Derecho;OUT;INGLÉS - B2 (Nivel avanzado);Alemania;Fachhochschule Trier - Hochschule Für Technik, Wirtschaft Und Gestaltung (Alemania);2;1;25/08/2024
2023;ERASMUS;0410-Administración de empresas (no definido);Facultad de Derecho;OUT;INGLÉS - B2 (Nivel avanzado);Alemania;Hochschule Für Wirtschaft Und Recht Berlin (Alemania);5;5;25/08/2024
2023;ERASMUS;0410-Administración de empresas (no definido);Facultad de Derecho;OUT;INGLÉS - B2 (Nivel avanzado);Bélgica;Universiteit Gent (Bélgica);2;2;25/08/2024
2023;ERASMUS;0410-Administración de empresas (no definido);Facultad de Derecho;OUT;INGLÉS - B2 (Nivel avanzado);Bélgica;Katholieke Universiteit Leuven (Bélgica);2;5;25/08/2024
2023;ERASMUS;0410-Administración de empresas (no definido);Facultad de Derecho;OUT;INGLÉS - B2 (Nivel avanzado);Bélgica;Université Catholique De Louvain (Bélgica);1;1;25/08/2024
2023;ERASMUS;0410-Administración de empresas (no definido);Facultad de Derecho;OUT;INGLÉS - B2 (Nivel avanzado);Finlandia;Tampere University (Finlandia);2;1;25/08/2024
2023;ERASMUS;0410-Administración de empresas (no definido);Facultad de Derecho;OUT;INGLÉS - B2 (Nivel avanzado);Francia;Esce International Business School, Paris (Francia);2;2;25/08/2024
2023;ERASMUS;0410-Administración de empresas (no definido);Facultad de Derecho;OUT;INGLÉS - B2 (Nivel avanzado);Francia;École Supérieure Des Sciences Commerciales D'Angers (Essca) (Francia);3;2;25/08/2024
2023;ERASMUS;0410-Administración de empresas (no definido);Facultad de Derecho;OUT;INGLÉS - B2 (Nivel avanzado);Francia;Tbs Education (Francia);3;3;25/08/2024
2023;ERASMUS;0410-Administración de empresas (no definido);Facultad de Derecho;OUT;INGLÉS - B2 (Nivel avanzado);Holanda;Inholland University Of Applied Sciences (Holanda);2;2;25/08/2024
2023;ERASMUS;0410-Administración de empresas (no definido);Facultad de Derecho;OUT;INGLÉS - B2 (Nivel avanzado);Irlanda (Eire);South East Technological University (Irlanda (Eire));4;2;25/08/2024
2023;ERASMUS;0410-Administración de empresas (no definido);Facultad de Derecho;OUT;INGLÉS - B2 (Nivel avanzado);Irlanda (Eire);Munster Technological University (Irlanda (Eire));2;0;25/08/2024
2023;ERASMUS;0410-Administración de empresas (no definido);Facultad de Derecho;OUT;INGLÉS - B2 (Nivel avanzado);Italia;Università Cattolica Del Sacro Cuore Di Milano (Italia);2;1;25/08/2024
2023;ERASMUS;0410-Administración de empresas (no definido);Facultad de Derecho;OUT;INGLÉS - B2 (Nivel avanzado);Italia;Università Degli Studi Di Napoli Federico Ii (Italia);2;2;25/08/2024
2023;ERASMUS;0410-Administración de empresas (no definido);Facultad de Derecho;OUT;INGLÉS - B2 (Nivel avanzado);Italia;Università Degli Studi Di Firenze (Italia);2;2;25/08/2024
2023;ERASMUS;0410-Administración de empresas (no definido);Facultad de Derecho;OUT;INGLÉS - B2 (Nivel avanzado);Italia;Università Degli Studi Di Trento (Italia);2;0;25/08/2024
2023;ERASMUS;0410-Administración de empresas (no definido);Facultad de Derecho;OUT;INGLÉS - B2 (Nivel avanzado);Noruega;Høgskolen I Agder (Noruega);2;0;25/08/2024
2023;ERASMUS;0410-Administración de empresas (no definido);Facultad de Derecho;OUT;INGLÉS - B2 (Nivel avanzado);Polonia;Uniwersytet Gdanski (Polonia);4;4;25/08/2024
2023;ERASMUS;0410-Administración de empresas (no definido);Facultad de Derecho;OUT;INGLÉS - B2 (Nivel avanzado);Polonia;Politechnika Lubelska (Polonia);0;0;25/08/2024
2023;ERASMUS;0410-Administración de empresas (no definido);Facultad de Derecho;OUT;INGLÉS - B2 (Nivel avanzado);Polonia;Uniwersytet Wroclawski (Polonia);2;2;25/08/2024
2023;ERASMUS;0410-Administración de empresas (no definido);Facultad de Derecho;OUT;INGLÉS - B2 (Nivel avanzado);Polonia;University Of Economics And Human Sciences In Warsaw (Polonia);2;2;25/08/2024
2023;ERASMUS;0410-Administración de empresas (no definido);Facultad de Derecho;OUT;INGLÉS - B2 (Nivel avanzado);Portugal;Universidade Do Minho (Portugal);2;2;25/08/2024
2023;ERASMUS;0410-Administración de empresas (no definido);Facultad de Derecho;OUT;INGLÉS - B2 (Nivel avanzado);Portugal;Universidade De Lisboa (Portugal);0;0;25/08/2024
2023;ERASMUS;0410-Administración de empresas (no definido);Facultad de Derecho;OUT;INGLÉS - B2 (Nivel avanzado);Portugal;Universidade Do Porto (Portugal);1;1;25/08/2024
2023;ERASMUS;0410-Administración de empresas (no definido);Facultad de Derecho;OUT;INGLÉS - B2 (Nivel avanzado);Portugal;Universidade Nova De Lisboa (Portugal);3;1;25/08/2024
2023;ERASMUS;0410-Administración de empresas (no definido);Facultad de Derecho;OUT;INGLÉS - B2 (Nivel avanzado);República Checa;University Of Finance And Administration (República Checa);2;2;25/08/2024
2023;ERASMUS;0410-Administración de empresas (no definido);Facultad de Derecho;OUT;INGLÉS - B2 (Nivel avanzado);Suecia;Umeå Universitet (Suecia);2;1;25/08/2024
2023;ERASMUS;0410-Administración de empresas (no definido);Facultad de Derecho;OUT;INGLÉS - C1 (Nivel avanzado 1);Alemania;Hochschule Für Technik Und Wirtschaft Berlin (Alemania);7;4;25/08/2024
2023;ERASMUS;0410-Administración de empresas (no definido);Facultad de Derecho;OUT;INGLÉS - C1 (Nivel avanzado 1);Finlandia;Centria University Of Applied Sciences (Finlandia);3;0;25/08/2024
2023;ERASMUS;0410-Administración de empresas (no definido);Facultad de Derecho;OUT;INGLÉS - C1 (Nivel avanzado 1);Grecia;Athens University Of Economics And Business (Grecia);2;1;25/08/2024
2023;ERASMUS;0410-Administración de empresas (no definido);Facultad de Derecho;OUT;INGLÉS - C1 (Nivel avanzado 1);Noruega;Kristiania University College (Kuc) (Noruega);4;0;25/08/2024
2023;ERASMUS;0410-Administración de empresas (no definido);Facultad de Derecho;OUT;INGLÉS - C1 (Nivel avanzado 1);Reino Unido;University Of Strathclyde (Reino Unido);2;0;25/08/2024
2023;ERASMUS;0410-Administración de empresas (no definido);Facultad de Derecho;OUT;INGLÉS - TOEFL / IELTS;Finlandia;Hanken Svenska Handelshögskolan (Finlandia);1;1;25/08/2024
2023;ERASMUS;0410-Administración de empresas (no definido);Facultad de Derecho;OUT;ITALIANO - A2 (Nivel básico avanzado);Italia;Università Degli Studi Di Milano-Bicocca (Italia);2;4;25/08/2024
2023;ERASMUS;0410-Administración de empresas (no definido);Facultad de Derecho;OUT;ITALIANO - B1 (Nivel intermedio);Italia;Università Degli Studi Di Modena E Reggio Emilia (Italia);5;3;25/08/2024
2023;ERASMUS;0410-Administración de empresas (no definido);Facultad de Derecho;OUT;ITALIANO - B1 (Nivel intermedio);Italia;Università Degli Studi Di Roma 'Tor Vergata' (Italia);3;3;25/08/2024
2023;ERASMUS;0410-Administración de empresas (no definido);Facultad de Derecho;OUT;ITALIANO - B1 (Nivel intermedio);Italia;Università Degli Studi Di Siena (Italia);2;1;25/08/2024
2023;ERASMUS;0410-Administración de empresas (no definido);Facultad de Derecho;OUT;RUMANO - B1 (Nivel intermedio);Rumanía;Universitatea De Vest Din Timísoara (Rumanía);6;7;25/08/2024
2023;ERASMUS;0410-Administración de empresas (no definido);Facultad de Economía y Empresa;IN;ESPAÑOL - B1 (Nivel intermedio);Alemania;Friedrich-Schiller-Universität Jena (Alemania);3;0;25/08/2024
2023;ERASMUS;0410-Administración de empresas (no definido);Facultad de Economía y Empresa;IN;ESPAÑOL - B1 (Nivel intermedio);Alemania;Technische Universität Dresden (Alemania);4;0;25/08/2024
2023;ERASMUS;0410-Administración de empresas (no definido);Facultad de Economía y Empresa;IN;ESPAÑOL - B1 (Nivel intermedio);Alemania;Ludwig-Maximilians-Universität München (Alemania);2;0;25/08/2024
2023;ERASMUS;0410-Administración de empresas (no definido);Facultad de Economía y Empresa;IN;ESPAÑOL - B1 (Nivel intermedio);Alemania;Julius-Maximilians- Universität Würzburg (Alemania);2;0;25/08/2024
2023;ERASMUS;0410-Administración de empresas (no definido);Facultad de Economía y Empresa;IN;ESPAÑOL - B1 (Nivel intermedio);Alemania;Hochschule Für Wirtschaft Und Recht Berlin (Alemania);3;0;25/08/2024
2023;ERASMUS;0410-Administración de empresas (no definido);Facultad de Economía y Empresa;IN;ESPAÑOL - B1 (Nivel intermedio);Alemania;Hochschule Für Technik Und Wirtschaft Berlin (Alemania);7;0;25/08/2024
2023;ERASMUS;0410-Administración de empresas (no definido);Facultad de Economía y Empresa;IN;ESPAÑOL - B1 (Nivel intermedio);Alemania;Johann Wolfgang Goethe-Universitaet Frankfurt Am Main (Alemania);4;0;25/08/2024
2023;ERASMUS;0410-Administración de empresas (no definido);Facultad de Economía y Empresa;IN;ESPAÑOL - B1 (Nivel intermedio);Alemania;Westfaelische Hochschule Gelsenkirchen Bocholt Recklinghause (Alemania);2;0;25/08/2024
2023;ERASMUS;0410-Administración de empresas (no definido);Facultad de Economía y Empresa;IN;ESPAÑOL - B1 (Nivel intermedio);Alemania;Thm Technische Hochschule Mittelhessen University Of Applied Sciences (Alemania);2;0;25/08/2024
2023;ERASMUS;0410-Administración de empresas (no definido);Facultad de Economía y Empresa;IN;ESPAÑOL - B1 (Nivel intermedio);Alemania;Fachhochschule Trier - Hochschule Für Technik, Wirtschaft Und Gestaltung (Alemania);2;0;25/08/2024
2023;ERASMUS;0410-Administración de empresas (no definido);Facultad de Economía y Empresa;IN;ESPAÑOL - B1 (Nivel intermedio);Alemania;Georg-August-Universität Göttingen (Alemania);4;0;25/08/2024
2023;ERASMUS;0410-Administración de empresas (no definido);Facultad de Economía y Empresa;IN;ESPAÑOL - B1 (Nivel intermedio);Alemania;Europa-Universität Flensburg (Alemania);2;0;25/08/2024
2023;ERASMUS;0410-Administración de empresas (no definido);Facultad de Economía y Empresa;IN;ESPAÑOL - B1 (Nivel intermedio);Alemania;Universität Trier (Alemania);2;0;25/08/2024
2023;ERASMUS;0410-Administración de empresas (no definido);Facultad de Economía y Empresa;IN;ESPAÑOL - B1 (Nivel intermedio);Austria;Fhs Kufstein Tirol Bildungs - Gmbh (Austria);3;0;25/08/2024
2023;ERASMUS;0410-Administración de empresas (no definido);Facultad de Economía y Empresa;IN;ESPAÑOL - B1 (Nivel intermedio);Bélgica;Haute École Ephec (Bélgica);3;0;25/08/2024
2023;ERASMUS;0410-Administración de empresas (no definido);Facultad de Economía y Empresa;IN;ESPAÑOL - B1 (Nivel intermedio);Bélgica;Université Catholique De Louvain (Bélgica);2;0;25/08/2024
2023;ERASMUS;0410-Administración de empresas (no definido);Facultad de Economía y Empresa;IN;ESPAÑOL - B1 (Nivel intermedio);Bélgica;Universiteit Gent (Bélgica);2;0;25/08/2024
2023;ERASMUS;0410-Administración de empresas (no definido);Facultad de Economía y Empresa;IN;ESPAÑOL - B1 (Nivel intermedio);Bélgica;University Of Namur (Bélgica);4;0;25/08/2024
2023;ERASMUS;0410-Administración de empresas (no definido);Facultad de Economía y Empresa;IN;ESPAÑOL - B1 (Nivel intermedio);Bélgica;Katholieke Universiteit Leuven (Bélgica);6;0;25/08/2024
2023;ERASMUS;0410-Administración de empresas (no definido);Facultad de Economía y Empresa;IN;ESPAÑOL - B1 (Nivel intermedio);Bulgaria;University Of National And World Economy (Bulgaria);5;0;25/08/2024
2023;ERASMUS;0410-Administración de empresas (no definido);Facultad de Economía y Empresa;IN;ESPAÑOL - B1 (Nivel intermedio);Croacia;University Of Rijeka (Croacia);2;0;25/08/2024
2023;ERASMUS;0410-Administración de empresas (no definido);Facultad de Economía y Empresa;IN;ESPAÑOL - B1 (Nivel intermedio);Dinamarca;Syddansk Universitet (Dinamarca);4;0;25/08/2024
2023;ERASMUS;0410-Administración de empresas (no definido);Facultad de Economía y Empresa;IN;ESPAÑOL - B1 (Nivel intermedio);Eslovaquia;Univerzita Komenskeho V Bratislave (Eslovaquia);6;0;25/08/2024
2023;ERASMUS;0410-Administración de empresas (no definido);Facultad de Economía y Empresa;IN;ESPAÑOL - B1 (Nivel intermedio);Finlandia;Hanken Svenska Handelshögskolan (Finlandia);2;0;25/08/2024
2023;ERASMUS;0410-Administración de empresas (no definido);Facultad de Economía y Empresa;IN;ESPAÑOL - B1 (Nivel intermedio);Finlandia;Seinäjoen Ammattikorkeakoulu (Finlandia);1;0;25/08/2024
2023;ERASMUS;0410-Administración de empresas (no definido);Facultad de Economía y Empresa;IN;ESPAÑOL - B1 (Nivel intermedio);Finlandia;Centria University Of Applied Sciences (Finlandia);3;0;25/08/2024
2023;ERASMUS;0410-Administración de empresas (no definido);Facultad de Economía y Empresa;IN;ESPAÑOL - B1 (Nivel intermedio);Francia;Excelia Group (Francia);4;0;25/08/2024
2023;ERASMUS;0410-Administración de empresas (no definido);Facultad de Economía y Empresa;IN;ESPAÑOL - B1 (Nivel intermedio);Francia;Université De Lille (Francia);2;0;25/08/2024
2023;ERASMUS;0410-Administración de empresas (no definido);Facultad de Economía y Empresa;IN;ESPAÑOL - B1 (Nivel intermedio);Francia;Idrac Business School (Francia);4;0;25/08/2024
2023;ERASMUS;0410-Administración de empresas (no definido);Facultad de Economía y Empresa;IN;ESPAÑOL - B1 (Nivel intermedio);Francia;Université Jean Monnet De Saint- Etienne (Francia);6;0;25/08/2024
2023;ERASMUS;0410-Administración de empresas (no definido);Facultad de Economía y Empresa;IN;ESPAÑOL - B1 (Nivel intermedio);Francia;Université Paris-Est Créteil Val De Marne (Francia);6;0;25/08/2024
2023;ERASMUS;0410-Administración de empresas (no definido);Facultad de Economía y Empresa;IN;ESPAÑOL - B1 (Nivel intermedio);Francia;École Supérieure Des Sciences Commerciales D'Angers (Essca) (Francia);6;0;25/08/2024
2023;ERASMUS;0410-Administración de empresas (no definido);Facultad de Economía y Empresa;IN;ESPAÑOL - B1 (Nivel intermedio);Francia;Rennes School Of Business (Francia);3;0;25/08/2024
2023;ERASMUS;0410-Administración de empresas (no definido);Facultad de Economía y Empresa;IN;ESPAÑOL - B1 (Nivel intermedio);Francia;Université Catholique De Lille (Francia);2;0;25/08/2024
2023;ERASMUS;0410-Administración de empresas (no definido);Facultad de Economía y Empresa;IN;ESPAÑOL - B1 (Nivel intermedio);Francia;Université Sorbonne Paris Nord (Francia);3;0;25/08/2024
2023;ERASMUS;0410-Administración de empresas (no definido);Facultad de Economía y Empresa;IN;ESPAÑOL - B1 (Nivel intermedio);Francia;Université De Bourgogne - Dijon (Francia);6;0;25/08/2024
2023;ERASMUS;0410-Administración de empresas (no definido);Facultad de Economía y Empresa;IN;ESPAÑOL - B1 (Nivel intermedio);Francia;Université De Savoie Mont Blanc (Francia);4;0;25/08/2024
2023;ERASMUS;0410-Administración de empresas (no definido);Facultad de Economía y Empresa;IN;ESPAÑOL - B1 (Nivel intermedio);Francia;Neoma Business School-Reims Campus (Francia);6;0;25/08/2024
2023;ERASMUS;0410-Administración de empresas (no definido);Facultad de Economía y Empresa;IN;ESPAÑOL - B1 (Nivel intermedio);Francia;Université Panthéon-Assas Paris Ii (Francia);2;0;25/08/2024
2023;ERASMUS;0410-Administración de empresas (no definido);Facultad de Economía y Empresa;IN;ESPAÑOL - B1 (Nivel intermedio);Francia;Université Paul Sabatier - Toulouse Iii (Francia);3;0;25/08/2024
2023;ERASMUS;0410-Administración de empresas (no definido);Facultad de Economía y Empresa;IN;ESPAÑOL - B1 (Nivel intermedio);Francia;Esce International Business School, Paris (Francia);4;0;25/08/2024
2023;ERASMUS;0410-Administración de empresas (no definido);Facultad de Economía y Empresa;IN;ESPAÑOL - B1 (Nivel intermedio);Francia;Université De Pau Et Des Pays De L'Adour (Francia);2;0;25/08/2024
2023;ERASMUS;0410-Administración de empresas (no definido);Facultad de Economía y Empresa;IN;ESPAÑOL - B1 (Nivel intermedio);Grecia;Athens University Of Economics And Business (Grecia);2;0;25/08/2024
2023;ERASMUS;0410-Administración de empresas (no definido);Facultad de Economía y Empresa;IN;ESPAÑOL - B1 (Nivel intermedio);Grecia;International Hellenic University (Grecia);7;0;25/08/2024
2023;ERASMUS;0410-Administración de empresas (no definido);Facultad de Economía y Empresa;IN;ESPAÑOL - B1 (Nivel intermedio);Holanda;Nhl Stenden University Of Applied Sciences (Holanda);6;0;25/08/2024
2023;ERASMUS;0410-Administración de empresas (no definido);Facultad de Economía y Empresa;IN;ESPAÑOL - B1 (Nivel intermedio);Holanda;Inholland University Of Applied Sciences (Holanda);4;0;25/08/2024
2023;ERASMUS;0410-Administración de empresas (no definido);Facultad de Economía y Empresa;IN;ESPAÑOL - B1 (Nivel intermedio);Holanda;Christelijke Hogeschool Windesheim (Holanda);4;0;25/08/2024
2023;ERASMUS;0410-Administración de empresas (no definido);Facultad de Economía y Empresa;IN;ESPAÑOL - B1 (Nivel intermedio);Holanda;Hogeschool Van Utrecht (Holanda);4;0;25/08/2024
2023;ERASMUS;0410-Administración de empresas (no definido);Facultad de Economía y Empresa;IN;ESPAÑOL - B1 (Nivel intermedio);Irlanda (Eire);Munster Technological University (Irlanda (Eire));2;0;25/08/2024
2023;ERASMUS;0410-Administración de empresas (no definido);Facultad de Economía y Empresa;IN;ESPAÑOL - B1 (Nivel intermedio);Irlanda (Eire);South East Technological University (Irlanda (Eire));4;0;25/08/2024
2023;ERASMUS;0410-Administración de empresas (no definido);Facultad de Economía y Empresa;IN;ESPAÑOL - B1 (Nivel intermedio);Irlanda (Eire);Technological University Dublin-City Campus (Irlanda (Eire));3;0;25/08/2024
2023;ERASMUS;0410-Administración de empresas (no definido);Facultad de Economía y Empresa;IN;ESPAÑOL - B1 (Nivel intermedio);Irlanda (Eire);Technological University Of The Shannon: Midlands Midwest (Tus) (Irlanda (Eire));2;0;25/08/2024
2023;ERASMUS;0410-Administración de empresas (no definido);Facultad de Economía y Empresa;IN;ESPAÑOL - B1 (Nivel intermedio);Italia;Università Degli Studi Di Firenze (Italia);1;0;25/08/2024
2023;ERASMUS;0410-Administración de empresas (no definido);Facultad de Economía y Empresa;IN;ESPAÑOL - B1 (Nivel intermedio);Italia;Università Degli Studi Di Salerno (Italia);4;0;25/08/2024
2023;ERASMUS;0410-Administración de empresas (no definido);Facultad de Economía y Empresa;IN;ESPAÑOL - B1 (Nivel intermedio);Italia;Università Degli Studi Di Napoli Federico Ii (Italia);2;0;25/08/2024
2023;ERASMUS;0410-Administración de empresas (no definido);Facultad de Economía y Empresa;IN;ESPAÑOL - B1 (Nivel intermedio);Italia;Università Degli Studi Di Roma 'Tor Vergata' (Italia);6;0;25/08/2024
2023;ERASMUS;0410-Administración de empresas (no definido);Facultad de Economía y Empresa;IN;ESPAÑOL - B1 (Nivel intermedio);Italia;"Università Degli Studi Di Napoli ""Parthenope"" (Italia)";2;0;25/08/2024
2023;ERASMUS;0410-Administración de empresas (no definido);Facultad de Economía y Empresa;IN;ESPAÑOL - B1 (Nivel intermedio);Italia;Università Cattolica Del Sacro Cuore Di Milano (Italia);4;0;25/08/2024
2023;ERASMUS;0410-Administración de empresas (no definido);Facultad de Economía y Empresa;IN;ESPAÑOL - B1 (Nivel intermedio);Italia;Università Degli Studi Di Modena E Reggio Emilia (Italia);9;0;25/08/2024
2023;ERASMUS;0410-Administración de empresas (no definido);Facultad de Economía y Empresa;IN;ESPAÑOL - B1 (Nivel intermedio);Italia;Università Degli Studi Di Cassino (Italia);2;0;25/08/2024
2023;ERASMUS;0410-Administración de empresas (no definido);Facultad de Economía y Empresa;IN;ESPAÑOL - B1 (Nivel intermedio);Italia;Università Ca' Foscari Di Venezia (Italia);4;0;25/08/2024
2023;ERASMUS;0410-Administración de empresas (no definido);Facultad de Economía y Empresa;IN;ESPAÑOL - B1 (Nivel intermedio);Italia;Università Degli Studi Di Verona (Italia);1;0;25/08/2024
2023;ERASMUS;0410-Administración de empresas (no definido);Facultad de Economía y Empresa;IN;ESPAÑOL - B1 (Nivel intermedio);Italia;Università Degli Studi Di Trento (Italia);1;0;25/08/2024
2023;ERASMUS;0410-Administración de empresas (no definido);Facultad de Economía y Empresa;IN;ESPAÑOL - B1 (Nivel intermedio);Italia;Università Degli Studi Di Torino (Italia);3;0;25/08/2024
2023;ERASMUS;0410-Administración de empresas (no definido);Facultad de Economía y Empresa;IN;ESPAÑOL - B1 (Nivel intermedio);Italia;Università Degli Studi Di Padova (Italia);2;0;25/08/2024
2023;ERASMUS;0410-Administración de empresas (no definido);Facultad de Economía y Empresa;IN;ESPAÑOL - B1 (Nivel intermedio);Italia;Università Degli Studi Di Milano (Italia);4;0;25/08/2024
2023;ERASMUS;0410-Administración de empresas (no definido);Facultad de Economía y Empresa;IN;ESPAÑOL - B1 (Nivel intermedio);Italia;Università Degli Studi Di Siena (Italia);2;0;25/08/2024
2023;ERASMUS;0410-Administración de empresas (no definido);Facultad de Economía y Empresa;IN;ESPAÑOL - B1 (Nivel intermedio);Italia;Universita Carlo Cattaneo - Liuc (Italia);2;0;25/08/2024
2023;ERASMUS;0410-Administración de empresas (no definido);Facultad de Economía y Empresa;IN;ESPAÑOL - B1 (Nivel intermedio);Italia;Università Degli Studi Di Bari (Italia);2;0;25/08/2024
2023;ERASMUS;0410-Administración de empresas (no definido);Facultad de Economía y Empresa;IN;ESPAÑOL - B1 (Nivel intermedio);Italia;Libera Università 'Maria Ss. Assunta' Di Roma (Italia);4;0;25/08/2024
2023;ERASMUS;0410-Administración de empresas (no definido);Facultad de Economía y Empresa;IN;ESPAÑOL - B1 (Nivel intermedio);Lituania;Vilnius University (Lituania);2;0;25/08/2024
2023;ERASMUS;0410-Administración de empresas (no definido);Facultad de Economía y Empresa;IN;ESPAÑOL - B1 (Nivel intermedio);Noruega;Kristiania University College (Kuc) (Noruega);4;0;25/08/2024
2023;ERASMUS;0410-Administración de empresas (no definido);Facultad de Economía y Empresa;IN;ESPAÑOL - B1 (Nivel intermedio);Noruega;Høgskolen I Molde (Noruega);2;0;25/08/2024
2023;ERASMUS;0410-Administración de empresas (no definido);Facultad de Economía y Empresa;IN;ESPAÑOL - B1 (Nivel intermedio);Noruega;Høgskolen I Agder (Noruega);2;0;25/08/2024
2023;ERASMUS;0410-Administración de empresas (no definido);Facultad de Economía y Empresa;IN;ESPAÑOL - B1 (Nivel intermedio);Polonia;Uniwersytet Rzeszowski (Polonia);2;0;25/08/2024
2023;ERASMUS;0410-Administración de empresas (no definido);Facultad de Economía y Empresa;IN;ESPAÑOL - B1 (Nivel intermedio);Polonia;Uniwersytet Wroclawski (Polonia);2;0;25/08/2024
2023;ERASMUS;0410-Administración de empresas (no definido);Facultad de Economía y Empresa;IN;ESPAÑOL - B1 (Nivel intermedio);Polonia;Uniwersytet Gdanski (Polonia);4;0;25/08/2024
2023;ERASMUS;0410-Administración de empresas (no definido);Facultad de Economía y Empresa;IN;ESPAÑOL - B1 (Nivel intermedio);Polonia;Uniwersytet Lódzki (Polonia);3;0;25/08/2024
2023;ERASMUS;0410-Administración de empresas (no definido);Facultad de Economía y Empresa;IN;ESPAÑOL - B1 (Nivel intermedio);Polonia;Politechnika Lubelska (Polonia);2;0;25/08/2024
2023;ERASMUS;0410-Administración de empresas (no definido);Facultad de Economía y Empresa;IN;ESPAÑOL - B1 (Nivel intermedio);Polonia;Wroclaw University Of Economics (Polonia);2;0;25/08/2024
2023;ERASMUS;0410-Administración de empresas (no definido);Facultad de Economía y Empresa;IN;ESPAÑOL - B1 (Nivel intermedio);Polonia;University Of Economics And Human Sciences In Warsaw (Polonia);2;0;25/08/2024
2023;ERASMUS;0410-Administración de empresas (no definido);Facultad de Economía y Empresa;IN;ESPAÑOL - B1 (Nivel intermedio);Portugal;Universidade Nova De Lisboa (Portugal);3;0;25/08/2024
2023;ERASMUS;0410-Administración de empresas (no definido);Facultad de Economía y Empresa;IN;ESPAÑOL - B1 (Nivel intermedio);Portugal;Instituto Politécnico Da Guarda (Portugal);10;0;25/08/2024
2023;ERASMUS;0410-Administración de empresas (no definido);Facultad de Economía y Empresa;IN;ESPAÑOL - B1 (Nivel intermedio);Portugal;Universidade De Lisboa (Portugal);1;0;25/08/2024
2023;ERASMUS;0410-Administración de empresas (no definido);Facultad de Economía y Empresa;IN;ESPAÑOL - B1 (Nivel intermedio);Portugal;Universidade Do Minho (Portugal);2;0;25/08/2024
2023;ERASMUS;0410-Administración de empresas (no definido);Facultad de Economía y Empresa;IN;ESPAÑOL - B1 (Nivel intermedio);Portugal;Universidade De Aveiro (Portugal);3;0;25/08/2024
2023;ERASMUS;0410-Administración de empresas (no definido);Facultad de Economía y Empresa;IN;ESPAÑOL - B1 (Nivel intermedio);Reino Unido;University Of Strathclyde (Reino Unido);2;0;25/08/2024
2023;ERASMUS;0410-Administración de empresas (no definido);Facultad de Economía y Empresa;IN;ESPAÑOL - B1 (Nivel intermedio);República Checa;Vysoka Skola Banska - Technicka Univerzita Ostrava (República Checa);2;0;25/08/2024
2023;ERASMUS;0410-Administración de empresas (no definido);Facultad de Economía y Empresa;IN;ESPAÑOL - B1 (Nivel intermedio);República Checa;University Of Finance And Administration (República Checa);2;0;25/08/2024
2023;ERASMUS;0410-Administración de empresas (no definido);Facultad de Economía y Empresa;IN;ESPAÑOL - B1 (Nivel intermedio);Rumanía;Universitatea Transilvania Din Brasov (Rumanía);4;0;25/08/2024
2023;ERASMUS;0410-Administración de empresas (no definido);Facultad de Economía y Empresa;IN;ESPAÑOL - B1 (Nivel intermedio);Rumanía;"Universitatea ""Alexandru Ioan Cuza"" (Rumanía)";6;0;25/08/2024
2023;ERASMUS;0410-Administración de empresas (no definido);Facultad de Economía y Empresa;IN;ESPAÑOL - B1 (Nivel intermedio);Rumanía;Universitatea De Vest Din Timísoara (Rumanía);6;0;25/08/2024
2023;ERASMUS;0410-Administración de empresas (no definido);Facultad de Economía y Empresa;IN;ESPAÑOL - B1 (Nivel intermedio);Suecia;Umeå Universitet (Suecia);2;0;25/08/2024
2023;ERASMUS;0410-Administración de empresas (no definido);Facultad de Economía y Empresa;IN;ESPAÑOL - B1 (Nivel intermedio);Turquía;Yasar University (Turquía);3;0;25/08/2024
2023;ERASMUS;0410-Administración de empresas (no definido);Facultad de Economía y Empresa;IN;ESPAÑOL - B1 (Nivel intermedio);Turquía;Cukurova University (Turquía);2;0;25/08/2024
2023;ERASMUS;0410-Administración de empresas (no definido);Facultad de Economía y Empresa;IN;ESPAÑOL - B1 (Nivel intermedio);Turquía;Sakarya Üniversitesi (Turquía);1;0;25/08/2024
2023;ERASMUS;0410-Administración de empresas (no definido);Facultad de Economía y Empresa;IN;INGLÉS - B2 (Nivel avanzado);Alemania;Hochschule Heilbronn (Alemania);2;0;25/08/2024
2023;ERASMUS;0410-Administración de empresas (no definido);Facultad de Economía y Empresa;IN;INGLÉS - B2 (Nivel avanzado);Alemania;Hochschule Esslingen - University Of Applied Sciences (Alemania);4;0;25/08/2024
2023;ERASMUS;0410-Administración de empresas (no definido);Facultad de Economía y Empresa;IN;INGLÉS - B2 (Nivel avanzado);Alemania;Gottfried Wilhelm Leibniz Universität Hannover (Alemania);5;0;25/08/2024
2023;ERASMUS;0410-Administración de empresas (no definido);Facultad de Economía y Empresa;IN;INGLÉS - B2 (Nivel avanzado);Alemania;Hochschule Für Wirtschaft Und Recht Berlin (Alemania);5;0;25/08/2024
2023;ERASMUS;0410-Administración de empresas (no definido);Facultad de Economía y Empresa;IN;INGLÉS - B2 (Nivel avanzado);Alemania;Westsächsische Hochschule Zwickau (Fh) (Alemania);5;0;25/08/2024
2023;ERASMUS;0410-Administración de empresas (no definido);Facultad de Economía y Empresa;IN;INGLÉS - B2 (Nivel avanzado);Alemania;Heinrich-Heine-Universität Düsseldorf (Alemania);2;0;25/08/2024
2023;ERASMUS;0410-Administración de empresas (no definido);Facultad de Economía y Empresa;IN;INGLÉS - B2 (Nivel avanzado);Alemania;Hfwu Nuertingen-Geislingen University (Alemania);2;0;25/08/2024
2023;ERASMUS;0410-Administración de empresas (no definido);Facultad de Economía y Empresa;IN;INGLÉS - B2 (Nivel avanzado);Alemania;Fachhochschule Dortmund (Alemania);8;0;25/08/2024
2023;ERASMUS;0410-Administración de empresas (no definido);Facultad de Economía y Empresa;IN;INGLÉS - B2 (Nivel avanzado);Alemania;Fachhochschule Neu-Ulm (Alemania);4;0;25/08/2024
2023;ERASMUS;0410-Administración de empresas (no definido);Facultad de Economía y Empresa;IN;INGLÉS - B2 (Nivel avanzado);Austria;Fh Joanneum Gesellschaft Mbh (Austria);2;0;25/08/2024
2023;ERASMUS;0410-Administración de empresas (no definido);Facultad de Economía y Empresa;IN;INGLÉS - B2 (Nivel avanzado);Austria;Leopold-Franzens-Universität Innsbruck (Austria);2;0;25/08/2024
2023;ERASMUS;0410-Administración de empresas (no definido);Facultad de Economía y Empresa;IN;INGLÉS - B2 (Nivel avanzado);Eslovenia;Univerza V Mariboru (Eslovenia);2;0;25/08/2024
2023;ERASMUS;0410-Administración de empresas (no definido);Facultad de Economía y Empresa;IN;INGLÉS - B2 (Nivel avanzado);Finlandia;Tampere University (Finlandia);2;0;25/08/2024
2023;ERASMUS;0410-Administración de empresas (no definido);Facultad de Economía y Empresa;IN;INGLÉS - B2 (Nivel avanzado);Francia;Tbs Education (Francia);6;0;25/08/2024
2023;ERASMUS;0410-Administración de empresas (no definido);Facultad de Economía y Empresa;IN;INGLÉS - B2 (Nivel avanzado);Polonia;Uniwersytet Marii Curie - Sklodowskiej (Polonia);2;0;25/08/2024
2023;ERASMUS;0410-Administración de empresas (no definido);Facultad de Economía y Empresa;IN;INGLÉS - B2 (Nivel avanzado);Turquía;Istanbul Medeniyet University (Turquía);2;0;25/08/2024
2023;ERASMUS;0410-Administración de empresas (no definido);Facultad de Economía y Empresa;IN;No Informado;Eslovenia;Gea College - Faculty Of Entrepreneurship (Eslovenia);0;0;25/08/2024
2023;ERASMUS;0410-Administración de empresas (no definido);Facultad de Economía y Empresa;IN;No Informado;Francia;Université D'Orléans (Francia);2;0;25/08/2024
2023;ERASMUS;0410-Administración de empresas (no definido);Facultad de Economía y Empresa;IN;No Informado;Francia;Esc Clermont (Francia);2;0;25/08/2024
2023;ERASMUS;0410-Administración de empresas (no definido);Facultad de Economía y Empresa;IN;No Informado;Francia;Université Jean Moulin (Lyon Iii) (Francia);2;0;25/08/2024
2023;ERASMUS;0410-Administración de empresas (no definido);Facultad de Economía y Empresa;IN;No Informado;Portugal;Universidade Do Porto (Portugal);2;0;25/08/2024
2023;ERASMUS;0410-Administración de empresas (no definido);Facultad de Economía y Empresa;OUT;ALEMÁN - B1 (Nivel intermedio);Alemania;Technische Universität Dresden (Alemania);2;0;25/08/2024
2023;ERASMUS;0410-Administración de empresas (no definido);Facultad de Economía y Empresa;OUT;ALEMÁN - B1 (Nivel intermedio);Alemania;Westsächsische Hochschule Zwickau (Fh) (Alemania);5;0;25/08/2024
2023;ERASMUS;0410-Administración de empresas (no definido);Facultad de Economía y Empresa;OUT;ALEMÁN - B1 (Nivel intermedio);Alemania;Julius-Maximilians- Universität Würzburg (Alemania);2;0;25/08/2024
2023;ERASMUS;0410-Administración de empresas (no definido);Facultad de Economía y Empresa;OUT;ALEMÁN - B1 (Nivel intermedio);Alemania;Fachhochschule Dortmund (Alemania);0;0;25/08/2024
2023;ERASMUS;0410-Administración de empresas (no definido);Facultad de Economía y Empresa;OUT;ALEMÁN - B1 (Nivel intermedio);Austria;Leopold-Franzens-Universität Innsbruck (Austria);2;0;25/08/2024
2023;ERASMUS;0410-Administración de empresas (no definido);Facultad de Economía y Empresa;OUT;ALEMÁN - B2 (Nivel avanzado);Alemania;Westfaelische Hochschule Gelsenkirchen Bocholt Recklinghause (Alemania);2;0;25/08/2024
2023;ERASMUS;0410-Administración de empresas (no definido);Facultad de Economía y Empresa;OUT;ALEMÁN - B2 (Nivel avanzado);Alemania;Gottfried Wilhelm Leibniz Universität Hannover (Alemania);3;2;25/08/2024
2023;ERASMUS;0410-Administración de empresas (no definido);Facultad de Economía y Empresa;OUT;ALEMÁN - B2 (Nivel avanzado);Alemania;Johann Wolfgang Goethe-Universitaet Frankfurt Am Main (Alemania);2;1;25/08/2024
2023;ERASMUS;0410-Administración de empresas (no definido);Facultad de Economía y Empresa;OUT;FRANCÉS - B1 (Nivel intermedio);Bélgica;University Of Namur (Bélgica);2;1;25/08/2024
2023;ERASMUS;0410-Administración de empresas (no definido);Facultad de Economía y Empresa;OUT;FRANCÉS - B1 (Nivel intermedio);Francia;Université Paris-Est Créteil Val De Marne (Francia);0;0;25/08/2024
2023;ERASMUS;0410-Administración de empresas (no definido);Facultad de Economía y Empresa;OUT;FRANCÉS - B1 (Nivel intermedio);Francia;Université Jean Monnet De Saint- Etienne (Francia);0;0;25/08/2024
2023;ERASMUS;0410-Administración de empresas (no definido);Facultad de Economía y Empresa;OUT;FRANCÉS - B1 (Nivel intermedio);Francia;Université Paul Sabatier - Toulouse Iii (Francia);3;2;25/08/2024
2023;ERASMUS;0410-Administración de empresas (no definido);Facultad de Economía y Empresa;OUT;FRANCÉS - B1 (Nivel intermedio);Francia;Université Jean Moulin (Lyon Iii) (Francia);0;0;25/08/2024
2023;ERASMUS;0410-Administración de empresas (no definido);Facultad de Economía y Empresa;OUT;FRANCÉS - B1 (Nivel intermedio);Francia;Université De Lille (Francia);2;0;25/08/2024
2023;ERASMUS;0410-Administración de empresas (no definido);Facultad de Economía y Empresa;OUT;FRANCÉS - B2 (Nivel avanzado);Bélgica;Université Catholique De Louvain (Bélgica);0;0;25/08/2024
2023;ERASMUS;0410-Administración de empresas (no definido);Facultad de Economía y Empresa;OUT;FRANCÉS - B2 (Nivel avanzado);Francia;Université Jean Monnet De Saint- Etienne (Francia);2;0;25/08/2024
2023;ERASMUS;0410-Administración de empresas (no definido);Facultad de Economía y Empresa;OUT;FRANCÉS - B2 (Nivel avanzado);Francia;Université De Pau Et Des Pays De L'Adour (Francia);2;0;25/08/2024
2023;ERASMUS;0410-Administración de empresas (no definido);Facultad de Economía y Empresa;OUT;FRANCÉS - B2 (Nivel avanzado);Francia;Université Panthéon-Assas Paris Ii (Francia);2;0;25/08/2024
2023;ERASMUS;0410-Administración de empresas (no definido);Facultad de Economía y Empresa;OUT;FRANCÉS - B2 (Nivel avanzado);Francia;Université De Savoie Mont Blanc (Francia);4;0;25/08/2024
2023;ERASMUS;0410-Administración de empresas (no definido);Facultad de Economía y Empresa;OUT;FRANCÉS - B2 (Nivel avanzado);Francia;Idrac Business School (Francia);3;0;25/08/2024
2023;ERASMUS;0410-Administración de empresas (no definido);Facultad de Economía y Empresa;OUT;FRANCÉS - B2 (Nivel avanzado);Francia;Tbs Education (Francia);0;0;25/08/2024
2023;ERASMUS;0410-Administración de empresas (no definido);Facultad de Economía y Empresa;OUT;FRANCÉS - B2 (Nivel avanzado);Francia;Excelia Group (Francia);4;0;25/08/2024
2023;ERASMUS;0410-Administración de empresas (no definido);Facultad de Economía y Empresa;OUT;GRIEGO - B2 (Nivel avanzado);Grecia;International Hellenic University (Grecia);3;0;25/08/2024
2023;ERASMUS;0410-Administración de empresas (no definido);Facultad de Economía y Empresa;OUT;INGLÉS - B1 (Nivel intermedio);Alemania;Fachhochschule Dortmund (Alemania);4;3;25/08/2024
2023;ERASMUS;0410-Administración de empresas (no definido);Facultad de Economía y Empresa;OUT;INGLÉS - B1 (Nivel intermedio);Alemania;Universität Trier (Alemania);2;0;25/08/2024
2023;ERASMUS;0410-Administración de empresas (no definido);Facultad de Economía y Empresa;OUT;INGLÉS - B1 (Nivel intermedio);Alemania;Hochschule Esslingen - University Of Applied Sciences (Alemania);4;2;25/08/2024
2023;ERASMUS;0410-Administración de empresas (no definido);Facultad de Economía y Empresa;OUT;INGLÉS - B1 (Nivel intermedio);Austria;Fh Joanneum Gesellschaft Mbh (Austria);2;2;25/08/2024
2023;ERASMUS;0410-Administración de empresas (no definido);Facultad de Economía y Empresa;OUT;INGLÉS - B1 (Nivel intermedio);Bulgaria;University Of National And World Economy (Bulgaria);5;5;25/08/2024
2023;ERASMUS;0410-Administración de empresas (no definido);Facultad de Economía y Empresa;OUT;INGLÉS - B1 (Nivel intermedio);Croacia;University Of Rijeka (Croacia);2;0;25/08/2024
2023;ERASMUS;0410-Administración de empresas (no definido);Facultad de Economía y Empresa;OUT;INGLÉS - B1 (Nivel intermedio);Eslovaquia;Univerzita Komenskeho V Bratislave (Eslovaquia);6;6;25/08/2024
2023;ERASMUS;0410-Administración de empresas (no definido);Facultad de Economía y Empresa;OUT;INGLÉS - B1 (Nivel intermedio);Eslovenia;Univerza V Mariboru (Eslovenia);1;2;25/08/2024
2023;ERASMUS;0410-Administración de empresas (no definido);Facultad de Economía y Empresa;OUT;INGLÉS - B1 (Nivel intermedio);Finlandia;Seinäjoen Ammattikorkeakoulu (Finlandia);1;1;25/08/2024
2023;ERASMUS;0410-Administración de empresas (no definido);Facultad de Economía y Empresa;OUT;INGLÉS - B1 (Nivel intermedio);Francia;Université Catholique De Lille (Francia);2;2;25/08/2024
2023;ERASMUS;0410-Administración de empresas (no definido);Facultad de Economía y Empresa;OUT;INGLÉS - B1 (Nivel intermedio);Francia;Université De Savoie Mont Blanc (Francia);0;0;25/08/2024
2023;ERASMUS;0410-Administración de empresas (no definido);Facultad de Economía y Empresa;OUT;INGLÉS - B1 (Nivel intermedio);Francia;Université De Pau Et Des Pays De L'Adour (Francia);0;0;25/08/2024
2023;ERASMUS;0410-Administración de empresas (no definido);Facultad de Economía y Empresa;OUT;INGLÉS - B1 (Nivel intermedio);Francia;Université Jean Monnet De Saint- Etienne (Francia);4;0;25/08/2024
2023;ERASMUS;0410-Administración de empresas (no definido);Facultad de Economía y Empresa;OUT;INGLÉS - B1 (Nivel intermedio);Irlanda (Eire);Technological University Dublin-City Campus (Irlanda (Eire));3;3;25/08/2024
2023;ERASMUS;0410-Administración de empresas (no definido);Facultad de Economía y Empresa;OUT;INGLÉS - B1 (Nivel intermedio);Italia;Università Degli Studi Di Bari (Italia);2;1;25/08/2024
2023;ERASMUS;0410-Administración de empresas (no definido);Facultad de Economía y Empresa;OUT;INGLÉS - B1 (Nivel intermedio);Italia;Università Degli Studi Di Padova (Italia);2;2;25/08/2024
2023;ERASMUS;0410-Administración de empresas (no definido);Facultad de Economía y Empresa;OUT;INGLÉS - B1 (Nivel intermedio);Italia;Università Degli Studi Di Torino (Italia);5;5;25/08/2024
2023;ERASMUS;0410-Administración de empresas (no definido);Facultad de Economía y Empresa;OUT;INGLÉS - B1 (Nivel intermedio);Italia;Università Degli Studi Di Cassino (Italia);2;0;25/08/2024
2023;ERASMUS;0410-Administración de empresas (no definido);Facultad de Economía y Empresa;OUT;INGLÉS - B1 (Nivel intermedio);Italia;Università Degli Studi Di Salerno (Italia);2;2;25/08/2024
2023;ERASMUS;0410-Administración de empresas (no definido);Facultad de Economía y Empresa;OUT;INGLÉS - B1 (Nivel intermedio);Lituania;Vilnius University (Lituania);2;2;25/08/2024
2023;ERASMUS;0410-Administración de empresas (no definido);Facultad de Economía y Empresa;OUT;INGLÉS - B1 (Nivel intermedio);Noruega;Høgskolen I Molde (Noruega);2;0;25/08/2024
2023;ERASMUS;0410-Administración de empresas (no definido);Facultad de Economía y Empresa;OUT;INGLÉS - B1 (Nivel intermedio);Polonia;Uniwersytet Marii Curie - Sklodowskiej (Polonia);2;2;25/08/2024
2023;ERASMUS;0410-Administración de empresas (no definido);Facultad de Economía y Empresa;OUT;INGLÉS - B1 (Nivel intermedio);Polonia;Uniwersytet Rzeszowski (Polonia);2;2;25/08/2024
2023;ERASMUS;0410-Administración de empresas (no definido);Facultad de Economía y Empresa;OUT;INGLÉS - B1 (Nivel intermedio);Polonia;Wroclaw University Of Economics (Polonia);2;0;25/08/2024
2023;ERASMUS;0410-Administración de empresas (no definido);Facultad de Economía y Empresa;OUT;INGLÉS - B1 (Nivel intermedio);Polonia;Politechnika Lubelska (Polonia);0;0;25/08/2024
2023;ERASMUS;0410-Administración de empresas (no definido);Facultad de Economía y Empresa;OUT;INGLÉS - B1 (Nivel intermedio);Polonia;Uniwersytet Lódzki (Polonia);3;3;25/08/2024
2023;ERASMUS;0410-Administración de empresas (no definido);Facultad de Economía y Empresa;OUT;INGLÉS - B1 (Nivel intermedio);Portugal;Universidade De Aveiro (Portugal);3;4;25/08/2024
2023;ERASMUS;0410-Administración de empresas (no definido);Facultad de Economía y Empresa;OUT;INGLÉS - B1 (Nivel intermedio);República Checa;Vysoka Skola Banska - Technicka Univerzita Ostrava (República Checa);2;2;25/08/2024
2023;ERASMUS;0410-Administración de empresas (no definido);Facultad de Economía y Empresa;OUT;INGLÉS - B1 (Nivel intermedio);Rumanía;Universitatea Transilvania Din Brasov (Rumanía);4;0;25/08/2024
2023;ERASMUS;0410-Administración de empresas (no definido);Facultad de Economía y Empresa;OUT;INGLÉS - B1 (Nivel intermedio);Rumanía;"Universitatea ""Alexandru Ioan Cuza"" (Rumanía)";2;2;25/08/2024
2023;ERASMUS;0410-Administración de empresas (no definido);Facultad de Economía y Empresa;OUT;INGLÉS - B1 (Nivel intermedio);Turquía;Yasar University (Turquía);0;0;25/08/2024
2023;ERASMUS;0410-Administración de empresas (no definido);Facultad de Economía y Empresa;OUT;INGLÉS - B2 (Nivel avanzado);Alemania;Fachhochschule Trier - Hochschule Für Technik, Wirtschaft Und Gestaltung (Alemania);2;1;25/08/2024
2023;ERASMUS;0410-Administración de empresas (no definido);Facultad de Economía y Empresa;OUT;INGLÉS - B2 (Nivel avanzado);Alemania;Thm Technische Hochschule Mittelhessen University Of Applied Sciences (Alemania);2;0;25/08/2024
2023;ERASMUS;0410-Administración de empresas (no definido);Facultad de Economía y Empresa;OUT;INGLÉS - B2 (Nivel avanzado);Alemania;Hochschule Für Wirtschaft Und Recht Berlin (Alemania);8;5;25/08/2024
2023;ERASMUS;0410-Administración de empresas (no definido);Facultad de Economía y Empresa;OUT;INGLÉS - B2 (Nivel avanzado);Alemania;Ludwig-Maximilians-Universität München (Alemania);1;1;25/08/2024
2023;ERASMUS;0410-Administración de empresas (no definido);Facultad de Economía y Empresa;OUT;INGLÉS - B2 (Nivel avanzado);Alemania;Heinrich-Heine-Universität Düsseldorf (Alemania);2;0;25/08/2024
2023;ERASMUS;0410-Administración de empresas (no definido);Facultad de Economía y Empresa;OUT;INGLÉS - B2 (Nivel avanzado);Alemania;Hfwu Nuertingen-Geislingen University (Alemania);2;1;25/08/2024
2023;ERASMUS;0410-Administración de empresas (no definido);Facultad de Economía y Empresa;OUT;INGLÉS - B2 (Nivel avanzado);Alemania;Georg-August-Universität Göttingen (Alemania);4;0;25/08/2024
2023;ERASMUS;0410-Administración de empresas (no definido);Facultad de Economía y Empresa;OUT;INGLÉS - B2 (Nivel avanzado);Alemania;Friedrich-Schiller-Universität Jena (Alemania);3;0;25/08/2024
2023;ERASMUS;0410-Administración de empresas (no definido);Facultad de Economía y Empresa;OUT;INGLÉS - B2 (Nivel avanzado);Alemania;Europa-Universität Flensburg (Alemania);2;0;25/08/2024
2023;ERASMUS;0410-Administración de empresas (no definido);Facultad de Economía y Empresa;OUT;INGLÉS - B2 (Nivel avanzado);Alemania;Hochschule Heilbronn (Alemania);2;0;25/08/2024
2023;ERASMUS;0410-Administración de empresas (no definido);Facultad de Economía y Empresa;OUT;INGLÉS - B2 (Nivel avanzado);Alemania;Fachhochschule Neu-Ulm (Alemania);2;0;25/08/2024
2023;ERASMUS;0410-Administración de empresas (no definido);Facultad de Economía y Empresa;OUT;INGLÉS - B2 (Nivel avanzado);Austria;Fhs Kufstein Tirol Bildungs - Gmbh (Austria);3;2;25/08/2024
2023;ERASMUS;0410-Administración de empresas (no definido);Facultad de Economía y Empresa;OUT;INGLÉS - B2 (Nivel avanzado);Bélgica;Katholieke Universiteit Leuven (Bélgica);2;5;25/08/2024
2023;ERASMUS;0410-Administración de empresas (no definido);Facultad de Economía y Empresa;OUT;INGLÉS - B2 (Nivel avanzado);Bélgica;Haute École Ephec (Bélgica);3;3;25/08/2024
2023;ERASMUS;0410-Administración de empresas (no definido);Facultad de Economía y Empresa;OUT;INGLÉS - B2 (Nivel avanzado);Bélgica;Universiteit Gent (Bélgica);2;2;25/08/2024
2023;ERASMUS;0410-Administración de empresas (no definido);Facultad de Economía y Empresa;OUT;INGLÉS - B2 (Nivel avanzado);Bélgica;Université Catholique De Louvain (Bélgica);1;1;25/08/2024
2023;ERASMUS;0410-Administración de empresas (no definido);Facultad de Economía y Empresa;OUT;INGLÉS - B2 (Nivel avanzado);Dinamarca;Syddansk Universitet (Dinamarca);4;2;25/08/2024
2023;ERASMUS;0410-Administración de empresas (no definido);Facultad de Economía y Empresa;OUT;INGLÉS - B2 (Nivel avanzado);Eslovenia;Gea College - Faculty Of Entrepreneurship (Eslovenia);0;0;25/08/2024
2023;ERASMUS;0410-Administración de empresas (no definido);Facultad de Economía y Empresa;OUT;INGLÉS - B2 (Nivel avanzado);Finlandia;Tampere University (Finlandia);2;1;25/08/2024
2023;ERASMUS;0410-Administración de empresas (no definido);Facultad de Economía y Empresa;OUT;INGLÉS - B2 (Nivel avanzado);Francia;École Supérieure Des Sciences Commerciales D'Angers (Essca) (Francia);3;2;25/08/2024
2023;ERASMUS;0410-Administración de empresas (no definido);Facultad de Economía y Empresa;OUT;INGLÉS - B2 (Nivel avanzado);Francia;Esc Clermont (Francia);2;0;25/08/2024
2023;ERASMUS;0410-Administración de empresas (no definido);Facultad de Economía y Empresa;OUT;INGLÉS - B2 (Nivel avanzado);Francia;Tbs Education (Francia);3;3;25/08/2024
2023;ERASMUS;0410-Administración de empresas (no definido);Facultad de Economía y Empresa;OUT;INGLÉS - B2 (Nivel avanzado);Francia;Université D'Orléans (Francia);2;0;25/08/2024
2023;ERASMUS;0410-Administración de empresas (no definido);Facultad de Economía y Empresa;OUT;INGLÉS - B2 (Nivel avanzado);Francia;Rennes School Of Business (Francia);3;1;25/08/2024
2023;ERASMUS;0410-Administración de empresas (no definido);Facultad de Economía y Empresa;OUT;INGLÉS - B2 (Nivel avanzado);Francia;Université Sorbonne Paris Nord (Francia);5;0;25/08/2024
2023;ERASMUS;0410-Administración de empresas (no definido);Facultad de Economía y Empresa;OUT;INGLÉS - B2 (Nivel avanzado);Francia;Université De Bourgogne - Dijon (Francia);6;0;25/08/2024
2023;ERASMUS;0410-Administración de empresas (no definido);Facultad de Economía y Empresa;OUT;INGLÉS - B2 (Nivel avanzado);Francia;Neoma Business School-Reims Campus (Francia);3;0;25/08/2024
2023;ERASMUS;0410-Administración de empresas (no definido);Facultad de Economía y Empresa;OUT;INGLÉS - B2 (Nivel avanzado);Francia;Esce International Business School, Paris (Francia);2;2;25/08/2024
2023;ERASMUS;0410-Administración de empresas (no definido);Facultad de Economía y Empresa;OUT;INGLÉS - B2 (Nivel avanzado);Francia;Université Paris-Est Créteil Val De Marne (Francia);6;1;25/08/2024
2023;ERASMUS;0410-Administración de empresas (no definido);Facultad de Economía y Empresa;OUT;INGLÉS - B2 (Nivel avanzado);Grecia;International Hellenic University (Grecia);4;0;25/08/2024
2023;ERASMUS;0410-Administración de empresas (no definido);Facultad de Economía y Empresa;OUT;INGLÉS - B2 (Nivel avanzado);Holanda;Hogeschool Van Utrecht (Holanda);4;4;25/08/2024
2023;ERASMUS;0410-Administración de empresas (no definido);Facultad de Economía y Empresa;OUT;INGLÉS - B2 (Nivel avanzado);Holanda;Christelijke Hogeschool Windesheim (Holanda);4;2;25/08/2024
2023;ERASMUS;0410-Administración de empresas (no definido);Facultad de Economía y Empresa;OUT;INGLÉS - B2 (Nivel avanzado);Holanda;Inholland University Of Applied Sciences (Holanda);2;2;25/08/2024
2023;ERASMUS;0410-Administración de empresas (no definido);Facultad de Economía y Empresa;OUT;INGLÉS - B2 (Nivel avanzado);Holanda;Nhl Stenden University Of Applied Sciences (Holanda);4;2;25/08/2024
2023;ERASMUS;0410-Administración de empresas (no definido);Facultad de Economía y Empresa;OUT;INGLÉS - B2 (Nivel avanzado);Irlanda (Eire);Technological University Of The Shannon: Midlands Midwest (Tus) (Irlanda (Eire));2;0;25/08/2024
2023;ERASMUS;0410-Administración de empresas (no definido);Facultad de Economía y Empresa;OUT;INGLÉS - B2 (Nivel avanzado);Irlanda (Eire);South East Technological University (Irlanda (Eire));4;2;25/08/2024
2023;ERASMUS;0410-Administración de empresas (no definido);Facultad de Economía y Empresa;OUT;INGLÉS - B2 (Nivel avanzado);Irlanda (Eire);Munster Technological University (Irlanda (Eire));2;0;25/08/2024
2023;ERASMUS;0410-Administración de empresas (no definido);Facultad de Economía y Empresa;OUT;INGLÉS - B2 (Nivel avanzado);Italia;Università Cattolica Del Sacro Cuore Di Milano (Italia);2;1;25/08/2024
2023;ERASMUS;0410-Administración de empresas (no definido);Facultad de Economía y Empresa;OUT;INGLÉS - B2 (Nivel avanzado);Italia;"Università Degli Studi Di Napoli ""Parthenope"" (Italia)";4;1;25/08/2024
2023;ERASMUS;0410-Administración de empresas (no definido);Facultad de Economía y Empresa;OUT;INGLÉS - B2 (Nivel avanzado);Italia;Libera Università 'Maria Ss. Assunta' Di Roma (Italia);4;2;25/08/2024
2023;ERASMUS;0410-Administración de empresas (no definido);Facultad de Economía y Empresa;OUT;INGLÉS - B2 (Nivel avanzado);Italia;Università Degli Studi Di Napoli Federico Ii (Italia);2;2;25/08/2024
2023;ERASMUS;0410-Administración de empresas (no definido);Facultad de Economía y Empresa;OUT;INGLÉS - B2 (Nivel avanzado);Italia;Università Degli Studi Di Firenze (Italia);2;2;25/08/2024
2023;ERASMUS;0410-Administración de empresas (no definido);Facultad de Economía y Empresa;OUT;INGLÉS - B2 (Nivel avanzado);Italia;Università Ca' Foscari Di Venezia (Italia);4;0;25/08/2024
2023;ERASMUS;0410-Administración de empresas (no definido);Facultad de Economía y Empresa;OUT;INGLÉS - B2 (Nivel avanzado);Italia;Università Degli Studi Di Trento (Italia);2;0;25/08/2024
2023;ERASMUS;0410-Administración de empresas (no definido);Facultad de Economía y Empresa;OUT;INGLÉS - B2 (Nivel avanzado);Italia;Universita Carlo Cattaneo - Liuc (Italia);2;2;25/08/2024
2023;ERASMUS;0410-Administración de empresas (no definido);Facultad de Economía y Empresa;OUT;INGLÉS - B2 (Nivel avanzado);Noruega;Høgskolen I Agder (Noruega);2;0;25/08/2024
2023;ERASMUS;0410-Administración de empresas (no definido);Facultad de Economía y Empresa;OUT;INGLÉS - B2 (Nivel avanzado);Polonia;Uniwersytet Gdanski (Polonia);4;4;25/08/2024
2023;ERASMUS;0410-Administración de empresas (no definido);Facultad de Economía y Empresa;OUT;INGLÉS - B2 (Nivel avanzado);Polonia;University Of Economics And Human Sciences In Warsaw (Polonia);2;2;25/08/2024
2023;ERASMUS;0410-Administración de empresas (no definido);Facultad de Economía y Empresa;OUT;INGLÉS - B2 (Nivel avanzado);Polonia;Uniwersytet Wroclawski (Polonia);2;2;25/08/2024
2023;ERASMUS;0410-Administración de empresas (no definido);Facultad de Economía y Empresa;OUT;INGLÉS - B2 (Nivel avanzado);Polonia;Politechnika Lubelska (Polonia);2;1;25/08/2024
2023;ERASMUS;0410-Administración de empresas (no definido);Facultad de Economía y Empresa;OUT;INGLÉS - B2 (Nivel avanzado);Portugal;Universidade Do Porto (Portugal);1;1;25/08/2024
2023;ERASMUS;0410-Administración de empresas (no definido);Facultad de Economía y Empresa;OUT;INGLÉS - B2 (Nivel avanzado);Portugal;Universidade De Lisboa (Portugal);1;0;25/08/2024
2023;ERASMUS;0410-Administración de empresas (no definido);Facultad de Economía y Empresa;OUT;INGLÉS - B2 (Nivel avanzado);Portugal;Universidade Nova De Lisboa (Portugal);3;1;25/08/2024
2023;ERASMUS;0410-Administración de empresas (no definido);Facultad de Economía y Empresa;OUT;INGLÉS - B2 (Nivel avanzado);Portugal;Universidade Do Minho (Portugal);2;2;25/08/2024
2023;ERASMUS;0410-Administración de empresas (no definido);Facultad de Economía y Empresa;OUT;INGLÉS - B2 (Nivel avanzado);República Checa;University Of Finance And Administration (República Checa);2;2;25/08/2024
2023;ERASMUS;0410-Administración de empresas (no definido);Facultad de Economía y Empresa;OUT;INGLÉS - B2 (Nivel avanzado);Suecia;Umeå Universitet (Suecia);2;1;25/08/2024
2023;ERASMUS;0410-Administración de empresas (no definido);Facultad de Economía y Empresa;OUT;INGLÉS - B2 (Nivel avanzado);Turquía;Yasar University (Turquía);1;0;25/08/2024
2023;ERASMUS;0410-Administración de empresas (no definido);Facultad de Economía y Empresa;OUT;INGLÉS - B2 (Nivel avanzado);Turquía;Cukurova University (Turquía);2;0;25/08/2024
2023;ERASMUS;0410-Administración de empresas (no definido);Facultad de Economía y Empresa;OUT;INGLÉS - B2 (Nivel avanzado);Turquía;Istanbul Medeniyet University (Turquía);2;0;25/08/2024
2023;ERASMUS;0410-Administración de empresas (no definido);Facultad de Economía y Empresa;OUT;INGLÉS - C1 (Nivel avanzado 1);Alemania;Hochschule Für Technik Und Wirtschaft Berlin (Alemania);7;4;25/08/2024
2023;ERASMUS;0410-Administración de empresas (no definido);Facultad de Economía y Empresa;OUT;INGLÉS - C1 (Nivel avanzado 1);Finlandia;Centria University Of Applied Sciences (Finlandia);3;0;25/08/2024
2023;ERASMUS;0410-Administración de empresas (no definido);Facultad de Economía y Empresa;OUT;INGLÉS - C1 (Nivel avanzado 1);Grecia;Athens University Of Economics And Business (Grecia);2;1;25/08/2024
2023;ERASMUS;0410-Administración de empresas (no definido);Facultad de Economía y Empresa;OUT;INGLÉS - C1 (Nivel avanzado 1);Noruega;Kristiania University College (Kuc) (Noruega);4;0;25/08/2024
2023;ERASMUS;0410-Administración de empresas (no definido);Facultad de Economía y Empresa;OUT;INGLÉS - C1 (Nivel avanzado 1);Reino Unido;University Of Strathclyde (Reino Unido);2;0;25/08/2024
2023;ERASMUS;0410-Administración de empresas (no definido);Facultad de Economía y Empresa;OUT;INGLÉS - TOEFL / IELTS;Finlandia;Hanken Svenska Handelshögskolan (Finlandia);1;1;25/08/2024
2023;ERASMUS;0410-Administración de empresas (no definido);Facultad de Economía y Empresa;OUT;INGLÉS - TOEFL / IELTS;Holanda;Nhl Stenden University Of Applied Sciences (Holanda);0;0;25/08/2024
2023;ERASMUS;0410-Administración de empresas (no definido);Facultad de Economía y Empresa;OUT;ITALIANO - A2 (Nivel básico avanzado);Italia;Università Degli Studi Di Milano-Bicocca (Italia);2;4;25/08/2024
2023;ERASMUS;0410-Administración de empresas (no definido);Facultad de Economía y Empresa;OUT;ITALIANO - B1 (Nivel intermedio);Italia;Università Degli Studi Di Modena E Reggio Emilia (Italia);5;3;25/08/2024
2023;ERASMUS;0410-Administración de empresas (no definido);Facultad de Economía y Empresa;OUT;ITALIANO - B1 (Nivel intermedio);Italia;Università Degli Studi Di Roma 'Tor Vergata' (Italia);3;3;25/08/2024
2023;ERASMUS;0410-Administración de empresas (no definido);Facultad de Economía y Empresa;OUT;ITALIANO - B1 (Nivel intermedio);Italia;Università Degli Studi Di Milano (Italia);2;0;25/08/2024
2023;ERASMUS;0410-Administración de empresas (no definido);Facultad de Economía y Empresa;OUT;ITALIANO - B1 (Nivel intermedio);Italia;Università Degli Studi Di Siena (Italia);2;1;25/08/2024
2023;ERASMUS;0410-Administración de empresas (no definido);Facultad de Economía y Empresa;OUT;ITALIANO - B2 (Nivel avanzado);Italia;"Università Degli Studi Di Napoli ""Parthenope"" (Italia)";0;0;25/08/2024
2023;ERASMUS;0410-Administración de empresas (no definido);Facultad de Economía y Empresa;OUT;PORTUGUÉS - A2 (Nivel básico avanzado);Portugal;Instituto Politécnico Da Guarda (Portugal);10;0;25/08/2024
2023;ERASMUS;0410-Administración de empresas (no definido);Facultad de Economía y Empresa;OUT;RUMANO - B1 (Nivel intermedio);Rumanía;Universitatea De Vest Din Timísoara (Rumanía);6;7;25/08/2024
2023;ERASMUS;0410-Administración de empresas (no definido);Facultad de Empresa y Gestión Pública;IN;ESPAÑOL - B1 (Nivel intermedio);Alemania;Fachhochschule Dortmund (Alemania);2;0;25/08/2024
2023;ERASMUS;0410-Administración de empresas (no definido);Facultad de Empresa y Gestión Pública;IN;ESPAÑOL - B1 (Nivel intermedio);Alemania;Hochschule Für Technik Und Wirtschaft (Htw) Des Saarlandes (Alemania);2;0;25/08/2024
2023;ERASMUS;0410-Administración de empresas (no definido);Facultad de Empresa y Gestión Pública;IN;ESPAÑOL - B1 (Nivel intermedio);Alemania;Berlin International University Of Applied Sciences (Alemania);2;0;25/08/2024
2023;ERASMUS;0410-Administración de empresas (no definido);Facultad de Empresa y Gestión Pública;IN;ESPAÑOL - B1 (Nivel intermedio);Alemania;Hochschule Augsburg (Alemania);2;0;25/08/2024
2023;ERASMUS;0410-Administración de empresas (no definido);Facultad de Empresa y Gestión Pública;IN;ESPAÑOL - B1 (Nivel intermedio);Austria;Universität Salzburg (Austria);2;0;25/08/2024
2023;ERASMUS;0410-Administración de empresas (no definido);Facultad de Empresa y Gestión Pública;IN;ESPAÑOL - B1 (Nivel intermedio);Bélgica;Thomas More University Of Applied Sciences (Bélgica);1;0;25/08/2024
2023;ERASMUS;0410-Administración de empresas (no definido);Facultad de Empresa y Gestión Pública;IN;ESPAÑOL - B1 (Nivel intermedio);Bélgica;Haute École Lucia De Brouckere (Bélgica);2;0;25/08/2024
2023;ERASMUS;0410-Administración de empresas (no definido);Facultad de Empresa y Gestión Pública;IN;ESPAÑOL - B1 (Nivel intermedio);Croacia;University Of Zagreb (Croacia);3;0;25/08/2024
2023;ERASMUS;0410-Administración de empresas (no definido);Facultad de Empresa y Gestión Pública;IN;ESPAÑOL - B1 (Nivel intermedio);Croacia;Par University Of Applied Science (Croacia);2;0;25/08/2024
2023;ERASMUS;0410-Administración de empresas (no definido);Facultad de Empresa y Gestión Pública;IN;ESPAÑOL - B1 (Nivel intermedio);Eslovaquia;Bratislava University Of Economics And Management (Eslovaquia);4;0;25/08/2024
2023;ERASMUS;0410-Administración de empresas (no definido);Facultad de Empresa y Gestión Pública;IN;ESPAÑOL - B1 (Nivel intermedio);Eslovenia;Univerza V Mariboru (Eslovenia);2;0;25/08/2024
2023;ERASMUS;0410-Administración de empresas (no definido);Facultad de Empresa y Gestión Pública;IN;ESPAÑOL - B1 (Nivel intermedio);Finlandia;Centria University Of Applied Sciences (Finlandia);2;0;25/08/2024
2023;ERASMUS;0410-Administración de empresas (no definido);Facultad de Empresa y Gestión Pública;IN;ESPAÑOL - B1 (Nivel intermedio);Francia;Esce International Business School, Paris (Francia);2;0;25/08/2024
2023;ERASMUS;0410-Administración de empresas (no definido);Facultad de Empresa y Gestión Pública;IN;ESPAÑOL - B1 (Nivel intermedio);Francia;École De Gestion Et De Commerce Tarbes Pyrénnées (Francia);2;0;25/08/2024
2023;ERASMUS;0410-Administración de empresas (no definido);Facultad de Empresa y Gestión Pública;IN;ESPAÑOL - B1 (Nivel intermedio);Francia;Egc  Ecole De Gestion Et De Commerce De La Cci Nord Isère (Francia);2;0;25/08/2024
2023;ERASMUS;0410-Administración de empresas (no definido);Facultad de Empresa y Gestión Pública;IN;ESPAÑOL - B1 (Nivel intermedio);Francia;Université Polytechnique Hauts-De-France (Francia);2;0;25/08/2024
2023;ERASMUS;0410-Administración de empresas (no definido);Facultad de Empresa y Gestión Pública;IN;ESPAÑOL - B1 (Nivel intermedio);Francia;École De Gestion Et De Commerce De Rodez (Francia);2;0;25/08/2024
2023;ERASMUS;0410-Administración de empresas (no definido);Facultad de Empresa y Gestión Pública;IN;ESPAÑOL - B1 (Nivel intermedio);Francia;École De Gestion Et De Commerce (Egc) De Montauban (Francia);2;0;25/08/2024
2023;ERASMUS;0410-Administración de empresas (no definido);Facultad de Empresa y Gestión Pública;IN;ESPAÑOL - B1 (Nivel intermedio);Francia;Tbs Education (Francia);2;0;25/08/2024
2023;ERASMUS;0410-Administración de empresas (no definido);Facultad de Empresa y Gestión Pública;IN;ESPAÑOL - B1 (Nivel intermedio);Francia;Université De Bourgogne - Dijon (Francia);2;0;25/08/2024
2023;ERASMUS;0410-Administración de empresas (no definido);Facultad de Empresa y Gestión Pública;IN;ESPAÑOL - B1 (Nivel intermedio);Francia;Université De Savoie Mont Blanc (Francia);1;0;25/08/2024
2023;ERASMUS;0410-Administración de empresas (no definido);Facultad de Empresa y Gestión Pública;IN;ESPAÑOL - B1 (Nivel intermedio);Francia;Université De Toulouse - Jean Jaurès (Francia);5;0;25/08/2024
2023;ERASMUS;0410-Administración de empresas (no definido);Facultad de Empresa y Gestión Pública;IN;ESPAÑOL - B1 (Nivel intermedio);Francia;Université Paul Sabatier - Toulouse Iii (Francia);3;0;25/08/2024
2023;ERASMUS;0410-Administración de empresas (no definido);Facultad de Empresa y Gestión Pública;IN;ESPAÑOL - B1 (Nivel intermedio);Grecia;University Of Thessaly (Grecia);2;0;25/08/2024
2023;ERASMUS;0410-Administración de empresas (no definido);Facultad de Empresa y Gestión Pública;IN;ESPAÑOL - B1 (Nivel intermedio);Holanda;Hz University Of Applied Sciences (Holanda);2;0;25/08/2024
2023;ERASMUS;0410-Administración de empresas (no definido);Facultad de Empresa y Gestión Pública;IN;ESPAÑOL - B1 (Nivel intermedio);Holanda;Avans Hogeschool, University Of Applied Sciences (Holanda);2;0;25/08/2024
2023;ERASMUS;0410-Administración de empresas (no definido);Facultad de Empresa y Gestión Pública;IN;ESPAÑOL - B1 (Nivel intermedio);Holanda;Breda University Of Applied Sciences (Holanda);2;0;25/08/2024
2023;ERASMUS;0410-Administración de empresas (no definido);Facultad de Empresa y Gestión Pública;IN;ESPAÑOL - B1 (Nivel intermedio);Holanda;Inholland University Of Applied Sciences (Holanda);2;0;25/08/2024
2023;ERASMUS;0410-Administración de empresas (no definido);Facultad de Empresa y Gestión Pública;IN;ESPAÑOL - B1 (Nivel intermedio);Hungría;Edutus College (Hungría);3;0;25/08/2024
2023;ERASMUS;0410-Administración de empresas (no definido);Facultad de Empresa y Gestión Pública;IN;ESPAÑOL - B1 (Nivel intermedio);Hungría;Szegedi Tudományegyetem (Hungría);2;0;25/08/2024
2023;ERASMUS;0410-Administración de empresas (no definido);Facultad de Empresa y Gestión Pública;IN;ESPAÑOL - B1 (Nivel intermedio);Hungría;Budapest University Of Technology And Economics (Hungría);1;0;25/08/2024
2023;ERASMUS;0410-Administración de empresas (no definido);Facultad de Empresa y Gestión Pública;IN;ESPAÑOL - B1 (Nivel intermedio);Irlanda (Eire);Institute Of Technology, Sligo (Irlanda (Eire));2;0;25/08/2024
2023;ERASMUS;0410-Administración de empresas (no definido);Facultad de Empresa y Gestión Pública;IN;ESPAÑOL - B1 (Nivel intermedio);Italia;Università Degli Studi Di Bologna (Italia);2;0;25/08/2024
2023;ERASMUS;0410-Administración de empresas (no definido);Facultad de Empresa y Gestión Pública;IN;ESPAÑOL - B1 (Nivel intermedio);Italia;Libera Università 'Maria Ss. Assunta' Di Roma (Italia);2;0;25/08/2024
2023;ERASMUS;0410-Administración de empresas (no definido);Facultad de Empresa y Gestión Pública;IN;ESPAÑOL - B1 (Nivel intermedio);Italia;Università Degli Studi Di Torino (Italia);5;0;25/08/2024
2023;ERASMUS;0410-Administración de empresas (no definido);Facultad de Empresa y Gestión Pública;IN;ESPAÑOL - B1 (Nivel intermedio);Italia;Università Ca' Foscari Di Venezia (Italia);2;0;25/08/2024
2023;ERASMUS;0410-Administración de empresas (no definido);Facultad de Empresa y Gestión Pública;IN;ESPAÑOL - B1 (Nivel intermedio);Polonia;Akademia Wychowania Fizycznego Im. Jedrzeja Sniadeckiego (Polonia);2;0;25/08/2024
2023;ERASMUS;0410-Administración de empresas (no definido);Facultad de Empresa y Gestión Pública;IN;ESPAÑOL - B1 (Nivel intermedio);Polonia;Uniwersytet Lódzki (Polonia);2;0;25/08/2024
2023;ERASMUS;0410-Administración de empresas (no definido);Facultad de Empresa y Gestión Pública;IN;ESPAÑOL - B1 (Nivel intermedio);Polonia;Uniwersytet Rzeszowski (Polonia);2;0;25/08/2024
2023;ERASMUS;0410-Administración de empresas (no definido);Facultad de Empresa y Gestión Pública;IN;ESPAÑOL - B1 (Nivel intermedio);Polonia;Uniwersytet Warszawski (Polonia);2;0;25/08/2024
2023;ERASMUS;0410-Administración de empresas (no definido);Facultad de Empresa y Gestión Pública;IN;ESPAÑOL - B1 (Nivel intermedio);Polonia;Wroclaw University Of Economics (Polonia);2;0;25/08/2024
2023;ERASMUS;0410-Administración de empresas (no definido);Facultad de Empresa y Gestión Pública;IN;ESPAÑOL - B1 (Nivel intermedio);Polonia;The State Vocational Higher School In Zamosc (Polonia);2;0;25/08/2024
2023;ERASMUS;0410-Administración de empresas (no definido);Facultad de Empresa y Gestión Pública;IN;ESPAÑOL - B1 (Nivel intermedio);Polonia;Akademia Wychowania Fizycznego Józefa Pilsudskiego (Polonia);1;0;25/08/2024
2023;ERASMUS;0410-Administración de empresas (no definido);Facultad de Empresa y Gestión Pública;IN;ESPAÑOL - B1 (Nivel intermedio);Portugal;Universidade Do Minho (Portugal);1;0;25/08/2024
2023;ERASMUS;0410-Administración de empresas (no definido);Facultad de Empresa y Gestión Pública;IN;ESPAÑOL - B1 (Nivel intermedio);Portugal;Instituto Politécnico Do Cávado E Do Ave (Portugal);2;0;25/08/2024
2023;ERASMUS;0410-Administración de empresas (no definido);Facultad de Empresa y Gestión Pública;IN;ESPAÑOL - B1 (Nivel intermedio);Portugal;Universidade Do Algarve (Portugal);4;0;25/08/2024
2023;ERASMUS;0410-Administración de empresas (no definido);Facultad de Empresa y Gestión Pública;IN;ESPAÑOL - B1 (Nivel intermedio);Portugal;Universidade Aberta (Portugal);2;0;25/08/2024
2023;ERASMUS;0410-Administración de empresas (no definido);Facultad de Empresa y Gestión Pública;IN;ESPAÑOL - B1 (Nivel intermedio);República Checa;Vysoka Skola Banska - Technicka Univerzita Ostrava (República Checa);2;0;25/08/2024
2023;ERASMUS;0410-Administración de empresas (no definido);Facultad de Empresa y Gestión Pública;IN;ESPAÑOL - B1 (Nivel intermedio);Rumanía;Ecological University Of Bucharest (Rumanía);2;0;25/08/2024
2023;ERASMUS;0410-Administración de empresas (no definido);Facultad de Empresa y Gestión Pública;IN;ESPAÑOL - B1 (Nivel intermedio);Rumanía;Universitatea De Vest Din Timísoara (Rumanía);3;0;25/08/2024
2023;ERASMUS;0410-Administración de empresas (no definido);Facultad de Empresa y Gestión Pública;IN;ESPAÑOL - B1 (Nivel intermedio);Rumanía;Vasile Goldis Western University Of Arad (Rumanía);2;0;25/08/2024
2023;ERASMUS;0410-Administración de empresas (no definido);Facultad de Empresa y Gestión Pública;IN;ESPAÑOL - B1 (Nivel intermedio);Serbia;University Of Novi Sad (Serbia);2;0;25/08/2024
2023;ERASMUS;0410-Administración de empresas (no definido);Facultad de Empresa y Gestión Pública;IN;ESPAÑOL - B1 (Nivel intermedio);Turquía;Yasar University (Turquía);2;0;25/08/2024
2023;ERASMUS;0410-Administración de empresas (no definido);Facultad de Empresa y Gestión Pública;IN;ESPAÑOL - B1 (Nivel intermedio);Turquía;Yildiz Teknik Üniversitesi (Turquía);1;0;25/08/2024
2023;ERASMUS;0410-Administración de empresas (no definido);Facultad de Empresa y Gestión Pública;IN;No Informado;Italia;Università Della Valle D'Aosta (Italia);0;0;25/08/2024
2023;ERASMUS;0410-Administración de empresas (no definido);Facultad de Empresa y Gestión Pública;IN;No Informado;Rumanía;Universitatea De Vest Din Timísoara (Rumanía);2;0;25/08/2024
2023;ERASMUS;0410-Administración de empresas (no definido);Facultad de Empresa y Gestión Pública;OUT;FRANCÉS - B1 (Nivel intermedio);Bélgica;Haute École Lucia De Brouckere (Bélgica);2;0;25/08/2024
2023;ERASMUS;0410-Administración de empresas (no definido);Facultad de Empresa y Gestión Pública;OUT;FRANCÉS - B1 (Nivel intermedio);Francia;École De Gestion Et De Commerce De Rodez (Francia);2;0;25/08/2024
2023;ERASMUS;0410-Administración de empresas (no definido);Facultad de Empresa y Gestión Pública;OUT;FRANCÉS - B2 (Nivel avanzado);Francia;Université De Savoie Mont Blanc (Francia);1;0;25/08/2024
2023;ERASMUS;0410-Administración de empresas (no definido);Facultad de Empresa y Gestión Pública;OUT;FRANCÉS - B2 (Nivel avanzado);Francia;École De Gestion Et De Commerce (Egc) De Montauban (Francia);2;0;25/08/2024
2023;ERASMUS;0410-Administración de empresas (no definido);Facultad de Empresa y Gestión Pública;OUT;FRANCÉS - B2 (Nivel avanzado);Francia;Université Paul Sabatier - Toulouse Iii (Francia);3;0;25/08/2024
2023;ERASMUS;0410-Administración de empresas (no definido);Facultad de Empresa y Gestión Pública;OUT;FRANCÉS - B2 (Nivel avanzado);Francia;Université De Toulouse - Jean Jaurès (Francia);5;0;25/08/2024
2023;ERASMUS;0410-Administración de empresas (no definido);Facultad de Empresa y Gestión Pública;OUT;FRANCÉS - B2 (Nivel avanzado);Francia;Université De Bourgogne - Dijon (Francia);2;0;25/08/2024
2023;ERASMUS;0410-Administración de empresas (no definido);Facultad de Empresa y Gestión Pública;OUT;INGLÉS - B1 (Nivel intermedio);Croacia;Par University Of Applied Science (Croacia);2;3;25/08/2024
2023;ERASMUS;0410-Administración de empresas (no definido);Facultad de Empresa y Gestión Pública;OUT;INGLÉS - B1 (Nivel intermedio);Eslovaquia;Bratislava University Of Economics And Management (Eslovaquia);2;0;25/08/2024
2023;ERASMUS;0410-Administración de empresas (no definido);Facultad de Empresa y Gestión Pública;OUT;INGLÉS - B1 (Nivel intermedio);Eslovenia;Univerza V Mariboru (Eslovenia);2;0;25/08/2024
2023;ERASMUS;0410-Administración de empresas (no definido);Facultad de Empresa y Gestión Pública;OUT;INGLÉS - B1 (Nivel intermedio);Francia;Tbs Education (Francia);2;1;25/08/2024
2023;ERASMUS;0410-Administración de empresas (no definido);Facultad de Empresa y Gestión Pública;OUT;INGLÉS - B1 (Nivel intermedio);Grecia;University Of Thessaly (Grecia);2;0;25/08/2024
2023;ERASMUS;0410-Administración de empresas (no definido);Facultad de Empresa y Gestión Pública;OUT;INGLÉS - B1 (Nivel intermedio);Irlanda (Eire);Institute Of Technology, Sligo (Irlanda (Eire));2;0;25/08/2024
2023;ERASMUS;0410-Administración de empresas (no definido);Facultad de Empresa y Gestión Pública;OUT;INGLÉS - B1 (Nivel intermedio);Italia;Università Della Valle D'Aosta (Italia);2;0;25/08/2024
2023;ERASMUS;0410-Administración de empresas (no definido);Facultad de Empresa y Gestión Pública;OUT;INGLÉS - B1 (Nivel intermedio);Italia;Università Degli Studi Di Torino (Italia);5;0;25/08/2024
2023;ERASMUS;0410-Administración de empresas (no definido);Facultad de Empresa y Gestión Pública;OUT;INGLÉS - B1 (Nivel intermedio);Italia;Università Ca' Foscari Di Venezia (Italia);2;0;25/08/2024
2023;ERASMUS;0410-Administración de empresas (no definido);Facultad de Empresa y Gestión Pública;OUT;INGLÉS - B1 (Nivel intermedio);Italia;Università Degli Studi Di Bologna (Italia);2;0;25/08/2024
2023;ERASMUS;0410-Administración de empresas (no definido);Facultad de Empresa y Gestión Pública;OUT;INGLÉS - B1 (Nivel intermedio);Polonia;Akademia Wychowania Fizycznego Józefa Pilsudskiego (Polonia);1;0;25/08/2024
2023;ERASMUS;0410-Administración de empresas (no definido);Facultad de Empresa y Gestión Pública;OUT;INGLÉS - B1 (Nivel intermedio);Polonia;The State Vocational Higher School In Zamosc (Polonia);2;0;25/08/2024
2023;ERASMUS;0410-Administración de empresas (no definido);Facultad de Empresa y Gestión Pública;OUT;INGLÉS - B1 (Nivel intermedio);Polonia;Akademia Wychowania Fizycznego Im. Jedrzeja Sniadeckiego (Polonia);2;0;25/08/2024
2023;ERASMUS;0410-Administración de empresas (no definido);Facultad de Empresa y Gestión Pública;OUT;INGLÉS - B1 (Nivel intermedio);Polonia;Uniwersytet Rzeszowski (Polonia);2;1;25/08/2024
2023;ERASMUS;0410-Administración de empresas (no definido);Facultad de Empresa y Gestión Pública;OUT;INGLÉS - B1 (Nivel intermedio);Portugal;Universidade Do Algarve (Portugal);4;0;25/08/2024
2023;ERASMUS;0410-Administración de empresas (no definido);Facultad de Empresa y Gestión Pública;OUT;INGLÉS - B1 (Nivel intermedio);Portugal;Instituto Politécnico Do Cávado E Do Ave (Portugal);2;0;25/08/2024
2023;ERASMUS;0410-Administración de empresas (no definido);Facultad de Empresa y Gestión Pública;OUT;INGLÉS - B1 (Nivel intermedio);Portugal;Universidade Aberta (Portugal);2;0;25/08/2024
2023;ERASMUS;0410-Administración de empresas (no definido);Facultad de Empresa y Gestión Pública;OUT;INGLÉS - B1 (Nivel intermedio);Rumanía;Ecological University Of Bucharest (Rumanía);2;0;25/08/2024
2023;ERASMUS;0410-Administración de empresas (no definido);Facultad de Empresa y Gestión Pública;OUT;INGLÉS - B1 (Nivel intermedio);Rumanía;Universitatea De Vest Din Timísoara (Rumanía);5;0;25/08/2024
2023;ERASMUS;0410-Administración de empresas (no definido);Facultad de Empresa y Gestión Pública;OUT;INGLÉS - B1 (Nivel intermedio);Rumanía;Vasile Goldis Western University Of Arad (Rumanía);2;0;25/08/2024
2023;ERASMUS;0410-Administración de empresas (no definido);Facultad de Empresa y Gestión Pública;OUT;INGLÉS - B1 (Nivel intermedio);Turquía;Yildiz Teknik Üniversitesi (Turquía);1;0;25/08/2024
2023;ERASMUS;0410-Administración de empresas (no definido);Facultad de Empresa y Gestión Pública;OUT;INGLÉS - B2 (Nivel avanzado);Alemania;Fachhochschule Dortmund (Alemania);2;0;25/08/2024
2023;ERASMUS;0410-Administración de empresas (no definido);Facultad de Empresa y Gestión Pública;OUT;INGLÉS - B2 (Nivel avanzado);Alemania;Berlin International University Of Applied Sciences (Alemania);1;0;25/08/2024
2023;ERASMUS;0410-Administración de empresas (no definido);Facultad de Empresa y Gestión Pública;OUT;INGLÉS - B2 (Nivel avanzado);Alemania;Hochschule Für Technik Und Wirtschaft (Htw) Des Saarlandes (Alemania);2;0;25/08/2024
2023;ERASMUS;0410-Administración de empresas (no definido);Facultad de Empresa y Gestión Pública;OUT;INGLÉS - B2 (Nivel avanzado);Alemania;Hochschule Augsburg (Alemania);2;0;25/08/2024
2023;ERASMUS;0410-Administración de empresas (no definido);Facultad de Empresa y Gestión Pública;OUT;INGLÉS - B2 (Nivel avanzado);Austria;Universität Salzburg (Austria);2;0;25/08/2024
2023;ERASMUS;0410-Administración de empresas (no definido);Facultad de Empresa y Gestión Pública;OUT;INGLÉS - B2 (Nivel avanzado);Bélgica;Thomas More University Of Applied Sciences (Bélgica);1;0;25/08/2024
2023;ERASMUS;0410-Administración de empresas (no definido);Facultad de Empresa y Gestión Pública;OUT;INGLÉS - B2 (Nivel avanzado);Croacia;University Of Zagreb (Croacia);3;0;25/08/2024
2023;ERASMUS;0410-Administración de empresas (no definido);Facultad de Empresa y Gestión Pública;OUT;INGLÉS - B2 (Nivel avanzado);Finlandia;Centria University Of Applied Sciences (Finlandia);2;0;25/08/2024
2023;ERASMUS;0410-Administración de empresas (no definido);Facultad de Empresa y Gestión Pública;OUT;INGLÉS - B2 (Nivel avanzado);Francia;Esce International Business School, Paris (Francia);2;0;25/08/2024
2023;ERASMUS;0410-Administración de empresas (no definido);Facultad de Empresa y Gestión Pública;OUT;INGLÉS - B2 (Nivel avanzado);Francia;Université Polytechnique Hauts-De-France (Francia);2;0;25/08/2024
2023;ERASMUS;0410-Administración de empresas (no definido);Facultad de Empresa y Gestión Pública;OUT;INGLÉS - B2 (Nivel avanzado);Francia;Egc  Ecole De Gestion Et De Commerce De La Cci Nord Isère (Francia);1;0;25/08/2024
2023;ERASMUS;0410-Administración de empresas (no definido);Facultad de Empresa y Gestión Pública;OUT;INGLÉS - B2 (Nivel avanzado);Francia;École De Gestion Et De Commerce Tarbes Pyrénnées (Francia);2;0;25/08/2024
2023;ERASMUS;0410-Administración de empresas (no definido);Facultad de Empresa y Gestión Pública;OUT;INGLÉS - B2 (Nivel avanzado);Holanda;Avans Hogeschool, University Of Applied Sciences (Holanda);2;0;25/08/2024
2023;ERASMUS;0410-Administración de empresas (no definido);Facultad de Empresa y Gestión Pública;OUT;INGLÉS - B2 (Nivel avanzado);Holanda;Inholland University Of Applied Sciences (Holanda);1;0;25/08/2024
2023;ERASMUS;0410-Administración de empresas (no definido);Facultad de Empresa y Gestión Pública;OUT;INGLÉS - B2 (Nivel avanzado);Holanda;Hz University Of Applied Sciences (Holanda);2;0;25/08/2024
2023;ERASMUS;0410-Administración de empresas (no definido);Facultad de Empresa y Gestión Pública;OUT;INGLÉS - B2 (Nivel avanzado);Holanda;Breda University Of Applied Sciences (Holanda);2;0;25/08/2024
2023;ERASMUS;0410-Administración de empresas (no definido);Facultad de Empresa y Gestión Pública;OUT;INGLÉS - B2 (Nivel avanzado);Hungría;Szegedi Tudományegyetem (Hungría);2;0;25/08/2024
2023;ERASMUS;0410-Administración de empresas (no definido);Facultad de Empresa y Gestión Pública;OUT;INGLÉS - B2 (Nivel avanzado);Hungría;Edutus College (Hungría);3;3;25/08/2024
2023;ERASMUS;0410-Administración de empresas (no definido);Facultad de Empresa y Gestión Pública;OUT;INGLÉS - B2 (Nivel avanzado);Hungría;Budapest University Of Technology And Economics (Hungría);1;0;25/08/2024
2023;ERASMUS;0410-Administración de empresas (no definido);Facultad de Empresa y Gestión Pública;OUT;INGLÉS - B2 (Nivel avanzado);Polonia;Uniwersytet Warszawski (Polonia);2;0;25/08/2024
2023;ERASMUS;0410-Administración de empresas (no definido);Facultad de Empresa y Gestión Pública;OUT;INGLÉS - B2 (Nivel avanzado);Polonia;Uniwersytet Lódzki (Polonia);2;0;25/08/2024
2023;ERASMUS;0410-Administración de empresas (no definido);Facultad de Empresa y Gestión Pública;OUT;INGLÉS - B2 (Nivel avanzado);Polonia;Wroclaw University Of Economics (Polonia);2;0;25/08/2024
2023;ERASMUS;0410-Administración de empresas (no definido);Facultad de Empresa y Gestión Pública;OUT;INGLÉS - B2 (Nivel avanzado);Portugal;Universidade Do Minho (Portugal);1;0;25/08/2024
2023;ERASMUS;0410-Administración de empresas (no definido);Facultad de Empresa y Gestión Pública;OUT;INGLÉS - B2 (Nivel avanzado);República Checa;Vysoka Skola Banska - Technicka Univerzita Ostrava (República Checa);2;0;25/08/2024
2023;ERASMUS;0410-Administración de empresas (no definido);Facultad de Empresa y Gestión Pública;OUT;INGLÉS - B2 (Nivel avanzado);Serbia;University Of Novi Sad (Serbia);2;0;25/08/2024
2023;ERASMUS;0410-Administración de empresas (no definido);Facultad de Empresa y Gestión Pública;OUT;INGLÉS - B2 (Nivel avanzado);Turquía;Yasar University (Turquía);2;0;25/08/2024
2023;ERASMUS;0410-Administración de empresas (no definido);Facultad de Empresa y Gestión Pública;OUT;ITALIANO - B1 (Nivel intermedio);Italia;Libera Università 'Maria Ss. Assunta' Di Roma (Italia);2;0;25/08/2024
2023;ERASMUS;0413-Gestión y administración;Escuela Universitaria de Turismo de Zaragoza;IN;No Informado;Alemania;Ebc Hochschule Berlin (Alemania);2;0;25/08/2024
2023;ERASMUS;0413-Gestión y administración;Escuela Universitaria de Turismo de Zaragoza;IN;No Informado;Alemania;Westsächsische Hochschule Zwickau (Fh) (Alemania);5;0;25/08/2024
2023;ERASMUS;0413-Gestión y administración;Escuela Universitaria de Turismo de Zaragoza;IN;No Informado;Austria;Imc University Of Applied Sciences Krems (Austria);2;0;25/08/2024
2023;ERASMUS;0413-Gestión y administración;Escuela Universitaria de Turismo de Zaragoza;IN;No Informado;Bélgica;Haute École Lucia De Brouckere (Bélgica);2;0;25/08/2024
2023;ERASMUS;0413-Gestión y administración;Escuela Universitaria de Turismo de Zaragoza;IN;No Informado;Finlandia;Yrkeshögskolan Sydväst (Finlandia);2;0;25/08/2024
2023;ERASMUS;0413-Gestión y administración;Escuela Universitaria de Turismo de Zaragoza;IN;No Informado;Francia;S.T.S. Lycée Chaptal (Francia);3;0;25/08/2024
2023;ERASMUS;0413-Gestión y administración;Escuela Universitaria de Turismo de Zaragoza;IN;No Informado;Francia;Institut Limayrac (Francia);2;0;25/08/2024
2023;ERASMUS;0413-Gestión y administración;Escuela Universitaria de Turismo de Zaragoza;IN;No Informado;Francia;Excelia Group (Francia);3;0;25/08/2024
2023;ERASMUS;0413-Gestión y administración;Escuela Universitaria de Turismo de Zaragoza;IN;No Informado;Francia;Lycée Georges Frêche (Francia);3;0;25/08/2024
2023;ERASMUS;0413-Gestión y administración;Escuela Universitaria de Turismo de Zaragoza;IN;No Informado;Francia;Université Paul Sabatier - Toulouse Iii (Francia);2;0;25/08/2024
2023;ERASMUS;0413-Gestión y administración;Escuela Universitaria de Turismo de Zaragoza;IN;No Informado;Holanda;Inholland University Of Applied Sciences (Holanda);5;0;25/08/2024
2023;ERASMUS;0413-Gestión y administración;Escuela Universitaria de Turismo de Zaragoza;IN;No Informado;Irlanda (Eire);Galway Mayo Institute Of Technology (Irlanda (Eire));6;0;25/08/2024
2023;ERASMUS;0413-Gestión y administración;Escuela Universitaria de Turismo de Zaragoza;IN;No Informado;Italia;Università Degli Studi Di Teramo (Italia);2;0;25/08/2024
2023;ERASMUS;0413-Gestión y administración;Escuela Universitaria de Turismo de Zaragoza;IN;No Informado;Italia;Università Degli Studi Di Milano-Bicocca (Italia);2;0;25/08/2024
2023;ERASMUS;0413-Gestión y administración;Escuela Universitaria de Turismo de Zaragoza;IN;No Informado;Malta;Institute Of Tourism Studies (Malta);2;0;25/08/2024
2023;ERASMUS;0413-Gestión y administración;Escuela Universitaria de Turismo de Zaragoza;IN;No Informado;Polonia;Uniwersytet Rzeszowski (Polonia);3;0;25/08/2024
2023;ERASMUS;0413-Gestión y administración;Escuela Universitaria de Turismo de Zaragoza;IN;No Informado;Polonia;Uniwersytet Ekonomiczny W Krakowie (Polonia);2;0;25/08/2024
2023;ERASMUS;0413-Gestión y administración;Escuela Universitaria de Turismo de Zaragoza;IN;No Informado;Portugal;Estoril Higher Institute For Tourism And Hotel And Hotel Studies (Portugal);2;0;25/08/2024
2023;ERASMUS;0413-Gestión y administración;Escuela Universitaria de Turismo de Zaragoza;IN;No Informado;Portugal;Universidade Europeia (Portugal);5;0;25/08/2024
2023;ERASMUS;0413-Gestión y administración;Escuela Universitaria de Turismo de Zaragoza;OUT;ALEMÁN - B1 (Nivel intermedio);Alemania;Westsächsische Hochschule Zwickau (Fh) (Alemania);5;0;25/08/2024
2023;ERASMUS;0413-Gestión y administración;Escuela Universitaria de Turismo de Zaragoza;OUT;FRANCÉS - B1 (Nivel intermedio);Francia;Lycée Georges Frêche (Francia);3;0;25/08/2024
2023;ERASMUS;0413-Gestión y administración;Escuela Universitaria de Turismo de Zaragoza;OUT;FRANCÉS - B1 (Nivel intermedio);Francia;S.T.S. Lycée Chaptal (Francia);3;0;25/08/2024
2023;ERASMUS;0413-Gestión y administración;Escuela Universitaria de Turismo de Zaragoza;OUT;FRANCÉS - B1 (Nivel intermedio);Francia;Institut Limayrac (Francia);2;0;25/08/2024
2023;ERASMUS;0413-Gestión y administración;Escuela Universitaria de Turismo de Zaragoza;OUT;INGLÉS - B1 (Nivel intermedio);Polonia;Uniwersytet Rzeszowski (Polonia);3;2;25/08/2024
2023;ERASMUS;0413-Gestión y administración;Escuela Universitaria de Turismo de Zaragoza;OUT;INGLÉS - B1 (Nivel intermedio);Portugal;Estoril Higher Institute For Tourism And Hotel And Hotel Studies (Portugal);2;1;25/08/2024
2023;ERASMUS;0413-Gestión y administración;Escuela Universitaria de Turismo de Zaragoza;OUT;INGLÉS - B2 (Nivel avanzado);Alemania;Ebc Hochschule Berlin (Alemania);2;0;25/08/2024
2023;ERASMUS;0413-Gestión y administración;Escuela Universitaria de Turismo de Zaragoza;OUT;INGLÉS - B2 (Nivel avanzado);Austria;Imc University Of Applied Sciences Krems (Austria);2;2;25/08/2024
2023;ERASMUS;0413-Gestión y administración;Escuela Universitaria de Turismo de Zaragoza;OUT;INGLÉS - B2 (Nivel avanzado);Francia;Excelia Group (Francia);3;0;25/08/2024
2023;ERASMUS;0413-Gestión y administración;Escuela Universitaria de Turismo de Zaragoza;OUT;INGLÉS - B2 (Nivel avanzado);Holanda;Inholland University Of Applied Sciences (Holanda);5;2;25/08/2024
2023;ERASMUS;0413-Gestión y administración;Escuela Universitaria de Turismo de Zaragoza;OUT;INGLÉS - B2 (Nivel avanzado);Italia;Università Degli Studi Di Milano-Bicocca (Italia);2;0;25/08/2024
2023;ERASMUS;0413-Gestión y administración;Escuela Universitaria de Turismo de Zaragoza;OUT;INGLÉS - B2 (Nivel avanzado);Polonia;Uniwersytet Ekonomiczny W Krakowie (Polonia);2;3;25/08/2024
2023;ERASMUS;0413-Gestión y administración;Escuela Universitaria de Turismo de Zaragoza;OUT;ITALIANO - B1 (Nivel intermedio);Italia;Università Degli Studi Di Teramo (Italia);2;1;25/08/2024
2023;ERASMUS;0413-Gestión y administración;Escuela Universitaria de Turismo de Zaragoza;OUT;No Informado;Bélgica;Haute École Lucia De Brouckere (Bélgica);2;0;25/08/2024
2023;ERASMUS;0413-Gestión y administración;Escuela Universitaria de Turismo de Zaragoza;OUT;No Informado;Finlandia;Yrkeshögskolan Sydväst (Finlandia);2;0;25/08/2024
2023;ERASMUS;0413-Gestión y administración;Escuela Universitaria de Turismo de Zaragoza;OUT;No Informado;Francia;Université Paul Sabatier - Toulouse Iii (Francia);2;0;25/08/2024
2023;ERASMUS;0413-Gestión y administración;Escuela Universitaria de Turismo de Zaragoza;OUT;No Informado;Irlanda (Eire);Galway Mayo Institute Of Technology (Irlanda (Eire));6;0;25/08/2024
2023;ERASMUS;0413-Gestión y administración;Escuela Universitaria de Turismo de Zaragoza;OUT;No Informado;Malta;Institute Of Tourism Studies (Malta);2;2;25/08/2024
2023;ERASMUS;0413-Gestión y administración;Escuela Universitaria de Turismo de Zaragoza;OUT;No Informado;Portugal;Universidade Europeia (Portugal);5;4;25/08/2024
2023;ERASMUS;0413-Gestión y administración;Facultad de Derecho;OUT;INGLÉS - B1 (Nivel intermedio);Portugal;Universidade De Coimbra (Portugal);1;1;25/08/2024
2023;ERASMUS;0413-Gestión y administración;Facultad de Economía y Empresa;IN;PORTUGUÉS - B1 (Nivel intermedio);Portugal;Universidade De Coimbra (Portugal);2;0;25/08/2024
2023;ERASMUS;0413-Gestión y administración;Facultad de Economía y Empresa;OUT;INGLÉS - B1 (Nivel intermedio);Portugal;Universidade De Coimbra (Portugal);1;1;25/08/2024
2023;ERASMUS;0413-Gestión y administración;Facultad de Empresa y Gestión Pública;IN;ESPAÑOL - B1 (Nivel intermedio);Alemania;Hochschule Für Technik Und Wirtschaft (Htw) Des Saarlandes (Alemania);2;0;25/08/2024
2023;ERASMUS;0413-Gestión y administración;Facultad de Empresa y Gestión Pública;IN;ESPAÑOL - B1 (Nivel intermedio);Bélgica;Thomas More University Of Applied Sciences (Bélgica);2;0;25/08/2024
2023;ERASMUS;0413-Gestión y administración;Facultad de Empresa y Gestión Pública;IN;ESPAÑOL - B1 (Nivel intermedio);Croacia;University Of Zagreb (Croacia);1;0;25/08/2024
2023;ERASMUS;0413-Gestión y administración;Facultad de Empresa y Gestión Pública;IN;ESPAÑOL - B1 (Nivel intermedio);Finlandia;Centria University Of Applied Sciences (Finlandia);2;0;25/08/2024
2023;ERASMUS;0413-Gestión y administración;Facultad de Empresa y Gestión Pública;IN;ESPAÑOL - B1 (Nivel intermedio);Francia;Université De Savoie Mont Blanc (Francia);2;0;25/08/2024
2023;ERASMUS;0413-Gestión y administración;Facultad de Empresa y Gestión Pública;IN;ESPAÑOL - B1 (Nivel intermedio);Holanda;Inholland University Of Applied Sciences (Holanda);1;0;25/08/2024
2023;ERASMUS;0413-Gestión y administración;Facultad de Empresa y Gestión Pública;IN;ESPAÑOL - B1 (Nivel intermedio);Holanda;Avans Hogeschool, University Of Applied Sciences (Holanda);2;0;25/08/2024
2023;ERASMUS;0413-Gestión y administración;Facultad de Empresa y Gestión Pública;IN;ESPAÑOL - B1 (Nivel intermedio);Polonia;The State Vocational Higher School In Zamosc (Polonia);1;0;25/08/2024
2023;ERASMUS;0413-Gestión y administración;Facultad de Empresa y Gestión Pública;IN;ESPAÑOL - B1 (Nivel intermedio);Polonia;Akademia Wychowania Fizycznego Józefa Pilsudskiego (Polonia);1;0;25/08/2024
2023;ERASMUS;0413-Gestión y administración;Facultad de Empresa y Gestión Pública;IN;ESPAÑOL - B1 (Nivel intermedio);Portugal;Universidade Aberta (Portugal);2;0;25/08/2024
2023;ERASMUS;0413-Gestión y administración;Facultad de Empresa y Gestión Pública;IN;ESPAÑOL - B1 (Nivel intermedio);Rumanía;Vasile Goldis Western University Of Arad (Rumanía);2;0;25/08/2024
2023;ERASMUS;0413-Gestión y administración;Facultad de Empresa y Gestión Pública;IN;ESPAÑOL - B1 (Nivel intermedio);Serbia;University Of Novi Sad (Serbia);2;0;25/08/2024
2023;ERASMUS;0413-Gestión y administración;Facultad de Empresa y Gestión Pública;IN;ESPAÑOL - B1 (Nivel intermedio);Turquía;Yasar University (Turquía);2;0;25/08/2024
2023;ERASMUS;0413-Gestión y administración;Facultad de Empresa y Gestión Pública;IN;No Informado;Polonia;Akademia Wychowania Fizycznego Im. Jedrzeja Sniadeckiego (Polonia);0;0;25/08/2024
2023;ERASMUS;0413-Gestión y administración;Facultad de Empresa y Gestión Pública;OUT;FRANCÉS - B2 (Nivel avanzado);Francia;Université De Savoie Mont Blanc (Francia);2;0;25/08/2024
2023;ERASMUS;0413-Gestión y administración;Facultad de Empresa y Gestión Pública;OUT;INGLÉS - B1 (Nivel intermedio);Polonia;The State Vocational Higher School In Zamosc (Polonia);1;0;25/08/2024
2023;ERASMUS;0413-Gestión y administración;Facultad de Empresa y Gestión Pública;OUT;INGLÉS - B1 (Nivel intermedio);Portugal;Universidade Aberta (Portugal);2;0;25/08/2024
2023;ERASMUS;0413-Gestión y administración;Facultad de Empresa y Gestión Pública;OUT;INGLÉS - B1 (Nivel intermedio);Rumanía;Vasile Goldis Western University Of Arad (Rumanía);2;0;25/08/2024
2023;ERASMUS;0413-Gestión y administración;Facultad de Empresa y Gestión Pública;OUT;INGLÉS - B2 (Nivel avanzado);Alemania;Hochschule Für Technik Und Wirtschaft (Htw) Des Saarlandes (Alemania);2;0;25/08/2024
2023;ERASMUS;0413-Gestión y administración;Facultad de Empresa y Gestión Pública;OUT;INGLÉS - B2 (Nivel avanzado);Bélgica;Thomas More University Of Applied Sciences (Bélgica);2;0;25/08/2024
2023;ERASMUS;0413-Gestión y administración;Facultad de Empresa y Gestión Pública;OUT;INGLÉS - B2 (Nivel avanzado);Croacia;University Of Zagreb (Croacia);1;0;25/08/2024
2023;ERASMUS;0413-Gestión y administración;Facultad de Empresa y Gestión Pública;OUT;INGLÉS - B2 (Nivel avanzado);Finlandia;Centria University Of Applied Sciences (Finlandia);2;0;25/08/2024
2023;ERASMUS;0413-Gestión y administración;Facultad de Empresa y Gestión Pública;OUT;INGLÉS - B2 (Nivel avanzado);Holanda;Inholland University Of Applied Sciences (Holanda);1;0;25/08/2024
2023;ERASMUS;0413-Gestión y administración;Facultad de Empresa y Gestión Pública;OUT;INGLÉS - B2 (Nivel avanzado);Holanda;Avans Hogeschool, University Of Applied Sciences (Holanda);2;0;25/08/2024
2023;ERASMUS;0413-Gestión y administración;Facultad de Empresa y Gestión Pública;OUT;INGLÉS - B2 (Nivel avanzado);Serbia;University Of Novi Sad (Serbia);2;0;25/08/2024
2023;ERASMUS;0413-Gestión y administración;Facultad de Empresa y Gestión Pública;OUT;INGLÉS - B2 (Nivel avanzado);Turquía;Yasar University (Turquía);2;0;25/08/2024
2023;ERASMUS;0413-Gestión y administración;Facultad de Empresa y Gestión Pública;OUT;No Informado;Polonia;Akademia Wychowania Fizycznego Józefa Pilsudskiego (Polonia);1;0;25/08/2024
2023;ERASMUS;0413-Gestión y administración;Facultad de Empresa y Gestión Pública;OUT;No Informado;Polonia;Akademia Wychowania Fizycznego Im. Jedrzeja Sniadeckiego (Polonia);0;0;25/08/2024
2023;ERASMUS;0414-Marketing y promoción;Facultad de Economía y Empresa;OUT;PORTUGUÉS - B1 (Nivel intermedio);Portugal;Universidade Da Beira Interior (Portugal);2;4;25/08/2024
2023;ERASMUS;0414-Marketing y promoción;Facultad de Empresa y Gestión Pública;IN;INGLÉS - B2 (Nivel avanzado);Francia;Université De Pau Et Des Pays De L'Adour (Francia);1;0;25/08/2024
2023;ERASMUS;0414-Marketing y promoción;Facultad de Empresa y Gestión Pública;OUT;FRANCÉS - B1 (Nivel intermedio);Francia;Université De Pau Et Des Pays De L'Adour (Francia);1;0;25/08/2024
2023;ERASMUS;0419-Administración de empresas (otras);Facultad de Empresa y Gestión Pública;IN;ESPAÑOL - B1 (Nivel intermedio);Alemania;Hochschule Für Technik Und Wirtschaft (Htw) Des Saarlandes (Alemania);2;0;25/08/2024
2023;ERASMUS;0419-Administración de empresas (otras);Facultad de Empresa y Gestión Pública;IN;ESPAÑOL - B1 (Nivel intermedio);Bélgica;Thomas More University Of Applied Sciences (Bélgica);1;0;25/08/2024
2023;ERASMUS;0419-Administración de empresas (otras);Facultad de Empresa y Gestión Pública;IN;ESPAÑOL - B1 (Nivel intermedio);Croacia;University Of Zagreb (Croacia);2;0;25/08/2024
2023;ERASMUS;0419-Administración de empresas (otras);Facultad de Empresa y Gestión Pública;IN;ESPAÑOL - B1 (Nivel intermedio);Holanda;Avans Hogeschool, University Of Applied Sciences (Holanda);2;0;25/08/2024
2023;ERASMUS;0419-Administración de empresas (otras);Facultad de Empresa y Gestión Pública;IN;ESPAÑOL - B1 (Nivel intermedio);Hungría;Budapest University Of Technology And Economics (Hungría);1;0;25/08/2024
2023;ERASMUS;0419-Administración de empresas (otras);Facultad de Empresa y Gestión Pública;IN;ESPAÑOL - B1 (Nivel intermedio);Irlanda (Eire);Institute Of Technology, Sligo (Irlanda (Eire));2;0;25/08/2024
2023;ERASMUS;0419-Administración de empresas (otras);Facultad de Empresa y Gestión Pública;IN;ESPAÑOL - B1 (Nivel intermedio);Italia;Università Della Valle D'Aosta (Italia);6;0;25/08/2024
2023;ERASMUS;0419-Administración de empresas (otras);Facultad de Empresa y Gestión Pública;IN;ESPAÑOL - B1 (Nivel intermedio);Polonia;Akademia Wychowania Fizycznego Józefa Pilsudskiego (Polonia);1;0;25/08/2024
2023;ERASMUS;0419-Administración de empresas (otras);Facultad de Empresa y Gestión Pública;IN;ESPAÑOL - B1 (Nivel intermedio);Portugal;Universidade Do Minho (Portugal);1;0;25/08/2024
2023;ERASMUS;0419-Administración de empresas (otras);Facultad de Empresa y Gestión Pública;IN;ESPAÑOL - B1 (Nivel intermedio);Rumanía;Universitatea Ovidius Din Constanta (Rumanía);2;0;25/08/2024
2023;ERASMUS;0419-Administración de empresas (otras);Facultad de Empresa y Gestión Pública;IN;ESPAÑOL - B1 (Nivel intermedio);Serbia;University Of Novi Sad (Serbia);2;0;25/08/2024
2023;ERASMUS;0419-Administración de empresas (otras);Facultad de Empresa y Gestión Pública;IN;ESPAÑOL - B1 (Nivel intermedio);Turquía;Sakarya University Of Applied Sciences (Turquía);2;0;25/08/2024
2023;ERASMUS;0419-Administración de empresas (otras);Facultad de Empresa y Gestión Pública;IN;ESPAÑOL - B1 (Nivel intermedio);Turquía;Yildiz Teknik Üniversitesi (Turquía);1;0;25/08/2024
2023;ERASMUS;0419-Administración de empresas (otras);Facultad de Empresa y Gestión Pública;OUT;INGLÉS - B1 (Nivel intermedio);Irlanda (Eire);Institute Of Technology, Sligo (Irlanda (Eire));2;0;25/08/2024
2023;ERASMUS;0419-Administración de empresas (otras);Facultad de Empresa y Gestión Pública;OUT;INGLÉS - B1 (Nivel intermedio);Italia;Università Della Valle D'Aosta (Italia);6;0;25/08/2024
2023;ERASMUS;0419-Administración de empresas (otras);Facultad de Empresa y Gestión Pública;OUT;INGLÉS - B1 (Nivel intermedio);Polonia;Akademia Wychowania Fizycznego Józefa Pilsudskiego (Polonia);1;0;25/08/2024
2023;ERASMUS;0419-Administración de empresas (otras);Facultad de Empresa y Gestión Pública;OUT;INGLÉS - B1 (Nivel intermedio);Rumanía;Universitatea Ovidius Din Constanta (Rumanía);2;0;25/08/2024
2023;ERASMUS;0419-Administración de empresas (otras);Facultad de Empresa y Gestión Pública;OUT;INGLÉS - B1 (Nivel intermedio);Turquía;Sakarya University Of Applied Sciences (Turquía);2;0;25/08/2024
2023;ERASMUS;0419-Administración de empresas (otras);Facultad de Empresa y Gestión Pública;OUT;INGLÉS - B1 (Nivel intermedio);Turquía;Yildiz Teknik Üniversitesi (Turquía);1;0;25/08/2024
2023;ERASMUS;0419-Administración de empresas (otras);Facultad de Empresa y Gestión Pública;OUT;INGLÉS - B2 (Nivel avanzado);Alemania;Hochschule Für Technik Und Wirtschaft (Htw) Des Saarlandes (Alemania);2;0;25/08/2024
2023;ERASMUS;0419-Administración de empresas (otras);Facultad de Empresa y Gestión Pública;OUT;INGLÉS - B2 (Nivel avanzado);Bélgica;Thomas More University Of Applied Sciences (Bélgica);1;0;25/08/2024
2023;ERASMUS;0419-Administración de empresas (otras);Facultad de Empresa y Gestión Pública;OUT;INGLÉS - B2 (Nivel avanzado);Croacia;University Of Zagreb (Croacia);2;0;25/08/2024
2023;ERASMUS;0419-Administración de empresas (otras);Facultad de Empresa y Gestión Pública;OUT;INGLÉS - B2 (Nivel avanzado);Holanda;Avans Hogeschool, University Of Applied Sciences (Holanda);2;0;25/08/2024
2023;ERASMUS;0419-Administración de empresas (otras);Facultad de Empresa y Gestión Pública;OUT;INGLÉS - B2 (Nivel avanzado);Hungría;Budapest University Of Technology And Economics (Hungría);1;0;25/08/2024
2023;ERASMUS;0419-Administración de empresas (otras);Facultad de Empresa y Gestión Pública;OUT;INGLÉS - B2 (Nivel avanzado);Portugal;Universidade Do Minho (Portugal);1;0;25/08/2024
2023;ERASMUS;0419-Administración de empresas (otras);Facultad de Empresa y Gestión Pública;OUT;INGLÉS - B2 (Nivel avanzado);Serbia;University Of Novi Sad (Serbia);2;0;25/08/2024
2023;ERASMUS;05-05-Ciencias naturales, matemáticas y estadística;Facultad de Ciencias;IN;ESPAÑOL - B1 (Nivel intermedio);Estonia;Tallinna Tehnikaúlikool (Estonia);2;0;25/08/2024
2023;ERASMUS;05-05-Ciencias naturales, matemáticas y estadística;Facultad de Ciencias;IN;ESPAÑOL - B1 (Nivel intermedio);Francia;Université Paris-Est Créteil Val De Marne (Francia);3;0;25/08/2024
2023;ERASMUS;05-05-Ciencias naturales, matemáticas y estadística;Facultad de Ciencias;IN;ESPAÑOL - B1 (Nivel intermedio);Holanda;Radboud Universiteit Nijmegen (Holanda);2;0;25/08/2024
2023;ERASMUS;05-05-Ciencias naturales, matemáticas y estadística;Facultad de Ciencias;IN;ESPAÑOL - B1 (Nivel intermedio);Italia;Politecnico Di Torino (Italia);2;0;25/08/2024
2023;ERASMUS;05-05-Ciencias naturales, matemáticas y estadística;Facultad de Ciencias;IN;ESPAÑOL - B1 (Nivel intermedio);Lituania;Kaunas University Of Technology (Lituania);8;0;25/08/2024
2023;ERASMUS;05-05-Ciencias naturales, matemáticas y estadística;Facultad de Ciencias;IN;No Informado;Irlanda (Eire);University College Dublin (Irlanda (Eire));5;0;25/08/2024
2023;ERASMUS;05-05-Ciencias naturales, matemáticas y estadística;Facultad de Ciencias;IN;No Informado;Italia;Università Degli Studi Di Genova (Italia);2;0;25/08/2024
2023;ERASMUS;05-05-Ciencias naturales, matemáticas y estadística;Facultad de Ciencias;OUT;INGLÉS - B1 (Nivel intermedio);Italia;Politecnico Di Torino (Italia);2;0;25/08/2024
2023;ERASMUS;05-05-Ciencias naturales, matemáticas y estadística;Facultad de Ciencias;OUT;INGLÉS - B1 (Nivel intermedio);Italia;Università Degli Studi Di Genova (Italia);2;0;25/08/2024
2023;ERASMUS;05-05-Ciencias naturales, matemáticas y estadística;Facultad de Ciencias;OUT;INGLÉS - B2 (Nivel avanzado);Estonia;Tallinna Tehnikaúlikool (Estonia);2;0;25/08/2024
2023;ERASMUS;05-05-Ciencias naturales, matemáticas y estadística;Facultad de Ciencias;OUT;INGLÉS - B2 (Nivel avanzado);Francia;Université Paris-Est Créteil Val De Marne (Francia);3;0;25/08/2024
2023;ERASMUS;05-05-Ciencias naturales, matemáticas y estadística;Facultad de Ciencias;OUT;INGLÉS - C1 (Nivel avanzado 1);Holanda;Radboud Universiteit Nijmegen (Holanda);2;2;25/08/2024
2023;ERASMUS;05-05-Ciencias naturales, matemáticas y estadística;Facultad de Ciencias;OUT;INGLÉS - C1 (Nivel avanzado 1);Irlanda (Eire);University College Dublin (Irlanda (Eire));5;0;25/08/2024
2023;ERASMUS;0510-0510-Ciencias biológicas y afines, sin definir más;Facultad de Ciencias;IN;ESPAÑOL - B1 (Nivel intermedio);Francia;Université De Pau Et Des Pays De L'Adour (Francia);4;0;25/08/2024
2023;ERASMUS;0510-0510-Ciencias biológicas y afines, sin definir más;Facultad de Ciencias;IN;ESPAÑOL - B1 (Nivel intermedio);Italia;Università Degli Studi Di Torino (Italia);1;0;25/08/2024
2023;ERASMUS;0510-0510-Ciencias biológicas y afines, sin definir más;Facultad de Ciencias;IN;INGLÉS - B1 (Nivel intermedio);Italia;Università Degli Studi Di Torino (Italia);2;0;25/08/2024
2023;ERASMUS;0510-0510-Ciencias biológicas y afines, sin definir más;Facultad de Ciencias;OUT;FRANCÉS - B2 (Nivel avanzado);Francia;Université De Pau Et Des Pays De L'Adour (Francia);4;1;25/08/2024
2023;ERASMUS;0510-0510-Ciencias biológicas y afines, sin definir más;Facultad de Ciencias;OUT;ITALIANO - B1 (Nivel intermedio);Italia;Università Degli Studi Di Torino (Italia);4;0;25/08/2024
2023;ERASMUS;0512-0512-Bioquímica;Facultad de Ciencias;IN;ESPAÑOL - B1 (Nivel intermedio);Alemania;Eberhard-Karls-Universität Tübingen (Alemania);1;0;25/08/2024
2023;ERASMUS;0512-0512-Bioquímica;Facultad de Ciencias;IN;ESPAÑOL - B1 (Nivel intermedio);Francia;Bordeaux Inp (Francia);5;0;25/08/2024
2023;ERASMUS;0512-0512-Bioquímica;Facultad de Ciencias;IN;ESPAÑOL - B1 (Nivel intermedio);Francia;Université De Lorraine (Francia);2;0;25/08/2024
2023;ERASMUS;0512-0512-Bioquímica;Facultad de Ciencias;IN;ESPAÑOL - B1 (Nivel intermedio);Francia;Université De Savoie Mont Blanc (Francia);4;0;25/08/2024
2023;ERASMUS;0512-0512-Bioquímica;Facultad de Ciencias;IN;ESPAÑOL - B1 (Nivel intermedio);Holanda;Radboud Universiteit Nijmegen (Holanda);2;0;25/08/2024
2023;ERASMUS;0512-0512-Bioquímica;Facultad de Ciencias;IN;ESPAÑOL - B1 (Nivel intermedio);Irlanda (Eire);University Of Dublin - Trinity College (Irlanda (Eire));0;0;25/08/2024
2023;ERASMUS;0512-0512-Bioquímica;Facultad de Ciencias;IN;ESPAÑOL - B1 (Nivel intermedio);Italia;Università Degli Studi Di Pavia (Italia);2;0;25/08/2024
2023;ERASMUS;0512-0512-Bioquímica;Facultad de Ciencias;IN;ESPAÑOL - B1 (Nivel intermedio);Italia;Università Degli Studi Di Bari (Italia);4;0;25/08/2024
2023;ERASMUS;0512-0512-Bioquímica;Facultad de Ciencias;IN;ESPAÑOL - B1 (Nivel intermedio);Italia;Università Degli Studi Di Milano (Italia);0;0;25/08/2024
2023;ERASMUS;0512-0512-Bioquímica;Facultad de Ciencias;IN;ESPAÑOL - B1 (Nivel intermedio);Italia;Università Del Sannio - Benevento (Italia);4;0;25/08/2024
2023;ERASMUS;0512-0512-Bioquímica;Facultad de Ciencias;IN;ESPAÑOL - B1 (Nivel intermedio);Italia;Università Degli Studi Di Camerino (Italia);4;0;25/08/2024
2023;ERASMUS;0512-0512-Bioquímica;Facultad de Ciencias;IN;ESPAÑOL - B1 (Nivel intermedio);Letonia;Latvijas Universitáte (Letonia);2;0;25/08/2024
2023;ERASMUS;0512-0512-Bioquímica;Facultad de Ciencias;IN;ESPAÑOL - B1 (Nivel intermedio);Lituania;Vytautas Magnus University (Lituania);3;0;25/08/2024
2023;ERASMUS;0512-0512-Bioquímica;Facultad de Ciencias;IN;ESPAÑOL - B1 (Nivel intermedio);Portugal;Universidade Da Beira Interior (Portugal);4;0;25/08/2024
2023;ERASMUS;0512-0512-Bioquímica;Facultad de Ciencias;IN;ESPAÑOL - B1 (Nivel intermedio);Portugal;Universidade De Coimbra (Portugal);1;0;25/08/2024
2023;ERASMUS;0512-0512-Bioquímica;Facultad de Ciencias;IN;ESPAÑOL - B1 (Nivel intermedio);República Checa;Ostravská Univerzita V Ostrave (República Checa);2;0;25/08/2024
2023;ERASMUS;0512-0512-Bioquímica;Facultad de Ciencias;IN;ESPAÑOL - B1 (Nivel intermedio);Rumanía;Universitatea De Vest Din Timísoara (Rumanía);3;0;25/08/2024
2023;ERASMUS;0512-0512-Bioquímica;Facultad de Ciencias;IN;No Informado;Italia;Università Degli Studi Di Torino (Italia);5;0;25/08/2024
2023;ERASMUS;0512-0512-Bioquímica;Facultad de Ciencias;OUT;ALEMÁN - B1 (Nivel intermedio);Alemania;Eberhard-Karls-Universität Tübingen (Alemania);1;1;25/08/2024
2023;ERASMUS;0512-0512-Bioquímica;Facultad de Ciencias;OUT;ALEMÁN - B1 (Nivel intermedio);Alemania;Hochschule Esslingen - University Of Applied Sciences (Alemania);3;0;25/08/2024
2023;ERASMUS;0512-0512-Bioquímica;Facultad de Ciencias;OUT;FRANCÉS - B1 (Nivel intermedio);Francia;Université De Lorraine (Francia);2;0;25/08/2024
2023;ERASMUS;0512-0512-Bioquímica;Facultad de Ciencias;OUT;FRANCÉS - B2 (Nivel avanzado);Francia;Bordeaux Inp (Francia);5;0;25/08/2024
2023;ERASMUS;0512-0512-Bioquímica;Facultad de Ciencias;OUT;FRANCÉS - B2 (Nivel avanzado);Francia;Université De Savoie Mont Blanc (Francia);4;0;25/08/2024
2023;ERASMUS;0512-0512-Bioquímica;Facultad de Ciencias;OUT;INGLÉS - B1 (Nivel intermedio);Italia;Università Degli Studi Di Torino (Italia);5;0;25/08/2024
2023;ERASMUS;0512-0512-Bioquímica;Facultad de Ciencias;OUT;INGLÉS - B1 (Nivel intermedio);Italia;Università Degli Studi Di Pavia (Italia);2;1;25/08/2024
2023;ERASMUS;0512-0512-Bioquímica;Facultad de Ciencias;OUT;INGLÉS - B1 (Nivel intermedio);Italia;Università Degli Studi Di Milano (Italia);0;0;25/08/2024
2023;ERASMUS;0512-0512-Bioquímica;Facultad de Ciencias;OUT;INGLÉS - B1 (Nivel intermedio);República Checa;Ostravská Univerzita V Ostrave (República Checa);2;2;25/08/2024
2023;ERASMUS;0512-0512-Bioquímica;Facultad de Ciencias;OUT;INGLÉS - B2 (Nivel avanzado);Bélgica;Katholieke Universiteit Leuven (Bélgica);4;2;25/08/2024
2023;ERASMUS;0512-0512-Bioquímica;Facultad de Ciencias;OUT;INGLÉS - B2 (Nivel avanzado);Irlanda (Eire);University Of Dublin - Trinity College (Irlanda (Eire));0;0;25/08/2024
2023;ERASMUS;0512-0512-Bioquímica;Facultad de Ciencias;OUT;INGLÉS - B2 (Nivel avanzado);Letonia;Latvijas Universitáte (Letonia);2;1;25/08/2024
2023;ERASMUS;0512-0512-Bioquímica;Facultad de Ciencias;OUT;INGLÉS - B2 (Nivel avanzado);Lituania;Vytautas Magnus University (Lituania);3;1;25/08/2024
2023;ERASMUS;0512-0512-Bioquímica;Facultad de Ciencias;OUT;INGLÉS - C1 (Nivel avanzado 1);Holanda;Radboud Universiteit Nijmegen (Holanda);2;1;25/08/2024
2023;ERASMUS;0512-0512-Bioquímica;Facultad de Ciencias;OUT;INGLÉS - TOEFL / IELTS;Francia;École Des Ingénieurs En Biotechnologie Paris (Francia);2;2;25/08/2024
2023;ERASMUS;0512-0512-Bioquímica;Facultad de Ciencias;OUT;ITALIANO - B1 (Nivel intermedio);Italia;Università Del Sannio - Benevento (Italia);4;0;25/08/2024
2023;ERASMUS;0512-0512-Bioquímica;Facultad de Ciencias;OUT;ITALIANO - B1 (Nivel intermedio);Italia;Università Degli Studi Di Camerino (Italia);4;3;25/08/2024
2023;ERASMUS;0512-0512-Bioquímica;Facultad de Ciencias;OUT;ITALIANO - B1 (Nivel intermedio);Italia;Università Degli Studi Di Bari (Italia);5;4;25/08/2024
2023;ERASMUS;0512-0512-Bioquímica;Facultad de Ciencias;OUT;PORTUGUÉS - B1 (Nivel intermedio);Portugal;Universidade Da Beira Interior (Portugal);4;1;25/08/2024
2023;ERASMUS;0512-0512-Bioquímica;Facultad de Ciencias;OUT;PORTUGUÉS - B1 (Nivel intermedio);Portugal;Universidade De Coimbra (Portugal);1;1;25/08/2024
2023;ERASMUS;0512-0512-Bioquímica;Facultad de Ciencias;OUT;RUMANO - B1 (Nivel intermedio);Rumanía;Universitatea De Vest Din Timísoara (Rumanía);3;0;25/08/2024
2023;ERASMUS;0520-0520-Medio ambiente, sin definir más;Escuela Politécnica Superior;IN;ESPAÑOL - B1 (Nivel intermedio);Austria;University Of Applied Sciences Upper Austria (Austria);2;0;25/08/2024
2023;ERASMUS;0520-0520-Medio ambiente, sin definir más;Escuela Politécnica Superior;OUT;INGLÉS - B2 (Nivel avanzado);Austria;University Of Applied Sciences Upper Austria (Austria);2;0;25/08/2024
2023;ERASMUS;0521-0521-Ciencias del medio ambiente;Escuela de Ingeniería y Arquitectura;IN;ESPAÑOL - B1 (Nivel intermedio);Alemania;Technische Universität Carolo-Wilhelmina Zu Braunschweig (Alemania);2;0;25/08/2024
2023;ERASMUS;0521-0521-Ciencias del medio ambiente;Escuela Politécnica Superior;IN;ESPAÑOL - B1 (Nivel intermedio);Francia;Institut Polytechnique Unilasalle (Francia);4;0;25/08/2024
2023;ERASMUS;0521-0521-Ciencias del medio ambiente;Escuela Politécnica Superior;IN;ESPAÑOL - B1 (Nivel intermedio);Irlanda (Eire);University College Dublin (Irlanda (Eire));4;0;25/08/2024
2023;ERASMUS;0521-0521-Ciencias del medio ambiente;Escuela Politécnica Superior;IN;ESPAÑOL - B1 (Nivel intermedio);Lituania;Vilniaus Gedimino Technikos Universitetas (Vgtu) (Lituania);2;0;25/08/2024
2023;ERASMUS;0521-0521-Ciencias del medio ambiente;Escuela Politécnica Superior;IN;No Informado;Francia;Université De Pau Et Des Pays De L'Adour (Francia);2;0;25/08/2024
2023;ERASMUS;0521-0521-Ciencias del medio ambiente;Escuela Politécnica Superior;IN;No Informado;Italia;Università Degli Studi Di Torino (Italia);5;0;25/08/2024
2023;ERASMUS;0521-0521-Ciencias del medio ambiente;Escuela Politécnica Superior;OUT;FRANCÉS - B2 (Nivel avanzado);Francia;Université De Pau Et Des Pays De L'Adour (Francia);2;0;25/08/2024
2023;ERASMUS;0521-0521-Ciencias del medio ambiente;Escuela Politécnica Superior;OUT;INGLÉS - B1 (Nivel intermedio);Irlanda (Eire);University College Dublin (Irlanda (Eire));2;1;25/08/2024
2023;ERASMUS;0521-0521-Ciencias del medio ambiente;Escuela Politécnica Superior;OUT;INGLÉS - B1 (Nivel intermedio);Italia;Università Degli Studi Di Torino (Italia);2;1;25/08/2024
2023;ERASMUS;0521-0521-Ciencias del medio ambiente;Escuela Politécnica Superior;OUT;INGLÉS - B2 (Nivel avanzado);Francia;Institut Polytechnique Unilasalle (Francia);4;0;25/08/2024
2023;ERASMUS;0521-0521-Ciencias del medio ambiente;Escuela Politécnica Superior;OUT;INGLÉS - B2 (Nivel avanzado);Lituania;Vilniaus Gedimino Technikos Universitetas (Vgtu) (Lituania);2;1;25/08/2024
2023;ERASMUS;0531-Química;Escuela de Doctorado;OUT;INGLÉS - B2 (Nivel avanzado);Alemania;Universität Regensburg (Alemania);2;0;25/08/2024
2023;ERASMUS;0531-Química;Escuela de Ingeniería y Arquitectura;IN;ESPAÑOL - B1 (Nivel intermedio);Francia;Institut National Des Sciences Appliquées De Rouen (Francia);2;0;25/08/2024
2023;ERASMUS;0531-Química;Escuela de Ingeniería y Arquitectura;IN;ESPAÑOL - B1 (Nivel intermedio);Francia;Université D'Artois (Francia);1;0;25/08/2024
2023;ERASMUS;0531-Química;Escuela de Ingeniería y Arquitectura;IN;ESPAÑOL - B1 (Nivel intermedio);Italia;Università Degli Studi Di Trieste (Italia);1;0;25/08/2024
2023;ERASMUS;0531-Química;Escuela de Ingeniería y Arquitectura;OUT;ALEMÁN - B1 (Nivel intermedio);Alemania;Technische Universität München (Alemania);1;0;25/08/2024
2023;ERASMUS;0531-Química;Escuela de Ingeniería y Arquitectura;OUT;FRANCÉS - B1 (Nivel intermedio);Francia;Université De Montpellier (Francia);1;0;25/08/2024
2023;ERASMUS;0531-Química;Escuela de Ingeniería y Arquitectura;OUT;FRANCÉS - B1 (Nivel intermedio);Francia;Institut National Des Sciences Appliquées De Rouen (Francia);2;0;25/08/2024
2023;ERASMUS;0531-Química;Escuela de Ingeniería y Arquitectura;OUT;FRANCÉS - B1 (Nivel intermedio);Francia;Université D'Artois (Francia);1;0;25/08/2024
2023;ERASMUS;0531-Química;Escuela de Ingeniería y Arquitectura;OUT;INGLÉS - B2 (Nivel avanzado);República Checa;Vysoká Skola Chemicko-Technologická V Praze (República Checa);1;1;25/08/2024
2023;ERASMUS;0531-Química;Escuela de Ingeniería y Arquitectura;OUT;No Informado;Hungría;Eötvös Loránd Tudományegyetem (Hungría);2;0;25/08/2024
2023;ERASMUS;0531-Química;Escuela de Ingeniería y Arquitectura;OUT;No Informado;Italia;Università Degli Studi Di Trieste (Italia);1;0;25/08/2024
2023;ERASMUS;0531-Química;Escuela de Ingeniería y Arquitectura;OUT;OTROS - B1 (Nivel intermedio);República Checa;Vysoká Skola Chemicko-Technologická V Praze (República Checa);0;0;25/08/2024
2023;ERASMUS;0531-Química;Escuela Politécnica Superior;IN;No Informado;Turquía;Ege University (Turquía);1;0;25/08/2024
2023;ERASMUS;0531-Química;Facultad de Ciencias;IN;ALEMÁN - B1 (Nivel intermedio);Eslovenia;Univerza V Ljubljana (Eslovenia);1;0;25/08/2024
2023;ERASMUS;0531-Química;Facultad de Ciencias;IN;ESPAÑOL - B1 (Nivel intermedio);Alemania;Technische Universität Carolo-Wilhelmina Zu Braunschweig (Alemania);2;0;25/08/2024
2023;ERASMUS;0531-Química;Facultad de Ciencias;IN;ESPAÑOL - B1 (Nivel intermedio);Alemania;University Of Münster (Alemania);2;0;25/08/2024
2023;ERASMUS;0531-Química;Facultad de Ciencias;IN;ESPAÑOL - B1 (Nivel intermedio);Alemania;Universität Stuttgart (Alemania);2;0;25/08/2024
2023;ERASMUS;0531-Química;Facultad de Ciencias;IN;ESPAÑOL - B1 (Nivel intermedio);Alemania;Ruprecht-Karls-Universität Heidelberg (Alemania);2;0;25/08/2024
2023;ERASMUS;0531-Química;Facultad de Ciencias;IN;ESPAÑOL - B1 (Nivel intermedio);Alemania;Heinrich-Heine-Universität Düsseldorf (Alemania);1;0;25/08/2024
2023;ERASMUS;0531-Química;Facultad de Ciencias;IN;ESPAÑOL - B1 (Nivel intermedio);Alemania;Julius-Maximilians- Universität Würzburg (Alemania);2;0;25/08/2024
2023;ERASMUS;0531-Química;Facultad de Ciencias;IN;ESPAÑOL - B1 (Nivel intermedio);Alemania;Technische Universitaet Dortmund (Tu Dortmund University) (Alemania);2;0;25/08/2024
2023;ERASMUS;0531-Química;Facultad de Ciencias;IN;ESPAÑOL - B1 (Nivel intermedio);Alemania;Rheinisch-Westfälische Technische Hochschule Aachen (Alemania);2;0;25/08/2024
2023;ERASMUS;0531-Química;Facultad de Ciencias;IN;ESPAÑOL - B1 (Nivel intermedio);Bélgica;Katholieke Universiteit Leuven (Bélgica);4;0;25/08/2024
2023;ERASMUS;0531-Química;Facultad de Ciencias;IN;ESPAÑOL - B1 (Nivel intermedio);Bélgica;Universiteit Gent (Bélgica);2;0;25/08/2024
2023;ERASMUS;0531-Química;Facultad de Ciencias;IN;ESPAÑOL - B1 (Nivel intermedio);Eslovaquia;Univerzita Pavla Jozefa Safárika V Kosiciach (Eslovaquia);4;0;25/08/2024
2023;ERASMUS;0531-Química;Facultad de Ciencias;IN;ESPAÑOL - B1 (Nivel intermedio);Eslovenia;Univerza V Ljubljana (Eslovenia);2;0;25/08/2024
2023;ERASMUS;0531-Química;Facultad de Ciencias;IN;ESPAÑOL - B1 (Nivel intermedio);Eslovenia;Univerza V Mariboru (Eslovenia);2;0;25/08/2024
2023;ERASMUS;0531-Química;Facultad de Ciencias;IN;ESPAÑOL - B1 (Nivel intermedio);Estonia;Tartu Ülikool (Estonia);2;0;25/08/2024
2023;ERASMUS;0531-Química;Facultad de Ciencias;IN;ESPAÑOL - B1 (Nivel intermedio);Francia;Sorbonne Université (Francia);1;0;25/08/2024
2023;ERASMUS;0531-Química;Facultad de Ciencias;IN;ESPAÑOL - B1 (Nivel intermedio);Francia;Université De Lorraine (Francia);2;0;25/08/2024
2023;ERASMUS;0531-Química;Facultad de Ciencias;IN;ESPAÑOL - B1 (Nivel intermedio);Francia;Université De Bordeaux I (Francia);2;0;25/08/2024
2023;ERASMUS;0531-Química;Facultad de Ciencias;IN;ESPAÑOL - B1 (Nivel intermedio);Francia;Université De Savoie Mont Blanc (Francia);4;0;25/08/2024
2023;ERASMUS;0531-Química;Facultad de Ciencias;IN;ESPAÑOL - B1 (Nivel intermedio);Francia;Université Paul Sabatier - Toulouse Iii (Francia);2;0;25/08/2024
2023;ERASMUS;0531-Química;Facultad de Ciencias;IN;ESPAÑOL - B1 (Nivel intermedio);Francia;Université De Pau Et Des Pays De L'Adour (Francia);3;0;25/08/2024
2023;ERASMUS;0531-Química;Facultad de Ciencias;IN;ESPAÑOL - B1 (Nivel intermedio);Grecia;Panepistimio Ioanninon (Grecia);2;0;25/08/2024
2023;ERASMUS;0531-Química;Facultad de Ciencias;IN;ESPAÑOL - B1 (Nivel intermedio);Holanda;Universiteit Van Amsterdam (Holanda);2;0;25/08/2024
2023;ERASMUS;0531-Química;Facultad de Ciencias;IN;ESPAÑOL - B1 (Nivel intermedio);Holanda;Technische Universiteit Delft (Holanda);1;0;25/08/2024
2023;ERASMUS;0531-Química;Facultad de Ciencias;IN;ESPAÑOL - B1 (Nivel intermedio);Hungría;Debreceni Egyetem (Hungría);2;0;25/08/2024
2023;ERASMUS;0531-Química;Facultad de Ciencias;IN;ESPAÑOL - B1 (Nivel intermedio);Irlanda (Eire);University Of Dublin - Trinity College (Irlanda (Eire));4;0;25/08/2024
2023;ERASMUS;0531-Química;Facultad de Ciencias;IN;ESPAÑOL - B1 (Nivel intermedio);Italia;Università Degli Studi Della Calabria (Italia);1;0;25/08/2024
2023;ERASMUS;0531-Química;Facultad de Ciencias;IN;ESPAÑOL - B1 (Nivel intermedio);Italia;Università Degli Studi Di Torino (Italia);1;0;25/08/2024
2023;ERASMUS;0531-Química;Facultad de Ciencias;IN;ESPAÑOL - B1 (Nivel intermedio);Italia;Università Degli Studi Di Ferrara (Italia);1;0;25/08/2024
2023;ERASMUS;0531-Química;Facultad de Ciencias;IN;ESPAÑOL - B1 (Nivel intermedio);Italia;Università Degli Studi Di Firenze (Italia);2;0;25/08/2024
2023;ERASMUS;0531-Química;Facultad de Ciencias;IN;ESPAÑOL - B1 (Nivel intermedio);Italia;Università Degli Studi Di Messina (Italia);2;0;25/08/2024
2023;ERASMUS;0531-Química;Facultad de Ciencias;IN;ESPAÑOL - B1 (Nivel intermedio);Italia;Università Degli Studi Di Salerno (Italia);2;0;25/08/2024
2023;ERASMUS;0531-Química;Facultad de Ciencias;IN;ESPAÑOL - B1 (Nivel intermedio);Italia;Università Degli Studi Di Sassari (Italia);2;0;25/08/2024
2023;ERASMUS;0531-Química;Facultad de Ciencias;IN;ESPAÑOL - B1 (Nivel intermedio);Italia;Università Degli Studi Di Cagliari (Italia);2;0;25/08/2024
2023;ERASMUS;0531-Química;Facultad de Ciencias;IN;ESPAÑOL - B1 (Nivel intermedio);Italia;Università Degli Studi Di Camerino (Italia);2;0;25/08/2024
2023;ERASMUS;0531-Química;Facultad de Ciencias;IN;ESPAÑOL - B1 (Nivel intermedio);Italia;Università Degli Studi Di L'Aquila (Italia);3;0;25/08/2024
2023;ERASMUS;0531-Química;Facultad de Ciencias;IN;ESPAÑOL - B1 (Nivel intermedio);Italia;Università Degli Studi Di Pavia (Italia);1;0;25/08/2024
2023;ERASMUS;0531-Química;Facultad de Ciencias;IN;ESPAÑOL - B1 (Nivel intermedio);Italia;Università Degli Studi Di Parma (Italia);3;0;25/08/2024
2023;ERASMUS;0531-Química;Facultad de Ciencias;IN;ESPAÑOL - B1 (Nivel intermedio);Italia;Università Degli Studi Di Bari (Italia);2;0;25/08/2024
2023;ERASMUS;0531-Química;Facultad de Ciencias;IN;ESPAÑOL - B1 (Nivel intermedio);Italia;Università Di Pisa (Italia);2;0;25/08/2024
2023;ERASMUS;0531-Química;Facultad de Ciencias;IN;ESPAÑOL - B1 (Nivel intermedio);Italia;Università Degli Studi Di Napoli Federico Ii (Italia);2;0;25/08/2024
2023;ERASMUS;0531-Química;Facultad de Ciencias;IN;ESPAÑOL - B1 (Nivel intermedio);Italia;Università Degli Studi Di Milano (Italia);4;0;25/08/2024
2023;ERASMUS;0531-Química;Facultad de Ciencias;IN;ESPAÑOL - B1 (Nivel intermedio);Letonia;Latvijas Universitáte (Letonia);2;0;25/08/2024
2023;ERASMUS;0531-Química;Facultad de Ciencias;IN;ESPAÑOL - B1 (Nivel intermedio);Polonia;Uniwersytet Jagielloñski (Polonia);3;0;25/08/2024
2023;ERASMUS;0531-Química;Facultad de Ciencias;IN;ESPAÑOL - B1 (Nivel intermedio);Portugal;Universidade Do Porto (Portugal);2;0;25/08/2024
2023;ERASMUS;0531-Química;Facultad de Ciencias;IN;ESPAÑOL - B1 (Nivel intermedio);Portugal;Universidade De Coimbra (Portugal);1;0;25/08/2024
2023;ERASMUS;0531-Química;Facultad de Ciencias;IN;ESPAÑOL - B1 (Nivel intermedio);Portugal;Universidade Da Beira Interior (Portugal);4;0;25/08/2024
2023;ERASMUS;0531-Química;Facultad de Ciencias;IN;ESPAÑOL - B1 (Nivel intermedio);Portugal;Universidade De Lisboa (Portugal);2;0;25/08/2024
2023;ERASMUS;0531-Química;Facultad de Ciencias;IN;ESPAÑOL - B1 (Nivel intermedio);Reino Unido;Cardiff University (Reino Unido);2;0;25/08/2024
2023;ERASMUS;0531-Química;Facultad de Ciencias;IN;ESPAÑOL - B1 (Nivel intermedio);Reino Unido;The University Of Reading (Reino Unido);2;0;25/08/2024
2023;ERASMUS;0531-Química;Facultad de Ciencias;IN;ESPAÑOL - B1 (Nivel intermedio);República Checa;Ostravská Univerzita V Ostrave (República Checa);2;0;25/08/2024
2023;ERASMUS;0531-Química;Facultad de Ciencias;IN;ESPAÑOL - B1 (Nivel intermedio);República Checa;Univerzita Karlova V Praze (República Checa);2;0;25/08/2024
2023;ERASMUS;0531-Química;Facultad de Ciencias;IN;ESPAÑOL - B1 (Nivel intermedio);Rumanía;Universitatea Babes-Bolyai Din Cluj-Napoca (Rumanía);2;0;25/08/2024
2023;ERASMUS;0531-Química;Facultad de Ciencias;IN;ESPAÑOL - B1 (Nivel intermedio);Rumanía;Universitatea De Vest Din Timísoara (Rumanía);3;0;25/08/2024
2023;ERASMUS;0531-Química;Facultad de Ciencias;IN;ESPAÑOL - B1 (Nivel intermedio);Rumanía;Vasile Alecsandri University Of Bacau (Rumanía);4;0;25/08/2024
2023;ERASMUS;0531-Química;Facultad de Ciencias;IN;ESPAÑOL - B1 (Nivel intermedio);Suecia;University Of Gothenburg (Suecia);2;0;25/08/2024
2023;ERASMUS;0531-Química;Facultad de Ciencias;IN;ESPAÑOL - B1 (Nivel intermedio);Turquía;Cankiri Karatekin University (Turquía);2;0;25/08/2024
2023;ERASMUS;0531-Química;Facultad de Ciencias;IN;No Informado;Alemania;Universität Regensburg (Alemania);2;0;25/08/2024
2023;ERASMUS;0531-Química;Facultad de Ciencias;IN;No Informado;Francia;École Nationale Supérieure D´Ingenieurs De Caen (Francia);1;0;25/08/2024
2023;ERASMUS;0531-Química;Facultad de Ciencias;IN;No Informado;Reino Unido;Queen'S University Of Belfast (Reino Unido);2;0;25/08/2024
2023;ERASMUS;0531-Química;Facultad de Ciencias;OUT;ALEMÁN - B1 (Nivel intermedio);Alemania;Julius-Maximilians- Universität Würzburg (Alemania);2;0;25/08/2024
2023;ERASMUS;0531-Química;Facultad de Ciencias;OUT;ALEMÁN - B1 (Nivel intermedio);Alemania;Ruprecht-Karls-Universität Heidelberg (Alemania);2;0;25/08/2024
2023;ERASMUS;0531-Química;Facultad de Ciencias;OUT;ALEMÁN - B1 (Nivel intermedio);Alemania;Heinrich-Heine-Universität Düsseldorf (Alemania);1;0;25/08/2024
2023;ERASMUS;0531-Química;Facultad de Ciencias;OUT;FRANCÉS - B1 (Nivel intermedio);Francia;Sorbonne Université (Francia);1;1;25/08/2024
2023;ERASMUS;0531-Química;Facultad de Ciencias;OUT;FRANCÉS - B1 (Nivel intermedio);Francia;École Nationale Supérieure D´Ingenieurs De Caen (Francia);1;0;25/08/2024
2023;ERASMUS;0531-Química;Facultad de Ciencias;OUT;FRANCÉS - B1 (Nivel intermedio);Francia;Université Paul Sabatier - Toulouse Iii (Francia);2;0;25/08/2024
2023;ERASMUS;0531-Química;Facultad de Ciencias;OUT;FRANCÉS - B1 (Nivel intermedio);Francia;Université De Lorraine (Francia);2;0;25/08/2024
2023;ERASMUS;0531-Química;Facultad de Ciencias;OUT;FRANCÉS - B2 (Nivel avanzado);Francia;Université De Savoie Mont Blanc (Francia);4;0;25/08/2024
2023;ERASMUS;0531-Química;Facultad de Ciencias;OUT;FRANCÉS - B2 (Nivel avanzado);Francia;Université De Pau Et Des Pays De L'Adour (Francia);3;0;25/08/2024
2023;ERASMUS;0531-Química;Facultad de Ciencias;OUT;FRANCÉS - B2 (Nivel avanzado);Francia;Université De Bordeaux I (Francia);2;0;25/08/2024
2023;ERASMUS;0531-Química;Facultad de Ciencias;OUT;INGLÉS - B1 (Nivel intermedio);Alemania;University Of Münster (Alemania);2;0;25/08/2024
2023;ERASMUS;0531-Química;Facultad de Ciencias;OUT;INGLÉS - B1 (Nivel intermedio);Alemania;Technische Universitaet Dortmund (Tu Dortmund University) (Alemania);2;0;25/08/2024
2023;ERASMUS;0531-Química;Facultad de Ciencias;OUT;INGLÉS - B1 (Nivel intermedio);Alemania;Technische Universität Carolo-Wilhelmina Zu Braunschweig (Alemania);2;0;25/08/2024
2023;ERASMUS;0531-Química;Facultad de Ciencias;OUT;INGLÉS - B1 (Nivel intermedio);Eslovaquia;Univerzita Pavla Jozefa Safárika V Kosiciach (Eslovaquia);4;0;25/08/2024
2023;ERASMUS;0531-Química;Facultad de Ciencias;OUT;INGLÉS - B1 (Nivel intermedio);Eslovenia;Univerza V Mariboru (Eslovenia);2;0;25/08/2024
2023;ERASMUS;0531-Química;Facultad de Ciencias;OUT;INGLÉS - B1 (Nivel intermedio);Grecia;Panepistimio Ioanninon (Grecia);2;0;25/08/2024
2023;ERASMUS;0531-Química;Facultad de Ciencias;OUT;INGLÉS - B1 (Nivel intermedio);Hungría;Debreceni Egyetem (Hungría);2;0;25/08/2024
2023;ERASMUS;0531-Química;Facultad de Ciencias;OUT;INGLÉS - B1 (Nivel intermedio);Italia;Università Degli Studi Di Sassari (Italia);2;0;25/08/2024
2023;ERASMUS;0531-Química;Facultad de Ciencias;OUT;INGLÉS - B1 (Nivel intermedio);Italia;Università Degli Studi Di Cagliari (Italia);2;0;25/08/2024
2023;ERASMUS;0531-Química;Facultad de Ciencias;OUT;INGLÉS - B1 (Nivel intermedio);Italia;Università Degli Studi Della Calabria (Italia);1;0;25/08/2024
2023;ERASMUS;0531-Química;Facultad de Ciencias;OUT;INGLÉS - B1 (Nivel intermedio);Italia;Università Degli Studi Di Parma (Italia);3;2;25/08/2024
2023;ERASMUS;0531-Química;Facultad de Ciencias;OUT;INGLÉS - B1 (Nivel intermedio);Italia;Università Degli Studi Di Pavia (Italia);1;0;25/08/2024
2023;ERASMUS;0531-Química;Facultad de Ciencias;OUT;INGLÉS - B1 (Nivel intermedio);Portugal;Universidade Do Porto (Portugal);2;1;25/08/2024
2023;ERASMUS;0531-Química;Facultad de Ciencias;OUT;INGLÉS - B1 (Nivel intermedio);Portugal;Universidade De Coimbra (Portugal);1;1;25/08/2024
2023;ERASMUS;0531-Química;Facultad de Ciencias;OUT;INGLÉS - B1 (Nivel intermedio);Portugal;Universidade Da Beira Interior (Portugal);4;0;25/08/2024
2023;ERASMUS;0531-Química;Facultad de Ciencias;OUT;INGLÉS - B1 (Nivel intermedio);Rumanía;Universitatea Babes-Bolyai Din Cluj-Napoca (Rumanía);2;1;25/08/2024
2023;ERASMUS;0531-Química;Facultad de Ciencias;OUT;INGLÉS - B1 (Nivel intermedio);Rumanía;Vasile Alecsandri University Of Bacau (Rumanía);2;0;25/08/2024
2023;ERASMUS;0531-Química;Facultad de Ciencias;OUT;INGLÉS - B1 (Nivel intermedio);Turquía;Cankiri Karatekin University (Turquía);2;0;25/08/2024
2023;ERASMUS;0531-Química;Facultad de Ciencias;OUT;INGLÉS - B2 (Nivel avanzado);Alemania;Universität Stuttgart (Alemania);2;0;25/08/2024
2023;ERASMUS;0531-Química;Facultad de Ciencias;OUT;INGLÉS - B2 (Nivel avanzado);Alemania;Universität Regensburg (Alemania);2;0;25/08/2024
2023;ERASMUS;0531-Química;Facultad de Ciencias;OUT;INGLÉS - B2 (Nivel avanzado);Alemania;Rheinisch-Westfälische Technische Hochschule Aachen (Alemania);2;0;25/08/2024
2023;ERASMUS;0531-Química;Facultad de Ciencias;OUT;INGLÉS - B2 (Nivel avanzado);Eslovenia;Univerza V Ljubljana (Eslovenia);2;0;25/08/2024
2023;ERASMUS;0531-Química;Facultad de Ciencias;OUT;INGLÉS - B2 (Nivel avanzado);Estonia;Tartu Ülikool (Estonia);2;0;25/08/2024
2023;ERASMUS;0531-Química;Facultad de Ciencias;OUT;INGLÉS - B2 (Nivel avanzado);Irlanda (Eire);University Of Dublin - Trinity College (Irlanda (Eire));4;0;25/08/2024
2023;ERASMUS;0531-Química;Facultad de Ciencias;OUT;INGLÉS - B2 (Nivel avanzado);Italia;Università Degli Studi Di Firenze (Italia);2;0;25/08/2024
2023;ERASMUS;0531-Química;Facultad de Ciencias;OUT;INGLÉS - B2 (Nivel avanzado);Letonia;Latvijas Universitáte (Letonia);2;0;25/08/2024
2023;ERASMUS;0531-Química;Facultad de Ciencias;OUT;INGLÉS - B2 (Nivel avanzado);Lituania;Kaunas University Of Technology (Lituania);2;0;25/08/2024
2023;ERASMUS;0531-Química;Facultad de Ciencias;OUT;INGLÉS - B2 (Nivel avanzado);Polonia;Uniwersytet Jagielloñski (Polonia);3;0;25/08/2024
2023;ERASMUS;0531-Química;Facultad de Ciencias;OUT;INGLÉS - B2 (Nivel avanzado);Portugal;Universidade De Lisboa (Portugal);2;0;25/08/2024
2023;ERASMUS;0531-Química;Facultad de Ciencias;OUT;INGLÉS - B2 (Nivel avanzado);Reino Unido;University Of Bath (Reino Unido);2;1;25/08/2024
2023;ERASMUS;0531-Química;Facultad de Ciencias;OUT;INGLÉS - B2 (Nivel avanzado);Reino Unido;Queen'S University Of Belfast (Reino Unido);2;0;25/08/2024
2023;ERASMUS;0531-Química;Facultad de Ciencias;OUT;INGLÉS - B2 (Nivel avanzado);Reino Unido;Cardiff University (Reino Unido);2;0;25/08/2024
2023;ERASMUS;0531-Química;Facultad de Ciencias;OUT;INGLÉS - B2 (Nivel avanzado);República Checa;Univerzita Karlova V Praze (República Checa);2;1;25/08/2024
2023;ERASMUS;0531-Química;Facultad de Ciencias;OUT;INGLÉS - B2 (Nivel avanzado);Rumanía;Universitatea Babes-Bolyai Din Cluj-Napoca (Rumanía);0;0;25/08/2024
2023;ERASMUS;0531-Química;Facultad de Ciencias;OUT;INGLÉS - B2 (Nivel avanzado);Suecia;University Of Gothenburg (Suecia);2;0;25/08/2024
2023;ERASMUS;0531-Química;Facultad de Ciencias;OUT;INGLÉS - C1 (Nivel avanzado 1);Holanda;Universiteit Twente (Holanda);5;0;25/08/2024
2023;ERASMUS;0531-Química;Facultad de Ciencias;OUT;INGLÉS - C1 (Nivel avanzado 1);Holanda;Universiteit Van Amsterdam (Holanda);2;0;25/08/2024
2023;ERASMUS;0531-Química;Facultad de Ciencias;OUT;INGLÉS - C1 (Nivel avanzado 1);Holanda;Technische Universiteit Delft (Holanda);1;0;25/08/2024
2023;ERASMUS;0531-Química;Facultad de Ciencias;OUT;INGLÉS - TOEFL / IELTS;Bélgica;Universiteit Gent (Bélgica);2;0;25/08/2024
2023;ERASMUS;0531-Química;Facultad de Ciencias;OUT;INGLÉS - TOEFL / IELTS;Reino Unido;The University Of Reading (Reino Unido);2;0;25/08/2024
2023;ERASMUS;0531-Química;Facultad de Ciencias;OUT;ITALIANO - A2 (Nivel básico avanzado);Italia;Università Degli Studi Di Salerno (Italia);2;0;25/08/2024
2023;ERASMUS;0531-Química;Facultad de Ciencias;OUT;ITALIANO - A2 (Nivel básico avanzado);Italia;Università Degli Studi Di L'Aquila (Italia);3;0;25/08/2024
2023;ERASMUS;0531-Química;Facultad de Ciencias;OUT;ITALIANO - B1 (Nivel intermedio);Italia;Università Degli Studi Di Firenze (Italia);0;0;25/08/2024
2023;ERASMUS;0531-Química;Facultad de Ciencias;OUT;ITALIANO - B1 (Nivel intermedio);Italia;Università Di Pisa (Italia);2;0;25/08/2024
2023;ERASMUS;0531-Química;Facultad de Ciencias;OUT;ITALIANO - B1 (Nivel intermedio);Italia;Università Degli Studi Di Milano (Italia);4;1;25/08/2024
2023;ERASMUS;0531-Química;Facultad de Ciencias;OUT;ITALIANO - B1 (Nivel intermedio);Italia;Università Degli Studi Di Torino (Italia);1;0;25/08/2024
2023;ERASMUS;0531-Química;Facultad de Ciencias;OUT;ITALIANO - B1 (Nivel intermedio);Italia;Università Degli Studi Di Ferrara (Italia);1;0;25/08/2024
2023;ERASMUS;0531-Química;Facultad de Ciencias;OUT;ITALIANO - B1 (Nivel intermedio);Italia;Università Degli Studi Di Bari (Italia);2;0;25/08/2024
2023;ERASMUS;0531-Química;Facultad de Ciencias;OUT;ITALIANO - B1 (Nivel intermedio);Italia;Università Degli Studi Di Messina (Italia);2;0;25/08/2024
2023;ERASMUS;0531-Química;Facultad de Ciencias;OUT;ITALIANO - B1 (Nivel intermedio);Italia;Università Degli Studi Di Camerino (Italia);2;0;25/08/2024
2023;ERASMUS;0531-Química;Facultad de Ciencias;OUT;ITALIANO - B1 (Nivel intermedio);Italia;Università Degli Studi Di Napoli Federico Ii (Italia);2;0;25/08/2024
2023;ERASMUS;0531-Química;Facultad de Ciencias;OUT;OTROS - B1 (Nivel intermedio);República Checa;Ostravská Univerzita V Ostrave (República Checa);2;0;25/08/2024
2023;ERASMUS;0531-Química;Facultad de Ciencias;OUT;OTROS - B1 (Nivel intermedio);Rumanía;Universitatea De Vest Din Timísoara (Rumanía);3;2;25/08/2024
2023;ERASMUS;0532-Ciencias de la Tierra;Escuela de Doctorado;OUT;INGLÉS - B1 (Nivel intermedio);Italia;Università Degli Studi Di Torino (Italia);1;0;25/08/2024
2023;ERASMUS;0532-Ciencias de la Tierra;Facultad de Filosofía y Letras;IN;ESPAÑOL - B1 (Nivel intermedio);Alemania;Technische Universität Darmstadt (Alemania);2;0;25/08/2024
2023;ERASMUS;0532-Ciencias de la Tierra;Facultad de Filosofía y Letras;IN;ESPAÑOL - B1 (Nivel intermedio);Alemania;Gottfried Wilhelm Leibniz Universität Hannover (Alemania);2;0;25/08/2024
2023;ERASMUS;0532-Ciencias de la Tierra;Facultad de Filosofía y Letras;IN;ESPAÑOL - B1 (Nivel intermedio);Francia;Université De La Reunion (Francia);3;0;25/08/2024
2023;ERASMUS;0532-Ciencias de la Tierra;Facultad de Filosofía y Letras;IN;ESPAÑOL - B1 (Nivel intermedio);Francia;Université De Pau Et Des Pays De L'Adour (Francia);5;0;25/08/2024
2023;ERASMUS;0532-Ciencias de la Tierra;Facultad de Filosofía y Letras;IN;ESPAÑOL - B1 (Nivel intermedio);Italia;Università Degli Studi Di Torino (Italia);5;0;25/08/2024
2023;ERASMUS;0532-Ciencias de la Tierra;Facultad de Filosofía y Letras;IN;ESPAÑOL - B1 (Nivel intermedio);Italia;Università Degli Studi Di Roma 'La Sapienza' (Italia);2;0;25/08/2024
2023;ERASMUS;0532-Ciencias de la Tierra;Facultad de Filosofía y Letras;IN;ESPAÑOL - B1 (Nivel intermedio);Polonia;Uniwersytet Mikolaja Kopernika W Toruniu (Polonia);5;0;25/08/2024
2023;ERASMUS;0532-Ciencias de la Tierra;Facultad de Filosofía y Letras;IN;No Informado;Polonia;Pedagogical University Of Cracow (Polonia);3;0;25/08/2024
2023;ERASMUS;0532-Ciencias de la Tierra;Facultad de Filosofía y Letras;OUT;ALEMÁN - B1 (Nivel intermedio);Alemania;Technische Universität Darmstadt (Alemania);1;0;25/08/2024
2023;ERASMUS;0532-Ciencias de la Tierra;Facultad de Filosofía y Letras;OUT;FRANCÉS - B1 (Nivel intermedio);Francia;Université De La Reunion (Francia);3;0;25/08/2024
2023;ERASMUS;0532-Ciencias de la Tierra;Facultad de Filosofía y Letras;OUT;INGLÉS - B1 (Nivel intermedio);Italia;Università Degli Studi Di Torino (Italia);5;0;25/08/2024
2023;ERASMUS;0532-Ciencias de la Tierra;Facultad de Filosofía y Letras;OUT;INGLÉS - B2 (Nivel avanzado);Alemania;Gottfried Wilhelm Leibniz Universität Hannover (Alemania);2;0;25/08/2024
2023;ERASMUS;0532-Ciencias de la Tierra;Facultad de Filosofía y Letras;OUT;INGLÉS - B2 (Nivel avanzado);Polonia;Pedagogical University Of Cracow (Polonia);3;0;25/08/2024
2023;ERASMUS;0532-Ciencias de la Tierra;Facultad de Filosofía y Letras;OUT;ITALIANO - B1 (Nivel intermedio);Italia;Università Degli Studi Di Roma 'La Sapienza' (Italia);2;0;25/08/2024
2023;ERASMUS;0532-Ciencias de la Tierra;Facultad de Filosofía y Letras;OUT;No Informado;Polonia;Uniwersytet Mikolaja Kopernika W Toruniu (Polonia);2;2;25/08/2024
2023;ERASMUS;0532-Ciencias de la tierra;Escuela de Doctorado;OUT;FRANCÉS - B1 (Nivel intermedio);Francia;Université De Pau Et Des Pays De L'Adour (Francia);5;0;25/08/2024
2023;ERASMUS;0532-Ciencias de la tierra;Escuela de Doctorado;OUT;FRANCÉS - B2 (Nivel avanzado);Francia;Université De Nantes (Francia);2;0;25/08/2024
2023;ERASMUS;0532-Ciencias de la tierra;Escuela de Doctorado;OUT;INGLÉS - B2 (Nivel avanzado);Francia;Université Grenoble Alpes (Uga) (Francia);2;0;25/08/2024
2023;ERASMUS;0532-Ciencias de la tierra;Escuela de Doctorado;OUT;INGLÉS - B2 (Nivel avanzado);República Checa;Univerzita Karlova V Praze (República Checa);2;1;25/08/2024
2023;ERASMUS;0532-Ciencias de la tierra;Facultad de Ciencias;IN;ESPAÑOL - B1 (Nivel intermedio);Alemania;Rheinisch-Westfälische Technische Hochschule Aachen (Alemania);2;0;25/08/2024
2023;ERASMUS;0532-Ciencias de la tierra;Facultad de Ciencias;IN;ESPAÑOL - B1 (Nivel intermedio);Alemania;Eberhard-Karls-Universität Tübingen (Alemania);2;0;25/08/2024
2023;ERASMUS;0532-Ciencias de la tierra;Facultad de Ciencias;IN;ESPAÑOL - B1 (Nivel intermedio);Alemania;Rheinische Friedrich-Wilhelms- Universität Bonn (Alemania);2;0;25/08/2024
2023;ERASMUS;0532-Ciencias de la tierra;Facultad de Ciencias;IN;ESPAÑOL - B1 (Nivel intermedio);Alemania;Technische Universität Darmstadt (Alemania);2;0;25/08/2024
2023;ERASMUS;0532-Ciencias de la tierra;Facultad de Ciencias;IN;ESPAÑOL - B1 (Nivel intermedio);Bélgica;Universiteit Gent (Bélgica);1;0;25/08/2024
2023;ERASMUS;0532-Ciencias de la tierra;Facultad de Ciencias;IN;ESPAÑOL - B1 (Nivel intermedio);Croacia;University Of Zagreb (Croacia);2;0;25/08/2024
2023;ERASMUS;0532-Ciencias de la tierra;Facultad de Ciencias;IN;ESPAÑOL - B1 (Nivel intermedio);Francia;Université De Pau Et Des Pays De L'Adour (Francia);2;0;25/08/2024
2023;ERASMUS;0532-Ciencias de la tierra;Facultad de Ciencias;IN;ESPAÑOL - B1 (Nivel intermedio);Francia;Université Paul Sabatier - Toulouse Iii (Francia);3;0;25/08/2024
2023;ERASMUS;0532-Ciencias de la tierra;Facultad de Ciencias;IN;ESPAÑOL - B1 (Nivel intermedio);Francia;Université De Savoie Mont Blanc (Francia);4;0;25/08/2024
2023;ERASMUS;0532-Ciencias de la tierra;Facultad de Ciencias;IN;ESPAÑOL - B1 (Nivel intermedio);Italia;Università Degli Studi Di Modena E Reggio Emilia (Italia);1;0;25/08/2024
2023;ERASMUS;0532-Ciencias de la tierra;Facultad de Ciencias;IN;ESPAÑOL - B1 (Nivel intermedio);Italia;Università Degli Studi Di Camerino (Italia);4;0;25/08/2024
2023;ERASMUS;0532-Ciencias de la tierra;Facultad de Ciencias;IN;ESPAÑOL - B1 (Nivel intermedio);Italia;Università Degli Studi Di Cagliari (Italia);3;0;25/08/2024
2023;ERASMUS;0532-Ciencias de la tierra;Facultad de Ciencias;IN;ESPAÑOL - B1 (Nivel intermedio);Italia;Università Degli Studi Di Perugia (Italia);2;0;25/08/2024
2023;ERASMUS;0532-Ciencias de la tierra;Facultad de Ciencias;IN;ESPAÑOL - B1 (Nivel intermedio);Italia;Università Degli Studi Di Firenze (Italia);2;0;25/08/2024
2023;ERASMUS;0532-Ciencias de la tierra;Facultad de Ciencias;IN;ESPAÑOL - B1 (Nivel intermedio);Italia;Università Degli Studi Di Ferrara (Italia);2;0;25/08/2024
2023;ERASMUS;0532-Ciencias de la tierra;Facultad de Ciencias;IN;ESPAÑOL - B1 (Nivel intermedio);Italia;Università Degli Studi Di Bari (Italia);2;0;25/08/2024
2023;ERASMUS;0532-Ciencias de la tierra;Facultad de Ciencias;IN;ESPAÑOL - B1 (Nivel intermedio);Polonia;Uniwersytet Mikolaja Kopernika W Toruniu (Polonia);2;0;25/08/2024
2023;ERASMUS;0532-Ciencias de la tierra;Facultad de Ciencias;IN;ESPAÑOL - B1 (Nivel intermedio);Portugal;Universidade Do Minho (Portugal);2;0;25/08/2024
2023;ERASMUS;0532-Ciencias de la tierra;Facultad de Ciencias;IN;ESPAÑOL - B1 (Nivel intermedio);Portugal;Universidade Nova De Lisboa (Portugal);2;0;25/08/2024
2023;ERASMUS;0532-Ciencias de la tierra;Facultad de Ciencias;IN;ESPAÑOL - B1 (Nivel intermedio);Portugal;Universidade De Trás-Os-Montes E Alto Douro (Portugal);2;0;25/08/2024
2023;ERASMUS;0532-Ciencias de la tierra;Facultad de Ciencias;IN;ESPAÑOL - B1 (Nivel intermedio);Portugal;Universidade Do Porto (Portugal);2;0;25/08/2024
2023;ERASMUS;0532-Ciencias de la tierra;Facultad de Ciencias;IN;ESPAÑOL - B1 (Nivel intermedio);República Checa;Univerzita Karlova V Praze (República Checa);2;0;25/08/2024
2023;ERASMUS;0532-Ciencias de la tierra;Facultad de Ciencias;IN;ESPAÑOL - B1 (Nivel intermedio);República Checa;Ostravská Univerzita V Ostrave (República Checa);2;0;25/08/2024
2023;ERASMUS;0532-Ciencias de la tierra;Facultad de Ciencias;IN;ESPAÑOL - B1 (Nivel intermedio);Rumanía;Universitatea Din Bucuresti (Rumanía);2;0;25/08/2024
2023;ERASMUS;0532-Ciencias de la tierra;Facultad de Ciencias;IN;ESPAÑOL - B1 (Nivel intermedio);Turquía;Ankara University (Turquía);2;0;25/08/2024
2023;ERASMUS;0532-Ciencias de la tierra;Facultad de Ciencias;IN;ESPAÑOL - B1 (Nivel intermedio);Turquía;Pamukkale University (Turquía);2;0;25/08/2024
2023;ERASMUS;0532-Ciencias de la tierra;Facultad de Ciencias;IN;No Informado;Grecia;Ethniko Kai Kapodistriako Panepistimio Athinon (Grecia);1;0;25/08/2024
2023;ERASMUS;0532-Ciencias de la tierra;Facultad de Ciencias;IN;No Informado;Italia;Università Degli Studi Di Bologna (Italia);2;0;25/08/2024
2023;ERASMUS;0532-Ciencias de la tierra;Facultad de Ciencias;IN;No Informado;Italia;Università Degli Studi Di Pavia (Italia);2;0;25/08/2024
2023;ERASMUS;0532-Ciencias de la tierra;Facultad de Ciencias;OUT;ALEMÁN - B2 (Nivel avanzado);Alemania;Rheinisch-Westfälische Technische Hochschule Aachen (Alemania);2;0;25/08/2024
2023;ERASMUS;0532-Ciencias de la tierra;Facultad de Ciencias;OUT;FRANCÉS - B1 (Nivel intermedio);Francia;Université Paul Sabatier - Toulouse Iii (Francia);3;0;25/08/2024
2023;ERASMUS;0532-Ciencias de la tierra;Facultad de Ciencias;OUT;FRANCÉS - B2 (Nivel avanzado);Francia;Université De Pau Et Des Pays De L'Adour (Francia);2;0;25/08/2024
2023;ERASMUS;0532-Ciencias de la tierra;Facultad de Ciencias;OUT;FRANCÉS - B2 (Nivel avanzado);Francia;Université De Savoie Mont Blanc (Francia);4;0;25/08/2024
2023;ERASMUS;0532-Ciencias de la tierra;Facultad de Ciencias;OUT;INGLÉS - A2 (Nivel básico avanzado);Italia;Università Degli Studi Di Cagliari (Italia);3;2;25/08/2024
2023;ERASMUS;0532-Ciencias de la tierra;Facultad de Ciencias;OUT;INGLÉS - B1 (Nivel intermedio);Alemania;Rheinische Friedrich-Wilhelms- Universität Bonn (Alemania);2;0;25/08/2024
2023;ERASMUS;0532-Ciencias de la tierra;Facultad de Ciencias;OUT;INGLÉS - B1 (Nivel intermedio);Italia;Università Degli Studi Di Pavia (Italia);2;0;25/08/2024
2023;ERASMUS;0532-Ciencias de la tierra;Facultad de Ciencias;OUT;INGLÉS - B1 (Nivel intermedio);Italia;Università Degli Studi Di Bologna (Italia);2;0;25/08/2024
2023;ERASMUS;0532-Ciencias de la tierra;Facultad de Ciencias;OUT;INGLÉS - B1 (Nivel intermedio);Portugal;Universidade Do Porto (Portugal);2;0;25/08/2024
2023;ERASMUS;0532-Ciencias de la tierra;Facultad de Ciencias;OUT;INGLÉS - B1 (Nivel intermedio);Portugal;Universidade Nova De Lisboa (Portugal);2;0;25/08/2024
2023;ERASMUS;0532-Ciencias de la tierra;Facultad de Ciencias;OUT;INGLÉS - B1 (Nivel intermedio);Turquía;Pamukkale University (Turquía);2;0;25/08/2024
2023;ERASMUS;0532-Ciencias de la tierra;Facultad de Ciencias;OUT;INGLÉS - B2 (Nivel avanzado);Alemania;Technische Universität Darmstadt (Alemania);2;0;25/08/2024
2023;ERASMUS;0532-Ciencias de la tierra;Facultad de Ciencias;OUT;INGLÉS - B2 (Nivel avanzado);Alemania;Eberhard-Karls-Universität Tübingen (Alemania);2;1;25/08/2024
2023;ERASMUS;0532-Ciencias de la tierra;Facultad de Ciencias;OUT;INGLÉS - B2 (Nivel avanzado);Croacia;University Of Zagreb (Croacia);2;0;25/08/2024
2023;ERASMUS;0532-Ciencias de la tierra;Facultad de Ciencias;OUT;INGLÉS - B2 (Nivel avanzado);Grecia;Ethniko Kai Kapodistriako Panepistimio Athinon (Grecia);1;0;25/08/2024
2023;ERASMUS;0532-Ciencias de la tierra;Facultad de Ciencias;OUT;INGLÉS - B2 (Nivel avanzado);Italia;Università Degli Studi Di Firenze (Italia);2;0;25/08/2024
2023;ERASMUS;0532-Ciencias de la tierra;Facultad de Ciencias;OUT;INGLÉS - B2 (Nivel avanzado);Polonia;Uniwersytet Mikolaja Kopernika W Toruniu (Polonia);2;0;25/08/2024
2023;ERASMUS;0532-Ciencias de la tierra;Facultad de Ciencias;OUT;INGLÉS - B2 (Nivel avanzado);Portugal;Universidade Do Minho (Portugal);2;0;25/08/2024
2023;ERASMUS;0532-Ciencias de la tierra;Facultad de Ciencias;OUT;INGLÉS - B2 (Nivel avanzado);República Checa;Univerzita Karlova V Praze (República Checa);2;1;25/08/2024
2023;ERASMUS;0532-Ciencias de la tierra;Facultad de Ciencias;OUT;INGLÉS - B2 (Nivel avanzado);Rumanía;Universitatea Din Bucuresti (Rumanía);1;0;25/08/2024
2023;ERASMUS;0532-Ciencias de la tierra;Facultad de Ciencias;OUT;INGLÉS - TOEFL / IELTS;Bélgica;Universiteit Gent (Bélgica);1;0;25/08/2024
2023;ERASMUS;0532-Ciencias de la tierra;Facultad de Ciencias;OUT;ITALIANO - B1 (Nivel intermedio);Italia;Università Degli Studi Di Modena E Reggio Emilia (Italia);1;0;25/08/2024
2023;ERASMUS;0532-Ciencias de la tierra;Facultad de Ciencias;OUT;ITALIANO - B1 (Nivel intermedio);Italia;Università Degli Studi Di Camerino (Italia);4;2;25/08/2024
2023;ERASMUS;0532-Ciencias de la tierra;Facultad de Ciencias;OUT;ITALIANO - B1 (Nivel intermedio);Italia;Università Degli Studi Di Perugia (Italia);2;0;25/08/2024
2023;ERASMUS;0532-Ciencias de la tierra;Facultad de Ciencias;OUT;ITALIANO - B1 (Nivel intermedio);Italia;Università Degli Studi Di Firenze (Italia);0;0;25/08/2024
2023;ERASMUS;0532-Ciencias de la tierra;Facultad de Ciencias;OUT;ITALIANO - B1 (Nivel intermedio);Italia;Università Degli Studi Di Ferrara (Italia);2;0;25/08/2024
2023;ERASMUS;0532-Ciencias de la tierra;Facultad de Ciencias;OUT;ITALIANO - B1 (Nivel intermedio);Italia;Università Degli Studi Di Bari (Italia);2;0;25/08/2024
2023;ERASMUS;0532-Ciencias de la tierra;Facultad de Ciencias;OUT;OTROS - A2 (Nivel básico avanzado);Turquía;Ankara University (Turquía);2;0;25/08/2024
2023;ERASMUS;0532-Ciencias de la tierra;Facultad de Ciencias;OUT;OTROS - B1 (Nivel intermedio);República Checa;Ostravská Univerzita V Ostrave (República Checa);2;0;25/08/2024
2023;ERASMUS;0532-Ciencias de la tierra;Facultad de Ciencias;OUT;OTROS - B1 (Nivel intermedio);Rumanía;Universitatea Din Bucuresti (Rumanía);2;0;25/08/2024
2023;ERASMUS;0532-Ciencias de la tierra;Facultad de Ciencias;OUT;PORTUGUÉS - B1 (Nivel intermedio);Portugal;Universidade De Trás-Os-Montes E Alto Douro (Portugal);2;0;25/08/2024
2023;ERASMUS;0532-Ciencias de la tierra;Facultad de Filosofía y Letras;IN;ESPAÑOL - B1 (Nivel intermedio);Alemania;Ruhr-Universität Bochum (Alemania);3;0;25/08/2024
2023;ERASMUS;0532-Ciencias de la tierra;Facultad de Filosofía y Letras;IN;ESPAÑOL - B1 (Nivel intermedio);Alemania;Eberhard-Karls-Universität Tübingen (Alemania);2;0;25/08/2024
2023;ERASMUS;0532-Ciencias de la tierra;Facultad de Filosofía y Letras;IN;ESPAÑOL - B1 (Nivel intermedio);Alemania;Universität Trier (Alemania);2;0;25/08/2024
2023;ERASMUS;0532-Ciencias de la tierra;Facultad de Filosofía y Letras;IN;ESPAÑOL - B1 (Nivel intermedio);Francia;Université De Toulouse - Jean Jaurès (Francia);6;0;25/08/2024
2023;ERASMUS;0532-Ciencias de la tierra;Facultad de Filosofía y Letras;IN;ESPAÑOL - B1 (Nivel intermedio);Francia;Université De Nantes (Francia);2;0;25/08/2024
2023;ERASMUS;0532-Ciencias de la tierra;Facultad de Filosofía y Letras;IN;ESPAÑOL - B1 (Nivel intermedio);Francia;Université Grenoble Alpes (Uga) (Francia);2;0;25/08/2024
2023;ERASMUS;0532-Ciencias de la tierra;Facultad de Filosofía y Letras;IN;ESPAÑOL - B1 (Nivel intermedio);Rumanía;Universitatea De Vest Din Timísoara (Rumanía);1;0;25/08/2024
2023;ERASMUS;0532-Ciencias de la tierra;Facultad de Filosofía y Letras;IN;No Informado;Francia;Université De Pau Et Des Pays De L'Adour (Francia);0;0;25/08/2024
2023;ERASMUS;0532-Ciencias de la tierra;Facultad de Filosofía y Letras;OUT;ALEMÁN - B1 (Nivel intermedio);Alemania;Eberhard-Karls-Universität Tübingen (Alemania);2;0;25/08/2024
2023;ERASMUS;0532-Ciencias de la tierra;Facultad de Filosofía y Letras;OUT;FRANCÉS - B1 (Nivel intermedio);Francia;Université De Toulouse - Jean Jaurès (Francia);6;0;25/08/2024
2023;ERASMUS;0532-Ciencias de la tierra;Facultad de Filosofía y Letras;OUT;FRANCÉS - B1 (Nivel intermedio);Francia;Université De Pau Et Des Pays De L'Adour (Francia);5;0;25/08/2024
2023;ERASMUS;0532-Ciencias de la tierra;Facultad de Filosofía y Letras;OUT;FRANCÉS - B2 (Nivel avanzado);Francia;Université De Nantes (Francia);2;0;25/08/2024
2023;ERASMUS;0532-Ciencias de la tierra;Facultad de Filosofía y Letras;OUT;INGLÉS - B1 (Nivel intermedio);Alemania;Ruhr-Universität Bochum (Alemania);2;0;25/08/2024
2023;ERASMUS;0532-Ciencias de la tierra;Facultad de Filosofía y Letras;OUT;INGLÉS - B1 (Nivel intermedio);Alemania;Universität Trier (Alemania);2;0;25/08/2024
2023;ERASMUS;0532-Ciencias de la tierra;Facultad de Filosofía y Letras;OUT;INGLÉS - B2 (Nivel avanzado);Francia;Université Grenoble Alpes (Uga) (Francia);2;0;25/08/2024
2023;ERASMUS;0532-Ciencias de la tierra;Facultad de Filosofía y Letras;OUT;OTROS - B1 (Nivel intermedio);Rumanía;Universitatea De Vest Din Timísoara (Rumanía);1;1;25/08/2024
2023;ERASMUS;0533-Física;Escuela de Doctorado;OUT;INGLÉS - B1 (Nivel intermedio);Rumanía;Universitatea Tehnica Cluj-Napoca (Rumanía);4;0;25/08/2024
2023;ERASMUS;0533-Física;Escuela de Ingeniería y Arquitectura;IN;No Informado;Turquía;Gazi Universitesi (Turquía);0;0;25/08/2024
2023;ERASMUS;0533-Física;Escuela de Ingeniería y Arquitectura;IN;No Informado;Turquía;Cukurova University (Turquía);0;0;25/08/2024
2023;ERASMUS;0533-Física;Escuela de Ingeniería y Arquitectura;OUT;INGLÉS - B1 (Nivel intermedio);Turquía;Cukurova University (Turquía);0;0;25/08/2024
2023;ERASMUS;0533-Física;Escuela de Ingeniería y Arquitectura;OUT;INGLÉS - B1 (Nivel intermedio);Turquía;Gazi Universitesi (Turquía);0;0;25/08/2024
2023;ERASMUS;0533-Física;Facultad de Ciencias;IN;ESPAÑOL - B1 (Nivel intermedio);Croacia;University Of Zagreb (Croacia);2;0;25/08/2024
2023;ERASMUS;0533-Física;Facultad de Ciencias;IN;ESPAÑOL - B1 (Nivel intermedio);Eslovenia;Univerza V Ljubljana (Eslovenia);2;0;25/08/2024
2023;ERASMUS;0533-Física;Facultad de Ciencias;IN;ESPAÑOL - B1 (Nivel intermedio);Estonia;Tartu Ülikool (Estonia);2;0;25/08/2024
2023;ERASMUS;0533-Física;Facultad de Ciencias;IN;ESPAÑOL - B1 (Nivel intermedio);Finlandia;University Of Jyväskylä (Finlandia);2;0;25/08/2024
2023;ERASMUS;0533-Física;Facultad de Ciencias;IN;ESPAÑOL - B1 (Nivel intermedio);Francia;Université De Pau Et Des Pays De L'Adour (Francia);1;0;25/08/2024
2023;ERASMUS;0533-Física;Facultad de Ciencias;IN;ESPAÑOL - B1 (Nivel intermedio);Francia;University Of Strasburg (Francia);2;0;25/08/2024
2023;ERASMUS;0533-Física;Facultad de Ciencias;IN;ESPAÑOL - B1 (Nivel intermedio);Francia;Université Paris-Saclay (Francia);1;0;25/08/2024
2023;ERASMUS;0533-Física;Facultad de Ciencias;IN;ESPAÑOL - B1 (Nivel intermedio);Francia;Cy Cergy Paris Université (Francia);4;0;25/08/2024
2023;ERASMUS;0533-Física;Facultad de Ciencias;IN;ESPAÑOL - B1 (Nivel intermedio);Francia;Université De Savoie Mont Blanc (Francia);6;0;25/08/2024
2023;ERASMUS;0533-Física;Facultad de Ciencias;IN;ESPAÑOL - B1 (Nivel intermedio);Irlanda (Eire);Technological University Dublin-City Campus (Irlanda (Eire));2;0;25/08/2024
2023;ERASMUS;0533-Física;Facultad de Ciencias;IN;ESPAÑOL - B1 (Nivel intermedio);Italia;Università Degli Studi Di Roma 'La Sapienza' (Italia);4;0;25/08/2024
2023;ERASMUS;0533-Física;Facultad de Ciencias;IN;ESPAÑOL - B1 (Nivel intermedio);Italia;Università Degli Studi Di Napoli Federico Ii (Italia);6;0;25/08/2024
2023;ERASMUS;0533-Física;Facultad de Ciencias;IN;ESPAÑOL - B1 (Nivel intermedio);Italia;Università Degli Studi Di Palermo (Italia);2;0;25/08/2024
2023;ERASMUS;0533-Física;Facultad de Ciencias;IN;ESPAÑOL - B1 (Nivel intermedio);Italia;Università Degli Studi Di Firenze (Italia);2;0;25/08/2024
2023;ERASMUS;0533-Física;Facultad de Ciencias;IN;ESPAÑOL - B1 (Nivel intermedio);Italia;Università Degli Studi Di Torino (Italia);5;0;25/08/2024
2023;ERASMUS;0533-Física;Facultad de Ciencias;IN;ESPAÑOL - B1 (Nivel intermedio);Italia;Università Degli Studi Roma Tre (Italia);2;0;25/08/2024
2023;ERASMUS;0533-Física;Facultad de Ciencias;IN;ESPAÑOL - B1 (Nivel intermedio);Polonia;Uniwersytet Warszawski (Polonia);1;0;25/08/2024
2023;ERASMUS;0533-Física;Facultad de Ciencias;IN;ESPAÑOL - B1 (Nivel intermedio);Polonia;Akademia Górniczo-Hutnicza (Polonia);3;0;25/08/2024
2023;ERASMUS;0533-Física;Facultad de Ciencias;IN;ESPAÑOL - B1 (Nivel intermedio);Portugal;Universidade De Coimbra (Portugal);2;0;25/08/2024
2023;ERASMUS;0533-Física;Facultad de Ciencias;IN;ESPAÑOL - B1 (Nivel intermedio);Portugal;Universidade Do Porto (Portugal);4;0;25/08/2024
2023;ERASMUS;0533-Física;Facultad de Ciencias;IN;ESPAÑOL - B1 (Nivel intermedio);Portugal;Universidade Da Beira Interior (Portugal);3;0;25/08/2024
2023;ERASMUS;0533-Física;Facultad de Ciencias;IN;ESPAÑOL - B1 (Nivel intermedio);República Checa;Ostravská Univerzita V Ostrave (República Checa);2;0;25/08/2024
2023;ERASMUS;0533-Física;Facultad de Ciencias;IN;ESPAÑOL - B1 (Nivel intermedio);Rumanía;Universitatea Tehnica Cluj-Napoca (Rumanía);6;0;25/08/2024
2023;ERASMUS;0533-Física;Facultad de Ciencias;IN;ESPAÑOL - B1 (Nivel intermedio);Rumanía;Universitatea De Vest Din Timísoara (Rumanía);3;0;25/08/2024
2023;ERASMUS;0533-Física;Facultad de Ciencias;IN;ESPAÑOL - B1 (Nivel intermedio);Rumanía;"Universitatea ""Alexandru Ioan Cuza"" (Rumanía)";3;0;25/08/2024
2023;ERASMUS;0533-Física;Facultad de Ciencias;IN;ESPAÑOL - B1 (Nivel intermedio);Rumanía;Universitatea Babes-Bolyai Din Cluj-Napoca (Rumanía);2;0;25/08/2024
2023;ERASMUS;0533-Física;Facultad de Ciencias;IN;ESPAÑOL - B1 (Nivel intermedio);Suecia;University Of Gothenburg (Suecia);2;0;25/08/2024
2023;ERASMUS;0533-Física;Facultad de Ciencias;IN;ESPAÑOL - B1 (Nivel intermedio);Turquía;Istambul University (Turquía);3;0;25/08/2024
2023;ERASMUS;0533-Física;Facultad de Ciencias;IN;ESPAÑOL - B1 (Nivel intermedio);Turquía;Karadeniz Technical University (Turquía);3;0;25/08/2024
2023;ERASMUS;0533-Física;Facultad de Ciencias;IN;ESPAÑOL - B2 (Nivel avanzado);Portugal;Universidade Da Beira Interior (Portugal);4;0;25/08/2024
2023;ERASMUS;0533-Física;Facultad de Ciencias;IN;INGLÉS - B2 (Nivel avanzado);Alemania;Carl Von Ossietzky-Universität Oldenburg (Alemania);3;0;25/08/2024
2023;ERASMUS;0533-Física;Facultad de Ciencias;IN;No Informado;Alemania;Universität Paderborn (Alemania);4;0;25/08/2024
2023;ERASMUS;0533-Física;Facultad de Ciencias;IN;No Informado;Austria;Technische Universität Wien (Austria);1;0;25/08/2024
2023;ERASMUS;0533-Física;Facultad de Ciencias;IN;No Informado;Francia;Université De Rennes I (Francia);1;0;25/08/2024
2023;ERASMUS;0533-Física;Facultad de Ciencias;IN;No Informado;Francia;Le Mans Université (Francia);1;0;25/08/2024
2023;ERASMUS;0533-Física;Facultad de Ciencias;IN;No Informado;Francia;Université Jean Monnet De Saint- Etienne (Francia);3;0;25/08/2024
2023;ERASMUS;0533-Física;Facultad de Ciencias;IN;No Informado;Reino Unido;University Of Southampton (Reino Unido);2;0;25/08/2024
2023;ERASMUS;0533-Física;Facultad de Ciencias;OUT;ALEMÁN - B1 (Nivel intermedio);Alemania;Universität Paderborn (Alemania);4;0;25/08/2024
2023;ERASMUS;0533-Física;Facultad de Ciencias;OUT;FRANCÉS - B1 (Nivel intermedio);Francia;University Of Strasburg (Francia);2;1;25/08/2024
2023;ERASMUS;0533-Física;Facultad de Ciencias;OUT;FRANCÉS - B1 (Nivel intermedio);Francia;Université De Pau Et Des Pays De L'Adour (Francia);1;0;25/08/2024
2023;ERASMUS;0533-Física;Facultad de Ciencias;OUT;FRANCÉS - B1 (Nivel intermedio);Francia;Université Jean Monnet De Saint- Etienne (Francia);3;0;25/08/2024
2023;ERASMUS;0533-Física;Facultad de Ciencias;OUT;FRANCÉS - B1 (Nivel intermedio);Francia;Université De Rennes I (Francia);2;0;25/08/2024
2023;ERASMUS;0533-Física;Facultad de Ciencias;OUT;INGLÉS - B1 (Nivel intermedio);Francia;Le Mans Université (Francia);1;0;25/08/2024
2023;ERASMUS;0533-Física;Facultad de Ciencias;OUT;INGLÉS - B1 (Nivel intermedio);Francia;Cy Cergy Paris Université (Francia);4;0;25/08/2024
2023;ERASMUS;0533-Física;Facultad de Ciencias;OUT;INGLÉS - B1 (Nivel intermedio);Italia;Università Degli Studi Di Roma 'La Sapienza' (Italia);2;0;25/08/2024
2023;ERASMUS;0533-Física;Facultad de Ciencias;OUT;INGLÉS - B1 (Nivel intermedio);Italia;Università Degli Studi Di Napoli Federico Ii (Italia);2;2;25/08/2024
2023;ERASMUS;0533-Física;Facultad de Ciencias;OUT;INGLÉS - B1 (Nivel intermedio);Portugal;Universidade De Coimbra (Portugal);0;0;25/08/2024
2023;ERASMUS;0533-Física;Facultad de Ciencias;OUT;INGLÉS - B1 (Nivel intermedio);Portugal;Universidade Da Beira Interior (Portugal);4;1;25/08/2024
2023;ERASMUS;0533-Física;Facultad de Ciencias;OUT;INGLÉS - B1 (Nivel intermedio);Portugal;Universidade Do Porto (Portugal);4;3;25/08/2024
2023;ERASMUS;0533-Física;Facultad de Ciencias;OUT;INGLÉS - B1 (Nivel intermedio);Rumanía;Universitatea Babes-Bolyai Din Cluj-Napoca (Rumanía);2;0;25/08/2024
2023;ERASMUS;0533-Física;Facultad de Ciencias;OUT;INGLÉS - B1 (Nivel intermedio);Rumanía;"Universitatea ""Alexandru Ioan Cuza"" (Rumanía)";2;0;25/08/2024
2023;ERASMUS;0533-Física;Facultad de Ciencias;OUT;INGLÉS - B1 (Nivel intermedio);Rumanía;Universitatea Tehnica Cluj-Napoca (Rumanía);4;0;25/08/2024
2023;ERASMUS;0533-Física;Facultad de Ciencias;OUT;INGLÉS - B1 (Nivel intermedio);Turquía;Karadeniz Technical University (Turquía);3;0;25/08/2024
2023;ERASMUS;0533-Física;Facultad de Ciencias;OUT;INGLÉS - B1 (Nivel intermedio);Turquía;Istambul University (Turquía);3;0;25/08/2024
2023;ERASMUS;0533-Física;Facultad de Ciencias;OUT;INGLÉS - B2 (Nivel avanzado);Alemania;Carl Von Ossietzky-Universität Oldenburg (Alemania);3;2;25/08/2024
2023;ERASMUS;0533-Física;Facultad de Ciencias;OUT;INGLÉS - B2 (Nivel avanzado);Austria;Technische Universität Wien (Austria);1;0;25/08/2024
2023;ERASMUS;0533-Física;Facultad de Ciencias;OUT;INGLÉS - B2 (Nivel avanzado);Croacia;University Of Zagreb (Croacia);2;0;25/08/2024
2023;ERASMUS;0533-Física;Facultad de Ciencias;OUT;INGLÉS - B2 (Nivel avanzado);Eslovenia;Univerza V Ljubljana (Eslovenia);2;0;25/08/2024
2023;ERASMUS;0533-Física;Facultad de Ciencias;OUT;INGLÉS - B2 (Nivel avanzado);Estonia;Tartu Ülikool (Estonia);2;0;25/08/2024
2023;ERASMUS;0533-Física;Facultad de Ciencias;OUT;INGLÉS - B2 (Nivel avanzado);Finlandia;University Of Jyväskylä (Finlandia);2;2;25/08/2024
2023;ERASMUS;0533-Física;Facultad de Ciencias;OUT;INGLÉS - B2 (Nivel avanzado);Francia;Université Paris-Saclay (Francia);1;1;25/08/2024
2023;ERASMUS;0533-Física;Facultad de Ciencias;OUT;INGLÉS - B2 (Nivel avanzado);Italia;Università Degli Studi Di Firenze (Italia);4;0;25/08/2024
2023;ERASMUS;0533-Física;Facultad de Ciencias;OUT;INGLÉS - B2 (Nivel avanzado);Lituania;Kaunas University Of Technology (Lituania);4;0;25/08/2024
2023;ERASMUS;0533-Física;Facultad de Ciencias;OUT;INGLÉS - B2 (Nivel avanzado);Polonia;Akademia Górniczo-Hutnicza (Polonia);3;0;25/08/2024
2023;ERASMUS;0533-Física;Facultad de Ciencias;OUT;INGLÉS - B2 (Nivel avanzado);Polonia;Uniwersytet Warszawski (Polonia);1;1;25/08/2024
2023;ERASMUS;0533-Física;Facultad de Ciencias;OUT;INGLÉS - B2 (Nivel avanzado);Reino Unido;University Of Bath (Reino Unido);2;1;25/08/2024
2023;ERASMUS;0533-Física;Facultad de Ciencias;OUT;INGLÉS - B2 (Nivel avanzado);Reino Unido;University Of Southampton (Reino Unido);2;0;25/08/2024
2023;ERASMUS;0533-Física;Facultad de Ciencias;OUT;INGLÉS - B2 (Nivel avanzado);Suecia;University Of Gothenburg (Suecia);2;1;25/08/2024
2023;ERASMUS;0533-Física;Facultad de Ciencias;OUT;INGLÉS - C1 (Nivel avanzado 1);Irlanda (Eire);Technological University Dublin-City Campus (Irlanda (Eire));2;2;25/08/2024
2023;ERASMUS;0533-Física;Facultad de Ciencias;OUT;ITALIANO - B1 (Nivel intermedio);Italia;Università Degli Studi Di Napoli Federico Ii (Italia);4;0;25/08/2024
2023;ERASMUS;0533-Física;Facultad de Ciencias;OUT;ITALIANO - B1 (Nivel intermedio);Italia;Università Degli Studi Di Palermo (Italia);2;1;25/08/2024
2023;ERASMUS;0533-Física;Facultad de Ciencias;OUT;ITALIANO - B1 (Nivel intermedio);Italia;Università Degli Studi Di Torino (Italia);5;5;25/08/2024
2023;ERASMUS;0533-Física;Facultad de Ciencias;OUT;ITALIANO - B1 (Nivel intermedio);Italia;Università Degli Studi Roma Tre (Italia);2;0;25/08/2024
2023;ERASMUS;0533-Física;Facultad de Ciencias;OUT;ITALIANO - B1 (Nivel intermedio);Italia;Università Degli Studi Di Roma 'La Sapienza' (Italia);2;2;25/08/2024
2023;ERASMUS;0533-Física;Facultad de Ciencias;OUT;OTROS - B1 (Nivel intermedio);República Checa;Ostravská Univerzita V Ostrave (República Checa);2;0;25/08/2024
2023;ERASMUS;0533-Física;Facultad de Ciencias;OUT;OTROS - B1 (Nivel intermedio);Rumanía;Universitatea De Vest Din Timísoara (Rumanía);3;0;25/08/2024
2023;ERASMUS;0533-Física;Facultad de Ciencias;OUT;OTROS - B2 (Nivel avanzado);Holanda;Technische Universiteit Eindhoven (Holanda);3;0;25/08/2024
2023;ERASMUS;0533-Física;Facultad de Ciencias;OUT;PORTUGUÉS - B1 (Nivel intermedio);Portugal;Universidade Da Beira Interior (Portugal);3;1;25/08/2024
2023;ERASMUS;0533-Física;Facultad de Ciencias;OUT;PORTUGUÉS - B1 (Nivel intermedio);Portugal;Universidade De Coimbra (Portugal);2;0;25/08/2024
2023;ERASMUS;054-Matemáticas y Estadística;Facultad de Ciencias;IN;ESPAÑOL - B1 (Nivel intermedio);Lituania;Vytautas Magnus University (Lituania);2;0;25/08/2024
2023;ERASMUS;054-Matemáticas y Estadística;Facultad de Ciencias;IN;ESPAÑOL - B1 (Nivel intermedio);Reino Unido;Cardiff University (Reino Unido);2;0;25/08/2024
2023;ERASMUS;054-Matemáticas y Estadística;Facultad de Ciencias;OUT;INGLÉS - B2 (Nivel avanzado);Lituania;Vytautas Magnus University (Lituania);2;0;25/08/2024
2023;ERASMUS;054-Matemáticas y Estadística;Facultad de Ciencias;OUT;INGLÉS - B2 (Nivel avanzado);Reino Unido;Cardiff University (Reino Unido);2;0;25/08/2024
2023;ERASMUS;0541-Matemáticas;Escuela de Doctorado;OUT;INGLÉS - B2 (Nivel avanzado);Francia;Université Paris-Saclay (Francia);1;1;25/08/2024
2023;ERASMUS;0541-Matemáticas;Escuela de Doctorado;OUT;No Informado;Francia;Université De Bourgogne - Dijon (Francia);0;0;25/08/2024
2023;ERASMUS;0541-Matemáticas;Escuela de Ingeniería y Arquitectura;OUT;FRANCÉS - B1 (Nivel intermedio);Francia;Institut National Polytechnique De Toulouse (Francia);0;0;25/08/2024
2023;ERASMUS;0541-Matemáticas;Escuela de Ingeniería y Arquitectura;OUT;INGLÉS - B1 (Nivel intermedio);Irlanda (Eire);University College Cork (Irlanda (Eire));1;1;25/08/2024
2023;ERASMUS;0541-Matemáticas;Facultad de Ciencias;IN;ESPAÑOL - B1 (Nivel intermedio);Alemania;Technische Universität München (Alemania);2;0;25/08/2024
2023;ERASMUS;0541-Matemáticas;Facultad de Ciencias;IN;ESPAÑOL - B1 (Nivel intermedio);Alemania;Friedrich-Alexander-Universität Erlangen-Nürnberg (Alemania);2;0;25/08/2024
2023;ERASMUS;0541-Matemáticas;Facultad de Ciencias;IN;ESPAÑOL - B1 (Nivel intermedio);Alemania;Eberhard-Karls-Universität Tübingen (Alemania);2;0;25/08/2024
2023;ERASMUS;0541-Matemáticas;Facultad de Ciencias;IN;ESPAÑOL - B1 (Nivel intermedio);Alemania;Technische Universität Berlin (Alemania);1;0;25/08/2024
2023;ERASMUS;0541-Matemáticas;Facultad de Ciencias;IN;ESPAÑOL - B1 (Nivel intermedio);Austria;Technische Universität Graz (Austria);1;0;25/08/2024
2023;ERASMUS;0541-Matemáticas;Facultad de Ciencias;IN;ESPAÑOL - B1 (Nivel intermedio);Croacia;University Of Zagreb (Croacia);2;0;25/08/2024
2023;ERASMUS;0541-Matemáticas;Facultad de Ciencias;IN;ESPAÑOL - B1 (Nivel intermedio);Eslovenia;Univerza V Ljubljana (Eslovenia);2;0;25/08/2024
2023;ERASMUS;0541-Matemáticas;Facultad de Ciencias;IN;ESPAÑOL - B1 (Nivel intermedio);Estonia;Tartu Ülikool (Estonia);2;0;25/08/2024
2023;ERASMUS;0541-Matemáticas;Facultad de Ciencias;IN;ESPAÑOL - B1 (Nivel intermedio);Finlandia;University Of Jyväskylä (Finlandia);2;0;25/08/2024
2023;ERASMUS;0541-Matemáticas;Facultad de Ciencias;IN;ESPAÑOL - B1 (Nivel intermedio);Francia;Université Gustave Eiffel (Francia);1;0;25/08/2024
2023;ERASMUS;0541-Matemáticas;Facultad de Ciencias;IN;ESPAÑOL - B1 (Nivel intermedio);Francia;Université De Bordeaux I (Francia);1;0;25/08/2024
2023;ERASMUS;0541-Matemáticas;Facultad de Ciencias;IN;ESPAÑOL - B1 (Nivel intermedio);Francia;Université De Bourgogne - Dijon (Francia);2;0;25/08/2024
2023;ERASMUS;0541-Matemáticas;Facultad de Ciencias;IN;ESPAÑOL - B1 (Nivel intermedio);Francia;Université De Savoie Mont Blanc (Francia);1;0;25/08/2024
2023;ERASMUS;0541-Matemáticas;Facultad de Ciencias;IN;ESPAÑOL - B1 (Nivel intermedio);Francia;Université De Pau Et Des Pays De L'Adour (Francia);5;0;25/08/2024
2023;ERASMUS;0541-Matemáticas;Facultad de Ciencias;IN;ESPAÑOL - B1 (Nivel intermedio);Francia;Université Paris-Saclay (Francia);1;0;25/08/2024
2023;ERASMUS;0541-Matemáticas;Facultad de Ciencias;IN;ESPAÑOL - B1 (Nivel intermedio);Francia;Université De Lorraine (Francia);1;0;25/08/2024
2023;ERASMUS;0541-Matemáticas;Facultad de Ciencias;IN;ESPAÑOL - B1 (Nivel intermedio);Francia;Université De Franche-Comte (Francia);1;0;25/08/2024
2023;ERASMUS;0541-Matemáticas;Facultad de Ciencias;IN;ESPAÑOL - B1 (Nivel intermedio);Grecia;Panepistimio Patron (Grecia);4;0;25/08/2024
2023;ERASMUS;0541-Matemáticas;Facultad de Ciencias;IN;ESPAÑOL - B1 (Nivel intermedio);Grecia;Ethniko Kai Kapodistriako Panepistimio Athinon (Grecia);1;0;25/08/2024
2023;ERASMUS;0541-Matemáticas;Facultad de Ciencias;IN;ESPAÑOL - B1 (Nivel intermedio);Grecia;Aristotelio Panepistimio Thessalonikis (Grecia);1;0;25/08/2024
2023;ERASMUS;0541-Matemáticas;Facultad de Ciencias;IN;ESPAÑOL - B1 (Nivel intermedio);Irlanda (Eire);Technological University Dublin-City Campus (Irlanda (Eire));2;0;25/08/2024
2023;ERASMUS;0541-Matemáticas;Facultad de Ciencias;IN;ESPAÑOL - B1 (Nivel intermedio);Italia;Università Degli Studi Di Firenze (Italia);2;0;25/08/2024
2023;ERASMUS;0541-Matemáticas;Facultad de Ciencias;IN;ESPAÑOL - B1 (Nivel intermedio);Italia;Università Degli Studi Di Salerno (Italia);3;0;25/08/2024
2023;ERASMUS;0541-Matemáticas;Facultad de Ciencias;IN;ESPAÑOL - B1 (Nivel intermedio);Italia;Università Degli Studi Di Milano-Bicocca (Italia);3;0;25/08/2024
2023;ERASMUS;0541-Matemáticas;Facultad de Ciencias;IN;ESPAÑOL - B1 (Nivel intermedio);Italia;Università Degli Studi Di Napoli Federico Ii (Italia);2;0;25/08/2024
2023;ERASMUS;0541-Matemáticas;Facultad de Ciencias;IN;ESPAÑOL - B1 (Nivel intermedio);Italia;Università Degli Studi Della Campania 'Luigi Vanvitelli' (Italia);2;0;25/08/2024
2023;ERASMUS;0541-Matemáticas;Facultad de Ciencias;IN;ESPAÑOL - B1 (Nivel intermedio);Italia;Università Degli Studi Di Bari (Italia);2;0;25/08/2024
2023;ERASMUS;0541-Matemáticas;Facultad de Ciencias;IN;ESPAÑOL - B1 (Nivel intermedio);Italia;Università Degli Studi Di Torino (Italia);5;0;25/08/2024
2023;ERASMUS;0541-Matemáticas;Facultad de Ciencias;IN;ESPAÑOL - B1 (Nivel intermedio);Lituania;Vilniaus Gedimino Technikos Universitetas (Vgtu) (Lituania);2;0;25/08/2024
2023;ERASMUS;0541-Matemáticas;Facultad de Ciencias;IN;ESPAÑOL - B1 (Nivel intermedio);Polonia;Akademia Górniczo-Hutnicza (Polonia);2;0;25/08/2024
2023;ERASMUS;0541-Matemáticas;Facultad de Ciencias;IN;ESPAÑOL - B1 (Nivel intermedio);Polonia;Uniwersytet Warszawski (Polonia);1;0;25/08/2024
2023;ERASMUS;0541-Matemáticas;Facultad de Ciencias;IN;ESPAÑOL - B1 (Nivel intermedio);Portugal;Universidade Do Porto (Portugal);2;0;25/08/2024
2023;ERASMUS;0541-Matemáticas;Facultad de Ciencias;IN;ESPAÑOL - B1 (Nivel intermedio);Portugal;Universidade De Évora (Portugal);2;0;25/08/2024
2023;ERASMUS;0541-Matemáticas;Facultad de Ciencias;IN;ESPAÑOL - B1 (Nivel intermedio);República Checa;Ostravská Univerzita V Ostrave (República Checa);2;0;25/08/2024
2023;ERASMUS;0541-Matemáticas;Facultad de Ciencias;IN;ESPAÑOL - B1 (Nivel intermedio);Rumanía;Universitatea De Vest Din Timísoara (Rumanía);4;0;25/08/2024
2023;ERASMUS;0541-Matemáticas;Facultad de Ciencias;IN;ESPAÑOL - B1 (Nivel intermedio);Suecia;Uppsala Universitet (Suecia);1;0;25/08/2024
2023;ERASMUS;0541-Matemáticas;Facultad de Ciencias;IN;ESPAÑOL - B1 (Nivel intermedio);Suecia;Mälardalens Högskola (Suecia);2;0;25/08/2024
2023;ERASMUS;0541-Matemáticas;Facultad de Ciencias;IN;ESPAÑOL - B1 (Nivel intermedio);Turquía;Düzce Universitesi (Turquía);2;0;25/08/2024
2023;ERASMUS;0541-Matemáticas;Facultad de Ciencias;IN;No Informado;Alemania;Universität Ulm (Alemania);2;0;25/08/2024
2023;ERASMUS;0541-Matemáticas;Facultad de Ciencias;IN;No Informado;Alemania;Katholische Universität Eichstätt - Ingolstadt (Alemania);1;0;25/08/2024
2023;ERASMUS;0541-Matemáticas;Facultad de Ciencias;OUT;ALEMÁN - A2 (Nivel básico avanzado);Alemania;Technische Universität Berlin (Alemania);1;0;25/08/2024
2023;ERASMUS;0541-Matemáticas;Facultad de Ciencias;OUT;ALEMÁN - B1 (Nivel intermedio);Alemania;Katholische Universität Eichstätt - Ingolstadt (Alemania);1;0;25/08/2024
2023;ERASMUS;0541-Matemáticas;Facultad de Ciencias;OUT;ALEMÁN - B1 (Nivel intermedio);Alemania;Universität Ulm (Alemania);2;0;25/08/2024
2023;ERASMUS;0541-Matemáticas;Facultad de Ciencias;OUT;ALEMÁN - B2 (Nivel avanzado);Austria;Technische Universität Graz (Austria);1;0;25/08/2024
2023;ERASMUS;0541-Matemáticas;Facultad de Ciencias;OUT;FRANCÉS - B1 (Nivel intermedio);Francia;Université De Lorraine (Francia);1;0;25/08/2024
2023;ERASMUS;0541-Matemáticas;Facultad de Ciencias;OUT;FRANCÉS - B1 (Nivel intermedio);Francia;Université Gustave Eiffel (Francia);1;0;25/08/2024
2023;ERASMUS;0541-Matemáticas;Facultad de Ciencias;OUT;FRANCÉS - B2 (Nivel avanzado);Francia;Université De Bordeaux I (Francia);2;0;25/08/2024
2023;ERASMUS;0541-Matemáticas;Facultad de Ciencias;OUT;FRANCÉS - B2 (Nivel avanzado);Francia;Université De Franche-Comte (Francia);1;0;25/08/2024
2023;ERASMUS;0541-Matemáticas;Facultad de Ciencias;OUT;FRANCÉS - B2 (Nivel avanzado);Francia;Université De Pau Et Des Pays De L'Adour (Francia);5;1;25/08/2024
2023;ERASMUS;0541-Matemáticas;Facultad de Ciencias;OUT;FRANCÉS - B2 (Nivel avanzado);Francia;Université De Bourgogne - Dijon (Francia);2;0;25/08/2024
2023;ERASMUS;0541-Matemáticas;Facultad de Ciencias;OUT;GRIEGO - B2 (Nivel avanzado);Grecia;Panepistimio Patron (Grecia);4;0;25/08/2024
2023;ERASMUS;0541-Matemáticas;Facultad de Ciencias;OUT;INGLÉS - A2 (Nivel básico avanzado);Alemania;Friedrich-Alexander-Universität Erlangen-Nürnberg (Alemania);2;2;25/08/2024
2023;ERASMUS;0541-Matemáticas;Facultad de Ciencias;OUT;INGLÉS - B1 (Nivel intermedio);Italia;Università Degli Studi Di Torino (Italia);5;4;25/08/2024
2023;ERASMUS;0541-Matemáticas;Facultad de Ciencias;OUT;INGLÉS - B1 (Nivel intermedio);Italia;Università Degli Studi Di Salerno (Italia);3;0;25/08/2024
2023;ERASMUS;0541-Matemáticas;Facultad de Ciencias;OUT;INGLÉS - B1 (Nivel intermedio);Portugal;Universidade Do Porto (Portugal);2;2;25/08/2024
2023;ERASMUS;0541-Matemáticas;Facultad de Ciencias;OUT;INGLÉS - B1 (Nivel intermedio);Rumanía;Universitatea De Vest Din Timísoara (Rumanía);4;0;25/08/2024
2023;ERASMUS;0541-Matemáticas;Facultad de Ciencias;OUT;INGLÉS - B1 (Nivel intermedio);Turquía;Düzce Universitesi (Turquía);2;0;25/08/2024
2023;ERASMUS;0541-Matemáticas;Facultad de Ciencias;OUT;INGLÉS - B2 (Nivel avanzado);Alemania;Eberhard-Karls-Universität Tübingen (Alemania);2;2;25/08/2024
2023;ERASMUS;0541-Matemáticas;Facultad de Ciencias;OUT;INGLÉS - B2 (Nivel avanzado);Austria;Technische Universität Graz (Austria);0;0;25/08/2024
2023;ERASMUS;0541-Matemáticas;Facultad de Ciencias;OUT;INGLÉS - B2 (Nivel avanzado);Croacia;University Of Zagreb (Croacia);2;1;25/08/2024
2023;ERASMUS;0541-Matemáticas;Facultad de Ciencias;OUT;INGLÉS - B2 (Nivel avanzado);Eslovenia;Univerza V Ljubljana (Eslovenia);2;1;25/08/2024
2023;ERASMUS;0541-Matemáticas;Facultad de Ciencias;OUT;INGLÉS - B2 (Nivel avanzado);Estonia;Tartu Ülikool (Estonia);2;0;25/08/2024
2023;ERASMUS;0541-Matemáticas;Facultad de Ciencias;OUT;INGLÉS - B2 (Nivel avanzado);Finlandia;University Of Jyväskylä (Finlandia);2;2;25/08/2024
2023;ERASMUS;0541-Matemáticas;Facultad de Ciencias;OUT;INGLÉS - B2 (Nivel avanzado);Francia;Université De Savoie Mont Blanc (Francia);1;0;25/08/2024
2023;ERASMUS;0541-Matemáticas;Facultad de Ciencias;OUT;INGLÉS - B2 (Nivel avanzado);Francia;Université Paris-Saclay (Francia);1;1;25/08/2024
2023;ERASMUS;0541-Matemáticas;Facultad de Ciencias;OUT;INGLÉS - B2 (Nivel avanzado);Grecia;Aristotelio Panepistimio Thessalonikis (Grecia);1;0;25/08/2024
2023;ERASMUS;0541-Matemáticas;Facultad de Ciencias;OUT;INGLÉS - B2 (Nivel avanzado);Grecia;Ethniko Kai Kapodistriako Panepistimio Athinon (Grecia);1;1;25/08/2024
2023;ERASMUS;0541-Matemáticas;Facultad de Ciencias;OUT;INGLÉS - B2 (Nivel avanzado);Italia;Università Degli Studi Di Firenze (Italia);2;0;25/08/2024
2023;ERASMUS;0541-Matemáticas;Facultad de Ciencias;OUT;INGLÉS - B2 (Nivel avanzado);Italia;Università Degli Studi Di Milano-Bicocca (Italia);3;0;25/08/2024
2023;ERASMUS;0541-Matemáticas;Facultad de Ciencias;OUT;INGLÉS - B2 (Nivel avanzado);Lituania;Vilniaus Gedimino Technikos Universitetas (Vgtu) (Lituania);2;0;25/08/2024
2023;ERASMUS;0541-Matemáticas;Facultad de Ciencias;OUT;INGLÉS - B2 (Nivel avanzado);Lituania;Kaunas University Of Technology (Lituania);3;0;25/08/2024
2023;ERASMUS;0541-Matemáticas;Facultad de Ciencias;OUT;INGLÉS - B2 (Nivel avanzado);Polonia;Akademia Górniczo-Hutnicza (Polonia);2;1;25/08/2024
2023;ERASMUS;0541-Matemáticas;Facultad de Ciencias;OUT;INGLÉS - B2 (Nivel avanzado);Polonia;Uniwersytet Warszawski (Polonia);1;1;25/08/2024
2023;ERASMUS;0541-Matemáticas;Facultad de Ciencias;OUT;INGLÉS - B2 (Nivel avanzado);Suecia;Mälardalens Högskola (Suecia);2;2;25/08/2024
2023;ERASMUS;0541-Matemáticas;Facultad de Ciencias;OUT;INGLÉS - B2 (Nivel avanzado);Suecia;Uppsala Universitet (Suecia);1;1;25/08/2024
2023;ERASMUS;0541-Matemáticas;Facultad de Ciencias;OUT;INGLÉS - C1 (Nivel avanzado 1);Alemania;Technische Universität München (Alemania);2;3;25/08/2024
2023;ERASMUS;0541-Matemáticas;Facultad de Ciencias;OUT;INGLÉS - C1 (Nivel avanzado 1);Irlanda (Eire);Technological University Dublin-City Campus (Irlanda (Eire));2;1;25/08/2024
2023;ERASMUS;0541-Matemáticas;Facultad de Ciencias;OUT;ITALIANO - B1 (Nivel intermedio);Italia;Università Degli Studi Di Napoli Federico Ii (Italia);2;1;25/08/2024
2023;ERASMUS;0541-Matemáticas;Facultad de Ciencias;OUT;ITALIANO - B1 (Nivel intermedio);Italia;Università Degli Studi Di Bari (Italia);2;2;25/08/2024
2023;ERASMUS;0541-Matemáticas;Facultad de Ciencias;OUT;ITALIANO - B1 (Nivel intermedio);Italia;Università Degli Studi Della Campania 'Luigi Vanvitelli' (Italia);2;0;25/08/2024
2023;ERASMUS;0541-Matemáticas;Facultad de Ciencias;OUT;No Informado;Francia;Université De Bourgogne - Dijon (Francia);0;0;25/08/2024
2023;ERASMUS;0541-Matemáticas;Facultad de Ciencias;OUT;OTROS - B1 (Nivel intermedio);República Checa;Ostravská Univerzita V Ostrave (República Checa);2;1;25/08/2024
2023;ERASMUS;0541-Matemáticas;Facultad de Ciencias;OUT;PORTUGUÉS - B1 (Nivel intermedio);Portugal;Universidade De Évora (Portugal);2;0;25/08/2024
2023;ERASMUS;0610-0610-Tecnologías de la información y la comunicación (TIC), no definido;Escuela de Ingeniería y Arquitectura;IN;ESPAÑOL - B1 (Nivel intermedio);Francia;Université Côte D'Azur (Francia);2;0;25/08/2024
2023;ERASMUS;0610-0610-Tecnologías de la información y la comunicación (TIC), no definido;Escuela de Ingeniería y Arquitectura;IN;ESPAÑOL - B1 (Nivel intermedio);Francia;Université De Savoie Mont Blanc (Francia);10;0;25/08/2024
2023;ERASMUS;0610-0610-Tecnologías de la información y la comunicación (TIC), no definido;Escuela de Ingeniería y Arquitectura;IN;ESPAÑOL - B1 (Nivel intermedio);Francia;École Française D'Electronique Et D'Informatique (Francia);3;0;25/08/2024
2023;ERASMUS;0610-0610-Tecnologías de la información y la comunicación (TIC), no definido;Escuela de Ingeniería y Arquitectura;IN;ESPAÑOL - B1 (Nivel intermedio);Italia;Università Degli Studi Del Piemonte Orientale Amedeo Avogadro (Italia);4;0;25/08/2024
2023;ERASMUS;0610-0610-Tecnologías de la información y la comunicación (TIC), no definido;Escuela de Ingeniería y Arquitectura;IN;ESPAÑOL - B1 (Nivel intermedio);Italia;Università Degli Studi Di Modena E Reggio Emilia (Italia);4;0;25/08/2024
2023;ERASMUS;0610-0610-Tecnologías de la información y la comunicación (TIC), no definido;Escuela de Ingeniería y Arquitectura;IN;ESPAÑOL - B1 (Nivel intermedio);Lituania;Kaunas University Of Technology (Lituania);2;0;25/08/2024
2023;ERASMUS;0610-0610-Tecnologías de la información y la comunicación (TIC), no definido;Escuela de Ingeniería y Arquitectura;IN;ESPAÑOL - B1 (Nivel intermedio);Portugal;Instituto Politécnico Da Guarda (Portugal);2;0;25/08/2024
2023;ERASMUS;0610-0610-Tecnologías de la información y la comunicación (TIC), no definido;Escuela de Ingeniería y Arquitectura;IN;INGLÉS - B2 (Nivel avanzado);Italia;Università Degli Studi Di Roma 'La Sapienza' (Italia);2;0;25/08/2024
2023;ERASMUS;0610-0610-Tecnologías de la información y la comunicación (TIC), no definido;Escuela de Ingeniería y Arquitectura;IN;INGLÉS - B2 (Nivel avanzado);Italia;Università Degli Studi Di Bologna (Italia);2;0;25/08/2024
2023;ERASMUS;0610-0610-Tecnologías de la información y la comunicación (TIC), no definido;Escuela de Ingeniería y Arquitectura;IN;INGLÉS - B2 (Nivel avanzado);Suecia;Örebro University (Suecia);2;0;25/08/2024
2023;ERASMUS;0610-0610-Tecnologías de la información y la comunicación (TIC), no definido;Escuela de Ingeniería y Arquitectura;OUT;FRANCÉS - B1 (Nivel intermedio);Francia;Université Côte D'Azur (Francia);2;0;25/08/2024
2023;ERASMUS;0610-0610-Tecnologías de la información y la comunicación (TIC), no definido;Escuela de Ingeniería y Arquitectura;OUT;FRANCÉS - B1 (Nivel intermedio);Francia;École Française D'Electronique Et D'Informatique (Francia);3;0;25/08/2024
2023;ERASMUS;0610-0610-Tecnologías de la información y la comunicación (TIC), no definido;Escuela de Ingeniería y Arquitectura;OUT;FRANCÉS - B1 (Nivel intermedio);Francia;Université De Savoie Mont Blanc (Francia);10;0;25/08/2024
2023;ERASMUS;0610-0610-Tecnologías de la información y la comunicación (TIC), no definido;Escuela de Ingeniería y Arquitectura;OUT;INGLÉS - B1 (Nivel intermedio);Italia;Università Degli Studi Di Roma 'La Sapienza' (Italia);2;0;25/08/2024
2023;ERASMUS;0610-0610-Tecnologías de la información y la comunicación (TIC), no definido;Escuela de Ingeniería y Arquitectura;OUT;INGLÉS - B2 (Nivel avanzado);Italia;Università Degli Studi Di Bologna (Italia);2;1;25/08/2024
2023;ERASMUS;0610-0610-Tecnologías de la información y la comunicación (TIC), no definido;Escuela de Ingeniería y Arquitectura;OUT;INGLÉS - B2 (Nivel avanzado);Lituania;Kaunas University Of Technology (Lituania);2;1;25/08/2024
2023;ERASMUS;0610-0610-Tecnologías de la información y la comunicación (TIC), no definido;Escuela de Ingeniería y Arquitectura;OUT;INGLÉS - B2 (Nivel avanzado);Suecia;Örebro University (Suecia);2;0;25/08/2024
2023;ERASMUS;0610-0610-Tecnologías de la información y la comunicación (TIC), no definido;Escuela de Ingeniería y Arquitectura;OUT;ITALIANO - B1 (Nivel intermedio);Italia;Università Degli Studi Di Modena E Reggio Emilia (Italia);4;2;25/08/2024
2023;ERASMUS;0610-0610-Tecnologías de la información y la comunicación (TIC), no definido;Escuela de Ingeniería y Arquitectura;OUT;No Informado;Italia;Università Degli Studi Del Piemonte Orientale Amedeo Avogadro (Italia);4;0;25/08/2024
2023;ERASMUS;0610-0610-Tecnologías de la información y la comunicación (TIC), no definido;Escuela de Ingeniería y Arquitectura;OUT;PORTUGUÉS - A2 (Nivel básico avanzado);Portugal;Instituto Politécnico Da Guarda (Portugal);2;1;25/08/2024
2023;ERASMUS;0610-0610-Tecnologías de la información y la comunicación (TIC), no definido;Escuela Universitaria Politécnica de la Almunia de Doña Godina;IN;ESPAÑOL - B1 (Nivel intermedio);Francia;Université Paul Sabatier - Toulouse Iii (Francia);2;0;25/08/2024
2023;ERASMUS;0610-0610-Tecnologías de la información y la comunicación (TIC), no definido;Escuela Universitaria Politécnica de la Almunia de Doña Godina;IN;ESPAÑOL - B1 (Nivel intermedio);Italia;Politecnico Di Bari (Italia);3;0;25/08/2024
2023;ERASMUS;0610-0610-Tecnologías de la información y la comunicación (TIC), no definido;Escuela Universitaria Politécnica de la Almunia de Doña Godina;IN;ESPAÑOL - B1 (Nivel intermedio);Rumanía;Universitatea Constantin Brancursi Targu-Jiu (Rumanía);2;0;25/08/2024
2023;ERASMUS;0610-0610-Tecnologías de la información y la comunicación (TIC), no definido;Escuela Universitaria Politécnica de la Almunia de Doña Godina;IN;ESPAÑOL - B1 (Nivel intermedio);Turquía;Karadeniz Technical University (Turquía);3;0;25/08/2024
2023;ERASMUS;0610-0610-Tecnologías de la información y la comunicación (TIC), no definido;Escuela Universitaria Politécnica de la Almunia de Doña Godina;OUT;INGLÉS - B2 (Nivel avanzado);Rumanía;Universitatea Constantin Brancursi Targu-Jiu (Rumanía);2;0;25/08/2024
2023;ERASMUS;0610-0610-Tecnologías de la información y la comunicación (TIC), no definido;Escuela Universitaria Politécnica de Teruel;IN;ESPAÑOL - B1 (Nivel intermedio);Irlanda (Eire);Technological University Dublin-City Campus (Irlanda (Eire));5;0;25/08/2024
2023;ERASMUS;0610-0610-Tecnologías de la información y la comunicación (TIC), no definido;Escuela Universitaria Politécnica de Teruel;IN;ESPAÑOL - B1 (Nivel intermedio);Portugal;Instituto Politécnico De Castelo Branco (Portugal);3;0;25/08/2024
2023;ERASMUS;0610-0610-Tecnologías de la información y la comunicación (TIC), no definido;Escuela Universitaria Politécnica de Teruel;IN;INGLÉS - B1 (Nivel intermedio);Macedonia;Goce Delcev University (Macedonia);3;0;25/08/2024
2023;ERASMUS;0610-0610-Tecnologías de la información y la comunicación (TIC), no definido;Escuela Universitaria Politécnica de Teruel;IN;INGLÉS - B1 (Nivel intermedio);Polonia;Politechnika Krakowska (Polonia);3;0;25/08/2024
2023;ERASMUS;0610-0610-Tecnologías de la información y la comunicación (TIC), no definido;Escuela Universitaria Politécnica de Teruel;OUT;INGLÉS - B1 (Nivel intermedio);Irlanda (Eire);Technological University Dublin-City Campus (Irlanda (Eire));5;2;25/08/2024
2023;ERASMUS;0610-0610-Tecnologías de la información y la comunicación (TIC), no definido;Escuela Universitaria Politécnica de Teruel;OUT;INGLÉS - B1 (Nivel intermedio);Polonia;Politechnika Krakowska (Polonia);3;2;25/08/2024
2023;ERASMUS;0610-0610-Tecnologías de la información y la comunicación (TIC), no definido;Escuela Universitaria Politécnica de Teruel;OUT;INGLÉS - B1 (Nivel intermedio);Portugal;Instituto Politécnico De Castelo Branco (Portugal);3;0;25/08/2024
2023;ERASMUS;0610-0610-Tecnologías de la información y la comunicación (TIC), no definido;Escuela Universitaria Politécnica de Teruel;OUT;INGLÉS - B1 (Nivel intermedio);Rumanía;Universitatea Politehnica Din Bucuresti (Rumanía);2;3;25/08/2024
2023;ERASMUS;0610-0610-Tecnologías de la información y la comunicación (TIC), no definido;Escuela Universitaria Politécnica de Teruel;OUT;INGLÉS - B2 (Nivel avanzado);Lituania;Kaunas University Of Technology (Lituania);2;1;25/08/2024
2023;ERASMUS;0611-0611-Uso de computadores;Escuela de Ingeniería y Arquitectura;IN;ESPAÑOL - B1 (Nivel intermedio);Italia;Università Degli Studi Della Campania 'Luigi Vanvitelli' (Italia);2;0;25/08/2024
2023;ERASMUS;0611-0611-Uso de computadores;Escuela de Ingeniería y Arquitectura;OUT;No Informado;Italia;Università Degli Studi Della Campania 'Luigi Vanvitelli' (Italia);2;2;25/08/2024
2023;ERASMUS;0611-0611-Uso de computadores;Escuela Universitaria Politécnica de Teruel;IN;ESPAÑOL - B1 (Nivel intermedio);Hungría;University Of Dunaújváros (Hungría);2;0;25/08/2024
2023;ERASMUS;0611-0611-Uso de computadores;Escuela Universitaria Politécnica de Teruel;IN;ESPAÑOL - B1 (Nivel intermedio);Italia;Università Degli Studi Di Brescia (Italia);2;0;25/08/2024
2023;ERASMUS;0611-0611-Uso de computadores;Escuela Universitaria Politécnica de Teruel;IN;ESPAÑOL - B1 (Nivel intermedio);Portugal;Instituto Politécnico De Gestao E Tecnologogia (Isla) (Portugal);2;0;25/08/2024
2023;ERASMUS;0611-0611-Uso de computadores;Escuela Universitaria Politécnica de Teruel;IN;ESPAÑOL - B1 (Nivel intermedio);Portugal;Universidade Da Beira Interior (Portugal);2;0;25/08/2024
2023;ERASMUS;0611-0611-Uso de computadores;Escuela Universitaria Politécnica de Teruel;IN;ESPAÑOL - B1 (Nivel intermedio);Rumanía;Universitatea Constantin Brancursi Targu-Jiu (Rumanía);0;0;25/08/2024
2023;ERASMUS;0611-0611-Uso de computadores;Escuela Universitaria Politécnica de Teruel;IN;ESPAÑOL - B1 (Nivel intermedio);Turquía;Okan University (Turquía);2;0;25/08/2024
2023;ERASMUS;0611-0611-Uso de computadores;Escuela Universitaria Politécnica de Teruel;IN;ESPAÑOL - B1 (Nivel intermedio);Turquía;Istanbul Arel University (Turquía);2;0;25/08/2024
2023;ERASMUS;0611-0611-Uso de computadores;Escuela Universitaria Politécnica de Teruel;OUT;INGLÉS - B1 (Nivel intermedio);Hungría;University Of Dunaújváros (Hungría);2;0;25/08/2024
2023;ERASMUS;0611-0611-Uso de computadores;Escuela Universitaria Politécnica de Teruel;OUT;INGLÉS - B1 (Nivel intermedio);Rumanía;Universitatea De Vest Din Timísoara (Rumanía);2;1;25/08/2024
2023;ERASMUS;0611-0611-Uso de computadores;Escuela Universitaria Politécnica de Teruel;OUT;INGLÉS - B1 (Nivel intermedio);Rumanía;Universitatea Politehnica Din Bucuresti (Rumanía);2;3;25/08/2024
2023;ERASMUS;0611-0611-Uso de computadores;Escuela Universitaria Politécnica de Teruel;OUT;INGLÉS - B1 (Nivel intermedio);Turquía;Okan University (Turquía);2;0;25/08/2024
2023;ERASMUS;0611-0611-Uso de computadores;Escuela Universitaria Politécnica de Teruel;OUT;INGLÉS - B2 (Nivel avanzado);Rumanía;Universitatea Constantin Brancursi Targu-Jiu (Rumanía);2;0;25/08/2024
2023;ERASMUS;0611-0611-Uso de computadores;Escuela Universitaria Politécnica de Teruel;OUT;ITALIANO - B1 (Nivel intermedio);Italia;Università Degli Studi Di Brescia (Italia);2;0;25/08/2024
2023;ERASMUS;0611-0611-Uso de computadores;Escuela Universitaria Politécnica de Teruel;OUT;OTROS - B1 (Nivel intermedio);Turquía;Istanbul Arel University (Turquía);2;0;25/08/2024
2023;ERASMUS;0611-0611-Uso de computadores;Escuela Universitaria Politécnica de Teruel;OUT;PORTUGUÉS - B1 (Nivel intermedio);Portugal;Universidade Da Beira Interior (Portugal);2;1;25/08/2024
2023;ERASMUS;0611-0611-Uso de computadores;Escuela Universitaria Politécnica de Teruel;OUT;PORTUGUÉS - B1 (Nivel intermedio);Portugal;Instituto Politécnico De Gestao E Tecnologogia (Isla) (Portugal);2;1;25/08/2024
2023;ERASMUS;0612-0612-Diseño y administración de redes y bases de datos;Escuela Universitaria Politécnica de Teruel;IN;ESPAÑOL - B1 (Nivel intermedio);Rumanía;Universitatea Politehnica Din Bucuresti (Rumanía);2;0;25/08/2024
2023;ERASMUS;0612-0612-Diseño y administración de redes y bases de datos;Escuela Universitaria Politécnica de Teruel;OUT;INGLÉS - B1 (Nivel intermedio);Rumanía;Universitatea Politehnica Din Bucuresti (Rumanía);2;3;25/08/2024
2023;ERASMUS;0619-0619-Tecnologías de la información y comunicación (otros estudios);Escuela de Ingeniería y Arquitectura;IN;ESPAÑOL - B1 (Nivel intermedio);Alemania;Technische Universität München (Alemania);4;0;25/08/2024
2023;ERASMUS;0619-0619-Tecnologías de la información y comunicación (otros estudios);Escuela de Ingeniería y Arquitectura;IN;ESPAÑOL - B1 (Nivel intermedio);Portugal;Universidade Do Porto (Portugal);2;0;25/08/2024
2023;ERASMUS;0619-0619-Tecnologías de la información y comunicación (otros estudios);Escuela de Ingeniería y Arquitectura;OUT;ALEMÁN - B2 (Nivel avanzado);Alemania;Technische Universität München (Alemania);4;1;25/08/2024
2023;ERASMUS;0619-0619-Tecnologías de la información y comunicación (otros estudios);Escuela de Ingeniería y Arquitectura;OUT;PORTUGUÉS - B2 (Nivel avanzado);Portugal;Universidade Do Porto (Portugal);2;2;25/08/2024
2023;ERASMUS;0700-0700-Ingenierìa, industria y construcción, no definido;Escuela de Ingeniería y Arquitectura;IN;ESPAÑOL - B1 (Nivel intermedio);Noruega;University Of South-Eastern Norway (Noruega);0;0;25/08/2024
2023;ERASMUS;0700-0700-Ingenierìa, industria y construcción, no definido;Escuela de Ingeniería y Arquitectura;IN;INGLÉS - B2 (Nivel avanzado);Noruega;University Of South-Eastern Norway (Noruega);2;0;25/08/2024
2023;ERASMUS;0700-0700-Ingenierìa, industria y construcción, no definido;Escuela de Ingeniería y Arquitectura;OUT;INGLÉS - B2 (Nivel avanzado);Noruega;University Of South-Eastern Norway (Noruega);2;1;25/08/2024
2023;ERASMUS;071 - Ingeniería y profesiones afines;Escuela de Ingeniería y Arquitectura;IN;ESPAÑOL - B1 (Nivel intermedio);Austria;Fhs Kufstein Tirol Bildungs - Gmbh (Austria);4;0;25/08/2024
2023;ERASMUS;071 - Ingeniería y profesiones afines;Escuela de Ingeniería y Arquitectura;IN;ESPAÑOL - B1 (Nivel intermedio);Estonia;Tallinna Tehnikaúlikool (Estonia);1;0;25/08/2024
2023;ERASMUS;071 - Ingeniería y profesiones afines;Escuela de Ingeniería y Arquitectura;IN;ESPAÑOL - B1 (Nivel intermedio);Francia;Université D'Angers (Francia);2;0;25/08/2024
2023;ERASMUS;071 - Ingeniería y profesiones afines;Escuela de Ingeniería y Arquitectura;IN;ESPAÑOL - B1 (Nivel intermedio);Francia;École D'Ingénieurs Louis De Broglie (Francia);2;0;25/08/2024
2023;ERASMUS;071 - Ingeniería y profesiones afines;Escuela de Ingeniería y Arquitectura;IN;ESPAÑOL - B1 (Nivel intermedio);Holanda;Hanzehogeschool Groningen/Hanze University Of Applied Sciences (Holanda);5;0;25/08/2024
2023;ERASMUS;071 - Ingeniería y profesiones afines;Escuela de Ingeniería y Arquitectura;IN;ESPAÑOL - B1 (Nivel intermedio);Italia;Università Degli Studi Insubria Varese-Como (Italia);2;0;25/08/2024
2023;ERASMUS;071 - Ingeniería y profesiones afines;Escuela de Ingeniería y Arquitectura;IN;ESPAÑOL - B1 (Nivel intermedio);Portugal;Instituto Politécnico Do Porto (Portugal);1;0;25/08/2024
2023;ERASMUS;071 - Ingeniería y profesiones afines;Escuela de Ingeniería y Arquitectura;IN;ESPAÑOL - B1 (Nivel intermedio);Turquía;Karadeniz Technical University (Turquía);3;0;25/08/2024
2023;ERASMUS;071 - Ingeniería y profesiones afines;Escuela de Ingeniería y Arquitectura;IN;ESPAÑOL - B1 (Nivel intermedio);Turquía;Bahçesehir University (Turquía);2;0;25/08/2024
2023;ERASMUS;071 - Ingeniería y profesiones afines;Escuela de Ingeniería y Arquitectura;IN;ESPAÑOL - B1 (Nivel intermedio);Turquía;Akdeniz University (Turquía);3;0;25/08/2024
2023;ERASMUS;071 - Ingeniería y profesiones afines;Escuela de Ingeniería y Arquitectura;IN;INGLÉS - B2 (Nivel avanzado);Alemania;Albert-Ludwigs-Universität Freiburg Im Breisgau (Alemania);2;0;25/08/2024
2023;ERASMUS;071 - Ingeniería y profesiones afines;Escuela de Ingeniería y Arquitectura;OUT;INGLÉS - B1 (Nivel intermedio);Alemania;Hochschule Esslingen - University Of Applied Sciences (Alemania);6;3;25/08/2024
2023;ERASMUS;071 - Ingeniería y profesiones afines;Escuela de Ingeniería y Arquitectura;OUT;INGLÉS - B1 (Nivel intermedio);Italia;Università Degli Studi Insubria Varese-Como (Italia);2;2;25/08/2024
2023;ERASMUS;071 - Ingeniería y profesiones afines;Escuela de Ingeniería y Arquitectura;OUT;INGLÉS - B1 (Nivel intermedio);Portugal;Instituto Politécnico Do Porto (Portugal);2;2;25/08/2024
2023;ERASMUS;071 - Ingeniería y profesiones afines;Escuela de Ingeniería y Arquitectura;OUT;INGLÉS - B1 (Nivel intermedio);Turquía;Bahçesehir University (Turquía);2;1;25/08/2024
2023;ERASMUS;071 - Ingeniería y profesiones afines;Escuela de Ingeniería y Arquitectura;OUT;INGLÉS - B1 (Nivel intermedio);Turquía;Akdeniz University (Turquía);3;2;25/08/2024
2023;ERASMUS;071 - Ingeniería y profesiones afines;Escuela de Ingeniería y Arquitectura;OUT;INGLÉS - B2 (Nivel avanzado);Alemania;Albert-Ludwigs-Universität Freiburg Im Breisgau (Alemania);2;1;25/08/2024
2023;ERASMUS;071 - Ingeniería y profesiones afines;Escuela de Ingeniería y Arquitectura;OUT;INGLÉS - B2 (Nivel avanzado);Austria;Fhs Kufstein Tirol Bildungs - Gmbh (Austria);4;2;25/08/2024
2023;ERASMUS;071 - Ingeniería y profesiones afines;Escuela de Ingeniería y Arquitectura;OUT;INGLÉS - B2 (Nivel avanzado);Francia;Université D'Angers (Francia);2;1;25/08/2024
2023;ERASMUS;071 - Ingeniería y profesiones afines;Escuela de Ingeniería y Arquitectura;OUT;INGLÉS - B2 (Nivel avanzado);Francia;École D'Ingénieurs Louis De Broglie (Francia);2;0;25/08/2024
2023;ERASMUS;071 - Ingeniería y profesiones afines;Escuela de Ingeniería y Arquitectura;OUT;INGLÉS - C1 (Nivel avanzado 1);Holanda;Hanzehogeschool Groningen/Hanze University Of Applied Sciences (Holanda);5;0;25/08/2024
2023;ERASMUS;071 - Ingeniería y profesiones afines;Escuela Universitaria Politécnica de la Almunia de Doña Godina;IN;ESPAÑOL - B1 (Nivel intermedio);Francia;Cesi (Francia);6;0;25/08/2024
2023;ERASMUS;071 - Ingeniería y profesiones afines;Escuela Universitaria Politécnica de la Almunia de Doña Godina;OUT;INGLÉS - B2 (Nivel avanzado);Francia;Cesi (Francia);6;0;25/08/2024
2023;ERASMUS;071 - Ingeniería y profesiones afines;Facultad de Ciencias;IN;No Informado;Francia;Université Grenoble Alpes (Uga) (Francia);4;0;25/08/2024
2023;ERASMUS;071 - Ingeniería y profesiones afines;Facultad de Ciencias;OUT;INGLÉS - B2 (Nivel avanzado);Francia;Université Grenoble Alpes (Uga) (Francia);4;0;25/08/2024
2023;ERASMUS;071-Ingeniería y ramas de la ingeniería;Escuela de Ingeniería y Arquitectura;IN;ESPAÑOL - B1 (Nivel intermedio);Alemania;Hochschule Für Technik Und Wirtschaft Dresden (Fh) (Alemania);4;0;25/08/2024
2023;ERASMUS;071-Ingeniería y ramas de la ingeniería;Escuela de Ingeniería y Arquitectura;IN;ESPAÑOL - B1 (Nivel intermedio);Austria;Technikum Wien (Austria);2;0;25/08/2024
2023;ERASMUS;071-Ingeniería y ramas de la ingeniería;Escuela de Ingeniería y Arquitectura;IN;ESPAÑOL - B1 (Nivel intermedio);Austria;University Of Applied Sciences Upper Austria (Austria);2;0;25/08/2024
2023;ERASMUS;071-Ingeniería y ramas de la ingeniería;Escuela de Ingeniería y Arquitectura;IN;ESPAÑOL - B1 (Nivel intermedio);Dinamarca;Syddansk Universitet (Dinamarca);1;0;25/08/2024
2023;ERASMUS;071-Ingeniería y ramas de la ingeniería;Escuela de Ingeniería y Arquitectura;IN;ESPAÑOL - B1 (Nivel intermedio);Finlandia;Tampere University (Finlandia);4;0;25/08/2024
2023;ERASMUS;071-Ingeniería y ramas de la ingeniería;Escuela de Ingeniería y Arquitectura;IN;ESPAÑOL - B1 (Nivel intermedio);Francia;Université Paris-Est Créteil Val De Marne (Francia);1;0;25/08/2024
2023;ERASMUS;071-Ingeniería y ramas de la ingeniería;Escuela de Ingeniería y Arquitectura;IN;ESPAÑOL - B1 (Nivel intermedio);Francia;Université Paul Sabatier - Toulouse Iii (Francia);3;0;25/08/2024
2023;ERASMUS;071-Ingeniería y ramas de la ingeniería;Escuela de Ingeniería y Arquitectura;IN;ESPAÑOL - B1 (Nivel intermedio);Francia;Université De Lorraine (Francia);2;0;25/08/2024
2023;ERASMUS;071-Ingeniería y ramas de la ingeniería;Escuela de Ingeniería y Arquitectura;IN;ESPAÑOL - B1 (Nivel intermedio);Italia;Università Degli Studi Della Calabria (Italia);3;0;25/08/2024
2023;ERASMUS;071-Ingeniería y ramas de la ingeniería;Escuela de Ingeniería y Arquitectura;IN;ESPAÑOL - B1 (Nivel intermedio);Italia;Università Politecnica Delle Marche (Italia);2;0;25/08/2024
2023;ERASMUS;071-Ingeniería y ramas de la ingeniería;Escuela de Ingeniería y Arquitectura;IN;ESPAÑOL - B1 (Nivel intermedio);Italia;Università Degli Studi Di Padova (Italia);3;0;25/08/2024
2023;ERASMUS;071-Ingeniería y ramas de la ingeniería;Escuela de Ingeniería y Arquitectura;IN;ESPAÑOL - B1 (Nivel intermedio);Polonia;University Of Zielona Góra (Polonia);2;0;25/08/2024
2023;ERASMUS;071-Ingeniería y ramas de la ingeniería;Escuela de Ingeniería y Arquitectura;IN;ESPAÑOL - B1 (Nivel intermedio);Suecia;Linköpings Universitet (Suecia);6;0;25/08/2024
2023;ERASMUS;071-Ingeniería y ramas de la ingeniería;Escuela de Ingeniería y Arquitectura;IN;INGLÉS - B1 (Nivel intermedio);Polonia;University Of Zielona Góra (Polonia);0;0;25/08/2024
2023;ERASMUS;071-Ingeniería y ramas de la ingeniería;Escuela de Ingeniería y Arquitectura;OUT;ALEMÁN - B1 (Nivel intermedio);Alemania;Hochschule Für Technik Und Wirtschaft Dresden (Fh) (Alemania);4;0;25/08/2024
2023;ERASMUS;071-Ingeniería y ramas de la ingeniería;Escuela de Ingeniería y Arquitectura;OUT;ALEMÁN - B2 (Nivel avanzado);Austria;Technikum Wien (Austria);2;0;25/08/2024
2023;ERASMUS;071-Ingeniería y ramas de la ingeniería;Escuela de Ingeniería y Arquitectura;OUT;ALEMÁN - B2 (Nivel avanzado);Austria;University Of Applied Sciences Upper Austria (Austria);2;2;25/08/2024
2023;ERASMUS;071-Ingeniería y ramas de la ingeniería;Escuela de Ingeniería y Arquitectura;OUT;FRANCÉS - B1 (Nivel intermedio);Francia;Université Paris-Est Créteil Val De Marne (Francia);0;0;25/08/2024
2023;ERASMUS;071-Ingeniería y ramas de la ingeniería;Escuela de Ingeniería y Arquitectura;OUT;FRANCÉS - B1 (Nivel intermedio);Francia;Université Paul Sabatier - Toulouse Iii (Francia);3;1;25/08/2024
2023;ERASMUS;071-Ingeniería y ramas de la ingeniería;Escuela de Ingeniería y Arquitectura;OUT;FRANCÉS - B1 (Nivel intermedio);Francia;Université De Lorraine (Francia);2;1;25/08/2024
2023;ERASMUS;071-Ingeniería y ramas de la ingeniería;Escuela de Ingeniería y Arquitectura;OUT;INGLÉS - B1 (Nivel intermedio);Polonia;University Of Zielona Góra (Polonia);0;0;25/08/2024
2023;ERASMUS;071-Ingeniería y ramas de la ingeniería;Escuela de Ingeniería y Arquitectura;OUT;INGLÉS - B2 (Nivel avanzado);Austria;University Of Applied Sciences Upper Austria (Austria);0;0;25/08/2024
2023;ERASMUS;071-Ingeniería y ramas de la ingeniería;Escuela de Ingeniería y Arquitectura;OUT;INGLÉS - B2 (Nivel avanzado);Dinamarca;Syddansk Universitet (Dinamarca);1;1;25/08/2024
2023;ERASMUS;071-Ingeniería y ramas de la ingeniería;Escuela de Ingeniería y Arquitectura;OUT;INGLÉS - B2 (Nivel avanzado);Finlandia;Tampere University (Finlandia);4;3;25/08/2024
2023;ERASMUS;071-Ingeniería y ramas de la ingeniería;Escuela de Ingeniería y Arquitectura;OUT;INGLÉS - B2 (Nivel avanzado);Suecia;Linköpings Universitet (Suecia);10;1;25/08/2024
2023;ERASMUS;071-Ingeniería y ramas de la ingeniería;Escuela de Ingeniería y Arquitectura;OUT;ITALIANO - B1 (Nivel intermedio);Italia;Università Degli Studi Della Calabria (Italia);3;3;25/08/2024
2023;ERASMUS;071-Ingeniería y ramas de la ingeniería;Escuela de Ingeniería y Arquitectura;OUT;OTROS - B1 (Nivel intermedio);Polonia;University Of Zielona Góra (Polonia);2;1;25/08/2024
2023;ERASMUS;071-Ingeniería y ramas de la ingeniería;Escuela Universitaria Politécnica de la Almunia de Doña Godina;IN;ESPAÑOL - B1 (Nivel intermedio);Alemania;Fachhochschule Bielefeld (Alemania);4;0;25/08/2024
2023;ERASMUS;071-Ingeniería y ramas de la ingeniería;Escuela Universitaria Politécnica de la Almunia de Doña Godina;IN;ESPAÑOL - B1 (Nivel intermedio);Francia;Université Claude Bernard (Lyon I) (Francia);1;0;25/08/2024
2023;ERASMUS;071-Ingeniería y ramas de la ingeniería;Escuela Universitaria Politécnica de la Almunia de Doña Godina;IN;ESPAÑOL - B1 (Nivel intermedio);Francia;Université Paul Sabatier - Toulouse Iii (Francia);2;0;25/08/2024
2023;ERASMUS;071-Ingeniería y ramas de la ingeniería;Escuela Universitaria Politécnica de la Almunia de Doña Godina;IN;ESPAÑOL - B1 (Nivel intermedio);Francia;Université Jean Monnet De Saint- Etienne (Francia);3;0;25/08/2024
2023;ERASMUS;071-Ingeniería y ramas de la ingeniería;Escuela Universitaria Politécnica de la Almunia de Doña Godina;IN;ESPAÑOL - B1 (Nivel intermedio);Rumanía;Universitatea Constantin Brancursi Targu-Jiu (Rumanía);2;0;25/08/2024
2023;ERASMUS;071-Ingeniería y ramas de la ingeniería;Escuela Universitaria Politécnica de la Almunia de Doña Godina;IN;ESPAÑOL - B1 (Nivel intermedio);Suecia;Mälardalens Högskola (Suecia);4;0;25/08/2024
2023;ERASMUS;071-Ingeniería y ramas de la ingeniería;Escuela Universitaria Politécnica de la Almunia de Doña Godina;OUT;ALEMÁN - B1 (Nivel intermedio);Alemania;Fachhochschule Bielefeld (Alemania);4;0;25/08/2024
2023;ERASMUS;071-Ingeniería y ramas de la ingeniería;Escuela Universitaria Politécnica de la Almunia de Doña Godina;OUT;FRANCÉS - B1 (Nivel intermedio);Francia;Université Jean Monnet De Saint- Etienne (Francia);3;0;25/08/2024
2023;ERASMUS;071-Ingeniería y ramas de la ingeniería;Escuela Universitaria Politécnica de la Almunia de Doña Godina;OUT;FRANCÉS - B1 (Nivel intermedio);Francia;Université Paul Sabatier - Toulouse Iii (Francia);4;0;25/08/2024
2023;ERASMUS;071-Ingeniería y ramas de la ingeniería;Escuela Universitaria Politécnica de la Almunia de Doña Godina;OUT;FRANCÉS - B1 (Nivel intermedio);Francia;Université Claude Bernard (Lyon I) (Francia);1;0;25/08/2024
2023;ERASMUS;071-Ingeniería y ramas de la ingeniería;Escuela Universitaria Politécnica de la Almunia de Doña Godina;OUT;INGLÉS - B1 (Nivel intermedio);Turquía;Karadeniz Technical University (Turquía);3;0;25/08/2024
2023;ERASMUS;071-Ingeniería y ramas de la ingeniería;Escuela Universitaria Politécnica de la Almunia de Doña Godina;OUT;INGLÉS - B2 (Nivel avanzado);Rumanía;Universitatea Constantin Brancursi Targu-Jiu (Rumanía);2;0;25/08/2024
2023;ERASMUS;071-Ingeniería y ramas de la ingeniería;Escuela Universitaria Politécnica de la Almunia de Doña Godina;OUT;INGLÉS - B2 (Nivel avanzado);Suecia;Mälardalens Högskola (Suecia);4;1;25/08/2024
2023;ERASMUS;071-Ingeniería y ramas de la ingeniería;Escuela Universitaria Politécnica de la Almunia de Doña Godina;OUT;ITALIANO - B1 (Nivel intermedio);Italia;Politecnico Di Bari (Italia);3;0;25/08/2024
2023;ERASMUS;071-Ingeniería y ramas de la ingeniería;Escuela Universitaria Politécnica de Teruel;IN;ESPAÑOL - B1 (Nivel intermedio);Alemania;Jade Hochschule-Fachhochschule Wilhelmshaven/Oldenburg/Elsfleth (Alemania);2;0;25/08/2024
2023;ERASMUS;071-Ingeniería y ramas de la ingeniería;Escuela Universitaria Politécnica de Teruel;IN;ESPAÑOL - B1 (Nivel intermedio);Rumanía;Universitatea Constantin Brancursi Targu-Jiu (Rumanía);2;0;25/08/2024
2023;ERASMUS;071-Ingeniería y ramas de la ingeniería;Escuela Universitaria Politécnica de Teruel;OUT;INGLÉS - B1 (Nivel intermedio);Alemania;Jade Hochschule-Fachhochschule Wilhelmshaven/Oldenburg/Elsfleth (Alemania);2;0;25/08/2024
2023;ERASMUS;071-Ingeniería y ramas de la ingeniería;Escuela Universitaria Politécnica de Teruel;OUT;INGLÉS - B2 (Nivel avanzado);Rumanía;Universitatea Constantin Brancursi Targu-Jiu (Rumanía);2;0;25/08/2024
2023;ERASMUS;071-Ingeniería y ramas de la ingeniería;Facultad de Ciencias;IN;ESPAÑOL - B1 (Nivel intermedio);Alemania;Hochschule Esslingen - University Of Applied Sciences (Alemania);3;0;25/08/2024
2023;ERASMUS;071-Ingeniería y ramas de la ingeniería;Facultad de Ciencias;IN;No Informado;Francia;Université Grenoble Alpes (Uga) (Francia);0;0;25/08/2024
2023;ERASMUS;071-Ingeniería y ramas de la ingeniería;Facultad de Ciencias;OUT;No Informado;Francia;Université Grenoble Alpes (Uga) (Francia);0;0;25/08/2024
2023;ERASMUS;0710-0710-Oficios de ingeniería e ingeniería, no definidos con más detalle;Escuela de Ingeniería y Arquitectura;IN;ESPAÑOL - B1 (Nivel intermedio);Austria;Fh Joanneum Gesellschaft Mbh (Austria);2;0;25/08/2024
2023;ERASMUS;0710-0710-Oficios de ingeniería e ingeniería, no definidos con más detalle;Escuela de Ingeniería y Arquitectura;IN;ESPAÑOL - B1 (Nivel intermedio);Suecia;University Of Gävle (Suecia);2;0;25/08/2024
2023;ERASMUS;0710-0710-Oficios de ingeniería e ingeniería, no definidos con más detalle;Escuela de Ingeniería y Arquitectura;OUT;INGLÉS - B2 (Nivel avanzado);Austria;Fh Joanneum Gesellschaft Mbh (Austria);2;1;25/08/2024
2023;ERASMUS;0710-0710-Oficios de ingeniería e ingeniería, no definidos con más detalle;Escuela de Ingeniería y Arquitectura;OUT;INGLÉS - B2 (Nivel avanzado);Suecia;University Of Gävle (Suecia);8;0;25/08/2024
2023;ERASMUS;0710-0710-Oficios de ingeniería e ingeniería, no definidos con más detalle;Escuela Universitaria Politécnica de la Almunia de Doña Godina;IN;ESPAÑOL - B1 (Nivel intermedio);Portugal;Universidade Da Beira Interior (Portugal);2;0;25/08/2024
2023;ERASMUS;0710-0710-Oficios de ingeniería e ingeniería, no definidos con más detalle;Escuela Universitaria Politécnica de la Almunia de Doña Godina;OUT;PORTUGUÉS - B1 (Nivel intermedio);Portugal;Universidade Da Beira Interior (Portugal);2;0;25/08/2024
2023;ERASMUS;0711-Ingeniería química y procesos;Escuela de Ingeniería y Arquitectura;IN;ESPAÑOL - B1 (Nivel intermedio);Alemania;Georg-Simon-Ohm-Hochschule Nürnberg (Alemania);1;0;25/08/2024
2023;ERASMUS;0711-Ingeniería química y procesos;Escuela de Ingeniería y Arquitectura;IN;ESPAÑOL - B1 (Nivel intermedio);Dinamarca;Syddansk Universitet (Dinamarca);1;0;25/08/2024
2023;ERASMUS;0711-Ingeniería química y procesos;Escuela de Ingeniería y Arquitectura;IN;ESPAÑOL - B1 (Nivel intermedio);Francia;Université De Lorraine (Francia);2;0;25/08/2024
2023;ERASMUS;0711-Ingeniería química y procesos;Escuela de Ingeniería y Arquitectura;IN;ESPAÑOL - B1 (Nivel intermedio);Francia;Université De Pau Et Des Pays De L'Adour (Francia);2;0;25/08/2024
2023;ERASMUS;0711-Ingeniería química y procesos;Escuela de Ingeniería y Arquitectura;IN;ESPAÑOL - B1 (Nivel intermedio);Holanda;Universiteit Twente (Holanda);1;0;25/08/2024
2023;ERASMUS;0711-Ingeniería química y procesos;Escuela de Ingeniería y Arquitectura;IN;ESPAÑOL - B1 (Nivel intermedio);Holanda;Technische Universiteit Eindhoven (Holanda);2;0;25/08/2024
2023;ERASMUS;0711-Ingeniería química y procesos;Escuela de Ingeniería y Arquitectura;IN;ESPAÑOL - B1 (Nivel intermedio);Hungría;Budapest University Of Technology And Economics (Hungría);2;0;25/08/2024
2023;ERASMUS;0711-Ingeniería química y procesos;Escuela de Ingeniería y Arquitectura;IN;ESPAÑOL - B1 (Nivel intermedio);Italia;Politecnico Di Torino (Italia);2;0;25/08/2024
2023;ERASMUS;0711-Ingeniería química y procesos;Escuela de Ingeniería y Arquitectura;IN;ESPAÑOL - B1 (Nivel intermedio);Italia;Università Degli Studi Di Genova (Italia);3;0;25/08/2024
2023;ERASMUS;0711-Ingeniería química y procesos;Escuela de Ingeniería y Arquitectura;IN;ESPAÑOL - B1 (Nivel intermedio);Italia;Università Degli Studi Di L'Aquila (Italia);2;0;25/08/2024
2023;ERASMUS;0711-Ingeniería química y procesos;Escuela de Ingeniería y Arquitectura;IN;ESPAÑOL - B1 (Nivel intermedio);Italia;Università Degli Studi Di Roma 'La Sapienza' (Italia);2;0;25/08/2024
2023;ERASMUS;0711-Ingeniería química y procesos;Escuela de Ingeniería y Arquitectura;IN;ESPAÑOL - B1 (Nivel intermedio);Polonia;Uniwersytet Mikolaja Kopernika W Toruniu (Polonia);2;0;25/08/2024
2023;ERASMUS;0711-Ingeniería química y procesos;Escuela de Ingeniería y Arquitectura;IN;ESPAÑOL - B1 (Nivel intermedio);Portugal;Universidade De Aveiro (Portugal);2;0;25/08/2024
2023;ERASMUS;0711-Ingeniería química y procesos;Escuela de Ingeniería y Arquitectura;IN;ESPAÑOL - B1 (Nivel intermedio);Portugal;Universidade De Coimbra (Portugal);3;0;25/08/2024
2023;ERASMUS;0711-Ingeniería química y procesos;Escuela de Ingeniería y Arquitectura;IN;INGLÉS - B1 (Nivel intermedio);Dinamarca;Ålborg Universitet (Dinamarca);2;0;25/08/2024
2023;ERASMUS;0711-Ingeniería química y procesos;Escuela de Ingeniería y Arquitectura;IN;No Informado;Alemania;Technische Universität Clausthal (Alemania);1;0;25/08/2024
2023;ERASMUS;0711-Ingeniería química y procesos;Escuela de Ingeniería y Arquitectura;IN;No Informado;Francia;Université De Caen (Francia);1;0;25/08/2024
2023;ERASMUS;0711-Ingeniería química y procesos;Escuela de Ingeniería y Arquitectura;IN;No Informado;Italia;Università Degli Studi Di Napoli Federico Ii (Italia);1;0;25/08/2024
2023;ERASMUS;0711-Ingeniería química y procesos;Escuela de Ingeniería y Arquitectura;IN;No Informado;Italia;Università Degli Studi Di Salerno (Italia);2;0;25/08/2024
2023;ERASMUS;0711-Ingeniería química y procesos;Escuela de Ingeniería y Arquitectura;OUT;ALEMÁN - B1 (Nivel intermedio);Alemania;Technische Universität Clausthal (Alemania);1;0;25/08/2024
2023;ERASMUS;0711-Ingeniería química y procesos;Escuela de Ingeniería y Arquitectura;OUT;ALEMÁN - B1 (Nivel intermedio);Alemania;Technische Universität Carolo-Wilhelmina Zu Braunschweig (Alemania);2;0;25/08/2024
2023;ERASMUS;0711-Ingeniería química y procesos;Escuela de Ingeniería y Arquitectura;OUT;ALEMÁN - B1 (Nivel intermedio);Austria;Technische Universität Wien (Austria);1;0;25/08/2024
2023;ERASMUS;0711-Ingeniería química y procesos;Escuela de Ingeniería y Arquitectura;OUT;ALEMÁN - B2 (Nivel avanzado);Alemania;Georg-Simon-Ohm-Hochschule Nürnberg (Alemania);1;0;25/08/2024
2023;ERASMUS;0711-Ingeniería química y procesos;Escuela de Ingeniería y Arquitectura;OUT;ALEMÁN - B2 (Nivel avanzado);Austria;Technische Universität Graz (Austria);2;0;25/08/2024
2023;ERASMUS;0711-Ingeniería química y procesos;Escuela de Ingeniería y Arquitectura;OUT;FRANCÉS - B1 (Nivel intermedio);Francia;Université De Pau Et Des Pays De L'Adour (Francia);2;0;25/08/2024
2023;ERASMUS;0711-Ingeniería química y procesos;Escuela de Ingeniería y Arquitectura;OUT;FRANCÉS - B1 (Nivel intermedio);Francia;Université De Technologie De Compiegne (Francia);2;0;25/08/2024
2023;ERASMUS;0711-Ingeniería química y procesos;Escuela de Ingeniería y Arquitectura;OUT;FRANCÉS - B1 (Nivel intermedio);Francia;Université De Lorraine (Francia);2;0;25/08/2024
2023;ERASMUS;0711-Ingeniería química y procesos;Escuela de Ingeniería y Arquitectura;OUT;FRANCÉS - B2 (Nivel avanzado);Francia;Institut National Polytechnique De Toulouse (Francia);2;0;25/08/2024
2023;ERASMUS;0711-Ingeniería química y procesos;Escuela de Ingeniería y Arquitectura;OUT;INGLÉS - B1 (Nivel intermedio);Alemania;Hochschule Esslingen - University Of Applied Sciences (Alemania);1;0;25/08/2024
2023;ERASMUS;0711-Ingeniería química y procesos;Escuela de Ingeniería y Arquitectura;OUT;INGLÉS - B1 (Nivel intermedio);Italia;Università Degli Studi Di Napoli Federico Ii (Italia);1;0;25/08/2024
2023;ERASMUS;0711-Ingeniería química y procesos;Escuela de Ingeniería y Arquitectura;OUT;INGLÉS - B1 (Nivel intermedio);Italia;Università Degli Studi Di Genova (Italia);3;2;25/08/2024
2023;ERASMUS;0711-Ingeniería química y procesos;Escuela de Ingeniería y Arquitectura;OUT;INGLÉS - B1 (Nivel intermedio);Portugal;Universidade De Aveiro (Portugal);2;0;25/08/2024
2023;ERASMUS;0711-Ingeniería química y procesos;Escuela de Ingeniería y Arquitectura;OUT;INGLÉS - B1 (Nivel intermedio);Portugal;Universidade De Coimbra (Portugal);0;0;25/08/2024
2023;ERASMUS;0711-Ingeniería química y procesos;Escuela de Ingeniería y Arquitectura;OUT;INGLÉS - B2 (Nivel avanzado);Dinamarca;Syddansk Universitet (Dinamarca);1;0;25/08/2024
2023;ERASMUS;0711-Ingeniería química y procesos;Escuela de Ingeniería y Arquitectura;OUT;INGLÉS - B2 (Nivel avanzado);Finlandia;Lappeenrannan Teknillinen Yliopisto (Finlandia);2;0;25/08/2024
2023;ERASMUS;0711-Ingeniería química y procesos;Escuela de Ingeniería y Arquitectura;OUT;INGLÉS - B2 (Nivel avanzado);Hungría;Budapest University Of Technology And Economics (Hungría);2;1;25/08/2024
2023;ERASMUS;0711-Ingeniería química y procesos;Escuela de Ingeniería y Arquitectura;OUT;INGLÉS - B2 (Nivel avanzado);Italia;Università Degli Studi Di Salerno (Italia);2;0;25/08/2024
2023;ERASMUS;0711-Ingeniería química y procesos;Escuela de Ingeniería y Arquitectura;OUT;INGLÉS - B2 (Nivel avanzado);Italia;Politecnico Di Milano (Italia);2;1;25/08/2024
2023;ERASMUS;0711-Ingeniería química y procesos;Escuela de Ingeniería y Arquitectura;OUT;INGLÉS - B2 (Nivel avanzado);Portugal;Instituto Politecnico De Lisboa (Portugal);1;0;25/08/2024
2023;ERASMUS;0711-Ingeniería química y procesos;Escuela de Ingeniería y Arquitectura;OUT;INGLÉS - B2 (Nivel avanzado);Portugal;Universidade De Lisboa (Portugal);2;0;25/08/2024
2023;ERASMUS;0711-Ingeniería química y procesos;Escuela de Ingeniería y Arquitectura;OUT;INGLÉS - C1 (Nivel avanzado 1);Dinamarca;Ålborg Universitet (Dinamarca);2;0;25/08/2024
2023;ERASMUS;0711-Ingeniería química y procesos;Escuela de Ingeniería y Arquitectura;OUT;INGLÉS - C1 (Nivel avanzado 1);Holanda;Universiteit Twente (Holanda);1;0;25/08/2024
2023;ERASMUS;0711-Ingeniería química y procesos;Escuela de Ingeniería y Arquitectura;OUT;INGLÉS - C1 (Nivel avanzado 1);Holanda;Technische Universiteit Eindhoven (Holanda);2;2;25/08/2024
2023;ERASMUS;0711-Ingeniería química y procesos;Escuela de Ingeniería y Arquitectura;OUT;ITALIANO - B1 (Nivel intermedio);Italia;Politecnico Di Torino (Italia);2;0;25/08/2024
2023;ERASMUS;0711-Ingeniería química y procesos;Escuela de Ingeniería y Arquitectura;OUT;ITALIANO - B1 (Nivel intermedio);Italia;Università Degli Studi Di Bologna (Italia);2;1;25/08/2024
2023;ERASMUS;0711-Ingeniería química y procesos;Escuela de Ingeniería y Arquitectura;OUT;ITALIANO - B1 (Nivel intermedio);Italia;Università Degli Studi Di Roma 'La Sapienza' (Italia);2;1;25/08/2024
2023;ERASMUS;0711-Ingeniería química y procesos;Escuela de Ingeniería y Arquitectura;OUT;No Informado;Francia;Université De Caen (Francia);1;0;25/08/2024
2023;ERASMUS;0711-Ingeniería química y procesos;Escuela de Ingeniería y Arquitectura;OUT;No Informado;Italia;Università Degli Studi Di L'Aquila (Italia);2;0;25/08/2024
2023;ERASMUS;0711-Ingeniería química y procesos;Escuela de Ingeniería y Arquitectura;OUT;OTROS - B2 (Nivel avanzado);Polonia;Uniwersytet Mikolaja Kopernika W Toruniu (Polonia);2;0;25/08/2024
2023;ERASMUS;0711-Ingeniería química y procesos;Escuela de Ingeniería y Arquitectura;OUT;PORTUGUÉS - A2 (Nivel básico avanzado);Portugal;Universidade Nova De Lisboa (Portugal);4;0;25/08/2024
2023;ERASMUS;0711-Ingeniería química y procesos;Escuela de Ingeniería y Arquitectura;OUT;PORTUGUÉS - B1 (Nivel intermedio);Portugal;Instituto Politecnico De Lisboa (Portugal);1;1;25/08/2024
2023;ERASMUS;0711-Ingeniería química y procesos;Escuela de Ingeniería y Arquitectura;OUT;PORTUGUÉS - B1 (Nivel intermedio);Portugal;Universidade De Coimbra (Portugal);3;3;25/08/2024
2023;ERASMUS;0711-Ingeniería química y procesos;Escuela Politécnica Superior;IN;No Informado;Francia;Université D'Orléans (Francia);2;0;25/08/2024
2023;ERASMUS;0711-Ingeniería química y procesos;Escuela Politécnica Superior;OUT;INGLÉS - B1 (Nivel intermedio);Turquía;Ege University (Turquía);1;0;25/08/2024
2023;ERASMUS;0711-Ingeniería química y procesos;Escuela Politécnica Superior;OUT;INGLÉS - B2 (Nivel avanzado);Francia;Université D'Orléans (Francia);2;0;25/08/2024
2023;ERASMUS;0711-Ingeniería química y procesos;Facultad de Ciencias;IN;ESPAÑOL - B1 (Nivel intermedio);Holanda;Universiteit Twente (Holanda);5;0;25/08/2024
2023;ERASMUS;0711-Ingeniería química y procesos;Facultad de Ciencias;IN;No Informado;Holanda;Technische Universiteit Eindhoven (Holanda);3;0;25/08/2024
2023;ERASMUS;0711-Ingeniería química y procesos;Facultad de Veterinaria;IN;ESPAÑOL - B1 (Nivel intermedio);Italia;Università Degli Studi Di Salerno (Italia);1;0;25/08/2024
2023;ERASMUS;0713-Electricidad y energía;Escuela de Ingeniería y Arquitectura;IN;ESPAÑOL - B1 (Nivel intermedio);Alemania;Carl Von Ossietzky-Universität Oldenburg (Alemania);5;0;25/08/2024
2023;ERASMUS;0713-Electricidad y energía;Escuela de Ingeniería y Arquitectura;IN;ESPAÑOL - B1 (Nivel intermedio);Alemania;Hochschule Bremen (Alemania);2;0;25/08/2024
2023;ERASMUS;0713-Electricidad y energía;Escuela de Ingeniería y Arquitectura;IN;ESPAÑOL - B1 (Nivel intermedio);Alemania;Universität Karlsruhe (Th) (Alemania);4;0;25/08/2024
2023;ERASMUS;0713-Electricidad y energía;Escuela de Ingeniería y Arquitectura;IN;ESPAÑOL - B1 (Nivel intermedio);Alemania;Fachhochschule Kiel (Alemania);1;0;25/08/2024
2023;ERASMUS;0713-Electricidad y energía;Escuela de Ingeniería y Arquitectura;IN;ESPAÑOL - B1 (Nivel intermedio);Bélgica;Haute École Ephec (Bélgica);2;0;25/08/2024
2023;ERASMUS;0713-Electricidad y energía;Escuela de Ingeniería y Arquitectura;IN;ESPAÑOL - B1 (Nivel intermedio);Finlandia;Savonia University Of Applied Sciences (Finlandia);2;0;25/08/2024
2023;ERASMUS;0713-Electricidad y energía;Escuela de Ingeniería y Arquitectura;IN;ESPAÑOL - B1 (Nivel intermedio);Francia;Université D'Artois (Francia);1;0;25/08/2024
2023;ERASMUS;0713-Electricidad y energía;Escuela de Ingeniería y Arquitectura;IN;ESPAÑOL - B1 (Nivel intermedio);Francia;Université De Savoie Mont Blanc (Francia);2;0;25/08/2024
2023;ERASMUS;0713-Electricidad y energía;Escuela de Ingeniería y Arquitectura;IN;ESPAÑOL - B1 (Nivel intermedio);Francia;Université De Perpignan, Via Domitia (Francia);4;0;25/08/2024
2023;ERASMUS;0713-Electricidad y energía;Escuela de Ingeniería y Arquitectura;IN;ESPAÑOL - B1 (Nivel intermedio);Francia;Institut National Des Sciences Appliquees De Lyon (Francia);1;0;25/08/2024
2023;ERASMUS;0713-Electricidad y energía;Escuela de Ingeniería y Arquitectura;IN;ESPAÑOL - B1 (Nivel intermedio);Francia;Grenoble Inp Group (Grenoble Institute Of Technology) (Francia);2;0;25/08/2024
2023;ERASMUS;0713-Electricidad y energía;Escuela de Ingeniería y Arquitectura;IN;ESPAÑOL - B1 (Nivel intermedio);Francia;École Nationale Supérieure Des Mines De Paris (Francia);5;0;25/08/2024
2023;ERASMUS;0713-Electricidad y energía;Escuela de Ingeniería y Arquitectura;IN;ESPAÑOL - B1 (Nivel intermedio);Grecia;Ethniko Metsovio Polytechnio (Grecia);5;0;25/08/2024
2023;ERASMUS;0713-Electricidad y energía;Escuela de Ingeniería y Arquitectura;IN;ESPAÑOL - B1 (Nivel intermedio);Italia;Politecnico Di Torino (Italia);4;0;25/08/2024
2023;ERASMUS;0713-Electricidad y energía;Escuela de Ingeniería y Arquitectura;IN;ESPAÑOL - B1 (Nivel intermedio);Italia;Università Degli Studi Roma Tre (Italia);3;0;25/08/2024
2023;ERASMUS;0713-Electricidad y energía;Escuela de Ingeniería y Arquitectura;IN;ESPAÑOL - B1 (Nivel intermedio);Portugal;Universidade De Lisboa (Portugal);5;0;25/08/2024
2023;ERASMUS;0713-Electricidad y energía;Escuela de Ingeniería y Arquitectura;IN;ESPAÑOL - B1 (Nivel intermedio);Portugal;Universidade De Aveiro (Portugal);1;0;25/08/2024
2023;ERASMUS;0713-Electricidad y energía;Escuela de Ingeniería y Arquitectura;IN;ESPAÑOL - B1 (Nivel intermedio);Rumanía;Universitatea Aurel Vlaicu Din Arad (Rumanía);4;0;25/08/2024
2023;ERASMUS;0713-Electricidad y energía;Escuela de Ingeniería y Arquitectura;IN;ESPAÑOL - B1 (Nivel intermedio);Turquía;Düzce Universitesi (Turquía);1;0;25/08/2024
2023;ERASMUS;0713-Electricidad y energía;Escuela de Ingeniería y Arquitectura;IN;ESPAÑOL - B1 (Nivel intermedio);Turquía;Istanbul Aydin University (Turquía);2;0;25/08/2024
2023;ERASMUS;0713-Electricidad y energía;Escuela de Ingeniería y Arquitectura;IN;No Informado;Alemania;Hochschule Darmstadt (Alemania);2;0;25/08/2024
2023;ERASMUS;0713-Electricidad y energía;Escuela de Ingeniería y Arquitectura;IN;No Informado;Italia;Università Degli Studi Di Padova (Italia);2;0;25/08/2024
2023;ERASMUS;0713-Electricidad y energía;Escuela de Ingeniería y Arquitectura;IN;No Informado;Italia;Università Degli Studi Di Genova (Italia);1;0;25/08/2024
2023;ERASMUS;0713-Electricidad y energía;Escuela de Ingeniería y Arquitectura;OUT;ALEMÁN - B1 (Nivel intermedio);Alemania;Technische Universität Carolo-Wilhelmina Zu Braunschweig (Alemania);5;0;25/08/2024
2023;ERASMUS;0713-Electricidad y energía;Escuela de Ingeniería y Arquitectura;OUT;ALEMÁN - B1 (Nivel intermedio);Alemania;Universität Karlsruhe (Th) (Alemania);4;1;25/08/2024
2023;ERASMUS;0713-Electricidad y energía;Escuela de Ingeniería y Arquitectura;OUT;ALEMÁN - B1 (Nivel intermedio);Alemania;Fachhochschule Konstanz (Alemania);3;0;25/08/2024
2023;ERASMUS;0713-Electricidad y energía;Escuela de Ingeniería y Arquitectura;OUT;ALEMÁN - B1 (Nivel intermedio);Alemania;Hochschule Darmstadt (Alemania);2;0;25/08/2024
2023;ERASMUS;0713-Electricidad y energía;Escuela de Ingeniería y Arquitectura;OUT;FRANCÉS - B1 (Nivel intermedio);Bélgica;Haute École Ephec (Bélgica);2;0;25/08/2024
2023;ERASMUS;0713-Electricidad y energía;Escuela de Ingeniería y Arquitectura;OUT;FRANCÉS - B1 (Nivel intermedio);Francia;Université D'Artois (Francia);1;0;25/08/2024
2023;ERASMUS;0713-Electricidad y energía;Escuela de Ingeniería y Arquitectura;OUT;FRANCÉS - B1 (Nivel intermedio);Francia;Université De Perpignan, Via Domitia (Francia);4;0;25/08/2024
2023;ERASMUS;0713-Electricidad y energía;Escuela de Ingeniería y Arquitectura;OUT;FRANCÉS - B1 (Nivel intermedio);Francia;Institut National Polytechnique De Toulouse (Francia);2;0;25/08/2024
2023;ERASMUS;0713-Electricidad y energía;Escuela de Ingeniería y Arquitectura;OUT;FRANCÉS - B1 (Nivel intermedio);Francia;École Nationale Supérieure Des Mines De Paris (Francia);5;0;25/08/2024
2023;ERASMUS;0713-Electricidad y energía;Escuela de Ingeniería y Arquitectura;OUT;FRANCÉS - B1 (Nivel intermedio);Francia;Institut National Des Sciences Appliquees De Lyon (Francia);1;2;25/08/2024
2023;ERASMUS;0713-Electricidad y energía;Escuela de Ingeniería y Arquitectura;OUT;FRANCÉS - B2 (Nivel avanzado);Francia;Université De Savoie Mont Blanc (Francia);2;1;25/08/2024
2023;ERASMUS;0713-Electricidad y energía;Escuela de Ingeniería y Arquitectura;OUT;INGLÉS - B1 (Nivel intermedio);Francia;Grenoble Inp Group (Grenoble Institute Of Technology) (Francia);2;1;25/08/2024
2023;ERASMUS;0713-Electricidad y energía;Escuela de Ingeniería y Arquitectura;OUT;INGLÉS - B1 (Nivel intermedio);Italia;Università Degli Studi Di Padova (Italia);2;1;25/08/2024
2023;ERASMUS;0713-Electricidad y energía;Escuela de Ingeniería y Arquitectura;OUT;INGLÉS - B1 (Nivel intermedio);Italia;Università Degli Studi Di Bologna (Italia);2;1;25/08/2024
2023;ERASMUS;0713-Electricidad y energía;Escuela de Ingeniería y Arquitectura;OUT;INGLÉS - B1 (Nivel intermedio);Italia;Università Degli Studi Roma Tre (Italia);0;0;25/08/2024
2023;ERASMUS;0713-Electricidad y energía;Escuela de Ingeniería y Arquitectura;OUT;INGLÉS - B1 (Nivel intermedio);Italia;Politecnico Di Torino (Italia);0;0;25/08/2024
2023;ERASMUS;0713-Electricidad y energía;Escuela de Ingeniería y Arquitectura;OUT;INGLÉS - B1 (Nivel intermedio);Italia;Università Degli Studi Di Genova (Italia);1;0;25/08/2024
2023;ERASMUS;0713-Electricidad y energía;Escuela de Ingeniería y Arquitectura;OUT;INGLÉS - B1 (Nivel intermedio);Portugal;Universidade De Aveiro (Portugal);1;1;25/08/2024
2023;ERASMUS;0713-Electricidad y energía;Escuela de Ingeniería y Arquitectura;OUT;INGLÉS - B1 (Nivel intermedio);Reino Unido;Loughborough University (Reino Unido);3;0;25/08/2024
2023;ERASMUS;0713-Electricidad y energía;Escuela de Ingeniería y Arquitectura;OUT;INGLÉS - B1 (Nivel intermedio);Rumanía;Universitatea Aurel Vlaicu Din Arad (Rumanía);4;3;25/08/2024
2023;ERASMUS;0713-Electricidad y energía;Escuela de Ingeniería y Arquitectura;OUT;INGLÉS - B1 (Nivel intermedio);Suecia;Luleå Tekniska Universitet (Suecia);1;1;25/08/2024
2023;ERASMUS;0713-Electricidad y energía;Escuela de Ingeniería y Arquitectura;OUT;INGLÉS - B1 (Nivel intermedio);Turquía;Istanbul Aydin University (Turquía);2;1;25/08/2024
2023;ERASMUS;0713-Electricidad y energía;Escuela de Ingeniería y Arquitectura;OUT;INGLÉS - B2 (Nivel avanzado);Alemania;Carl Von Ossietzky-Universität Oldenburg (Alemania);5;0;25/08/2024
2023;ERASMUS;0713-Electricidad y energía;Escuela de Ingeniería y Arquitectura;OUT;INGLÉS - B2 (Nivel avanzado);Alemania;Fachhochschule Kiel (Alemania);1;1;25/08/2024
2023;ERASMUS;0713-Electricidad y energía;Escuela de Ingeniería y Arquitectura;OUT;INGLÉS - B2 (Nivel avanzado);Alemania;Hochschule Bremen (Alemania);0;0;25/08/2024
2023;ERASMUS;0713-Electricidad y energía;Escuela de Ingeniería y Arquitectura;OUT;INGLÉS - B2 (Nivel avanzado);Finlandia;Aalto-Yiopisto (Aalto-Korkeakoulusäätiö) (Finlandia);1;1;25/08/2024
2023;ERASMUS;0713-Electricidad y energía;Escuela de Ingeniería y Arquitectura;OUT;INGLÉS - B2 (Nivel avanzado);Finlandia;Savonia University Of Applied Sciences (Finlandia);2;5;25/08/2024
2023;ERASMUS;0713-Electricidad y energía;Escuela de Ingeniería y Arquitectura;OUT;INGLÉS - B2 (Nivel avanzado);Noruega;Norges Teknisk-Naturvitenskapelig Universitet (Noruega);1;1;25/08/2024
2023;ERASMUS;0713-Electricidad y energía;Escuela de Ingeniería y Arquitectura;OUT;INGLÉS - B2 (Nivel avanzado);Portugal;Universidade De Lisboa (Portugal);5;0;25/08/2024
2023;ERASMUS;0713-Electricidad y energía;Escuela de Ingeniería y Arquitectura;OUT;ITALIANO - B1 (Nivel intermedio);Italia;Politecnico Di Torino (Italia);4;1;25/08/2024
2023;ERASMUS;0713-Electricidad y energía;Escuela de Ingeniería y Arquitectura;OUT;ITALIANO - B1 (Nivel intermedio);Italia;Università Degli Studi Roma Tre (Italia);3;2;25/08/2024
2023;ERASMUS;0713-Electricidad y energía;Escuela de Ingeniería y Arquitectura;OUT;OTROS - B1 (Nivel intermedio);Grecia;Ethniko Metsovio Polytechnio (Grecia);5;0;25/08/2024
2023;ERASMUS;0713-Electricidad y energía;Escuela Universitaria Politécnica de Teruel;IN;ESPAÑOL - B1 (Nivel intermedio);Portugal;Instituto Politécnico De Castelo Branco (Portugal);3;0;25/08/2024
2023;ERASMUS;0713-Electricidad y energía;Escuela Universitaria Politécnica de Teruel;IN;ESPAÑOL - B1 (Nivel intermedio);Rumanía;Universitatea 'Valahia' Din Targoviste (Rumanía);2;0;25/08/2024
2023;ERASMUS;0713-Electricidad y energía;Escuela Universitaria Politécnica de Teruel;IN;ESPAÑOL - B1 (Nivel intermedio);Rumanía;Universitatea Constantin Brancursi Targu-Jiu (Rumanía);2;0;25/08/2024
2023;ERASMUS;0713-Electricidad y energía;Escuela Universitaria Politécnica de Teruel;IN;ESPAÑOL - B1 (Nivel intermedio);Rumanía;Universitatea Politehnica Din Bucuresti (Rumanía);2;0;25/08/2024
2023;ERASMUS;0713-Electricidad y energía;Escuela Universitaria Politécnica de Teruel;IN;INGLÉS - B1 (Nivel intermedio);Macedonia;Goce Delcev University (Macedonia);3;0;25/08/2024
2023;ERASMUS;0713-Electricidad y energía;Escuela Universitaria Politécnica de Teruel;OUT;INGLÉS - B1 (Nivel intermedio);Portugal;Instituto Politécnico De Castelo Branco (Portugal);3;0;25/08/2024
2023;ERASMUS;0713-Electricidad y energía;Escuela Universitaria Politécnica de Teruel;OUT;INGLÉS - B2 (Nivel avanzado);Rumanía;Universitatea Constantin Brancursi Targu-Jiu (Rumanía);2;0;25/08/2024
2023;ERASMUS;0713-Electricidad y energía;Escuela Universitaria Politécnica de Teruel;OUT;OTROS - B1 (Nivel intermedio);Macedonia;Goce Delcev University (Macedonia);3;0;25/08/2024
2023;ERASMUS;0713-Electricidad y energía;Escuela Universitaria Politécnica de Teruel;OUT;OTROS - B1 (Nivel intermedio);Rumanía;Universitatea Politehnica Din Bucuresti (Rumanía);0;0;25/08/2024
2023;ERASMUS;0713-Electricidad y energía;Escuela Universitaria Politécnica de Teruel;OUT;RUMANO - B1 (Nivel intermedio);Rumanía;Universitatea 'Valahia' Din Targoviste (Rumanía);2;0;25/08/2024
2023;ERASMUS;0713-Electricidad y energía;Escuela Universitaria Politécnica de Teruel;OUT;RUMANO - B1 (Nivel intermedio);Rumanía;Universitatea Politehnica Din Bucuresti (Rumanía);2;3;25/08/2024
2023;ERASMUS;0714-Electrónica y automatización;Escuela de Ingeniería y Arquitectura;IN;ESPAÑOL - B1 (Nivel intermedio);Alemania;Hochschule Für Technik Und Wirtschaft Dresden (Fh) (Alemania);2;0;25/08/2024
2023;ERASMUS;0714-Electrónica y automatización;Escuela de Ingeniería y Arquitectura;IN;ESPAÑOL - B1 (Nivel intermedio);Alemania;Universität Karlsruhe (Th) (Alemania);2;0;25/08/2024
2023;ERASMUS;0714-Electrónica y automatización;Escuela de Ingeniería y Arquitectura;IN;ESPAÑOL - B1 (Nivel intermedio);Alemania;Gottfried Wilhelm Leibniz Universität Hannover (Alemania);2;0;25/08/2024
2023;ERASMUS;0714-Electrónica y automatización;Escuela de Ingeniería y Arquitectura;IN;ESPAÑOL - B1 (Nivel intermedio);Alemania;Technische Universität Dresden (Alemania);2;0;25/08/2024
2023;ERASMUS;0714-Electrónica y automatización;Escuela de Ingeniería y Arquitectura;IN;ESPAÑOL - B1 (Nivel intermedio);Croacia;University Of Split (Croacia);2;0;25/08/2024
2023;ERASMUS;0714-Electrónica y automatización;Escuela de Ingeniería y Arquitectura;IN;ESPAÑOL - B1 (Nivel intermedio);Dinamarca;Syddansk Universitet (Dinamarca);1;0;25/08/2024
2023;ERASMUS;0714-Electrónica y automatización;Escuela de Ingeniería y Arquitectura;IN;ESPAÑOL - B1 (Nivel intermedio);Francia;Université De Bordeaux (Francia);2;0;25/08/2024
2023;ERASMUS;0714-Electrónica y automatización;Escuela de Ingeniería y Arquitectura;IN;ESPAÑOL - B1 (Nivel intermedio);Francia;Université De Rennes I (Francia);2;0;25/08/2024
2023;ERASMUS;0714-Electrónica y automatización;Escuela de Ingeniería y Arquitectura;IN;ESPAÑOL - B1 (Nivel intermedio);Francia;Université Sorbonne Paris Nord (Francia);1;0;25/08/2024
2023;ERASMUS;0714-Electrónica y automatización;Escuela de Ingeniería y Arquitectura;IN;ESPAÑOL - B1 (Nivel intermedio);Francia;Université De Pau Et Des Pays De L'Adour (Francia);4;0;25/08/2024
2023;ERASMUS;0714-Electrónica y automatización;Escuela de Ingeniería y Arquitectura;IN;ESPAÑOL - B1 (Nivel intermedio);Francia;École Française D'Electronique Et D'Informatique (Francia);0;0;25/08/2024
2023;ERASMUS;0714-Electrónica y automatización;Escuela de Ingeniería y Arquitectura;IN;ESPAÑOL - B1 (Nivel intermedio);Francia;École Nationale Supérieure De Techniques Avancées-Bretagne (Ensta) (Francia);2;0;25/08/2024
2023;ERASMUS;0714-Electrónica y automatización;Escuela de Ingeniería y Arquitectura;IN;ESPAÑOL - B1 (Nivel intermedio);Francia;Institut National Des Sciences Appliquées De Rennes (Francia);2;0;25/08/2024
2023;ERASMUS;0714-Electrónica y automatización;Escuela de Ingeniería y Arquitectura;IN;ESPAÑOL - B1 (Nivel intermedio);Francia;Université D'Artois (Francia);1;0;25/08/2024
2023;ERASMUS;0714-Electrónica y automatización;Escuela de Ingeniería y Arquitectura;IN;ESPAÑOL - B1 (Nivel intermedio);Francia;Télécom Paris Tech (Francia);2;0;25/08/2024
2023;ERASMUS;0714-Electrónica y automatización;Escuela de Ingeniería y Arquitectura;IN;ESPAÑOL - B1 (Nivel intermedio);Francia;Université Paul Sabatier - Toulouse Iii (Francia);2;0;25/08/2024
2023;ERASMUS;0714-Electrónica y automatización;Escuela de Ingeniería y Arquitectura;IN;ESPAÑOL - B1 (Nivel intermedio);Grecia;International Hellenic University (Grecia);2;0;25/08/2024
2023;ERASMUS;0714-Electrónica y automatización;Escuela de Ingeniería y Arquitectura;IN;ESPAÑOL - B1 (Nivel intermedio);Hungría;Óbudai Egyetem (Hungría);2;0;25/08/2024
2023;ERASMUS;0714-Electrónica y automatización;Escuela de Ingeniería y Arquitectura;IN;ESPAÑOL - B1 (Nivel intermedio);Irlanda (Eire);Galway Mayo Institute Of Technology (Irlanda (Eire));1;0;25/08/2024
2023;ERASMUS;0714-Electrónica y automatización;Escuela de Ingeniería y Arquitectura;IN;ESPAÑOL - B1 (Nivel intermedio);Lituania;Kaunas University Of Technology (Lituania);2;0;25/08/2024
2023;ERASMUS;0714-Electrónica y automatización;Escuela de Ingeniería y Arquitectura;IN;ESPAÑOL - B1 (Nivel intermedio);Portugal;Instituto Superior Politécnico De Viseu (Portugal);3;0;25/08/2024
2023;ERASMUS;0714-Electrónica y automatización;Escuela de Ingeniería y Arquitectura;IN;ESPAÑOL - B1 (Nivel intermedio);Rumanía;"Universitatea Tehnica ""Gheorghe Asachi"" Din Iasi (Rumanía)";3;0;25/08/2024
2023;ERASMUS;0714-Electrónica y automatización;Escuela de Ingeniería y Arquitectura;IN;ESPAÑOL - B1 (Nivel intermedio);Suecia;University Of Gävle (Suecia);4;0;25/08/2024
2023;ERASMUS;0714-Electrónica y automatización;Escuela de Ingeniería y Arquitectura;IN;FRANCÉS - B1 (Nivel intermedio);Francia;Institut National Des Sciences Appliquees De Lyon (Francia);2;0;25/08/2024
2023;ERASMUS;0714-Electrónica y automatización;Escuela de Ingeniería y Arquitectura;IN;No Informado;Italia;Università Degli Studi Di Salerno (Italia);3;0;25/08/2024
2023;ERASMUS;0714-Electrónica y automatización;Escuela de Ingeniería y Arquitectura;OUT;ALEMÁN - B1 (Nivel intermedio);Alemania;Technische Universität Carolo-Wilhelmina Zu Braunschweig (Alemania);2;0;25/08/2024
2023;ERASMUS;0714-Electrónica y automatización;Escuela de Ingeniería y Arquitectura;OUT;ALEMÁN - B1 (Nivel intermedio);Alemania;Universität Karlsruhe (Th) (Alemania);2;0;25/08/2024
2023;ERASMUS;0714-Electrónica y automatización;Escuela de Ingeniería y Arquitectura;OUT;ALEMÁN - B1 (Nivel intermedio);Alemania;Technische Universität Dresden (Alemania);3;0;25/08/2024
2023;ERASMUS;0714-Electrónica y automatización;Escuela de Ingeniería y Arquitectura;OUT;ALEMÁN - B1 (Nivel intermedio);Alemania;Hochschule Für Technik Und Wirtschaft Dresden (Fh) (Alemania);2;0;25/08/2024
2023;ERASMUS;0714-Electrónica y automatización;Escuela de Ingeniería y Arquitectura;OUT;ALEMÁN - B2 (Nivel avanzado);Alemania;Gottfried Wilhelm Leibniz Universität Hannover (Alemania);2;0;25/08/2024
2023;ERASMUS;0714-Electrónica y automatización;Escuela de Ingeniería y Arquitectura;OUT;FRANCÉS - B1 (Nivel intermedio);Francia;École Nationale Supérieure D´Ingenieurs De Caen (Francia);1;0;25/08/2024
2023;ERASMUS;0714-Electrónica y automatización;Escuela de Ingeniería y Arquitectura;OUT;FRANCÉS - B1 (Nivel intermedio);Francia;Institut National Des Sciences Appliquées De Rennes (Francia);1;0;25/08/2024
2023;ERASMUS;0714-Electrónica y automatización;Escuela de Ingeniería y Arquitectura;OUT;FRANCÉS - B1 (Nivel intermedio);Francia;Institut National Des Sciences Appliquées De Toulouse (Francia);4;0;25/08/2024
2023;ERASMUS;0714-Electrónica y automatización;Escuela de Ingeniería y Arquitectura;OUT;FRANCÉS - B1 (Nivel intermedio);Francia;Bordeaux Inp (Francia);3;0;25/08/2024
2023;ERASMUS;0714-Electrónica y automatización;Escuela de Ingeniería y Arquitectura;OUT;FRANCÉS - B1 (Nivel intermedio);Francia;Imt Atlantique (Francia);2;0;25/08/2024
2023;ERASMUS;0714-Electrónica y automatización;Escuela de Ingeniería y Arquitectura;OUT;FRANCÉS - B1 (Nivel intermedio);Francia;Imt Lille Douai (Francia);0;0;25/08/2024
2023;ERASMUS;0714-Electrónica y automatización;Escuela de Ingeniería y Arquitectura;OUT;FRANCÉS - B1 (Nivel intermedio);Francia;Centralesupélec (Francia);2;0;25/08/2024
2023;ERASMUS;0714-Electrónica y automatización;Escuela de Ingeniería y Arquitectura;OUT;FRANCÉS - B1 (Nivel intermedio);Francia;Telecom Sud Paris (Francia);2;1;25/08/2024
2023;ERASMUS;0714-Electrónica y automatización;Escuela de Ingeniería y Arquitectura;OUT;FRANCÉS - B1 (Nivel intermedio);Francia;Télécom Paris Tech (Francia);2;0;25/08/2024
2023;ERASMUS;0714-Electrónica y automatización;Escuela de Ingeniería y Arquitectura;OUT;FRANCÉS - B1 (Nivel intermedio);Francia;Université D'Artois (Francia);1;0;25/08/2024
2023;ERASMUS;0714-Electrónica y automatización;Escuela de Ingeniería y Arquitectura;OUT;FRANCÉS - B1 (Nivel intermedio);Francia;Université De Bordeaux (Francia);2;1;25/08/2024
2023;ERASMUS;0714-Electrónica y automatización;Escuela de Ingeniería y Arquitectura;OUT;FRANCÉS - B1 (Nivel intermedio);Francia;Université De Rennes I (Francia);2;0;25/08/2024
2023;ERASMUS;0714-Electrónica y automatización;Escuela de Ingeniería y Arquitectura;OUT;FRANCÉS - B1 (Nivel intermedio);Francia;Université Sorbonne Paris Nord (Francia);2;0;25/08/2024
2023;ERASMUS;0714-Electrónica y automatización;Escuela de Ingeniería y Arquitectura;OUT;FRANCÉS - B1 (Nivel intermedio);Francia;Université De Technologie De Compiegne (Francia);4;0;25/08/2024
2023;ERASMUS;0714-Electrónica y automatización;Escuela de Ingeniería y Arquitectura;OUT;FRANCÉS - B1 (Nivel intermedio);Francia;Université Paul Sabatier - Toulouse Iii (Francia);2;0;25/08/2024
2023;ERASMUS;0714-Electrónica y automatización;Escuela de Ingeniería y Arquitectura;OUT;FRANCÉS - B1 (Nivel intermedio);Francia;Institut National Polytechnique De Toulouse (Francia);3;0;25/08/2024
2023;ERASMUS;0714-Electrónica y automatización;Escuela de Ingeniería y Arquitectura;OUT;FRANCÉS - B1 (Nivel intermedio);Francia;Institut National Des Sciences Appliquees De Lyon (Francia);2;2;25/08/2024
2023;ERASMUS;0714-Electrónica y automatización;Escuela de Ingeniería y Arquitectura;OUT;INGLÉS - B1 (Nivel intermedio);Alemania;Hochschule Esslingen - University Of Applied Sciences (Alemania);1;0;25/08/2024
2023;ERASMUS;0714-Electrónica y automatización;Escuela de Ingeniería y Arquitectura;OUT;INGLÉS - B1 (Nivel intermedio);Francia;École Nationale Supérieure De Techniques Avancées-Bretagne (Ensta) (Francia);2;0;25/08/2024
2023;ERASMUS;0714-Electrónica y automatización;Escuela de Ingeniería y Arquitectura;OUT;INGLÉS - B1 (Nivel intermedio);Francia;École Française D'Electronique Et D'Informatique (Francia);0;0;25/08/2024
2023;ERASMUS;0714-Electrónica y automatización;Escuela de Ingeniería y Arquitectura;OUT;INGLÉS - B1 (Nivel intermedio);Francia;Université De Pau Et Des Pays De L'Adour (Francia);4;0;25/08/2024
2023;ERASMUS;0714-Electrónica y automatización;Escuela de Ingeniería y Arquitectura;OUT;INGLÉS - B1 (Nivel intermedio);Hungría;Óbudai Egyetem (Hungría);0;0;25/08/2024
2023;ERASMUS;0714-Electrónica y automatización;Escuela de Ingeniería y Arquitectura;OUT;INGLÉS - B1 (Nivel intermedio);Italia;Università Degli Studi Roma Tre (Italia);3;0;25/08/2024
2023;ERASMUS;0714-Electrónica y automatización;Escuela de Ingeniería y Arquitectura;OUT;INGLÉS - B1 (Nivel intermedio);Rumanía;"Universitatea Tehnica ""Gheorghe Asachi"" Din Iasi (Rumanía)";3;0;25/08/2024
2023;ERASMUS;0714-Electrónica y automatización;Escuela de Ingeniería y Arquitectura;OUT;INGLÉS - B1 (Nivel intermedio);Suecia;Chalmers Tekniska Högskola (Suecia);1;0;25/08/2024
2023;ERASMUS;0714-Electrónica y automatización;Escuela de Ingeniería y Arquitectura;OUT;INGLÉS - B2 (Nivel avanzado);Austria;Fh Salzburg Fachhochschulgesellschaft Mbh (Austria);2;0;25/08/2024
2023;ERASMUS;0714-Electrónica y automatización;Escuela de Ingeniería y Arquitectura;OUT;INGLÉS - B2 (Nivel avanzado);Dinamarca;Syddansk Universitet (Dinamarca);1;1;25/08/2024
2023;ERASMUS;0714-Electrónica y automatización;Escuela de Ingeniería y Arquitectura;OUT;INGLÉS - B2 (Nivel avanzado);Francia;Eurecom (Francia);2;0;25/08/2024
2023;ERASMUS;0714-Electrónica y automatización;Escuela de Ingeniería y Arquitectura;OUT;INGLÉS - B2 (Nivel avanzado);Francia;Grenoble Inp Group (Grenoble Institute Of Technology) (Francia);1;1;25/08/2024
2023;ERASMUS;0714-Electrónica y automatización;Escuela de Ingeniería y Arquitectura;OUT;INGLÉS - B2 (Nivel avanzado);Hungría;Óbudai Egyetem (Hungría);2;2;25/08/2024
2023;ERASMUS;0714-Electrónica y automatización;Escuela de Ingeniería y Arquitectura;OUT;INGLÉS - B2 (Nivel avanzado);Irlanda (Eire);Galway Mayo Institute Of Technology (Irlanda (Eire));1;0;25/08/2024
2023;ERASMUS;0714-Electrónica y automatización;Escuela de Ingeniería y Arquitectura;OUT;INGLÉS - B2 (Nivel avanzado);Lituania;Kaunas University Of Technology (Lituania);2;1;25/08/2024
2023;ERASMUS;0714-Electrónica y automatización;Escuela de Ingeniería y Arquitectura;OUT;INGLÉS - B2 (Nivel avanzado);República Checa;Vysoké Ucení Technické V Brne (República Checa);3;2;25/08/2024
2023;ERASMUS;0714-Electrónica y automatización;Escuela de Ingeniería y Arquitectura;OUT;INGLÉS - B2 (Nivel avanzado);Suecia;University Of Gävle (Suecia);4;0;25/08/2024
2023;ERASMUS;0714-Electrónica y automatización;Escuela de Ingeniería y Arquitectura;OUT;ITALIANO - A1 (Nivel básico);Italia;Università Degli Studi Di Salerno (Italia);2;0;25/08/2024
2023;ERASMUS;0714-Electrónica y automatización;Escuela de Ingeniería y Arquitectura;OUT;ITALIANO - B1 (Nivel intermedio);Italia;Politecnico Di Torino (Italia);2;1;25/08/2024
2023;ERASMUS;0714-Electrónica y automatización;Escuela de Ingeniería y Arquitectura;OUT;No Informado;Portugal;Instituto Superior Politécnico De Viseu (Portugal);3;2;25/08/2024
2023;ERASMUS;0714-Electrónica y automatización;Escuela de Ingeniería y Arquitectura;OUT;OTROS - B2 (Nivel avanzado);Croacia;University Of Split (Croacia);2;0;25/08/2024
2023;ERASMUS;0714-Electrónica y automatización;Escuela Universitaria Politécnica de la Almunia de Doña Godina;IN;ESPAÑOL - B1 (Nivel intermedio);Italia;Politecnico Di Bari (Italia);3;0;25/08/2024
2023;ERASMUS;0714-Electrónica y automatización;Escuela Universitaria Politécnica de la Almunia de Doña Godina;IN;ESPAÑOL - B1 (Nivel intermedio);Italia;Università Degli Studi Della Calabria (Italia);3;0;25/08/2024
2023;ERASMUS;0714-Electrónica y automatización;Escuela Universitaria Politécnica de la Almunia de Doña Godina;IN;ESPAÑOL - B1 (Nivel intermedio);Rumanía;Universitatea Tehnica Cluj-Napoca (Rumanía);3;0;25/08/2024
2023;ERASMUS;0714-Electrónica y automatización;Escuela Universitaria Politécnica de la Almunia de Doña Godina;IN;ESPAÑOL - B1 (Nivel intermedio);Rumanía;Universitatea Constantin Brancursi Targu-Jiu (Rumanía);2;0;25/08/2024
2023;ERASMUS;0714-Electrónica y automatización;Escuela Universitaria Politécnica de la Almunia de Doña Godina;OUT;INGLÉS - B1 (Nivel intermedio);Rumanía;Universitatea Tehnica Cluj-Napoca (Rumanía);3;3;25/08/2024
2023;ERASMUS;0714-Electrónica y automatización;Escuela Universitaria Politécnica de la Almunia de Doña Godina;OUT;INGLÉS - B2 (Nivel avanzado);Rumanía;Universitatea Constantin Brancursi Targu-Jiu (Rumanía);2;0;25/08/2024
2023;ERASMUS;0714-Electrónica y automatización;Escuela Universitaria Politécnica de la Almunia de Doña Godina;OUT;ITALIANO - B1 (Nivel intermedio);Italia;Politecnico Di Bari (Italia);3;6;25/08/2024
2023;ERASMUS;0714-Electrónica y automatización;Escuela Universitaria Politécnica de la Almunia de Doña Godina;OUT;ITALIANO - B1 (Nivel intermedio);Italia;Università Degli Studi Della Calabria (Italia);3;1;25/08/2024
2023;ERASMUS;0714-Electrónica y automatización;Escuela Universitaria Politécnica de Teruel;IN;ESPAÑOL - B1 (Nivel intermedio);Alemania;Fachhochschule Bielefeld (Alemania);6;0;25/08/2024
2023;ERASMUS;0714-Electrónica y automatización;Escuela Universitaria Politécnica de Teruel;IN;ESPAÑOL - B1 (Nivel intermedio);Alemania;Hochschule Für Angewandte Wissenschaften Hamburg (Alemania);2;0;25/08/2024
2023;ERASMUS;0714-Electrónica y automatización;Escuela Universitaria Politécnica de Teruel;IN;ESPAÑOL - B1 (Nivel intermedio);Hungría;Óbudai Egyetem (Hungría);2;0;25/08/2024
2023;ERASMUS;0714-Electrónica y automatización;Escuela Universitaria Politécnica de Teruel;IN;ESPAÑOL - B1 (Nivel intermedio);Italia;Università Degli Studi Di Brescia (Italia);2;0;25/08/2024
2023;ERASMUS;0714-Electrónica y automatización;Escuela Universitaria Politécnica de Teruel;IN;ESPAÑOL - B1 (Nivel intermedio);Lituania;Kaunas University Of Technology (Lituania);1;0;25/08/2024
2023;ERASMUS;0714-Electrónica y automatización;Escuela Universitaria Politécnica de Teruel;IN;ESPAÑOL - B1 (Nivel intermedio);Portugal;Instituto Politécnico De Castelo Branco (Portugal);3;0;25/08/2024
2023;ERASMUS;0714-Electrónica y automatización;Escuela Universitaria Politécnica de Teruel;IN;ESPAÑOL - B1 (Nivel intermedio);Portugal;Universidade Da Beira Interior (Portugal);2;0;25/08/2024
2023;ERASMUS;0714-Electrónica y automatización;Escuela Universitaria Politécnica de Teruel;IN;ESPAÑOL - B1 (Nivel intermedio);Rumanía;Universitatea Politehnica Din Bucuresti (Rumanía);2;0;25/08/2024
2023;ERASMUS;0714-Electrónica y automatización;Escuela Universitaria Politécnica de Teruel;IN;ESPAÑOL - B1 (Nivel intermedio);Rumanía;Universitatea Constantin Brancursi Targu-Jiu (Rumanía);2;0;25/08/2024
2023;ERASMUS;0714-Electrónica y automatización;Escuela Universitaria Politécnica de Teruel;IN;ESPAÑOL - B1 (Nivel intermedio);Turquía;Okan University (Turquía);2;0;25/08/2024
2023;ERASMUS;0714-Electrónica y automatización;Escuela Universitaria Politécnica de Teruel;IN;ESPAÑOL - B1 (Nivel intermedio);Turquía;Istanbul Arel University (Turquía);2;0;25/08/2024
2023;ERASMUS;0714-Electrónica y automatización;Escuela Universitaria Politécnica de Teruel;IN;No Informado;Finlandia;Satakunnan Ammattikorkeakoulu (Finlandia);2;0;25/08/2024
2023;ERASMUS;0714-Electrónica y automatización;Escuela Universitaria Politécnica de Teruel;IN;No Informado;Grecia;Aristotelio Panepistimio Thessalonikis (Grecia);2;0;25/08/2024
2023;ERASMUS;0714-Electrónica y automatización;Escuela Universitaria Politécnica de Teruel;OUT;ALEMÁN - B1 (Nivel intermedio);Alemania;Hochschule Für Angewandte Wissenschaften Hamburg (Alemania);2;1;25/08/2024
2023;ERASMUS;0714-Electrónica y automatización;Escuela Universitaria Politécnica de Teruel;OUT;INGLÉS - B1 (Nivel intermedio);Alemania;Fachhochschule Bielefeld (Alemania);6;0;25/08/2024
2023;ERASMUS;0714-Electrónica y automatización;Escuela Universitaria Politécnica de Teruel;OUT;INGLÉS - B1 (Nivel intermedio);Finlandia;Satakunnan Ammattikorkeakoulu (Finlandia);2;0;25/08/2024
2023;ERASMUS;0714-Electrónica y automatización;Escuela Universitaria Politécnica de Teruel;OUT;INGLÉS - B1 (Nivel intermedio);Grecia;Aristotelio Panepistimio Thessalonikis (Grecia);2;0;25/08/2024
2023;ERASMUS;0714-Electrónica y automatización;Escuela Universitaria Politécnica de Teruel;OUT;INGLÉS - B1 (Nivel intermedio);Hungría;Óbudai Egyetem (Hungría);2;1;25/08/2024
2023;ERASMUS;0714-Electrónica y automatización;Escuela Universitaria Politécnica de Teruel;OUT;INGLÉS - B1 (Nivel intermedio);Portugal;Instituto Politécnico De Castelo Branco (Portugal);3;0;25/08/2024
2023;ERASMUS;0714-Electrónica y automatización;Escuela Universitaria Politécnica de Teruel;OUT;INGLÉS - B1 (Nivel intermedio);Turquía;Okan University (Turquía);2;0;25/08/2024
2023;ERASMUS;0714-Electrónica y automatización;Escuela Universitaria Politécnica de Teruel;OUT;INGLÉS - B2 (Nivel avanzado);Lituania;Kaunas University Of Technology (Lituania);2;1;25/08/2024
2023;ERASMUS;0714-Electrónica y automatización;Escuela Universitaria Politécnica de Teruel;OUT;INGLÉS - B2 (Nivel avanzado);Rumanía;Universitatea Constantin Brancursi Targu-Jiu (Rumanía);2;0;25/08/2024
2023;ERASMUS;0714-Electrónica y automatización;Escuela Universitaria Politécnica de Teruel;OUT;ITALIANO - B1 (Nivel intermedio);Italia;Università Degli Studi Di Brescia (Italia);2;0;25/08/2024
2023;ERASMUS;0714-Electrónica y automatización;Escuela Universitaria Politécnica de Teruel;OUT;OTROS - B1 (Nivel intermedio);Turquía;Istanbul Arel University (Turquía);2;0;25/08/2024
2023;ERASMUS;0714-Electrónica y automatización;Escuela Universitaria Politécnica de Teruel;OUT;PORTUGUÉS - B1 (Nivel intermedio);Portugal;Universidade Da Beira Interior (Portugal);2;1;25/08/2024
2023;ERASMUS;0714-Electrónica y automatización;Escuela Universitaria Politécnica de Teruel;OUT;RUMANO - B1 (Nivel intermedio);Rumanía;Universitatea Politehnica Din Bucuresti (Rumanía);2;3;25/08/2024
2023;ERASMUS;0715-Mecánica y metalurgia;Escuela de Ingeniería y Arquitectura;IN;ESPAÑOL - B1 (Nivel intermedio);Alemania;Technische Universität Dresden (Alemania);2;0;25/08/2024
2023;ERASMUS;0715-Mecánica y metalurgia;Escuela de Ingeniería y Arquitectura;IN;ESPAÑOL - B1 (Nivel intermedio);Alemania;Georg-Simon-Ohm-Hochschule Nürnberg (Alemania);1;0;25/08/2024
2023;ERASMUS;0715-Mecánica y metalurgia;Escuela de Ingeniería y Arquitectura;IN;ESPAÑOL - B1 (Nivel intermedio);Alemania;Hochschule Für Technik Und Wirtschaft Berlin (Alemania);2;0;25/08/2024
2023;ERASMUS;0715-Mecánica y metalurgia;Escuela de Ingeniería y Arquitectura;IN;ESPAÑOL - B1 (Nivel intermedio);Alemania;Rheinisch-Westfälische Technische Hochschule Aachen (Alemania);5;0;25/08/2024
2023;ERASMUS;0715-Mecánica y metalurgia;Escuela de Ingeniería y Arquitectura;IN;ESPAÑOL - B1 (Nivel intermedio);Finlandia;Lappeenrannan Teknillinen Yliopisto (Finlandia);1;0;25/08/2024
2023;ERASMUS;0715-Mecánica y metalurgia;Escuela de Ingeniería y Arquitectura;IN;ESPAÑOL - B1 (Nivel intermedio);Finlandia;Savonia University Of Applied Sciences (Finlandia);2;0;25/08/2024
2023;ERASMUS;0715-Mecánica y metalurgia;Escuela de Ingeniería y Arquitectura;IN;ESPAÑOL - B1 (Nivel intermedio);Francia;Université D'Artois (Francia);1;0;25/08/2024
2023;ERASMUS;0715-Mecánica y metalurgia;Escuela de Ingeniería y Arquitectura;IN;ESPAÑOL - B1 (Nivel intermedio);Francia;École Nationale Supérieure Des Mines De Douai (Francia);2;0;25/08/2024
2023;ERASMUS;0715-Mecánica y metalurgia;Escuela de Ingeniería y Arquitectura;IN;ESPAÑOL - B1 (Nivel intermedio);Francia;Université De Technologie De Belfort-Montbeliard (Francia);2;0;25/08/2024
2023;ERASMUS;0715-Mecánica y metalurgia;Escuela de Ingeniería y Arquitectura;IN;ESPAÑOL - B1 (Nivel intermedio);Francia;Institut National Des Sciences Appliquées De Rouen (Francia);2;0;25/08/2024
2023;ERASMUS;0715-Mecánica y metalurgia;Escuela de Ingeniería y Arquitectura;IN;ESPAÑOL - B1 (Nivel intermedio);Hungría;Budapest University Of Technology And Economics (Hungría);3;0;25/08/2024
2023;ERASMUS;0715-Mecánica y metalurgia;Escuela de Ingeniería y Arquitectura;IN;ESPAÑOL - B1 (Nivel intermedio);Italia;Università Degli Studi Di Palermo (Italia);3;0;25/08/2024
2023;ERASMUS;0715-Mecánica y metalurgia;Escuela de Ingeniería y Arquitectura;IN;ESPAÑOL - B1 (Nivel intermedio);Italia;Università Politecnica Delle Marche (Italia);4;0;25/08/2024
2023;ERASMUS;0715-Mecánica y metalurgia;Escuela de Ingeniería y Arquitectura;IN;ESPAÑOL - B1 (Nivel intermedio);Italia;Politecnico Di Milano (Italia);4;0;25/08/2024
2023;ERASMUS;0715-Mecánica y metalurgia;Escuela de Ingeniería y Arquitectura;IN;ESPAÑOL - B1 (Nivel intermedio);Polonia;Politechnika Warszawska (Polonia);4;0;25/08/2024
2023;ERASMUS;0715-Mecánica y metalurgia;Escuela de Ingeniería y Arquitectura;IN;ESPAÑOL - B1 (Nivel intermedio);Portugal;Universidade Do Porto (Portugal);2;0;25/08/2024
2023;ERASMUS;0715-Mecánica y metalurgia;Escuela de Ingeniería y Arquitectura;IN;ESPAÑOL - B1 (Nivel intermedio);Portugal;Instituto Superior Politécnico De Viseu (Portugal);3;0;25/08/2024
2023;ERASMUS;0715-Mecánica y metalurgia;Escuela de Ingeniería y Arquitectura;IN;ESPAÑOL - B1 (Nivel intermedio);Portugal;Universidade De Aveiro (Portugal);2;0;25/08/2024
2023;ERASMUS;0715-Mecánica y metalurgia;Escuela de Ingeniería y Arquitectura;IN;ESPAÑOL - B1 (Nivel intermedio);Turquía;Yildiz Teknik Üniversitesi (Turquía);1;0;25/08/2024
2023;ERASMUS;0715-Mecánica y metalurgia;Escuela de Ingeniería y Arquitectura;IN;ESPAÑOL - B1 (Nivel intermedio);Turquía;Kocaeli Universitesi (Turquía);2;0;25/08/2024
2023;ERASMUS;0715-Mecánica y metalurgia;Escuela de Ingeniería y Arquitectura;IN;INGLÉS - B1 (Nivel intermedio);Grecia;University Of Western Macedonia (Grecia);4;0;25/08/2024
2023;ERASMUS;0715-Mecánica y metalurgia;Escuela de Ingeniería y Arquitectura;IN;No Informado;Francia;Université Paul Sabatier - Toulouse Iii (Francia);3;0;25/08/2024
2023;ERASMUS;0715-Mecánica y metalurgia;Escuela de Ingeniería y Arquitectura;IN;No Informado;Italia;Università Degli Studi Di Genova (Italia);5;0;25/08/2024
2023;ERASMUS;0715-Mecánica y metalurgia;Escuela de Ingeniería y Arquitectura;OUT;ALEMÁN - B1 (Nivel intermedio);Alemania;Fachhochschule Konstanz (Alemania);2;0;25/08/2024
2023;ERASMUS;0715-Mecánica y metalurgia;Escuela de Ingeniería y Arquitectura;OUT;ALEMÁN - B1 (Nivel intermedio);Alemania;Technische Universitaet Dortmund (Tu Dortmund University) (Alemania);4;0;25/08/2024
2023;ERASMUS;0715-Mecánica y metalurgia;Escuela de Ingeniería y Arquitectura;OUT;ALEMÁN - B1 (Nivel intermedio);Alemania;Rheinisch-Westfälische Technische Hochschule Aachen (Alemania);6;6;25/08/2024
2023;ERASMUS;0715-Mecánica y metalurgia;Escuela de Ingeniería y Arquitectura;OUT;ALEMÁN - B1 (Nivel intermedio);Alemania;Universität Gesamthochschule Kassel (Alemania);4;0;25/08/2024
2023;ERASMUS;0715-Mecánica y metalurgia;Escuela de Ingeniería y Arquitectura;OUT;ALEMÁN - B1 (Nivel intermedio);Alemania;Technische Universität Carolo-Wilhelmina Zu Braunschweig (Alemania);5;0;25/08/2024
2023;ERASMUS;0715-Mecánica y metalurgia;Escuela de Ingeniería y Arquitectura;OUT;ALEMÁN - B1 (Nivel intermedio);Austria;Technische Universität Wien (Austria);3;3;25/08/2024
2023;ERASMUS;0715-Mecánica y metalurgia;Escuela de Ingeniería y Arquitectura;OUT;ALEMÁN - B2 (Nivel avanzado);Alemania;Hochschule Für Technik Und Wirtschaft Berlin (Alemania);2;2;25/08/2024
2023;ERASMUS;0715-Mecánica y metalurgia;Escuela de Ingeniería y Arquitectura;OUT;ALEMÁN - B2 (Nivel avanzado);Alemania;Georg-Simon-Ohm-Hochschule Nürnberg (Alemania);1;0;25/08/2024
2023;ERASMUS;0715-Mecánica y metalurgia;Escuela de Ingeniería y Arquitectura;OUT;FRANCÉS - B1 (Nivel intermedio);Bélgica;Université De Liege (Bélgica);2;1;25/08/2024
2023;ERASMUS;0715-Mecánica y metalurgia;Escuela de Ingeniería y Arquitectura;OUT;FRANCÉS - B1 (Nivel intermedio);Francia;Institut National Des Sciences Appliquées De Toulouse (Francia);8;0;25/08/2024
2023;ERASMUS;0715-Mecánica y metalurgia;Escuela de Ingeniería y Arquitectura;OUT;FRANCÉS - B1 (Nivel intermedio);Francia;Université D'Artois (Francia);1;0;25/08/2024
2023;ERASMUS;0715-Mecánica y metalurgia;Escuela de Ingeniería y Arquitectura;OUT;FRANCÉS - B1 (Nivel intermedio);Francia;Clermont Auvergne Inp (Francia);2;0;25/08/2024
2023;ERASMUS;0715-Mecánica y metalurgia;Escuela de Ingeniería y Arquitectura;OUT;FRANCÉS - B1 (Nivel intermedio);Francia;Université De Bordeaux I (Francia);2;0;25/08/2024
2023;ERASMUS;0715-Mecánica y metalurgia;Escuela de Ingeniería y Arquitectura;OUT;FRANCÉS - B1 (Nivel intermedio);Francia;University Of Technology Of Tarbes (Francia);4;0;25/08/2024
2023;ERASMUS;0715-Mecánica y metalurgia;Escuela de Ingeniería y Arquitectura;OUT;FRANCÉS - B1 (Nivel intermedio);Francia;Université De Technologie De Compiegne (Francia);3;0;25/08/2024
2023;ERASMUS;0715-Mecánica y metalurgia;Escuela de Ingeniería y Arquitectura;OUT;FRANCÉS - B1 (Nivel intermedio);Francia;Université Paul Sabatier - Toulouse Iii (Francia);3;0;25/08/2024
2023;ERASMUS;0715-Mecánica y metalurgia;Escuela de Ingeniería y Arquitectura;OUT;FRANCÉS - B1 (Nivel intermedio);Francia;Université De Pau Et Des Pays De L'Adour (Francia);4;0;25/08/2024
2023;ERASMUS;0715-Mecánica y metalurgia;Escuela de Ingeniería y Arquitectura;OUT;FRANCÉS - B1 (Nivel intermedio);Francia;Université Paris-Est Créteil Val De Marne (Francia);1;0;25/08/2024
2023;ERASMUS;0715-Mecánica y metalurgia;Escuela de Ingeniería y Arquitectura;OUT;FRANCÉS - B1 (Nivel intermedio);Francia;École Nationale Supérieure D'Arts Et Métiers (Francia);5;0;25/08/2024
2023;ERASMUS;0715-Mecánica y metalurgia;Escuela de Ingeniería y Arquitectura;OUT;FRANCÉS - B1 (Nivel intermedio);Francia;École Nationale Supérieure Des Mines De Paris (Francia);4;0;25/08/2024
2023;ERASMUS;0715-Mecánica y metalurgia;Escuela de Ingeniería y Arquitectura;OUT;FRANCÉS - B1 (Nivel intermedio);Francia;Institut National Des Sciences Appliquees De Lyon (Francia);2;2;25/08/2024
2023;ERASMUS;0715-Mecánica y metalurgia;Escuela de Ingeniería y Arquitectura;OUT;FRANCÉS - B1 (Nivel intermedio);Francia;Université De Technologie De Belfort-Montbeliard (Francia);4;0;25/08/2024
2023;ERASMUS;0715-Mecánica y metalurgia;Escuela de Ingeniería y Arquitectura;OUT;FRANCÉS - B1 (Nivel intermedio);Francia;Institut National Des Sciences Appliquées De Rouen (Francia);2;0;25/08/2024
2023;ERASMUS;0715-Mecánica y metalurgia;Escuela de Ingeniería y Arquitectura;OUT;FRANCÉS - B1 (Nivel intermedio);Francia;Institut National Des Sciences Appliquées De Rennes (Francia);1;0;25/08/2024
2023;ERASMUS;0715-Mecánica y metalurgia;Escuela de Ingeniería y Arquitectura;OUT;FRANCÉS - B2 (Nivel avanzado);Francia;École Nationale Supérieure Des Mines De Douai (Francia);2;0;25/08/2024
2023;ERASMUS;0715-Mecánica y metalurgia;Escuela de Ingeniería y Arquitectura;OUT;INGLÉS - B1 (Nivel intermedio);Alemania;Technische Universität Dresden (Alemania);2;1;25/08/2024
2023;ERASMUS;0715-Mecánica y metalurgia;Escuela de Ingeniería y Arquitectura;OUT;INGLÉS - B1 (Nivel intermedio);Bélgica;Université Libre De Bruxelles (Bélgica);5;0;25/08/2024
2023;ERASMUS;0715-Mecánica y metalurgia;Escuela de Ingeniería y Arquitectura;OUT;INGLÉS - B1 (Nivel intermedio);Finlandia;Lappeenrannan Teknillinen Yliopisto (Finlandia);0;0;25/08/2024
2023;ERASMUS;0715-Mecánica y metalurgia;Escuela de Ingeniería y Arquitectura;OUT;INGLÉS - B1 (Nivel intermedio);Italia;Università Politecnica Delle Marche (Italia);4;4;25/08/2024
2023;ERASMUS;0715-Mecánica y metalurgia;Escuela de Ingeniería y Arquitectura;OUT;INGLÉS - B1 (Nivel intermedio);Portugal;Universidade De Aveiro (Portugal);2;2;25/08/2024
2023;ERASMUS;0715-Mecánica y metalurgia;Escuela de Ingeniería y Arquitectura;OUT;INGLÉS - B1 (Nivel intermedio);Portugal;Instituto Politécnico De Viana Do Castelo (Portugal);2;2;25/08/2024
2023;ERASMUS;0715-Mecánica y metalurgia;Escuela de Ingeniería y Arquitectura;OUT;INGLÉS - B1 (Nivel intermedio);Rumanía;Universitatea Transilvania Din Brasov (Rumanía);2;2;25/08/2024
2023;ERASMUS;0715-Mecánica y metalurgia;Escuela de Ingeniería y Arquitectura;OUT;INGLÉS - B1 (Nivel intermedio);Suecia;Chalmers Tekniska Högskola (Suecia);1;0;25/08/2024
2023;ERASMUS;0715-Mecánica y metalurgia;Escuela de Ingeniería y Arquitectura;OUT;INGLÉS - B1 (Nivel intermedio);Suecia;Luleå Tekniska Universitet (Suecia);1;1;25/08/2024
2023;ERASMUS;0715-Mecánica y metalurgia;Escuela de Ingeniería y Arquitectura;OUT;INGLÉS - B1 (Nivel intermedio);Turquía;Kocaeli Universitesi (Turquía);2;0;25/08/2024
2023;ERASMUS;0715-Mecánica y metalurgia;Escuela de Ingeniería y Arquitectura;OUT;INGLÉS - B1 (Nivel intermedio);Turquía;Yildiz Teknik Üniversitesi (Turquía);2;1;25/08/2024
2023;ERASMUS;0715-Mecánica y metalurgia;Escuela de Ingeniería y Arquitectura;OUT;INGLÉS - B2 (Nivel avanzado);Austria;Technische Universität Graz (Austria);2;2;25/08/2024
2023;ERASMUS;0715-Mecánica y metalurgia;Escuela de Ingeniería y Arquitectura;OUT;INGLÉS - B2 (Nivel avanzado);Austria;Technische Universität Wien (Austria);0;0;25/08/2024
2023;ERASMUS;0715-Mecánica y metalurgia;Escuela de Ingeniería y Arquitectura;OUT;INGLÉS - B2 (Nivel avanzado);Finlandia;Savonia University Of Applied Sciences (Finlandia);2;5;25/08/2024
2023;ERASMUS;0715-Mecánica y metalurgia;Escuela de Ingeniería y Arquitectura;OUT;INGLÉS - B2 (Nivel avanzado);Finlandia;Lappeenrannan Teknillinen Yliopisto (Finlandia);1;0;25/08/2024
2023;ERASMUS;0715-Mecánica y metalurgia;Escuela de Ingeniería y Arquitectura;OUT;INGLÉS - B2 (Nivel avanzado);Hungría;Budapest University Of Technology And Economics (Hungría);3;2;25/08/2024
2023;ERASMUS;0715-Mecánica y metalurgia;Escuela de Ingeniería y Arquitectura;OUT;INGLÉS - B2 (Nivel avanzado);Irlanda (Eire);Galway Mayo Institute Of Technology (Irlanda (Eire));1;0;25/08/2024
2023;ERASMUS;0715-Mecánica y metalurgia;Escuela de Ingeniería y Arquitectura;OUT;INGLÉS - B2 (Nivel avanzado);Italia;Politecnico Di Milano (Italia);4;4;25/08/2024
2023;ERASMUS;0715-Mecánica y metalurgia;Escuela de Ingeniería y Arquitectura;OUT;INGLÉS - B2 (Nivel avanzado);Polonia;Politechnika Warszawska (Polonia);6;6;25/08/2024
2023;ERASMUS;0715-Mecánica y metalurgia;Escuela de Ingeniería y Arquitectura;OUT;INGLÉS - B2 (Nivel avanzado);Polonia;Politechnika Wroclawska (Polonia);2;1;25/08/2024
2023;ERASMUS;0715-Mecánica y metalurgia;Escuela de Ingeniería y Arquitectura;OUT;INGLÉS - B2 (Nivel avanzado);Polonia;Politechnika Slaska (Polonia);1;1;25/08/2024
2023;ERASMUS;0715-Mecánica y metalurgia;Escuela de Ingeniería y Arquitectura;OUT;INGLÉS - B2 (Nivel avanzado);Portugal;Universidade De Lisboa (Portugal);2;2;25/08/2024
2023;ERASMUS;0715-Mecánica y metalurgia;Escuela de Ingeniería y Arquitectura;OUT;INGLÉS - B2 (Nivel avanzado);Portugal;Instituto Politecnico De Lisboa (Portugal);0;0;25/08/2024
2023;ERASMUS;0715-Mecánica y metalurgia;Escuela de Ingeniería y Arquitectura;OUT;INGLÉS - B2 (Nivel avanzado);Suecia;Mälardalens Högskola (Suecia);2;1;25/08/2024
2023;ERASMUS;0715-Mecánica y metalurgia;Escuela de Ingeniería y Arquitectura;OUT;INGLÉS - C1 (Nivel avanzado 1);Dinamarca;Aarhus University School Of Engineering (Dinamarca);2;1;25/08/2024
2023;ERASMUS;0715-Mecánica y metalurgia;Escuela de Ingeniería y Arquitectura;OUT;ITALIANO - B1 (Nivel intermedio);Italia;Politecnico Di Torino (Italia);2;2;25/08/2024
2023;ERASMUS;0715-Mecánica y metalurgia;Escuela de Ingeniería y Arquitectura;OUT;ITALIANO - B1 (Nivel intermedio);Italia;Università Degli Studi Roma Tre (Italia);2;2;25/08/2024
2023;ERASMUS;0715-Mecánica y metalurgia;Escuela de Ingeniería y Arquitectura;OUT;ITALIANO - B1 (Nivel intermedio);Italia;Università Degli Studi Di Genova (Italia);5;4;25/08/2024
2023;ERASMUS;0715-Mecánica y metalurgia;Escuela de Ingeniería y Arquitectura;OUT;ITALIANO - B1 (Nivel intermedio);Italia;Università Degli Studi Di Palermo (Italia);3;2;25/08/2024
2023;ERASMUS;0715-Mecánica y metalurgia;Escuela de Ingeniería y Arquitectura;OUT;ITALIANO - B1 (Nivel intermedio);Italia;Università Degli Studi Di Roma 'La Sapienza' (Italia);2;2;25/08/2024
2023;ERASMUS;0715-Mecánica y metalurgia;Escuela de Ingeniería y Arquitectura;OUT;No Informado;Portugal;Universidade Do Minho (Portugal);4;2;25/08/2024
2023;ERASMUS;0715-Mecánica y metalurgia;Escuela de Ingeniería y Arquitectura;OUT;No Informado;Portugal;Instituto Superior Politécnico De Viseu (Portugal);3;3;25/08/2024
2023;ERASMUS;0715-Mecánica y metalurgia;Escuela de Ingeniería y Arquitectura;OUT;OTROS - B1 (Nivel intermedio);Grecia;University Of Western Macedonia (Grecia);4;2;25/08/2024
2023;ERASMUS;0715-Mecánica y metalurgia;Escuela de Ingeniería y Arquitectura;OUT;PORTUGUÉS - B1 (Nivel intermedio);Portugal;Instituto Politecnico De Lisboa (Portugal);1;1;25/08/2024
2023;ERASMUS;0715-Mecánica y metalurgia;Escuela de Ingeniería y Arquitectura;OUT;PORTUGUÉS - B2 (Nivel avanzado);Portugal;Universidade Do Porto (Portugal);4;2;25/08/2024
2023;ERASMUS;0715-Mecánica y metalurgia;Escuela Universitaria Politécnica de la Almunia de Doña Godina;IN;ESPAÑOL - B1 (Nivel intermedio);Italia;Università Degli Studi Della Calabria (Italia);3;0;25/08/2024
2023;ERASMUS;0715-Mecánica y metalurgia;Escuela Universitaria Politécnica de la Almunia de Doña Godina;IN;ESPAÑOL - B1 (Nivel intermedio);Portugal;Universidade Da Beira Interior (Portugal);2;0;25/08/2024
2023;ERASMUS;0715-Mecánica y metalurgia;Escuela Universitaria Politécnica de la Almunia de Doña Godina;IN;ESPAÑOL - B1 (Nivel intermedio);Rumanía;Universitatea Tehnica Cluj-Napoca (Rumanía);3;0;25/08/2024
2023;ERASMUS;0715-Mecánica y metalurgia;Escuela Universitaria Politécnica de la Almunia de Doña Godina;IN;No Informado;Dinamarca;Via University College (Dinamarca);3;0;25/08/2024
2023;ERASMUS;0715-Mecánica y metalurgia;Escuela Universitaria Politécnica de la Almunia de Doña Godina;OUT;INGLÉS - B1 (Nivel intermedio);Rumanía;Universitatea Tehnica Cluj-Napoca (Rumanía);3;3;25/08/2024
2023;ERASMUS;0715-Mecánica y metalurgia;Escuela Universitaria Politécnica de la Almunia de Doña Godina;OUT;ITALIANO - B1 (Nivel intermedio);Italia;Università Degli Studi Della Calabria (Italia);3;1;25/08/2024
2023;ERASMUS;0715-Mecánica y metalurgia;Escuela Universitaria Politécnica de la Almunia de Doña Godina;OUT;PORTUGUÉS - B1 (Nivel intermedio);Portugal;Universidade Da Beira Interior (Portugal);2;0;25/08/2024
2023;ERASMUS;0715-Mecánica y metalurgia;Escuela Universitaria Politécnica de Teruel;IN;ESPAÑOL - B1 (Nivel intermedio);Hungría;Óbudai Egyetem (Hungría);2;0;25/08/2024
2023;ERASMUS;0715-Mecánica y metalurgia;Escuela Universitaria Politécnica de Teruel;IN;ESPAÑOL - B1 (Nivel intermedio);Rumanía;Universitatea 'Valahia' Din Targoviste (Rumanía);2;0;25/08/2024
2023;ERASMUS;0715-Mecánica y metalurgia;Escuela Universitaria Politécnica de Teruel;IN;No Informado;Finlandia;Satakunnan Ammattikorkeakoulu (Finlandia);2;0;25/08/2024
2023;ERASMUS;0715-Mecánica y metalurgia;Escuela Universitaria Politécnica de Teruel;OUT;INGLÉS - B1 (Nivel intermedio);Finlandia;Satakunnan Ammattikorkeakoulu (Finlandia);2;0;25/08/2024
2023;ERASMUS;0715-Mecánica y metalurgia;Escuela Universitaria Politécnica de Teruel;OUT;INGLÉS - B1 (Nivel intermedio);Hungría;Óbudai Egyetem (Hungría);2;1;25/08/2024
2023;ERASMUS;0715-Mecánica y metalurgia;Escuela Universitaria Politécnica de Teruel;OUT;RUMANO - B1 (Nivel intermedio);Rumanía;Universitatea 'Valahia' Din Targoviste (Rumanía);2;0;25/08/2024
2023;ERASMUS;0715-Mecánica y metalurgia;Facultad de Ciencias;IN;No Informado;Rumanía;Vasile Alecsandri University Of Bacau (Rumanía);0;0;25/08/2024
2023;ERASMUS;0719-Ingeniería y ramas de ingeniería (otras);Escuela de Ingeniería y Arquitectura;IN;ESPAÑOL - B1 (Nivel intermedio);Francia;Grenoble Inp Group (Grenoble Institute Of Technology) (Francia);4;0;25/08/2024
2023;ERASMUS;0719-Ingeniería y ramas de ingeniería (otras);Escuela de Ingeniería y Arquitectura;IN;ESPAÑOL - B1 (Nivel intermedio);Italia;Politecnico Di Milano (Italia);2;0;25/08/2024
2023;ERASMUS;0719-Ingeniería y ramas de ingeniería (otras);Escuela de Ingeniería y Arquitectura;IN;ESPAÑOL - B1 (Nivel intermedio);Italia;Università Degli Studi Di Trieste (Italia);2;0;25/08/2024
2023;ERASMUS;0719-Ingeniería y ramas de ingeniería (otras);Escuela de Ingeniería y Arquitectura;IN;ESPAÑOL - B1 (Nivel intermedio);Italia;Università Degli Studi Di Pavia (Italia);2;0;25/08/2024
2023;ERASMUS;0719-Ingeniería y ramas de ingeniería (otras);Escuela de Ingeniería y Arquitectura;IN;ESPAÑOL - B1 (Nivel intermedio);Portugal;Instituto Politecnico De Lisboa (Portugal);4;0;25/08/2024
2023;ERASMUS;0719-Ingeniería y ramas de ingeniería (otras);Escuela de Ingeniería y Arquitectura;IN;No Informado;Italia;Università Degli Studi Di Napoli Federico Ii (Italia);2;0;25/08/2024
2023;ERASMUS;0719-Ingeniería y ramas de ingeniería (otras);Escuela de Ingeniería y Arquitectura;IN;No Informado;Turquía;Sinop Universitesi (Sinop University) (Turquía);0;0;25/08/2024
2023;ERASMUS;0719-Ingeniería y ramas de ingeniería (otras);Escuela de Ingeniería y Arquitectura;OUT;ALEMÁN - A2 (Nivel básico avanzado);Alemania;Technische Universität Berlin (Alemania);0;0;25/08/2024
2023;ERASMUS;0719-Ingeniería y ramas de ingeniería (otras);Escuela de Ingeniería y Arquitectura;OUT;ALEMÁN - B1 (Nivel intermedio);Alemania;Technische Universität Berlin (Alemania);3;0;25/08/2024
2023;ERASMUS;0719-Ingeniería y ramas de ingeniería (otras);Escuela de Ingeniería y Arquitectura;OUT;FRANCÉS - B1 (Nivel intermedio);Francia;Grenoble Inp Group (Grenoble Institute Of Technology) (Francia);4;1;25/08/2024
2023;ERASMUS;0719-Ingeniería y ramas de ingeniería (otras);Escuela de Ingeniería y Arquitectura;OUT;INGLÉS - B1 (Nivel intermedio);Italia;Università Degli Studi Di Pavia (Italia);2;0;25/08/2024
2023;ERASMUS;0719-Ingeniería y ramas de ingeniería (otras);Escuela de Ingeniería y Arquitectura;OUT;INGLÉS - B2 (Nivel avanzado);Italia;Politecnico Di Milano (Italia);0;0;25/08/2024
2023;ERASMUS;0719-Ingeniería y ramas de ingeniería (otras);Escuela de Ingeniería y Arquitectura;OUT;ITALIANO - A2 (Nivel básico avanzado);Italia;Università Degli Studi Di Padova (Italia);3;2;25/08/2024
2023;ERASMUS;0719-Ingeniería y ramas de ingeniería (otras);Escuela de Ingeniería y Arquitectura;OUT;ITALIANO - B1 (Nivel intermedio);Italia;Università Degli Studi Di Trieste (Italia);2;2;25/08/2024
2023;ERASMUS;0719-Ingeniería y ramas de ingeniería (otras);Escuela de Ingeniería y Arquitectura;OUT;ITALIANO - B1 (Nivel intermedio);Italia;Politecnico Di Milano (Italia);2;0;25/08/2024
2023;ERASMUS;0719-Ingeniería y ramas de ingeniería (otras);Escuela de Ingeniería y Arquitectura;OUT;No Informado;Turquía;Sinop Universitesi (Sinop University) (Turquía);0;0;25/08/2024
2023;ERASMUS;0719-Ingeniería y ramas de ingeniería (otras);Escuela Universitaria Politécnica de la Almunia de Doña Godina;IN;ESPAÑOL - B1 (Nivel intermedio);Francia;Université De Pau Et Des Pays De L'Adour (Francia);8;0;25/08/2024
2023;ERASMUS;0719-Ingeniería y ramas de ingeniería (otras);Escuela Universitaria Politécnica de la Almunia de Doña Godina;IN;ESPAÑOL - B1 (Nivel intermedio);Francia;Imt Atlantique (Francia);4;0;25/08/2024
2023;ERASMUS;0719-Ingeniería y ramas de ingeniería (otras);Escuela Universitaria Politécnica de la Almunia de Doña Godina;IN;ESPAÑOL - B1 (Nivel intermedio);Holanda;Avans Hogeschool, University Of Applied Sciences (Holanda);1;0;25/08/2024
2023;ERASMUS;0719-Ingeniería y ramas de ingeniería (otras);Escuela Universitaria Politécnica de la Almunia de Doña Godina;IN;ESPAÑOL - B1 (Nivel intermedio);Italia;Politecnico Di Bari (Italia);4;0;25/08/2024
2023;ERASMUS;0719-Ingeniería y ramas de ingeniería (otras);Escuela Universitaria Politécnica de la Almunia de Doña Godina;IN;ESPAÑOL - B1 (Nivel intermedio);Italia;Università Degli Studi Di Roma 'La Sapienza' (Italia);4;0;25/08/2024
2023;ERASMUS;0719-Ingeniería y ramas de ingeniería (otras);Escuela Universitaria Politécnica de la Almunia de Doña Godina;IN;ESPAÑOL - B1 (Nivel intermedio);Italia;Università Degli Studi Della Calabria (Italia);3;0;25/08/2024
2023;ERASMUS;0719-Ingeniería y ramas de ingeniería (otras);Escuela Universitaria Politécnica de la Almunia de Doña Godina;IN;ESPAÑOL - B1 (Nivel intermedio);Portugal;Instituto Politécnico De Lairia (Portugal);3;0;25/08/2024
2023;ERASMUS;0719-Ingeniería y ramas de ingeniería (otras);Escuela Universitaria Politécnica de la Almunia de Doña Godina;IN;ESPAÑOL - B1 (Nivel intermedio);Portugal;Instituto Politécnico Da Guarda (Portugal);3;0;25/08/2024
2023;ERASMUS;0719-Ingeniería y ramas de ingeniería (otras);Escuela Universitaria Politécnica de la Almunia de Doña Godina;IN;ESPAÑOL - B1 (Nivel intermedio);Serbia;Subotica Tech-College Of Applied Sciences (Serbia);3;0;25/08/2024
2023;ERASMUS;0719-Ingeniería y ramas de ingeniería (otras);Escuela Universitaria Politécnica de la Almunia de Doña Godina;IN;ESPAÑOL - B1 (Nivel intermedio);Turquía;Karadeniz Technical University (Turquía);3;0;25/08/2024
2023;ERASMUS;0719-Ingeniería y ramas de ingeniería (otras);Escuela Universitaria Politécnica de la Almunia de Doña Godina;OUT;FRANCÉS - B1 (Nivel intermedio);Francia;Université De Pau Et Des Pays De L'Adour (Francia);8;0;25/08/2024
2023;ERASMUS;0719-Ingeniería y ramas de ingeniería (otras);Escuela Universitaria Politécnica de la Almunia de Doña Godina;OUT;FRANCÉS - B1 (Nivel intermedio);Francia;Imt Atlantique (Francia);4;0;25/08/2024
2023;ERASMUS;0719-Ingeniería y ramas de ingeniería (otras);Escuela Universitaria Politécnica de la Almunia de Doña Godina;OUT;INGLÉS - B1 (Nivel intermedio);Portugal;Instituto Politécnico Da Guarda (Portugal);2;0;25/08/2024
2023;ERASMUS;0719-Ingeniería y ramas de ingeniería (otras);Escuela Universitaria Politécnica de la Almunia de Doña Godina;OUT;INGLÉS - B2 (Nivel avanzado);Holanda;Avans Hogeschool, University Of Applied Sciences (Holanda);2;0;25/08/2024
2023;ERASMUS;0719-Ingeniería y ramas de ingeniería (otras);Escuela Universitaria Politécnica de la Almunia de Doña Godina;OUT;ITALIANO - B1 (Nivel intermedio);Italia;Politecnico Di Bari (Italia);4;6;25/08/2024
2023;ERASMUS;0719-Ingeniería y ramas de ingeniería (otras);Escuela Universitaria Politécnica de la Almunia de Doña Godina;OUT;ITALIANO - B1 (Nivel intermedio);Italia;Università Degli Studi Della Calabria (Italia);3;1;25/08/2024
2023;ERASMUS;0719-Ingeniería y ramas de ingeniería (otras);Escuela Universitaria Politécnica de la Almunia de Doña Godina;OUT;ITALIANO - B1 (Nivel intermedio);Italia;Università Degli Studi Di Roma 'La Sapienza' (Italia);4;5;25/08/2024
2023;ERASMUS;0719-Ingeniería y ramas de ingeniería (otras);Escuela Universitaria Politécnica de la Almunia de Doña Godina;OUT;OTROS - B1 (Nivel intermedio);Serbia;Subotica Tech-College Of Applied Sciences (Serbia);3;0;25/08/2024
2023;ERASMUS;0719-Ingeniería y ramas de ingeniería (otras);Escuela Universitaria Politécnica de la Almunia de Doña Godina;OUT;OTROS - B1 (Nivel intermedio);Turquía;Karadeniz Technical University (Turquía);3;1;25/08/2024
2023;ERASMUS;0719-Ingeniería y ramas de ingeniería (otras);Escuela Universitaria Politécnica de la Almunia de Doña Godina;OUT;PORTUGUÉS - B1 (Nivel intermedio);Portugal;Instituto Politécnico De Lairia (Portugal);3;0;25/08/2024
2023;ERASMUS;0719-Ingeniería y ramas de ingeniería (otras);Escuela Universitaria Politécnica de Teruel;IN;ESPAÑOL - B1 (Nivel intermedio);Portugal;Instituto Politécnico De Castelo Branco (Portugal);5;0;25/08/2024
2023;ERASMUS;0719-Ingeniería y ramas de ingeniería (otras);Escuela Universitaria Politécnica de Teruel;IN;INGLÉS - B1 (Nivel intermedio);Macedonia;Goce Delcev University (Macedonia);5;0;25/08/2024
2023;ERASMUS;0719-Ingeniería y ramas de ingeniería (otras);Escuela Universitaria Politécnica de Teruel;OUT;INGLÉS - B1 (Nivel intermedio);Portugal;Instituto Politécnico De Castelo Branco (Portugal);5;0;25/08/2024
2023;ERASMUS;0719-Ingeniería y ramas de ingeniería (otras);Escuela Universitaria Politécnica de Teruel;OUT;OTROS - B1 (Nivel intermedio);Macedonia;Goce Delcev University (Macedonia);5;0;25/08/2024
2023;ERASMUS;072-Fabricación y procesado;Escuela de Ingeniería y Arquitectura;OUT;INGLÉS - B2 (Nivel avanzado);Polonia;Politechnika Warszawska (Polonia);2;2;25/08/2024
2023;ERASMUS;0721-Procesado de alimentos;Escuela de Doctorado;OUT;INGLÉS - B1 (Nivel intermedio);Turquía;Middle East Technical University (Turquía);2;2;25/08/2024
2023;ERASMUS;0721-Procesado de alimentos;Escuela Politécnica Superior;IN;ESPAÑOL - B1 (Nivel intermedio);Francia;Institut Polytechnique Unilasalle (Francia);2;0;25/08/2024
2023;ERASMUS;0721-Procesado de alimentos;Escuela Politécnica Superior;OUT;FRANCÉS - B2 (Nivel avanzado);Francia;Institut Polytechnique Unilasalle (Francia);2;0;25/08/2024
2023;ERASMUS;0721-Procesado de alimentos;Facultad de Veterinaria;IN;ESPAÑOL - B1 (Nivel intermedio);Francia;Université De Bretagne Occidentale (Francia);3;0;25/08/2024
2023;ERASMUS;0721-Procesado de alimentos;Facultad de Veterinaria;IN;ESPAÑOL - B1 (Nivel intermedio);Francia;Agroparistech (Francia);2;0;25/08/2024
2023;ERASMUS;0721-Procesado de alimentos;Facultad de Veterinaria;IN;ESPAÑOL - B1 (Nivel intermedio);Francia;Bordeaux Inp (Francia);1;0;25/08/2024
2023;ERASMUS;0721-Procesado de alimentos;Facultad de Veterinaria;IN;ESPAÑOL - B1 (Nivel intermedio);Hungría;Debreceni Egyetem (Hungría);2;0;25/08/2024
2023;ERASMUS;0721-Procesado de alimentos;Facultad de Veterinaria;IN;ESPAÑOL - B1 (Nivel intermedio);Italia;Università Degli Studi Di Torino (Italia);2;0;25/08/2024
2023;ERASMUS;0721-Procesado de alimentos;Facultad de Veterinaria;IN;ESPAÑOL - B1 (Nivel intermedio);Italia;Università Degli Studi Di Napoli Federico Ii (Italia);2;0;25/08/2024
2023;ERASMUS;0721-Procesado de alimentos;Facultad de Veterinaria;IN;ESPAÑOL - B1 (Nivel intermedio);Italia;Università Degli Studi Di Bologna (Italia);4;0;25/08/2024
2023;ERASMUS;0721-Procesado de alimentos;Facultad de Veterinaria;IN;ESPAÑOL - B1 (Nivel intermedio);Polonia;Szkola Glowna Gospodarstwa Wiejskiego (Polonia);2;0;25/08/2024
2023;ERASMUS;0721-Procesado de alimentos;Facultad de Veterinaria;IN;ESPAÑOL - B1 (Nivel intermedio);Turquía;Middle East Technical University (Turquía);2;0;25/08/2024
2023;ERASMUS;0721-Procesado de alimentos;Facultad de Veterinaria;IN;No Informado;Turquía;Adnan Menderes University (Turquía);2;0;25/08/2024
2023;ERASMUS;0721-Procesado de alimentos;Facultad de Veterinaria;OUT;FRANCÉS - B1 (Nivel intermedio);Francia;Bordeaux Inp (Francia);1;1;25/08/2024
2023;ERASMUS;0721-Procesado de alimentos;Facultad de Veterinaria;OUT;FRANCÉS - B2 (Nivel avanzado);Francia;Université De Bretagne Occidentale (Francia);3;0;25/08/2024
2023;ERASMUS;0721-Procesado de alimentos;Facultad de Veterinaria;OUT;FRANCÉS - B2 (Nivel avanzado);Francia;Agroparistech (Francia);2;1;25/08/2024
2023;ERASMUS;0721-Procesado de alimentos;Facultad de Veterinaria;OUT;INGLÉS - B1 (Nivel intermedio);Turquía;Middle East Technical University (Turquía);2;2;25/08/2024
2023;ERASMUS;0721-Procesado de alimentos;Facultad de Veterinaria;OUT;INGLÉS - B2 (Nivel avanzado);Polonia;Szkola Glowna Gospodarstwa Wiejskiego (Polonia);2;3;25/08/2024
2023;ERASMUS;0721-Procesado de alimentos;Facultad de Veterinaria;OUT;INGLÉS - B2 (Nivel avanzado);Turquía;Adnan Menderes University (Turquía);2;0;25/08/2024
2023;ERASMUS;0721-Procesado de alimentos;Facultad de Veterinaria;OUT;ITALIANO - A2 (Nivel básico avanzado);Italia;Università Degli Studi Di Bologna (Italia);4;4;25/08/2024
2023;ERASMUS;0721-Procesado de alimentos;Facultad de Veterinaria;OUT;ITALIANO - B1 (Nivel intermedio);Italia;Università Degli Studi Di Salerno (Italia);1;0;25/08/2024
2023;ERASMUS;0721-Procesado de alimentos;Facultad de Veterinaria;OUT;ITALIANO - B1 (Nivel intermedio);Italia;Università Degli Studi Di Torino (Italia);2;0;25/08/2024
2023;ERASMUS;0721-Procesado de alimentos;Facultad de Veterinaria;OUT;ITALIANO - B1 (Nivel intermedio);Italia;Università Degli Studi Di Napoli Federico Ii (Italia);2;2;25/08/2024
2023;ERASMUS;0721-Procesado de alimentos;Facultad de Veterinaria;OUT;OTROS - B1 (Nivel intermedio);Hungría;Debreceni Egyetem (Hungría);2;2;25/08/2024
2023;ERASMUS;0722-Materiales (cristal, papel, plástico y madera);Escuela de Ingeniería y Arquitectura;IN;ESPAÑOL - B1 (Nivel intermedio);Francia;Université De Caen (Francia);1;0;25/08/2024
2023;ERASMUS;0722-Materiales (cristal, papel, plástico y madera);Escuela de Ingeniería y Arquitectura;IN;ESPAÑOL - B1 (Nivel intermedio);Francia;Institut National Des Sciences Appliquees De Lyon (Francia);2;0;25/08/2024
2023;ERASMUS;0722-Materiales (cristal, papel, plástico y madera);Escuela de Ingeniería y Arquitectura;IN;No Informado;Francia;Institut National Des Sciences Appliquées De Rennes (Francia);1;0;25/08/2024
2023;ERASMUS;0722-Materiales (cristal, papel, plástico y madera);Escuela de Ingeniería y Arquitectura;IN;No Informado;Portugal;Universidade De Aveiro (Portugal);2;0;25/08/2024
2023;ERASMUS;0722-Materiales (cristal, papel, plástico y madera);Escuela de Ingeniería y Arquitectura;OUT;ALEMÁN - B1 (Nivel intermedio);Alemania;Technische Universität Carolo-Wilhelmina Zu Braunschweig (Alemania);1;0;25/08/2024
2023;ERASMUS;0722-Materiales (cristal, papel, plástico y madera);Escuela de Ingeniería y Arquitectura;OUT;FRANCÉS - B1 (Nivel intermedio);Francia;Université De Caen (Francia);1;0;25/08/2024
2023;ERASMUS;0722-Materiales (cristal, papel, plástico y madera);Escuela de Ingeniería y Arquitectura;OUT;PORTUGUÉS - B1 (Nivel intermedio);Portugal;Universidade De Aveiro (Portugal);0;0;25/08/2024
2023;ERASMUS;073-Arquitectura y construción;Escuela de Ingeniería y Arquitectura;IN;ESPAÑOL - B1 (Nivel intermedio);Alemania;Universität Karlsruhe (Th) (Alemania);2;0;25/08/2024
2023;ERASMUS;073-Arquitectura y construción;Escuela de Ingeniería y Arquitectura;IN;ESPAÑOL - B1 (Nivel intermedio);Italia;Politecnico Di Bari (Italia);2;0;25/08/2024
2023;ERASMUS;073-Arquitectura y construción;Escuela de Ingeniería y Arquitectura;IN;ESPAÑOL - B1 (Nivel intermedio);Portugal;Universidade Do Porto (Portugal);2;0;25/08/2024
2023;ERASMUS;073-Arquitectura y construción;Escuela de Ingeniería y Arquitectura;IN;No Informado;Italia;Università Degli Studi Di Cagliari (Italia);2;0;25/08/2024
2023;ERASMUS;073-Arquitectura y construción;Escuela de Ingeniería y Arquitectura;OUT;ALEMÁN - B1 (Nivel intermedio);Alemania;Universität Karlsruhe (Th) (Alemania);2;0;25/08/2024
2023;ERASMUS;073-Arquitectura y construción;Escuela de Ingeniería y Arquitectura;OUT;INGLÉS - B1 (Nivel intermedio);Italia;Università Degli Studi Di Cagliari (Italia);2;2;25/08/2024
2023;ERASMUS;073-Arquitectura y construción;Escuela de Ingeniería y Arquitectura;OUT;ITALIANO - B1 (Nivel intermedio);Italia;Politecnico Di Bari (Italia);2;2;25/08/2024
2023;ERASMUS;073-Arquitectura y construción;Escuela de Ingeniería y Arquitectura;OUT;No Informado;Italia;Università Degli Studi Di Sassari (Italia);2;1;25/08/2024
2023;ERASMUS;073-Arquitectura y construción;Escuela de Ingeniería y Arquitectura;OUT;No Informado;Italia;Università Degli Studi Di Napoli Federico Ii (Italia);2;2;25/08/2024
2023;ERASMUS;073-Arquitectura y construción;Escuela de Ingeniería y Arquitectura;OUT;No Informado;Portugal;Universidade Do Porto (Portugal);2;2;25/08/2024
2023;ERASMUS;073-Arquitectura y construción;Escuela Universitaria Politécnica de la Almunia de Doña Godina;IN;ESPAÑOL - B1 (Nivel intermedio);Francia;Université De Pau Et Des Pays De L'Adour (Francia);3;0;25/08/2024
2023;ERASMUS;073-Arquitectura y construción;Escuela Universitaria Politécnica de la Almunia de Doña Godina;IN;ESPAÑOL - B1 (Nivel intermedio);Italia;Università Degli Studi Della Calabria (Italia);12;0;25/08/2024
2023;ERASMUS;073-Arquitectura y construción;Escuela Universitaria Politécnica de la Almunia de Doña Godina;IN;ESPAÑOL - B1 (Nivel intermedio);Rumanía;Universitatea Tehnica Cluj-Napoca (Rumanía);3;0;25/08/2024
2023;ERASMUS;073-Arquitectura y construción;Escuela Universitaria Politécnica de la Almunia de Doña Godina;IN;No Informado;Dinamarca;Via University College (Dinamarca);0;0;25/08/2024
2023;ERASMUS;073-Arquitectura y construción;Escuela Universitaria Politécnica de la Almunia de Doña Godina;OUT;FRANCÉS - B1 (Nivel intermedio);Francia;Université De Pau Et Des Pays De L'Adour (Francia);3;0;25/08/2024
2023;ERASMUS;073-Arquitectura y construción;Escuela Universitaria Politécnica de la Almunia de Doña Godina;OUT;INGLÉS - B2 (Nivel avanzado);Dinamarca;Via University College (Dinamarca);0;0;25/08/2024
2023;ERASMUS;073-Arquitectura y construción;Escuela Universitaria Politécnica de la Almunia de Doña Godina;OUT;ITALIANO - B1 (Nivel intermedio);Italia;Università Degli Studi Della Calabria (Italia);5;1;25/08/2024
2023;ERASMUS;073-Arquitectura y construción;Escuela Universitaria Politécnica de la Almunia de Doña Godina;OUT;RUMANO - B1 (Nivel intermedio);Rumanía;Universitatea Tehnica Cluj-Napoca (Rumanía);3;3;25/08/2024
2023;ERASMUS;0731-Arquitectura y urbanismo;Escuela de Ingeniería y Arquitectura;IN;ALEMÁN - B1 (Nivel intermedio);Italia;Università Degli Studi Di Firenze (Italia);2;0;25/08/2024
2023;ERASMUS;0731-Arquitectura y urbanismo;Escuela de Ingeniería y Arquitectura;IN;ESPAÑOL - B1 (Nivel intermedio);Alemania;Hochschule Darmstadt (Alemania);2;0;25/08/2024
2023;ERASMUS;0731-Arquitectura y urbanismo;Escuela de Ingeniería y Arquitectura;IN;ESPAÑOL - B1 (Nivel intermedio);Alemania;Universität Stuttgart (Alemania);4;0;25/08/2024
2023;ERASMUS;0731-Arquitectura y urbanismo;Escuela de Ingeniería y Arquitectura;IN;ESPAÑOL - B1 (Nivel intermedio);Austria;Fachhochschule Technikum Kärnten (Austria);2;0;25/08/2024
2023;ERASMUS;0731-Arquitectura y urbanismo;Escuela de Ingeniería y Arquitectura;IN;ESPAÑOL - B1 (Nivel intermedio);Bélgica;Universiteit Antwerpen (Bélgica);2;0;25/08/2024
2023;ERASMUS;0731-Arquitectura y urbanismo;Escuela de Ingeniería y Arquitectura;IN;ESPAÑOL - B1 (Nivel intermedio);Bulgaria;"Varna Free University ""Chernorizets Hrabar"" (Bulgaria)";4;0;25/08/2024
2023;ERASMUS;0731-Arquitectura y urbanismo;Escuela de Ingeniería y Arquitectura;IN;ESPAÑOL - B1 (Nivel intermedio);Francia;École N. S. D'Architecture De Nantes (Francia);2;0;25/08/2024
2023;ERASMUS;0731-Arquitectura y urbanismo;Escuela de Ingeniería y Arquitectura;IN;ESPAÑOL - B1 (Nivel intermedio);Grecia;Ethniko Metsovio Polytechnio (Grecia);2;0;25/08/2024
2023;ERASMUS;0731-Arquitectura y urbanismo;Escuela de Ingeniería y Arquitectura;IN;ESPAÑOL - B1 (Nivel intermedio);Hungría;Budapest University Of Technology And Economics (Hungría);1;0;25/08/2024
2023;ERASMUS;0731-Arquitectura y urbanismo;Escuela de Ingeniería y Arquitectura;IN;ESPAÑOL - B1 (Nivel intermedio);Italia;Università Degli Studi Di Salerno (Italia);2;0;25/08/2024
2023;ERASMUS;0731-Arquitectura y urbanismo;Escuela de Ingeniería y Arquitectura;IN;ESPAÑOL - B1 (Nivel intermedio);Italia;Università Degli Studi Di Sassari (Italia);2;0;25/08/2024
2023;ERASMUS;0731-Arquitectura y urbanismo;Escuela de Ingeniería y Arquitectura;IN;ESPAÑOL - B1 (Nivel intermedio);Italia;Università Degli Studi Di Camerino (Italia);2;0;25/08/2024
2023;ERASMUS;0731-Arquitectura y urbanismo;Escuela de Ingeniería y Arquitectura;IN;ESPAÑOL - B1 (Nivel intermedio);Italia;Università Degli Studi Di Roma 'La Sapienza' (Italia);2;0;25/08/2024
2023;ERASMUS;0731-Arquitectura y urbanismo;Escuela de Ingeniería y Arquitectura;IN;ESPAÑOL - B1 (Nivel intermedio);Italia;Università Degli Studi 'G. D'Annunzio' Di Chieti (Italia);3;0;25/08/2024
2023;ERASMUS;0731-Arquitectura y urbanismo;Escuela de Ingeniería y Arquitectura;IN;ESPAÑOL - B1 (Nivel intermedio);Italia;Università Degli Studi Di Palermo (Italia);2;0;25/08/2024
2023;ERASMUS;0731-Arquitectura y urbanismo;Escuela de Ingeniería y Arquitectura;IN;ESPAÑOL - B1 (Nivel intermedio);Italia;Politecnico Di Milano (Italia);4;0;25/08/2024
2023;ERASMUS;0731-Arquitectura y urbanismo;Escuela de Ingeniería y Arquitectura;IN;ESPAÑOL - B1 (Nivel intermedio);Italia;Università Degli Studi Di Ferrara (Italia);2;0;25/08/2024
2023;ERASMUS;0731-Arquitectura y urbanismo;Escuela de Ingeniería y Arquitectura;IN;ESPAÑOL - B1 (Nivel intermedio);Polonia;University Of Applied Sciences In Nysa (Polonia);4;0;25/08/2024
2023;ERASMUS;0731-Arquitectura y urbanismo;Escuela de Ingeniería y Arquitectura;IN;ESPAÑOL - B1 (Nivel intermedio);Portugal;Universidade De Coimbra (Portugal);2;0;25/08/2024
2023;ERASMUS;0731-Arquitectura y urbanismo;Escuela de Ingeniería y Arquitectura;IN;ESPAÑOL - B1 (Nivel intermedio);Portugal;Universidade Da Beira Interior (Portugal);2;0;25/08/2024
2023;ERASMUS;0731-Arquitectura y urbanismo;Escuela de Ingeniería y Arquitectura;IN;ESPAÑOL - B1 (Nivel intermedio);Portugal;Universidade De Lisboa (Portugal);2;0;25/08/2024
2023;ERASMUS;0731-Arquitectura y urbanismo;Escuela de Ingeniería y Arquitectura;IN;ESPAÑOL - B1 (Nivel intermedio);Rumanía;"Universitatea Tehnica ""Gheorghe Asachi"" Din Iasi (Rumanía)";2;0;25/08/2024
2023;ERASMUS;0731-Arquitectura y urbanismo;Escuela de Ingeniería y Arquitectura;IN;ESPAÑOL - B1 (Nivel intermedio);Suecia;Luleå Tekniska Universitet (Suecia);2;0;25/08/2024
2023;ERASMUS;0731-Arquitectura y urbanismo;Escuela de Ingeniería y Arquitectura;IN;ESPAÑOL - B1 (Nivel intermedio);Turquía;Özyegin University (Turquía);2;0;25/08/2024
2023;ERASMUS;0731-Arquitectura y urbanismo;Escuela de Ingeniería y Arquitectura;IN;No Informado;Grecia;University Of West Attica (Grecia);2;0;25/08/2024
2023;ERASMUS;0731-Arquitectura y urbanismo;Escuela de Ingeniería y Arquitectura;IN;No Informado;Italia;Università Degli Studi Roma Tre (Italia);2;0;25/08/2024
2023;ERASMUS;0731-Arquitectura y urbanismo;Escuela de Ingeniería y Arquitectura;OUT;ALEMÁN - B2 (Nivel avanzado);Austria;Fachhochschule Technikum Kärnten (Austria);2;0;25/08/2024
2023;ERASMUS;0731-Arquitectura y urbanismo;Escuela de Ingeniería y Arquitectura;OUT;INGLÉS - A2 (Nivel básico avanzado);Italia;Università Degli Studi Di Salerno (Italia);2;1;25/08/2024
2023;ERASMUS;0731-Arquitectura y urbanismo;Escuela de Ingeniería y Arquitectura;OUT;INGLÉS - B1 (Nivel intermedio);Bélgica;Université Libre De Bruxelles (Bélgica);1;1;25/08/2024
2023;ERASMUS;0731-Arquitectura y urbanismo;Escuela de Ingeniería y Arquitectura;OUT;INGLÉS - B1 (Nivel intermedio);Bulgaria;"Varna Free University ""Chernorizets Hrabar"" (Bulgaria)";4;0;25/08/2024
2023;ERASMUS;0731-Arquitectura y urbanismo;Escuela de Ingeniería y Arquitectura;OUT;INGLÉS - B1 (Nivel intermedio);Grecia;Ethniko Metsovio Polytechnio (Grecia);2;2;25/08/2024
2023;ERASMUS;0731-Arquitectura y urbanismo;Escuela de Ingeniería y Arquitectura;OUT;INGLÉS - B1 (Nivel intermedio);Italia;Politecnico Di Torino (Italia);2;2;25/08/2024
2023;ERASMUS;0731-Arquitectura y urbanismo;Escuela de Ingeniería y Arquitectura;OUT;INGLÉS - B1 (Nivel intermedio);Portugal;Universidade Da Beira Interior (Portugal);2;0;25/08/2024
2023;ERASMUS;0731-Arquitectura y urbanismo;Escuela de Ingeniería y Arquitectura;OUT;INGLÉS - B1 (Nivel intermedio);Rumanía;"Universitatea Tehnica ""Gheorghe Asachi"" Din Iasi (Rumanía)";2;0;25/08/2024
2023;ERASMUS;0731-Arquitectura y urbanismo;Escuela de Ingeniería y Arquitectura;OUT;INGLÉS - B1 (Nivel intermedio);Turquía;Istanbul Teknik Universitesi (Turquía);2;1;25/08/2024
2023;ERASMUS;0731-Arquitectura y urbanismo;Escuela de Ingeniería y Arquitectura;OUT;INGLÉS - B2 (Nivel avanzado);Alemania;Universität Stuttgart (Alemania);2;0;25/08/2024
2023;ERASMUS;0731-Arquitectura y urbanismo;Escuela de Ingeniería y Arquitectura;OUT;INGLÉS - B2 (Nivel avanzado);Bélgica;Universiteit Antwerpen (Bélgica);2;2;25/08/2024
2023;ERASMUS;0731-Arquitectura y urbanismo;Escuela de Ingeniería y Arquitectura;OUT;INGLÉS - B2 (Nivel avanzado);Hungría;Budapest University Of Technology And Economics (Hungría);1;1;25/08/2024
2023;ERASMUS;0731-Arquitectura y urbanismo;Escuela de Ingeniería y Arquitectura;OUT;INGLÉS - B2 (Nivel avanzado);Italia;Università Degli Studi Di Firenze (Italia);2;1;25/08/2024
2023;ERASMUS;0731-Arquitectura y urbanismo;Escuela de Ingeniería y Arquitectura;OUT;INGLÉS - B2 (Nivel avanzado);Italia;Politecnico Di Milano (Italia);0;0;25/08/2024
2023;ERASMUS;0731-Arquitectura y urbanismo;Escuela de Ingeniería y Arquitectura;OUT;INGLÉS - B2 (Nivel avanzado);Polonia;University Of Applied Sciences In Nysa (Polonia);4;0;25/08/2024
2023;ERASMUS;0731-Arquitectura y urbanismo;Escuela de Ingeniería y Arquitectura;OUT;INGLÉS - B2 (Nivel avanzado);Polonia;Politechnika Wroclawska (Polonia);2;0;25/08/2024
2023;ERASMUS;0731-Arquitectura y urbanismo;Escuela de Ingeniería y Arquitectura;OUT;INGLÉS - B2 (Nivel avanzado);Portugal;Universidade De Coimbra (Portugal);2;2;25/08/2024
2023;ERASMUS;0731-Arquitectura y urbanismo;Escuela de Ingeniería y Arquitectura;OUT;INGLÉS - B2 (Nivel avanzado);Portugal;Universidade De Lisboa (Portugal);4;0;25/08/2024
2023;ERASMUS;0731-Arquitectura y urbanismo;Escuela de Ingeniería y Arquitectura;OUT;INGLÉS - B2 (Nivel avanzado);Suecia;Luleå Tekniska Universitet (Suecia);2;1;25/08/2024
2023;ERASMUS;0731-Arquitectura y urbanismo;Escuela de Ingeniería y Arquitectura;OUT;INGLÉS - B2 (Nivel avanzado);Turquía;Özyegin University (Turquía);2;0;25/08/2024
2023;ERASMUS;0731-Arquitectura y urbanismo;Escuela de Ingeniería y Arquitectura;OUT;ITALIANO - A2 (Nivel básico avanzado);Italia;Università Degli Studi Di Catania (Italia);2;2;25/08/2024
2023;ERASMUS;0731-Arquitectura y urbanismo;Escuela de Ingeniería y Arquitectura;OUT;ITALIANO - B1 (Nivel intermedio);Italia;Università Degli Studi 'G. D'Annunzio' Di Chieti (Italia);4;1;25/08/2024
2023;ERASMUS;0731-Arquitectura y urbanismo;Escuela de Ingeniería y Arquitectura;OUT;ITALIANO - B1 (Nivel intermedio);Italia;Istituto Universitario Di Architettura Di Venezia (Italia);2;0;25/08/2024
2023;ERASMUS;0731-Arquitectura y urbanismo;Escuela de Ingeniería y Arquitectura;OUT;ITALIANO - B1 (Nivel intermedio);Italia;Università Degli Studi Di Sassari (Italia);0;0;25/08/2024
2023;ERASMUS;0731-Arquitectura y urbanismo;Escuela de Ingeniería y Arquitectura;OUT;ITALIANO - B1 (Nivel intermedio);Italia;Politecnico Di Milano (Italia);4;4;25/08/2024
2023;ERASMUS;0731-Arquitectura y urbanismo;Escuela de Ingeniería y Arquitectura;OUT;ITALIANO - B1 (Nivel intermedio);Italia;Università Degli Studi Di Bologna (Italia);2;2;25/08/2024
2023;ERASMUS;0731-Arquitectura y urbanismo;Escuela de Ingeniería y Arquitectura;OUT;ITALIANO - B1 (Nivel intermedio);Italia;Università Degli Studi Di Palermo (Italia);2;1;25/08/2024
2023;ERASMUS;0731-Arquitectura y urbanismo;Escuela de Ingeniería y Arquitectura;OUT;ITALIANO - B1 (Nivel intermedio);Portugal;Universidade De Lisboa (Portugal);1;0;25/08/2024
2023;ERASMUS;0731-Arquitectura y urbanismo;Escuela de Ingeniería y Arquitectura;OUT;ITALIANO - B2 (Nivel avanzado);Italia;Università Degli Studi Roma Tre (Italia);2;2;25/08/2024
2023;ERASMUS;0731-Arquitectura y urbanismo;Escuela de Ingeniería y Arquitectura;OUT;No Informado;Alemania;Hochschule Darmstadt (Alemania);2;0;25/08/2024
2023;ERASMUS;0731-Arquitectura y urbanismo;Escuela de Ingeniería y Arquitectura;OUT;No Informado;Francia;École N. S. D'Architecture De Nantes (Francia);2;0;25/08/2024
2023;ERASMUS;0731-Arquitectura y urbanismo;Escuela de Ingeniería y Arquitectura;OUT;No Informado;Italia;Università Degli Studi Di Roma 'La Sapienza' (Italia);2;2;25/08/2024
2023;ERASMUS;0731-Arquitectura y urbanismo;Escuela de Ingeniería y Arquitectura;OUT;No Informado;Italia;Università Degli Studi Di Ferrara (Italia);2;1;25/08/2024
2023;ERASMUS;0731-Arquitectura y urbanismo;Escuela de Ingeniería y Arquitectura;OUT;No Informado;Italia;Università Degli Studi Di Camerino (Italia);2;0;25/08/2024
2023;ERASMUS;0731-Arquitectura y urbanismo;Escuela de Ingeniería y Arquitectura;OUT;No Informado;Italia;Università Degli Studi Di Napoli Federico Ii (Italia);0;0;25/08/2024
2023;ERASMUS;0732-Construcción e ingeniería civil;Escuela de Ingeniería y Arquitectura;IN;ESPAÑOL - B1 (Nivel intermedio);Francia;Institut National Des Sciences Appliquées De Rennes (Francia);1;0;25/08/2024
2023;ERASMUS;0732-Construcción e ingeniería civil;Escuela de Ingeniería y Arquitectura;IN;ESPAÑOL - B1 (Nivel intermedio);Polonia;Politechnika Slaska (Polonia);1;0;25/08/2024
2023;ERASMUS;0732-Construcción e ingeniería civil;Escuela de Ingeniería y Arquitectura;OUT;FRANCÉS - B1 (Nivel intermedio);Francia;Institut National Des Sciences Appliquées De Rennes (Francia);1;0;25/08/2024
2023;ERASMUS;0732-Construcción e ingeniería civil;Escuela de Ingeniería y Arquitectura;OUT;INGLÉS - B2 (Nivel avanzado);Polonia;Politechnika Slaska (Polonia);1;0;25/08/2024
2023;ERASMUS;0732-Construcción e ingeniería civil;Escuela Universitaria Politécnica de la Almunia de Doña Godina;IN;ESPAÑOL - B1 (Nivel intermedio);Alemania;Fachhochschule Bielefeld (Alemania);2;0;25/08/2024
2023;ERASMUS;0732-Construcción e ingeniería civil;Escuela Universitaria Politécnica de la Almunia de Doña Godina;IN;ESPAÑOL - B1 (Nivel intermedio);Francia;Université Paul Sabatier - Toulouse Iii (Francia);2;0;25/08/2024
2023;ERASMUS;0732-Construcción e ingeniería civil;Escuela Universitaria Politécnica de la Almunia de Doña Godina;IN;ESPAÑOL - B1 (Nivel intermedio);Francia;Cesi (Francia);4;0;25/08/2024
2023;ERASMUS;0732-Construcción e ingeniería civil;Escuela Universitaria Politécnica de la Almunia de Doña Godina;IN;ESPAÑOL - B1 (Nivel intermedio);Francia;Université Claude Bernard (Lyon I) (Francia);1;0;25/08/2024
2023;ERASMUS;0732-Construcción e ingeniería civil;Escuela Universitaria Politécnica de la Almunia de Doña Godina;IN;ESPAÑOL - B1 (Nivel intermedio);Francia;Université De Pau Et Des Pays De L'Adour (Francia);10;0;25/08/2024
2023;ERASMUS;0732-Construcción e ingeniería civil;Escuela Universitaria Politécnica de la Almunia de Doña Godina;IN;ESPAÑOL - B1 (Nivel intermedio);Italia;Università Del Salento (Italia);3;0;25/08/2024
2023;ERASMUS;0732-Construcción e ingeniería civil;Escuela Universitaria Politécnica de la Almunia de Doña Godina;IN;ESPAÑOL - B1 (Nivel intermedio);Italia;Università Degli Studi Della Calabria (Italia);3;0;25/08/2024
2023;ERASMUS;0732-Construcción e ingeniería civil;Escuela Universitaria Politécnica de la Almunia de Doña Godina;IN;ESPAÑOL - B1 (Nivel intermedio);Italia;Politecnico Di Bari (Italia);4;0;25/08/2024
2023;ERASMUS;0732-Construcción e ingeniería civil;Escuela Universitaria Politécnica de la Almunia de Doña Godina;IN;ESPAÑOL - B1 (Nivel intermedio);Portugal;Instituto Politécnico De Lairia (Portugal);3;0;25/08/2024
2023;ERASMUS;0732-Construcción e ingeniería civil;Escuela Universitaria Politécnica de la Almunia de Doña Godina;IN;ESPAÑOL - B1 (Nivel intermedio);Portugal;Instituto Politécnico Da Guarda (Portugal);2;0;25/08/2024
2023;ERASMUS;0732-Construcción e ingeniería civil;Escuela Universitaria Politécnica de la Almunia de Doña Godina;IN;ESPAÑOL - B1 (Nivel intermedio);Portugal;Universidade Da Beira Interior (Portugal);2;0;25/08/2024
2023;ERASMUS;0732-Construcción e ingeniería civil;Escuela Universitaria Politécnica de la Almunia de Doña Godina;IN;ESPAÑOL - B1 (Nivel intermedio);Rumanía;Universitatea Tehnica Cluj-Napoca (Rumanía);3;0;25/08/2024
2023;ERASMUS;0732-Construcción e ingeniería civil;Escuela Universitaria Politécnica de la Almunia de Doña Godina;IN;ESPAÑOL - B1 (Nivel intermedio);Turquía;Karadeniz Technical University (Turquía);3;0;25/08/2024
2023;ERASMUS;0732-Construcción e ingeniería civil;Escuela Universitaria Politécnica de la Almunia de Doña Godina;IN;No Informado;Dinamarca;Via University College (Dinamarca);2;0;25/08/2024
2023;ERASMUS;0732-Construcción e ingeniería civil;Escuela Universitaria Politécnica de la Almunia de Doña Godina;IN;No Informado;Francia;Institut National Des Sciences Appliquées De Rennes (Francia);3;0;25/08/2024
2023;ERASMUS;0732-Construcción e ingeniería civil;Escuela Universitaria Politécnica de la Almunia de Doña Godina;OUT;ALEMÁN - B1 (Nivel intermedio);Alemania;Fachhochschule Bielefeld (Alemania);2;0;25/08/2024
2023;ERASMUS;0732-Construcción e ingeniería civil;Escuela Universitaria Politécnica de la Almunia de Doña Godina;OUT;FRANCÉS - B1 (Nivel intermedio);Francia;Université Claude Bernard (Lyon I) (Francia);1;0;25/08/2024
2023;ERASMUS;0732-Construcción e ingeniería civil;Escuela Universitaria Politécnica de la Almunia de Doña Godina;OUT;FRANCÉS - B1 (Nivel intermedio);Francia;Université Paul Sabatier - Toulouse Iii (Francia);2;0;25/08/2024
2023;ERASMUS;0732-Construcción e ingeniería civil;Escuela Universitaria Politécnica de la Almunia de Doña Godina;OUT;FRANCÉS - B1 (Nivel intermedio);Francia;Université De Pau Et Des Pays De L'Adour (Francia);4;0;25/08/2024
2023;ERASMUS;0732-Construcción e ingeniería civil;Escuela Universitaria Politécnica de la Almunia de Doña Godina;OUT;INGLÉS - B1 (Nivel intermedio);Portugal;Instituto Politécnico Da Guarda (Portugal);2;0;25/08/2024
2023;ERASMUS;0732-Construcción e ingeniería civil;Escuela Universitaria Politécnica de la Almunia de Doña Godina;OUT;INGLÉS - B1 (Nivel intermedio);Rumanía;Universitatea Tehnica Cluj-Napoca (Rumanía);3;3;25/08/2024
2023;ERASMUS;0732-Construcción e ingeniería civil;Escuela Universitaria Politécnica de la Almunia de Doña Godina;OUT;INGLÉS - B1 (Nivel intermedio);Turquía;Karadeniz Technical University (Turquía);3;1;25/08/2024
2023;ERASMUS;0732-Construcción e ingeniería civil;Escuela Universitaria Politécnica de la Almunia de Doña Godina;OUT;INGLÉS - B2 (Nivel avanzado);Francia;Cesi (Francia);2;0;25/08/2024
2023;ERASMUS;0732-Construcción e ingeniería civil;Escuela Universitaria Politécnica de la Almunia de Doña Godina;OUT;ITALIANO - B1 (Nivel intermedio);Italia;Università Del Salento (Italia);3;0;25/08/2024
2023;ERASMUS;0732-Construcción e ingeniería civil;Escuela Universitaria Politécnica de la Almunia de Doña Godina;OUT;ITALIANO - B1 (Nivel intermedio);Italia;Università Degli Studi Della Calabria (Italia);3;1;25/08/2024
2023;ERASMUS;0732-Construcción e ingeniería civil;Escuela Universitaria Politécnica de la Almunia de Doña Godina;OUT;ITALIANO - B1 (Nivel intermedio);Italia;Politecnico Di Bari (Italia);4;6;25/08/2024
2023;ERASMUS;0732-Construcción e ingeniería civil;Escuela Universitaria Politécnica de la Almunia de Doña Godina;OUT;No Informado;Francia;Institut National Des Sciences Appliquées De Rennes (Francia);3;0;25/08/2024
2023;ERASMUS;0732-Construcción e ingeniería civil;Escuela Universitaria Politécnica de la Almunia de Doña Godina;OUT;PORTUGUÉS - B1 (Nivel intermedio);Portugal;Universidade Da Beira Interior (Portugal);2;0;25/08/2024
2023;ERASMUS;0732-Construcción e ingeniería civil;Escuela Universitaria Politécnica de la Almunia de Doña Godina;OUT;PORTUGUÉS - B1 (Nivel intermedio);Portugal;Instituto Politécnico De Lairia (Portugal);3;0;25/08/2024
2023;ERASMUS;08-Agricultura, silvicultura, pesca y veterinaria;Escuela Politécnica Superior;IN;No Informado;Alemania;Rheinische Friedrich-Wilhelms- Universität Bonn (Alemania);2;0;25/08/2024
2023;ERASMUS;08-Agricultura, silvicultura, pesca y veterinaria;Escuela Politécnica Superior;IN;No Informado;Francia;Université Paris-Est Créteil Val De Marne (Francia);1;0;25/08/2024
2023;ERASMUS;08-Agricultura, silvicultura, pesca y veterinaria;Escuela Politécnica Superior;IN;No Informado;Portugal;Instituto Superior Politécnico De Viseu (Portugal);4;0;25/08/2024
2023;ERASMUS;08-Agricultura, silvicultura, pesca y veterinaria;Escuela Politécnica Superior;IN;No Informado;Rumanía;Universitatea De Stiinte Agricole Si Medicina Veterinara Din Cluj-Napoca (Rumanía);2;0;25/08/2024
2023;ERASMUS;08-Agricultura, silvicultura, pesca y veterinaria;Escuela Politécnica Superior;OUT;INGLÉS - B1 (Nivel intermedio);Francia;Université Paris-Est Créteil Val De Marne (Francia);1;0;25/08/2024
2023;ERASMUS;08-Agricultura, silvicultura, pesca y veterinaria;Escuela Politécnica Superior;OUT;INGLÉS - B2 (Nivel avanzado);Alemania;Rheinische Friedrich-Wilhelms- Universität Bonn (Alemania);2;0;25/08/2024
2023;ERASMUS;08-Agricultura, silvicultura, pesca y veterinaria;Escuela Politécnica Superior;OUT;INGLÉS - B2 (Nivel avanzado);Portugal;Instituto Superior Politécnico De Viseu (Portugal);4;3;25/08/2024
2023;ERASMUS;08-Agricultura, silvicultura, pesca y veterinaria;Escuela Politécnica Superior;OUT;OTROS - B2 (Nivel avanzado);Rumanía;Universitatea De Stiinte Agricole Si Medicina Veterinara Din Cluj-Napoca (Rumanía);2;0;25/08/2024
2023;ERASMUS;0810-0810-Agricultura, no definido;Escuela Politécnica Superior;IN;ESPAÑOL - B1 (Nivel intermedio);Austria;University Of Applied Sciences Upper Austria (Austria);2;0;25/08/2024
2023;ERASMUS;0810-0810-Agricultura, no definido;Escuela Politécnica Superior;IN;No Informado;Italia;Università Degli Studi Di Torino (Italia);1;0;25/08/2024
2023;ERASMUS;0810-0810-Agricultura, no definido;Escuela Politécnica Superior;OUT;INGLÉS - B1 (Nivel intermedio);Italia;Università Degli Studi Di Torino (Italia);3;1;25/08/2024
2023;ERASMUS;0810-0810-Agricultura, no definido;Escuela Politécnica Superior;OUT;INGLÉS - B2 (Nivel avanzado);Austria;University Of Applied Sciences Upper Austria (Austria);2;0;25/08/2024
2023;ERASMUS;0811-Producción de cosechas y ganadería;Facultad de Veterinaria;IN;ESPAÑOL - B1 (Nivel intermedio);Hungría;Debreceni Egyetem (Hungría);2;0;25/08/2024
2023;ERASMUS;0841-Veterinaria;Escuela de Doctorado;OUT;OTROS - B1 (Nivel intermedio);Rumanía;Universitatea De Stiinte Agricole Si Medicina Veterinara Din Cluj-Napoca (Rumanía);2;1;25/08/2024
2023;ERASMUS;0841-Veterinaria;Facultad de Veterinaria;IN;ESPAÑOL - B1 (Nivel intermedio);Bélgica;Université De Liege (Bélgica);2;0;25/08/2024
2023;ERASMUS;0841-Veterinaria;Facultad de Veterinaria;IN;ESPAÑOL - B1 (Nivel intermedio);Francia;École Nationale Veterinaire D'Alfort (Francia);2;0;25/08/2024
2023;ERASMUS;0841-Veterinaria;Facultad de Veterinaria;IN;ESPAÑOL - B1 (Nivel intermedio);Francia;Vetagro Sup Institute (Francia);2;0;25/08/2024
2023;ERASMUS;0841-Veterinaria;Facultad de Veterinaria;IN;ESPAÑOL - B1 (Nivel intermedio);Francia;Nantes-Atlantic National College Of Veterinary Medicine (Francia);2;0;25/08/2024
2023;ERASMUS;0841-Veterinaria;Facultad de Veterinaria;IN;ESPAÑOL - B1 (Nivel intermedio);Francia;École Nationale Vétérinaire De Toulouse (Francia);3;0;25/08/2024
2023;ERASMUS;0841-Veterinaria;Facultad de Veterinaria;IN;ESPAÑOL - B1 (Nivel intermedio);Grecia;Aristotelio Panepistimio Thessalonikis (Grecia);4;0;25/08/2024
2023;ERASMUS;0841-Veterinaria;Facultad de Veterinaria;IN;ESPAÑOL - B1 (Nivel intermedio);Italia;Università Degli Studi Di Sassari (Italia);3;0;25/08/2024
2023;ERASMUS;0841-Veterinaria;Facultad de Veterinaria;IN;ESPAÑOL - B1 (Nivel intermedio);Italia;Università Degli Studi Di Napoli Federico Ii (Italia);2;0;25/08/2024
2023;ERASMUS;0841-Veterinaria;Facultad de Veterinaria;IN;ESPAÑOL - B1 (Nivel intermedio);Italia;Università Degli Studi Di Messina (Italia);4;0;25/08/2024
2023;ERASMUS;0841-Veterinaria;Facultad de Veterinaria;IN;ESPAÑOL - B1 (Nivel intermedio);Italia;Università Degli Studi Di Bologna (Italia);2;0;25/08/2024
2023;ERASMUS;0841-Veterinaria;Facultad de Veterinaria;IN;ESPAÑOL - B1 (Nivel intermedio);Italia;Università Degli Studi Di Torino (Italia);5;0;25/08/2024
2023;ERASMUS;0841-Veterinaria;Facultad de Veterinaria;IN;ESPAÑOL - B1 (Nivel intermedio);Italia;Università Degli Studi Di Milano (Italia);1;0;25/08/2024
2023;ERASMUS;0841-Veterinaria;Facultad de Veterinaria;IN;ESPAÑOL - B1 (Nivel intermedio);Italia;Università Degli Studi Di Parma (Italia);4;0;25/08/2024
2023;ERASMUS;0841-Veterinaria;Facultad de Veterinaria;IN;ESPAÑOL - B1 (Nivel intermedio);Italia;Università Degli Studi Di Perugia (Italia);3;0;25/08/2024
2023;ERASMUS;0841-Veterinaria;Facultad de Veterinaria;IN;ESPAÑOL - B1 (Nivel intermedio);Polonia;Szkola Glowna Gospodarstwa Wiejskiego (Polonia);2;0;25/08/2024
2023;ERASMUS;0841-Veterinaria;Facultad de Veterinaria;IN;ESPAÑOL - B1 (Nivel intermedio);Polonia;University Of Environmental And Life Sciences (Polonia);4;0;25/08/2024
2023;ERASMUS;0841-Veterinaria;Facultad de Veterinaria;IN;ESPAÑOL - B1 (Nivel intermedio);Portugal;Universidade Do Porto (Portugal);2;0;25/08/2024
2023;ERASMUS;0841-Veterinaria;Facultad de Veterinaria;IN;ESPAÑOL - B1 (Nivel intermedio);Rumanía;Universitatea De Stiinte Agricole Si Medicina Veterinara Din Cluj-Napoca (Rumanía);2;0;25/08/2024
2023;ERASMUS;0841-Veterinaria;Facultad de Veterinaria;IN;INGLÉS - B2 (Nivel avanzado);Bélgica;Université De Liege (Bélgica);0;0;25/08/2024
2023;ERASMUS;0841-Veterinaria;Facultad de Veterinaria;OUT;FRANCÉS - B1 (Nivel intermedio);Bélgica;Université De Liege (Bélgica);2;2;25/08/2024
2023;ERASMUS;0841-Veterinaria;Facultad de Veterinaria;OUT;FRANCÉS - B1 (Nivel intermedio);Francia;École Nationale Vétérinaire De Toulouse (Francia);3;1;25/08/2024
2023;ERASMUS;0841-Veterinaria;Facultad de Veterinaria;OUT;FRANCÉS - B1 (Nivel intermedio);Francia;Nantes-Atlantic National College Of Veterinary Medicine (Francia);2;0;25/08/2024
2023;ERASMUS;0841-Veterinaria;Facultad de Veterinaria;OUT;FRANCÉS - B1 (Nivel intermedio);Francia;Vetagro Sup Institute (Francia);2;1;25/08/2024
2023;ERASMUS;0841-Veterinaria;Facultad de Veterinaria;OUT;FRANCÉS - B1 (Nivel intermedio);Francia;École Nationale Veterinaire D'Alfort (Francia);2;2;25/08/2024
2023;ERASMUS;0841-Veterinaria;Facultad de Veterinaria;OUT;GRIEGO - B1 (Nivel intermedio);Grecia;Aristotelio Panepistimio Thessalonikis (Grecia);4;0;25/08/2024
2023;ERASMUS;0841-Veterinaria;Facultad de Veterinaria;OUT;INGLÉS - B2 (Nivel avanzado);Polonia;University Of Environmental And Life Sciences (Polonia);4;3;25/08/2024
2023;ERASMUS;0841-Veterinaria;Facultad de Veterinaria;OUT;INGLÉS - B2 (Nivel avanzado);Polonia;Szkola Glowna Gospodarstwa Wiejskiego (Polonia);2;0;25/08/2024
2023;ERASMUS;0841-Veterinaria;Facultad de Veterinaria;OUT;ITALIANO - A2 (Nivel básico avanzado);Italia;Università Degli Studi Di Parma (Italia);4;4;25/08/2024
2023;ERASMUS;0841-Veterinaria;Facultad de Veterinaria;OUT;ITALIANO - A2 (Nivel básico avanzado);Italia;Università Degli Studi Di Bologna (Italia);2;2;25/08/2024
2023;ERASMUS;0841-Veterinaria;Facultad de Veterinaria;OUT;ITALIANO - B1 (Nivel intermedio);Italia;Università Degli Studi Di Messina (Italia);4;0;25/08/2024
2023;ERASMUS;0841-Veterinaria;Facultad de Veterinaria;OUT;ITALIANO - B1 (Nivel intermedio);Italia;Università Degli Studi Di Sassari (Italia);2;0;25/08/2024
2023;ERASMUS;0841-Veterinaria;Facultad de Veterinaria;OUT;ITALIANO - B1 (Nivel intermedio);Italia;Università Degli Studi Di Napoli Federico Ii (Italia);2;0;25/08/2024
2023;ERASMUS;0841-Veterinaria;Facultad de Veterinaria;OUT;ITALIANO - B1 (Nivel intermedio);Italia;Università Degli Studi Di Torino (Italia);5;0;25/08/2024
2023;ERASMUS;0841-Veterinaria;Facultad de Veterinaria;OUT;ITALIANO - B1 (Nivel intermedio);Italia;Università Degli Studi Di Milano (Italia);1;0;25/08/2024
2023;ERASMUS;0841-Veterinaria;Facultad de Veterinaria;OUT;ITALIANO - B1 (Nivel intermedio);Italia;Università Degli Studi Di Perugia (Italia);2;0;25/08/2024
2023;ERASMUS;0841-Veterinaria;Facultad de Veterinaria;OUT;OTROS - B1 (Nivel intermedio);Rumanía;Universitatea De Stiinte Agricole Si Medicina Veterinara Din Cluj-Napoca (Rumanía);2;1;25/08/2024
2023;ERASMUS;0841-Veterinaria;Facultad de Veterinaria;OUT;PORTUGUÉS - B1 (Nivel intermedio);Portugal;Universidade Do Porto (Portugal);2;1;25/08/2024
2023;ERASMUS;0910-Salud (no definido);Escuela de Doctorado;OUT;INGLÉS - B2 (Nivel avanzado);Polonia;Szkola Glowna Gospodarstwa Wiejskiego (Polonia);2;0;25/08/2024
2023;ERASMUS;0910-Salud (no definido);Escuela de Ingeniería y Arquitectura;OUT;No Informado;Italia;Università Degli Studi Di Napoli Federico Ii (Italia);2;0;25/08/2024
2023;ERASMUS;0910-Salud (no definido);Facultad de Ciencias de la Salud y del Deporte;IN;ESPAÑOL - A2 (Nivel básico avanzado);Grecia;Charokopio Panepistimio (Grecia);2;0;25/08/2024
2023;ERASMUS;0910-Salud (no definido);Facultad de Ciencias de la Salud y del Deporte;IN;ESPAÑOL - A2 (Nivel básico avanzado);Italia;Università Degli Studi Di Pavia (Italia);3;0;25/08/2024
2023;ERASMUS;0910-Salud (no definido);Facultad de Ciencias de la Salud y del Deporte;IN;ESPAÑOL - A2 (Nivel básico avanzado);Portugal;Instituto Politecnico De Lisboa (Portugal);2;0;25/08/2024
2023;ERASMUS;0910-Salud (no definido);Facultad de Ciencias de la Salud y del Deporte;IN;ESPAÑOL - A2 (Nivel básico avanzado);Portugal;Universidade Do Porto (Portugal);3;0;25/08/2024
2023;ERASMUS;0910-Salud (no definido);Facultad de Ciencias de la Salud y del Deporte;IN;ESPAÑOL - B1 (Nivel intermedio);Bélgica;Haute École Lucia De Brouckere (Bélgica);2;0;25/08/2024
2023;ERASMUS;0910-Salud (no definido);Facultad de Ciencias de la Salud y del Deporte;IN;ESPAÑOL - B1 (Nivel intermedio);Polonia;The Academy Of Business And Health Sciences (Polonia);2;0;25/08/2024
2023;ERASMUS;0910-Salud (no definido);Facultad de Ciencias de la Salud y del Deporte;IN;INGLÉS - B1 (Nivel intermedio);Alemania;Hochschule Für Angewandte Wissenschaften Hamburg (Alemania);3;0;25/08/2024
2023;ERASMUS;0910-Salud (no definido);Facultad de Ciencias de la Salud y del Deporte;IN;No Informado;Grecia;University Of Thessaly (Grecia);2;0;25/08/2024
2023;ERASMUS;0910-Salud (no definido);Facultad de Ciencias de la Salud y del Deporte;OUT;FRANCÉS - B1 (Nivel intermedio);Bélgica;Haute École Lucia De Brouckere (Bélgica);2;0;25/08/2024
2023;ERASMUS;0910-Salud (no definido);Facultad de Ciencias de la Salud y del Deporte;OUT;GRIEGO - A2 (Nivel básico avanzado);Grecia;Charokopio Panepistimio (Grecia);2;2;25/08/2024
2023;ERASMUS;0910-Salud (no definido);Facultad de Ciencias de la Salud y del Deporte;OUT;GRIEGO - B1 (Nivel intermedio);Grecia;University Of Thessaly (Grecia);2;0;25/08/2024
2023;ERASMUS;0910-Salud (no definido);Facultad de Ciencias de la Salud y del Deporte;OUT;INGLÉS - B1 (Nivel intermedio);Alemania;Hochschule Für Angewandte Wissenschaften Hamburg (Alemania);3;0;25/08/2024
2023;ERASMUS;0910-Salud (no definido);Facultad de Ciencias de la Salud y del Deporte;OUT;INGLÉS - B1 (Nivel intermedio);Italia;Università Degli Studi Di Pavia (Italia);3;1;25/08/2024
2023;ERASMUS;0910-Salud (no definido);Facultad de Ciencias de la Salud y del Deporte;OUT;INGLÉS - B1 (Nivel intermedio);Polonia;The Academy Of Business And Health Sciences (Polonia);2;0;25/08/2024
2023;ERASMUS;0910-Salud (no definido);Facultad de Ciencias de la Salud y del Deporte;OUT;INGLÉS - B1 (Nivel intermedio);Portugal;Instituto Politecnico De Lisboa (Portugal);2;0;25/08/2024
2023;ERASMUS;0910-Salud (no definido);Facultad de Ciencias de la Salud y del Deporte;OUT;INGLÉS - B2 (Nivel avanzado);Finlandia;University Of Eastern Finland (Finlandia);2;1;25/08/2024
2023;ERASMUS;0910-Salud (no definido);Facultad de Ciencias de la Salud y del Deporte;OUT;INGLÉS - B2 (Nivel avanzado);Polonia;Szkola Glowna Gospodarstwa Wiejskiego (Polonia);2;0;25/08/2024
2023;ERASMUS;0910-Salud (no definido);Facultad de Ciencias de la Salud y del Deporte;OUT;PORTUGUÉS - A2 (Nivel básico avanzado);Portugal;Universidade Do Porto (Portugal);3;0;25/08/2024
2023;ERASMUS;0910-Salud (no definido);Facultad de Medicina;IN;No Informado;Holanda;Radboud Universiteit Nijmegen (Holanda);0;0;25/08/2024
2023;ERASMUS;0910-Salud (no definido);Facultad de Medicina;OUT;INGLÉS - B1 (Nivel intermedio);Holanda;Radboud Universiteit Nijmegen (Holanda);0;0;25/08/2024
2023;ERASMUS;0911-Estudios de odontología;Facultad de Ciencias de la Salud y del Deporte;IN;ESPAÑOL - A2 (Nivel básico avanzado);Italia;Università Degli Studi Di Siena (Italia);2;0;25/08/2024
2023;ERASMUS;0911-Estudios de odontología;Facultad de Ciencias de la Salud y del Deporte;IN;ESPAÑOL - A2 (Nivel básico avanzado);Italia;Università Degli Studi Di Sassari (Italia);2;0;25/08/2024
2023;ERASMUS;0911-Estudios de odontología;Facultad de Ciencias de la Salud y del Deporte;IN;ESPAÑOL - A2 (Nivel básico avanzado);Italia;Università Degli Studi Di Milano-Bicocca (Italia);2;0;25/08/2024
2023;ERASMUS;0911-Estudios de odontología;Facultad de Ciencias de la Salud y del Deporte;IN;ESPAÑOL - B1 (Nivel intermedio);Italia;Università Degli Studi Di Firenze (Italia);2;0;25/08/2024
2023;ERASMUS;0911-Estudios de odontología;Facultad de Ciencias de la Salud y del Deporte;IN;ESPAÑOL - B1 (Nivel intermedio);Italia;Università Degli Studi Di Trieste (Italia);2;0;25/08/2024
2023;ERASMUS;0911-Estudios de odontología;Facultad de Ciencias de la Salud y del Deporte;IN;ESPAÑOL - B1 (Nivel intermedio);Portugal;Egas Moniz Crl (Portugal);2;0;25/08/2024
2023;ERASMUS;0911-Estudios de odontología;Facultad de Ciencias de la Salud y del Deporte;OUT;INGLÉS - B1 (Nivel intermedio);Italia;Università Degli Studi Di Siena (Italia);2;0;25/08/2024
2023;ERASMUS;0911-Estudios de odontología;Facultad de Ciencias de la Salud y del Deporte;OUT;INGLÉS - B1 (Nivel intermedio);Italia;Università Degli Studi Di Milano-Bicocca (Italia);2;0;25/08/2024
2023;ERASMUS;0911-Estudios de odontología;Facultad de Ciencias de la Salud y del Deporte;OUT;INGLÉS - B1 (Nivel intermedio);Italia;Università Degli Studi Di Sassari (Italia);2;0;25/08/2024
2023;ERASMUS;0911-Estudios de odontología;Facultad de Ciencias de la Salud y del Deporte;OUT;INGLÉS - B1 (Nivel intermedio);Italia;Università Degli Studi Di Firenze (Italia);2;0;25/08/2024
2023;ERASMUS;0911-Estudios de odontología;Facultad de Ciencias de la Salud y del Deporte;OUT;ITALIANO - B1 (Nivel intermedio);Italia;Università Degli Studi Di Firenze (Italia);0;0;25/08/2024
2023;ERASMUS;0911-Estudios de odontología;Facultad de Ciencias de la Salud y del Deporte;OUT;ITALIANO - B1 (Nivel intermedio);Italia;Università Degli Studi Di Trieste (Italia);2;1;25/08/2024
2023;ERASMUS;0911-Estudios de odontología;Facultad de Ciencias de la Salud y del Deporte;OUT;PORTUGUÉS - B1 (Nivel intermedio);Portugal;Egas Moniz Crl (Portugal);2;0;25/08/2024
2023;ERASMUS;0912-Medicina;Escuela de Doctorado;OUT;ALEMÁN - B1 (Nivel intermedio);Alemania;Humboldt-Universität Zu Berlin (Alemania);1;0;25/08/2024
2023;ERASMUS;0912-Medicina;Escuela de Doctorado;OUT;ALEMÁN - B1 (Nivel intermedio);Alemania;Technische Universität München (Alemania);3;3;25/08/2024
2023;ERASMUS;0912-Medicina;Escuela de Doctorado;OUT;ALEMÁN - B2 (Nivel avanzado);Alemania;Ludwig-Maximilians-Universität München (Alemania);3;0;25/08/2024
2023;ERASMUS;0912-Medicina;Escuela de Doctorado;OUT;FRANCÉS - B1 (Nivel intermedio);Bélgica;Université Libre De Bruxelles (Bélgica);4;4;25/08/2024
2023;ERASMUS;0912-Medicina;Escuela de Doctorado;OUT;FRANCÉS - B1 (Nivel intermedio);Francia;Université Jean Monnet De Saint- Etienne (Francia);6;5;25/08/2024
2023;ERASMUS;0912-Medicina;Escuela de Doctorado;OUT;FRANCÉS - B1 (Nivel intermedio);Francia;Université De Rennes I (Francia);3;3;25/08/2024
2023;ERASMUS;0912-Medicina;Escuela de Doctorado;OUT;FRANCÉS - B2 (Nivel avanzado);Francia;Université De Bordeaux (Francia);5;5;25/08/2024
2023;ERASMUS;0912-Medicina;Escuela de Doctorado;OUT;INGLÉS - B1 (Nivel intermedio);Eslovaquia;Univerzita Pavla Jozefa Safárika V Kosiciach (Eslovaquia);2;2;25/08/2024
2023;ERASMUS;0912-Medicina;Escuela de Doctorado;OUT;INGLÉS - B1 (Nivel intermedio);Finlandia;University Of Eastern Finland (Finlandia);2;2;25/08/2024
2023;ERASMUS;0912-Medicina;Escuela de Doctorado;OUT;INGLÉS - B1 (Nivel intermedio);Italia;Università Degli Studi Di Pavia (Italia);6;6;25/08/2024
2023;ERASMUS;0912-Medicina;Escuela de Doctorado;OUT;INGLÉS - B1 (Nivel intermedio);Italia;Università Degli Studi Di Genova (Italia);1;0;25/08/2024
2023;ERASMUS;0912-Medicina;Escuela de Doctorado;OUT;INGLÉS - B1 (Nivel intermedio);Rumanía;Universitatea De Medicina Si Farmacie Iuliu Hatieganu (Rumanía);5;5;25/08/2024
2023;ERASMUS;0912-Medicina;Escuela de Doctorado;OUT;INGLÉS - B2 (Nivel avanzado);Eslovaquia;Univerzita Komenskeho V Bratislave (Eslovaquia);2;2;25/08/2024
2023;ERASMUS;0912-Medicina;Escuela de Doctorado;OUT;INGLÉS - B2 (Nivel avanzado);República Checa;Univerzita Karlova V Praze (República Checa);3;2;25/08/2024
2023;ERASMUS;0912-Medicina;Escuela de Doctorado;OUT;ITALIANO - B1 (Nivel intermedio);Italia;Università Degli Studi Di Milano (Italia);5;4;25/08/2024
2023;ERASMUS;0912-Medicina;Escuela de Doctorado;OUT;ITALIANO - B1 (Nivel intermedio);Italia;Università Degli Studi Di Firenze (Italia);4;4;25/08/2024
2023;ERASMUS;0912-Medicina;Escuela de Doctorado;OUT;ITALIANO - B1 (Nivel intermedio);Italia;Università Degli Studi Di Modena E Reggio Emilia (Italia);5;2;25/08/2024
2023;ERASMUS;0912-Medicina;Escuela de Doctorado;OUT;ITALIANO - B1 (Nivel intermedio);Italia;Università Degli Studi Della Campania 'Luigi Vanvitelli' (Italia);3;3;25/08/2024
2023;ERASMUS;0912-Medicina;Escuela de Doctorado;OUT;No Informado;Grecia;University Of Crete (Grecia);2;2;25/08/2024
2023;ERASMUS;0912-Medicina;Escuela de Doctorado;OUT;PORTUGUÉS - B1 (Nivel intermedio);Portugal;Universidade De Coimbra (Portugal);2;2;25/08/2024
2023;ERASMUS;0912-Medicina;Facultad de Medicina;IN;ESPAÑOL - B1 (Nivel intermedio);Italia;Università Degli Studi Di Bari (Italia);4;0;25/08/2024
2023;ERASMUS;0912-Medicina;Facultad de Medicina;IN;ESPAÑOL - B1 (Nivel intermedio);Polonia;Lazarski University (Polonia);2;0;25/08/2024
2023;ERASMUS;0912-Medicina;Facultad de Medicina;IN;INGLÉS - B2 (Nivel avanzado);República Checa;Masarykova Univerzita Brno (República Checa);2;0;25/08/2024
2023;ERASMUS;0912-Medicina;Facultad de Medicina;IN;No Informado;Alemania;Technische Universität München (Alemania);3;0;25/08/2024
2023;ERASMUS;0912-Medicina;Facultad de Medicina;IN;No Informado;Alemania;Universität Zu Köln (Alemania);2;0;25/08/2024
2023;ERASMUS;0912-Medicina;Facultad de Medicina;IN;No Informado;Alemania;Philipps-Universität Marburg (Alemania);2;0;25/08/2024
2023;ERASMUS;0912-Medicina;Facultad de Medicina;IN;No Informado;Alemania;Humboldt-Universität Zu Berlin (Alemania);1;0;25/08/2024
2023;ERASMUS;0912-Medicina;Facultad de Medicina;IN;No Informado;Alemania;Ludwig-Maximilians-Universität München (Alemania);3;0;25/08/2024
2023;ERASMUS;0912-Medicina;Facultad de Medicina;IN;No Informado;Alemania;Rheinische Friedrich-Wilhelms- Universität Bonn (Alemania);2;0;25/08/2024
2023;ERASMUS;0912-Medicina;Facultad de Medicina;IN;No Informado;Bélgica;Université Libre De Bruxelles (Bélgica);4;0;25/08/2024
2023;ERASMUS;0912-Medicina;Facultad de Medicina;IN;No Informado;Eslovaquia;Univerzita Pavla Jozefa Safárika V Kosiciach (Eslovaquia);2;0;25/08/2024
2023;ERASMUS;0912-Medicina;Facultad de Medicina;IN;No Informado;Eslovaquia;Univerzita Komenskeho V Bratislave (Eslovaquia);2;0;25/08/2024
2023;ERASMUS;0912-Medicina;Facultad de Medicina;IN;No Informado;Finlandia;University Of Eastern Finland (Finlandia);2;0;25/08/2024
2023;ERASMUS;0912-Medicina;Facultad de Medicina;IN;No Informado;Francia;Université De Rennes I (Francia);3;0;25/08/2024
2023;ERASMUS;0912-Medicina;Facultad de Medicina;IN;No Informado;Francia;University Of Strasburg (Francia);1;0;25/08/2024
2023;ERASMUS;0912-Medicina;Facultad de Medicina;IN;No Informado;Francia;Université Jean Monnet De Saint- Etienne (Francia);6;0;25/08/2024
2023;ERASMUS;0912-Medicina;Facultad de Medicina;IN;No Informado;Grecia;University Of Crete (Grecia);2;0;25/08/2024
2023;ERASMUS;0912-Medicina;Facultad de Medicina;IN;No Informado;Italia;Università Degli Studi Insubria Varese-Como (Italia);4;0;25/08/2024
2023;ERASMUS;0912-Medicina;Facultad de Medicina;IN;No Informado;Italia;Università Degli Studi Di Modena E Reggio Emilia (Italia);0;0;25/08/2024
2023;ERASMUS;0912-Medicina;Facultad de Medicina;IN;No Informado;Italia;Università Degli Studi Della Campania 'Luigi Vanvitelli' (Italia);0;0;25/08/2024
2023;ERASMUS;0912-Medicina;Facultad de Medicina;IN;No Informado;Italia;Università Degli Studi Di Pavia (Italia);0;0;25/08/2024
2023;ERASMUS;0912-Medicina;Facultad de Medicina;IN;No Informado;Italia;Università Degli Studi Di Milano (Italia);0;0;25/08/2024
2023;ERASMUS;0912-Medicina;Facultad de Medicina;IN;No Informado;Italia;Università Degli Studi Di Firenze (Italia);4;0;25/08/2024
2023;ERASMUS;0912-Medicina;Facultad de Medicina;IN;No Informado;Italia;Università Degli Studi Di Perugia (Italia);2;0;25/08/2024
2023;ERASMUS;0912-Medicina;Facultad de Medicina;IN;No Informado;Italia;Università Degli Studi Di Salerno (Italia);2;0;25/08/2024
2023;ERASMUS;0912-Medicina;Facultad de Medicina;IN;No Informado;Portugal;Universidade Nova De Lisboa (Portugal);2;0;25/08/2024
2023;ERASMUS;0912-Medicina;Facultad de Medicina;IN;No Informado;República Checa;Univerzita Palackého V Olomouci (República Checa);2;0;25/08/2024
2023;ERASMUS;0912-Medicina;Facultad de Medicina;IN;No Informado;República Checa;Ostravská Univerzita V Ostrave (República Checa);2;0;25/08/2024
2023;ERASMUS;0912-Medicina;Facultad de Medicina;IN;No Informado;República Checa;Univerzita Karlova V Praze (República Checa);3;0;25/08/2024
2023;ERASMUS;0912-Medicina;Facultad de Medicina;OUT;ALEMÁN - B1 (Nivel intermedio);Alemania;Rheinische Friedrich-Wilhelms- Universität Bonn (Alemania);2;0;25/08/2024
2023;ERASMUS;0912-Medicina;Facultad de Medicina;OUT;ALEMÁN - B1 (Nivel intermedio);Alemania;Technische Universität München (Alemania);3;3;25/08/2024
2023;ERASMUS;0912-Medicina;Facultad de Medicina;OUT;ALEMÁN - B1 (Nivel intermedio);Alemania;Humboldt-Universität Zu Berlin (Alemania);0;0;25/08/2024
2023;ERASMUS;0912-Medicina;Facultad de Medicina;OUT;ALEMÁN - B1 (Nivel intermedio);Alemania;Philipps-Universität Marburg (Alemania);2;0;25/08/2024
2023;ERASMUS;0912-Medicina;Facultad de Medicina;OUT;ALEMÁN - B1 (Nivel intermedio);Alemania;Universität Zu Köln (Alemania);2;2;25/08/2024
2023;ERASMUS;0912-Medicina;Facultad de Medicina;OUT;ALEMÁN - B2 (Nivel avanzado);Alemania;Ludwig-Maximilians-Universität München (Alemania);3;0;25/08/2024
2023;ERASMUS;0912-Medicina;Facultad de Medicina;OUT;FRANCÉS - B1 (Nivel intermedio);Bélgica;Université Libre De Bruxelles (Bélgica);4;4;25/08/2024
2023;ERASMUS;0912-Medicina;Facultad de Medicina;OUT;FRANCÉS - B1 (Nivel intermedio);Francia;University Of Strasburg (Francia);1;1;25/08/2024
2023;ERASMUS;0912-Medicina;Facultad de Medicina;OUT;FRANCÉS - B1 (Nivel intermedio);Francia;Université Jean Monnet De Saint- Etienne (Francia);6;5;25/08/2024
2023;ERASMUS;0912-Medicina;Facultad de Medicina;OUT;FRANCÉS - B1 (Nivel intermedio);Francia;Université De Rennes I (Francia);3;3;25/08/2024
2023;ERASMUS;0912-Medicina;Facultad de Medicina;OUT;FRANCÉS - B2 (Nivel avanzado);Francia;Université De Bordeaux (Francia);5;5;25/08/2024
2023;ERASMUS;0912-Medicina;Facultad de Medicina;OUT;INGLÉS - B1 (Nivel intermedio);Eslovaquia;Univerzita Pavla Jozefa Safárika V Kosiciach (Eslovaquia);2;2;25/08/2024
2023;ERASMUS;0912-Medicina;Facultad de Medicina;OUT;INGLÉS - B1 (Nivel intermedio);Finlandia;University Of Eastern Finland (Finlandia);2;2;25/08/2024
2023;ERASMUS;0912-Medicina;Facultad de Medicina;OUT;INGLÉS - B1 (Nivel intermedio);Italia;Università Degli Studi Di Pavia (Italia);6;6;25/08/2024
2023;ERASMUS;0912-Medicina;Facultad de Medicina;OUT;INGLÉS - B1 (Nivel intermedio);Italia;Università Degli Studi Di Trieste (Italia);1;0;25/08/2024
2023;ERASMUS;0912-Medicina;Facultad de Medicina;OUT;INGLÉS - B1 (Nivel intermedio);República Checa;Univerzita Karlova V Praze (República Checa);0;0;25/08/2024
2023;ERASMUS;0912-Medicina;Facultad de Medicina;OUT;INGLÉS - B1 (Nivel intermedio);República Checa;Ostravská Univerzita V Ostrave (República Checa);2;1;25/08/2024
2023;ERASMUS;0912-Medicina;Facultad de Medicina;OUT;INGLÉS - B1 (Nivel intermedio);Rumanía;Universitatea De Medicina Si Farmacie Iuliu Hatieganu (Rumanía);5;5;25/08/2024
2023;ERASMUS;0912-Medicina;Facultad de Medicina;OUT;INGLÉS - B2 (Nivel avanzado);Eslovaquia;Univerzita Komenskeho V Bratislave (Eslovaquia);2;2;25/08/2024
2023;ERASMUS;0912-Medicina;Facultad de Medicina;OUT;INGLÉS - B2 (Nivel avanzado);República Checa;Masarykova Univerzita Brno (República Checa);2;2;25/08/2024
2023;ERASMUS;0912-Medicina;Facultad de Medicina;OUT;INGLÉS - B2 (Nivel avanzado);República Checa;Univerzita Palackého V Olomouci (República Checa);2;2;25/08/2024
2023;ERASMUS;0912-Medicina;Facultad de Medicina;OUT;INGLÉS - B2 (Nivel avanzado);República Checa;Univerzita Karlova V Praze (República Checa);3;2;25/08/2024
2023;ERASMUS;0912-Medicina;Facultad de Medicina;OUT;ITALIANO - A2 (Nivel básico avanzado);Italia;Università Degli Studi Di Salerno (Italia);2;2;25/08/2024
2023;ERASMUS;0912-Medicina;Facultad de Medicina;OUT;ITALIANO - B1 (Nivel intermedio);Italia;Università Degli Studi Della Campania 'Luigi Vanvitelli' (Italia);3;3;25/08/2024
2023;ERASMUS;0912-Medicina;Facultad de Medicina;OUT;ITALIANO - B1 (Nivel intermedio);Italia;Università Degli Studi Di Modena E Reggio Emilia (Italia);5;2;25/08/2024
2023;ERASMUS;0912-Medicina;Facultad de Medicina;OUT;ITALIANO - B1 (Nivel intermedio);Italia;Università Degli Studi Insubria Varese-Como (Italia);4;4;25/08/2024
2023;ERASMUS;0912-Medicina;Facultad de Medicina;OUT;ITALIANO - B1 (Nivel intermedio);Italia;Università Degli Studi Di Perugia (Italia);2;2;25/08/2024
2023;ERASMUS;0912-Medicina;Facultad de Medicina;OUT;ITALIANO - B1 (Nivel intermedio);Italia;Università Degli Studi Di Palermo (Italia);2;2;25/08/2024
2023;ERASMUS;0912-Medicina;Facultad de Medicina;OUT;ITALIANO - B1 (Nivel intermedio);Italia;Università Degli Studi Di Firenze (Italia);4;4;25/08/2024
2023;ERASMUS;0912-Medicina;Facultad de Medicina;OUT;ITALIANO - B1 (Nivel intermedio);Italia;Università Degli Studi Di Torino (Italia);1;0;25/08/2024
2023;ERASMUS;0912-Medicina;Facultad de Medicina;OUT;ITALIANO - B1 (Nivel intermedio);Italia;Università Degli Studi Di Milano (Italia);5;4;25/08/2024
2023;ERASMUS;0912-Medicina;Facultad de Medicina;OUT;ITALIANO - B1 (Nivel intermedio);Italia;Università Degli Studi Di Foggia (Italia);4;4;25/08/2024
2023;ERASMUS;0912-Medicina;Facultad de Medicina;OUT;ITALIANO - B1 (Nivel intermedio);Italia;Università Degli Studi Di Bari (Italia);4;4;25/08/2024
2023;ERASMUS;0912-Medicina;Facultad de Medicina;OUT;ITALIANO - B1 (Nivel intermedio);Italia;Università Degli Studi Di Napoli Federico Ii (Italia);2;2;25/08/2024
2023;ERASMUS;0912-Medicina;Facultad de Medicina;OUT;No Informado;Grecia;University Of Crete (Grecia);2;2;25/08/2024
2023;ERASMUS;0912-Medicina;Facultad de Medicina;OUT;OTROS - B1 (Nivel intermedio);Polonia;Lazarski University (Polonia);2;0;25/08/2024
2023;ERASMUS;0912-Medicina;Facultad de Medicina;OUT;PORTUGUÉS - B1 (Nivel intermedio);Portugal;Universidade Nova De Lisboa (Portugal);2;2;25/08/2024
2023;ERASMUS;0912-Medicina;Facultad de Medicina;OUT;PORTUGUÉS - B1 (Nivel intermedio);Portugal;Universidade De Coimbra (Portugal);2;2;25/08/2024
2023;ERASMUS;0913-0913-Enfermería;Escuela Universitaria de Enfermería de Teruel;IN;ESPAÑOL - B1 (Nivel intermedio);Bélgica;Haute École De La Province De Liege Laon-Eli Troclet (Bélgica);2;0;25/08/2024
2023;ERASMUS;0913-0913-Enfermería;Escuela Universitaria de Enfermería de Teruel;IN;ESPAÑOL - B1 (Nivel intermedio);Italia;Università Degli Studi Di Padova (Italia);2;0;25/08/2024
2023;ERASMUS;0913-0913-Enfermería;Escuela Universitaria de Enfermería de Teruel;IN;ESPAÑOL - B1 (Nivel intermedio);Italia;Università Degli Studi Di Bologna (Italia);2;0;25/08/2024
2023;ERASMUS;0913-0913-Enfermería;Escuela Universitaria de Enfermería de Teruel;IN;ESPAÑOL - B1 (Nivel intermedio);Italia;Università Degli Studi Di Sassari (Italia);2;0;25/08/2024
2023;ERASMUS;0913-0913-Enfermería;Escuela Universitaria de Enfermería de Teruel;IN;ESPAÑOL - B1 (Nivel intermedio);Portugal;Universidade Do Minho (Portugal);2;0;25/08/2024
2023;ERASMUS;0913-0913-Enfermería;Escuela Universitaria de Enfermería de Teruel;IN;ESPAÑOL - B1 (Nivel intermedio);Portugal;Escola Superior De Enfermagen De Coimbra (Portugal);2;0;25/08/2024
2023;ERASMUS;0913-0913-Enfermería;Escuela Universitaria de Enfermería de Teruel;IN;ESPAÑOL - B2 (Nivel avanzado);Turquía;Ankara University (Turquía);2;0;25/08/2024
2023;ERASMUS;0913-0913-Enfermería;Escuela Universitaria de Enfermería de Teruel;OUT;FRANCÉS - B1 (Nivel intermedio);Bélgica;Haute École De La Province De Liege Laon-Eli Troclet (Bélgica);2;0;25/08/2024
2023;ERASMUS;0913-0913-Enfermería;Escuela Universitaria de Enfermería de Teruel;OUT;INGLÉS - B2 (Nivel avanzado);Turquía;Ankara University (Turquía);2;1;25/08/2024
2023;ERASMUS;0913-0913-Enfermería;Escuela Universitaria de Enfermería de Teruel;OUT;ITALIANO - B1 (Nivel intermedio);Italia;Università Degli Studi Di Padova (Italia);2;2;25/08/2024
2023;ERASMUS;0913-0913-Enfermería;Escuela Universitaria de Enfermería de Teruel;OUT;ITALIANO - B1 (Nivel intermedio);Italia;Università Degli Studi Di Sassari (Italia);2;2;25/08/2024
2023;ERASMUS;0913-0913-Enfermería;Escuela Universitaria de Enfermería de Teruel;OUT;ITALIANO - B1 (Nivel intermedio);Italia;Università Degli Studi Di Bologna (Italia);2;0;25/08/2024
2023;ERASMUS;0913-0913-Enfermería;Escuela Universitaria de Enfermería de Teruel;OUT;PORTUGUÉS - B1 (Nivel intermedio);Portugal;Escola Superior De Enfermagen De Coimbra (Portugal);2;0;25/08/2024
2023;ERASMUS;0913-0913-Enfermería;Escuela Universitaria de Enfermería de Teruel;OUT;PORTUGUÉS - B1 (Nivel intermedio);Portugal;Universidade Do Minho (Portugal);2;0;25/08/2024
2023;ERASMUS;0913-0913-Enfermería;Escuela Universitaria de Enfermería San Jorge de Huesca;IN;ESPAÑOL - B1 (Nivel intermedio);Italia;Università Degli Studi Di Torino (Italia);2;0;25/08/2024
2023;ERASMUS;0913-0913-Enfermería;Escuela Universitaria de Enfermería San Jorge de Huesca;OUT;ITALIANO - B1 (Nivel intermedio);Italia;Università Degli Studi Di Torino (Italia);2;0;25/08/2024
2023;ERASMUS;0913-0913-Enfermería;Facultad de Ciencias de la Salud;IN;ESPAÑOL - B1 (Nivel intermedio);Portugal;Instituto Politécnico Da Guarda (Portugal);2;0;25/08/2024
2023;ERASMUS;0913-0913-Enfermería;Facultad de Ciencias de la Salud;IN;INGLÉS - B1 (Nivel intermedio);Italia;Università Degli Studi Di Bologna (Italia);2;0;25/08/2024
2023;ERASMUS;0913-0913-Enfermería;Facultad de Ciencias de la Salud;IN;No Informado;Italia;Università Degli Studi Insubria Varese-Como (Italia);2;0;25/08/2024
2023;ERASMUS;0913-0913-Enfermería;Facultad de Ciencias de la Salud;OUT;INGLÉS - B1 (Nivel intermedio);Italia;Università Degli Studi Di Bologna (Italia);2;1;25/08/2024
2023;ERASMUS;0913-0913-Enfermería;Facultad de Ciencias de la Salud;OUT;ITALIANO - B2 (Nivel avanzado);Italia;Università Degli Studi Insubria Varese-Como (Italia);2;0;25/08/2024
2023;ERASMUS;0913-0913-Enfermería;Facultad de Ciencias de la Salud;OUT;PORTUGUÉS - A2 (Nivel básico avanzado);Portugal;Instituto Politécnico Da Guarda (Portugal);2;0;25/08/2024
2023;ERASMUS;0914-Diagnóstico médico y tecnología para tratamientos;Escuela de Ingeniería y Arquitectura;IN;ESPAÑOL - B1 (Nivel intermedio);Austria;Technische Universität Wien (Austria);2;0;25/08/2024
2023;ERASMUS;0914-Diagnóstico médico y tecnología para tratamientos;Escuela de Ingeniería y Arquitectura;IN;ESPAÑOL - B1 (Nivel intermedio);Bélgica;Katholieke Universiteit Leuven (Bélgica);1;0;25/08/2024
2023;ERASMUS;0914-Diagnóstico médico y tecnología para tratamientos;Escuela de Ingeniería y Arquitectura;IN;ESPAÑOL - B1 (Nivel intermedio);Francia;Université D'Angers (Francia);2;0;25/08/2024
2023;ERASMUS;0914-Diagnóstico médico y tecnología para tratamientos;Escuela de Ingeniería y Arquitectura;IN;ESPAÑOL - B1 (Nivel intermedio);Portugal;Universidade De Trás-Os-Montes E Alto Douro (Portugal);4;0;25/08/2024
2023;ERASMUS;0914-Diagnóstico médico y tecnología para tratamientos;Escuela de Ingeniería y Arquitectura;OUT;FRANCÉS - B1 (Nivel intermedio);Francia;Université De Lorraine (Francia);2;0;25/08/2024
2023;ERASMUS;0914-Diagnóstico médico y tecnología para tratamientos;Escuela de Ingeniería y Arquitectura;OUT;INGLÉS - B1 (Nivel intermedio);Austria;Technische Universität Wien (Austria);2;2;25/08/2024
2023;ERASMUS;0914-Diagnóstico médico y tecnología para tratamientos;Escuela de Ingeniería y Arquitectura;OUT;INGLÉS - B1 (Nivel intermedio);Portugal;Universidade De Trás-Os-Montes E Alto Douro (Portugal);4;0;25/08/2024
2023;ERASMUS;0914-Diagnóstico médico y tecnología para tratamientos;Escuela de Ingeniería y Arquitectura;OUT;INGLÉS - B2 (Nivel avanzado);Bélgica;Katholieke Universiteit Leuven (Bélgica);1;0;25/08/2024
2023;ERASMUS;0914-Diagnóstico médico y tecnología para tratamientos;Escuela de Ingeniería y Arquitectura;OUT;INGLÉS - B2 (Nivel avanzado);Francia;Université D'Angers (Francia);2;1;25/08/2024
2023;ERASMUS;0915-Terapia y rehabilitación;Facultad de Ciencias de la Salud;IN;INGLÉS - B1 (Nivel intermedio);Bélgica;Odisee University Of Applied Sciences (Bélgica);0;0;25/08/2024
2023;ERASMUS;0915-Terapia y rehabilitación;Facultad de Ciencias de la Salud;IN;No Informado;Bélgica;Odisee University Of Applied Sciences (Bélgica);0;0;25/08/2024
2023;ERASMUS;0915-Terapia y rehabilitación;Facultad de Ciencias de la Salud;IN;No Informado;Italia;Università Degli Studi Di Modena E Reggio Emilia (Italia);2;0;25/08/2024
2023;ERASMUS;0915-Terapia y rehabilitación;Facultad de Ciencias de la Salud;IN;No Informado;Polonia;Politechnika Opolska (Polonia);2;0;25/08/2024
2023;ERASMUS;0915-Terapia y rehabilitación;Facultad de Ciencias de la Salud;OUT;ESPAÑOL - B1 (Nivel intermedio);Bélgica;Odisee University Of Applied Sciences (Bélgica);2;1;25/08/2024
2023;ERASMUS;0915-Terapia y rehabilitación;Facultad de Ciencias de la Salud;OUT;INGLÉS - B1 (Nivel intermedio);Bélgica;Odisee University Of Applied Sciences (Bélgica);2;0;25/08/2024
2023;ERASMUS;0915-Terapia y rehabilitación;Facultad de Ciencias de la Salud;OUT;INGLÉS - B1 (Nivel intermedio);Italia;Università Degli Studi Di Modena E Reggio Emilia (Italia);2;2;25/08/2024
2023;ERASMUS;0915-Terapia y rehabilitación;Facultad de Ciencias de la Salud;OUT;INGLÉS - B2 (Nivel avanzado);Polonia;Politechnika Opolska (Polonia);2;0;25/08/2024
2023;ERASMUS;0915-Terapia y rehabilitación;Facultad de Ciencias de la Salud;OUT;OTROS - B1 (Nivel intermedio);Bélgica;Odisee University Of Applied Sciences (Bélgica);0;0;25/08/2024
2023;ERASMUS;0916-Farmacia;Facultad de Veterinaria;IN;ESPAÑOL - B1 (Nivel intermedio);Italia;Università Degli Studi Di Padova (Italia);2;0;25/08/2024
2023;ERASMUS;0916-Farmacia;Facultad de Veterinaria;OUT;ITALIANO - A2 (Nivel básico avanzado);Italia;Università Degli Studi Di Padova (Italia);2;0;25/08/2024
2023;ERASMUS;0919-Salud (otros estudios);Escuela de Ingeniería y Arquitectura;OUT;No Informado;Italia;Università Degli Studi Di Napoli Federico Ii (Italia);2;0;25/08/2024
2023;ERASMUS;0919-Salud (otros estudios);Facultad de Ciencias;IN;ESPAÑOL - B1 (Nivel intermedio);Francia;Université Paris-Saclay (Francia);2;0;25/08/2024
2023;ERASMUS;0919-Salud (otros estudios);Facultad de Ciencias;IN;ESPAÑOL - B1 (Nivel intermedio);Italia;Università Degli Studi Di Torino (Italia);5;0;25/08/2024
2023;ERASMUS;0919-Salud (otros estudios);Facultad de Ciencias;IN;ESPAÑOL - B1 (Nivel intermedio);Letonia;Latvijas Universitáte (Letonia);2;0;25/08/2024
2023;ERASMUS;0919-Salud (otros estudios);Facultad de Ciencias;IN;ESPAÑOL - B1 (Nivel intermedio);Portugal;Universidade Do Minho (Portugal);2;0;25/08/2024
2023;ERASMUS;0919-Salud (otros estudios);Facultad de Ciencias;IN;ESPAÑOL - B1 (Nivel intermedio);Portugal;Universidade Da Beira Interior (Portugal);2;0;25/08/2024
2023;ERASMUS;0919-Salud (otros estudios);Facultad de Ciencias;IN;No Informado;Italia;Università Degli Studi Di Firenze (Italia);4;0;25/08/2024
2023;ERASMUS;0919-Salud (otros estudios);Facultad de Ciencias;OUT;INGLÉS - B2 (Nivel avanzado);Francia;Université Paris-Saclay (Francia);2;0;25/08/2024
2023;ERASMUS;0919-Salud (otros estudios);Facultad de Ciencias;OUT;INGLÉS - B2 (Nivel avanzado);Italia;Università Degli Studi Di Firenze (Italia);4;0;25/08/2024
2023;ERASMUS;0919-Salud (otros estudios);Facultad de Ciencias;OUT;INGLÉS - B2 (Nivel avanzado);Letonia;Latvijas Universitáte (Letonia);2;0;25/08/2024
2023;ERASMUS;0919-Salud (otros estudios);Facultad de Ciencias;OUT;INGLÉS - B2 (Nivel avanzado);Portugal;Universidade Do Minho (Portugal);2;0;25/08/2024
2023;ERASMUS;0919-Salud (otros estudios);Facultad de Ciencias;OUT;ITALIANO - B1 (Nivel intermedio);Italia;Università Degli Studi Di Torino (Italia);5;1;25/08/2024
2023;ERASMUS;0919-Salud (otros estudios);Facultad de Ciencias;OUT;PORTUGUÉS - B1 (Nivel intermedio);Portugal;Universidade Da Beira Interior (Portugal);2;1;25/08/2024
2023;ERASMUS;0919-Salud (otros estudios);Facultad de Ciencias de la Salud;IN;No Informado;Bélgica;Haute École De La Province De Liege Laon-Eli Troclet (Bélgica);2;0;25/08/2024
2023;ERASMUS;0919-Salud (otros estudios);Facultad de Ciencias de la Salud;OUT;FRANCÉS - B1 (Nivel intermedio);Bélgica;Haute École De La Province De Liege Laon-Eli Troclet (Bélgica);2;0;25/08/2024
2023;ERASMUS;0919-Salud (otros estudios);Facultad de Ciencias de la Salud y del Deporte;OUT;INGLÉS - B1 (Nivel intermedio);Bélgica;Hogeschool Gent (Bélgica);2;0;25/08/2024
2023;ERASMUS;0919-Salud (otros estudios);Facultad de Ciencias de la Salud y del Deporte;OUT;INGLÉS - B2 (Nivel avanzado);Bélgica;Universiteit Gent (Bélgica);2;0;25/08/2024
2023;ERASMUS;[092]-092-Servicios sociales;Facultad de Ciencias Sociales y del Trabajo;IN;No Informado;Rumanía;Universitatea Babes-Bolyai Din Cluj-Napoca (Rumanía);2;0;25/08/2024
2023;ERASMUS;[092]-092-Servicios sociales;Facultad de Ciencias Sociales y del Trabajo;OUT;OTROS - B2 (Nivel avanzado);Rumanía;Universitatea Babes-Bolyai Din Cluj-Napoca (Rumanía);2;4;25/08/2024
2023;ERASMUS;0923-Trabajo social y orientación;Facultad de Ciencias Sociales y del Trabajo;IN;ESPAÑOL - B1 (Nivel intermedio);Alemania;Ostfalia Hochschule Für Angewandte Wissenschaften (Alemania);2;0;25/08/2024
2023;ERASMUS;0923-Trabajo social y orientación;Facultad de Ciencias Sociales y del Trabajo;IN;INGLÉS - B1 (Nivel intermedio);Rumanía;Universitatea Din Bucuresti (Rumanía);2;0;25/08/2024
2023;ERASMUS;0923-Trabajo social y orientación;Facultad de Ciencias Sociales y del Trabajo;IN;No Informado;Alemania;Hochschule Düsseldorf-University Of Applied Sciences (Alemania);1;0;25/08/2024
2023;ERASMUS;0923-Trabajo social y orientación;Facultad de Ciencias Sociales y del Trabajo;IN;No Informado;Alemania;Alice-Salomon-Hochschule Berlin (Alemania);6;0;25/08/2024
2023;ERASMUS;0923-Trabajo social y orientación;Facultad de Ciencias Sociales y del Trabajo;IN;No Informado;Alemania;Fachhochschule Bielefeld (Alemania);2;0;25/08/2024
2023;ERASMUS;0923-Trabajo social y orientación;Facultad de Ciencias Sociales y del Trabajo;IN;No Informado;Alemania;Fachhochschule Potsdam (Alemania);3;0;25/08/2024
2023;ERASMUS;0923-Trabajo social y orientación;Facultad de Ciencias Sociales y del Trabajo;IN;No Informado;Alemania;Hochschule Coburg (Alemania);2;0;25/08/2024
2023;ERASMUS;0923-Trabajo social y orientación;Facultad de Ciencias Sociales y del Trabajo;IN;No Informado;Alemania;Pädagogische Hochschule Freiburg Im Breisgau (Alemania);5;0;25/08/2024
2023;ERASMUS;0923-Trabajo social y orientación;Facultad de Ciencias Sociales y del Trabajo;IN;No Informado;Austria;Fh Joanneum Gesellschaft Mbh (Austria);2;0;25/08/2024
2023;ERASMUS;0923-Trabajo social y orientación;Facultad de Ciencias Sociales y del Trabajo;IN;No Informado;Austria;Management Center Innsbruck Ges.M.B.H (Austria);3;0;25/08/2024
2023;ERASMUS;0923-Trabajo social y orientación;Facultad de Ciencias Sociales y del Trabajo;IN;No Informado;Austria;Universität Salzburg (Austria);3;0;25/08/2024
2023;ERASMUS;0923-Trabajo social y orientación;Facultad de Ciencias Sociales y del Trabajo;IN;No Informado;Bélgica;Université Libre De Bruxelles (Bélgica);2;0;25/08/2024
2023;ERASMUS;0923-Trabajo social y orientación;Facultad de Ciencias Sociales y del Trabajo;IN;No Informado;Bélgica;University Colleges Leuven-Limburg (Bélgica);2;0;25/08/2024
2023;ERASMUS;0923-Trabajo social y orientación;Facultad de Ciencias Sociales y del Trabajo;IN;No Informado;Dinamarca;University College South Denmark (Dinamarca);2;0;25/08/2024
2023;ERASMUS;0923-Trabajo social y orientación;Facultad de Ciencias Sociales y del Trabajo;IN;No Informado;Eslovenia;Univerza V Ljubljana (Eslovenia);2;0;25/08/2024
2023;ERASMUS;0923-Trabajo social y orientación;Facultad de Ciencias Sociales y del Trabajo;IN;No Informado;Francia;Université De Reims Champagne-Ardenne (Francia);3;0;25/08/2024
2023;ERASMUS;0923-Trabajo social y orientación;Facultad de Ciencias Sociales y del Trabajo;IN;No Informado;Francia;Université De Toulouse - Jean Jaurès (Francia);2;0;25/08/2024
2023;ERASMUS;0923-Trabajo social y orientación;Facultad de Ciencias Sociales y del Trabajo;IN;No Informado;Francia;Institut Régional De Formation Sanitaire Et Sociale Midi-Pyrénées (Toulouse) (Francia);2;0;25/08/2024
2023;ERASMUS;0923-Trabajo social y orientación;Facultad de Ciencias Sociales y del Trabajo;IN;No Informado;Francia;Irts De Lorraine (Francia);2;0;25/08/2024
2023;ERASMUS;0923-Trabajo social y orientación;Facultad de Ciencias Sociales y del Trabajo;IN;No Informado;Francia;Institut Limayrac (Francia);1;0;25/08/2024
2023;ERASMUS;0923-Trabajo social y orientación;Facultad de Ciencias Sociales y del Trabajo;IN;No Informado;Francia;Université Du Havre (Francia);3;0;25/08/2024
2023;ERASMUS;0923-Trabajo social y orientación;Facultad de Ciencias Sociales y del Trabajo;IN;No Informado;Francia;Université De Picardie Jules Verne (Francia);4;0;25/08/2024
2023;ERASMUS;0923-Trabajo social y orientación;Facultad de Ciencias Sociales y del Trabajo;IN;No Informado;Holanda;Saxion University Of Applied Science (Holanda);2;0;25/08/2024
2023;ERASMUS;0923-Trabajo social y orientación;Facultad de Ciencias Sociales y del Trabajo;IN;No Informado;Italia;Università Degli Studi Di Milano-Bicocca (Italia);2;0;25/08/2024
2023;ERASMUS;0923-Trabajo social y orientación;Facultad de Ciencias Sociales y del Trabajo;IN;No Informado;Italia;Università Degli Studi Di Cagliari (Italia);2;0;25/08/2024
2023;ERASMUS;0923-Trabajo social y orientación;Facultad de Ciencias Sociales y del Trabajo;IN;No Informado;Italia;Università Del Salento (Italia);4;0;25/08/2024
2023;ERASMUS;0923-Trabajo social y orientación;Facultad de Ciencias Sociales y del Trabajo;IN;No Informado;Italia;Università Degli Studi Di Trento (Italia);2;0;25/08/2024
2023;ERASMUS;0923-Trabajo social y orientación;Facultad de Ciencias Sociales y del Trabajo;IN;No Informado;Italia;Università Degli Studi Di Torino (Italia);5;0;25/08/2024
2023;ERASMUS;0923-Trabajo social y orientación;Facultad de Ciencias Sociales y del Trabajo;IN;No Informado;Italia;Università Degli Studi Di Genova (Italia);2;0;25/08/2024
2023;ERASMUS;0923-Trabajo social y orientación;Facultad de Ciencias Sociales y del Trabajo;IN;No Informado;Italia;"Università Per Stranieri ""Dante Alighieri"" De Reggio Calabria (Italia)";4;0;25/08/2024
2023;ERASMUS;0923-Trabajo social y orientación;Facultad de Ciencias Sociales y del Trabajo;IN;No Informado;Italia;Università Degli Studi Di Palermo (Italia);2;0;25/08/2024
2023;ERASMUS;0923-Trabajo social y orientación;Facultad de Ciencias Sociales y del Trabajo;IN;No Informado;Lituania;Mykolas Romeris University (Lituania);2;0;25/08/2024
2023;ERASMUS;0923-Trabajo social y orientación;Facultad de Ciencias Sociales y del Trabajo;IN;No Informado;Portugal;Universidade Católica Portuguesa (Portugal);2;0;25/08/2024
2023;ERASMUS;0923-Trabajo social y orientación;Facultad de Ciencias Sociales y del Trabajo;IN;No Informado;Portugal;Universidade De Lisboa (Portugal);5;0;25/08/2024
2023;ERASMUS;0923-Trabajo social y orientación;Facultad de Ciencias Sociales y del Trabajo;IN;No Informado;Portugal;Instituto Superior Miguel Torga (Portugal);2;0;25/08/2024
2023;ERASMUS;0923-Trabajo social y orientación;Facultad de Ciencias Sociales y del Trabajo;OUT;ALEMÁN - B1 (Nivel intermedio);Alemania;Fachhochschule Potsdam (Alemania);3;0;25/08/2024
2023;ERASMUS;0923-Trabajo social y orientación;Facultad de Ciencias Sociales y del Trabajo;OUT;ALEMÁN - B1 (Nivel intermedio);Alemania;Fachhochschule Bielefeld (Alemania);2;2;25/08/2024
2023;ERASMUS;0923-Trabajo social y orientación;Facultad de Ciencias Sociales y del Trabajo;OUT;ALEMÁN - B1 (Nivel intermedio);Alemania;Pädagogische Hochschule Freiburg Im Breisgau (Alemania);5;0;25/08/2024
2023;ERASMUS;0923-Trabajo social y orientación;Facultad de Ciencias Sociales y del Trabajo;OUT;ALEMÁN - B1 (Nivel intermedio);Alemania;Ostfalia Hochschule Für Angewandte Wissenschaften (Alemania);2;0;25/08/2024
2023;ERASMUS;0923-Trabajo social y orientación;Facultad de Ciencias Sociales y del Trabajo;OUT;ALEMÁN - B1 (Nivel intermedio);Alemania;Hochschule Düsseldorf-University Of Applied Sciences (Alemania);2;0;25/08/2024
2023;ERASMUS;0923-Trabajo social y orientación;Facultad de Ciencias Sociales y del Trabajo;OUT;FRANCÉS - B1 (Nivel intermedio);Francia;Institut Régional De Formation Sanitaire Et Sociale Midi-Pyrénées (Toulouse) (Francia);2;0;25/08/2024
2023;ERASMUS;0923-Trabajo social y orientación;Facultad de Ciencias Sociales y del Trabajo;OUT;FRANCÉS - B1 (Nivel intermedio);Francia;Université De Toulouse - Jean Jaurès (Francia);2;0;25/08/2024
2023;ERASMUS;0923-Trabajo social y orientación;Facultad de Ciencias Sociales y del Trabajo;OUT;FRANCÉS - B1 (Nivel intermedio);Francia;Université De Reims Champagne-Ardenne (Francia);3;0;25/08/2024
2023;ERASMUS;0923-Trabajo social y orientación;Facultad de Ciencias Sociales y del Trabajo;OUT;FRANCÉS - B1 (Nivel intermedio);Francia;Université De Picardie Jules Verne (Francia);4;1;25/08/2024
2023;ERASMUS;0923-Trabajo social y orientación;Facultad de Ciencias Sociales y del Trabajo;OUT;FRANCÉS - B1 (Nivel intermedio);Francia;Irts De Lorraine (Francia);2;0;25/08/2024
2023;ERASMUS;0923-Trabajo social y orientación;Facultad de Ciencias Sociales y del Trabajo;OUT;FRANCÉS - B1 (Nivel intermedio);Francia;Institut Limayrac (Francia);1;0;25/08/2024
2023;ERASMUS;0923-Trabajo social y orientación;Facultad de Ciencias Sociales y del Trabajo;OUT;FRANCÉS - B1 (Nivel intermedio);Francia;Université Du Havre (Francia);4;0;25/08/2024
2023;ERASMUS;0923-Trabajo social y orientación;Facultad de Ciencias Sociales y del Trabajo;OUT;INGLÉS - B1 (Nivel intermedio);Alemania;Alice-Salomon-Hochschule Berlin (Alemania);3;3;25/08/2024
2023;ERASMUS;0923-Trabajo social y orientación;Facultad de Ciencias Sociales y del Trabajo;OUT;INGLÉS - B1 (Nivel intermedio);Bélgica;University Colleges Leuven-Limburg (Bélgica);2;0;25/08/2024
2023;ERASMUS;0923-Trabajo social y orientación;Facultad de Ciencias Sociales y del Trabajo;OUT;INGLÉS - B1 (Nivel intermedio);Bélgica;Université Libre De Bruxelles (Bélgica);2;0;25/08/2024
2023;ERASMUS;0923-Trabajo social y orientación;Facultad de Ciencias Sociales y del Trabajo;OUT;INGLÉS - B1 (Nivel intermedio);Dinamarca;University College South Denmark (Dinamarca);1;0;25/08/2024
2023;ERASMUS;0923-Trabajo social y orientación;Facultad de Ciencias Sociales y del Trabajo;OUT;INGLÉS - B1 (Nivel intermedio);Eslovenia;Univerza V Ljubljana (Eslovenia);2;0;25/08/2024
2023;ERASMUS;0923-Trabajo social y orientación;Facultad de Ciencias Sociales y del Trabajo;OUT;INGLÉS - B1 (Nivel intermedio);Italia;"Università Per Stranieri ""Dante Alighieri"" De Reggio Calabria (Italia)";4;0;25/08/2024
2023;ERASMUS;0923-Trabajo social y orientación;Facultad de Ciencias Sociales y del Trabajo;OUT;INGLÉS - B1 (Nivel intermedio);Lituania;Mykolas Romeris University (Lituania);2;0;25/08/2024
2023;ERASMUS;0923-Trabajo social y orientación;Facultad de Ciencias Sociales y del Trabajo;OUT;INGLÉS - B1 (Nivel intermedio);Portugal;Instituto Superior Miguel Torga (Portugal);2;4;25/08/2024
2023;ERASMUS;0923-Trabajo social y orientación;Facultad de Ciencias Sociales y del Trabajo;OUT;INGLÉS - B2 (Nivel avanzado);Austria;Management Center Innsbruck Ges.M.B.H (Austria);3;0;25/08/2024
2023;ERASMUS;0923-Trabajo social y orientación;Facultad de Ciencias Sociales y del Trabajo;OUT;INGLÉS - B2 (Nivel avanzado);Austria;Universität Salzburg (Austria);3;0;25/08/2024
2023;ERASMUS;0923-Trabajo social y orientación;Facultad de Ciencias Sociales y del Trabajo;OUT;INGLÉS - B2 (Nivel avanzado);Holanda;Saxion University Of Applied Science (Holanda);2;0;25/08/2024
2023;ERASMUS;0923-Trabajo social y orientación;Facultad de Ciencias Sociales y del Trabajo;OUT;INGLÉS - B2 (Nivel avanzado);Lituania;Vilnius University (Lituania);2;0;25/08/2024
2023;ERASMUS;0923-Trabajo social y orientación;Facultad de Ciencias Sociales y del Trabajo;OUT;ITALIANO - B1 (Nivel intermedio);Italia;Università Degli Studi Di Trento (Italia);2;0;25/08/2024
2023;ERASMUS;0923-Trabajo social y orientación;Facultad de Ciencias Sociales y del Trabajo;OUT;ITALIANO - B1 (Nivel intermedio);Italia;Università Degli Studi Di Roma 'La Sapienza' (Italia);4;1;25/08/2024
2023;ERASMUS;0923-Trabajo social y orientación;Facultad de Ciencias Sociales y del Trabajo;OUT;ITALIANO - B1 (Nivel intermedio);Italia;Università Degli Studi Di Palermo (Italia);2;0;25/08/2024
2023;ERASMUS;0923-Trabajo social y orientación;Facultad de Ciencias Sociales y del Trabajo;OUT;ITALIANO - B1 (Nivel intermedio);Italia;Università Degli Studi Di Cagliari (Italia);2;0;25/08/2024
2023;ERASMUS;0923-Trabajo social y orientación;Facultad de Ciencias Sociales y del Trabajo;OUT;ITALIANO - B1 (Nivel intermedio);Italia;Università Degli Studi Di Milano-Bicocca (Italia);2;0;25/08/2024
2023;ERASMUS;0923-Trabajo social y orientación;Facultad de Ciencias Sociales y del Trabajo;OUT;ITALIANO - B1 (Nivel intermedio);Italia;Università Degli Studi Di Bergamo (Italia);2;0;25/08/2024
2023;ERASMUS;0923-Trabajo social y orientación;Facultad de Ciencias Sociales y del Trabajo;OUT;ITALIANO - B1 (Nivel intermedio);Italia;Università Del Salento (Italia);4;0;25/08/2024
2023;ERASMUS;0923-Trabajo social y orientación;Facultad de Ciencias Sociales y del Trabajo;OUT;ITALIANO - B1 (Nivel intermedio);Italia;Università Degli Studi Di Genova (Italia);2;1;25/08/2024
2023;ERASMUS;0923-Trabajo social y orientación;Facultad de Ciencias Sociales y del Trabajo;OUT;ITALIANO - B1 (Nivel intermedio);Italia;Università Degli Studi Di Torino (Italia);5;6;25/08/2024
2023;ERASMUS;0923-Trabajo social y orientación;Facultad de Ciencias Sociales y del Trabajo;OUT;No Informado;Alemania;Hochschule Coburg (Alemania);2;0;25/08/2024
2023;ERASMUS;0923-Trabajo social y orientación;Facultad de Ciencias Sociales y del Trabajo;OUT;No Informado;Austria;Fh Joanneum Gesellschaft Mbh (Austria);2;0;25/08/2024
2023;ERASMUS;0923-Trabajo social y orientación;Facultad de Ciencias Sociales y del Trabajo;OUT;OTROS - B2 (Nivel avanzado);Rumanía;Universitatea Din Bucuresti (Rumanía);2;0;25/08/2024
2023;ERASMUS;0923-Trabajo social y orientación;Facultad de Ciencias Sociales y del Trabajo;OUT;PORTUGUÉS - B1 (Nivel intermedio);Portugal;Universidade De Lisboa (Portugal);5;9;25/08/2024
2023;ERASMUS;0923-Trabajo social y orientación;Facultad de Ciencias Sociales y del Trabajo;OUT;PORTUGUÉS - B1 (Nivel intermedio);Portugal;Universidade Católica Portuguesa (Portugal);2;0;25/08/2024
2023;ERASMUS;10.1-0421 - Derecho;Escuela de Doctorado;IN;ESPAÑOL - B1 (Nivel intermedio);Francia;Université Jean Moulin (Lyon Iii) (Francia);2;0;25/08/2024
2023;ERASMUS;10.1-0421 - Derecho;Escuela de Doctorado;IN;ESPAÑOL - B1 (Nivel intermedio);Italia;Università Degli Studi Di Bologna (Italia);2;0;25/08/2024
2023;ERASMUS;10.1-0421 - Derecho;Escuela de Doctorado;OUT;ALEMÁN - B2 (Nivel avanzado);Alemania;Universität Potsdam (Alemania);2;1;25/08/2024
2023;ERASMUS;10.1-0421 - Derecho;Escuela de Doctorado;OUT;ALEMÁN - B2 (Nivel avanzado);Alemania;Universität Hamburg (Alemania);4;0;25/08/2024
2023;ERASMUS;10.1-0421 - Derecho;Escuela de Doctorado;OUT;ALEMÁN - B2 (Nivel avanzado);Alemania;University Of Münster (Alemania);5;0;25/08/2024
2023;ERASMUS;10.1-0421 - Derecho;Escuela de Doctorado;OUT;FRANCÉS - B1 (Nivel intermedio);Francia;Université Jean Moulin (Lyon Iii) (Francia);2;0;25/08/2024
2023;ERASMUS;10.1-0421 - Derecho;Escuela de Doctorado;OUT;FRANCÉS - B1 (Nivel intermedio);Francia;Université De Pau Et Des Pays De L'Adour (Francia);8;0;25/08/2024
2023;ERASMUS;10.1-0421 - Derecho;Escuela de Doctorado;OUT;FRANCÉS - B2 (Nivel avanzado);Francia;Université De Rouen (Francia);2;0;25/08/2024
2023;ERASMUS;10.1-0421 - Derecho;Escuela de Doctorado;OUT;FRANCÉS - B2 (Nivel avanzado);Francia;Université Toulouse 1 Capitole (Francia);4;1;25/08/2024
2023;ERASMUS;10.1-0421 - Derecho;Escuela de Doctorado;OUT;INGLÉS - B1 (Nivel intermedio);Bélgica;Katholieke Universiteit Leuven (Bélgica);2;2;25/08/2024
2023;ERASMUS;10.1-0421 - Derecho;Escuela de Doctorado;OUT;INGLÉS - B2 (Nivel avanzado);Bélgica;Université Saint-Louis - Bruxelles (Bélgica);0;0;25/08/2024
2023;ERASMUS;10.1-0421 - Derecho;Escuela de Doctorado;OUT;INGLÉS - B2 (Nivel avanzado);Bélgica;Vrije Universiteit Brussel (Bélgica);0;0;25/08/2024
2023;ERASMUS;10.1-0421 - Derecho;Escuela de Doctorado;OUT;INGLÉS - B2 (Nivel avanzado);Finlandia;Lapin Yliopisto (Finlandia);4;2;25/08/2024
2023;ERASMUS;10.1-0421 - Derecho;Escuela de Doctorado;OUT;ITALIANO - A2 (Nivel básico avanzado);Italia;Università Degli Studi Di Bologna (Italia);1;1;25/08/2024
2023;ERASMUS;10.1-0421 - Derecho;Escuela de Doctorado;OUT;ITALIANO - B1 (Nivel intermedio);Italia;Università Degli Studi Di Catania (Italia);2;0;25/08/2024
2023;ERASMUS;10.1-0421 - Derecho;Escuela de Doctorado;OUT;ITALIANO - B1 (Nivel intermedio);Italia;Università Cattolica Del Sacro Cuore Di Milano (Italia);2;0;25/08/2024
2023;ERASMUS;10.1-0421 - Derecho;Facultad de Derecho;IN;ESPAÑOL - B1 (Nivel intermedio);Alemania;Universität Hamburg (Alemania);4;0;25/08/2024
2023;ERASMUS;10.1-0421 - Derecho;Facultad de Derecho;IN;ESPAÑOL - B1 (Nivel intermedio);Alemania;Universität Potsdam (Alemania);2;0;25/08/2024
2023;ERASMUS;10.1-0421 - Derecho;Facultad de Derecho;IN;ESPAÑOL - B1 (Nivel intermedio);Alemania;University Of Münster (Alemania);0;0;25/08/2024
2023;ERASMUS;10.1-0421 - Derecho;Facultad de Derecho;IN;ESPAÑOL - B1 (Nivel intermedio);Alemania;Universität Des Saarlandes (Alemania);2;0;25/08/2024
2023;ERASMUS;10.1-0421 - Derecho;Facultad de Derecho;IN;ESPAÑOL - B1 (Nivel intermedio);Alemania;Leuphana Universität Lüneburg (Alemania);2;0;25/08/2024
2023;ERASMUS;10.1-0421 - Derecho;Facultad de Derecho;IN;ESPAÑOL - B1 (Nivel intermedio);Alemania;Eberhard-Karls-Universität Tübingen (Alemania);2;0;25/08/2024
2023;ERASMUS;10.1-0421 - Derecho;Facultad de Derecho;IN;ESPAÑOL - B1 (Nivel intermedio);Alemania;Europa-Universität Viadrina Frankfurt An Der Oder (Alemania);2;0;25/08/2024
2023;ERASMUS;10.1-0421 - Derecho;Facultad de Derecho;IN;ESPAÑOL - B1 (Nivel intermedio);Alemania;Martin-Luther-Universität Halle-Wittenberg (Alemania);4;0;25/08/2024
2023;ERASMUS;10.1-0421 - Derecho;Facultad de Derecho;IN;ESPAÑOL - B1 (Nivel intermedio);Alemania;Gottfried Wilhelm Leibniz Universität Hannover (Alemania);4;0;25/08/2024
2023;ERASMUS;10.1-0421 - Derecho;Facultad de Derecho;IN;ESPAÑOL - B1 (Nivel intermedio);Alemania;Rheinische Friedrich-Wilhelms- Universität Bonn (Alemania);2;0;25/08/2024
2023;ERASMUS;10.1-0421 - Derecho;Facultad de Derecho;IN;ESPAÑOL - B1 (Nivel intermedio);Austria;Universität Wien (Austria);0;0;25/08/2024
2023;ERASMUS;10.1-0421 - Derecho;Facultad de Derecho;IN;ESPAÑOL - B1 (Nivel intermedio);Austria;Karl-Franzens- Universität Graz (Austria);5;0;25/08/2024
2023;ERASMUS;10.1-0421 - Derecho;Facultad de Derecho;IN;ESPAÑOL - B1 (Nivel intermedio);Bélgica;University Of Namur (Bélgica);1;0;25/08/2024
2023;ERASMUS;10.1-0421 - Derecho;Facultad de Derecho;IN;ESPAÑOL - B1 (Nivel intermedio);Bélgica;Université Saint-Louis - Bruxelles (Bélgica);2;0;25/08/2024
2023;ERASMUS;10.1-0421 - Derecho;Facultad de Derecho;IN;ESPAÑOL - B1 (Nivel intermedio);Bélgica;Haute École Lucia De Brouckere (Bélgica);3;0;25/08/2024
2023;ERASMUS;10.1-0421 - Derecho;Facultad de Derecho;IN;ESPAÑOL - B1 (Nivel intermedio);Bélgica;Katholieke Universiteit Leuven (Bélgica);4;0;25/08/2024
2023;ERASMUS;10.1-0421 - Derecho;Facultad de Derecho;IN;ESPAÑOL - B1 (Nivel intermedio);Chipre;University Of Cyprus (Chipre);2;0;25/08/2024
2023;ERASMUS;10.1-0421 - Derecho;Facultad de Derecho;IN;ESPAÑOL - B1 (Nivel intermedio);Croacia;Josip Juraj Strossmayer University Of Osijek (Croacia);2;0;25/08/2024
2023;ERASMUS;10.1-0421 - Derecho;Facultad de Derecho;IN;ESPAÑOL - B1 (Nivel intermedio);Croacia;University Of Split (Croacia);2;0;25/08/2024
2023;ERASMUS;10.1-0421 - Derecho;Facultad de Derecho;IN;ESPAÑOL - B1 (Nivel intermedio);Eslovaquia;Pan-European University (Eslovaquia);2;0;25/08/2024
2023;ERASMUS;10.1-0421 - Derecho;Facultad de Derecho;IN;ESPAÑOL - B1 (Nivel intermedio);Finlandia;Lapin Yliopisto (Finlandia);4;0;25/08/2024
2023;ERASMUS;10.1-0421 - Derecho;Facultad de Derecho;IN;ESPAÑOL - B1 (Nivel intermedio);Francia;Université De Rouen (Francia);2;0;25/08/2024
2023;ERASMUS;10.1-0421 - Derecho;Facultad de Derecho;IN;ESPAÑOL - B1 (Nivel intermedio);Francia;Université Du Havre (Francia);2;0;25/08/2024
2023;ERASMUS;10.1-0421 - Derecho;Facultad de Derecho;IN;ESPAÑOL - B1 (Nivel intermedio);Francia;Université De Nantes (Francia);6;0;25/08/2024
2023;ERASMUS;10.1-0421 - Derecho;Facultad de Derecho;IN;ESPAÑOL - B1 (Nivel intermedio);Francia;Université D'Orléans (Francia);2;0;25/08/2024
2023;ERASMUS;10.1-0421 - Derecho;Facultad de Derecho;IN;ESPAÑOL - B1 (Nivel intermedio);Francia;Université De Bordeaux (Francia);4;0;25/08/2024
2023;ERASMUS;10.1-0421 - Derecho;Facultad de Derecho;IN;ESPAÑOL - B1 (Nivel intermedio);Francia;Université De Rennes I (Francia);3;0;25/08/2024
2023;ERASMUS;10.1-0421 - Derecho;Facultad de Derecho;IN;ESPAÑOL - B1 (Nivel intermedio);Francia;Université Côte D'Azur (Francia);0;0;25/08/2024
2023;ERASMUS;10.1-0421 - Derecho;Facultad de Derecho;IN;ESPAÑOL - B1 (Nivel intermedio);Francia;Cy Cergy Paris Université (Francia);3;0;25/08/2024
2023;ERASMUS;10.1-0421 - Derecho;Facultad de Derecho;IN;ESPAÑOL - B1 (Nivel intermedio);Francia;Université Toulouse 1 Capitole (Francia);4;0;25/08/2024
2023;ERASMUS;10.1-0421 - Derecho;Facultad de Derecho;IN;ESPAÑOL - B1 (Nivel intermedio);Francia;Université De Savoie Mont Blanc (Francia);20;0;25/08/2024
2023;ERASMUS;10.1-0421 - Derecho;Facultad de Derecho;IN;ESPAÑOL - B1 (Nivel intermedio);Francia;Université Jean Moulin (Lyon Iii) (Francia);2;0;25/08/2024
2023;ERASMUS;10.1-0421 - Derecho;Facultad de Derecho;IN;ESPAÑOL - B1 (Nivel intermedio);Francia;Université De Pau Et Des Pays De L'Adour (Francia);6;0;25/08/2024
2023;ERASMUS;10.1-0421 - Derecho;Facultad de Derecho;IN;ESPAÑOL - B1 (Nivel intermedio);Francia;Université Jean Monnet De Saint- Etienne (Francia);2;0;25/08/2024
2023;ERASMUS;10.1-0421 - Derecho;Facultad de Derecho;IN;ESPAÑOL - B1 (Nivel intermedio);Francia;Sciences Po Lille (Francia);4;0;25/08/2024
2023;ERASMUS;10.1-0421 - Derecho;Facultad de Derecho;IN;ESPAÑOL - B1 (Nivel intermedio);Grecia;University Of Thrace (Grecia);6;0;25/08/2024
2023;ERASMUS;10.1-0421 - Derecho;Facultad de Derecho;IN;ESPAÑOL - B1 (Nivel intermedio);Grecia;Ethniko Kai Kapodistriako Panepistimio Athinon (Grecia);2;0;25/08/2024
2023;ERASMUS;10.1-0421 - Derecho;Facultad de Derecho;IN;ESPAÑOL - B1 (Nivel intermedio);Grecia;Aristotelio Panepistimio Thessalonikis (Grecia);4;0;25/08/2024
2023;ERASMUS;10.1-0421 - Derecho;Facultad de Derecho;IN;ESPAÑOL - B1 (Nivel intermedio);Irlanda (Eire);Technological University Dublin-City Campus (Irlanda (Eire));4;0;25/08/2024
2023;ERASMUS;10.1-0421 - Derecho;Facultad de Derecho;IN;ESPAÑOL - B1 (Nivel intermedio);Italia;Università Del Salento (Italia);2;0;25/08/2024
2023;ERASMUS;10.1-0421 - Derecho;Facultad de Derecho;IN;ESPAÑOL - B1 (Nivel intermedio);Italia;Università Degli Studi Di Bari (Italia);3;0;25/08/2024
2023;ERASMUS;10.1-0421 - Derecho;Facultad de Derecho;IN;ESPAÑOL - B1 (Nivel intermedio);Italia;Università Degli Studi Di Siena (Italia);9;0;25/08/2024
2023;ERASMUS;10.1-0421 - Derecho;Facultad de Derecho;IN;ESPAÑOL - B1 (Nivel intermedio);Italia;Università Degli Studi Di Udine (Italia);6;0;25/08/2024
2023;ERASMUS;10.1-0421 - Derecho;Facultad de Derecho;IN;ESPAÑOL - B1 (Nivel intermedio);Italia;Università Degli Studi Roma Tre (Italia);4;0;25/08/2024
2023;ERASMUS;10.1-0421 - Derecho;Facultad de Derecho;IN;ESPAÑOL - B1 (Nivel intermedio);Italia;Università Degli Studi Di Foggia (Italia);5;0;25/08/2024
2023;ERASMUS;10.1-0421 - Derecho;Facultad de Derecho;IN;ESPAÑOL - B1 (Nivel intermedio);Italia;Università Degli Studi Di Genova (Italia);2;0;25/08/2024
2023;ERASMUS;10.1-0421 - Derecho;Facultad de Derecho;IN;ESPAÑOL - B1 (Nivel intermedio);Italia;Università Degli Studi Di Padova (Italia);2;0;25/08/2024
2023;ERASMUS;10.1-0421 - Derecho;Facultad de Derecho;IN;ESPAÑOL - B1 (Nivel intermedio);Italia;Università Degli Studi Di Teramo (Italia);2;0;25/08/2024
2023;ERASMUS;10.1-0421 - Derecho;Facultad de Derecho;IN;ESPAÑOL - B1 (Nivel intermedio);Italia;Università Degli Studi Di Torino (Italia);10;0;25/08/2024
2023;ERASMUS;10.1-0421 - Derecho;Facultad de Derecho;IN;ESPAÑOL - B1 (Nivel intermedio);Italia;Università Degli Studi Di Trento (Italia);3;0;25/08/2024
2023;ERASMUS;10.1-0421 - Derecho;Facultad de Derecho;IN;ESPAÑOL - B1 (Nivel intermedio);Italia;Università Degli Studi Di Verona (Italia);2;0;25/08/2024
2023;ERASMUS;10.1-0421 - Derecho;Facultad de Derecho;IN;ESPAÑOL - B1 (Nivel intermedio);Italia;Università Degli Studi Di Bergamo (Italia);2;0;25/08/2024
2023;ERASMUS;10.1-0421 - Derecho;Facultad de Derecho;IN;ESPAÑOL - B1 (Nivel intermedio);Italia;Università Degli Studi Di Bologna (Italia);4;0;25/08/2024
2023;ERASMUS;10.1-0421 - Derecho;Facultad de Derecho;IN;ESPAÑOL - B1 (Nivel intermedio);Italia;Università Degli Studi Di Brescia (Italia);10;0;25/08/2024
2023;ERASMUS;10.1-0421 - Derecho;Facultad de Derecho;IN;ESPAÑOL - B1 (Nivel intermedio);Italia;Università Degli Studi Di Catania (Italia);2;0;25/08/2024
2023;ERASMUS;10.1-0421 - Derecho;Facultad de Derecho;IN;ESPAÑOL - B1 (Nivel intermedio);Italia;Università Degli Studi Di Ferrara (Italia);6;0;25/08/2024
2023;ERASMUS;10.1-0421 - Derecho;Facultad de Derecho;IN;ESPAÑOL - B1 (Nivel intermedio);Italia;Università Degli Studi Di Firenze (Italia);1;0;25/08/2024
2023;ERASMUS;10.1-0421 - Derecho;Facultad de Derecho;IN;ESPAÑOL - B1 (Nivel intermedio);Italia;Università Degli Studi Di Palermo (Italia);6;0;25/08/2024
2023;ERASMUS;10.1-0421 - Derecho;Facultad de Derecho;IN;ESPAÑOL - B1 (Nivel intermedio);Italia;Università Degli Studi Di Salerno (Italia);4;0;25/08/2024
2023;ERASMUS;10.1-0421 - Derecho;Facultad de Derecho;IN;ESPAÑOL - B1 (Nivel intermedio);Italia;Università Degli Studi Di Sassari (Italia);2;0;25/08/2024
2023;ERASMUS;10.1-0421 - Derecho;Facultad de Derecho;IN;ESPAÑOL - B1 (Nivel intermedio);Italia;Università Degli Studi Di Macerata (Italia);2;0;25/08/2024
2023;ERASMUS;10.1-0421 - Derecho;Facultad de Derecho;IN;ESPAÑOL - B1 (Nivel intermedio);Italia;Università Degli Studi Insubria Varese-Como (Italia);2;0;25/08/2024
2023;ERASMUS;10.1-0421 - Derecho;Facultad de Derecho;IN;ESPAÑOL - B1 (Nivel intermedio);Italia;Università Degli Studi Di Roma 'La Sapienza' (Italia);3;0;25/08/2024
2023;ERASMUS;10.1-0421 - Derecho;Facultad de Derecho;IN;ESPAÑOL - B1 (Nivel intermedio);Italia;Libera Università 'Maria Ss. Assunta' Di Roma (Italia);2;0;25/08/2024
2023;ERASMUS;10.1-0421 - Derecho;Facultad de Derecho;IN;ESPAÑOL - B1 (Nivel intermedio);Italia;Università Cattolica Del Sacro Cuore Di Milano (Italia);2;0;25/08/2024
2023;ERASMUS;10.1-0421 - Derecho;Facultad de Derecho;IN;ESPAÑOL - B1 (Nivel intermedio);Italia;Università Degli Studi 'G. D'Annunzio' Di Chieti (Italia);2;0;25/08/2024
2023;ERASMUS;10.1-0421 - Derecho;Facultad de Derecho;IN;ESPAÑOL - B1 (Nivel intermedio);Italia;Università Degli Studi Di Modena E Reggio Emilia (Italia);3;0;25/08/2024
2023;ERASMUS;10.1-0421 - Derecho;Facultad de Derecho;IN;ESPAÑOL - B1 (Nivel intermedio);Italia;Università Degli Studi Della Campania 'Luigi Vanvitelli' (Italia);2;0;25/08/2024
2023;ERASMUS;10.1-0421 - Derecho;Facultad de Derecho;IN;ESPAÑOL - B1 (Nivel intermedio);Italia;Università Di Pisa (Italia);2;0;25/08/2024
2023;ERASMUS;10.1-0421 - Derecho;Facultad de Derecho;IN;ESPAÑOL - B1 (Nivel intermedio);Letonia;Baltijas Starptautiska Akademija (Baltic International Academy) (Letonia);2;0;25/08/2024
2023;ERASMUS;10.1-0421 - Derecho;Facultad de Derecho;IN;ESPAÑOL - B1 (Nivel intermedio);Lituania;Vytautas Magnus University (Lituania);3;0;25/08/2024
2023;ERASMUS;10.1-0421 - Derecho;Facultad de Derecho;IN;ESPAÑOL - B1 (Nivel intermedio);Lituania;Vilnius University (Lituania);3;0;25/08/2024
2023;ERASMUS;10.1-0421 - Derecho;Facultad de Derecho;IN;ESPAÑOL - B1 (Nivel intermedio);Lituania;Mykolas Romeris University (Lituania);2;0;25/08/2024
2023;ERASMUS;10.1-0421 - Derecho;Facultad de Derecho;IN;ESPAÑOL - B1 (Nivel intermedio);Noruega;Universitetet I Bergen (Noruega);4;0;25/08/2024
2023;ERASMUS;10.1-0421 - Derecho;Facultad de Derecho;IN;ESPAÑOL - B1 (Nivel intermedio);Polonia;Uniwersytet Szczecinski (Polonia);2;0;25/08/2024
2023;ERASMUS;10.1-0421 - Derecho;Facultad de Derecho;IN;ESPAÑOL - B1 (Nivel intermedio);Polonia;Uniwersytet Jagielloñski (Polonia);2;0;25/08/2024
2023;ERASMUS;10.1-0421 - Derecho;Facultad de Derecho;IN;ESPAÑOL - B1 (Nivel intermedio);Polonia;Uniwersytet Mikolaja Kopernika W Toruniu (Polonia);2;0;25/08/2024
2023;ERASMUS;10.1-0421 - Derecho;Facultad de Derecho;IN;ESPAÑOL - B1 (Nivel intermedio);Polonia;Kujawy And Pomorze University In Bydgoszcz (Polonia);6;0;25/08/2024
2023;ERASMUS;10.1-0421 - Derecho;Facultad de Derecho;IN;ESPAÑOL - B1 (Nivel intermedio);Polonia;Lazarski University (Polonia);2;0;25/08/2024
2023;ERASMUS;10.1-0421 - Derecho;Facultad de Derecho;IN;ESPAÑOL - B1 (Nivel intermedio);Polonia;Uniwersytet Gdanski (Polonia);2;0;25/08/2024
2023;ERASMUS;10.1-0421 - Derecho;Facultad de Derecho;IN;ESPAÑOL - B1 (Nivel intermedio);Polonia;Uniwersytet Lódzki (Polonia);2;0;25/08/2024
2023;ERASMUS;10.1-0421 - Derecho;Facultad de Derecho;IN;ESPAÑOL - B1 (Nivel intermedio);Polonia;Uniwersytet Rzeszowski (Polonia);6;0;25/08/2024
2023;ERASMUS;10.1-0421 - Derecho;Facultad de Derecho;IN;ESPAÑOL - B1 (Nivel intermedio);Polonia;Uniwersytet Wroclawski (Polonia);3;0;25/08/2024
2023;ERASMUS;10.1-0421 - Derecho;Facultad de Derecho;IN;ESPAÑOL - B1 (Nivel intermedio);Portugal;Universidade Do Porto (Portugal);1;0;25/08/2024
2023;ERASMUS;10.1-0421 - Derecho;Facultad de Derecho;IN;ESPAÑOL - B1 (Nivel intermedio);Portugal;Universidade De Lisboa (Portugal);3;0;25/08/2024
2023;ERASMUS;10.1-0421 - Derecho;Facultad de Derecho;IN;ESPAÑOL - B1 (Nivel intermedio);Portugal;Universidade De Coimbra (Portugal);3;0;25/08/2024
2023;ERASMUS;10.1-0421 - Derecho;Facultad de Derecho;IN;ESPAÑOL - B1 (Nivel intermedio);Portugal;Instituto Politécnico De Beja (Portugal);2;0;25/08/2024
2023;ERASMUS;10.1-0421 - Derecho;Facultad de Derecho;IN;ESPAÑOL - B1 (Nivel intermedio);Reino Unido;Queen'S University Of Belfast (Reino Unido);4;0;25/08/2024
2023;ERASMUS;10.1-0421 - Derecho;Facultad de Derecho;IN;ESPAÑOL - B1 (Nivel intermedio);República Checa;Univerzita Karlova V Praze (República Checa);2;0;25/08/2024
2023;ERASMUS;10.1-0421 - Derecho;Facultad de Derecho;IN;ESPAÑOL - B1 (Nivel intermedio);Rumanía;Universitatea Din Bucuresti (Rumanía);3;0;25/08/2024
2023;ERASMUS;10.1-0421 - Derecho;Facultad de Derecho;IN;ESPAÑOL - B1 (Nivel intermedio);Rumanía;Titu Maiorescu University Bucharest (Rumanía);2;0;25/08/2024
2023;ERASMUS;10.1-0421 - Derecho;Facultad de Derecho;IN;ESPAÑOL - B1 (Nivel intermedio);Rumanía;Universitatea De Vest Din Timísoara (Rumanía);4;0;25/08/2024
2023;ERASMUS;10.1-0421 - Derecho;Facultad de Derecho;IN;ESPAÑOL - B1 (Nivel intermedio);Rumanía;Universitatea Transilvania Din Brasov (Rumanía);2;0;25/08/2024
2023;ERASMUS;10.1-0421 - Derecho;Facultad de Derecho;IN;ESPAÑOL - B1 (Nivel intermedio);Rumanía;Universitatea Babes-Bolyai Din Cluj-Napoca (Rumanía);0;0;25/08/2024
2023;ERASMUS;10.1-0421 - Derecho;Facultad de Derecho;IN;ESPAÑOL - B1 (Nivel intermedio);Turquía;Yildiz Teknik Üniversitesi (Turquía);2;0;25/08/2024
2023;ERASMUS;10.1-0421 - Derecho;Facultad de Derecho;IN;ESPAÑOL - B1 (Nivel intermedio);Turquía;Okan University (Turquía);3;0;25/08/2024
2023;ERASMUS;10.1-0421 - Derecho;Facultad de Derecho;IN;ESPAÑOL - B1 (Nivel intermedio);Turquía;Kocaeli Universitesi (Turquía);2;0;25/08/2024
2023;ERASMUS;10.1-0421 - Derecho;Facultad de Derecho;IN;ESPAÑOL - B1 (Nivel intermedio);Turquía;Istambul University (Turquía);3;0;25/08/2024
2023;ERASMUS;10.1-0421 - Derecho;Facultad de Derecho;IN;ESPAÑOL - B1 (Nivel intermedio);Turquía;Maltepe University (Turquía);2;0;25/08/2024
2023;ERASMUS;10.1-0421 - Derecho;Facultad de Derecho;IN;ESPAÑOL - B2 (Nivel avanzado);Alemania;University Of Münster (Alemania);5;0;25/08/2024
2023;ERASMUS;10.1-0421 - Derecho;Facultad de Derecho;IN;No Informado;Bélgica;Vrije Universiteit Brussel (Bélgica);2;0;25/08/2024
2023;ERASMUS;10.1-0421 - Derecho;Facultad de Derecho;IN;No Informado;Italia;Università Degli Studi Di Perugia (Italia);2;0;25/08/2024
2023;ERASMUS;10.1-0421 - Derecho;Facultad de Derecho;IN;No Informado;Reino Unido;University Of Bristol (Reino Unido);2;0;25/08/2024
2023;ERASMUS;10.1-0421 - Derecho;Facultad de Derecho;IN;No Informado;Turquía;Bahçesehir University (Turquía);2;0;25/08/2024
2023;ERASMUS;10.1-0421 - Derecho;Facultad de Derecho;IN;No Informado;Turquía;Altinbas University (Turquía);2;0;25/08/2024
2023;ERASMUS;10.1-0421 - Derecho;Facultad de Derecho;OUT;ALEMÁN - B1 (Nivel intermedio);Alemania;Universität Des Saarlandes (Alemania);2;0;25/08/2024
2023;ERASMUS;10.1-0421 - Derecho;Facultad de Derecho;OUT;ALEMÁN - B1 (Nivel intermedio);Alemania;Eberhard-Karls-Universität Tübingen (Alemania);2;1;25/08/2024
2023;ERASMUS;10.1-0421 - Derecho;Facultad de Derecho;OUT;ALEMÁN - B1 (Nivel intermedio);Alemania;Martin-Luther-Universität Halle-Wittenberg (Alemania);4;0;25/08/2024
2023;ERASMUS;10.1-0421 - Derecho;Facultad de Derecho;OUT;ALEMÁN - B1 (Nivel intermedio);Alemania;Rheinische Friedrich-Wilhelms- Universität Bonn (Alemania);2;0;25/08/2024
2023;ERASMUS;10.1-0421 - Derecho;Facultad de Derecho;OUT;ALEMÁN - B2 (Nivel avanzado);Alemania;Universität Hamburg (Alemania);4;0;25/08/2024
2023;ERASMUS;10.1-0421 - Derecho;Facultad de Derecho;OUT;ALEMÁN - B2 (Nivel avanzado);Alemania;Universität Potsdam (Alemania);2;1;25/08/2024
2023;ERASMUS;10.1-0421 - Derecho;Facultad de Derecho;OUT;ALEMÁN - B2 (Nivel avanzado);Alemania;University Of Münster (Alemania);5;0;25/08/2024
2023;ERASMUS;10.1-0421 - Derecho;Facultad de Derecho;OUT;ALEMÁN - B2 (Nivel avanzado);Alemania;Gottfried Wilhelm Leibniz Universität Hannover (Alemania);4;0;25/08/2024
2023;ERASMUS;10.1-0421 - Derecho;Facultad de Derecho;OUT;ALEMÁN - B2 (Nivel avanzado);Alemania;Europa-Universität Viadrina Frankfurt An Der Oder (Alemania);2;0;25/08/2024
2023;ERASMUS;10.1-0421 - Derecho;Facultad de Derecho;OUT;ALEMÁN - B2 (Nivel avanzado);Austria;Karl-Franzens- Universität Graz (Austria);2;0;25/08/2024
2023;ERASMUS;10.1-0421 - Derecho;Facultad de Derecho;OUT;ALEMÁN - B2 (Nivel avanzado);Austria;Universität Wien (Austria);4;0;25/08/2024
2023;ERASMUS;10.1-0421 - Derecho;Facultad de Derecho;OUT;FRANCÉS - B1 (Nivel intermedio);Bélgica;Haute École Lucia De Brouckere (Bélgica);3;1;25/08/2024
2023;ERASMUS;10.1-0421 - Derecho;Facultad de Derecho;OUT;FRANCÉS - B1 (Nivel intermedio);Bélgica;University Of Namur (Bélgica);1;0;25/08/2024
2023;ERASMUS;10.1-0421 - Derecho;Facultad de Derecho;OUT;FRANCÉS - B1 (Nivel intermedio);Francia;Université Du Havre (Francia);2;0;25/08/2024
2023;ERASMUS;10.1-0421 - Derecho;Facultad de Derecho;OUT;FRANCÉS - B1 (Nivel intermedio);Francia;Université De Pau Et Des Pays De L'Adour (Francia);8;0;25/08/2024
2023;ERASMUS;10.1-0421 - Derecho;Facultad de Derecho;OUT;FRANCÉS - B1 (Nivel intermedio);Francia;Université De Bordeaux (Francia);4;1;25/08/2024
2023;ERASMUS;10.1-0421 - Derecho;Facultad de Derecho;OUT;FRANCÉS - B1 (Nivel intermedio);Francia;Université Côte D'Azur (Francia);3;0;25/08/2024
2023;ERASMUS;10.1-0421 - Derecho;Facultad de Derecho;OUT;FRANCÉS - B1 (Nivel intermedio);Francia;Université De Savoie Mont Blanc (Francia);20;1;25/08/2024
2023;ERASMUS;10.1-0421 - Derecho;Facultad de Derecho;OUT;FRANCÉS - B1 (Nivel intermedio);Francia;Université Jean Moulin (Lyon Iii) (Francia);2;0;25/08/2024
2023;ERASMUS;10.1-0421 - Derecho;Facultad de Derecho;OUT;FRANCÉS - B1 (Nivel intermedio);Francia;Université Jean Monnet De Saint- Etienne (Francia);2;0;25/08/2024
2023;ERASMUS;10.1-0421 - Derecho;Facultad de Derecho;OUT;FRANCÉS - B1 (Nivel intermedio);Francia;Sciences Po Lille (Francia);5;0;25/08/2024
2023;ERASMUS;10.1-0421 - Derecho;Facultad de Derecho;OUT;FRANCÉS - B1 (Nivel intermedio);Francia;Université De Nantes (Francia);6;0;25/08/2024
2023;ERASMUS;10.1-0421 - Derecho;Facultad de Derecho;OUT;FRANCÉS - B2 (Nivel avanzado);Francia;Université De Rouen (Francia);2;0;25/08/2024
2023;ERASMUS;10.1-0421 - Derecho;Facultad de Derecho;OUT;FRANCÉS - B2 (Nivel avanzado);Francia;Université Toulouse 1 Capitole (Francia);4;1;25/08/2024
2023;ERASMUS;10.1-0421 - Derecho;Facultad de Derecho;OUT;FRANCÉS - B2 (Nivel avanzado);Francia;Université D'Orléans (Francia);2;0;25/08/2024
2023;ERASMUS;10.1-0421 - Derecho;Facultad de Derecho;OUT;FRANCÉS - B2 (Nivel avanzado);Francia;Université De Rennes I (Francia);3;0;25/08/2024
2023;ERASMUS;10.1-0421 - Derecho;Facultad de Derecho;OUT;FRANCÉS - B2 (Nivel avanzado);Francia;Cy Cergy Paris Université (Francia);3;0;25/08/2024
2023;ERASMUS;10.1-0421 - Derecho;Facultad de Derecho;OUT;INGLÉS - B1 (Nivel intermedio);Bélgica;Katholieke Universiteit Leuven (Bélgica);2;2;25/08/2024
2023;ERASMUS;10.1-0421 - Derecho;Facultad de Derecho;OUT;INGLÉS - B1 (Nivel intermedio);Eslovaquia;Pan-European University (Eslovaquia);2;2;25/08/2024
2023;ERASMUS;10.1-0421 - Derecho;Facultad de Derecho;OUT;INGLÉS - B1 (Nivel intermedio);Irlanda (Eire);Technological University Dublin-City Campus (Irlanda (Eire));4;2;25/08/2024
2023;ERASMUS;10.1-0421 - Derecho;Facultad de Derecho;OUT;INGLÉS - B1 (Nivel intermedio);Italia;Università Degli Studi Di Brescia (Italia);10;0;25/08/2024
2023;ERASMUS;10.1-0421 - Derecho;Facultad de Derecho;OUT;INGLÉS - B1 (Nivel intermedio);Letonia;Baltijas Starptautiska Akademija (Baltic International Academy) (Letonia);2;1;25/08/2024
2023;ERASMUS;10.1-0421 - Derecho;Facultad de Derecho;OUT;INGLÉS - B1 (Nivel intermedio);Lituania;Mykolas Romeris University (Lituania);2;0;25/08/2024
2023;ERASMUS;10.1-0421 - Derecho;Facultad de Derecho;OUT;INGLÉS - B1 (Nivel intermedio);Polonia;Uniwersytet Rzeszowski (Polonia);6;5;25/08/2024
2023;ERASMUS;10.1-0421 - Derecho;Facultad de Derecho;OUT;INGLÉS - B1 (Nivel intermedio);Polonia;Uniwersytet Jagielloñski (Polonia);2;2;25/08/2024
2023;ERASMUS;10.1-0421 - Derecho;Facultad de Derecho;OUT;INGLÉS - B1 (Nivel intermedio);Polonia;Kujawy And Pomorze University In Bydgoszcz (Polonia);6;0;25/08/2024
2023;ERASMUS;10.1-0421 - Derecho;Facultad de Derecho;OUT;INGLÉS - B1 (Nivel intermedio);Polonia;Uniwersytet Szczecinski (Polonia);2;0;25/08/2024
2023;ERASMUS;10.1-0421 - Derecho;Facultad de Derecho;OUT;INGLÉS - B1 (Nivel intermedio);Polonia;Uniwersytet Lódzki (Polonia);2;2;25/08/2024
2023;ERASMUS;10.1-0421 - Derecho;Facultad de Derecho;OUT;INGLÉS - B1 (Nivel intermedio);Rumanía;Universitatea De Vest Din Timísoara (Rumanía);4;0;25/08/2024
2023;ERASMUS;10.1-0421 - Derecho;Facultad de Derecho;OUT;INGLÉS - B1 (Nivel intermedio);Rumanía;Titu Maiorescu University Bucharest (Rumanía);2;0;25/08/2024
2023;ERASMUS;10.1-0421 - Derecho;Facultad de Derecho;OUT;INGLÉS - B1 (Nivel intermedio);Rumanía;Universitatea Transilvania Din Brasov (Rumanía);2;0;25/08/2024
2023;ERASMUS;10.1-0421 - Derecho;Facultad de Derecho;OUT;INGLÉS - B1 (Nivel intermedio);Turquía;Bahçesehir University (Turquía);2;0;25/08/2024
2023;ERASMUS;10.1-0421 - Derecho;Facultad de Derecho;OUT;INGLÉS - B1 (Nivel intermedio);Turquía;Yildiz Teknik Üniversitesi (Turquía);2;0;25/08/2024
2023;ERASMUS;10.1-0421 - Derecho;Facultad de Derecho;OUT;INGLÉS - B1 (Nivel intermedio);Turquía;Istambul University (Turquía);3;0;25/08/2024
2023;ERASMUS;10.1-0421 - Derecho;Facultad de Derecho;OUT;INGLÉS - B1 (Nivel intermedio);Turquía;Maltepe University (Turquía);2;0;25/08/2024
2023;ERASMUS;10.1-0421 - Derecho;Facultad de Derecho;OUT;INGLÉS - B1 (Nivel intermedio);Turquía;Okan University (Turquía);3;0;25/08/2024
2023;ERASMUS;10.1-0421 - Derecho;Facultad de Derecho;OUT;INGLÉS - B1 (Nivel intermedio);Turquía;Kocaeli Universitesi (Turquía);2;0;25/08/2024
2023;ERASMUS;10.1-0421 - Derecho;Facultad de Derecho;OUT;INGLÉS - B2 (Nivel avanzado);Alemania;Leuphana Universität Lüneburg (Alemania);2;0;25/08/2024
2023;ERASMUS;10.1-0421 - Derecho;Facultad de Derecho;OUT;INGLÉS - B2 (Nivel avanzado);Bélgica;Université Saint-Louis - Bruxelles (Bélgica);4;0;25/08/2024
2023;ERASMUS;10.1-0421 - Derecho;Facultad de Derecho;OUT;INGLÉS - B2 (Nivel avanzado);Bélgica;Vrije Universiteit Brussel (Bélgica);2;1;25/08/2024
2023;ERASMUS;10.1-0421 - Derecho;Facultad de Derecho;OUT;INGLÉS - B2 (Nivel avanzado);Chipre;University Of Cyprus (Chipre);2;0;25/08/2024
2023;ERASMUS;10.1-0421 - Derecho;Facultad de Derecho;OUT;INGLÉS - B2 (Nivel avanzado);Croacia;University Of Split (Croacia);2;2;25/08/2024
2023;ERASMUS;10.1-0421 - Derecho;Facultad de Derecho;OUT;INGLÉS - B2 (Nivel avanzado);Croacia;Josip Juraj Strossmayer University Of Osijek (Croacia);2;1;25/08/2024
2023;ERASMUS;10.1-0421 - Derecho;Facultad de Derecho;OUT;INGLÉS - B2 (Nivel avanzado);Finlandia;Lapin Yliopisto (Finlandia);4;2;25/08/2024
2023;ERASMUS;10.1-0421 - Derecho;Facultad de Derecho;OUT;INGLÉS - B2 (Nivel avanzado);Grecia;Aristotelio Panepistimio Thessalonikis (Grecia);4;0;25/08/2024
2023;ERASMUS;10.1-0421 - Derecho;Facultad de Derecho;OUT;INGLÉS - B2 (Nivel avanzado);Grecia;University Of Thrace (Grecia);6;0;25/08/2024
2023;ERASMUS;10.1-0421 - Derecho;Facultad de Derecho;OUT;INGLÉS - B2 (Nivel avanzado);Grecia;Ethniko Kai Kapodistriako Panepistimio Athinon (Grecia);2;2;25/08/2024
2023;ERASMUS;10.1-0421 - Derecho;Facultad de Derecho;OUT;INGLÉS - B2 (Nivel avanzado);Italia;Università Degli Studi Di Roma 'La Sapienza' (Italia);3;0;25/08/2024
2023;ERASMUS;10.1-0421 - Derecho;Facultad de Derecho;OUT;INGLÉS - B2 (Nivel avanzado);Lituania;Vytautas Magnus University (Lituania);3;0;25/08/2024
2023;ERASMUS;10.1-0421 - Derecho;Facultad de Derecho;OUT;INGLÉS - B2 (Nivel avanzado);Noruega;Universitetet I Bergen (Noruega);4;1;25/08/2024
2023;ERASMUS;10.1-0421 - Derecho;Facultad de Derecho;OUT;INGLÉS - B2 (Nivel avanzado);Polonia;Uniwersytet Wroclawski (Polonia);2;1;25/08/2024
2023;ERASMUS;10.1-0421 - Derecho;Facultad de Derecho;OUT;INGLÉS - B2 (Nivel avanzado);Polonia;Uniwersytet Mikolaja Kopernika W Toruniu (Polonia);2;0;25/08/2024
2023;ERASMUS;10.1-0421 - Derecho;Facultad de Derecho;OUT;INGLÉS - B2 (Nivel avanzado);Polonia;Lazarski University (Polonia);2;2;25/08/2024
2023;ERASMUS;10.1-0421 - Derecho;Facultad de Derecho;OUT;INGLÉS - B2 (Nivel avanzado);Polonia;Uniwersytet Gdanski (Polonia);5;4;25/08/2024
2023;ERASMUS;10.1-0421 - Derecho;Facultad de Derecho;OUT;INGLÉS - B2 (Nivel avanzado);Reino Unido;University Of Bristol (Reino Unido);2;0;25/08/2024
2023;ERASMUS;10.1-0421 - Derecho;Facultad de Derecho;OUT;INGLÉS - B2 (Nivel avanzado);Reino Unido;Queen'S University Of Belfast (Reino Unido);4;2;25/08/2024
2023;ERASMUS;10.1-0421 - Derecho;Facultad de Derecho;OUT;INGLÉS - B2 (Nivel avanzado);República Checa;Univerzita Karlova V Praze (República Checa);2;2;25/08/2024
2023;ERASMUS;10.1-0421 - Derecho;Facultad de Derecho;OUT;INGLÉS - B2 (Nivel avanzado);Rumanía;Universitatea Babes-Bolyai Din Cluj-Napoca (Rumanía);2;1;25/08/2024
2023;ERASMUS;10.1-0421 - Derecho;Facultad de Derecho;OUT;INGLÉS - B2 (Nivel avanzado);Rumanía;Universitatea Din Bucuresti (Rumanía);3;0;25/08/2024
2023;ERASMUS;10.1-0421 - Derecho;Facultad de Derecho;OUT;INGLÉS - B2 (Nivel avanzado);Turquía;Altinbas University (Turquía);2;0;25/08/2024
2023;ERASMUS;10.1-0421 - Derecho;Facultad de Derecho;OUT;ITALIANO - A1 (Nivel básico);Italia;Università Degli Studi Di Salerno (Italia);6;6;25/08/2024
2023;ERASMUS;10.1-0421 - Derecho;Facultad de Derecho;OUT;ITALIANO - A2 (Nivel básico avanzado);Italia;Università Degli Studi Di Bologna (Italia);5;3;25/08/2024
2023;ERASMUS;10.1-0421 - Derecho;Facultad de Derecho;OUT;ITALIANO - A2 (Nivel básico avanzado);Italia;Università Degli Studi Di Trento (Italia);3;0;25/08/2024
2023;ERASMUS;10.1-0421 - Derecho;Facultad de Derecho;OUT;ITALIANO - A2 (Nivel básico avanzado);Italia;Università Degli Studi Di Padova (Italia);2;0;25/08/2024
2023;ERASMUS;10.1-0421 - Derecho;Facultad de Derecho;OUT;ITALIANO - B1 (Nivel intermedio);Italia;Università Di Pisa (Italia);2;1;25/08/2024
2023;ERASMUS;10.1-0421 - Derecho;Facultad de Derecho;OUT;ITALIANO - B1 (Nivel intermedio);Italia;Università Del Salento (Italia);2;1;25/08/2024
2023;ERASMUS;10.1-0421 - Derecho;Facultad de Derecho;OUT;ITALIANO - B1 (Nivel intermedio);Italia;Università Degli Studi Di Bari (Italia);3;2;25/08/2024
2023;ERASMUS;10.1-0421 - Derecho;Facultad de Derecho;OUT;ITALIANO - B1 (Nivel intermedio);Italia;Università Degli Studi Di Siena (Italia);9;3;25/08/2024
2023;ERASMUS;10.1-0421 - Derecho;Facultad de Derecho;OUT;ITALIANO - B1 (Nivel intermedio);Italia;Università Degli Studi Di Udine (Italia);6;0;25/08/2024
2023;ERASMUS;10.1-0421 - Derecho;Facultad de Derecho;OUT;ITALIANO - B1 (Nivel intermedio);Italia;Università Degli Studi Roma Tre (Italia);2;0;25/08/2024
2023;ERASMUS;10.1-0421 - Derecho;Facultad de Derecho;OUT;ITALIANO - B1 (Nivel intermedio);Italia;Università Degli Studi Di Foggia (Italia);5;0;25/08/2024
2023;ERASMUS;10.1-0421 - Derecho;Facultad de Derecho;OUT;ITALIANO - B1 (Nivel intermedio);Italia;Università Degli Studi Di Genova (Italia);2;0;25/08/2024
2023;ERASMUS;10.1-0421 - Derecho;Facultad de Derecho;OUT;ITALIANO - B1 (Nivel intermedio);Italia;Università Degli Studi Di Teramo (Italia);2;0;25/08/2024
2023;ERASMUS;10.1-0421 - Derecho;Facultad de Derecho;OUT;ITALIANO - B1 (Nivel intermedio);Italia;Università Degli Studi Di Torino (Italia);10;10;25/08/2024
2023;ERASMUS;10.1-0421 - Derecho;Facultad de Derecho;OUT;ITALIANO - B1 (Nivel intermedio);Italia;Università Degli Studi Di Verona (Italia);2;2;25/08/2024
2023;ERASMUS;10.1-0421 - Derecho;Facultad de Derecho;OUT;ITALIANO - B1 (Nivel intermedio);Italia;Università Degli Studi Di Bergamo (Italia);2;1;25/08/2024
2023;ERASMUS;10.1-0421 - Derecho;Facultad de Derecho;OUT;ITALIANO - B1 (Nivel intermedio);Italia;Università Degli Studi Di Catania (Italia);2;0;25/08/2024
2023;ERASMUS;10.1-0421 - Derecho;Facultad de Derecho;OUT;ITALIANO - B1 (Nivel intermedio);Italia;Università Degli Studi Di Ferrara (Italia);6;1;25/08/2024
2023;ERASMUS;10.1-0421 - Derecho;Facultad de Derecho;OUT;ITALIANO - B1 (Nivel intermedio);Italia;Università Degli Studi Di Firenze (Italia);1;0;25/08/2024
2023;ERASMUS;10.1-0421 - Derecho;Facultad de Derecho;OUT;ITALIANO - B1 (Nivel intermedio);Italia;Università Degli Studi Di Palermo (Italia);4;4;25/08/2024
2023;ERASMUS;10.1-0421 - Derecho;Facultad de Derecho;OUT;ITALIANO - B1 (Nivel intermedio);Italia;Università Degli Studi Di Perugia (Italia);2;2;25/08/2024
2023;ERASMUS;10.1-0421 - Derecho;Facultad de Derecho;OUT;ITALIANO - B1 (Nivel intermedio);Italia;Università Degli Studi Di Sassari (Italia);2;0;25/08/2024
2023;ERASMUS;10.1-0421 - Derecho;Facultad de Derecho;OUT;ITALIANO - B1 (Nivel intermedio);Italia;Università Degli Studi Di Macerata (Italia);2;0;25/08/2024
2023;ERASMUS;10.1-0421 - Derecho;Facultad de Derecho;OUT;ITALIANO - B1 (Nivel intermedio);Italia;Libera Università 'Maria Ss. Assunta' Di Roma (Italia);2;0;25/08/2024
2023;ERASMUS;10.1-0421 - Derecho;Facultad de Derecho;OUT;ITALIANO - B1 (Nivel intermedio);Italia;Università Cattolica Del Sacro Cuore Di Milano (Italia);2;0;25/08/2024
2023;ERASMUS;10.1-0421 - Derecho;Facultad de Derecho;OUT;ITALIANO - B1 (Nivel intermedio);Italia;Università Degli Studi 'G. D'Annunzio' Di Chieti (Italia);2;0;25/08/2024
2023;ERASMUS;10.1-0421 - Derecho;Facultad de Derecho;OUT;ITALIANO - B1 (Nivel intermedio);Italia;Università Degli Studi Di Modena E Reggio Emilia (Italia);3;0;25/08/2024
2023;ERASMUS;10.1-0421 - Derecho;Facultad de Derecho;OUT;ITALIANO - B1 (Nivel intermedio);Italia;Università Degli Studi Della Campania 'Luigi Vanvitelli' (Italia);2;0;25/08/2024
2023;ERASMUS;10.1-0421 - Derecho;Facultad de Derecho;OUT;ITALIANO - B2 (Nivel avanzado);Italia;Università Degli Studi Insubria Varese-Como (Italia);2;0;25/08/2024
2023;ERASMUS;10.1-0421 - Derecho;Facultad de Derecho;OUT;PORTUGUÉS - A2 (Nivel básico avanzado);Portugal;Universidade De Coimbra (Portugal);3;3;25/08/2024
2023;ERASMUS;10.1-0421 - Derecho;Facultad de Derecho;OUT;PORTUGUÉS - B1 (Nivel intermedio);Portugal;Universidade Do Porto (Portugal);1;0;25/08/2024
2023;ERASMUS;10.1-0421 - Derecho;Facultad de Derecho;OUT;PORTUGUÉS - B1 (Nivel intermedio);Portugal;Universidade De Lisboa (Portugal);3;0;25/08/2024
2023;ERASMUS;10.1-0421 - Derecho;Facultad de Derecho;OUT;PORTUGUÉS - B1 (Nivel intermedio);Portugal;Instituto Politécnico De Beja (Portugal);2;1;25/08/2024
2023;ERASMUS;1014-Deportes;Escuela de Doctorado;OUT;INGLÉS - B1 (Nivel intermedio);Alemania;Technische Universität München (Alemania);0;0;25/08/2024
2023;ERASMUS;1014-Deportes;Escuela de Doctorado;OUT;INGLÉS - B1 (Nivel intermedio);Bélgica;Universiteit Gent (Bélgica);2;3;25/08/2024
2023;ERASMUS;1014-Deportes;Escuela de Doctorado;OUT;INGLÉS - B1 (Nivel intermedio);Francia;Université De Poitiers (Francia);2;0;25/08/2024
2023;ERASMUS;1014-Deportes;Escuela de Doctorado;OUT;No Informado;Eslovenia;Univerza V Ljubljana (Eslovenia);1;0;25/08/2024
2023;ERASMUS;1014-Deportes;Facultad de Ciencias de la Salud y del Deporte;IN;ESPAÑOL - A2 (Nivel básico avanzado);Alemania;Technische Universität München (Alemania);0;0;25/08/2024
2023;ERASMUS;1014-Deportes;Facultad de Ciencias de la Salud y del Deporte;IN;ESPAÑOL - A2 (Nivel básico avanzado);Alemania;Carl Von Ossietzky-Universität Oldenburg (Alemania);2;0;25/08/2024
2023;ERASMUS;1014-Deportes;Facultad de Ciencias de la Salud y del Deporte;IN;ESPAÑOL - A2 (Nivel básico avanzado);Francia;Université Paul Sabatier - Toulouse Iii (Francia);3;0;25/08/2024
2023;ERASMUS;1014-Deportes;Facultad de Ciencias de la Salud y del Deporte;IN;ESPAÑOL - A2 (Nivel básico avanzado);Francia;Université De Perpignan, Via Domitia (Francia);2;0;25/08/2024
2023;ERASMUS;1014-Deportes;Facultad de Ciencias de la Salud y del Deporte;IN;ESPAÑOL - A2 (Nivel básico avanzado);Francia;Université De Poitiers (Francia);2;0;25/08/2024
2023;ERASMUS;1014-Deportes;Facultad de Ciencias de la Salud y del Deporte;IN;ESPAÑOL - A2 (Nivel básico avanzado);Francia;Université De Nantes (Francia);2;0;25/08/2024
2023;ERASMUS;1014-Deportes;Facultad de Ciencias de la Salud y del Deporte;IN;ESPAÑOL - A2 (Nivel básico avanzado);Italia;Università Degli Studi Di Pavia (Italia);3;0;25/08/2024
2023;ERASMUS;1014-Deportes;Facultad de Ciencias de la Salud y del Deporte;IN;ESPAÑOL - A2 (Nivel básico avanzado);Italia;Università Degli Studi Di Torino (Italia);3;0;25/08/2024
2023;ERASMUS;1014-Deportes;Facultad de Ciencias de la Salud y del Deporte;IN;ESPAÑOL - A2 (Nivel básico avanzado);Portugal;Universidade Do Porto (Portugal);2;0;25/08/2024
2023;ERASMUS;1014-Deportes;Facultad de Ciencias de la Salud y del Deporte;IN;ESPAÑOL - A2 (Nivel básico avanzado);Rumanía;Vasile Alecsandri University Of Bacau (Rumanía);2;0;25/08/2024
2023;ERASMUS;1014-Deportes;Facultad de Ciencias de la Salud y del Deporte;IN;ESPAÑOL - B1 (Nivel intermedio);Eslovenia;Univerza V Ljubljana (Eslovenia);1;0;25/08/2024
2023;ERASMUS;1014-Deportes;Facultad de Ciencias de la Salud y del Deporte;IN;ESPAÑOL - B1 (Nivel intermedio);Francia;Université De Pau Et Des Pays De L'Adour (Francia);3;0;25/08/2024
2023;ERASMUS;1014-Deportes;Facultad de Ciencias de la Salud y del Deporte;IN;ESPAÑOL - B1 (Nivel intermedio);Francia;Université De Savoie Mont Blanc (Francia);2;0;25/08/2024
2023;ERASMUS;1014-Deportes;Facultad de Ciencias de la Salud y del Deporte;IN;ESPAÑOL - B1 (Nivel intermedio);Portugal;Universidade Da Beira Interior (Portugal);4;0;25/08/2024
2023;ERASMUS;1014-Deportes;Facultad de Ciencias de la Salud y del Deporte;IN;ESPAÑOL - B1 (Nivel intermedio);Portugal;Universidade Da Maia-Umaia (Portugal);2;0;25/08/2024
2023;ERASMUS;1014-Deportes;Facultad de Ciencias de la Salud y del Deporte;IN;INGLÉS - B1 (Nivel intermedio);Bélgica;Universiteit Gent (Bélgica);3;0;25/08/2024
2023;ERASMUS;1014-Deportes;Facultad de Ciencias de la Salud y del Deporte;IN;INGLÉS - B1 (Nivel intermedio);Francia;Université Grenoble Alpes (Uga) (Francia);2;0;25/08/2024
2023;ERASMUS;1014-Deportes;Facultad de Ciencias de la Salud y del Deporte;IN;INGLÉS - B1 (Nivel intermedio);Francia;Université D'Artois (Francia);3;0;25/08/2024
2023;ERASMUS;1014-Deportes;Facultad de Ciencias de la Salud y del Deporte;IN;INGLÉS - B1 (Nivel intermedio);Italia;Università Degli Studi Di Firenze (Italia);2;0;25/08/2024
2023;ERASMUS;1014-Deportes;Facultad de Ciencias de la Salud y del Deporte;IN;INGLÉS - B1 (Nivel intermedio);Italia;Università Degli Studi Di Torino (Italia);2;0;25/08/2024
2023;ERASMUS;1014-Deportes;Facultad de Ciencias de la Salud y del Deporte;IN;INGLÉS - B1 (Nivel intermedio);Rumanía;Universitatea De Vest Din Timísoara (Rumanía);2;0;25/08/2024
2023;ERASMUS;1014-Deportes;Facultad de Ciencias de la Salud y del Deporte;OUT;FRANCÉS - A2 (Nivel básico avanzado);Francia;Université De Perpignan, Via Domitia (Francia);2;0;25/08/2024
2023;ERASMUS;1014-Deportes;Facultad de Ciencias de la Salud y del Deporte;OUT;FRANCÉS - B1 (Nivel intermedio);Francia;Université Grenoble Alpes (Uga) (Francia);2;1;25/08/2024
2023;ERASMUS;1014-Deportes;Facultad de Ciencias de la Salud y del Deporte;OUT;FRANCÉS - B1 (Nivel intermedio);Francia;Université Paul Sabatier - Toulouse Iii (Francia);0;0;25/08/2024
2023;ERASMUS;1014-Deportes;Facultad de Ciencias de la Salud y del Deporte;OUT;FRANCÉS - B1 (Nivel intermedio);Francia;Université De Savoie Mont Blanc (Francia);2;1;25/08/2024
2023;ERASMUS;1014-Deportes;Facultad de Ciencias de la Salud y del Deporte;OUT;FRANCÉS - B1 (Nivel intermedio);Francia;Université D'Artois (Francia);3;0;25/08/2024
2023;ERASMUS;1014-Deportes;Facultad de Ciencias de la Salud y del Deporte;OUT;INGLÉS - B1 (Nivel intermedio);Alemania;Technische Universität München (Alemania);2;0;25/08/2024
2023;ERASMUS;1014-Deportes;Facultad de Ciencias de la Salud y del Deporte;OUT;INGLÉS - B1 (Nivel intermedio);Alemania;Carl Von Ossietzky-Universität Oldenburg (Alemania);2;0;25/08/2024
2023;ERASMUS;1014-Deportes;Facultad de Ciencias de la Salud y del Deporte;OUT;INGLÉS - B1 (Nivel intermedio);Bélgica;Universiteit Gent (Bélgica);3;3;25/08/2024
2023;ERASMUS;1014-Deportes;Facultad de Ciencias de la Salud y del Deporte;OUT;INGLÉS - B1 (Nivel intermedio);Francia;Université Paul Sabatier - Toulouse Iii (Francia);3;1;25/08/2024
2023;ERASMUS;1014-Deportes;Facultad de Ciencias de la Salud y del Deporte;OUT;INGLÉS - B1 (Nivel intermedio);Francia;Université De Poitiers (Francia);2;0;25/08/2024
2023;ERASMUS;1014-Deportes;Facultad de Ciencias de la Salud y del Deporte;OUT;INGLÉS - B1 (Nivel intermedio);Francia;Université De Pau Et Des Pays De L'Adour (Francia);5;1;25/08/2024
2023;ERASMUS;1014-Deportes;Facultad de Ciencias de la Salud y del Deporte;OUT;INGLÉS - B1 (Nivel intermedio);Italia;Università Degli Studi Di Firenze (Italia);2;2;25/08/2024
2023;ERASMUS;1014-Deportes;Facultad de Ciencias de la Salud y del Deporte;OUT;INGLÉS - B1 (Nivel intermedio);Italia;Università Degli Studi Di Torino (Italia);3;3;25/08/2024
2023;ERASMUS;1014-Deportes;Facultad de Ciencias de la Salud y del Deporte;OUT;INGLÉS - B1 (Nivel intermedio);Italia;Università Degli Studi Di Pavia (Italia);3;2;25/08/2024
2023;ERASMUS;1014-Deportes;Facultad de Ciencias de la Salud y del Deporte;OUT;INGLÉS - B1 (Nivel intermedio);Rumanía;Universitatea De Vest Din Timísoara (Rumanía);2;0;25/08/2024
2023;ERASMUS;1014-Deportes;Facultad de Ciencias de la Salud y del Deporte;OUT;INGLÉS - B2 (Nivel avanzado);Francia;Université De Nantes (Francia);2;0;25/08/2024
2023;ERASMUS;1014-Deportes;Facultad de Ciencias de la Salud y del Deporte;OUT;INGLÉS - B2 (Nivel avanzado);Francia;Université De Montpellier (Francia);2;0;25/08/2024
2023;ERASMUS;1014-Deportes;Facultad de Ciencias de la Salud y del Deporte;OUT;OTROS - B1 (Nivel intermedio);Rumanía;Vasile Alecsandri University Of Bacau (Rumanía);2;0;25/08/2024
2023;ERASMUS;1014-Deportes;Facultad de Ciencias de la Salud y del Deporte;OUT;PORTUGUÉS - A2 (Nivel básico avanzado);Portugal;Universidade Do Porto (Portugal);2;3;25/08/2024
2023;ERASMUS;1014-Deportes;Facultad de Ciencias de la Salud y del Deporte;OUT;PORTUGUÉS - B1 (Nivel intermedio);Portugal;Universidade Da Beira Interior (Portugal);4;0;25/08/2024
2023;ERASMUS;1014-Deportes;Facultad de Ciencias de la Salud y del Deporte;OUT;PORTUGUÉS - B1 (Nivel intermedio);Portugal;Universidade Da Maia-Umaia (Portugal);2;0;25/08/2024
2023;ERASMUS;1015-Viajes, turismo y ocio;Facultad de Empresa y Gestión Pública;IN;ESPAÑOL - B1 (Nivel intermedio);Rumanía;Universitatea De Vest Din Timísoara (Rumanía);3;0;25/08/2024
2023;ERASMUS;1015-Viajes, turismo y ocio;Facultad de Empresa y Gestión Pública;IN;INGLÉS - B1 (Nivel intermedio);Francia;Université De Pau Et Des Pays De L'Adour (Francia);7;0;25/08/2024
2023;ERASMUS;1015-Viajes, turismo y ocio;Facultad de Empresa y Gestión Pública;OUT;FRANCÉS - B1 (Nivel intermedio);Francia;Université De Pau Et Des Pays De L'Adour (Francia);7;0;25/08/2024
2023;ERASMUS;1015-Viajes, turismo y ocio;Facultad de Empresa y Gestión Pública;OUT;INGLÉS - B1 (Nivel intermedio);Rumanía;Universitatea De Vest Din Timísoara (Rumanía);3;0;25/08/2024
2023;ERASMUS;14-Ciencias de la educación y formación del profesorado;Facultad de Ciencias Humanas y de la Educación;IN;ESPAÑOL - A2 (Nivel básico avanzado);Italia;Ecampus University (Italia);2;0;25/08/2024
2023;ERASMUS;14-Ciencias de la educación y formación del profesorado;Facultad de Ciencias Humanas y de la Educación;IN;ESPAÑOL - B2 (Nivel avanzado);Italia;Università Degli Studi Di Firenze (Italia);2;0;25/08/2024
2023;ERASMUS;14-Ciencias de la educación y formación del profesorado;Facultad de Ciencias Humanas y de la Educación;OUT;ITALIANO - A2 (Nivel básico avanzado);Italia;Ecampus University (Italia);2;2;25/08/2024
2023;ERASMUS;14-Ciencias de la educación y formación del profesorado;Facultad de Ciencias Humanas y de la Educación;OUT;ITALIANO - B2 (Nivel avanzado);Italia;Università Degli Studi Di Firenze (Italia);2;0;25/08/2024
2023;ERASMUS;14-Ciencias de la educación y formación del profesorado;Facultad de Ciencias Sociales y Humanas de Teruel;OUT;INGLÉS - B2 (Nivel avanzado);Polonia;Wyzsza Szkola Pedagogiczna Towarzystwa Wiedzy Powszechnej (Polonia);2;0;25/08/2024
2023;ERASMUS;14-Ciencias de la educación y formación del profesorado;Facultad de Educación;OUT;INGLÉS - B1 (Nivel intermedio);Portugal;Universidade De Évora (Portugal);2;2;25/08/2024
2023;ERASMUS;140-Formación del profesorado y ciencias de la educación (programas generales);Facultad de Ciencias Sociales y Humanas de Teruel;OUT;INGLÉS - B2 (Nivel avanzado);Polonia;Uniwersytet Im. Adama Mickiewicza (Polonia);2;2;25/08/2024
2023;ERASMUS;142-Ciencias de la educación;Facultad de Ciencias Sociales y Humanas de Teruel;IN;ESPAÑOL - B1 (Nivel intermedio);Francia;Cy Cergy Paris Université (Francia);2;0;25/08/2024
2023;ERASMUS;222-Idiomas y ciencias filológicas;Escuela de Doctorado;OUT;ESPAÑOL - B1 (Nivel intermedio);Italia;Università Degli Studi Di Napoli Federico Ii (Italia);2;0;25/08/2024
2023;ERASMUS;222-Idiomas y ciencias filológicas;Escuela de Doctorado;OUT;FRANCÉS - B1 (Nivel intermedio);Francia;Université De Paris-Nanterre (Paris X) (Francia);2;0;25/08/2024
2023;ERASMUS;222-Idiomas y ciencias filológicas;Escuela de Doctorado;OUT;FRANCÉS - B2 (Nivel avanzado);Francia;Sorbonne Université (Francia);1;0;25/08/2024
2023;ERASMUS;222-Idiomas y ciencias filológicas;Escuela de Doctorado;OUT;FRANCÉS - B2 (Nivel avanzado);Francia;Cy Cergy Paris Université (Francia);2;2;25/08/2024
2023;ERASMUS;222-Idiomas y ciencias filológicas;Escuela de Doctorado;OUT;FRANCÉS - C1 (Nivel avanzado 1);Francia;École Normale Supérieure De Lyon (Francia);2;0;25/08/2024
2023;ERASMUS;222-Idiomas y ciencias filológicas;Escuela de Doctorado;OUT;GRIEGO - B1 (Nivel intermedio);Grecia;Aristotelio Panepistimio Thessalonikis (Grecia);2;1;25/08/2024
2023;ERASMUS;222-Idiomas y ciencias filológicas;Escuela de Doctorado;OUT;INGLÉS - B1 (Nivel intermedio);Irlanda (Eire);University College Dublin (Irlanda (Eire));3;0;25/08/2024
2023;ERASMUS;222-Idiomas y ciencias filológicas;Escuela de Doctorado;OUT;INGLÉS - B1 (Nivel intermedio);Italia;Università Degli Studi Di Verona (Italia);2;0;25/08/2024
2023;ERASMUS;222-Idiomas y ciencias filológicas;Escuela de Doctorado;OUT;INGLÉS - B1 (Nivel intermedio);Italia;Università Cattolica Del Sacro Cuore Di Milano (Italia);3;0;25/08/2024
2023;ERASMUS;222-Idiomas y ciencias filológicas;Escuela de Doctorado;OUT;INGLÉS - B2 (Nivel avanzado);Alemania;Technische Universität Chemnitz (Alemania);1;0;25/08/2024
2023;ERASMUS;222-Idiomas y ciencias filológicas;Escuela de Doctorado;OUT;INGLÉS - B2 (Nivel avanzado);Bélgica;Université Catholique De Louvain (Bélgica);2;0;25/08/2024
2023;ERASMUS;222-Idiomas y ciencias filológicas;Escuela de Doctorado;OUT;INGLÉS - B2 (Nivel avanzado);Grecia;Aristotelio Panepistimio Thessalonikis (Grecia);1;0;25/08/2024
2023;ERASMUS;222-Idiomas y ciencias filológicas;Escuela de Doctorado;OUT;INGLÉS - B2 (Nivel avanzado);Suecia;Uppsala Universitet (Suecia);1;0;25/08/2024
2023;ERASMUS;222-Idiomas y ciencias filológicas;Escuela de Doctorado;OUT;INGLÉS - TOEFL / IELTS;Reino Unido;University Of Birmingham (Reino Unido);2;0;25/08/2024
2023;ERASMUS;222-Idiomas y ciencias filológicas;Escuela de Doctorado;OUT;No Informado;Grecia;University Of Crete (Grecia);2;0;25/08/2024
2023;ERASMUS;222-Idiomas y ciencias filológicas;Escuela de Doctorado;OUT;No Informado;Italia;Università Degli Studi Di Torino (Italia);1;1;25/08/2024
2023;ERASMUS;222-Idiomas y ciencias filológicas;Escuela de Doctorado;OUT;No Informado;Rumanía;Bucharest University Of Economic Studies (Rumanía);4;0;25/08/2024
2023;ERASMUS;222-Idiomas y ciencias filológicas;Facultad de Filosofía y Letras;IN;ESPAÑOL - B1 (Nivel intermedio);Alemania;Friedrich-Schiller-Universität Jena (Alemania);2;0;25/08/2024
2023;ERASMUS;222-Idiomas y ciencias filológicas;Facultad de Filosofía y Letras;IN;ESPAÑOL - B1 (Nivel intermedio);Alemania;Otto-Friedrich-Universität Bamberg (Alemania);2;0;25/08/2024
2023;ERASMUS;222-Idiomas y ciencias filológicas;Facultad de Filosofía y Letras;IN;ESPAÑOL - B1 (Nivel intermedio);Alemania;Europa-Universität Viadrina Frankfurt An Der Oder (Alemania);3;0;25/08/2024
2023;ERASMUS;222-Idiomas y ciencias filológicas;Facultad de Filosofía y Letras;IN;ESPAÑOL - B1 (Nivel intermedio);Alemania;Rheinische Friedrich-Wilhelms- Universität Bonn (Alemania);3;0;25/08/2024
2023;ERASMUS;222-Idiomas y ciencias filológicas;Facultad de Filosofía y Letras;IN;ESPAÑOL - B1 (Nivel intermedio);Alemania;Julius-Maximilians- Universität Würzburg (Alemania);2;0;25/08/2024
2023;ERASMUS;222-Idiomas y ciencias filológicas;Facultad de Filosofía y Letras;IN;ESPAÑOL - B1 (Nivel intermedio);Alemania;Ludwig-Maximilians-Universität München (Alemania);1;0;25/08/2024
2023;ERASMUS;222-Idiomas y ciencias filológicas;Facultad de Filosofía y Letras;IN;ESPAÑOL - B1 (Nivel intermedio);Alemania;Eberhard-Karls-Universität Tübingen (Alemania);2;0;25/08/2024
2023;ERASMUS;222-Idiomas y ciencias filológicas;Facultad de Filosofía y Letras;IN;ESPAÑOL - B1 (Nivel intermedio);Alemania;Universität Bremen (Alemania);2;0;25/08/2024
2023;ERASMUS;222-Idiomas y ciencias filológicas;Facultad de Filosofía y Letras;IN;ESPAÑOL - B1 (Nivel intermedio);Alemania;Universität Hamburg (Alemania);2;0;25/08/2024
2023;ERASMUS;222-Idiomas y ciencias filológicas;Facultad de Filosofía y Letras;IN;ESPAÑOL - B1 (Nivel intermedio);Alemania;Universität Mannheim (Alemania);2;0;25/08/2024
2023;ERASMUS;222-Idiomas y ciencias filológicas;Facultad de Filosofía y Letras;IN;ESPAÑOL - B1 (Nivel intermedio);Alemania;Universität Zu Köln (Alemania);5;0;25/08/2024
2023;ERASMUS;222-Idiomas y ciencias filológicas;Facultad de Filosofía y Letras;IN;ESPAÑOL - B1 (Nivel intermedio);Alemania;Universität Paderborn (Alemania);6;0;25/08/2024
2023;ERASMUS;222-Idiomas y ciencias filológicas;Facultad de Filosofía y Letras;IN;ESPAÑOL - B1 (Nivel intermedio);Alemania;Universität Duisburg-Essen (Alemania);4;0;25/08/2024
2023;ERASMUS;222-Idiomas y ciencias filológicas;Facultad de Filosofía y Letras;IN;ESPAÑOL - B1 (Nivel intermedio);Alemania;Philipps-Universität Marburg (Alemania);3;0;25/08/2024
2023;ERASMUS;222-Idiomas y ciencias filológicas;Facultad de Filosofía y Letras;IN;ESPAÑOL - B1 (Nivel intermedio);Alemania;Technische Universität Dresden (Alemania);4;0;25/08/2024
2023;ERASMUS;222-Idiomas y ciencias filológicas;Facultad de Filosofía y Letras;IN;ESPAÑOL - B1 (Nivel intermedio);Alemania;Technische Universität Chemnitz (Alemania);1;0;25/08/2024
2023;ERASMUS;222-Idiomas y ciencias filológicas;Facultad de Filosofía y Letras;IN;ESPAÑOL - B1 (Nivel intermedio);Alemania;Friedrich-Alexander-Universität Erlangen-Nürnberg (Alemania);2;0;25/08/2024
2023;ERASMUS;222-Idiomas y ciencias filológicas;Facultad de Filosofía y Letras;IN;ESPAÑOL - B1 (Nivel intermedio);Austria;Universität Wien (Austria);3;0;25/08/2024
2023;ERASMUS;222-Idiomas y ciencias filológicas;Facultad de Filosofía y Letras;IN;ESPAÑOL - B1 (Nivel intermedio);Austria;Karl-Franzens- Universität Graz (Austria);1;0;25/08/2024
2023;ERASMUS;222-Idiomas y ciencias filológicas;Facultad de Filosofía y Letras;IN;ESPAÑOL - B1 (Nivel intermedio);Bélgica;Université Libre De Bruxelles (Bélgica);2;0;25/08/2024
2023;ERASMUS;222-Idiomas y ciencias filológicas;Facultad de Filosofía y Letras;IN;ESPAÑOL - B1 (Nivel intermedio);Bélgica;Vrije Universiteit Brussel (Bélgica);5;0;25/08/2024
2023;ERASMUS;222-Idiomas y ciencias filológicas;Facultad de Filosofía y Letras;IN;ESPAÑOL - B1 (Nivel intermedio);Bélgica;Université De Liege (Bélgica);6;0;25/08/2024
2023;ERASMUS;222-Idiomas y ciencias filológicas;Facultad de Filosofía y Letras;IN;ESPAÑOL - B1 (Nivel intermedio);Bélgica;Universiteit Gent (Bélgica);2;0;25/08/2024
2023;ERASMUS;222-Idiomas y ciencias filológicas;Facultad de Filosofía y Letras;IN;ESPAÑOL - B1 (Nivel intermedio);Bélgica;Université Catholique De Louvain (Bélgica);2;0;25/08/2024
2023;ERASMUS;222-Idiomas y ciencias filológicas;Facultad de Filosofía y Letras;IN;ESPAÑOL - B1 (Nivel intermedio);Bélgica;Université Saint-Louis - Bruxelles (Bélgica);3;0;25/08/2024
2023;ERASMUS;222-Idiomas y ciencias filológicas;Facultad de Filosofía y Letras;IN;ESPAÑOL - B1 (Nivel intermedio);Bulgaria;"Sofiiski Universitet ""Sveti Kliment Ohridski"" (Bulgaria)";6;0;25/08/2024
2023;ERASMUS;222-Idiomas y ciencias filológicas;Facultad de Filosofía y Letras;IN;ESPAÑOL - B1 (Nivel intermedio);Eslovenia;Univerza V Ljubljana (Eslovenia);2;0;25/08/2024
2023;ERASMUS;222-Idiomas y ciencias filológicas;Facultad de Filosofía y Letras;IN;ESPAÑOL - B1 (Nivel intermedio);Estonia;Tallinn University (Estonia);2;0;25/08/2024
2023;ERASMUS;222-Idiomas y ciencias filológicas;Facultad de Filosofía y Letras;IN;ESPAÑOL - B1 (Nivel intermedio);Estonia;Tartu Ülikool (Estonia);2;0;25/08/2024
2023;ERASMUS;222-Idiomas y ciencias filológicas;Facultad de Filosofía y Letras;IN;ESPAÑOL - B1 (Nivel intermedio);Finlandia;University Of Eastern Finland (Finlandia);2;0;25/08/2024
2023;ERASMUS;222-Idiomas y ciencias filológicas;Facultad de Filosofía y Letras;IN;ESPAÑOL - B1 (Nivel intermedio);Francia;Institut National Universitaire Jean-François Champollion (Francia);4;0;25/08/2024
2023;ERASMUS;222-Idiomas y ciencias filológicas;Facultad de Filosofía y Letras;IN;ESPAÑOL - B1 (Nivel intermedio);Francia;Université De Vincennes - Saint Denis (Paris Viii) (Francia);6;0;25/08/2024
2023;ERASMUS;222-Idiomas y ciencias filológicas;Facultad de Filosofía y Letras;IN;ESPAÑOL - B1 (Nivel intermedio);Francia;Université De Versailles Saint-Quentin-En-Yvelines (Francia);2;0;25/08/2024
2023;ERASMUS;222-Idiomas y ciencias filológicas;Facultad de Filosofía y Letras;IN;ESPAÑOL - B1 (Nivel intermedio);Francia;Université Paul Valery (Montpellier Iii) (Francia);12;0;25/08/2024
2023;ERASMUS;222-Idiomas y ciencias filológicas;Facultad de Filosofía y Letras;IN;ESPAÑOL - B1 (Nivel intermedio);Francia;Université Jean Monnet De Saint- Etienne (Francia);11;0;25/08/2024
2023;ERASMUS;222-Idiomas y ciencias filológicas;Facultad de Filosofía y Letras;IN;ESPAÑOL - B1 (Nivel intermedio);Francia;Université De Paris-Nanterre (Paris X) (Francia);2;0;25/08/2024
2023;ERASMUS;222-Idiomas y ciencias filológicas;Facultad de Filosofía y Letras;IN;ESPAÑOL - B1 (Nivel intermedio);Francia;Université Sorbonne Nouvelle - Paris 3 (Francia);2;0;25/08/2024
2023;ERASMUS;222-Idiomas y ciencias filológicas;Facultad de Filosofía y Letras;IN;ESPAÑOL - B1 (Nivel intermedio);Francia;Université De Haute-Bretagne (Rennes Ii) (Francia);2;0;25/08/2024
2023;ERASMUS;222-Idiomas y ciencias filológicas;Facultad de Filosofía y Letras;IN;ESPAÑOL - B1 (Nivel intermedio);Francia;Université François Rabelais (Tours) (Francia);8;0;25/08/2024
2023;ERASMUS;222-Idiomas y ciencias filológicas;Facultad de Filosofía y Letras;IN;ESPAÑOL - B1 (Nivel intermedio);Francia;Université De Toulouse - Jean Jaurès (Francia);8;0;25/08/2024
2023;ERASMUS;222-Idiomas y ciencias filológicas;Facultad de Filosofía y Letras;IN;ESPAÑOL - B1 (Nivel intermedio);Francia;École Normale Supérieure De Lyon (Francia);2;0;25/08/2024
2023;ERASMUS;222-Idiomas y ciencias filológicas;Facultad de Filosofía y Letras;IN;ESPAÑOL - B1 (Nivel intermedio);Francia;Université Grenoble Alpes (Uga) (Francia);5;0;25/08/2024
2023;ERASMUS;222-Idiomas y ciencias filológicas;Facultad de Filosofía y Letras;IN;ESPAÑOL - B1 (Nivel intermedio);Francia;Université De Savoie Mont Blanc (Francia);2;0;25/08/2024
2023;ERASMUS;222-Idiomas y ciencias filológicas;Facultad de Filosofía y Letras;IN;ESPAÑOL - B1 (Nivel intermedio);Francia;Université De Bourgogne - Dijon (Francia);5;0;25/08/2024
2023;ERASMUS;222-Idiomas y ciencias filológicas;Facultad de Filosofía y Letras;IN;ESPAÑOL - B1 (Nivel intermedio);Francia;Université De Caen (Francia);5;0;25/08/2024
2023;ERASMUS;222-Idiomas y ciencias filológicas;Facultad de Filosofía y Letras;IN;ESPAÑOL - B1 (Nivel intermedio);Francia;Sorbonne Université (Francia);5;0;25/08/2024
2023;ERASMUS;222-Idiomas y ciencias filológicas;Facultad de Filosofía y Letras;IN;ESPAÑOL - B1 (Nivel intermedio);Francia;Université De Rouen (Francia);4;0;25/08/2024
2023;ERASMUS;222-Idiomas y ciencias filológicas;Facultad de Filosofía y Letras;IN;ESPAÑOL - B1 (Nivel intermedio);Francia;Université De Nantes (Francia);21;0;25/08/2024
2023;ERASMUS;222-Idiomas y ciencias filológicas;Facultad de Filosofía y Letras;IN;ESPAÑOL - B1 (Nivel intermedio);Francia;Université De Poitiers (Francia);5;0;25/08/2024
2023;ERASMUS;222-Idiomas y ciencias filológicas;Facultad de Filosofía y Letras;IN;ESPAÑOL - B1 (Nivel intermedio);Francia;Aix-Marseille Université (Francia);3;0;25/08/2024
2023;ERASMUS;222-Idiomas y ciencias filológicas;Facultad de Filosofía y Letras;IN;ESPAÑOL - B1 (Nivel intermedio);Francia;Université De La Reunion (Francia);3;0;25/08/2024
2023;ERASMUS;222-Idiomas y ciencias filológicas;Facultad de Filosofía y Letras;IN;ESPAÑOL - B1 (Nivel intermedio);Francia;Cy Cergy Paris Université (Francia);4;0;25/08/2024
2023;ERASMUS;222-Idiomas y ciencias filológicas;Facultad de Filosofía y Letras;IN;ESPAÑOL - B1 (Nivel intermedio);Francia;Université Lumière Lyon Ii (Francia);12;0;25/08/2024
2023;ERASMUS;222-Idiomas y ciencias filológicas;Facultad de Filosofía y Letras;IN;ESPAÑOL - B1 (Nivel intermedio);Francia;Université Clermont Auvergne (Francia);4;0;25/08/2024
2023;ERASMUS;222-Idiomas y ciencias filológicas;Facultad de Filosofía y Letras;IN;ESPAÑOL - B1 (Nivel intermedio);Francia;Université Bordeaux Montaigne (Francia);5;0;25/08/2024
2023;ERASMUS;222-Idiomas y ciencias filológicas;Facultad de Filosofía y Letras;IN;ESPAÑOL - B1 (Nivel intermedio);Francia;Université Sorbonne Paris Nord (Francia);2;0;25/08/2024
2023;ERASMUS;222-Idiomas y ciencias filológicas;Facultad de Filosofía y Letras;IN;ESPAÑOL - B1 (Nivel intermedio);Grecia;Ethniko Kai Kapodistriako Panepistimio Athinon (Grecia);4;0;25/08/2024
2023;ERASMUS;222-Idiomas y ciencias filológicas;Facultad de Filosofía y Letras;IN;ESPAÑOL - B1 (Nivel intermedio);Grecia;Aristotelio Panepistimio Thessalonikis (Grecia);7;0;25/08/2024
2023;ERASMUS;222-Idiomas y ciencias filológicas;Facultad de Filosofía y Letras;IN;ESPAÑOL - B1 (Nivel intermedio);Grecia;University Of Crete (Grecia);2;0;25/08/2024
2023;ERASMUS;222-Idiomas y ciencias filológicas;Facultad de Filosofía y Letras;IN;ESPAÑOL - B1 (Nivel intermedio);Hungría;Eötvös Loránd Tudományegyetem (Hungría);2;0;25/08/2024
2023;ERASMUS;222-Idiomas y ciencias filológicas;Facultad de Filosofía y Letras;IN;ESPAÑOL - B1 (Nivel intermedio);Irlanda (Eire);University College Cork (Irlanda (Eire));2;0;25/08/2024
2023;ERASMUS;222-Idiomas y ciencias filológicas;Facultad de Filosofía y Letras;IN;ESPAÑOL - B1 (Nivel intermedio);Irlanda (Eire);University College Dublin (Irlanda (Eire));3;0;25/08/2024
2023;ERASMUS;222-Idiomas y ciencias filológicas;Facultad de Filosofía y Letras;IN;ESPAÑOL - B1 (Nivel intermedio);Irlanda (Eire);National University Of Ireland - Galway (Irlanda (Eire));4;0;25/08/2024
2023;ERASMUS;222-Idiomas y ciencias filológicas;Facultad de Filosofía y Letras;IN;ESPAÑOL - B1 (Nivel intermedio);Italia;Università Degli Studi Di Parma (Italia);2;0;25/08/2024
2023;ERASMUS;222-Idiomas y ciencias filológicas;Facultad de Filosofía y Letras;IN;ESPAÑOL - B1 (Nivel intermedio);Italia;Università Degli Studi Di Milano (Italia);5;0;25/08/2024
2023;ERASMUS;222-Idiomas y ciencias filológicas;Facultad de Filosofía y Letras;IN;ESPAÑOL - B1 (Nivel intermedio);Italia;Università Degli Studi Di Padova (Italia);4;0;25/08/2024
2023;ERASMUS;222-Idiomas y ciencias filológicas;Facultad de Filosofía y Letras;IN;ESPAÑOL - B1 (Nivel intermedio);Italia;Università Degli Studi Di Torino (Italia);5;0;25/08/2024
2023;ERASMUS;222-Idiomas y ciencias filológicas;Facultad de Filosofía y Letras;IN;ESPAÑOL - B1 (Nivel intermedio);Italia;Università Degli Studi Di Trento (Italia);2;0;25/08/2024
2023;ERASMUS;222-Idiomas y ciencias filológicas;Facultad de Filosofía y Letras;IN;ESPAÑOL - B1 (Nivel intermedio);Italia;Università Degli Studi Di Verona (Italia);6;0;25/08/2024
2023;ERASMUS;222-Idiomas y ciencias filológicas;Facultad de Filosofía y Letras;IN;ESPAÑOL - B1 (Nivel intermedio);Italia;Università Degli Studi Di Catania (Italia);6;0;25/08/2024
2023;ERASMUS;222-Idiomas y ciencias filológicas;Facultad de Filosofía y Letras;IN;ESPAÑOL - B1 (Nivel intermedio);Italia;Università Degli Studi Di Palermo (Italia);4;0;25/08/2024
2023;ERASMUS;222-Idiomas y ciencias filológicas;Facultad de Filosofía y Letras;IN;ESPAÑOL - B1 (Nivel intermedio);Italia;Università Per Stranieri Di Siena (Italia);2;0;25/08/2024
2023;ERASMUS;222-Idiomas y ciencias filológicas;Facultad de Filosofía y Letras;IN;ESPAÑOL - B1 (Nivel intermedio);Italia;Università Degli Studi Della Calabria (Italia);5;0;25/08/2024
2023;ERASMUS;222-Idiomas y ciencias filológicas;Facultad de Filosofía y Letras;IN;ESPAÑOL - B1 (Nivel intermedio);Italia;Università Degli Studi Di Roma 'La Sapienza' (Italia);1;0;25/08/2024
2023;ERASMUS;222-Idiomas y ciencias filológicas;Facultad de Filosofía y Letras;IN;ESPAÑOL - B1 (Nivel intermedio);Italia;Università Degli Studi Suor Orsola Benincasa (Italia);2;0;25/08/2024
2023;ERASMUS;222-Idiomas y ciencias filológicas;Facultad de Filosofía y Letras;IN;ESPAÑOL - B1 (Nivel intermedio);Italia;Libera Università 'Maria Ss. Assunta' Di Roma (Italia);3;0;25/08/2024
2023;ERASMUS;222-Idiomas y ciencias filológicas;Facultad de Filosofía y Letras;IN;ESPAÑOL - B1 (Nivel intermedio);Italia;Università Cattolica Del Sacro Cuore Di Milano (Italia);0;0;25/08/2024
2023;ERASMUS;222-Idiomas y ciencias filológicas;Facultad de Filosofía y Letras;IN;ESPAÑOL - B1 (Nivel intermedio);Italia;Università Degli Studi Di Modena E Reggio Emilia (Italia);2;0;25/08/2024
2023;ERASMUS;222-Idiomas y ciencias filológicas;Facultad de Filosofía y Letras;IN;ESPAÑOL - B1 (Nivel intermedio);Italia;Università Degli Studi Del Piemonte Orientale Amedeo Avogadro (Italia);2;0;25/08/2024
2023;ERASMUS;222-Idiomas y ciencias filológicas;Facultad de Filosofía y Letras;IN;ESPAÑOL - B1 (Nivel intermedio);Lituania;Vilnius University (Lituania);2;0;25/08/2024
2023;ERASMUS;222-Idiomas y ciencias filológicas;Facultad de Filosofía y Letras;IN;ESPAÑOL - B1 (Nivel intermedio);Polonia;Uniwersytet Mikolaja Kopernika W Toruniu (Polonia);2;0;25/08/2024
2023;ERASMUS;222-Idiomas y ciencias filológicas;Facultad de Filosofía y Letras;IN;ESPAÑOL - B1 (Nivel intermedio);Polonia;Uniwersytet Lódzki (Polonia);2;0;25/08/2024
2023;ERASMUS;222-Idiomas y ciencias filológicas;Facultad de Filosofía y Letras;IN;ESPAÑOL - B1 (Nivel intermedio);Polonia;Uniwersytet Slaski (Polonia);2;0;25/08/2024
2023;ERASMUS;222-Idiomas y ciencias filológicas;Facultad de Filosofía y Letras;IN;ESPAÑOL - B1 (Nivel intermedio);Polonia;Uniwersytet Wroclawski (Polonia);3;0;25/08/2024
2023;ERASMUS;222-Idiomas y ciencias filológicas;Facultad de Filosofía y Letras;IN;ESPAÑOL - B1 (Nivel intermedio);Polonia;Uniwersytet Im. Adama Mickiewicza (Polonia);1;0;25/08/2024
2023;ERASMUS;222-Idiomas y ciencias filológicas;Facultad de Filosofía y Letras;IN;ESPAÑOL - B1 (Nivel intermedio);Portugal;Universidade Do Porto (Portugal);2;0;25/08/2024
2023;ERASMUS;222-Idiomas y ciencias filológicas;Facultad de Filosofía y Letras;IN;ESPAÑOL - B1 (Nivel intermedio);Portugal;Universidade Da Beira Interior (Portugal);2;0;25/08/2024
2023;ERASMUS;222-Idiomas y ciencias filológicas;Facultad de Filosofía y Letras;IN;ESPAÑOL - B1 (Nivel intermedio);Portugal;Universidade De Coimbra (Portugal);2;0;25/08/2024
2023;ERASMUS;222-Idiomas y ciencias filológicas;Facultad de Filosofía y Letras;IN;ESPAÑOL - B1 (Nivel intermedio);Reino Unido;University Of Sheffield (Reino Unido);2;0;25/08/2024
2023;ERASMUS;222-Idiomas y ciencias filológicas;Facultad de Filosofía y Letras;IN;ESPAÑOL - B1 (Nivel intermedio);Reino Unido;University Of Newcastle Upon Tyne (Reino Unido);8;0;25/08/2024
2023;ERASMUS;222-Idiomas y ciencias filológicas;Facultad de Filosofía y Letras;IN;ESPAÑOL - B1 (Nivel intermedio);Reino Unido;University Of Kent At Canterbury (Reino Unido);3;0;25/08/2024
2023;ERASMUS;222-Idiomas y ciencias filológicas;Facultad de Filosofía y Letras;IN;ESPAÑOL - B1 (Nivel intermedio);Reino Unido;The University Of Nottingham (Reino Unido);5;0;25/08/2024
2023;ERASMUS;222-Idiomas y ciencias filológicas;Facultad de Filosofía y Letras;IN;ESPAÑOL - B1 (Nivel intermedio);Reino Unido;University Of Southampton (Reino Unido);4;0;25/08/2024
2023;ERASMUS;222-Idiomas y ciencias filológicas;Facultad de Filosofía y Letras;IN;ESPAÑOL - B1 (Nivel intermedio);Reino Unido;University Of Birmingham (Reino Unido);2;0;25/08/2024
2023;ERASMUS;222-Idiomas y ciencias filológicas;Facultad de Filosofía y Letras;IN;ESPAÑOL - B1 (Nivel intermedio);Reino Unido;University Of Leicester (Reino Unido);4;0;25/08/2024
2023;ERASMUS;222-Idiomas y ciencias filológicas;Facultad de Filosofía y Letras;IN;ESPAÑOL - B1 (Nivel intermedio);Reino Unido;University Of Warwick (Reino Unido);4;0;25/08/2024
2023;ERASMUS;222-Idiomas y ciencias filológicas;Facultad de Filosofía y Letras;IN;ESPAÑOL - B1 (Nivel intermedio);Reino Unido;University Of Bristol (Reino Unido);6;0;25/08/2024
2023;ERASMUS;222-Idiomas y ciencias filológicas;Facultad de Filosofía y Letras;IN;ESPAÑOL - B1 (Nivel intermedio);Reino Unido;Edge Hill University (Reino Unido);2;0;25/08/2024
2023;ERASMUS;222-Idiomas y ciencias filológicas;Facultad de Filosofía y Letras;IN;ESPAÑOL - B1 (Nivel intermedio);República Checa;Ostravská Univerzita V Ostrave (República Checa);6;0;25/08/2024
2023;ERASMUS;222-Idiomas y ciencias filológicas;Facultad de Filosofía y Letras;IN;ESPAÑOL - B1 (Nivel intermedio);República Checa;Masarykova Univerzita Brno (República Checa);5;0;25/08/2024
2023;ERASMUS;222-Idiomas y ciencias filológicas;Facultad de Filosofía y Letras;IN;ESPAÑOL - B1 (Nivel intermedio);República Checa;Univerzita Karlova V Praze (República Checa);2;0;25/08/2024
2023;ERASMUS;222-Idiomas y ciencias filológicas;Facultad de Filosofía y Letras;IN;ESPAÑOL - B1 (Nivel intermedio);Rumanía;Universitatea Babes-Bolyai Din Cluj-Napoca (Rumanía);2;0;25/08/2024
2023;ERASMUS;222-Idiomas y ciencias filológicas;Facultad de Filosofía y Letras;IN;ESPAÑOL - B1 (Nivel intermedio);Rumanía;Universitatea Din Bucuresti (Rumanía);6;0;25/08/2024
2023;ERASMUS;222-Idiomas y ciencias filológicas;Facultad de Filosofía y Letras;IN;ESPAÑOL - B1 (Nivel intermedio);Rumanía;Bucharest University Of Economic Studies (Rumanía);4;0;25/08/2024
2023;ERASMUS;222-Idiomas y ciencias filológicas;Facultad de Filosofía y Letras;IN;ESPAÑOL - B1 (Nivel intermedio);Suecia;Lunds Universitet (Suecia);2;0;25/08/2024
2023;ERASMUS;222-Idiomas y ciencias filológicas;Facultad de Filosofía y Letras;IN;ESPAÑOL - B1 (Nivel intermedio);Suecia;Uppsala Universitet (Suecia);1;0;25/08/2024
2023;ERASMUS;222-Idiomas y ciencias filológicas;Facultad de Filosofía y Letras;IN;ESPAÑOL - B1 (Nivel intermedio);Turquía;Fatih Universitesi (Turquía);4;0;25/08/2024
2023;ERASMUS;222-Idiomas y ciencias filológicas;Facultad de Filosofía y Letras;IN;ESPAÑOL - B1 (Nivel intermedio);Turquía;Ankara University (Turquía);2;0;25/08/2024
2023;ERASMUS;222-Idiomas y ciencias filológicas;Facultad de Filosofía y Letras;IN;No Informado;Alemania;Ruprecht-Karls-Universität Heidelberg (Alemania);2;0;25/08/2024
2023;ERASMUS;222-Idiomas y ciencias filológicas;Facultad de Filosofía y Letras;IN;No Informado;Alemania;Humboldt-Universität Zu Berlin (Alemania);2;0;25/08/2024
2023;ERASMUS;222-Idiomas y ciencias filológicas;Facultad de Filosofía y Letras;IN;No Informado;Alemania;Universität Regensburg (Alemania);2;0;25/08/2024
2023;ERASMUS;222-Idiomas y ciencias filológicas;Facultad de Filosofía y Letras;IN;No Informado;Dinamarca;Syddansk Universitet (Dinamarca);2;0;25/08/2024
2023;ERASMUS;222-Idiomas y ciencias filológicas;Facultad de Filosofía y Letras;IN;No Informado;Francia;Université Sorbonne Nouvelle - Paris 3 (Francia);2;0;25/08/2024
2023;ERASMUS;222-Idiomas y ciencias filológicas;Facultad de Filosofía y Letras;IN;No Informado;Italia;Università Degli Studi Di Roma 'La Sapienza' (Italia);2;0;25/08/2024
2023;ERASMUS;222-Idiomas y ciencias filológicas;Facultad de Filosofía y Letras;IN;No Informado;Italia;Università Degli Studi Di Napoli Federico Ii (Italia);2;0;25/08/2024
2023;ERASMUS;222-Idiomas y ciencias filológicas;Facultad de Filosofía y Letras;IN;No Informado;Italia;Università Di Pisa (Italia);4;0;25/08/2024
2023;ERASMUS;222-Idiomas y ciencias filológicas;Facultad de Filosofía y Letras;OUT;ALEMÁN - A2 (Nivel básico avanzado);Alemania;Friedrich-Alexander-Universität Erlangen-Nürnberg (Alemania);1;0;25/08/2024
2023;ERASMUS;222-Idiomas y ciencias filológicas;Facultad de Filosofía y Letras;OUT;ALEMÁN - A2 (Nivel básico avanzado);Alemania;Rheinische Friedrich-Wilhelms- Universität Bonn (Alemania);3;0;25/08/2024
2023;ERASMUS;222-Idiomas y ciencias filológicas;Facultad de Filosofía y Letras;OUT;ALEMÁN - B1 (Nivel intermedio);Alemania;Eberhard-Karls-Universität Tübingen (Alemania);2;0;25/08/2024
2023;ERASMUS;222-Idiomas y ciencias filológicas;Facultad de Filosofía y Letras;OUT;ALEMÁN - B1 (Nivel intermedio);Alemania;Georg-August-Universität Göttingen (Alemania);2;0;25/08/2024
2023;ERASMUS;222-Idiomas y ciencias filológicas;Facultad de Filosofía y Letras;OUT;ALEMÁN - B1 (Nivel intermedio);Alemania;Friedrich-Schiller-Universität Jena (Alemania);2;0;25/08/2024
2023;ERASMUS;222-Idiomas y ciencias filológicas;Facultad de Filosofía y Letras;OUT;ALEMÁN - B1 (Nivel intermedio);Alemania;Philipps-Universität Marburg (Alemania);3;2;25/08/2024
2023;ERASMUS;222-Idiomas y ciencias filológicas;Facultad de Filosofía y Letras;OUT;ALEMÁN - B1 (Nivel intermedio);Alemania;Technische Universität Dresden (Alemania);4;0;25/08/2024
2023;ERASMUS;222-Idiomas y ciencias filológicas;Facultad de Filosofía y Letras;OUT;ALEMÁN - B1 (Nivel intermedio);Alemania;Universität Hamburg (Alemania);2;0;25/08/2024
2023;ERASMUS;222-Idiomas y ciencias filológicas;Facultad de Filosofía y Letras;OUT;ALEMÁN - B1 (Nivel intermedio);Alemania;Universität Zu Köln (Alemania);5;0;25/08/2024
2023;ERASMUS;222-Idiomas y ciencias filológicas;Facultad de Filosofía y Letras;OUT;ALEMÁN - B1 (Nivel intermedio);Alemania;Universität Paderborn (Alemania);6;0;25/08/2024
2023;ERASMUS;222-Idiomas y ciencias filológicas;Facultad de Filosofía y Letras;OUT;ALEMÁN - B1 (Nivel intermedio);Alemania;Ruprecht-Karls-Universität Heidelberg (Alemania);2;0;25/08/2024
2023;ERASMUS;222-Idiomas y ciencias filológicas;Facultad de Filosofía y Letras;OUT;ALEMÁN - B2 (Nivel avanzado);Alemania;Universität Regensburg (Alemania);2;0;25/08/2024
2023;ERASMUS;222-Idiomas y ciencias filológicas;Facultad de Filosofía y Letras;OUT;ALEMÁN - B2 (Nivel avanzado);Alemania;Humboldt-Universität Zu Berlin (Alemania);2;0;25/08/2024
2023;ERASMUS;222-Idiomas y ciencias filológicas;Facultad de Filosofía y Letras;OUT;ALEMÁN - B2 (Nivel avanzado);Austria;Universität Wien (Austria);3;0;25/08/2024
2023;ERASMUS;222-Idiomas y ciencias filológicas;Facultad de Filosofía y Letras;OUT;ESPAÑOL - B1 (Nivel intermedio);Italia;Università Degli Studi Di Napoli Federico Ii (Italia);2;0;25/08/2024
2023;ERASMUS;222-Idiomas y ciencias filológicas;Facultad de Filosofía y Letras;OUT;ESPAÑOL - B2 (Nivel avanzado);Eslovenia;Univerza V Ljubljana (Eslovenia);2;0;25/08/2024
2023;ERASMUS;222-Idiomas y ciencias filológicas;Facultad de Filosofía y Letras;OUT;ESPAÑOL - B2 (Nivel avanzado);Hungría;Eötvös Loránd Tudományegyetem (Hungría);2;2;25/08/2024
2023;ERASMUS;222-Idiomas y ciencias filológicas;Facultad de Filosofía y Letras;OUT;FRANCÉS - B1 (Nivel intermedio);Bélgica;Université Libre De Bruxelles (Bélgica);2;0;25/08/2024
2023;ERASMUS;222-Idiomas y ciencias filológicas;Facultad de Filosofía y Letras;OUT;FRANCÉS - B1 (Nivel intermedio);Francia;Université Sorbonne Paris Nord (Francia);2;0;25/08/2024
2023;ERASMUS;222-Idiomas y ciencias filológicas;Facultad de Filosofía y Letras;OUT;FRANCÉS - B1 (Nivel intermedio);Francia;Université Grenoble Alpes (Uga) (Francia);5;0;25/08/2024
2023;ERASMUS;222-Idiomas y ciencias filológicas;Facultad de Filosofía y Letras;OUT;FRANCÉS - B1 (Nivel intermedio);Francia;Université De Toulouse - Jean Jaurès (Francia);8;1;25/08/2024
2023;ERASMUS;222-Idiomas y ciencias filológicas;Facultad de Filosofía y Letras;OUT;FRANCÉS - B1 (Nivel intermedio);Francia;Université De Paris-Nanterre (Paris X) (Francia);2;0;25/08/2024
2023;ERASMUS;222-Idiomas y ciencias filológicas;Facultad de Filosofía y Letras;OUT;FRANCÉS - B1 (Nivel intermedio);Francia;Université Jean Monnet De Saint- Etienne (Francia);5;0;25/08/2024
2023;ERASMUS;222-Idiomas y ciencias filológicas;Facultad de Filosofía y Letras;OUT;FRANCÉS - B1 (Nivel intermedio);Francia;Université Paul Valery (Montpellier Iii) (Francia);12;3;25/08/2024
2023;ERASMUS;222-Idiomas y ciencias filológicas;Facultad de Filosofía y Letras;OUT;FRANCÉS - B1 (Nivel intermedio);Francia;Institut National Universitaire Jean-François Champollion (Francia);4;0;25/08/2024
2023;ERASMUS;222-Idiomas y ciencias filológicas;Facultad de Filosofía y Letras;OUT;FRANCÉS - B1 (Nivel intermedio);Francia;Université De Nantes (Francia);17;0;25/08/2024
2023;ERASMUS;222-Idiomas y ciencias filológicas;Facultad de Filosofía y Letras;OUT;FRANCÉS - B1 (Nivel intermedio);Francia;Université De Poitiers (Francia);5;0;25/08/2024
2023;ERASMUS;222-Idiomas y ciencias filológicas;Facultad de Filosofía y Letras;OUT;FRANCÉS - B1 (Nivel intermedio);Francia;Aix-Marseille Université (Francia);3;0;25/08/2024
2023;ERASMUS;222-Idiomas y ciencias filológicas;Facultad de Filosofía y Letras;OUT;FRANCÉS - B1 (Nivel intermedio);Francia;Université De La Reunion (Francia);3;0;25/08/2024
2023;ERASMUS;222-Idiomas y ciencias filológicas;Facultad de Filosofía y Letras;OUT;FRANCÉS - B1 (Nivel intermedio);Francia;Université Lumière Lyon Ii (Francia);8;0;25/08/2024
2023;ERASMUS;222-Idiomas y ciencias filológicas;Facultad de Filosofía y Letras;OUT;FRANCÉS - B1 (Nivel intermedio);Francia;Université Bordeaux Montaigne (Francia);5;4;25/08/2024
2023;ERASMUS;222-Idiomas y ciencias filológicas;Facultad de Filosofía y Letras;OUT;FRANCÉS - B2 (Nivel avanzado);Francia;Université De Caen (Francia);3;0;25/08/2024
2023;ERASMUS;222-Idiomas y ciencias filológicas;Facultad de Filosofía y Letras;OUT;FRANCÉS - B2 (Nivel avanzado);Francia;Université De Bourgogne - Dijon (Francia);4;0;25/08/2024
2023;ERASMUS;222-Idiomas y ciencias filológicas;Facultad de Filosofía y Letras;OUT;FRANCÉS - B2 (Nivel avanzado);Francia;Sorbonne Université (Francia);5;1;25/08/2024
2023;ERASMUS;222-Idiomas y ciencias filológicas;Facultad de Filosofía y Letras;OUT;FRANCÉS - B2 (Nivel avanzado);Francia;Université De Rouen (Francia);2;0;25/08/2024
2023;ERASMUS;222-Idiomas y ciencias filológicas;Facultad de Filosofía y Letras;OUT;FRANCÉS - B2 (Nivel avanzado);Francia;Cy Cergy Paris Université (Francia);2;2;25/08/2024
2023;ERASMUS;222-Idiomas y ciencias filológicas;Facultad de Filosofía y Letras;OUT;FRANCÉS - B2 (Nivel avanzado);Francia;Université Clermont Auvergne (Francia);5;0;25/08/2024
2023;ERASMUS;222-Idiomas y ciencias filológicas;Facultad de Filosofía y Letras;OUT;FRANCÉS - B2 (Nivel avanzado);Francia;Université De Vincennes - Saint Denis (Paris Viii) (Francia);6;0;25/08/2024
2023;ERASMUS;222-Idiomas y ciencias filológicas;Facultad de Filosofía y Letras;OUT;FRANCÉS - B2 (Nivel avanzado);Francia;Université De Savoie Mont Blanc (Francia);2;0;25/08/2024
2023;ERASMUS;222-Idiomas y ciencias filológicas;Facultad de Filosofía y Letras;OUT;FRANCÉS - B2 (Nivel avanzado);Francia;Université François Rabelais (Tours) (Francia);5;0;25/08/2024
2023;ERASMUS;222-Idiomas y ciencias filológicas;Facultad de Filosofía y Letras;OUT;FRANCÉS - B2 (Nivel avanzado);Francia;Université Sorbonne Nouvelle - Paris 3 (Francia);4;0;25/08/2024
2023;ERASMUS;222-Idiomas y ciencias filológicas;Facultad de Filosofía y Letras;OUT;FRANCÉS - B2 (Nivel avanzado);Francia;Université De Haute-Bretagne (Rennes Ii) (Francia);2;0;25/08/2024
2023;ERASMUS;222-Idiomas y ciencias filológicas;Facultad de Filosofía y Letras;OUT;FRANCÉS - B2 (Nivel avanzado);Francia;Université De Versailles Saint-Quentin-En-Yvelines (Francia);2;0;25/08/2024
2023;ERASMUS;222-Idiomas y ciencias filológicas;Facultad de Filosofía y Letras;OUT;FRANCÉS - C1 (Nivel avanzado 1);Francia;École Normale Supérieure De Lyon (Francia);2;0;25/08/2024
2023;ERASMUS;222-Idiomas y ciencias filológicas;Facultad de Filosofía y Letras;OUT;GRIEGO - B1 (Nivel intermedio);Grecia;Aristotelio Panepistimio Thessalonikis (Grecia);2;1;25/08/2024
2023;ERASMUS;222-Idiomas y ciencias filológicas;Facultad de Filosofía y Letras;OUT;GRIEGO - B2 (Nivel avanzado);Grecia;Aristotelio Panepistimio Thessalonikis (Grecia);2;1;25/08/2024
2023;ERASMUS;222-Idiomas y ciencias filológicas;Facultad de Filosofía y Letras;OUT;INGLÉS - A2 (Nivel básico avanzado);Portugal;Universidade De Coimbra (Portugal);2;1;25/08/2024
2023;ERASMUS;222-Idiomas y ciencias filológicas;Facultad de Filosofía y Letras;OUT;INGLÉS - B1 (Nivel intermedio);Alemania;Julius-Maximilians- Universität Würzburg (Alemania);2;0;25/08/2024
2023;ERASMUS;222-Idiomas y ciencias filológicas;Facultad de Filosofía y Letras;OUT;INGLÉS - B1 (Nivel intermedio);Alemania;Universität Duisburg-Essen (Alemania);4;0;25/08/2024
2023;ERASMUS;222-Idiomas y ciencias filológicas;Facultad de Filosofía y Letras;OUT;INGLÉS - B1 (Nivel intermedio);Alemania;Otto-Friedrich-Universität Bamberg (Alemania);2;0;25/08/2024
2023;ERASMUS;222-Idiomas y ciencias filológicas;Facultad de Filosofía y Letras;OUT;INGLÉS - B1 (Nivel intermedio);Alemania;Ludwig-Maximilians-Universität München (Alemania);1;0;25/08/2024
2023;ERASMUS;222-Idiomas y ciencias filológicas;Facultad de Filosofía y Letras;OUT;INGLÉS - B1 (Nivel intermedio);Alemania;Europa-Universität Viadrina Frankfurt An Der Oder (Alemania);3;0;25/08/2024
2023;ERASMUS;222-Idiomas y ciencias filológicas;Facultad de Filosofía y Letras;OUT;INGLÉS - B1 (Nivel intermedio);Bélgica;Université De Liege (Bélgica);5;0;25/08/2024
2023;ERASMUS;222-Idiomas y ciencias filológicas;Facultad de Filosofía y Letras;OUT;INGLÉS - B1 (Nivel intermedio);Bélgica;Vrije Universiteit Brussel (Bélgica);5;0;25/08/2024
2023;ERASMUS;222-Idiomas y ciencias filológicas;Facultad de Filosofía y Letras;OUT;INGLÉS - B1 (Nivel intermedio);Estonia;Tallinn University (Estonia);2;0;25/08/2024
2023;ERASMUS;222-Idiomas y ciencias filológicas;Facultad de Filosofía y Letras;OUT;INGLÉS - B1 (Nivel intermedio);Irlanda (Eire);University College Dublin (Irlanda (Eire));3;0;25/08/2024
2023;ERASMUS;222-Idiomas y ciencias filológicas;Facultad de Filosofía y Letras;OUT;INGLÉS - B1 (Nivel intermedio);Irlanda (Eire);University College Cork (Irlanda (Eire));2;1;25/08/2024
2023;ERASMUS;222-Idiomas y ciencias filológicas;Facultad de Filosofía y Letras;OUT;INGLÉS - B1 (Nivel intermedio);Italia;Università Degli Studi Di Parma (Italia);2;0;25/08/2024
2023;ERASMUS;222-Idiomas y ciencias filológicas;Facultad de Filosofía y Letras;OUT;INGLÉS - B1 (Nivel intermedio);Italia;Università Degli Studi Del Piemonte Orientale Amedeo Avogadro (Italia);2;0;25/08/2024
2023;ERASMUS;222-Idiomas y ciencias filológicas;Facultad de Filosofía y Letras;OUT;INGLÉS - B1 (Nivel intermedio);Italia;Università Cattolica Del Sacro Cuore Di Milano (Italia);3;0;25/08/2024
2023;ERASMUS;222-Idiomas y ciencias filológicas;Facultad de Filosofía y Letras;OUT;INGLÉS - B1 (Nivel intermedio);Italia;Libera Università 'Maria Ss. Assunta' Di Roma (Italia);3;0;25/08/2024
2023;ERASMUS;222-Idiomas y ciencias filológicas;Facultad de Filosofía y Letras;OUT;INGLÉS - B1 (Nivel intermedio);Italia;Università Degli Studi Suor Orsola Benincasa (Italia);2;0;25/08/2024
2023;ERASMUS;222-Idiomas y ciencias filológicas;Facultad de Filosofía y Letras;OUT;INGLÉS - B1 (Nivel intermedio);Italia;Università Degli Studi Di Verona (Italia);6;0;25/08/2024
2023;ERASMUS;222-Idiomas y ciencias filológicas;Facultad de Filosofía y Letras;OUT;INGLÉS - B1 (Nivel intermedio);Italia;Università Degli Studi Di Padova (Italia);4;2;25/08/2024
2023;ERASMUS;222-Idiomas y ciencias filológicas;Facultad de Filosofía y Letras;OUT;INGLÉS - B1 (Nivel intermedio);Italia;Università Di Pisa (Italia);4;0;25/08/2024
2023;ERASMUS;222-Idiomas y ciencias filológicas;Facultad de Filosofía y Letras;OUT;INGLÉS - B1 (Nivel intermedio);Polonia;Uniwersytet Im. Adama Mickiewicza (Polonia);1;0;25/08/2024
2023;ERASMUS;222-Idiomas y ciencias filológicas;Facultad de Filosofía y Letras;OUT;INGLÉS - B1 (Nivel intermedio);Polonia;Uniwersytet Lódzki (Polonia);2;1;25/08/2024
2023;ERASMUS;222-Idiomas y ciencias filológicas;Facultad de Filosofía y Letras;OUT;INGLÉS - B1 (Nivel intermedio);Reino Unido;University Of Kent At Canterbury (Reino Unido);3;1;25/08/2024
2023;ERASMUS;222-Idiomas y ciencias filológicas;Facultad de Filosofía y Letras;OUT;INGLÉS - B1 (Nivel intermedio);República Checa;Ostravská Univerzita V Ostrave (República Checa);6;0;25/08/2024
2023;ERASMUS;222-Idiomas y ciencias filológicas;Facultad de Filosofía y Letras;OUT;INGLÉS - B2 (Nivel avanzado);Alemania;Universität Bremen (Alemania);2;0;25/08/2024
2023;ERASMUS;222-Idiomas y ciencias filológicas;Facultad de Filosofía y Letras;OUT;INGLÉS - B2 (Nivel avanzado);Alemania;Universität Mannheim (Alemania);2;0;25/08/2024
2023;ERASMUS;222-Idiomas y ciencias filológicas;Facultad de Filosofía y Letras;OUT;INGLÉS - B2 (Nivel avanzado);Alemania;Technische Universität Chemnitz (Alemania);1;0;25/08/2024
2023;ERASMUS;222-Idiomas y ciencias filológicas;Facultad de Filosofía y Letras;OUT;INGLÉS - B2 (Nivel avanzado);Bélgica;Université Catholique De Louvain (Bélgica);2;0;25/08/2024
2023;ERASMUS;222-Idiomas y ciencias filológicas;Facultad de Filosofía y Letras;OUT;INGLÉS - B2 (Nivel avanzado);Bélgica;Universiteit Gent (Bélgica);2;0;25/08/2024
2023;ERASMUS;222-Idiomas y ciencias filológicas;Facultad de Filosofía y Letras;OUT;INGLÉS - B2 (Nivel avanzado);Bélgica;Université Saint-Louis - Bruxelles (Bélgica);3;1;25/08/2024
2023;ERASMUS;222-Idiomas y ciencias filológicas;Facultad de Filosofía y Letras;OUT;INGLÉS - B2 (Nivel avanzado);Bulgaria;"Sofiiski Universitet ""Sveti Kliment Ohridski"" (Bulgaria)";3;0;25/08/2024
2023;ERASMUS;222-Idiomas y ciencias filológicas;Facultad de Filosofía y Letras;OUT;INGLÉS - B2 (Nivel avanzado);Estonia;Tartu Ülikool (Estonia);2;0;25/08/2024
2023;ERASMUS;222-Idiomas y ciencias filológicas;Facultad de Filosofía y Letras;OUT;INGLÉS - B2 (Nivel avanzado);Finlandia;University Of Eastern Finland (Finlandia);2;2;25/08/2024
2023;ERASMUS;222-Idiomas y ciencias filológicas;Facultad de Filosofía y Letras;OUT;INGLÉS - B2 (Nivel avanzado);Grecia;Ethniko Kai Kapodistriako Panepistimio Athinon (Grecia);2;3;25/08/2024
2023;ERASMUS;222-Idiomas y ciencias filológicas;Facultad de Filosofía y Letras;OUT;INGLÉS - B2 (Nivel avanzado);Grecia;Aristotelio Panepistimio Thessalonikis (Grecia);1;0;25/08/2024
2023;ERASMUS;222-Idiomas y ciencias filológicas;Facultad de Filosofía y Letras;OUT;INGLÉS - B2 (Nivel avanzado);Irlanda (Eire);National University Of Ireland - Galway (Irlanda (Eire));4;4;25/08/2024
2023;ERASMUS;222-Idiomas y ciencias filológicas;Facultad de Filosofía y Letras;OUT;INGLÉS - B2 (Nivel avanzado);Italia;Università Degli Studi Di Trento (Italia);1;0;25/08/2024
2023;ERASMUS;222-Idiomas y ciencias filológicas;Facultad de Filosofía y Letras;OUT;INGLÉS - B2 (Nivel avanzado);Lituania;Vilnius University (Lituania);2;0;25/08/2024
2023;ERASMUS;222-Idiomas y ciencias filológicas;Facultad de Filosofía y Letras;OUT;INGLÉS - B2 (Nivel avanzado);Polonia;Uniwersytet Slaski (Polonia);1;0;25/08/2024
2023;ERASMUS;222-Idiomas y ciencias filológicas;Facultad de Filosofía y Letras;OUT;INGLÉS - B2 (Nivel avanzado);Polonia;Uniwersytet Wroclawski (Polonia);3;3;25/08/2024
2023;ERASMUS;222-Idiomas y ciencias filológicas;Facultad de Filosofía y Letras;OUT;INGLÉS - B2 (Nivel avanzado);Portugal;Universidade Do Porto (Portugal);2;0;25/08/2024
2023;ERASMUS;222-Idiomas y ciencias filológicas;Facultad de Filosofía y Letras;OUT;INGLÉS - B2 (Nivel avanzado);Reino Unido;University Of Sheffield (Reino Unido);2;0;25/08/2024
2023;ERASMUS;222-Idiomas y ciencias filológicas;Facultad de Filosofía y Letras;OUT;INGLÉS - B2 (Nivel avanzado);Reino Unido;University Of Southampton (Reino Unido);4;4;25/08/2024
2023;ERASMUS;222-Idiomas y ciencias filológicas;Facultad de Filosofía y Letras;OUT;INGLÉS - B2 (Nivel avanzado);Reino Unido;The University Of Nottingham (Reino Unido);5;0;25/08/2024
2023;ERASMUS;222-Idiomas y ciencias filológicas;Facultad de Filosofía y Letras;OUT;INGLÉS - B2 (Nivel avanzado);Reino Unido;University Of Newcastle Upon Tyne (Reino Unido);8;2;25/08/2024
2023;ERASMUS;222-Idiomas y ciencias filológicas;Facultad de Filosofía y Letras;OUT;INGLÉS - B2 (Nivel avanzado);Reino Unido;Edge Hill University (Reino Unido);2;0;25/08/2024
2023;ERASMUS;222-Idiomas y ciencias filológicas;Facultad de Filosofía y Letras;OUT;INGLÉS - B2 (Nivel avanzado);Reino Unido;University Of Bristol (Reino Unido);6;0;25/08/2024
2023;ERASMUS;222-Idiomas y ciencias filológicas;Facultad de Filosofía y Letras;OUT;INGLÉS - B2 (Nivel avanzado);Reino Unido;University Of Warwick (Reino Unido);4;0;25/08/2024
2023;ERASMUS;222-Idiomas y ciencias filológicas;Facultad de Filosofía y Letras;OUT;INGLÉS - B2 (Nivel avanzado);Reino Unido;University Of Leicester (Reino Unido);4;6;25/08/2024
2023;ERASMUS;222-Idiomas y ciencias filológicas;Facultad de Filosofía y Letras;OUT;INGLÉS - B2 (Nivel avanzado);República Checa;Masarykova Univerzita Brno (República Checa);5;1;25/08/2024
2023;ERASMUS;222-Idiomas y ciencias filológicas;Facultad de Filosofía y Letras;OUT;INGLÉS - B2 (Nivel avanzado);República Checa;Univerzita Karlova V Praze (República Checa);2;0;25/08/2024
2023;ERASMUS;222-Idiomas y ciencias filológicas;Facultad de Filosofía y Letras;OUT;INGLÉS - B2 (Nivel avanzado);Rumanía;Universitatea Babes-Bolyai Din Cluj-Napoca (Rumanía);2;0;25/08/2024
2023;ERASMUS;222-Idiomas y ciencias filológicas;Facultad de Filosofía y Letras;OUT;INGLÉS - B2 (Nivel avanzado);Rumanía;Universitatea Din Bucuresti (Rumanía);6;1;25/08/2024
2023;ERASMUS;222-Idiomas y ciencias filológicas;Facultad de Filosofía y Letras;OUT;INGLÉS - B2 (Nivel avanzado);Suecia;Uppsala Universitet (Suecia);1;0;25/08/2024
2023;ERASMUS;222-Idiomas y ciencias filológicas;Facultad de Filosofía y Letras;OUT;INGLÉS - B2 (Nivel avanzado);Suecia;Lunds Universitet (Suecia);2;0;25/08/2024
2023;ERASMUS;222-Idiomas y ciencias filológicas;Facultad de Filosofía y Letras;OUT;INGLÉS - C1 (Nivel avanzado 1);Dinamarca;Syddansk Universitet (Dinamarca);2;0;25/08/2024
2023;ERASMUS;222-Idiomas y ciencias filológicas;Facultad de Filosofía y Letras;OUT;INGLÉS - C1 (Nivel avanzado 1);Grecia;Aristotelio Panepistimio Thessalonikis (Grecia);2;0;25/08/2024
2023;ERASMUS;222-Idiomas y ciencias filológicas;Facultad de Filosofía y Letras;OUT;INGLÉS - TOEFL / IELTS;Reino Unido;University Of Birmingham (Reino Unido);2;0;25/08/2024
2023;ERASMUS;222-Idiomas y ciencias filológicas;Facultad de Filosofía y Letras;OUT;ITALIANO - A2 (Nivel básico avanzado);Italia;Università Degli Studi Di Catania (Italia);6;0;25/08/2024
2023;ERASMUS;222-Idiomas y ciencias filológicas;Facultad de Filosofía y Letras;OUT;ITALIANO - B1 (Nivel intermedio);Italia;Università Degli Studi Di Roma 'La Sapienza' (Italia);4;1;25/08/2024
2023;ERASMUS;222-Idiomas y ciencias filológicas;Facultad de Filosofía y Letras;OUT;ITALIANO - B1 (Nivel intermedio);Italia;Università Degli Studi Di Modena E Reggio Emilia (Italia);2;0;25/08/2024
2023;ERASMUS;222-Idiomas y ciencias filológicas;Facultad de Filosofía y Letras;OUT;ITALIANO - B1 (Nivel intermedio);Italia;Università Per Stranieri Di Siena (Italia);2;0;25/08/2024
2023;ERASMUS;222-Idiomas y ciencias filológicas;Facultad de Filosofía y Letras;OUT;ITALIANO - B1 (Nivel intermedio);Italia;Università Degli Studi Di Palermo (Italia);4;0;25/08/2024
2023;ERASMUS;222-Idiomas y ciencias filológicas;Facultad de Filosofía y Letras;OUT;ITALIANO - B1 (Nivel intermedio);Italia;Università Degli Studi Di Milano (Italia);3;0;25/08/2024
2023;ERASMUS;222-Idiomas y ciencias filológicas;Facultad de Filosofía y Letras;OUT;ITALIANO - B1 (Nivel intermedio);Italia;Università Degli Studi Della Calabria (Italia);5;0;25/08/2024
2023;ERASMUS;222-Idiomas y ciencias filológicas;Facultad de Filosofía y Letras;OUT;ITALIANO - B2 (Nivel avanzado);Austria;Karl-Franzens- Universität Graz (Austria);1;0;25/08/2024
2023;ERASMUS;222-Idiomas y ciencias filológicas;Facultad de Filosofía y Letras;OUT;ITALIANO - B2 (Nivel avanzado);Italia;Università Degli Studi Di Milano (Italia);2;0;25/08/2024
2023;ERASMUS;222-Idiomas y ciencias filológicas;Facultad de Filosofía y Letras;OUT;No Informado;Bulgaria;"Sofiiski Universitet ""Sveti Kliment Ohridski"" (Bulgaria)";3;0;25/08/2024
2023;ERASMUS;222-Idiomas y ciencias filológicas;Facultad de Filosofía y Letras;OUT;No Informado;Grecia;University Of Crete (Grecia);2;0;25/08/2024
2023;ERASMUS;222-Idiomas y ciencias filológicas;Facultad de Filosofía y Letras;OUT;No Informado;Italia;Università Degli Studi Di Torino (Italia);5;1;25/08/2024
2023;ERASMUS;222-Idiomas y ciencias filológicas;Facultad de Filosofía y Letras;OUT;No Informado;Rumanía;Bucharest University Of Economic Studies (Rumanía);4;0;25/08/2024
2023;ERASMUS;222-Idiomas y ciencias filológicas;Facultad de Filosofía y Letras;OUT;No Informado;Turquía;Fatih Universitesi (Turquía);4;0;25/08/2024
2023;ERASMUS;222-Idiomas y ciencias filológicas;Facultad de Filosofía y Letras;OUT;No Informado;Turquía;Ankara University (Turquía);2;0;25/08/2024
2023;ERASMUS;222-Idiomas y ciencias filológicas;Facultad de Filosofía y Letras;OUT;OTROS - B2 (Nivel avanzado);Polonia;Uniwersytet Mikolaja Kopernika W Toruniu (Polonia);2;0;25/08/2024
2023;ERASMUS;222-Idiomas y ciencias filológicas;Facultad de Filosofía y Letras;OUT;PORTUGUÉS - B1 (Nivel intermedio);Portugal;Universidade Da Beira Interior (Portugal);2;0;25/08/2024
2023;ERASMUS;347-Vida laboral;Facultad de Ciencias Sociales y del Trabajo;IN;ESPAÑOL - B1 (Nivel intermedio);Italia;Università Degli Studi Internazionali Di Roma-Unint (Italia);4;0;25/08/2024
2023;ERASMUS;347-Vida laboral;Facultad de Ciencias Sociales y del Trabajo;IN;ESPAÑOL - B1 (Nivel intermedio);Rumanía;Universitatea Din Bucuresti (Rumanía);2;0;25/08/2024
2023;ERASMUS;347-Vida laboral;Facultad de Ciencias Sociales y del Trabajo;IN;No Informado;Bélgica;Université Libre De Bruxelles (Bélgica);3;0;25/08/2024
2023;ERASMUS;347-Vida laboral;Facultad de Ciencias Sociales y del Trabajo;IN;No Informado;Francia;Université Paul Sabatier - Toulouse Iii (Francia);2;0;25/08/2024
2023;ERASMUS;347-Vida laboral;Facultad de Ciencias Sociales y del Trabajo;IN;No Informado;Francia;Université De Reims Champagne-Ardenne (Francia);2;0;25/08/2024
2023;ERASMUS;347-Vida laboral;Facultad de Ciencias Sociales y del Trabajo;IN;No Informado;Francia;Université Jean Moulin (Lyon Iii) (Francia);2;0;25/08/2024
2023;ERASMUS;347-Vida laboral;Facultad de Ciencias Sociales y del Trabajo;IN;No Informado;Italia;Università Degli Studi Di Genova (Italia);2;0;25/08/2024
2023;ERASMUS;347-Vida laboral;Facultad de Ciencias Sociales y del Trabajo;IN;No Informado;Italia;Università Cattolica Del Sacro Cuore Di Milano (Italia);4;0;25/08/2024
2023;ERASMUS;347-Vida laboral;Facultad de Ciencias Sociales y del Trabajo;IN;No Informado;Italia;Università Degli Studi Di Cagliari (Italia);3;0;25/08/2024
2023;ERASMUS;347-Vida laboral;Facultad de Ciencias Sociales y del Trabajo;IN;No Informado;Italia;Università Degli Studi Di Firenze (Italia);4;0;25/08/2024
2023;ERASMUS;347-Vida laboral;Facultad de Ciencias Sociales y del Trabajo;IN;No Informado;Italia;Università Degli Studi Di Bergamo (Italia);2;0;25/08/2024
2023;ERASMUS;347-Vida laboral;Facultad de Ciencias Sociales y del Trabajo;IN;No Informado;Italia;Università Degli Studi Di Torino (Italia);5;0;25/08/2024
2023;ERASMUS;347-Vida laboral;Facultad de Ciencias Sociales y del Trabajo;IN;No Informado;Italia;Università Degli Studi Di Teramo (Italia);3;0;25/08/2024
2023;ERASMUS;347-Vida laboral;Facultad de Ciencias Sociales y del Trabajo;IN;No Informado;Lituania;Klaipéda University (Lituania);3;0;25/08/2024
2023;ERASMUS;347-Vida laboral;Facultad de Ciencias Sociales y del Trabajo;IN;No Informado;Lituania;Mykolas Romeris University (Lituania);2;0;25/08/2024
2023;ERASMUS;347-Vida laboral;Facultad de Ciencias Sociales y del Trabajo;IN;No Informado;Portugal;Instituto Superior De Ciências Do Trabalho E Da Empresa (Portugal);3;0;25/08/2024
2023;ERASMUS;347-Vida laboral;Facultad de Ciencias Sociales y del Trabajo;IN;No Informado;Portugal;Universidade De Lisboa (Portugal);5;0;25/08/2024
2023;ERASMUS;347-Vida laboral;Facultad de Ciencias Sociales y del Trabajo;IN;No Informado;Portugal;Instituto Superior Miguel Torga (Portugal);2;0;25/08/2024
2023;ERASMUS;347-Vida laboral;Facultad de Ciencias Sociales y del Trabajo;OUT;FRANCÉS - B1 (Nivel intermedio);Francia;Université De Reims Champagne-Ardenne (Francia);2;0;25/08/2024
2023;ERASMUS;347-Vida laboral;Facultad de Ciencias Sociales y del Trabajo;OUT;FRANCÉS - B1 (Nivel intermedio);Francia;Université Jean Moulin (Lyon Iii) (Francia);2;0;25/08/2024
2023;ERASMUS;347-Vida laboral;Facultad de Ciencias Sociales y del Trabajo;OUT;INGLÉS - B1 (Nivel intermedio);Bélgica;Université Libre De Bruxelles (Bélgica);3;0;25/08/2024
2023;ERASMUS;347-Vida laboral;Facultad de Ciencias Sociales y del Trabajo;OUT;INGLÉS - B1 (Nivel intermedio);Lituania;Klaipéda University (Lituania);3;2;25/08/2024
2023;ERASMUS;347-Vida laboral;Facultad de Ciencias Sociales y del Trabajo;OUT;INGLÉS - B1 (Nivel intermedio);Lituania;Mykolas Romeris University (Lituania);2;0;25/08/2024
2023;ERASMUS;347-Vida laboral;Facultad de Ciencias Sociales y del Trabajo;OUT;INGLÉS - B1 (Nivel intermedio);Portugal;Instituto Superior Miguel Torga (Portugal);2;4;25/08/2024
2023;ERASMUS;347-Vida laboral;Facultad de Ciencias Sociales y del Trabajo;OUT;INGLÉS - B2 (Nivel avanzado);Italia;Università Degli Studi Di Bergamo (Italia);2;0;25/08/2024
2023;ERASMUS;347-Vida laboral;Facultad de Ciencias Sociales y del Trabajo;OUT;ITALIANO - B1 (Nivel intermedio);Italia;Università Degli Studi Di Cagliari (Italia);3;0;25/08/2024
2023;ERASMUS;347-Vida laboral;Facultad de Ciencias Sociales y del Trabajo;OUT;ITALIANO - B1 (Nivel intermedio);Italia;Università Cattolica Del Sacro Cuore Di Milano (Italia);2;0;25/08/2024
2023;ERASMUS;347-Vida laboral;Facultad de Ciencias Sociales y del Trabajo;OUT;ITALIANO - B1 (Nivel intermedio);Italia;Università Degli Studi Di Genova (Italia);2;1;25/08/2024
2023;ERASMUS;347-Vida laboral;Facultad de Ciencias Sociales y del Trabajo;OUT;ITALIANO - B1 (Nivel intermedio);Italia;Università Degli Studi Di Teramo (Italia);3;0;25/08/2024
2023;ERASMUS;347-Vida laboral;Facultad de Ciencias Sociales y del Trabajo;OUT;ITALIANO - B1 (Nivel intermedio);Italia;Università Degli Studi Internazionali Di Roma-Unint (Italia);2;0;25/08/2024
2023;ERASMUS;347-Vida laboral;Facultad de Ciencias Sociales y del Trabajo;OUT;ITALIANO - B1 (Nivel intermedio);Italia;Università Degli Studi Di Firenze (Italia);4;0;25/08/2024
2023;ERASMUS;347-Vida laboral;Facultad de Ciencias Sociales y del Trabajo;OUT;ITALIANO - B1 (Nivel intermedio);Italia;Università Degli Studi Di Torino (Italia);5;6;25/08/2024
2023;ERASMUS;347-Vida laboral;Facultad de Ciencias Sociales y del Trabajo;OUT;No Informado;Francia;Université Paul Sabatier - Toulouse Iii (Francia);2;0;25/08/2024
2023;ERASMUS;347-Vida laboral;Facultad de Ciencias Sociales y del Trabajo;OUT;OTROS - B2 (Nivel avanzado);Rumanía;Universitatea Din Bucuresti (Rumanía);2;0;25/08/2024
2023;ERASMUS;347-Vida laboral;Facultad de Ciencias Sociales y del Trabajo;OUT;PORTUGUÉS - B1 (Nivel intermedio);Portugal;Universidade De Lisboa (Portugal);5;9;25/08/2024
2023;ERASMUS;347-Vida laboral;Facultad de Ciencias Sociales y del Trabajo;OUT;PORTUGUÉS - B1 (Nivel intermedio);Portugal;Instituto Superior De Ciências Do Trabalho E Da Empresa (Portugal);3;1;25/08/2024
2023;ERASMUS;421-Biología y bioquímica;Escuela Politécnica Superior;IN;No Informado;Austria;Leopold-Franzens-Universität Innsbruck (Austria);2;0;25/08/2024
2023;ERASMUS;421-Biología y bioquímica;Escuela Politécnica Superior;OUT;ALEMÁN - B1 (Nivel intermedio);Austria;Leopold-Franzens-Universität Innsbruck (Austria);2;0;25/08/2024
2023;ERASMUS;421-Biología y bioquímica;Escuela Politécnica Superior;OUT;PORTUGUÉS - B1 (Nivel intermedio);Portugal;Universidade De Trás-Os-Montes E Alto Douro (Portugal);1;0;25/08/2024
2023;ERASMUS;421-Biología y bioquímica;Facultad de Ciencias;IN;ESPAÑOL - B1 (Nivel intermedio);Irlanda (Eire);University Of Dublin - Trinity College (Irlanda (Eire));2;0;25/08/2024
2023;ERASMUS;421-Biología y bioquímica;Facultad de Ciencias;IN;ESPAÑOL - B1 (Nivel intermedio);Italia;Università Degli Studi Di Milano (Italia);2;0;25/08/2024
2023;ERASMUS;421-Biología y bioquímica;Facultad de Ciencias;IN;No Informado;Alemania;University Of Applied Sciences Emden/Leer (Alemania);1;0;25/08/2024
2023;ERASMUS;421-Biología y bioquímica;Facultad de Ciencias;OUT;INGLÉS - B2 (Nivel avanzado);Alemania;University Of Applied Sciences Emden/Leer (Alemania);1;0;25/08/2024
2023;ERASMUS;421-Biología y bioquímica;Facultad de Ciencias;OUT;INGLÉS - B2 (Nivel avanzado);Irlanda (Eire);University Of Dublin - Trinity College (Irlanda (Eire));2;0;25/08/2024
2023;ERASMUS;421-Biología y bioquímica;Facultad de Ciencias;OUT;ITALIANO - B1 (Nivel intermedio);Italia;Università Degli Studi Di Milano (Italia);2;2;25/08/2024
2023;ERASMUS;429-Ciencias la vida (otras);Escuela de Ingeniería y Arquitectura;IN;ESPAÑOL - B1 (Nivel intermedio);Finlandia;Aalto-Yiopisto (Aalto-Korkeakoulusäätiö) (Finlandia);2;0;25/08/2024
2023;ERASMUS;429-Ciencias la vida (otras);Escuela de Ingeniería y Arquitectura;IN;ESPAÑOL - B1 (Nivel intermedio);Italia;Politecnico Di Milano (Italia);1;0;25/08/2024
2023;ERASMUS;429-Ciencias la vida (otras);Escuela de Ingeniería y Arquitectura;OUT;INGLÉS - B2 (Nivel avanzado);Italia;Politecnico Di Milano (Italia);1;0;25/08/2024
2023;ERASMUS;429-Ciencias la vida (otras);Facultad de Ciencias;IN;No Informado;Alemania;Beuth Hochshule Für Technik Berlin (Alemania);3;0;25/08/2024
2023;ERASMUS;429-Ciencias la vida (otras);Facultad de Ciencias;IN;No Informado;Finlandia;Helsinki Metropolia Uas (Finlandia);2;0;25/08/2024
2023;ERASMUS;429-Ciencias la vida (otras);Facultad de Ciencias;OUT;INGLÉS - B1 (Nivel intermedio);Alemania;Beuth Hochshule Für Technik Berlin (Alemania);3;0;25/08/2024
2023;ERASMUS;449-Ciencias física (otras);Facultad de Ciencias;IN;ESPAÑOL - B1 (Nivel intermedio);Francia;Université De Savoie Mont Blanc (Francia);0;0;25/08/2024
2023;ERASMUS;449-Ciencias física (otras);Facultad de Ciencias;OUT;INGLÉS - B2 (Nivel avanzado);Francia;Université De Savoie Mont Blanc (Francia);0;0;25/08/2024
2023;ERASMUS;481-Informática;Escuela de Ingeniería y Arquitectura;IN;ESPAÑOL - B1 (Nivel intermedio);Alemania;Fachhochschule Kiel (Alemania);1;0;25/08/2024
2023;ERASMUS;481-Informática;Escuela de Ingeniería y Arquitectura;IN;ESPAÑOL - B1 (Nivel intermedio);Austria;Fh Salzburg Fachhochschulgesellschaft Mbh (Austria);2;0;25/08/2024
2023;ERASMUS;481-Informática;Escuela de Ingeniería y Arquitectura;IN;ESPAÑOL - B1 (Nivel intermedio);Dinamarca;Aarhus University School Of Engineering (Dinamarca);1;0;25/08/2024
2023;ERASMUS;481-Informática;Escuela de Ingeniería y Arquitectura;IN;ESPAÑOL - B1 (Nivel intermedio);Finlandia;Savonia University Of Applied Sciences (Finlandia);2;0;25/08/2024
2023;ERASMUS;481-Informática;Escuela de Ingeniería y Arquitectura;IN;ESPAÑOL - B1 (Nivel intermedio);Francia;École Nationale Supérieure De Techniques Avancées-Bretagne (Ensta) (Francia);2;0;25/08/2024
2023;ERASMUS;481-Informática;Escuela de Ingeniería y Arquitectura;IN;ESPAÑOL - B1 (Nivel intermedio);Francia;Institut National Des Sciences Appliquées De Rennes (Francia);1;0;25/08/2024
2023;ERASMUS;481-Informática;Escuela de Ingeniería y Arquitectura;IN;ESPAÑOL - B1 (Nivel intermedio);Francia;Institut National Des Sciences Appliquées De Rouen (Francia);2;0;25/08/2024
2023;ERASMUS;481-Informática;Escuela de Ingeniería y Arquitectura;IN;ESPAÑOL - B1 (Nivel intermedio);Francia;Institut National Des Sciences Appliquees De Lyon (Francia);4;0;25/08/2024
2023;ERASMUS;481-Informática;Escuela de Ingeniería y Arquitectura;IN;ESPAÑOL - B1 (Nivel intermedio);Italia;Università Degli Studi Di Roma 'La Sapienza' (Italia);2;0;25/08/2024
2023;ERASMUS;481-Informática;Escuela de Ingeniería y Arquitectura;IN;ESPAÑOL - B1 (Nivel intermedio);Italia;Università Degli Studi Di Salerno (Italia);0;0;25/08/2024
2023;ERASMUS;481-Informática;Escuela de Ingeniería y Arquitectura;IN;ESPAÑOL - B1 (Nivel intermedio);Italia;Università Degli Studi Di Siena (Italia);2;0;25/08/2024
2023;ERASMUS;481-Informática;Escuela de Ingeniería y Arquitectura;IN;ESPAÑOL - B1 (Nivel intermedio);Noruega;Kristiania University College (Kuc) (Noruega);4;0;25/08/2024
2023;ERASMUS;481-Informática;Escuela de Ingeniería y Arquitectura;IN;ESPAÑOL - B1 (Nivel intermedio);Portugal;Instituto Politécnico Do Porto (Portugal);1;0;25/08/2024
2023;ERASMUS;481-Informática;Escuela de Ingeniería y Arquitectura;IN;ESPAÑOL - B1 (Nivel intermedio);Portugal;Universidade De Aveiro (Portugal);1;0;25/08/2024
2023;ERASMUS;481-Informática;Escuela de Ingeniería y Arquitectura;IN;ESPAÑOL - B1 (Nivel intermedio);Portugal;Universidade Do Porto (Portugal);2;0;25/08/2024
2023;ERASMUS;481-Informática;Escuela de Ingeniería y Arquitectura;IN;ESPAÑOL - B1 (Nivel intermedio);Rumanía;Universitatea De Vest Din Timísoara (Rumanía);4;0;25/08/2024
2023;ERASMUS;481-Informática;Escuela de Ingeniería y Arquitectura;IN;ESPAÑOL - B1 (Nivel intermedio);Turquía;Karadeniz Technical University (Turquía);1;0;25/08/2024
2023;ERASMUS;481-Informática;Escuela de Ingeniería y Arquitectura;IN;ESPAÑOL - B1 (Nivel intermedio);Turquía;Akdeniz University (Turquía);1;0;25/08/2024
2023;ERASMUS;481-Informática;Escuela de Ingeniería y Arquitectura;IN;INGLÉS - B1 (Nivel intermedio);Grecia;University Of The Peloponnese (Grecia);2;0;25/08/2024
2023;ERASMUS;481-Informática;Escuela de Ingeniería y Arquitectura;IN;INGLÉS - B2 (Nivel avanzado);Portugal;Universidade De Lisboa (Portugal);2;0;25/08/2024
2023;ERASMUS;481-Informática;Escuela de Ingeniería y Arquitectura;OUT;ALEMÁN - B1 (Nivel intermedio);Alemania;Fachhochschule Konstanz (Alemania);2;0;25/08/2024
2023;ERASMUS;481-Informática;Escuela de Ingeniería y Arquitectura;OUT;ESPAÑOL - B1 (Nivel intermedio);Portugal;Universidade De Aveiro (Portugal);0;0;25/08/2024
2023;ERASMUS;481-Informática;Escuela de Ingeniería y Arquitectura;OUT;FRANCÉS - B1 (Nivel intermedio);Francia;Institut National Des Sciences Appliquées De Rouen (Francia);2;0;25/08/2024
2023;ERASMUS;481-Informática;Escuela de Ingeniería y Arquitectura;OUT;FRANCÉS - B1 (Nivel intermedio);Francia;École Nationale Supérieure D´Ingenieurs De Caen (Francia);1;0;25/08/2024
2023;ERASMUS;481-Informática;Escuela de Ingeniería y Arquitectura;OUT;FRANCÉS - B1 (Nivel intermedio);Francia;Institut National Des Sciences Appliquees De Lyon (Francia);4;0;25/08/2024
2023;ERASMUS;481-Informática;Escuela de Ingeniería y Arquitectura;OUT;FRANCÉS - B1 (Nivel intermedio);Francia;Université De Pau Et Des Pays De L'Adour (Francia);4;0;25/08/2024
2023;ERASMUS;481-Informática;Escuela de Ingeniería y Arquitectura;OUT;FRANCÉS - B1 (Nivel intermedio);Francia;Université Côte D'Azur (Francia);0;0;25/08/2024
2023;ERASMUS;481-Informática;Escuela de Ingeniería y Arquitectura;OUT;FRANCÉS - B1 (Nivel intermedio);Francia;Bordeaux Inp (Francia);1;0;25/08/2024
2023;ERASMUS;481-Informática;Escuela de Ingeniería y Arquitectura;OUT;FRANCÉS - B1 (Nivel intermedio);Francia;Institut National Des Sciences Appliquées De Rennes (Francia);1;0;25/08/2024
2023;ERASMUS;481-Informática;Escuela de Ingeniería y Arquitectura;OUT;FRANCÉS - B2 (Nivel avanzado);Francia;École Supérieure D'Informatique, Électronique, Automatique (Francia);2;1;25/08/2024
2023;ERASMUS;481-Informática;Escuela de Ingeniería y Arquitectura;OUT;GRIEGO - B2 (Nivel avanzado);Grecia;University Of The Peloponnese (Grecia);2;1;25/08/2024
2023;ERASMUS;481-Informática;Escuela de Ingeniería y Arquitectura;OUT;INGLÉS - B1 (Nivel intermedio);Alemania;Hochschule Esslingen - University Of Applied Sciences (Alemania);1;1;25/08/2024
2023;ERASMUS;481-Informática;Escuela de Ingeniería y Arquitectura;OUT;INGLÉS - B1 (Nivel intermedio);Francia;École Nationale Supérieure De Techniques Avancées-Bretagne (Ensta) (Francia);2;0;25/08/2024
2023;ERASMUS;481-Informática;Escuela de Ingeniería y Arquitectura;OUT;INGLÉS - B1 (Nivel intermedio);Italia;Università Degli Studi Di Roma 'La Sapienza' (Italia);2;1;25/08/2024
2023;ERASMUS;481-Informática;Escuela de Ingeniería y Arquitectura;OUT;INGLÉS - B1 (Nivel intermedio);Portugal;Universidade De Aveiro (Portugal);1;1;25/08/2024
2023;ERASMUS;481-Informática;Escuela de Ingeniería y Arquitectura;OUT;INGLÉS - B1 (Nivel intermedio);Portugal;Instituto Politécnico Do Porto (Portugal);1;1;25/08/2024
2023;ERASMUS;481-Informática;Escuela de Ingeniería y Arquitectura;OUT;INGLÉS - B1 (Nivel intermedio);Rumanía;"Universitatea Tehnica ""Gheorghe Asachi"" Din Iasi (Rumanía)";3;0;25/08/2024
2023;ERASMUS;481-Informática;Escuela de Ingeniería y Arquitectura;OUT;INGLÉS - B1 (Nivel intermedio);Suecia;Luleå Tekniska Universitet (Suecia);1;1;25/08/2024
2023;ERASMUS;481-Informática;Escuela de Ingeniería y Arquitectura;OUT;INGLÉS - B1 (Nivel intermedio);Suecia;Kth Royal Institute Of Technology (Suecia);1;0;25/08/2024
2023;ERASMUS;481-Informática;Escuela de Ingeniería y Arquitectura;OUT;INGLÉS - B1 (Nivel intermedio);Turquía;Akdeniz University (Turquía);1;2;25/08/2024
2023;ERASMUS;481-Informática;Escuela de Ingeniería y Arquitectura;OUT;INGLÉS - B2 (Nivel avanzado);Alemania;Fachhochschule Kiel (Alemania);1;1;25/08/2024
2023;ERASMUS;481-Informática;Escuela de Ingeniería y Arquitectura;OUT;INGLÉS - B2 (Nivel avanzado);Finlandia;Savonia University Of Applied Sciences (Finlandia);2;5;25/08/2024
2023;ERASMUS;481-Informática;Escuela de Ingeniería y Arquitectura;OUT;INGLÉS - B2 (Nivel avanzado);Francia;Grenoble Inp Group (Grenoble Institute Of Technology) (Francia);1;1;25/08/2024
2023;ERASMUS;481-Informática;Escuela de Ingeniería y Arquitectura;OUT;INGLÉS - B2 (Nivel avanzado);Portugal;Universidade De Lisboa (Portugal);2;0;25/08/2024
2023;ERASMUS;481-Informática;Escuela de Ingeniería y Arquitectura;OUT;INGLÉS - B2 (Nivel avanzado);Rumanía;Universitatea De Vest Din Timísoara (Rumanía);4;2;25/08/2024
2023;ERASMUS;481-Informática;Escuela de Ingeniería y Arquitectura;OUT;INGLÉS - C1 (Nivel avanzado 1);Dinamarca;Aarhus University School Of Engineering (Dinamarca);1;1;25/08/2024
2023;ERASMUS;481-Informática;Escuela de Ingeniería y Arquitectura;OUT;ITALIANO - A1 (Nivel básico);Italia;Università Degli Studi Di Salerno (Italia);0;0;25/08/2024
2023;ERASMUS;481-Informática;Escuela de Ingeniería y Arquitectura;OUT;No Informado;Italia;Università Degli Studi Di Torino (Italia);3;4;25/08/2024
2023;ERASMUS;481-Informática;Escuela de Ingeniería y Arquitectura;OUT;No Informado;Italia;Università Degli Studi Di Siena (Italia);2;0;25/08/2024
2023;ERASMUS;481-Informática;Escuela de Ingeniería y Arquitectura;OUT;No Informado;Noruega;Kristiania University College (Kuc) (Noruega);4;1;25/08/2024
2023;ERASMUS;481-Informática;Escuela de Ingeniería y Arquitectura;OUT;No Informado;Portugal;Instituto Superior Politécnico De Viseu (Portugal);2;0;25/08/2024
2023;ERASMUS;481-Informática;Escuela de Ingeniería y Arquitectura;OUT;PORTUGUÉS - B1 (Nivel intermedio);Portugal;Universidade Do Porto (Portugal);2;0;25/08/2024
2023;ERASMUS;481-Informática;Escuela Universitaria Politécnica de Teruel;IN;ESPAÑOL - B1 (Nivel intermedio);Alemania;Fachhochschule Bielefeld (Alemania);6;0;25/08/2024
2023;ERASMUS;481-Informática;Escuela Universitaria Politécnica de Teruel;IN;No Informado;Grecia;Aristotelio Panepistimio Thessalonikis (Grecia);2;0;25/08/2024
2023;ERASMUS;481-Informática;Escuela Universitaria Politécnica de Teruel;IN;No Informado;Irlanda (Eire);Technological University Dublin-City Campus (Irlanda (Eire));5;0;25/08/2024
2023;ERASMUS;481-Informática;Escuela Universitaria Politécnica de Teruel;OUT;INGLÉS - B1 (Nivel intermedio);Alemania;Fachhochschule Bielefeld (Alemania);6;0;25/08/2024
2023;ERASMUS;481-Informática;Escuela Universitaria Politécnica de Teruel;OUT;INGLÉS - B1 (Nivel intermedio);Grecia;Aristotelio Panepistimio Thessalonikis (Grecia);2;0;25/08/2024
2023;ERASMUS;481-Informática;Escuela Universitaria Politécnica de Teruel;OUT;INGLÉS - B1 (Nivel intermedio);Irlanda (Eire);Technological University Dublin-City Campus (Irlanda (Eire));5;2;25/08/2024
2023;ERASMUS;481-Informática;Facultad de Derecho;IN;No Informado;Turquía;Fmv Isik University (Turquía);2;0;25/08/2024
2023;ERASMUS;481-Informática;Facultad de Derecho;OUT;INGLÉS - B1 (Nivel intermedio);Turquía;Fmv Isik University (Turquía);2;0;25/08/2024
2023;ERASMUS;620-Agricultura, silvicultura y pesca (programas generales);Escuela Politécnica Superior;IN;INGLÉS - B1 (Nivel intermedio);Francia;Institut National Polytechnique De Toulouse (Francia);2;0;25/08/2024
2023;ERASMUS;620-Agricultura, silvicultura y pesca (programas generales);Escuela Politécnica Superior;IN;No Informado;Alemania;Universität Hohenheim (Alemania);1;0;25/08/2024
2023;ERASMUS;620-Agricultura, silvicultura y pesca (programas generales);Escuela Politécnica Superior;IN;No Informado;Austria;Universität Für Bodenkultur Wien (Austria);1;0;25/08/2024
2023;ERASMUS;620-Agricultura, silvicultura y pesca (programas generales);Escuela Politécnica Superior;IN;No Informado;Croacia;Josip Juraj Strossmayer University Of Osijek (Croacia);3;0;25/08/2024
2023;ERASMUS;620-Agricultura, silvicultura y pesca (programas generales);Escuela Politécnica Superior;IN;No Informado;Eslovaquia;Slovek University Of Agriculture In Nitra (Eslovaquia);2;0;25/08/2024
2023;ERASMUS;620-Agricultura, silvicultura y pesca (programas generales);Escuela Politécnica Superior;IN;No Informado;Estonia;Eesti Maaülikool (Estonia);1;0;25/08/2024
2023;ERASMUS;620-Agricultura, silvicultura y pesca (programas generales);Escuela Politécnica Superior;IN;No Informado;Francia;Agroparistech (Francia);1;0;25/08/2024
2023;ERASMUS;620-Agricultura, silvicultura y pesca (programas generales);Escuela Politécnica Superior;IN;No Informado;Francia;L'Institut Agro Montpellier Supagro (Francia);2;0;25/08/2024
2023;ERASMUS;620-Agricultura, silvicultura y pesca (programas generales);Escuela Politécnica Superior;IN;No Informado;Francia;École Nationale Supérieure Des Sciences Agronomiques De Bordeaux Aquitaine (Francia);2;0;25/08/2024
2023;ERASMUS;620-Agricultura, silvicultura y pesca (programas generales);Escuela Politécnica Superior;IN;No Informado;Italia;Università Degli Studi Di Foggia (Italia);2;0;25/08/2024
2023;ERASMUS;620-Agricultura, silvicultura y pesca (programas generales);Escuela Politécnica Superior;IN;No Informado;Italia;Università Degli Studi Di Napoli Federico Ii (Italia);2;0;25/08/2024
2023;ERASMUS;620-Agricultura, silvicultura y pesca (programas generales);Escuela Politécnica Superior;IN;No Informado;Italia;Università Degli Studi Di Bari (Italia);1;0;25/08/2024
2023;ERASMUS;620-Agricultura, silvicultura y pesca (programas generales);Escuela Politécnica Superior;IN;No Informado;Polonia;Uniwersytet Rzeszowski (Polonia);2;0;25/08/2024
2023;ERASMUS;620-Agricultura, silvicultura y pesca (programas generales);Escuela Politécnica Superior;IN;No Informado;Polonia;University Of Environmental And Life Sciences (Polonia);1;0;25/08/2024
2023;ERASMUS;620-Agricultura, silvicultura y pesca (programas generales);Escuela Politécnica Superior;IN;No Informado;Portugal;Universidade De Trás-Os-Montes E Alto Douro (Portugal);1;0;25/08/2024
2023;ERASMUS;620-Agricultura, silvicultura y pesca (programas generales);Escuela Politécnica Superior;IN;No Informado;República Checa;Mendel University In Brno (República Checa);4;0;25/08/2024
2023;ERASMUS;620-Agricultura, silvicultura y pesca (programas generales);Escuela Politécnica Superior;IN;No Informado;República Checa;Ceska Zemedelska Univerzita V Praze (República Checa);2;0;25/08/2024
2023;ERASMUS;620-Agricultura, silvicultura y pesca (programas generales);Escuela Politécnica Superior;IN;No Informado;Turquía;Namik Kemal University (Turquía);2;0;25/08/2024
2023;ERASMUS;620-Agricultura, silvicultura y pesca (programas generales);Escuela Politécnica Superior;IN;No Informado;Turquía;Ege University (Turquía);2;0;25/08/2024
2023;ERASMUS;620-Agricultura, silvicultura y pesca (programas generales);Escuela Politécnica Superior;OUT;FRANCÉS - B1 (Nivel intermedio);Francia;Institut National Polytechnique De Toulouse (Francia);2;0;25/08/2024
2023;ERASMUS;620-Agricultura, silvicultura y pesca (programas generales);Escuela Politécnica Superior;OUT;FRANCÉS - B1 (Nivel intermedio);Francia;Agroparistech (Francia);1;0;25/08/2024
2023;ERASMUS;620-Agricultura, silvicultura y pesca (programas generales);Escuela Politécnica Superior;OUT;FRANCÉS - B2 (Nivel avanzado);Francia;École Nationale Supérieure Des Sciences Agronomiques De Bordeaux Aquitaine (Francia);2;0;25/08/2024
2023;ERASMUS;620-Agricultura, silvicultura y pesca (programas generales);Escuela Politécnica Superior;OUT;INGLÉS - B1 (Nivel intermedio);Alemania;Universität Hohenheim (Alemania);1;0;25/08/2024
2023;ERASMUS;620-Agricultura, silvicultura y pesca (programas generales);Escuela Politécnica Superior;OUT;INGLÉS - B1 (Nivel intermedio);Croacia;Josip Juraj Strossmayer University Of Osijek (Croacia);3;0;25/08/2024
2023;ERASMUS;620-Agricultura, silvicultura y pesca (programas generales);Escuela Politécnica Superior;OUT;INGLÉS - B1 (Nivel intermedio);Francia;L'Institut Agro Montpellier Supagro (Francia);2;0;25/08/2024
2023;ERASMUS;620-Agricultura, silvicultura y pesca (programas generales);Escuela Politécnica Superior;OUT;INGLÉS - B1 (Nivel intermedio);Italia;Università Degli Studi Di Foggia (Italia);2;2;25/08/2024
2023;ERASMUS;620-Agricultura, silvicultura y pesca (programas generales);Escuela Politécnica Superior;OUT;INGLÉS - B2 (Nivel avanzado);Austria;Universität Für Bodenkultur Wien (Austria);1;0;25/08/2024
2023;ERASMUS;620-Agricultura, silvicultura y pesca (programas generales);Escuela Politécnica Superior;OUT;INGLÉS - B2 (Nivel avanzado);Francia;École Nationale Supérieure Des Sciences Agronomiques De Bordeaux Aquitaine (Francia);0;0;25/08/2024
2023;ERASMUS;620-Agricultura, silvicultura y pesca (programas generales);Escuela Politécnica Superior;OUT;INGLÉS - B2 (Nivel avanzado);República Checa;Mendel University In Brno (República Checa);3;1;25/08/2024
2023;ERASMUS;620-Agricultura, silvicultura y pesca (programas generales);Escuela Politécnica Superior;OUT;ITALIANO - B1 (Nivel intermedio);Italia;Università Degli Studi Di Napoli Federico Ii (Italia);2;0;25/08/2024
2023;ERASMUS;620-Agricultura, silvicultura y pesca (programas generales);Escuela Politécnica Superior;OUT;ITALIANO - B1 (Nivel intermedio);Italia;Università Degli Studi Di Bari (Italia);1;1;25/08/2024
2023;ERASMUS;620-Agricultura, silvicultura y pesca (programas generales);Escuela Politécnica Superior;OUT;OTROS - B1 (Nivel intermedio);Polonia;Uniwersytet Rzeszowski (Polonia);2;0;25/08/2024
2023;ERASMUS;620-Agricultura, silvicultura y pesca (programas generales);Escuela Politécnica Superior;OUT;OTROS - B1 (Nivel intermedio);República Checa;Ceska Zemedelska Univerzita V Praze (República Checa);2;3;25/08/2024
2023;ERASMUS;620-Agricultura, silvicultura y pesca (programas generales);Escuela Politécnica Superior;OUT;OTROS - B1 (Nivel intermedio);Turquía;Ege University (Turquía);2;0;25/08/2024
2023;ERASMUS;620-Agricultura, silvicultura y pesca (programas generales);Escuela Politécnica Superior;OUT;OTROS - B1 (Nivel intermedio);Turquía;Namik Kemal University (Turquía);1;0;25/08/2024
2023;ERASMUS;620-Agricultura, silvicultura y pesca (programas generales);Escuela Politécnica Superior;OUT;OTROS - B2 (Nivel avanzado);Eslovaquia;Slovek University Of Agriculture In Nitra (Eslovaquia);2;0;25/08/2024
2023;ERASMUS;620-Agricultura, silvicultura y pesca (programas generales);Escuela Politécnica Superior;OUT;OTROS - B2 (Nivel avanzado);Estonia;Eesti Maaülikool (Estonia);1;0;25/08/2024
2023;ERASMUS;620-Agricultura, silvicultura y pesca (programas generales);Escuela Politécnica Superior;OUT;OTROS - B2 (Nivel avanzado);Polonia;University Of Environmental And Life Sciences (Polonia);1;0;25/08/2024
2023;ERASMUS;620-Agricultura, silvicultura y pesca (programas generales);Escuela Politécnica Superior;OUT;PORTUGUÉS - B1 (Nivel intermedio);Portugal;Universidade De Trás-Os-Montes E Alto Douro (Portugal);1;0;25/08/2024
2023;ERASMUS;688-0688 Inter-disciplinary programmes and qualifications involving Information and Communication Technologies (ICTs);Escuela de Ingeniería y Arquitectura;IN;ESPAÑOL - B1 (Nivel intermedio);Polonia;Politechnika Lubelska (Polonia);1;0;25/08/2024
2023;ERASMUS;688-0688 Inter-disciplinary programmes and qualifications involving Information and Communication Technologies (ICTs);Escuela de Ingeniería y Arquitectura;OUT;INGLÉS - B2 (Nivel avanzado);Polonia;Politechnika Lubelska (Polonia);1;1;25/08/2024
2023;ERASMUS;723-Physiotherapy and nursing;Escuela Universitaria de Enfermería San Jorge de Huesca;IN;No Informado;Italia;Università Degli Studi Di Sassari (Italia);2;0;25/08/2024
2023;ERASMUS;723-Physiotherapy and nursing;Escuela Universitaria de Enfermería San Jorge de Huesca;OUT;ITALIANO - B1 (Nivel intermedio);Italia;Università Degli Studi Di Sassari (Italia);2;1;25/08/2024
2023;ERASMUS;723-Physiotherapy and nursing;Facultad de Ciencias de la Salud;IN;No Informado;Bélgica;Odisee University Of Applied Sciences (Bélgica);2;0;25/08/2024
2023;ERASMUS;723-Physiotherapy and nursing;Facultad de Ciencias de la Salud;IN;No Informado;Bélgica;Haute École De La Province De Liege Laon-Eli Troclet (Bélgica);2;0;25/08/2024
2023;ERASMUS;723-Physiotherapy and nursing;Facultad de Ciencias de la Salud;IN;No Informado;Bélgica;Université Libre De Bruxelles (Bélgica);2;0;25/08/2024
2023;ERASMUS;723-Physiotherapy and nursing;Facultad de Ciencias de la Salud;IN;No Informado;Francia;Université D'Orléans (Francia);2;0;25/08/2024
2023;ERASMUS;723-Physiotherapy and nursing;Facultad de Ciencias de la Salud;IN;No Informado;Italia;Università Degli Studi Di Verona (Italia);4;0;25/08/2024
2023;ERASMUS;723-Physiotherapy and nursing;Facultad de Ciencias de la Salud;IN;No Informado;Italia;Università Degli Studi Di L'Aquila (Italia);4;0;25/08/2024
2023;ERASMUS;723-Physiotherapy and nursing;Facultad de Ciencias de la Salud;IN;No Informado;Letonia;Riga Stradina Universitate (Letonia);2;0;25/08/2024
2023;ERASMUS;723-Physiotherapy and nursing;Facultad de Ciencias de la Salud;IN;No Informado;Polonia;Uniwersytet Rzeszowski (Polonia);6;0;25/08/2024
2023;ERASMUS;723-Physiotherapy and nursing;Facultad de Ciencias de la Salud;IN;No Informado;Rumanía;Universitatea De Vest Din Timísoara (Rumanía);1;0;25/08/2024
2023;ERASMUS;723-Physiotherapy and nursing;Facultad de Ciencias de la Salud;IN;No Informado;Turquía;Koç University (Ku) (Turquía);2;0;25/08/2024
2023;ERASMUS;723-Physiotherapy and nursing;Facultad de Ciencias de la Salud;OUT;FRANCÉS - B1 (Nivel intermedio);Bélgica;Haute École De La Province De Liege Laon-Eli Troclet (Bélgica);2;0;25/08/2024
2023;ERASMUS;723-Physiotherapy and nursing;Facultad de Ciencias de la Salud;OUT;FRANCÉS - B1 (Nivel intermedio);Bélgica;Université Libre De Bruxelles (Bélgica);2;0;25/08/2024
2023;ERASMUS;723-Physiotherapy and nursing;Facultad de Ciencias de la Salud;OUT;FRANCÉS - B2 (Nivel avanzado);Francia;Université D'Orléans (Francia);2;0;25/08/2024
2023;ERASMUS;723-Physiotherapy and nursing;Facultad de Ciencias de la Salud;OUT;INGLÉS - B1 (Nivel intermedio);Bélgica;Odisee University Of Applied Sciences (Bélgica);2;2;25/08/2024
2023;ERASMUS;723-Physiotherapy and nursing;Facultad de Ciencias de la Salud;OUT;INGLÉS - B1 (Nivel intermedio);Italia;Università Degli Studi Di Verona (Italia);2;2;25/08/2024
2023;ERASMUS;723-Physiotherapy and nursing;Facultad de Ciencias de la Salud;OUT;INGLÉS - B1 (Nivel intermedio);Italia;Università Degli Studi Di L'Aquila (Italia);4;0;25/08/2024
2023;ERASMUS;723-Physiotherapy and nursing;Facultad de Ciencias de la Salud;OUT;INGLÉS - B2 (Nivel avanzado);Letonia;Riga Stradina Universitate (Letonia);2;2;25/08/2024
2023;ERASMUS;723-Physiotherapy and nursing;Facultad de Ciencias de la Salud;OUT;INGLÉS - B2 (Nivel avanzado);Turquía;Koç University (Ku) (Turquía);2;0;25/08/2024
2023;ERASMUS;723-Physiotherapy and nursing;Facultad de Ciencias de la Salud;OUT;ITALIANO - B1 (Nivel intermedio);Italia;Università Degli Studi Di Verona (Italia);2;1;25/08/2024
2023;ERASMUS;723-Physiotherapy and nursing;Facultad de Ciencias de la Salud;OUT;OTROS - B1 (Nivel intermedio);Bélgica;Odisee University Of Applied Sciences (Bélgica);0;0;25/08/2024
2023;ERASMUS;723-Physiotherapy and nursing;Facultad de Ciencias de la Salud;OUT;OTROS - B1 (Nivel intermedio);Polonia;Uniwersytet Rzeszowski (Polonia);6;0;25/08/2024
2023;ERASMUS;723-Physiotherapy and nursing;Facultad de Ciencias de la Salud;OUT;OTROS - B1 (Nivel intermedio);Rumanía;Universitatea De Vest Din Timísoara (Rumanía);2;0;25/08/2024
2023;ERASMUS;850-Protección medioambiental (programas generales);Escuela de Ingeniería y Arquitectura;IN;ESPAÑOL - B1 (Nivel intermedio);Francia;Institut Polytechnique Unilasalle (Francia);4;0;25/08/2024
2023;ERASMUS;850-Protección medioambiental (programas generales);Escuela de Ingeniería y Arquitectura;OUT;INGLÉS - B2 (Nivel avanzado);Francia;Institut Polytechnique Unilasalle (Francia);4;0;25/08/2024
2023;ERASMUS;850-Protección medioambiental (programas generales);Escuela Politécnica Superior;IN;ESPAÑOL - B1 (Nivel intermedio);Rumanía;Ecological University Of Bucharest (Rumanía);2;0;25/08/2024
2023;ERASMUS;850-Protección medioambiental (programas generales);Escuela Politécnica Superior;IN;No Informado;Alemania;Universität Hohenheim (Alemania);1;0;25/08/2024
2023;ERASMUS;850-Protección medioambiental (programas generales);Escuela Politécnica Superior;IN;No Informado;Alemania;Hochschule Esslingen - University Of Applied Sciences (Alemania);6;0;25/08/2024
2023;ERASMUS;850-Protección medioambiental (programas generales);Escuela Politécnica Superior;IN;No Informado;Austria;Universität Für Bodenkultur Wien (Austria);1;0;25/08/2024
2023;ERASMUS;850-Protección medioambiental (programas generales);Escuela Politécnica Superior;IN;No Informado;Estonia;Eesti Maaülikool (Estonia);1;0;25/08/2024
2023;ERASMUS;850-Protección medioambiental (programas generales);Escuela Politécnica Superior;IN;No Informado;Francia;Institut National Des Sciences Appliquées De Rouen (Francia);2;0;25/08/2024
2023;ERASMUS;850-Protección medioambiental (programas generales);Escuela Politécnica Superior;IN;No Informado;Francia;Université Paris-Est Créteil Val De Marne (Francia);2;0;25/08/2024
2023;ERASMUS;850-Protección medioambiental (programas generales);Escuela Politécnica Superior;IN;No Informado;Francia;École Nationale Supérieure Des Sciences Agronomiques De Bordeaux Aquitaine (Francia);1;0;25/08/2024
2023;ERASMUS;850-Protección medioambiental (programas generales);Escuela Politécnica Superior;IN;No Informado;Francia;Agroparistech (Francia);1;0;25/08/2024
2023;ERASMUS;850-Protección medioambiental (programas generales);Escuela Politécnica Superior;IN;No Informado;Italia;Università Degli Studi Di Genova (Italia);2;0;25/08/2024
2023;ERASMUS;850-Protección medioambiental (programas generales);Escuela Politécnica Superior;IN;No Informado;Italia;Università Degli Studi Di Pavia (Italia);1;0;25/08/2024
2023;ERASMUS;850-Protección medioambiental (programas generales);Escuela Politécnica Superior;IN;No Informado;Italia;Università Degli Studi Di Bari (Italia);1;0;25/08/2024
2023;ERASMUS;850-Protección medioambiental (programas generales);Escuela Politécnica Superior;IN;No Informado;Polonia;University Of Environmental And Life Sciences (Polonia);1;0;25/08/2024
2023;ERASMUS;850-Protección medioambiental (programas generales);Escuela Politécnica Superior;IN;No Informado;Polonia;Uniwersytet Rzeszowski (Polonia);1;0;25/08/2024
2023;ERASMUS;850-Protección medioambiental (programas generales);Escuela Politécnica Superior;IN;No Informado;Portugal;Universidade De Aveiro (Portugal);2;0;25/08/2024
2023;ERASMUS;850-Protección medioambiental (programas generales);Escuela Politécnica Superior;IN;No Informado;Portugal;Instituto Superior Politécnico De Viseu (Portugal);2;0;25/08/2024
2023;ERASMUS;850-Protección medioambiental (programas generales);Escuela Politécnica Superior;IN;No Informado;Portugal;Universidade De Trás-Os-Montes E Alto Douro (Portugal);1;0;25/08/2024
2023;ERASMUS;850-Protección medioambiental (programas generales);Escuela Politécnica Superior;IN;No Informado;Portugal;Universidade Do Porto (Portugal);2;0;25/08/2024
2023;ERASMUS;850-Protección medioambiental (programas generales);Escuela Politécnica Superior;IN;No Informado;República Checa;Ceska Zemedelska Univerzita V Praze (República Checa);1;0;25/08/2024
2023;ERASMUS;850-Protección medioambiental (programas generales);Escuela Politécnica Superior;IN;No Informado;República Checa;Mendel University In Brno (República Checa);3;0;25/08/2024
2023;ERASMUS;850-Protección medioambiental (programas generales);Escuela Politécnica Superior;IN;No Informado;Turquía;Mersin Üniversitesi (Turquía);1;0;25/08/2024
2023;ERASMUS;850-Protección medioambiental (programas generales);Escuela Politécnica Superior;IN;No Informado;Turquía;Düzce Universitesi (Turquía);2;0;25/08/2024
2023;ERASMUS;850-Protección medioambiental (programas generales);Escuela Politécnica Superior;OUT;FRANCÉS - B1 (Nivel intermedio);Francia;Agroparistech (Francia);1;0;25/08/2024
2023;ERASMUS;850-Protección medioambiental (programas generales);Escuela Politécnica Superior;OUT;FRANCÉS - B1 (Nivel intermedio);Francia;Institut National Des Sciences Appliquées De Rouen (Francia);2;0;25/08/2024
2023;ERASMUS;850-Protección medioambiental (programas generales);Escuela Politécnica Superior;OUT;FRANCÉS - B2 (Nivel avanzado);Francia;École Nationale Supérieure Des Sciences Agronomiques De Bordeaux Aquitaine (Francia);1;0;25/08/2024
2023;ERASMUS;850-Protección medioambiental (programas generales);Escuela Politécnica Superior;OUT;INGLÉS - B1 (Nivel intermedio);Alemania;Hochschule Esslingen - University Of Applied Sciences (Alemania);2;0;25/08/2024
2023;ERASMUS;850-Protección medioambiental (programas generales);Escuela Politécnica Superior;OUT;INGLÉS - B1 (Nivel intermedio);Alemania;Universität Hohenheim (Alemania);1;0;25/08/2024
2023;ERASMUS;850-Protección medioambiental (programas generales);Escuela Politécnica Superior;OUT;INGLÉS - B1 (Nivel intermedio);Francia;Université Paris-Est Créteil Val De Marne (Francia);2;0;25/08/2024
2023;ERASMUS;850-Protección medioambiental (programas generales);Escuela Politécnica Superior;OUT;INGLÉS - B1 (Nivel intermedio);Italia;Università Degli Studi Di Genova (Italia);2;2;25/08/2024
2023;ERASMUS;850-Protección medioambiental (programas generales);Escuela Politécnica Superior;OUT;INGLÉS - B1 (Nivel intermedio);Italia;Università Degli Studi Di Pavia (Italia);1;0;25/08/2024
2023;ERASMUS;850-Protección medioambiental (programas generales);Escuela Politécnica Superior;OUT;INGLÉS - B1 (Nivel intermedio);Portugal;Universidade De Aveiro (Portugal);2;0;25/08/2024
2023;ERASMUS;850-Protección medioambiental (programas generales);Escuela Politécnica Superior;OUT;INGLÉS - B1 (Nivel intermedio);Portugal;Universidade Do Porto (Portugal);2;0;25/08/2024
2023;ERASMUS;850-Protección medioambiental (programas generales);Escuela Politécnica Superior;OUT;INGLÉS - B1 (Nivel intermedio);Turquía;Mersin Üniversitesi (Turquía);2;0;25/08/2024
2023;ERASMUS;850-Protección medioambiental (programas generales);Escuela Politécnica Superior;OUT;INGLÉS - B2 (Nivel avanzado);Austria;Universität Für Bodenkultur Wien (Austria);1;0;25/08/2024
2023;ERASMUS;850-Protección medioambiental (programas generales);Escuela Politécnica Superior;OUT;INGLÉS - B2 (Nivel avanzado);Francia;École Nationale Supérieure Des Sciences Agronomiques De Bordeaux Aquitaine (Francia);0;0;25/08/2024
2023;ERASMUS;850-Protección medioambiental (programas generales);Escuela Politécnica Superior;OUT;INGLÉS - B2 (Nivel avanzado);Portugal;Instituto Superior Politécnico De Viseu (Portugal);2;3;25/08/2024
2023;ERASMUS;850-Protección medioambiental (programas generales);Escuela Politécnica Superior;OUT;INGLÉS - B2 (Nivel avanzado);República Checa;Mendel University In Brno (República Checa);3;1;25/08/2024
2023;ERASMUS;850-Protección medioambiental (programas generales);Escuela Politécnica Superior;OUT;ITALIANO - B1 (Nivel intermedio);Italia;Università Degli Studi Di Bari (Italia);1;1;25/08/2024
2023;ERASMUS;850-Protección medioambiental (programas generales);Escuela Politécnica Superior;OUT;OTROS - B1 (Nivel intermedio);Polonia;Uniwersytet Rzeszowski (Polonia);1;0;25/08/2024
2023;ERASMUS;850-Protección medioambiental (programas generales);Escuela Politécnica Superior;OUT;OTROS - B1 (Nivel intermedio);República Checa;Ceska Zemedelska Univerzita V Praze (República Checa);1;3;25/08/2024
2023;ERASMUS;850-Protección medioambiental (programas generales);Escuela Politécnica Superior;OUT;OTROS - B1 (Nivel intermedio);Turquía;Namik Kemal University (Turquía);1;0;25/08/2024
2023;ERASMUS;850-Protección medioambiental (programas generales);Escuela Politécnica Superior;OUT;OTROS - B1 (Nivel intermedio);Turquía;Düzce Universitesi (Turquía);2;0;25/08/2024
2023;ERASMUS;850-Protección medioambiental (programas generales);Escuela Politécnica Superior;OUT;OTROS - B2 (Nivel avanzado);Estonia;Eesti Maaülikool (Estonia);1;0;25/08/2024
2023;ERASMUS;850-Protección medioambiental (programas generales);Escuela Politécnica Superior;OUT;OTROS - B2 (Nivel avanzado);Polonia;University Of Environmental And Life Sciences (Polonia);1;0;25/08/2024
2023;ERASMUS;850-Protección medioambiental (programas generales);Escuela Politécnica Superior;OUT;RUMANO - B1 (Nivel intermedio);Rumanía;Ecological University Of Bucharest (Rumanía);2;1;25/08/2024
2023;SICUE;00.0-Área para Sicue;Escuela de Ingeniería y Arquitectura;IN;No Informado;España;Universidad Rovira I Virgili (España);12;0;25/08/2024
2023;SICUE;00.0-Área para Sicue;Escuela de Ingeniería y Arquitectura;IN;No Informado;España;Universidad Autónoma De Madrid (España);2;0;25/08/2024
2023;SICUE;00.0-Área para Sicue;Escuela de Ingeniería y Arquitectura;IN;No Informado;España;Universidad Pública De Navarra (España);8;0;25/08/2024
2023;SICUE;00.0-Área para Sicue;Escuela de Ingeniería y Arquitectura;IN;No Informado;España;Universidad Complutense De Madrid (España);4;0;25/08/2024
2023;SICUE;00.0-Área para Sicue;Escuela de Ingeniería y Arquitectura;IN;No Informado;España;Universidad De Castilla-La Mancha (España);18;0;25/08/2024
2023;SICUE;00.0-Área para Sicue;Escuela de Ingeniería y Arquitectura;IN;No Informado;España;Universidad Jaume I De Castellón (España);6;0;25/08/2024
2023;SICUE;00.0-Área para Sicue;Escuela de Ingeniería y Arquitectura;IN;No Informado;España;Universidad Autónoma De Barcelona (España);16;0;25/08/2024
2023;SICUE;00.0-Área para Sicue;Escuela de Ingeniería y Arquitectura;IN;No Informado;España;Universidad Politécnica De Madrid (España);13;0;25/08/2024
2023;SICUE;00.0-Área para Sicue;Escuela de Ingeniería y Arquitectura;IN;No Informado;España;Universidad Pontificia De Salamanca (España);4;0;25/08/2024
2023;SICUE;00.0-Área para Sicue;Escuela de Ingeniería y Arquitectura;IN;No Informado;España;Universidad De Santiago De Compostela (España);2;0;25/08/2024
2023;SICUE;00.0-Área para Sicue;Escuela de Ingeniería y Arquitectura;IN;No Informado;España;Universidad Politécnica De Cartagena (España);20;0;25/08/2024
2023;SICUE;00.0-Área para Sicue;Escuela de Ingeniería y Arquitectura;IN;No Informado;España;Universidad Politécnica De Catalunya (España);6;0;25/08/2024
2023;SICUE;00.0-Área para Sicue;Escuela de Ingeniería y Arquitectura;IN;No Informado;España;Universitat Politècnica De València (España);6;0;25/08/2024
2023;SICUE;00.0-Área para Sicue;Escuela de Ingeniería y Arquitectura;IN;No Informado;España;Universidad De Las Palmas De Gran Canaria (España);16;0;25/08/2024
2023;SICUE;00.0-Área para Sicue;Escuela de Ingeniería y Arquitectura;IN;No Informado;España;Universitat De València (Estudi General) (España);2;0;25/08/2024
2023;SICUE;00.0-Área para Sicue;Escuela de Ingeniería y Arquitectura;IN;No Informado;España;Universidad Del País Vasco/Euskal Herriko Unibertsitatea (España);16;0;25/08/2024
2023;SICUE;00.0-Área para Sicue;Escuela de Ingeniería y Arquitectura;IN;No Informado;España;Universidad De Vigo (España);12;0;25/08/2024
2023;SICUE;00.0-Área para Sicue;Escuela de Ingeniería y Arquitectura;IN;No Informado;España;Universidad De Jaén (España);12;0;25/08/2024
2023;SICUE;00.0-Área para Sicue;Escuela de Ingeniería y Arquitectura;IN;No Informado;España;Universidad De León (España);12;0;25/08/2024
2023;SICUE;00.0-Área para Sicue;Escuela de Ingeniería y Arquitectura;IN;No Informado;España;Universidad De Burgos (España);4;0;25/08/2024
2023;SICUE;00.0-Área para Sicue;Escuela de Ingeniería y Arquitectura;IN;No Informado;España;Universidad De Cádiz (España);48;0;25/08/2024
2023;SICUE;00.0-Área para Sicue;Escuela de Ingeniería y Arquitectura;IN;No Informado;España;Universidad De Murcia (España);4;0;25/08/2024
2023;SICUE;00.0-Área para Sicue;Escuela de Ingeniería y Arquitectura;IN;No Informado;España;Universidad De Oviedo (España);14;0;25/08/2024
2023;SICUE;00.0-Área para Sicue;Escuela de Ingeniería y Arquitectura;IN;No Informado;España;Universidad De Alcalá (España);14;0;25/08/2024
2023;SICUE;00.0-Área para Sicue;Escuela de Ingeniería y Arquitectura;IN;No Informado;España;Universidad De Granada (España);16;0;25/08/2024
2023;SICUE;00.0-Área para Sicue;Escuela de Ingeniería y Arquitectura;IN;No Informado;España;Universidad De Málaga (España);6;0;25/08/2024
2023;SICUE;00.0-Área para Sicue;Escuela de Ingeniería y Arquitectura;IN;No Informado;España;Universidad De Sevilla (España);27;0;25/08/2024
2023;SICUE;00.0-Área para Sicue;Escuela de Ingeniería y Arquitectura;IN;No Informado;España;Universidad De Córdoba (España);6;0;25/08/2024
2023;SICUE;00.0-Área para Sicue;Escuela de Ingeniería y Arquitectura;IN;No Informado;España;Universidad De La Rioja (España);18;0;25/08/2024
2023;SICUE;00.0-Área para Sicue;Escuela de Ingeniería y Arquitectura;IN;No Informado;España;Universidad De A Coruña (España);12;0;25/08/2024
2023;SICUE;00.0-Área para Sicue;Escuela de Ingeniería y Arquitectura;IN;No Informado;España;Universidad De Cantabria (España);12;0;25/08/2024
2023;SICUE;00.0-Área para Sicue;Escuela de Ingeniería y Arquitectura;IN;No Informado;España;Universidad De Salamanca (España);12;0;25/08/2024
2023;SICUE;00.0-Área para Sicue;Escuela de Ingeniería y Arquitectura;IN;No Informado;España;Universidad De Valladolid (España);10;0;25/08/2024
2023;SICUE;00.0-Área para Sicue;Escuela de Ingeniería y Arquitectura;IN;No Informado;España;Universidad Rey Juan Carlos (España);6;0;25/08/2024
2023;SICUE;00.0-Área para Sicue;Escuela de Ingeniería y Arquitectura;OUT;No Informado;España;Universidad De Vigo (España);12;0;25/08/2024
2023;SICUE;00.0-Área para Sicue;Escuela de Ingeniería y Arquitectura;OUT;No Informado;España;Universidad Del País Vasco/Euskal Herriko Unibertsitatea (España);18;0;25/08/2024
2023;SICUE;00.0-Área para Sicue;Escuela de Ingeniería y Arquitectura;OUT;No Informado;España;Universidad De León (España);12;0;25/08/2024
2023;SICUE;00.0-Área para Sicue;Escuela de Ingeniería y Arquitectura;OUT;No Informado;España;Universidad De Burgos (España);4;0;25/08/2024
2023;SICUE;00.0-Área para Sicue;Escuela de Ingeniería y Arquitectura;OUT;No Informado;España;Universidad De Cádiz (España);50;2;25/08/2024
2023;SICUE;00.0-Área para Sicue;Escuela de Ingeniería y Arquitectura;OUT;No Informado;España;Universidad De Murcia (España);6;0;25/08/2024
2023;SICUE;00.0-Área para Sicue;Escuela de Ingeniería y Arquitectura;OUT;No Informado;España;Universidad De Oviedo (España);16;0;25/08/2024
2023;SICUE;00.0-Área para Sicue;Escuela de Ingeniería y Arquitectura;OUT;No Informado;España;Universidad De Alcalá (España);14;0;25/08/2024
2023;SICUE;00.0-Área para Sicue;Escuela de Ingeniería y Arquitectura;OUT;No Informado;España;Universidad De Granada (España);18;0;25/08/2024
2023;SICUE;00.0-Área para Sicue;Escuela de Ingeniería y Arquitectura;OUT;No Informado;España;Universidad De Málaga (España);12;3;25/08/2024
2023;SICUE;00.0-Área para Sicue;Escuela de Ingeniería y Arquitectura;OUT;No Informado;España;Universidad De Sevilla (España);27;2;25/08/2024
2023;SICUE;00.0-Área para Sicue;Escuela de Ingeniería y Arquitectura;OUT;No Informado;España;Universidad De Alicante (España);2;0;25/08/2024
2023;SICUE;00.0-Área para Sicue;Escuela de Ingeniería y Arquitectura;OUT;No Informado;España;Universidad De Córdoba (España);6;0;25/08/2024
2023;SICUE;00.0-Área para Sicue;Escuela de Ingeniería y Arquitectura;OUT;No Informado;España;Universidad De La Rioja (España);20;0;25/08/2024
2023;SICUE;00.0-Área para Sicue;Escuela de Ingeniería y Arquitectura;OUT;No Informado;España;Universidad De A Coruña (España);12;0;25/08/2024
2023;SICUE;00.0-Área para Sicue;Escuela de Ingeniería y Arquitectura;OUT;No Informado;España;Universidad De Barcelona (España);2;1;25/08/2024
2023;SICUE;00.0-Área para Sicue;Escuela de Ingeniería y Arquitectura;OUT;No Informado;España;Universidad De Cantabria (España);14;0;25/08/2024
2023;SICUE;00.0-Área para Sicue;Escuela de Ingeniería y Arquitectura;OUT;No Informado;España;Universidad De La Laguna (España);2;0;25/08/2024
2023;SICUE;00.0-Área para Sicue;Escuela de Ingeniería y Arquitectura;OUT;No Informado;España;Universidad De Salamanca (España);14;1;25/08/2024
2023;SICUE;00.0-Área para Sicue;Escuela de Ingeniería y Arquitectura;OUT;No Informado;España;Mondragón Unibertsitatea (España);4;0;25/08/2024
2023;SICUE;00.0-Área para Sicue;Escuela de Ingeniería y Arquitectura;OUT;No Informado;España;Universidad De Valladolid (España);12;0;25/08/2024
2023;SICUE;00.0-Área para Sicue;Escuela de Ingeniería y Arquitectura;OUT;No Informado;España;Universidad De Extremadura (España);1;0;25/08/2024
2023;SICUE;00.0-Área para Sicue;Escuela de Ingeniería y Arquitectura;OUT;No Informado;España;Universidad Rey Juan Carlos (España);6;1;25/08/2024
2023;SICUE;00.0-Área para Sicue;Escuela de Ingeniería y Arquitectura;OUT;No Informado;España;Universidad Rovira I Virgili (España);12;0;25/08/2024
2023;SICUE;00.0-Área para Sicue;Escuela de Ingeniería y Arquitectura;OUT;No Informado;España;Universidad Autónoma De Madrid (España);4;0;25/08/2024
2023;SICUE;00.0-Área para Sicue;Escuela de Ingeniería y Arquitectura;OUT;No Informado;España;Universidad Pública De Navarra (España);8;0;25/08/2024
2023;SICUE;00.0-Área para Sicue;Escuela de Ingeniería y Arquitectura;OUT;No Informado;España;Universitat De Les Illes Balears (España);1;0;25/08/2024
2023;SICUE;00.0-Área para Sicue;Escuela de Ingeniería y Arquitectura;OUT;No Informado;España;Universidad Complutense De Madrid (España);7;1;25/08/2024
2023;SICUE;00.0-Área para Sicue;Escuela de Ingeniería y Arquitectura;OUT;No Informado;España;Universidad De Castilla-La Mancha (España);18;0;25/08/2024
2023;SICUE;00.0-Área para Sicue;Escuela de Ingeniería y Arquitectura;OUT;No Informado;España;Universidad Jaume I De Castellón (España);10;0;25/08/2024
2023;SICUE;00.0-Área para Sicue;Escuela de Ingeniería y Arquitectura;OUT;No Informado;España;Universidad Autónoma De Barcelona (España);20;0;25/08/2024
2023;SICUE;00.0-Área para Sicue;Escuela de Ingeniería y Arquitectura;OUT;No Informado;España;Universidad Politécnica De Madrid (España);13;0;25/08/2024
2023;SICUE;00.0-Área para Sicue;Escuela de Ingeniería y Arquitectura;OUT;No Informado;España;Universidad Pontificia De Salamanca (España);4;0;25/08/2024
2023;SICUE;00.0-Área para Sicue;Escuela de Ingeniería y Arquitectura;OUT;No Informado;España;Universidad De Santiago De Compostela (España);4;0;25/08/2024
2023;SICUE;00.0-Área para Sicue;Escuela de Ingeniería y Arquitectura;OUT;No Informado;España;Universidad Politécnica De Cartagena (España);20;0;25/08/2024
2023;SICUE;00.0-Área para Sicue;Escuela de Ingeniería y Arquitectura;OUT;No Informado;España;Universidad Politécnica De Catalunya (España);10;0;25/08/2024
2023;SICUE;00.0-Área para Sicue;Escuela de Ingeniería y Arquitectura;OUT;No Informado;España;Universitat Politècnica De València (España);10;2;25/08/2024
2023;SICUE;00.0-Área para Sicue;Escuela de Ingeniería y Arquitectura;OUT;No Informado;España;Universidad De Las Palmas De Gran Canaria (España);16;1;25/08/2024
2023;SICUE;00.0-Área para Sicue;Escuela de Ingeniería y Arquitectura;OUT;No Informado;España;Universitat De València (Estudi General) (España);4;0;25/08/2024
2023;SICUE;00.0-Área para Sicue;Escuela de Ingeniería y Arquitectura;OUT;No Informado;España;Universidad De Jaén (España);12;0;25/08/2024
2023;SICUE;00.0-Área para Sicue;Escuela Politécnica Superior;IN;No Informado;España;Universidad De Vigo (España);4;0;25/08/2024
2023;SICUE;00.0-Área para Sicue;Escuela Politécnica Superior;IN;No Informado;España;Universidad De Cádiz (España);6;0;25/08/2024
2023;SICUE;00.0-Área para Sicue;Escuela Politécnica Superior;IN;No Informado;España;Universidad Del País Vasco/Euskal Herriko Unibertsitatea (España);2;0;25/08/2024
2023;SICUE;00.0-Área para Sicue;Escuela Politécnica Superior;IN;No Informado;España;Universidad Miguel Hernández De Elche (España);4;0;25/08/2024
2023;SICUE;00.0-Área para Sicue;Escuela Politécnica Superior;IN;No Informado;España;Universitat Politècnica De València (España);8;0;25/08/2024
2023;SICUE;00.0-Área para Sicue;Escuela Politécnica Superior;IN;No Informado;España;Universidad Autónoma De Barcelona (España);2;0;25/08/2024
2023;SICUE;00.0-Área para Sicue;Escuela Politécnica Superior;IN;No Informado;España;Universidad De Castilla-La Mancha (España);6;0;25/08/2024
2023;SICUE;00.0-Área para Sicue;Escuela Politécnica Superior;IN;No Informado;España;Universidad De Valladolid (España);4;0;25/08/2024
2023;SICUE;00.0-Área para Sicue;Escuela Politécnica Superior;IN;No Informado;España;Universidad De Salamanca (España);8;0;25/08/2024
2023;SICUE;00.0-Área para Sicue;Escuela Politécnica Superior;IN;No Informado;España;Universidad De La Laguna (España);4;0;25/08/2024
2023;SICUE;00.0-Área para Sicue;Escuela Politécnica Superior;IN;No Informado;España;Universidad De La Rioja (España);4;0;25/08/2024
2023;SICUE;00.0-Área para Sicue;Escuela Politécnica Superior;IN;No Informado;España;Universidad De Córdoba (España);4;0;25/08/2024
2023;SICUE;00.0-Área para Sicue;Escuela Politécnica Superior;IN;No Informado;España;Universidad De Sevilla (España);4;0;25/08/2024
2023;SICUE;00.0-Área para Sicue;Escuela Politécnica Superior;IN;No Informado;España;Universidad De Granada (España);4;0;25/08/2024
2023;SICUE;00.0-Área para Sicue;Escuela Politécnica Superior;IN;No Informado;España;Universidad De Alcalá (España);6;0;25/08/2024
2023;SICUE;00.0-Área para Sicue;Escuela Politécnica Superior;IN;No Informado;España;Universidad De Lleida (España);4;0;25/08/2024
2023;SICUE;00.0-Área para Sicue;Escuela Politécnica Superior;OUT;No Informado;España;Universidad De Vigo (España);4;0;25/08/2024
2023;SICUE;00.0-Área para Sicue;Escuela Politécnica Superior;OUT;No Informado;España;Universidad Del País Vasco/Euskal Herriko Unibertsitatea (España);2;0;25/08/2024
2023;SICUE;00.0-Área para Sicue;Escuela Politécnica Superior;OUT;No Informado;España;Universitat Politècnica De València (España);8;0;25/08/2024
2023;SICUE;00.0-Área para Sicue;Escuela Politécnica Superior;OUT;No Informado;España;Universidad Autónoma De Barcelona (España);2;0;25/08/2024
2023;SICUE;00.0-Área para Sicue;Escuela Politécnica Superior;OUT;No Informado;España;Universidad De Castilla-La Mancha (España);6;0;25/08/2024
2023;SICUE;00.0-Área para Sicue;Escuela Politécnica Superior;OUT;No Informado;España;Universidad De Valladolid (España);4;0;25/08/2024
2023;SICUE;00.0-Área para Sicue;Escuela Politécnica Superior;OUT;No Informado;España;Universidad De Salamanca (España);8;0;25/08/2024
2023;SICUE;00.0-Área para Sicue;Escuela Politécnica Superior;OUT;No Informado;España;Universidad De La Laguna (España);4;2;25/08/2024
2023;SICUE;00.0-Área para Sicue;Escuela Politécnica Superior;OUT;No Informado;España;Universidad De La Rioja (España);4;0;25/08/2024
2023;SICUE;00.0-Área para Sicue;Escuela Politécnica Superior;OUT;No Informado;España;Universidad De Córdoba (España);4;0;25/08/2024
2023;SICUE;00.0-Área para Sicue;Escuela Politécnica Superior;OUT;No Informado;España;Universidad De Sevilla (España);4;0;25/08/2024
2023;SICUE;00.0-Área para Sicue;Escuela Politécnica Superior;OUT;No Informado;España;Universidad De Granada (España);4;0;25/08/2024
2023;SICUE;00.0-Área para Sicue;Escuela Politécnica Superior;OUT;No Informado;España;Universidad De Alcalá (España);6;0;25/08/2024
2023;SICUE;00.0-Área para Sicue;Escuela Politécnica Superior;OUT;No Informado;España;Universidad De Lleida (España);4;0;25/08/2024
2023;SICUE;00.0-Área para Sicue;Escuela Politécnica Superior;OUT;No Informado;España;Universidad De Cádiz (España);6;0;25/08/2024
2023;SICUE;00.0-Área para Sicue;Escuela Politécnica Superior;OUT;No Informado;España;Universidad Miguel Hernández De Elche (España);4;0;25/08/2024
2023;SICUE;00.0-Área para Sicue;Escuela Universitaria de Enfermería de Teruel;IN;No Informado;España;Universidad De Castilla-La Mancha (España);2;0;25/08/2024
2023;SICUE;00.0-Área para Sicue;Escuela Universitaria de Enfermería de Teruel;IN;No Informado;España;Universitat De Les Illes Balears (España);1;0;25/08/2024
2023;SICUE;00.0-Área para Sicue;Escuela Universitaria de Enfermería de Teruel;IN;No Informado;España;Universidad Autónoma De Madrid (España);4;0;25/08/2024
2023;SICUE;00.0-Área para Sicue;Escuela Universitaria de Enfermería de Teruel;IN;No Informado;España;Universidad De Extremadura (España);4;0;25/08/2024
2023;SICUE;00.0-Área para Sicue;Escuela Universitaria de Enfermería de Teruel;IN;No Informado;España;Universidad De Salamanca (España);1;0;25/08/2024
2023;SICUE;00.0-Área para Sicue;Escuela Universitaria de Enfermería de Teruel;IN;No Informado;España;Universidad De Málaga (España);1;0;25/08/2024
2023;SICUE;00.0-Área para Sicue;Escuela Universitaria de Enfermería de Teruel;IN;No Informado;España;Universidad Católica De Valencia San Vicente Mártir (España);1;0;25/08/2024
2023;SICUE;00.0-Área para Sicue;Escuela Universitaria de Enfermería de Teruel;IN;No Informado;España;Universidad Del País Vasco/Euskal Herriko Unibertsitatea (España);1;0;25/08/2024
2023;SICUE;00.0-Área para Sicue;Escuela Universitaria de Enfermería de Teruel;OUT;No Informado;España;Universidad De Castilla-La Mancha (España);2;0;25/08/2024
2023;SICUE;00.0-Área para Sicue;Escuela Universitaria de Enfermería de Teruel;OUT;No Informado;España;Universitat De Les Illes Balears (España);1;0;25/08/2024
2023;SICUE;00.0-Área para Sicue;Escuela Universitaria de Enfermería de Teruel;OUT;No Informado;España;Universidad Autónoma De Madrid (España);4;0;25/08/2024
2023;SICUE;00.0-Área para Sicue;Escuela Universitaria de Enfermería de Teruel;OUT;No Informado;España;Universidad De Extremadura (España);4;0;25/08/2024
2023;SICUE;00.0-Área para Sicue;Escuela Universitaria de Enfermería de Teruel;OUT;No Informado;España;Universidad De Salamanca (España);1;0;25/08/2024
2023;SICUE;00.0-Área para Sicue;Escuela Universitaria de Enfermería de Teruel;OUT;No Informado;España;Universidad De Málaga (España);1;0;25/08/2024
2023;SICUE;00.0-Área para Sicue;Escuela Universitaria de Enfermería de Teruel;OUT;No Informado;España;Universidad Católica De Valencia San Vicente Mártir (España);1;0;25/08/2024
2023;SICUE;00.0-Área para Sicue;Escuela Universitaria de Enfermería de Teruel;OUT;No Informado;España;Universidad Del País Vasco/Euskal Herriko Unibertsitatea (España);1;0;25/08/2024
2023;SICUE;00.0-Área para Sicue;Escuela Universitaria de Enfermería San Jorge de Huesca;IN;No Informado;España;Universidad De Cádiz (España);4;0;25/08/2024
2023;SICUE;00.0-Área para Sicue;Escuela Universitaria de Enfermería San Jorge de Huesca;IN;No Informado;España;Universidad De Málaga (España);4;0;25/08/2024
2023;SICUE;00.0-Área para Sicue;Escuela Universitaria de Enfermería San Jorge de Huesca;IN;No Informado;España;Universidad De Sevilla (España);4;0;25/08/2024
2023;SICUE;00.0-Área para Sicue;Escuela Universitaria de Enfermería San Jorge de Huesca;IN;No Informado;España;Universidad De A Coruña (España);2;0;25/08/2024
2023;SICUE;00.0-Área para Sicue;Escuela Universitaria de Enfermería San Jorge de Huesca;IN;No Informado;España;Universidad De La Laguna (España);2;0;25/08/2024
2023;SICUE;00.0-Área para Sicue;Escuela Universitaria de Enfermería San Jorge de Huesca;IN;No Informado;España;Universidad De Valladolid (España);4;0;25/08/2024
2023;SICUE;00.0-Área para Sicue;Escuela Universitaria de Enfermería San Jorge de Huesca;IN;No Informado;España;Universidad Del País Vasco/Euskal Herriko Unibertsitatea (España);4;0;25/08/2024
2023;SICUE;00.0-Área para Sicue;Escuela Universitaria de Enfermería San Jorge de Huesca;IN;No Informado;España;Universidad Rovira I Virgili (España);4;0;25/08/2024
2023;SICUE;00.0-Área para Sicue;Escuela Universitaria de Enfermería San Jorge de Huesca;IN;No Informado;España;Universidad Autónoma De Madrid (España);4;0;25/08/2024
2023;SICUE;00.0-Área para Sicue;Escuela Universitaria de Enfermería San Jorge de Huesca;IN;No Informado;España;Universidad De Castilla-La Mancha (España);2;0;25/08/2024
2023;SICUE;00.0-Área para Sicue;Escuela Universitaria de Enfermería San Jorge de Huesca;IN;No Informado;España;Universidad De Santiago De Compostela (España);4;0;25/08/2024
2023;SICUE;00.0-Área para Sicue;Escuela Universitaria de Enfermería San Jorge de Huesca;IN;No Informado;España;Universidad De Vic-Universidad Central De Catalunya (España);4;0;25/08/2024
2023;SICUE;00.0-Área para Sicue;Escuela Universitaria de Enfermería San Jorge de Huesca;IN;No Informado;España;Universidad Católica De Valencia San Vicente Mártir (España);1;0;25/08/2024
2023;SICUE;00.0-Área para Sicue;Escuela Universitaria de Enfermería San Jorge de Huesca;IN;No Informado;España;Universidad De Extremadura (España);4;0;25/08/2024
2023;SICUE;00.0-Área para Sicue;Escuela Universitaria de Enfermería San Jorge de Huesca;OUT;No Informado;España;Universidad Católica De Valencia San Vicente Mártir (España);1;0;25/08/2024
2023;SICUE;00.0-Área para Sicue;Escuela Universitaria de Enfermería San Jorge de Huesca;OUT;No Informado;España;Universidad Del País Vasco/Euskal Herriko Unibertsitatea (España);4;0;25/08/2024
2023;SICUE;00.0-Área para Sicue;Escuela Universitaria de Enfermería San Jorge de Huesca;OUT;No Informado;España;Universidad De Cádiz (España);4;2;25/08/2024
2023;SICUE;00.0-Área para Sicue;Escuela Universitaria de Enfermería San Jorge de Huesca;OUT;No Informado;España;Universidad De Málaga (España);4;2;25/08/2024
2023;SICUE;00.0-Área para Sicue;Escuela Universitaria de Enfermería San Jorge de Huesca;OUT;No Informado;España;Universidad De Sevilla (España);4;2;25/08/2024
2023;SICUE;00.0-Área para Sicue;Escuela Universitaria de Enfermería San Jorge de Huesca;OUT;No Informado;España;Universidad De A Coruña (España);2;0;25/08/2024
2023;SICUE;00.0-Área para Sicue;Escuela Universitaria de Enfermería San Jorge de Huesca;OUT;No Informado;España;Universidad De La Laguna (España);2;2;25/08/2024
2023;SICUE;00.0-Área para Sicue;Escuela Universitaria de Enfermería San Jorge de Huesca;OUT;No Informado;España;Universidad De Valladolid (España);4;0;25/08/2024
2023;SICUE;00.0-Área para Sicue;Escuela Universitaria de Enfermería San Jorge de Huesca;OUT;No Informado;España;Universidad De Extremadura (España);4;0;25/08/2024
2023;SICUE;00.0-Área para Sicue;Escuela Universitaria de Enfermería San Jorge de Huesca;OUT;No Informado;España;Universidad Rovira I Virgili (España);4;0;25/08/2024
2023;SICUE;00.0-Área para Sicue;Escuela Universitaria de Enfermería San Jorge de Huesca;OUT;No Informado;España;Universidad Autónoma De Madrid (España);4;1;25/08/2024
2023;SICUE;00.0-Área para Sicue;Escuela Universitaria de Enfermería San Jorge de Huesca;OUT;No Informado;España;Universidad De Castilla-La Mancha (España);2;0;25/08/2024
2023;SICUE;00.0-Área para Sicue;Escuela Universitaria de Enfermería San Jorge de Huesca;OUT;No Informado;España;Universidad De Santiago De Compostela (España);4;1;25/08/2024
2023;SICUE;00.0-Área para Sicue;Escuela Universitaria de Enfermería San Jorge de Huesca;OUT;No Informado;España;Universidad De Vic-Universidad Central De Catalunya (España);4;0;25/08/2024
2023;SICUE;00.0-Área para Sicue;Escuela Universitaria de Turismo de Zaragoza;IN;No Informado;España;Universidad Autónoma De Barcelona (España);4;0;25/08/2024
2023;SICUE;00.0-Área para Sicue;Escuela Universitaria de Turismo de Zaragoza;IN;No Informado;España;Universitat De Les Illes Balears (España);4;0;25/08/2024
2023;SICUE;00.0-Área para Sicue;Escuela Universitaria de Turismo de Zaragoza;IN;No Informado;España;Universidad Rovira I Virgili (España);4;0;25/08/2024
2023;SICUE;00.0-Área para Sicue;Escuela Universitaria de Turismo de Zaragoza;IN;No Informado;España;Universidad De Salamanca (España);4;0;25/08/2024
2023;SICUE;00.0-Área para Sicue;Escuela Universitaria de Turismo de Zaragoza;IN;No Informado;España;Universidad De A Coruña (España);2;0;25/08/2024
2023;SICUE;00.0-Área para Sicue;Escuela Universitaria de Turismo de Zaragoza;IN;No Informado;España;Universidad De Las Palmas De Gran Canaria (España);4;0;25/08/2024
2023;SICUE;00.0-Área para Sicue;Escuela Universitaria de Turismo de Zaragoza;IN;No Informado;España;Universidad De Córdoba (España);4;0;25/08/2024
2023;SICUE;00.0-Área para Sicue;Escuela Universitaria de Turismo de Zaragoza;IN;No Informado;España;Universidad De Granada (España);4;0;25/08/2024
2023;SICUE;00.0-Área para Sicue;Escuela Universitaria de Turismo de Zaragoza;IN;No Informado;España;Universidad De Huelva (España);4;0;25/08/2024
2023;SICUE;00.0-Área para Sicue;Escuela Universitaria de Turismo de Zaragoza;IN;No Informado;España;Universidad De Girona (España);6;0;25/08/2024
2023;SICUE;00.0-Área para Sicue;Escuela Universitaria de Turismo de Zaragoza;IN;No Informado;España;Universidad De La Rioja (España);2;0;25/08/2024
2023;SICUE;00.0-Área para Sicue;Escuela Universitaria de Turismo de Zaragoza;OUT;No Informado;España;Universidad De Las Palmas De Gran Canaria (España);4;0;25/08/2024
2023;SICUE;00.0-Área para Sicue;Escuela Universitaria de Turismo de Zaragoza;OUT;No Informado;España;Universidad Autónoma De Barcelona (España);4;0;25/08/2024
2023;SICUE;00.0-Área para Sicue;Escuela Universitaria de Turismo de Zaragoza;OUT;No Informado;España;Universitat De Les Illes Balears (España);4;0;25/08/2024
2023;SICUE;00.0-Área para Sicue;Escuela Universitaria de Turismo de Zaragoza;OUT;No Informado;España;Universidad Rovira I Virgili (España);4;0;25/08/2024
2023;SICUE;00.0-Área para Sicue;Escuela Universitaria de Turismo de Zaragoza;OUT;No Informado;España;Universidad De Salamanca (España);4;0;25/08/2024
2023;SICUE;00.0-Área para Sicue;Escuela Universitaria de Turismo de Zaragoza;OUT;No Informado;España;Universidad De A Coruña (España);2;0;25/08/2024
2023;SICUE;00.0-Área para Sicue;Escuela Universitaria de Turismo de Zaragoza;OUT;No Informado;España;Universidad De La Rioja (España);2;0;25/08/2024
2023;SICUE;00.0-Área para Sicue;Escuela Universitaria de Turismo de Zaragoza;OUT;No Informado;España;Universidad De Córdoba (España);4;0;25/08/2024
2023;SICUE;00.0-Área para Sicue;Escuela Universitaria de Turismo de Zaragoza;OUT;No Informado;España;Universidad De Granada (España);4;1;25/08/2024
2023;SICUE;00.0-Área para Sicue;Escuela Universitaria de Turismo de Zaragoza;OUT;No Informado;España;Universidad De Girona (España);6;0;25/08/2024
2023;SICUE;00.0-Área para Sicue;Escuela Universitaria de Turismo de Zaragoza;OUT;No Informado;España;Universidad De Huelva (España);4;0;25/08/2024
2023;SICUE;00.0-Área para Sicue;Escuela Universitaria Politécnica de la Almunia de Doña Godina;IN;No Informado;España;Universidad De Valladolid (España);5;0;25/08/2024
2023;SICUE;00.0-Área para Sicue;Escuela Universitaria Politécnica de la Almunia de Doña Godina;IN;No Informado;España;Universidad De Extremadura (España);10;0;25/08/2024
2023;SICUE;00.0-Área para Sicue;Escuela Universitaria Politécnica de la Almunia de Doña Godina;IN;No Informado;España;Universidad Rey Juan Carlos (España);2;0;25/08/2024
2023;SICUE;00.0-Área para Sicue;Escuela Universitaria Politécnica de la Almunia de Doña Godina;IN;No Informado;España;Universidad Pública De Navarra (España);2;0;25/08/2024
2023;SICUE;00.0-Área para Sicue;Escuela Universitaria Politécnica de la Almunia de Doña Godina;IN;No Informado;España;Universitat De Les Illes Balears (España);4;0;25/08/2024
2023;SICUE;00.0-Área para Sicue;Escuela Universitaria Politécnica de la Almunia de Doña Godina;IN;No Informado;España;Universidad De Castilla-La Mancha (España);8;0;25/08/2024
2023;SICUE;00.0-Área para Sicue;Escuela Universitaria Politécnica de la Almunia de Doña Godina;IN;No Informado;España;Universidad Jaume I De Castellón (España);6;0;25/08/2024
2023;SICUE;00.0-Área para Sicue;Escuela Universitaria Politécnica de la Almunia de Doña Godina;IN;No Informado;España;Universidad Politécnica De Madrid (España);16;0;25/08/2024
2023;SICUE;00.0-Área para Sicue;Escuela Universitaria Politécnica de la Almunia de Doña Godina;IN;No Informado;España;Universidad De Santiago De Compostela (España);4;0;25/08/2024
2023;SICUE;00.0-Área para Sicue;Escuela Universitaria Politécnica de la Almunia de Doña Godina;IN;No Informado;España;Universidad Politécnica De Cartagena (España);6;0;25/08/2024
2023;SICUE;00.0-Área para Sicue;Escuela Universitaria Politécnica de la Almunia de Doña Godina;IN;No Informado;España;Universidad Politécnica De Catalunya (España);2;0;25/08/2024
2023;SICUE;00.0-Área para Sicue;Escuela Universitaria Politécnica de la Almunia de Doña Godina;IN;No Informado;España;Universitat Politècnica De València (España);6;0;25/08/2024
2023;SICUE;00.0-Área para Sicue;Escuela Universitaria Politécnica de la Almunia de Doña Godina;IN;No Informado;España;Universidad Europea Miguel De Cervantes (España);2;0;25/08/2024
2023;SICUE;00.0-Área para Sicue;Escuela Universitaria Politécnica de la Almunia de Doña Godina;IN;No Informado;España;Universidad De Las Palmas De Gran Canaria (España);14;0;25/08/2024
2023;SICUE;00.0-Área para Sicue;Escuela Universitaria Politécnica de la Almunia de Doña Godina;IN;No Informado;España;Universidad De Vic-Universidad Central De Catalunya (España);4;0;25/08/2024
2023;SICUE;00.0-Área para Sicue;Escuela Universitaria Politécnica de la Almunia de Doña Godina;IN;No Informado;España;Universidad Del País Vasco/Euskal Herriko Unibertsitatea (España);16;0;25/08/2024
2023;SICUE;00.0-Área para Sicue;Escuela Universitaria Politécnica de la Almunia de Doña Godina;IN;No Informado;España;Universidad De Vigo (España);2;0;25/08/2024
2023;SICUE;00.0-Área para Sicue;Escuela Universitaria Politécnica de la Almunia de Doña Godina;IN;No Informado;España;Universidad De Jaén (España);4;0;25/08/2024
2023;SICUE;00.0-Área para Sicue;Escuela Universitaria Politécnica de la Almunia de Doña Godina;IN;No Informado;España;Universidad De Burgos (España);14;0;25/08/2024
2023;SICUE;00.0-Área para Sicue;Escuela Universitaria Politécnica de la Almunia de Doña Godina;IN;No Informado;España;Universidad De Huelva (España);4;0;25/08/2024
2023;SICUE;00.0-Área para Sicue;Escuela Universitaria Politécnica de la Almunia de Doña Godina;IN;No Informado;España;Universidad De Lleida (España);6;0;25/08/2024
2023;SICUE;00.0-Área para Sicue;Escuela Universitaria Politécnica de la Almunia de Doña Godina;IN;No Informado;España;Universidad De Oviedo (España);8;0;25/08/2024
2023;SICUE;00.0-Área para Sicue;Escuela Universitaria Politécnica de la Almunia de Doña Godina;IN;No Informado;España;Universidad De Alcalá (España);6;0;25/08/2024
2023;SICUE;00.0-Área para Sicue;Escuela Universitaria Politécnica de la Almunia de Doña Godina;IN;No Informado;España;Universidad De Granada (España);4;0;25/08/2024
2023;SICUE;00.0-Área para Sicue;Escuela Universitaria Politécnica de la Almunia de Doña Godina;IN;No Informado;España;Universidad De Sevilla (España);18;0;25/08/2024
2023;SICUE;00.0-Área para Sicue;Escuela Universitaria Politécnica de la Almunia de Doña Godina;IN;No Informado;España;Universidad De Córdoba (España);8;0;25/08/2024
2023;SICUE;00.0-Área para Sicue;Escuela Universitaria Politécnica de la Almunia de Doña Godina;IN;No Informado;España;Universidad De A Coruña (España);4;0;25/08/2024
2023;SICUE;00.0-Área para Sicue;Escuela Universitaria Politécnica de la Almunia de Doña Godina;IN;No Informado;España;Universidad De La Laguna (España);14;0;25/08/2024
2023;SICUE;00.0-Área para Sicue;Escuela Universitaria Politécnica de la Almunia de Doña Godina;IN;No Informado;España;Universidad De Salamanca (España);14;0;25/08/2024
2023;SICUE;00.0-Área para Sicue;Escuela Universitaria Politécnica de la Almunia de Doña Godina;OUT;No Informado;España;Universidad De Vigo (España);2;0;25/08/2024
2023;SICUE;00.0-Área para Sicue;Escuela Universitaria Politécnica de la Almunia de Doña Godina;OUT;No Informado;España;Universidad Del País Vasco/Euskal Herriko Unibertsitatea (España);16;0;25/08/2024
2023;SICUE;00.0-Área para Sicue;Escuela Universitaria Politécnica de la Almunia de Doña Godina;OUT;No Informado;España;Universidad De Burgos (España);14;0;25/08/2024
2023;SICUE;00.0-Área para Sicue;Escuela Universitaria Politécnica de la Almunia de Doña Godina;OUT;No Informado;España;Universidad De Huelva (España);4;0;25/08/2024
2023;SICUE;00.0-Área para Sicue;Escuela Universitaria Politécnica de la Almunia de Doña Godina;OUT;No Informado;España;Universidad De Lleida (España);6;0;25/08/2024
2023;SICUE;00.0-Área para Sicue;Escuela Universitaria Politécnica de la Almunia de Doña Godina;OUT;No Informado;España;Universidad De Oviedo (España);8;0;25/08/2024
2023;SICUE;00.0-Área para Sicue;Escuela Universitaria Politécnica de la Almunia de Doña Godina;OUT;No Informado;España;Universidad De Jaén (España);4;0;25/08/2024
2023;SICUE;00.0-Área para Sicue;Escuela Universitaria Politécnica de la Almunia de Doña Godina;OUT;No Informado;España;Universidad De Vic-Universidad Central De Catalunya (España);4;0;25/08/2024
2023;SICUE;00.0-Área para Sicue;Escuela Universitaria Politécnica de la Almunia de Doña Godina;OUT;No Informado;España;Universidad De Alcalá (España);6;0;25/08/2024
2023;SICUE;00.0-Área para Sicue;Escuela Universitaria Politécnica de la Almunia de Doña Godina;OUT;No Informado;España;Universidad De Granada (España);4;0;25/08/2024
2023;SICUE;00.0-Área para Sicue;Escuela Universitaria Politécnica de la Almunia de Doña Godina;OUT;No Informado;España;Universidad De Sevilla (España);18;0;25/08/2024
2023;SICUE;00.0-Área para Sicue;Escuela Universitaria Politécnica de la Almunia de Doña Godina;OUT;No Informado;España;Universidad De Córdoba (España);8;0;25/08/2024
2023;SICUE;00.0-Área para Sicue;Escuela Universitaria Politécnica de la Almunia de Doña Godina;OUT;No Informado;España;Universidad De A Coruña (España);4;0;25/08/2024
2023;SICUE;00.0-Área para Sicue;Escuela Universitaria Politécnica de la Almunia de Doña Godina;OUT;No Informado;España;Universidad De La Laguna (España);14;0;25/08/2024
2023;SICUE;00.0-Área para Sicue;Escuela Universitaria Politécnica de la Almunia de Doña Godina;OUT;No Informado;España;Universidad De Salamanca (España);14;0;25/08/2024
2023;SICUE;00.0-Área para Sicue;Escuela Universitaria Politécnica de la Almunia de Doña Godina;OUT;No Informado;España;Universidad De Valladolid (España);5;0;25/08/2024
2023;SICUE;00.0-Área para Sicue;Escuela Universitaria Politécnica de la Almunia de Doña Godina;OUT;No Informado;España;Universidad De Extremadura (España);10;0;25/08/2024
2023;SICUE;00.0-Área para Sicue;Escuela Universitaria Politécnica de la Almunia de Doña Godina;OUT;No Informado;España;Universidad Rey Juan Carlos (España);2;0;25/08/2024
2023;SICUE;00.0-Área para Sicue;Escuela Universitaria Politécnica de la Almunia de Doña Godina;OUT;No Informado;España;Universidad Pública De Navarra (España);2;0;25/08/2024
2023;SICUE;00.0-Área para Sicue;Escuela Universitaria Politécnica de la Almunia de Doña Godina;OUT;No Informado;España;Universitat De Les Illes Balears (España);4;0;25/08/2024
2023;SICUE;00.0-Área para Sicue;Escuela Universitaria Politécnica de la Almunia de Doña Godina;OUT;No Informado;España;Universidad De Castilla-La Mancha (España);8;0;25/08/2024
2023;SICUE;00.0-Área para Sicue;Escuela Universitaria Politécnica de la Almunia de Doña Godina;OUT;No Informado;España;Universidad Jaume I De Castellón (España);6;0;25/08/2024
2023;SICUE;00.0-Área para Sicue;Escuela Universitaria Politécnica de la Almunia de Doña Godina;OUT;No Informado;España;Universidad Politécnica De Madrid (España);16;0;25/08/2024
2023;SICUE;00.0-Área para Sicue;Escuela Universitaria Politécnica de la Almunia de Doña Godina;OUT;No Informado;España;Universidad De Santiago De Compostela (España);4;0;25/08/2024
2023;SICUE;00.0-Área para Sicue;Escuela Universitaria Politécnica de la Almunia de Doña Godina;OUT;No Informado;España;Universidad Politécnica De Cartagena (España);6;0;25/08/2024
2023;SICUE;00.0-Área para Sicue;Escuela Universitaria Politécnica de la Almunia de Doña Godina;OUT;No Informado;España;Universidad Politécnica De Catalunya (España);2;0;25/08/2024
2023;SICUE;00.0-Área para Sicue;Escuela Universitaria Politécnica de la Almunia de Doña Godina;OUT;No Informado;España;Universitat Politècnica De València (España);6;0;25/08/2024
2023;SICUE;00.0-Área para Sicue;Escuela Universitaria Politécnica de la Almunia de Doña Godina;OUT;No Informado;España;Universidad Europea Miguel De Cervantes (España);2;0;25/08/2024
2023;SICUE;00.0-Área para Sicue;Escuela Universitaria Politécnica de la Almunia de Doña Godina;OUT;No Informado;España;Universidad De Las Palmas De Gran Canaria (España);14;0;25/08/2024
2023;SICUE;00.0-Área para Sicue;Escuela Universitaria Politécnica de Teruel;IN;No Informado;España;Universidad Politécnica De Catalunya (España);2;0;25/08/2024
2023;SICUE;00.0-Área para Sicue;Escuela Universitaria Politécnica de Teruel;OUT;No Informado;España;Universidad Politécnica De Catalunya (España);6;0;25/08/2024
2023;SICUE;00.0-Área para Sicue;Facultad de Ciencias;IN;No Informado;España;Universidad De Burgos (España);4;0;25/08/2024
2023;SICUE;00.0-Área para Sicue;Facultad de Ciencias;IN;No Informado;España;Universidad De Girona (España);6;0;25/08/2024
2023;SICUE;00.0-Área para Sicue;Facultad de Ciencias;IN;No Informado;España;Universidad De Huelva (España);8;0;25/08/2024
2023;SICUE;00.0-Área para Sicue;Facultad de Ciencias;IN;No Informado;España;Universidad De Murcia (España);24;0;25/08/2024
2023;SICUE;00.0-Área para Sicue;Facultad de Ciencias;IN;No Informado;España;Universidad De Cádiz (España);12;0;25/08/2024
2023;SICUE;00.0-Área para Sicue;Facultad de Ciencias;IN;No Informado;España;Universidad De Oviedo (España);20;0;25/08/2024
2023;SICUE;00.0-Área para Sicue;Facultad de Ciencias;IN;No Informado;España;Universidad De Alcalá (España);2;0;25/08/2024
2023;SICUE;00.0-Área para Sicue;Facultad de Ciencias;IN;No Informado;España;Universidad De Granada (España);20;0;25/08/2024
2023;SICUE;00.0-Área para Sicue;Facultad de Ciencias;IN;No Informado;España;Universidad De Málaga (España);8;0;25/08/2024
2023;SICUE;00.0-Área para Sicue;Facultad de Ciencias;IN;No Informado;España;Universidad De Sevilla (España);12;0;25/08/2024
2023;SICUE;00.0-Área para Sicue;Facultad de Ciencias;IN;No Informado;España;Universidad De Alicante (España);20;0;25/08/2024
2023;SICUE;00.0-Área para Sicue;Facultad de Ciencias;IN;No Informado;España;Universidad De Almería (España);4;0;25/08/2024
2023;SICUE;00.0-Área para Sicue;Facultad de Ciencias;IN;No Informado;España;Universidad De La Rioja (España);10;0;25/08/2024
2023;SICUE;00.0-Área para Sicue;Facultad de Ciencias;IN;No Informado;España;Universidad De Barcelona (España);16;0;25/08/2024
2023;SICUE;00.0-Área para Sicue;Facultad de Ciencias;IN;No Informado;España;Universidad De Cantabria (España);6;0;25/08/2024
2023;SICUE;00.0-Área para Sicue;Facultad de Ciencias;IN;No Informado;España;Universidad De La Laguna (España);8;0;25/08/2024
2023;SICUE;00.0-Área para Sicue;Facultad de Ciencias;IN;No Informado;España;Universidad De Salamanca (España);20;0;25/08/2024
2023;SICUE;00.0-Área para Sicue;Facultad de Ciencias;IN;No Informado;España;Universidad De Valladolid (España);8;0;25/08/2024
2023;SICUE;00.0-Área para Sicue;Facultad de Ciencias;IN;No Informado;España;Universidad De Extremadura (España);10;0;25/08/2024
2023;SICUE;00.0-Área para Sicue;Facultad de Ciencias;IN;No Informado;España;Universidad Rovira I Virgili (España);8;0;25/08/2024
2023;SICUE;00.0-Área para Sicue;Facultad de Ciencias;IN;No Informado;España;Universidad Autónoma De Madrid (España);6;0;25/08/2024
2023;SICUE;00.0-Área para Sicue;Facultad de Ciencias;IN;No Informado;España;Universitat De Les Illes Balears (España);8;0;25/08/2024
2023;SICUE;00.0-Área para Sicue;Facultad de Ciencias;IN;No Informado;España;Universidad Complutense De Madrid (España);26;0;25/08/2024
2023;SICUE;00.0-Área para Sicue;Facultad de Ciencias;IN;No Informado;España;Universidad De Castilla-La Mancha (España);6;0;25/08/2024
2023;SICUE;00.0-Área para Sicue;Facultad de Ciencias;IN;No Informado;España;Universidad Jaume I De Castellón (España);4;0;25/08/2024
2023;SICUE;00.0-Área para Sicue;Facultad de Ciencias;IN;No Informado;España;Universidad Autónoma De Barcelona (España);24;0;25/08/2024
2023;SICUE;00.0-Área para Sicue;Facultad de Ciencias;IN;No Informado;España;Universidad De Santiago De Compostela (España);14;0;25/08/2024
2023;SICUE;00.0-Área para Sicue;Facultad de Ciencias;IN;No Informado;España;Universidad Politécnica De Catalunya (España);8;0;25/08/2024
2023;SICUE;00.0-Área para Sicue;Facultad de Ciencias;IN;No Informado;España;Universidad Miguel Hernández De Elche (España);4;0;25/08/2024
2023;SICUE;00.0-Área para Sicue;Facultad de Ciencias;IN;No Informado;España;Universitat De València (Estudi General) (España);12;0;25/08/2024
2023;SICUE;00.0-Área para Sicue;Facultad de Ciencias;IN;No Informado;España;Universidad Del País Vasco/Euskal Herriko Unibertsitatea (España);20;0;25/08/2024
2023;SICUE;00.0-Área para Sicue;Facultad de Ciencias;IN;No Informado;España;Universidad De Vigo (España);4;0;25/08/2024
2023;SICUE;00.0-Área para Sicue;Facultad de Ciencias;IN;No Informado;España;Universidad De León (España);4;0;25/08/2024
2023;SICUE;00.0-Área para Sicue;Facultad de Ciencias;OUT;No Informado;España;Universidad Del País Vasco/Euskal Herriko Unibertsitatea (España);22;0;25/08/2024
2023;SICUE;00.0-Área para Sicue;Facultad de Ciencias;OUT;No Informado;España;Universitat De València (Estudi General) (España);12;1;25/08/2024
2023;SICUE;00.0-Área para Sicue;Facultad de Ciencias;OUT;No Informado;España;Universidad De León (España);4;0;25/08/2024
2023;SICUE;00.0-Área para Sicue;Facultad de Ciencias;OUT;No Informado;España;Universidad De Burgos (España);6;0;25/08/2024
2023;SICUE;00.0-Área para Sicue;Facultad de Ciencias;OUT;No Informado;España;Universidad De Cádiz (España);12;1;25/08/2024
2023;SICUE;00.0-Área para Sicue;Facultad de Ciencias;OUT;No Informado;España;Universidad De Girona (España);6;0;25/08/2024
2023;SICUE;00.0-Área para Sicue;Facultad de Ciencias;OUT;No Informado;España;Universidad De Huelva (España);8;0;25/08/2024
2023;SICUE;00.0-Área para Sicue;Facultad de Ciencias;OUT;No Informado;España;Universidad De Murcia (España);24;0;25/08/2024
2023;SICUE;00.0-Área para Sicue;Facultad de Ciencias;OUT;No Informado;España;Universidad De Oviedo (España);21;0;25/08/2024
2023;SICUE;00.0-Área para Sicue;Facultad de Ciencias;OUT;No Informado;España;Universidad De Alcalá (España);2;0;25/08/2024
2023;SICUE;00.0-Área para Sicue;Facultad de Ciencias;OUT;No Informado;España;Universidad De Granada (España);26;0;25/08/2024
2023;SICUE;00.0-Área para Sicue;Facultad de Ciencias;OUT;No Informado;España;Universidad De Málaga (España);8;0;25/08/2024
2023;SICUE;00.0-Área para Sicue;Facultad de Ciencias;OUT;No Informado;España;Universidad De Sevilla (España);14;0;25/08/2024
2023;SICUE;00.0-Área para Sicue;Facultad de Ciencias;OUT;No Informado;España;Universidad De Alicante (España);20;0;25/08/2024
2023;SICUE;00.0-Área para Sicue;Facultad de Ciencias;OUT;No Informado;España;Universidad De Almería (España);4;0;25/08/2024
2023;SICUE;00.0-Área para Sicue;Facultad de Ciencias;OUT;No Informado;España;Universidad De La Rioja (España);10;0;25/08/2024
2023;SICUE;00.0-Área para Sicue;Facultad de Ciencias;OUT;No Informado;España;Universidad De Barcelona (España);16;1;25/08/2024
2023;SICUE;00.0-Área para Sicue;Facultad de Ciencias;OUT;No Informado;España;Universidad De Cantabria (España);6;0;25/08/2024
2023;SICUE;00.0-Área para Sicue;Facultad de Ciencias;OUT;No Informado;España;Universidad De La Laguna (España);8;0;25/08/2024
2023;SICUE;00.0-Área para Sicue;Facultad de Ciencias;OUT;No Informado;España;Universidad De Salamanca (España);21;1;25/08/2024
2023;SICUE;00.0-Área para Sicue;Facultad de Ciencias;OUT;No Informado;España;Universidad De Valladolid (España);8;0;25/08/2024
2023;SICUE;00.0-Área para Sicue;Facultad de Ciencias;OUT;No Informado;España;Universidad De Extremadura (España);10;0;25/08/2024
2023;SICUE;00.0-Área para Sicue;Facultad de Ciencias;OUT;No Informado;España;Universidad Rovira I Virgili (España);8;0;25/08/2024
2023;SICUE;00.0-Área para Sicue;Facultad de Ciencias;OUT;No Informado;España;Universidad Autónoma De Madrid (España);6;0;25/08/2024
2023;SICUE;00.0-Área para Sicue;Facultad de Ciencias;OUT;No Informado;España;Universitat De Les Illes Balears (España);8;0;25/08/2024
2023;SICUE;00.0-Área para Sicue;Facultad de Ciencias;OUT;No Informado;España;Universidad Complutense De Madrid (España);26;1;25/08/2024
2023;SICUE;00.0-Área para Sicue;Facultad de Ciencias;OUT;No Informado;España;Universidad De Castilla-La Mancha (España);8;0;25/08/2024
2023;SICUE;00.0-Área para Sicue;Facultad de Ciencias;OUT;No Informado;España;Universidad Jaume I De Castellón (España);4;0;25/08/2024
2023;SICUE;00.0-Área para Sicue;Facultad de Ciencias;OUT;No Informado;España;Universidad Autónoma De Barcelona (España);26;0;25/08/2024
2023;SICUE;00.0-Área para Sicue;Facultad de Ciencias;OUT;No Informado;España;Universidad Politécnica De Madrid (España);5;0;25/08/2024
2023;SICUE;00.0-Área para Sicue;Facultad de Ciencias;OUT;No Informado;España;Universidad Pontificia De Salamanca (España);2;0;25/08/2024
2023;SICUE;00.0-Área para Sicue;Facultad de Ciencias;OUT;No Informado;España;Universidad De Santiago De Compostela (España);14;0;25/08/2024
2023;SICUE;00.0-Área para Sicue;Facultad de Ciencias;OUT;No Informado;España;Universidad Politécnica De Catalunya (España);10;0;25/08/2024
2023;SICUE;00.0-Área para Sicue;Facultad de Ciencias;OUT;No Informado;España;Universitat Politècnica De València (España);2;0;25/08/2024
2023;SICUE;00.0-Área para Sicue;Facultad de Ciencias;OUT;No Informado;España;Universidad Miguel Hernández De Elche (España);4;0;25/08/2024
2023;SICUE;00.0-Área para Sicue;Facultad de Ciencias;OUT;No Informado;España;Universidad De Vigo (España);5;0;25/08/2024
2023;SICUE;00.0-Área para Sicue;Facultad de Ciencias de la Salud;IN;No Informado;España;Universidad De Vic-Universidad Central De Catalunya (España);8;0;25/08/2024
2023;SICUE;00.0-Área para Sicue;Facultad de Ciencias de la Salud;IN;No Informado;España;Universitat De València (Estudi General) (España);4;0;25/08/2024
2023;SICUE;00.0-Área para Sicue;Facultad de Ciencias de la Salud;IN;No Informado;España;Universidad Del País Vasco/Euskal Herriko Unibertsitatea (España);8;0;25/08/2024
2023;SICUE;00.0-Área para Sicue;Facultad de Ciencias de la Salud;IN;No Informado;España;Universidad De Vigo (España);4;0;25/08/2024
2023;SICUE;00.0-Área para Sicue;Facultad de Ciencias de la Salud;IN;No Informado;España;Universidad De León (España);8;0;25/08/2024
2023;SICUE;00.0-Área para Sicue;Facultad de Ciencias de la Salud;IN;No Informado;España;Universidad De Girona (España);4;0;25/08/2024
2023;SICUE;00.0-Área para Sicue;Facultad de Ciencias de la Salud;IN;No Informado;España;Universidad De Huelva (España);4;0;25/08/2024
2023;SICUE;00.0-Área para Sicue;Facultad de Ciencias de la Salud;IN;No Informado;España;Universidad De Lleida (España);4;0;25/08/2024
2023;SICUE;00.0-Área para Sicue;Facultad de Ciencias de la Salud;IN;No Informado;España;Universidad De Granada (España);12;0;25/08/2024
2023;SICUE;00.0-Área para Sicue;Facultad de Ciencias de la Salud;IN;No Informado;España;Universidad De Málaga (España);14;0;25/08/2024
2023;SICUE;00.0-Área para Sicue;Facultad de Ciencias de la Salud;IN;No Informado;España;Universidad De Sevilla (España);1;0;25/08/2024
2023;SICUE;00.0-Área para Sicue;Facultad de Ciencias de la Salud;IN;No Informado;España;Universidad De Almería (España);2;0;25/08/2024
2023;SICUE;00.0-Área para Sicue;Facultad de Ciencias de la Salud;IN;No Informado;España;Universidad De Córdoba (España);8;0;25/08/2024
2023;SICUE;00.0-Área para Sicue;Facultad de Ciencias de la Salud;IN;No Informado;España;Universidad De La Rioja (España);4;0;25/08/2024
2023;SICUE;00.0-Área para Sicue;Facultad de Ciencias de la Salud;IN;No Informado;España;Universidad De A Coruña (España);4;0;25/08/2024
2023;SICUE;00.0-Área para Sicue;Facultad de Ciencias de la Salud;IN;No Informado;España;Universidad De Cantabria (España);2;0;25/08/2024
2023;SICUE;00.0-Área para Sicue;Facultad de Ciencias de la Salud;IN;No Informado;España;Universidad De Salamanca (España);12;0;25/08/2024
2023;SICUE;00.0-Área para Sicue;Facultad de Ciencias de la Salud;IN;No Informado;España;Universidad De Valladolid (España);8;0;25/08/2024
2023;SICUE;00.0-Área para Sicue;Facultad de Ciencias de la Salud;IN;No Informado;España;Universidad De Extremadura (España);24;0;25/08/2024
2023;SICUE;00.0-Área para Sicue;Facultad de Ciencias de la Salud;IN;No Informado;España;Universidad Rey Juan Carlos (España);8;0;25/08/2024
2023;SICUE;00.0-Área para Sicue;Facultad de Ciencias de la Salud;IN;No Informado;España;Universidad Rovira I Virgili (España);4;0;25/08/2024
2023;SICUE;00.0-Área para Sicue;Facultad de Ciencias de la Salud;IN;No Informado;España;Universidad Pública De Navarra (España);4;0;25/08/2024
2023;SICUE;00.0-Área para Sicue;Facultad de Ciencias de la Salud;IN;No Informado;España;Universidad De Castilla-La Mancha (España);12;0;25/08/2024
2023;SICUE;00.0-Área para Sicue;Facultad de Ciencias de la Salud;IN;No Informado;España;Universidad Jaume I De Castellón (España);4;0;25/08/2024
2023;SICUE;00.0-Área para Sicue;Facultad de Ciencias de la Salud;IN;No Informado;España;Universidad Autónoma De Barcelona (España);8;0;25/08/2024
2023;SICUE;00.0-Área para Sicue;Facultad de Ciencias de la Salud;IN;No Informado;España;Universidad De Santiago De Compostela (España);2;0;25/08/2024
2023;SICUE;00.0-Área para Sicue;Facultad de Ciencias de la Salud;IN;No Informado;España;Universidad Católica De Valencia San Vicente Mártir (España);4;0;25/08/2024
2023;SICUE;00.0-Área para Sicue;Facultad de Ciencias de la Salud;OUT;No Informado;España;Universidad De Vigo (España);4;0;25/08/2024
2023;SICUE;00.0-Área para Sicue;Facultad de Ciencias de la Salud;OUT;No Informado;España;Universidad De León (España);8;0;25/08/2024
2023;SICUE;00.0-Área para Sicue;Facultad de Ciencias de la Salud;OUT;No Informado;España;Universidad De Girona (España);4;0;25/08/2024
2023;SICUE;00.0-Área para Sicue;Facultad de Ciencias de la Salud;OUT;No Informado;España;Universidad De Huelva (España);4;0;25/08/2024
2023;SICUE;00.0-Área para Sicue;Facultad de Ciencias de la Salud;OUT;No Informado;España;Universidad De Lleida (España);4;0;25/08/2024
2023;SICUE;00.0-Área para Sicue;Facultad de Ciencias de la Salud;OUT;No Informado;España;Universidad De Granada (España);12;3;25/08/2024
2023;SICUE;00.0-Área para Sicue;Facultad de Ciencias de la Salud;OUT;No Informado;España;Universidad De Málaga (España);14;0;25/08/2024
2023;SICUE;00.0-Área para Sicue;Facultad de Ciencias de la Salud;OUT;No Informado;España;Universidad De Sevilla (España);1;0;25/08/2024
2023;SICUE;00.0-Área para Sicue;Facultad de Ciencias de la Salud;OUT;No Informado;España;Universidad De Almería (España);2;0;25/08/2024
2023;SICUE;00.0-Área para Sicue;Facultad de Ciencias de la Salud;OUT;No Informado;España;Universidad De Córdoba (España);8;1;25/08/2024
2023;SICUE;00.0-Área para Sicue;Facultad de Ciencias de la Salud;OUT;No Informado;España;Universidad De La Rioja (España);4;0;25/08/2024
2023;SICUE;00.0-Área para Sicue;Facultad de Ciencias de la Salud;OUT;No Informado;España;Universidad De A Coruña (España);4;0;25/08/2024
2023;SICUE;00.0-Área para Sicue;Facultad de Ciencias de la Salud;OUT;No Informado;España;Universidad De Cantabria (España);2;0;25/08/2024
2023;SICUE;00.0-Área para Sicue;Facultad de Ciencias de la Salud;OUT;No Informado;España;Universidad De Salamanca (España);12;0;25/08/2024
2023;SICUE;00.0-Área para Sicue;Facultad de Ciencias de la Salud;OUT;No Informado;España;Universidad De Valladolid (España);8;0;25/08/2024
2023;SICUE;00.0-Área para Sicue;Facultad de Ciencias de la Salud;OUT;No Informado;España;Universidad De Extremadura (España);24;0;25/08/2024
2023;SICUE;00.0-Área para Sicue;Facultad de Ciencias de la Salud;OUT;No Informado;España;Universidad Rey Juan Carlos (España);8;0;25/08/2024
2023;SICUE;00.0-Área para Sicue;Facultad de Ciencias de la Salud;OUT;No Informado;España;Universidad Rovira I Virgili (España);4;0;25/08/2024
2023;SICUE;00.0-Área para Sicue;Facultad de Ciencias de la Salud;OUT;No Informado;España;Universidad Pública De Navarra (España);4;0;25/08/2024
2023;SICUE;00.0-Área para Sicue;Facultad de Ciencias de la Salud;OUT;No Informado;España;Universidad De Castilla-La Mancha (España);12;0;25/08/2024
2023;SICUE;00.0-Área para Sicue;Facultad de Ciencias de la Salud;OUT;No Informado;España;Universidad Jaume I De Castellón (España);4;0;25/08/2024
2023;SICUE;00.0-Área para Sicue;Facultad de Ciencias de la Salud;OUT;No Informado;España;Universidad Autónoma De Barcelona (España);8;0;25/08/2024
2023;SICUE;00.0-Área para Sicue;Facultad de Ciencias de la Salud;OUT;No Informado;España;Universidad De Santiago De Compostela (España);2;0;25/08/2024
2023;SICUE;00.0-Área para Sicue;Facultad de Ciencias de la Salud;OUT;No Informado;España;Universitat De València (Estudi General) (España);4;0;25/08/2024
2023;SICUE;00.0-Área para Sicue;Facultad de Ciencias de la Salud;OUT;No Informado;España;Universidad De Vic-Universidad Central De Catalunya (España);8;0;25/08/2024
2023;SICUE;00.0-Área para Sicue;Facultad de Ciencias de la Salud;OUT;No Informado;España;Universidad Católica De Valencia San Vicente Mártir (España);4;0;25/08/2024
2023;SICUE;00.0-Área para Sicue;Facultad de Ciencias de la Salud;OUT;No Informado;España;Universidad Del País Vasco/Euskal Herriko Unibertsitatea (España);8;0;25/08/2024
2023;SICUE;00.0-Área para Sicue;Facultad de Ciencias de la Salud y del Deporte;IN;No Informado;España;Universidad De Santiago De Compostela (España);4;0;25/08/2024
2023;SICUE;00.0-Área para Sicue;Facultad de Ciencias de la Salud y del Deporte;IN;No Informado;España;Universidad Pablo De Olavide De Sevilla (España);4;0;25/08/2024
2023;SICUE;00.0-Área para Sicue;Facultad de Ciencias de la Salud y del Deporte;IN;No Informado;España;Universidad Complutense De Madrid (España);2;0;25/08/2024
2023;SICUE;00.0-Área para Sicue;Facultad de Ciencias de la Salud y del Deporte;IN;No Informado;España;Universidad Católica San Antonio (España);2;0;25/08/2024
2023;SICUE;00.0-Área para Sicue;Facultad de Ciencias de la Salud y del Deporte;IN;No Informado;España;Universidad Cardenal Herrera-Ceu (España);4;0;25/08/2024
2023;SICUE;00.0-Área para Sicue;Facultad de Ciencias de la Salud y del Deporte;IN;No Informado;España;Universidad Autónoma De Madrid (España);8;0;25/08/2024
2023;SICUE;00.0-Área para Sicue;Facultad de Ciencias de la Salud y del Deporte;IN;No Informado;España;Universidad De Valladolid (España);2;0;25/08/2024
2023;SICUE;00.0-Área para Sicue;Facultad de Ciencias de la Salud y del Deporte;IN;No Informado;España;Universidad De La Laguna (España);2;0;25/08/2024
2023;SICUE;00.0-Área para Sicue;Facultad de Ciencias de la Salud y del Deporte;IN;No Informado;España;Universidad De Alicante (España);4;0;25/08/2024
2023;SICUE;00.0-Área para Sicue;Facultad de Ciencias de la Salud y del Deporte;IN;No Informado;España;Universidad De Sevilla (España);2;0;25/08/2024
2023;SICUE;00.0-Área para Sicue;Facultad de Ciencias de la Salud y del Deporte;IN;No Informado;España;Universidad De Granada (España);9;0;25/08/2024
2023;SICUE;00.0-Área para Sicue;Facultad de Ciencias de la Salud y del Deporte;IN;No Informado;España;Universidad De Cádiz (España);4;0;25/08/2024
2023;SICUE;00.0-Área para Sicue;Facultad de Ciencias de la Salud y del Deporte;IN;No Informado;España;Universidad De León (España);4;0;25/08/2024
2023;SICUE;00.0-Área para Sicue;Facultad de Ciencias de la Salud y del Deporte;IN;No Informado;España;Universidad Del País Vasco/Euskal Herriko Unibertsitatea (España);8;0;25/08/2024
2023;SICUE;00.0-Área para Sicue;Facultad de Ciencias de la Salud y del Deporte;IN;No Informado;España;Universitat De València (Estudi General) (España);2;0;25/08/2024
2023;SICUE;00.0-Área para Sicue;Facultad de Ciencias de la Salud y del Deporte;IN;No Informado;España;Universidad De Las Palmas De Gran Canaria (España);4;0;25/08/2024
2023;SICUE;00.0-Área para Sicue;Facultad de Ciencias de la Salud y del Deporte;IN;No Informado;España;Universidad De Castilla-La Mancha (España);2;0;25/08/2024
2023;SICUE;00.0-Área para Sicue;Facultad de Ciencias de la Salud y del Deporte;OUT;No Informado;España;Universidad De León (España);4;0;25/08/2024
2023;SICUE;00.0-Área para Sicue;Facultad de Ciencias de la Salud y del Deporte;OUT;No Informado;España;Universidad De Cádiz (España);6;2;25/08/2024
2023;SICUE;00.0-Área para Sicue;Facultad de Ciencias de la Salud y del Deporte;OUT;No Informado;España;Universidad De Lleida (España);2;0;25/08/2024
2023;SICUE;00.0-Área para Sicue;Facultad de Ciencias de la Salud y del Deporte;OUT;No Informado;España;Universidad De Murcia (España);4;0;25/08/2024
2023;SICUE;00.0-Área para Sicue;Facultad de Ciencias de la Salud y del Deporte;OUT;No Informado;España;Universidad De Alcalá (España);1;0;25/08/2024
2023;SICUE;00.0-Área para Sicue;Facultad de Ciencias de la Salud y del Deporte;OUT;No Informado;España;Universidad De Granada (España);11;1;25/08/2024
2023;SICUE;00.0-Área para Sicue;Facultad de Ciencias de la Salud y del Deporte;OUT;No Informado;España;Universidad De Málaga (España);2;1;25/08/2024
2023;SICUE;00.0-Área para Sicue;Facultad de Ciencias de la Salud y del Deporte;OUT;No Informado;España;Universidad De Navarra (España);2;0;25/08/2024
2023;SICUE;00.0-Área para Sicue;Facultad de Ciencias de la Salud y del Deporte;OUT;No Informado;España;Universidad De Sevilla (España);4;1;25/08/2024
2023;SICUE;00.0-Área para Sicue;Facultad de Ciencias de la Salud y del Deporte;OUT;No Informado;España;Universidad De Alicante (España);4;2;25/08/2024
2023;SICUE;00.0-Área para Sicue;Facultad de Ciencias de la Salud y del Deporte;OUT;No Informado;España;Universidad De Cantabria (España);1;1;25/08/2024
2023;SICUE;00.0-Área para Sicue;Facultad de Ciencias de la Salud y del Deporte;OUT;No Informado;España;Universidad De La Laguna (España);6;4;25/08/2024
2023;SICUE;00.0-Área para Sicue;Facultad de Ciencias de la Salud y del Deporte;OUT;No Informado;España;Universidad De Salamanca (España);2;0;25/08/2024
2023;SICUE;00.0-Área para Sicue;Facultad de Ciencias de la Salud y del Deporte;OUT;No Informado;España;Universidad Del País Vasco/Euskal Herriko Unibertsitatea (España);10;1;25/08/2024
2023;SICUE;00.0-Área para Sicue;Facultad de Ciencias de la Salud y del Deporte;OUT;No Informado;España;Universidad Católica De Valencia San Vicente Mártir (España);2;0;25/08/2024
2023;SICUE;00.0-Área para Sicue;Facultad de Ciencias de la Salud y del Deporte;OUT;No Informado;España;Universitat De València (Estudi General) (España);3;0;25/08/2024
2023;SICUE;00.0-Área para Sicue;Facultad de Ciencias de la Salud y del Deporte;OUT;No Informado;España;Universidad De Las Palmas De Gran Canaria (España);4;2;25/08/2024
2023;SICUE;00.0-Área para Sicue;Facultad de Ciencias de la Salud y del Deporte;OUT;No Informado;España;Universidad Pablo De Olavide De Sevilla (España);4;2;25/08/2024
2023;SICUE;00.0-Área para Sicue;Facultad de Ciencias de la Salud y del Deporte;OUT;No Informado;España;Universidad Miguel Hernández De Elche (España);2;1;25/08/2024
2023;SICUE;00.0-Área para Sicue;Facultad de Ciencias de la Salud y del Deporte;OUT;No Informado;España;Universidad De Santiago De Compostela (España);6;1;25/08/2024
2023;SICUE;00.0-Área para Sicue;Facultad de Ciencias de la Salud y del Deporte;OUT;No Informado;España;Universidad Jaume I De Castellón (España);4;1;25/08/2024
2023;SICUE;00.0-Área para Sicue;Facultad de Ciencias de la Salud y del Deporte;OUT;No Informado;España;Universidad De Castilla-La Mancha (España);3;0;25/08/2024
2023;SICUE;00.0-Área para Sicue;Facultad de Ciencias de la Salud y del Deporte;OUT;No Informado;España;Universidad Complutense De Madrid (España);6;2;25/08/2024
2023;SICUE;00.0-Área para Sicue;Facultad de Ciencias de la Salud y del Deporte;OUT;No Informado;España;Universidad Católica San Antonio (España);2;0;25/08/2024
2023;SICUE;00.0-Área para Sicue;Facultad de Ciencias de la Salud y del Deporte;OUT;No Informado;España;Universitat De Les Illes Balears (España);2;0;25/08/2024
2023;SICUE;00.0-Área para Sicue;Facultad de Ciencias de la Salud y del Deporte;OUT;No Informado;España;Universidad Cardenal Herrera-Ceu (España);4;0;25/08/2024
2023;SICUE;00.0-Área para Sicue;Facultad de Ciencias de la Salud y del Deporte;OUT;No Informado;España;Universidad Pública De Navarra (España);2;0;25/08/2024
2023;SICUE;00.0-Área para Sicue;Facultad de Ciencias de la Salud y del Deporte;OUT;No Informado;España;Universidad Autónoma De Madrid (España);10;2;25/08/2024
2023;SICUE;00.0-Área para Sicue;Facultad de Ciencias de la Salud y del Deporte;OUT;No Informado;España;Universidad De Valladolid (España);4;0;25/08/2024
2023;SICUE;00.0-Área para Sicue;Facultad de Ciencias de la Salud y del Deporte;OUT;No Informado;España;Universidad De Extremadura (España);2;0;25/08/2024
2023;SICUE;00.0-Área para Sicue;Facultad de Ciencias de la Salud y del Deporte;OUT;No Informado;España;Universidad Rovira I Virgili (España);4;0;25/08/2024
2023;SICUE;00.0-Área para Sicue;Facultad de Ciencias Humanas y de la Educación;IN;No Informado;España;Universidad De León (España);8;0;25/08/2024
2023;SICUE;00.0-Área para Sicue;Facultad de Ciencias Humanas y de la Educación;IN;No Informado;España;Universidad Del País Vasco/Euskal Herriko Unibertsitatea (España);8;0;25/08/2024
2023;SICUE;00.0-Área para Sicue;Facultad de Ciencias Humanas y de la Educación;IN;No Informado;España;Universidad De Lleida (España);8;0;25/08/2024
2023;SICUE;00.0-Área para Sicue;Facultad de Ciencias Humanas y de la Educación;IN;No Informado;España;Universidad De Murcia (España);8;0;25/08/2024
2023;SICUE;00.0-Área para Sicue;Facultad de Ciencias Humanas y de la Educación;IN;No Informado;España;Universidad De Oviedo (España);8;0;25/08/2024
2023;SICUE;00.0-Área para Sicue;Facultad de Ciencias Humanas y de la Educación;IN;No Informado;España;Universidad De Alcalá (España);8;0;25/08/2024
2023;SICUE;00.0-Área para Sicue;Facultad de Ciencias Humanas y de la Educación;IN;No Informado;España;Universidad De Sevilla (España);8;0;25/08/2024
2023;SICUE;00.0-Área para Sicue;Facultad de Ciencias Humanas y de la Educación;IN;No Informado;España;Universidad De Córdoba (España);8;0;25/08/2024
2023;SICUE;00.0-Área para Sicue;Facultad de Ciencias Humanas y de la Educación;IN;No Informado;España;Universidad De La Rioja (España);8;0;25/08/2024
2023;SICUE;00.0-Área para Sicue;Facultad de Ciencias Humanas y de la Educación;IN;No Informado;España;Universidad De Barcelona (España);12;0;25/08/2024
2023;SICUE;00.0-Área para Sicue;Facultad de Ciencias Humanas y de la Educación;IN;No Informado;España;Universidad De Salamanca (España);16;0;25/08/2024
2023;SICUE;00.0-Área para Sicue;Facultad de Ciencias Humanas y de la Educación;IN;No Informado;España;Universidad De Valladolid (España);8;0;25/08/2024
2023;SICUE;00.0-Área para Sicue;Facultad de Ciencias Humanas y de la Educación;IN;No Informado;España;Universidad De Extremadura (España);8;0;25/08/2024
2023;SICUE;00.0-Área para Sicue;Facultad de Ciencias Humanas y de la Educación;IN;No Informado;España;Universidad Autónoma De Madrid (España);8;0;25/08/2024
2023;SICUE;00.0-Área para Sicue;Facultad de Ciencias Humanas y de la Educación;IN;No Informado;España;Universidad Pública De Navarra (España);4;0;25/08/2024
2023;SICUE;00.0-Área para Sicue;Facultad de Ciencias Humanas y de la Educación;IN;No Informado;España;Universidad Complutense De Madrid (España);8;0;25/08/2024
2023;SICUE;00.0-Área para Sicue;Facultad de Ciencias Humanas y de la Educación;IN;No Informado;España;Universidad De Castilla-La Mancha (España);8;0;25/08/2024
2023;SICUE;00.0-Área para Sicue;Facultad de Ciencias Humanas y de la Educación;IN;No Informado;España;Universidad Autónoma De Barcelona (España);4;0;25/08/2024
2023;SICUE;00.0-Área para Sicue;Facultad de Ciencias Humanas y de la Educación;IN;No Informado;España;Universidad De Santiago De Compostela (España);4;0;25/08/2024
2023;SICUE;00.0-Área para Sicue;Facultad de Ciencias Humanas y de la Educación;IN;No Informado;España;Universidad De Las Palmas De Gran Canaria (España);4;0;25/08/2024
2023;SICUE;00.0-Área para Sicue;Facultad de Ciencias Humanas y de la Educación;IN;No Informado;España;Universitat De València (Estudi General) (España);4;0;25/08/2024
2023;SICUE;00.0-Área para Sicue;Facultad de Ciencias Humanas y de la Educación;IN;No Informado;España;Universidad De Cádiz (España);8;0;25/08/2024
2023;SICUE;00.0-Área para Sicue;Facultad de Ciencias Humanas y de la Educación;OUT;No Informado;España;Universidad De León (España);8;0;25/08/2024
2023;SICUE;00.0-Área para Sicue;Facultad de Ciencias Humanas y de la Educación;OUT;No Informado;España;Universidad De Cádiz (España);8;0;25/08/2024
2023;SICUE;00.0-Área para Sicue;Facultad de Ciencias Humanas y de la Educación;OUT;No Informado;España;Universidad De Lleida (España);8;0;25/08/2024
2023;SICUE;00.0-Área para Sicue;Facultad de Ciencias Humanas y de la Educación;OUT;No Informado;España;Universidad De Murcia (España);8;0;25/08/2024
2023;SICUE;00.0-Área para Sicue;Facultad de Ciencias Humanas y de la Educación;OUT;No Informado;España;Universidad De Oviedo (España);8;0;25/08/2024
2023;SICUE;00.0-Área para Sicue;Facultad de Ciencias Humanas y de la Educación;OUT;No Informado;España;Universidad De Alcalá (España);8;0;25/08/2024
2023;SICUE;00.0-Área para Sicue;Facultad de Ciencias Humanas y de la Educación;OUT;No Informado;España;Universidad De Sevilla (España);8;3;25/08/2024
2023;SICUE;00.0-Área para Sicue;Facultad de Ciencias Humanas y de la Educación;OUT;No Informado;España;Universidad De Córdoba (España);8;2;25/08/2024
2023;SICUE;00.0-Área para Sicue;Facultad de Ciencias Humanas y de la Educación;OUT;No Informado;España;Universidad De La Rioja (España);8;0;25/08/2024
2023;SICUE;00.0-Área para Sicue;Facultad de Ciencias Humanas y de la Educación;OUT;No Informado;España;Universidad De Barcelona (España);12;0;25/08/2024
2023;SICUE;00.0-Área para Sicue;Facultad de Ciencias Humanas y de la Educación;OUT;No Informado;España;Universidad De Salamanca (España);16;1;25/08/2024
2023;SICUE;00.0-Área para Sicue;Facultad de Ciencias Humanas y de la Educación;OUT;No Informado;España;Universidad De Valladolid (España);8;0;25/08/2024
2023;SICUE;00.0-Área para Sicue;Facultad de Ciencias Humanas y de la Educación;OUT;No Informado;España;Universidad De Extremadura (España);8;0;25/08/2024
2023;SICUE;00.0-Área para Sicue;Facultad de Ciencias Humanas y de la Educación;OUT;No Informado;España;Universidad Autónoma De Madrid (España);8;0;25/08/2024
2023;SICUE;00.0-Área para Sicue;Facultad de Ciencias Humanas y de la Educación;OUT;No Informado;España;Universidad Pública De Navarra (España);4;0;25/08/2024
2023;SICUE;00.0-Área para Sicue;Facultad de Ciencias Humanas y de la Educación;OUT;No Informado;España;Universidad Complutense De Madrid (España);8;0;25/08/2024
2023;SICUE;00.0-Área para Sicue;Facultad de Ciencias Humanas y de la Educación;OUT;No Informado;España;Universidad De Castilla-La Mancha (España);8;0;25/08/2024
2023;SICUE;00.0-Área para Sicue;Facultad de Ciencias Humanas y de la Educación;OUT;No Informado;España;Universidad Autónoma De Barcelona (España);4;0;25/08/2024
2023;SICUE;00.0-Área para Sicue;Facultad de Ciencias Humanas y de la Educación;OUT;No Informado;España;Universidad De Santiago De Compostela (España);4;0;25/08/2024
2023;SICUE;00.0-Área para Sicue;Facultad de Ciencias Humanas y de la Educación;OUT;No Informado;España;Universidad De Las Palmas De Gran Canaria (España);4;1;25/08/2024
2023;SICUE;00.0-Área para Sicue;Facultad de Ciencias Humanas y de la Educación;OUT;No Informado;España;Universitat De València (Estudi General) (España);4;1;25/08/2024
2023;SICUE;00.0-Área para Sicue;Facultad de Ciencias Humanas y de la Educación;OUT;No Informado;España;Universidad Del País Vasco/Euskal Herriko Unibertsitatea (España);8;1;25/08/2024
2023;SICUE;00.0-Área para Sicue;Facultad de Ciencias Sociales y del Trabajo;IN;No Informado;España;Universidad De León (España);4;0;25/08/2024
2023;SICUE;00.0-Área para Sicue;Facultad de Ciencias Sociales y del Trabajo;IN;No Informado;España;Universidad De Burgos (España);4;0;25/08/2024
2023;SICUE;00.0-Área para Sicue;Facultad de Ciencias Sociales y del Trabajo;IN;No Informado;España;Universidad Del País Vasco/Euskal Herriko Unibertsitatea (España);16;0;25/08/2024
2023;SICUE;00.0-Área para Sicue;Facultad de Ciencias Sociales y del Trabajo;IN;No Informado;España;Universidad De Las Palmas De Gran Canaria (España);8;0;25/08/2024
2023;SICUE;00.0-Área para Sicue;Facultad de Ciencias Sociales y del Trabajo;IN;No Informado;España;Universidad Pablo De Olavide De Sevilla (España);7;0;25/08/2024
2023;SICUE;00.0-Área para Sicue;Facultad de Ciencias Sociales y del Trabajo;IN;No Informado;España;Universidad De Santiago De Compostela (España);2;0;25/08/2024
2023;SICUE;00.0-Área para Sicue;Facultad de Ciencias Sociales y del Trabajo;IN;No Informado;España;Universidad Autónoma De Barcelona (España);8;0;25/08/2024
2023;SICUE;00.0-Área para Sicue;Facultad de Ciencias Sociales y del Trabajo;IN;No Informado;España;Universidad Jaume I De Castellón (España);2;0;25/08/2024
2023;SICUE;00.0-Área para Sicue;Facultad de Ciencias Sociales y del Trabajo;IN;No Informado;España;Universidad De Castilla-La Mancha (España);8;0;25/08/2024
2023;SICUE;00.0-Área para Sicue;Facultad de Ciencias Sociales y del Trabajo;IN;No Informado;España;Universidad Complutense De Madrid (España);8;0;25/08/2024
2023;SICUE;00.0-Área para Sicue;Facultad de Ciencias Sociales y del Trabajo;IN;No Informado;España;Universitat De Les Illes Balears (España);20;0;25/08/2024
2023;SICUE;00.0-Área para Sicue;Facultad de Ciencias Sociales y del Trabajo;IN;No Informado;España;Universidad Pública De Navarra (España);12;0;25/08/2024
2023;SICUE;00.0-Área para Sicue;Facultad de Ciencias Sociales y del Trabajo;IN;No Informado;España;Universidad Rovira I Virgili (España);12;0;25/08/2024
2023;SICUE;00.0-Área para Sicue;Facultad de Ciencias Sociales y del Trabajo;IN;No Informado;España;Universidad Rey Juan Carlos (España);2;0;25/08/2024
2023;SICUE;00.0-Área para Sicue;Facultad de Ciencias Sociales y del Trabajo;IN;No Informado;España;Universidad De Valladolid (España);6;0;25/08/2024
2023;SICUE;00.0-Área para Sicue;Facultad de Ciencias Sociales y del Trabajo;IN;No Informado;España;Universidad Pompeu Fabra (España);4;0;25/08/2024
2023;SICUE;00.0-Área para Sicue;Facultad de Ciencias Sociales y del Trabajo;IN;No Informado;España;Universidad De Salamanca (España);8;0;25/08/2024
2023;SICUE;00.0-Área para Sicue;Facultad de Ciencias Sociales y del Trabajo;IN;No Informado;España;Universidad De La Laguna (España);8;0;25/08/2024
2023;SICUE;00.0-Área para Sicue;Facultad de Ciencias Sociales y del Trabajo;IN;No Informado;España;Universidad De Barcelona (España);8;0;25/08/2024
2023;SICUE;00.0-Área para Sicue;Facultad de Ciencias Sociales y del Trabajo;IN;No Informado;España;Universidad De Alicante (España);4;0;25/08/2024
2023;SICUE;00.0-Área para Sicue;Facultad de Ciencias Sociales y del Trabajo;IN;No Informado;España;Universidad De Málaga (España);10;0;25/08/2024
2023;SICUE;00.0-Área para Sicue;Facultad de Ciencias Sociales y del Trabajo;IN;No Informado;España;Universidad De Granada (España);14;0;25/08/2024
2023;SICUE;00.0-Área para Sicue;Facultad de Ciencias Sociales y del Trabajo;IN;No Informado;España;Universidad De Murcia (España);4;0;25/08/2024
2023;SICUE;00.0-Área para Sicue;Facultad de Ciencias Sociales y del Trabajo;IN;No Informado;España;Universidad De Lleida (España);12;0;25/08/2024
2023;SICUE;00.0-Área para Sicue;Facultad de Ciencias Sociales y del Trabajo;OUT;No Informado;España;Universidad De León (España);4;0;25/08/2024
2023;SICUE;00.0-Área para Sicue;Facultad de Ciencias Sociales y del Trabajo;OUT;No Informado;España;Universidad Del País Vasco/Euskal Herriko Unibertsitatea (España);16;0;25/08/2024
2023;SICUE;00.0-Área para Sicue;Facultad de Ciencias Sociales y del Trabajo;OUT;No Informado;España;Universidad Pablo De Olavide De Sevilla (España);7;0;25/08/2024
2023;SICUE;00.0-Área para Sicue;Facultad de Ciencias Sociales y del Trabajo;OUT;No Informado;España;Universidad De Santiago De Compostela (España);2;0;25/08/2024
2023;SICUE;00.0-Área para Sicue;Facultad de Ciencias Sociales y del Trabajo;OUT;No Informado;España;Universidad Autónoma De Barcelona (España);8;0;25/08/2024
2023;SICUE;00.0-Área para Sicue;Facultad de Ciencias Sociales y del Trabajo;OUT;No Informado;España;Universidad Jaume I De Castellón (España);2;0;25/08/2024
2023;SICUE;00.0-Área para Sicue;Facultad de Ciencias Sociales y del Trabajo;OUT;No Informado;España;Universidad De Castilla-La Mancha (España);8;0;25/08/2024
2023;SICUE;00.0-Área para Sicue;Facultad de Ciencias Sociales y del Trabajo;OUT;No Informado;España;Universidad Complutense De Madrid (España);8;0;25/08/2024
2023;SICUE;00.0-Área para Sicue;Facultad de Ciencias Sociales y del Trabajo;OUT;No Informado;España;Universitat De Les Illes Balears (España);20;0;25/08/2024
2023;SICUE;00.0-Área para Sicue;Facultad de Ciencias Sociales y del Trabajo;OUT;No Informado;España;Universidad Pública De Navarra (España);12;0;25/08/2024
2023;SICUE;00.0-Área para Sicue;Facultad de Ciencias Sociales y del Trabajo;OUT;No Informado;España;Universidad Rovira I Virgili (España);12;0;25/08/2024
2023;SICUE;00.0-Área para Sicue;Facultad de Ciencias Sociales y del Trabajo;OUT;No Informado;España;Universidad Rey Juan Carlos (España);2;1;25/08/2024
2023;SICUE;00.0-Área para Sicue;Facultad de Ciencias Sociales y del Trabajo;OUT;No Informado;España;Universidad De Valladolid (España);6;0;25/08/2024
2023;SICUE;00.0-Área para Sicue;Facultad de Ciencias Sociales y del Trabajo;OUT;No Informado;España;Universidad Pompeu Fabra (España);4;0;25/08/2024
2023;SICUE;00.0-Área para Sicue;Facultad de Ciencias Sociales y del Trabajo;OUT;No Informado;España;Universidad De Salamanca (España);8;1;25/08/2024
2023;SICUE;00.0-Área para Sicue;Facultad de Ciencias Sociales y del Trabajo;OUT;No Informado;España;Universidad De La Laguna (España);8;2;25/08/2024
2023;SICUE;00.0-Área para Sicue;Facultad de Ciencias Sociales y del Trabajo;OUT;No Informado;España;Universidad De Barcelona (España);8;0;25/08/2024
2023;SICUE;00.0-Área para Sicue;Facultad de Ciencias Sociales y del Trabajo;OUT;No Informado;España;Universidad De Alicante (España);4;0;25/08/2024
2023;SICUE;00.0-Área para Sicue;Facultad de Ciencias Sociales y del Trabajo;OUT;No Informado;España;Universidad De Málaga (España);10;0;25/08/2024
2023;SICUE;00.0-Área para Sicue;Facultad de Ciencias Sociales y del Trabajo;OUT;No Informado;España;Universidad De Granada (España);14;3;25/08/2024
2023;SICUE;00.0-Área para Sicue;Facultad de Ciencias Sociales y del Trabajo;OUT;No Informado;España;Universidad De Murcia (España);4;0;25/08/2024
2023;SICUE;00.0-Área para Sicue;Facultad de Ciencias Sociales y del Trabajo;OUT;No Informado;España;Universidad De Lleida (España);12;0;25/08/2024
2023;SICUE;00.0-Área para Sicue;Facultad de Ciencias Sociales y del Trabajo;OUT;No Informado;España;Universidad De Burgos (España);4;0;25/08/2024
2023;SICUE;00.0-Área para Sicue;Facultad de Ciencias Sociales y del Trabajo;OUT;No Informado;España;Universidad De Las Palmas De Gran Canaria (España);8;0;25/08/2024
2023;SICUE;00.0-Área para Sicue;Facultad de Ciencias Sociales y Humanas de Teruel;IN;No Informado;España;Universidad De Vigo (España);4;0;25/08/2024
2023;SICUE;00.0-Área para Sicue;Facultad de Ciencias Sociales y Humanas de Teruel;IN;No Informado;España;Universidad Del País Vasco/Euskal Herriko Unibertsitatea (España);18;0;25/08/2024
2023;SICUE;00.0-Área para Sicue;Facultad de Ciencias Sociales y Humanas de Teruel;IN;No Informado;España;Universidad De Cádiz (España);12;0;25/08/2024
2023;SICUE;00.0-Área para Sicue;Facultad de Ciencias Sociales y Humanas de Teruel;IN;No Informado;España;Universidad De Girona (España);4;0;25/08/2024
2023;SICUE;00.0-Área para Sicue;Facultad de Ciencias Sociales y Humanas de Teruel;IN;No Informado;España;Universidad De Huelva (España);4;0;25/08/2024
2023;SICUE;00.0-Área para Sicue;Facultad de Ciencias Sociales y Humanas de Teruel;IN;No Informado;España;Universidad De Lleida (España);8;0;25/08/2024
2023;SICUE;00.0-Área para Sicue;Facultad de Ciencias Sociales y Humanas de Teruel;IN;No Informado;España;Universidad De Murcia (España);16;0;25/08/2024
2023;SICUE;00.0-Área para Sicue;Facultad de Ciencias Sociales y Humanas de Teruel;IN;No Informado;España;Universidad De Oviedo (España);12;0;25/08/2024
2023;SICUE;00.0-Área para Sicue;Facultad de Ciencias Sociales y Humanas de Teruel;IN;No Informado;España;Universidad De Alcalá (España);8;0;25/08/2024
2023;SICUE;00.0-Área para Sicue;Facultad de Ciencias Sociales y Humanas de Teruel;IN;No Informado;España;Universidad De Granada (España);13;0;25/08/2024
2023;SICUE;00.0-Área para Sicue;Facultad de Ciencias Sociales y Humanas de Teruel;IN;No Informado;España;Universidad De Málaga (España);8;0;25/08/2024
2023;SICUE;00.0-Área para Sicue;Facultad de Ciencias Sociales y Humanas de Teruel;IN;No Informado;España;Universidad De Sevilla (España);20;0;25/08/2024
2023;SICUE;00.0-Área para Sicue;Facultad de Ciencias Sociales y Humanas de Teruel;IN;No Informado;España;Universidad De Alicante (España);16;0;25/08/2024
2023;SICUE;00.0-Área para Sicue;Facultad de Ciencias Sociales y Humanas de Teruel;IN;No Informado;España;Universidad De Almería (España);4;0;25/08/2024
2023;SICUE;00.0-Área para Sicue;Facultad de Ciencias Sociales y Humanas de Teruel;IN;No Informado;España;Universidad De Córdoba (España);8;0;25/08/2024
2023;SICUE;00.0-Área para Sicue;Facultad de Ciencias Sociales y Humanas de Teruel;IN;No Informado;España;Universidad De Barcelona (España);16;0;25/08/2024
2023;SICUE;00.0-Área para Sicue;Facultad de Ciencias Sociales y Humanas de Teruel;IN;No Informado;España;Universidad De Cantabria (España);4;0;25/08/2024
2023;SICUE;00.0-Área para Sicue;Facultad de Ciencias Sociales y Humanas de Teruel;IN;No Informado;España;Universidad De La Laguna (España);20;0;25/08/2024
2023;SICUE;00.0-Área para Sicue;Facultad de Ciencias Sociales y Humanas de Teruel;IN;No Informado;España;Universidad De Salamanca (España);16;0;25/08/2024
2023;SICUE;00.0-Área para Sicue;Facultad de Ciencias Sociales y Humanas de Teruel;IN;No Informado;España;Mondragón Unibertsitatea (España);4;0;25/08/2024
2023;SICUE;00.0-Área para Sicue;Facultad de Ciencias Sociales y Humanas de Teruel;IN;No Informado;España;Universidad De Valladolid (España);20;0;25/08/2024
2023;SICUE;00.0-Área para Sicue;Facultad de Ciencias Sociales y Humanas de Teruel;IN;No Informado;España;Universidad De Extremadura (España);8;0;25/08/2024
2023;SICUE;00.0-Área para Sicue;Facultad de Ciencias Sociales y Humanas de Teruel;IN;No Informado;España;Universidad Rovira I Virgili (España);12;0;25/08/2024
2023;SICUE;00.0-Área para Sicue;Facultad de Ciencias Sociales y Humanas de Teruel;IN;No Informado;España;Universidad Autónoma De Madrid (España);8;0;25/08/2024
2023;SICUE;00.0-Área para Sicue;Facultad de Ciencias Sociales y Humanas de Teruel;IN;No Informado;España;Universidad Pública De Navarra (España);2;0;25/08/2024
2023;SICUE;00.0-Área para Sicue;Facultad de Ciencias Sociales y Humanas de Teruel;IN;No Informado;España;Universidad Carlos Iii De Madrid (España);4;0;25/08/2024
2023;SICUE;00.0-Área para Sicue;Facultad de Ciencias Sociales y Humanas de Teruel;IN;No Informado;España;Universitat De Les Illes Balears (España);12;0;25/08/2024
2023;SICUE;00.0-Área para Sicue;Facultad de Ciencias Sociales y Humanas de Teruel;IN;No Informado;España;Universidad Complutense De Madrid (España);20;0;25/08/2024
2023;SICUE;00.0-Área para Sicue;Facultad de Ciencias Sociales y Humanas de Teruel;IN;No Informado;España;Universidad De Castilla-La Mancha (España);8;0;25/08/2024
2023;SICUE;00.0-Área para Sicue;Facultad de Ciencias Sociales y Humanas de Teruel;IN;No Informado;España;Universidad Jaume I De Castellón (España);16;0;25/08/2024
2023;SICUE;00.0-Área para Sicue;Facultad de Ciencias Sociales y Humanas de Teruel;IN;No Informado;España;Universidad Autónoma De Barcelona (España);2;0;25/08/2024
2023;SICUE;00.0-Área para Sicue;Facultad de Ciencias Sociales y Humanas de Teruel;IN;No Informado;España;Universidad Pontificia De Salamanca (España);4;0;25/08/2024
2023;SICUE;00.0-Área para Sicue;Facultad de Ciencias Sociales y Humanas de Teruel;IN;No Informado;España;Universidad De Santiago De Compostela (España);9;0;25/08/2024
2023;SICUE;00.0-Área para Sicue;Facultad de Ciencias Sociales y Humanas de Teruel;IN;No Informado;España;Universitat Politècnica De València (España);2;0;25/08/2024
2023;SICUE;00.0-Área para Sicue;Facultad de Ciencias Sociales y Humanas de Teruel;IN;No Informado;España;Universidad Miguel Hernández De Elche (España);8;0;25/08/2024
2023;SICUE;00.0-Área para Sicue;Facultad de Ciencias Sociales y Humanas de Teruel;IN;No Informado;España;Universitat De València (Estudi General) (España);22;0;25/08/2024
2023;SICUE;00.0-Área para Sicue;Facultad de Ciencias Sociales y Humanas de Teruel;IN;No Informado;España;Universidad De Jaén (España);8;0;25/08/2024
2023;SICUE;00.0-Área para Sicue;Facultad de Ciencias Sociales y Humanas de Teruel;OUT;No Informado;España;Universitat De València (Estudi General) (España);22;6;25/08/2024
2023;SICUE;00.0-Área para Sicue;Facultad de Ciencias Sociales y Humanas de Teruel;OUT;No Informado;España;Universidad Del País Vasco/Euskal Herriko Unibertsitatea (España);18;4;25/08/2024
2023;SICUE;00.0-Área para Sicue;Facultad de Ciencias Sociales y Humanas de Teruel;OUT;No Informado;España;Universidad De Vigo (España);4;0;25/08/2024
2023;SICUE;00.0-Área para Sicue;Facultad de Ciencias Sociales y Humanas de Teruel;OUT;No Informado;España;Universidad De Jaén (España);8;0;25/08/2024
2023;SICUE;00.0-Área para Sicue;Facultad de Ciencias Sociales y Humanas de Teruel;OUT;No Informado;España;Universidad De Cádiz (España);12;3;25/08/2024
2023;SICUE;00.0-Área para Sicue;Facultad de Ciencias Sociales y Humanas de Teruel;OUT;No Informado;España;Universidad De Girona (España);4;0;25/08/2024
2023;SICUE;00.0-Área para Sicue;Facultad de Ciencias Sociales y Humanas de Teruel;OUT;No Informado;España;Universidad De Huelva (España);4;0;25/08/2024
2023;SICUE;00.0-Área para Sicue;Facultad de Ciencias Sociales y Humanas de Teruel;OUT;No Informado;España;Universidad De Lleida (España);8;0;25/08/2024
2023;SICUE;00.0-Área para Sicue;Facultad de Ciencias Sociales y Humanas de Teruel;OUT;No Informado;España;Universidad De Murcia (España);16;0;25/08/2024
2023;SICUE;00.0-Área para Sicue;Facultad de Ciencias Sociales y Humanas de Teruel;OUT;No Informado;España;Universidad De Oviedo (España);12;1;25/08/2024
2023;SICUE;00.0-Área para Sicue;Facultad de Ciencias Sociales y Humanas de Teruel;OUT;No Informado;España;Universidad De Alcalá (España);8;0;25/08/2024
2023;SICUE;00.0-Área para Sicue;Facultad de Ciencias Sociales y Humanas de Teruel;OUT;No Informado;España;Universidad De Granada (España);13;3;25/08/2024
2023;SICUE;00.0-Área para Sicue;Facultad de Ciencias Sociales y Humanas de Teruel;OUT;No Informado;España;Universidad De Málaga (España);8;1;25/08/2024
2023;SICUE;00.0-Área para Sicue;Facultad de Ciencias Sociales y Humanas de Teruel;OUT;No Informado;España;Universidad De Sevilla (España);20;2;25/08/2024
2023;SICUE;00.0-Área para Sicue;Facultad de Ciencias Sociales y Humanas de Teruel;OUT;No Informado;España;Universidad De Alicante (España);16;0;25/08/2024
2023;SICUE;00.0-Área para Sicue;Facultad de Ciencias Sociales y Humanas de Teruel;OUT;No Informado;España;Universidad De Almería (España);4;0;25/08/2024
2023;SICUE;00.0-Área para Sicue;Facultad de Ciencias Sociales y Humanas de Teruel;OUT;No Informado;España;Universidad De Córdoba (España);8;0;25/08/2024
2023;SICUE;00.0-Área para Sicue;Facultad de Ciencias Sociales y Humanas de Teruel;OUT;No Informado;España;Universidad De Barcelona (España);16;0;25/08/2024
2023;SICUE;00.0-Área para Sicue;Facultad de Ciencias Sociales y Humanas de Teruel;OUT;No Informado;España;Universidad De Cantabria (España);4;0;25/08/2024
2023;SICUE;00.0-Área para Sicue;Facultad de Ciencias Sociales y Humanas de Teruel;OUT;No Informado;España;Universidad De La Laguna (España);20;5;25/08/2024
2023;SICUE;00.0-Área para Sicue;Facultad de Ciencias Sociales y Humanas de Teruel;OUT;No Informado;España;Universidad De Salamanca (España);16;0;25/08/2024
2023;SICUE;00.0-Área para Sicue;Facultad de Ciencias Sociales y Humanas de Teruel;OUT;No Informado;España;Mondragón Unibertsitatea (España);4;0;25/08/2024
2023;SICUE;00.0-Área para Sicue;Facultad de Ciencias Sociales y Humanas de Teruel;OUT;No Informado;España;Universidad De Valladolid (España);20;0;25/08/2024
2023;SICUE;00.0-Área para Sicue;Facultad de Ciencias Sociales y Humanas de Teruel;OUT;No Informado;España;Universidad De Extremadura (España);8;0;25/08/2024
2023;SICUE;00.0-Área para Sicue;Facultad de Ciencias Sociales y Humanas de Teruel;OUT;No Informado;España;Universidad Rovira I Virgili (España);12;1;25/08/2024
2023;SICUE;00.0-Área para Sicue;Facultad de Ciencias Sociales y Humanas de Teruel;OUT;No Informado;España;Universidad Autónoma De Madrid (España);8;0;25/08/2024
2023;SICUE;00.0-Área para Sicue;Facultad de Ciencias Sociales y Humanas de Teruel;OUT;No Informado;España;Universidad Pública De Navarra (España);2;1;25/08/2024
2023;SICUE;00.0-Área para Sicue;Facultad de Ciencias Sociales y Humanas de Teruel;OUT;No Informado;España;Universidad Carlos Iii De Madrid (España);4;0;25/08/2024
2023;SICUE;00.0-Área para Sicue;Facultad de Ciencias Sociales y Humanas de Teruel;OUT;No Informado;España;Universitat De Les Illes Balears (España);12;0;25/08/2024
2023;SICUE;00.0-Área para Sicue;Facultad de Ciencias Sociales y Humanas de Teruel;OUT;No Informado;España;Universidad Complutense De Madrid (España);20;2;25/08/2024
2023;SICUE;00.0-Área para Sicue;Facultad de Ciencias Sociales y Humanas de Teruel;OUT;No Informado;España;Universidad De Castilla-La Mancha (España);8;0;25/08/2024
2023;SICUE;00.0-Área para Sicue;Facultad de Ciencias Sociales y Humanas de Teruel;OUT;No Informado;España;Universidad Jaume I De Castellón (España);12;4;25/08/2024
2023;SICUE;00.0-Área para Sicue;Facultad de Ciencias Sociales y Humanas de Teruel;OUT;No Informado;España;Universidad Autónoma De Barcelona (España);2;0;25/08/2024
2023;SICUE;00.0-Área para Sicue;Facultad de Ciencias Sociales y Humanas de Teruel;OUT;No Informado;España;Universidad Pontificia De Salamanca (España);4;1;25/08/2024
2023;SICUE;00.0-Área para Sicue;Facultad de Ciencias Sociales y Humanas de Teruel;OUT;No Informado;España;Universidad De Santiago De Compostela (España);9;3;25/08/2024
2023;SICUE;00.0-Área para Sicue;Facultad de Ciencias Sociales y Humanas de Teruel;OUT;No Informado;España;Universitat Politècnica De València (España);2;1;25/08/2024
2023;SICUE;00.0-Área para Sicue;Facultad de Ciencias Sociales y Humanas de Teruel;OUT;No Informado;España;Universidad Miguel Hernández De Elche (España);8;0;25/08/2024
2023;SICUE;00.0-Área para Sicue;Facultad de Derecho;IN;No Informado;España;Universidad De Murcia (España);8;0;25/08/2024
2023;SICUE;00.0-Área para Sicue;Facultad de Derecho;IN;No Informado;España;Universidad De Oviedo (España);8;0;25/08/2024
2023;SICUE;00.0-Área para Sicue;Facultad de Derecho;IN;No Informado;España;Universidad De Cádiz (España);4;0;25/08/2024
2023;SICUE;00.0-Área para Sicue;Facultad de Derecho;IN;No Informado;España;Universidad De Burgos (España);4;0;25/08/2024
2023;SICUE;00.0-Área para Sicue;Facultad de Derecho;IN;No Informado;España;Universidad De León (España);2;0;25/08/2024
2023;SICUE;00.0-Área para Sicue;Facultad de Derecho;IN;No Informado;España;Universidad Del País Vasco/Euskal Herriko Unibertsitatea (España);10;0;25/08/2024
2023;SICUE;00.0-Área para Sicue;Facultad de Derecho;IN;No Informado;España;Universitat De València (Estudi General) (España);3;0;25/08/2024
2023;SICUE;00.0-Área para Sicue;Facultad de Derecho;IN;No Informado;España;Universidad De Las Palmas De Gran Canaria (España);4;0;25/08/2024
2023;SICUE;00.0-Área para Sicue;Facultad de Derecho;IN;No Informado;España;Universidad Pablo De Olavide De Sevilla (España);7;0;25/08/2024
2023;SICUE;00.0-Área para Sicue;Facultad de Derecho;IN;No Informado;España;Universidad De Santiago De Compostela (España);2;0;25/08/2024
2023;SICUE;00.0-Área para Sicue;Facultad de Derecho;IN;No Informado;España;Universidad Autónoma De Barcelona (España);6;0;25/08/2024
2023;SICUE;00.0-Área para Sicue;Facultad de Derecho;IN;No Informado;España;Universidad De Castilla-La Mancha (España);20;0;25/08/2024
2023;SICUE;00.0-Área para Sicue;Facultad de Derecho;IN;No Informado;España;Universidad Complutense De Madrid (España);8;0;25/08/2024
2023;SICUE;00.0-Área para Sicue;Facultad de Derecho;IN;No Informado;España;Universidad Autónoma De Madrid (España);4;0;25/08/2024
2023;SICUE;00.0-Área para Sicue;Facultad de Derecho;IN;No Informado;España;Universidad Rovira I Virgili (España);4;0;25/08/2024
2023;SICUE;00.0-Área para Sicue;Facultad de Derecho;IN;No Informado;España;Universidad Rey Juan Carlos (España);6;0;25/08/2024
2023;SICUE;00.0-Área para Sicue;Facultad de Derecho;IN;No Informado;España;Universidad Pompeu Fabra (España);4;0;25/08/2024
2023;SICUE;00.0-Área para Sicue;Facultad de Derecho;IN;No Informado;España;Universidad De La Laguna (España);6;0;25/08/2024
2023;SICUE;00.0-Área para Sicue;Facultad de Derecho;IN;No Informado;España;Universidad De Cantabria (España);2;0;25/08/2024
2023;SICUE;00.0-Área para Sicue;Facultad de Derecho;IN;No Informado;España;Universidad De Barcelona (España);8;0;25/08/2024
2023;SICUE;00.0-Área para Sicue;Facultad de Derecho;IN;No Informado;España;Universidad De La Rioja (España);6;0;25/08/2024
2023;SICUE;00.0-Área para Sicue;Facultad de Derecho;IN;No Informado;España;Universidad De Almería (España);8;0;25/08/2024
2023;SICUE;00.0-Área para Sicue;Facultad de Derecho;IN;No Informado;España;Universidad De Sevilla (España);8;0;25/08/2024
2023;SICUE;00.0-Área para Sicue;Facultad de Derecho;IN;No Informado;España;Universidad De Málaga (España);4;0;25/08/2024
2023;SICUE;00.0-Área para Sicue;Facultad de Derecho;IN;No Informado;España;Universidad De Granada (España);8;0;25/08/2024
2023;SICUE;00.0-Área para Sicue;Facultad de Derecho;IN;No Informado;España;Universidad De Alcalá (España);6;0;25/08/2024
2023;SICUE;00.0-Área para Sicue;Facultad de Derecho;IN;No Informado;España;Universidad De Huelva (España);4;0;25/08/2024
2023;SICUE;00.0-Área para Sicue;Facultad de Derecho;OUT;No Informado;España;Universidad Autónoma De Barcelona (España);6;0;25/08/2024
2023;SICUE;00.0-Área para Sicue;Facultad de Derecho;OUT;No Informado;España;Universidad De Santiago De Compostela (España);2;0;25/08/2024
2023;SICUE;00.0-Área para Sicue;Facultad de Derecho;OUT;No Informado;España;Universidad Pablo De Olavide De Sevilla (España);7;2;25/08/2024
2023;SICUE;00.0-Área para Sicue;Facultad de Derecho;OUT;No Informado;España;Universidad De Las Palmas De Gran Canaria (España);4;1;25/08/2024
2023;SICUE;00.0-Área para Sicue;Facultad de Derecho;OUT;No Informado;España;Universitat De València (Estudi General) (España);5;1;25/08/2024
2023;SICUE;00.0-Área para Sicue;Facultad de Derecho;OUT;No Informado;España;Universidad Jaume I De Castellón (España);2;0;25/08/2024
2023;SICUE;00.0-Área para Sicue;Facultad de Derecho;OUT;No Informado;España;Universidad De Castilla-La Mancha (España);20;0;25/08/2024
2023;SICUE;00.0-Área para Sicue;Facultad de Derecho;OUT;No Informado;España;Universidad Complutense De Madrid (España);8;3;25/08/2024
2023;SICUE;00.0-Área para Sicue;Facultad de Derecho;OUT;No Informado;España;Universidad Autónoma De Madrid (España);4;0;25/08/2024
2023;SICUE;00.0-Área para Sicue;Facultad de Derecho;OUT;No Informado;España;Universidad Rovira I Virgili (España);4;0;25/08/2024
2023;SICUE;00.0-Área para Sicue;Facultad de Derecho;OUT;No Informado;España;Universidad Rey Juan Carlos (España);6;0;25/08/2024
2023;SICUE;00.0-Área para Sicue;Facultad de Derecho;OUT;No Informado;España;Universidad De Extremadura (España);3;0;25/08/2024
2023;SICUE;00.0-Área para Sicue;Facultad de Derecho;OUT;No Informado;España;Universidad San Pablo-Ceu (España);2;1;25/08/2024
2023;SICUE;00.0-Área para Sicue;Facultad de Derecho;OUT;No Informado;España;Universidad De Valladolid (España);2;0;25/08/2024
2023;SICUE;00.0-Área para Sicue;Facultad de Derecho;OUT;No Informado;España;Mondragón Unibertsitatea (España);1;0;25/08/2024
2023;SICUE;00.0-Área para Sicue;Facultad de Derecho;OUT;No Informado;España;Universidad Pompeu Fabra (España);4;0;25/08/2024
2023;SICUE;00.0-Área para Sicue;Facultad de Derecho;OUT;No Informado;España;Universidad De La Laguna (España);7;3;25/08/2024
2023;SICUE;00.0-Área para Sicue;Facultad de Derecho;OUT;No Informado;España;Universidad De Cantabria (España);3;1;25/08/2024
2023;SICUE;00.0-Área para Sicue;Facultad de Derecho;OUT;No Informado;España;Universidad De Barcelona (España);8;0;25/08/2024
2023;SICUE;00.0-Área para Sicue;Facultad de Derecho;OUT;No Informado;España;Universidad De La Rioja (España);8;0;25/08/2024
2023;SICUE;00.0-Área para Sicue;Facultad de Derecho;OUT;No Informado;España;Universidad De Almería (España);8;0;25/08/2024
2023;SICUE;00.0-Área para Sicue;Facultad de Derecho;OUT;No Informado;España;Universidad De Sevilla (España);10;4;25/08/2024
2023;SICUE;00.0-Área para Sicue;Facultad de Derecho;OUT;No Informado;España;Universidad De Málaga (España);4;1;25/08/2024
2023;SICUE;00.0-Área para Sicue;Facultad de Derecho;OUT;No Informado;España;Universidad De Granada (España);8;2;25/08/2024
2023;SICUE;00.0-Área para Sicue;Facultad de Derecho;OUT;No Informado;España;Universidad De Alcalá (España);6;0;25/08/2024
2023;SICUE;00.0-Área para Sicue;Facultad de Derecho;OUT;No Informado;España;Universidad De Oviedo (España);8;0;25/08/2024
2023;SICUE;00.0-Área para Sicue;Facultad de Derecho;OUT;No Informado;España;Universidad De Murcia (España);8;1;25/08/2024
2023;SICUE;00.0-Área para Sicue;Facultad de Derecho;OUT;No Informado;España;Universidad De Huelva (España);4;0;25/08/2024
2023;SICUE;00.0-Área para Sicue;Facultad de Derecho;OUT;No Informado;España;Universidad De Girona (España);2;0;25/08/2024
2023;SICUE;00.0-Área para Sicue;Facultad de Derecho;OUT;No Informado;España;Universidad Del País Vasco/Euskal Herriko Unibertsitatea (España);10;0;25/08/2024
2023;SICUE;00.0-Área para Sicue;Facultad de Derecho;OUT;No Informado;España;Universidad De Burgos (España);6;0;25/08/2024
2023;SICUE;00.0-Área para Sicue;Facultad de Derecho;OUT;No Informado;España;Universidad De León (España);2;0;25/08/2024
2023;SICUE;00.0-Área para Sicue;Facultad de Derecho;OUT;No Informado;España;Universidad De Cádiz (España);8;3;25/08/2024
2023;SICUE;00.0-Área para Sicue;Facultad de Economía y Empresa;IN;No Informado;España;Universidad De Burgos (España);8;0;25/08/2024
2023;SICUE;00.0-Área para Sicue;Facultad de Economía y Empresa;IN;No Informado;España;Universidad De Cádiz (España);16;0;25/08/2024
2023;SICUE;00.0-Área para Sicue;Facultad de Economía y Empresa;IN;No Informado;España;Universidad Del País Vasco/Euskal Herriko Unibertsitatea (España);12;0;25/08/2024
2023;SICUE;00.0-Área para Sicue;Facultad de Economía y Empresa;IN;No Informado;España;Universitat De València (Estudi General) (España);4;0;25/08/2024
2023;SICUE;00.0-Área para Sicue;Facultad de Economía y Empresa;IN;No Informado;España;Universidad Jaume I De Castellón (España);12;0;25/08/2024
2023;SICUE;00.0-Área para Sicue;Facultad de Economía y Empresa;IN;No Informado;España;Universidad De Castilla-La Mancha (España);4;0;25/08/2024
2023;SICUE;00.0-Área para Sicue;Facultad de Economía y Empresa;IN;No Informado;España;Universidad Complutense De Madrid (España);4;0;25/08/2024
2023;SICUE;00.0-Área para Sicue;Facultad de Economía y Empresa;IN;No Informado;España;Universidad Carlos Iii De Madrid (España);4;0;25/08/2024
2023;SICUE;00.0-Área para Sicue;Facultad de Economía y Empresa;IN;No Informado;España;Universidad Autónoma De Madrid (España);4;0;25/08/2024
2023;SICUE;00.0-Área para Sicue;Facultad de Economía y Empresa;IN;No Informado;España;Universidad Rey Juan Carlos (España);2;0;25/08/2024
2023;SICUE;00.0-Área para Sicue;Facultad de Economía y Empresa;IN;No Informado;España;Universidad De Extremadura (España);6;0;25/08/2024
2023;SICUE;00.0-Área para Sicue;Facultad de Economía y Empresa;IN;No Informado;España;Universidad San Pablo-Ceu (España);2;0;25/08/2024
2023;SICUE;00.0-Área para Sicue;Facultad de Economía y Empresa;IN;No Informado;España;Universidad De Valladolid (España);4;0;25/08/2024
2023;SICUE;00.0-Área para Sicue;Facultad de Economía y Empresa;IN;No Informado;España;Mondragón Unibertsitatea (España);2;0;25/08/2024
2023;SICUE;00.0-Área para Sicue;Facultad de Economía y Empresa;IN;No Informado;España;Universidad De La Laguna (España);4;0;25/08/2024
2023;SICUE;00.0-Área para Sicue;Facultad de Economía y Empresa;IN;No Informado;España;Universidad De Cantabria (España);4;0;25/08/2024
2023;SICUE;00.0-Área para Sicue;Facultad de Economía y Empresa;IN;No Informado;España;Universidad De La Rioja (España);4;0;25/08/2024
2023;SICUE;00.0-Área para Sicue;Facultad de Economía y Empresa;IN;No Informado;España;Universidad De Alicante (España);2;0;25/08/2024
2023;SICUE;00.0-Área para Sicue;Facultad de Economía y Empresa;IN;No Informado;España;Universidad De Sevilla (España);8;0;25/08/2024
2023;SICUE;00.0-Área para Sicue;Facultad de Economía y Empresa;IN;No Informado;España;Universidad De Málaga (España);4;0;25/08/2024
2023;SICUE;00.0-Área para Sicue;Facultad de Economía y Empresa;IN;No Informado;España;Universidad De Granada (España);12;0;25/08/2024
2023;SICUE;00.0-Área para Sicue;Facultad de Economía y Empresa;IN;No Informado;España;Universidad De Oviedo (España);6;0;25/08/2024
2023;SICUE;00.0-Área para Sicue;Facultad de Economía y Empresa;IN;No Informado;España;Universidad De Murcia (España);8;0;25/08/2024
2023;SICUE;00.0-Área para Sicue;Facultad de Economía y Empresa;IN;No Informado;España;Universidad De Girona (España);10;0;25/08/2024
2023;SICUE;00.0-Área para Sicue;Facultad de Economía y Empresa;IN;No Informado;España;Universidad De León (España);8;0;25/08/2024
2023;SICUE;00.0-Área para Sicue;Facultad de Economía y Empresa;OUT;No Informado;España;Universidad De Extremadura (España);6;0;25/08/2024
2023;SICUE;00.0-Área para Sicue;Facultad de Economía y Empresa;OUT;No Informado;España;Universidad Rey Juan Carlos (España);2;0;25/08/2024
2023;SICUE;00.0-Área para Sicue;Facultad de Economía y Empresa;OUT;No Informado;España;Universidad Rovira I Virgili (España);2;0;25/08/2024
2023;SICUE;00.0-Área para Sicue;Facultad de Economía y Empresa;OUT;No Informado;España;Universidad Autónoma De Madrid (España);4;1;25/08/2024
2023;SICUE;00.0-Área para Sicue;Facultad de Economía y Empresa;OUT;No Informado;España;Universidad Carlos Iii De Madrid (España);4;1;25/08/2024
2023;SICUE;00.0-Área para Sicue;Facultad de Economía y Empresa;OUT;No Informado;España;Universidad Complutense De Madrid (España);4;2;25/08/2024
2023;SICUE;00.0-Área para Sicue;Facultad de Economía y Empresa;OUT;No Informado;España;Universidad De Castilla-La Mancha (España);4;0;25/08/2024
2023;SICUE;00.0-Área para Sicue;Facultad de Economía y Empresa;OUT;No Informado;España;Universidad San Pablo-Ceu (España);2;1;25/08/2024
2023;SICUE;00.0-Área para Sicue;Facultad de Economía y Empresa;OUT;No Informado;España;Universidad De Valladolid (España);4;0;25/08/2024
2023;SICUE;00.0-Área para Sicue;Facultad de Economía y Empresa;OUT;No Informado;España;Mondragón Unibertsitatea (España);2;0;25/08/2024
2023;SICUE;00.0-Área para Sicue;Facultad de Economía y Empresa;OUT;No Informado;España;Universidad Pompeu Fabra (España);2;0;25/08/2024
2023;SICUE;00.0-Área para Sicue;Facultad de Economía y Empresa;OUT;No Informado;España;Universidad De La Laguna (España);7;4;25/08/2024
2023;SICUE;00.0-Área para Sicue;Facultad de Economía y Empresa;OUT;No Informado;España;Universidad De Cantabria (España);5;1;25/08/2024
2023;SICUE;00.0-Área para Sicue;Facultad de Economía y Empresa;OUT;No Informado;España;Universidad De Barcelona (España);4;0;25/08/2024
2023;SICUE;00.0-Área para Sicue;Facultad de Economía y Empresa;OUT;No Informado;España;Universidad De La Rioja (España);7;0;25/08/2024
2023;SICUE;00.0-Área para Sicue;Facultad de Economía y Empresa;OUT;No Informado;España;Universidad De Alicante (España);2;0;25/08/2024
2023;SICUE;00.0-Área para Sicue;Facultad de Economía y Empresa;OUT;No Informado;España;Universidad De Sevilla (España);8;3;25/08/2024
2023;SICUE;00.0-Área para Sicue;Facultad de Economía y Empresa;OUT;No Informado;España;Universidad De Málaga (España);6;1;25/08/2024
2023;SICUE;00.0-Área para Sicue;Facultad de Economía y Empresa;OUT;No Informado;España;Universidad De Granada (España);12;2;25/08/2024
2023;SICUE;00.0-Área para Sicue;Facultad de Economía y Empresa;OUT;No Informado;España;Universidad De Alcalá (España);3;0;25/08/2024
2023;SICUE;00.0-Área para Sicue;Facultad de Economía y Empresa;OUT;No Informado;España;Universidad De Oviedo (España);6;0;25/08/2024
2023;SICUE;00.0-Área para Sicue;Facultad de Economía y Empresa;OUT;No Informado;España;Universidad De Murcia (España);8;0;25/08/2024
2023;SICUE;00.0-Área para Sicue;Facultad de Economía y Empresa;OUT;No Informado;España;Universidad De Huelva (España);2;0;25/08/2024
2023;SICUE;00.0-Área para Sicue;Facultad de Economía y Empresa;OUT;No Informado;España;Universidad De Girona (España);10;0;25/08/2024
2023;SICUE;00.0-Área para Sicue;Facultad de Economía y Empresa;OUT;No Informado;España;Universidad De Cádiz (España);18;4;25/08/2024
2023;SICUE;00.0-Área para Sicue;Facultad de Economía y Empresa;OUT;No Informado;España;Universidad De Burgos (España);10;0;25/08/2024
2023;SICUE;00.0-Área para Sicue;Facultad de Economía y Empresa;OUT;No Informado;España;Universidad De León (España);9;0;25/08/2024
2023;SICUE;00.0-Área para Sicue;Facultad de Economía y Empresa;OUT;No Informado;España;Universidad Del País Vasco/Euskal Herriko Unibertsitatea (España);12;2;25/08/2024
2023;SICUE;00.0-Área para Sicue;Facultad de Economía y Empresa;OUT;No Informado;España;Universitat De València (Estudi General) (España);7;1;25/08/2024
2023;SICUE;00.0-Área para Sicue;Facultad de Economía y Empresa;OUT;No Informado;España;Universidad De Las Palmas De Gran Canaria (España);2;1;25/08/2024
2023;SICUE;00.0-Área para Sicue;Facultad de Economía y Empresa;OUT;No Informado;España;Universidad Jaume I De Castellón (España);12;0;25/08/2024
2023;SICUE;00.0-Área para Sicue;Facultad de Economía y Empresa;OUT;No Informado;España;Universidad Autónoma De Barcelona (España);2;0;25/08/2024
2023;SICUE;00.0-Área para Sicue;Facultad de Economía y Empresa;OUT;No Informado;España;Universidad De Santiago De Compostela (España);2;0;25/08/2024
2023;SICUE;00.0-Área para Sicue;Facultad de Educación;IN;No Informado;España;Universidad De Cantabria (España);6;0;25/08/2024
2023;SICUE;00.0-Área para Sicue;Facultad de Educación;IN;No Informado;España;Universidad De La Laguna (España);6;0;25/08/2024
2023;SICUE;00.0-Área para Sicue;Facultad de Educación;IN;No Informado;España;Universidad De Salamanca (España);8;0;25/08/2024
2023;SICUE;00.0-Área para Sicue;Facultad de Educación;IN;No Informado;España;Universidad De Valladolid (España);11;0;25/08/2024
2023;SICUE;00.0-Área para Sicue;Facultad de Educación;IN;No Informado;España;Universidad De Extremadura (España);4;0;25/08/2024
2023;SICUE;00.0-Área para Sicue;Facultad de Educación;IN;No Informado;España;Universidad Rey Juan Carlos (España);8;0;25/08/2024
2023;SICUE;00.0-Área para Sicue;Facultad de Educación;IN;No Informado;España;Universidad Pública De Navarra (España);8;0;25/08/2024
2023;SICUE;00.0-Área para Sicue;Facultad de Educación;IN;No Informado;España;Universitat De Les Illes Balears (España);8;0;25/08/2024
2023;SICUE;00.0-Área para Sicue;Facultad de Educación;IN;No Informado;España;Universidad Complutense De Madrid (España);12;0;25/08/2024
2023;SICUE;00.0-Área para Sicue;Facultad de Educación;IN;No Informado;España;Universidad De Castilla-La Mancha (España);8;0;25/08/2024
2023;SICUE;00.0-Área para Sicue;Facultad de Educación;IN;No Informado;España;Universidad Jaume I De Castellón (España);8;0;25/08/2024
2023;SICUE;00.0-Área para Sicue;Facultad de Educación;IN;No Informado;España;Universidad De Santiago De Compostela (España);4;0;25/08/2024
2023;SICUE;00.0-Área para Sicue;Facultad de Educación;IN;No Informado;España;Universidad De Las Palmas De Gran Canaria (España);5;0;25/08/2024
2023;SICUE;00.0-Área para Sicue;Facultad de Educación;IN;No Informado;España;Universidad Del País Vasco/Euskal Herriko Unibertsitatea (España);24;0;25/08/2024
2023;SICUE;00.0-Área para Sicue;Facultad de Educación;IN;No Informado;España;Universidad De Cádiz (España);8;0;25/08/2024
2023;SICUE;00.0-Área para Sicue;Facultad de Educación;IN;No Informado;España;Universidad De Lleida (España);8;0;25/08/2024
2023;SICUE;00.0-Área para Sicue;Facultad de Educación;IN;No Informado;España;Universidad De Murcia (España);8;0;25/08/2024
2023;SICUE;00.0-Área para Sicue;Facultad de Educación;IN;No Informado;España;Universidad De Alcalá (España);4;0;25/08/2024
2023;SICUE;00.0-Área para Sicue;Facultad de Educación;IN;No Informado;España;Universidad De Granada (España);4;0;25/08/2024
2023;SICUE;00.0-Área para Sicue;Facultad de Educación;IN;No Informado;España;Universidad De Sevilla (España);6;0;25/08/2024
2023;SICUE;00.0-Área para Sicue;Facultad de Educación;IN;No Informado;España;Universidad De Córdoba (España);4;0;25/08/2024
2023;SICUE;00.0-Área para Sicue;Facultad de Educación;IN;No Informado;España;Universidad De La Rioja (España);10;0;25/08/2024
2023;SICUE;00.0-Área para Sicue;Facultad de Educación;IN;No Informado;España;Universidad De Barcelona (España);8;0;25/08/2024
2023;SICUE;00.0-Área para Sicue;Facultad de Educación;OUT;No Informado;España;Universidad De Salamanca (España);8;1;25/08/2024
2023;SICUE;00.0-Área para Sicue;Facultad de Educación;OUT;No Informado;España;Universidad De La Laguna (España);6;2;25/08/2024
2023;SICUE;00.0-Área para Sicue;Facultad de Educación;OUT;No Informado;España;Universidad De Murcia (España);8;0;25/08/2024
2023;SICUE;00.0-Área para Sicue;Facultad de Educación;OUT;No Informado;España;Universidad De Lleida (España);8;0;25/08/2024
2023;SICUE;00.0-Área para Sicue;Facultad de Educación;OUT;No Informado;España;Universidad De Cádiz (España);8;4;25/08/2024
2023;SICUE;00.0-Área para Sicue;Facultad de Educación;OUT;No Informado;España;Universidad Del País Vasco/Euskal Herriko Unibertsitatea (España);24;0;25/08/2024
2023;SICUE;00.0-Área para Sicue;Facultad de Educación;OUT;No Informado;España;Universidad De Las Palmas De Gran Canaria (España);5;0;25/08/2024
2023;SICUE;00.0-Área para Sicue;Facultad de Educación;OUT;No Informado;España;Universidad De Santiago De Compostela (España);4;0;25/08/2024
2023;SICUE;00.0-Área para Sicue;Facultad de Educación;OUT;No Informado;España;Universidad Jaume I De Castellón (España);8;0;25/08/2024
2023;SICUE;00.0-Área para Sicue;Facultad de Educación;OUT;No Informado;España;Universidad De Castilla-La Mancha (España);8;0;25/08/2024
2023;SICUE;00.0-Área para Sicue;Facultad de Educación;OUT;No Informado;España;Universidad Complutense De Madrid (España);12;0;25/08/2024
2023;SICUE;00.0-Área para Sicue;Facultad de Educación;OUT;No Informado;España;Universitat De Les Illes Balears (España);8;0;25/08/2024
2023;SICUE;00.0-Área para Sicue;Facultad de Educación;OUT;No Informado;España;Universidad Pública De Navarra (España);8;0;25/08/2024
2023;SICUE;00.0-Área para Sicue;Facultad de Educación;OUT;No Informado;España;Universidad Rey Juan Carlos (España);8;0;25/08/2024
2023;SICUE;00.0-Área para Sicue;Facultad de Educación;OUT;No Informado;España;Universidad De Extremadura (España);4;0;25/08/2024
2023;SICUE;00.0-Área para Sicue;Facultad de Educación;OUT;No Informado;España;Universidad De Cantabria (España);6;1;25/08/2024
2023;SICUE;00.0-Área para Sicue;Facultad de Educación;OUT;No Informado;España;Universidad De Barcelona (España);8;1;25/08/2024
2023;SICUE;00.0-Área para Sicue;Facultad de Educación;OUT;No Informado;España;Universidad De La Rioja (España);10;0;25/08/2024
2023;SICUE;00.0-Área para Sicue;Facultad de Educación;OUT;No Informado;España;Universidad De Córdoba (España);4;1;25/08/2024
2023;SICUE;00.0-Área para Sicue;Facultad de Educación;OUT;No Informado;España;Universidad De Sevilla (España);6;1;25/08/2024
2023;SICUE;00.0-Área para Sicue;Facultad de Educación;OUT;No Informado;España;Universidad De Granada (España);4;0;25/08/2024
2023;SICUE;00.0-Área para Sicue;Facultad de Educación;OUT;No Informado;España;Universidad De Alcalá (España);4;0;25/08/2024
2023;SICUE;00.0-Área para Sicue;Facultad de Educación;OUT;No Informado;España;Universidad De Valladolid (España);11;0;25/08/2024
2023;SICUE;00.0-Área para Sicue;Facultad de Empresa y Gestión Pública;IN;No Informado;España;Universitat De Les Illes Balears (España);4;0;25/08/2024
2023;SICUE;00.0-Área para Sicue;Facultad de Empresa y Gestión Pública;IN;No Informado;España;Universidad San Pablo-Ceu (España);2;0;25/08/2024
2023;SICUE;00.0-Área para Sicue;Facultad de Empresa y Gestión Pública;IN;No Informado;España;Universidad De Salamanca (España);2;0;25/08/2024
2023;SICUE;00.0-Área para Sicue;Facultad de Empresa y Gestión Pública;IN;No Informado;España;Universidad De Santiago De Compostela (España);2;0;25/08/2024
2023;SICUE;00.0-Área para Sicue;Facultad de Empresa y Gestión Pública;IN;No Informado;España;Universitat Politècnica De València (España);4;0;25/08/2024
2023;SICUE;00.0-Área para Sicue;Facultad de Empresa y Gestión Pública;IN;No Informado;España;Universidad Del País Vasco/Euskal Herriko Unibertsitatea (España);4;0;25/08/2024
2023;SICUE;00.0-Área para Sicue;Facultad de Empresa y Gestión Pública;IN;No Informado;España;Universidad Jaume I De Castellón (España);4;0;25/08/2024
2023;SICUE;00.0-Área para Sicue;Facultad de Empresa y Gestión Pública;IN;No Informado;España;Universidad De La Rioja (España);4;0;25/08/2024
2023;SICUE;00.0-Área para Sicue;Facultad de Empresa y Gestión Pública;IN;No Informado;España;Universidad De Sevilla (España);8;0;25/08/2024
2023;SICUE;00.0-Área para Sicue;Facultad de Empresa y Gestión Pública;IN;No Informado;España;Universidad De Málaga (España);12;0;25/08/2024
2023;SICUE;00.0-Área para Sicue;Facultad de Empresa y Gestión Pública;IN;No Informado;España;Universidad De Granada (España);4;0;25/08/2024
2023;SICUE;00.0-Área para Sicue;Facultad de Empresa y Gestión Pública;IN;No Informado;España;Universidad De Cádiz (España);8;0;25/08/2024
2023;SICUE;00.0-Área para Sicue;Facultad de Empresa y Gestión Pública;IN;No Informado;España;Universidad Complutense De Madrid (España);4;0;25/08/2024
2023;SICUE;00.0-Área para Sicue;Facultad de Empresa y Gestión Pública;IN;No Informado;España;Universidad De Barcelona (España);16;0;25/08/2024
2023;SICUE;00.0-Área para Sicue;Facultad de Empresa y Gestión Pública;OUT;No Informado;España;Universitat De Les Illes Balears (España);4;0;25/08/2024
2023;SICUE;00.0-Área para Sicue;Facultad de Empresa y Gestión Pública;OUT;No Informado;España;Universidad San Pablo-Ceu (España);2;0;25/08/2024
2023;SICUE;00.0-Área para Sicue;Facultad de Empresa y Gestión Pública;OUT;No Informado;España;Universidad De Salamanca (España);2;0;25/08/2024
2023;SICUE;00.0-Área para Sicue;Facultad de Empresa y Gestión Pública;OUT;No Informado;España;Universidad De Barcelona (España);16;0;25/08/2024
2023;SICUE;00.0-Área para Sicue;Facultad de Empresa y Gestión Pública;OUT;No Informado;España;Universidad De La Rioja (España);4;0;25/08/2024
2023;SICUE;00.0-Área para Sicue;Facultad de Empresa y Gestión Pública;OUT;No Informado;España;Universidad De Sevilla (España);8;0;25/08/2024
2023;SICUE;00.0-Área para Sicue;Facultad de Empresa y Gestión Pública;OUT;No Informado;España;Universidad De Málaga (España);12;0;25/08/2024
2023;SICUE;00.0-Área para Sicue;Facultad de Empresa y Gestión Pública;OUT;No Informado;España;Universidad De Granada (España);4;1;25/08/2024
2023;SICUE;00.0-Área para Sicue;Facultad de Empresa y Gestión Pública;OUT;No Informado;España;Universidad De Cádiz (España);8;0;25/08/2024
2023;SICUE;00.0-Área para Sicue;Facultad de Empresa y Gestión Pública;OUT;No Informado;España;Universidad Del País Vasco/Euskal Herriko Unibertsitatea (España);4;0;25/08/2024
2023;SICUE;00.0-Área para Sicue;Facultad de Empresa y Gestión Pública;OUT;No Informado;España;Universidad Complutense De Madrid (España);4;0;25/08/2024
2023;SICUE;00.0-Área para Sicue;Facultad de Empresa y Gestión Pública;OUT;No Informado;España;Universidad De Santiago De Compostela (España);2;0;25/08/2024
2023;SICUE;00.0-Área para Sicue;Facultad de Empresa y Gestión Pública;OUT;No Informado;España;Universitat Politècnica De València (España);4;0;25/08/2024
2023;SICUE;00.0-Área para Sicue;Facultad de Filosofía y Letras;IN;No Informado;España;Universidad Complutense De Madrid (España);22;0;25/08/2024
2023;SICUE;00.0-Área para Sicue;Facultad de Filosofía y Letras;IN;No Informado;España;Universitat De Les Illes Balears (España);14;0;25/08/2024
2023;SICUE;00.0-Área para Sicue;Facultad de Filosofía y Letras;IN;No Informado;España;Universidad Jaume I De Castellón (España);4;0;25/08/2024
2023;SICUE;00.0-Área para Sicue;Facultad de Filosofía y Letras;IN;No Informado;España;Universidad Autónoma De Barcelona (España);8;0;25/08/2024
2023;SICUE;00.0-Área para Sicue;Facultad de Filosofía y Letras;IN;No Informado;España;Universidad De Santiago De Compostela (España);8;0;25/08/2024
2023;SICUE;00.0-Área para Sicue;Facultad de Filosofía y Letras;IN;No Informado;España;Universidad Miguel Hernández De Elche (España);4;0;25/08/2024
2023;SICUE;00.0-Área para Sicue;Facultad de Filosofía y Letras;IN;No Informado;España;Universidad De Las Palmas De Gran Canaria (España);2;0;25/08/2024
2023;SICUE;00.0-Área para Sicue;Facultad de Filosofía y Letras;IN;No Informado;España;Universitat De València (Estudi General) (España);23;0;25/08/2024
2023;SICUE;00.0-Área para Sicue;Facultad de Filosofía y Letras;IN;No Informado;España;Universidad Del País Vasco/Euskal Herriko Unibertsitatea (España);2;0;25/08/2024
2023;SICUE;00.0-Área para Sicue;Facultad de Filosofía y Letras;IN;No Informado;España;Universidad De Castilla-La Mancha (España);4;0;25/08/2024
2023;SICUE;00.0-Área para Sicue;Facultad de Filosofía y Letras;IN;No Informado;España;Universidad Carlos Iii De Madrid (España);6;0;25/08/2024
2023;SICUE;00.0-Área para Sicue;Facultad de Filosofía y Letras;IN;No Informado;España;Universidad Autónoma De Madrid (España);28;0;25/08/2024
2023;SICUE;00.0-Área para Sicue;Facultad de Filosofía y Letras;IN;No Informado;España;Universidad Rovira I Virgili (España);8;0;25/08/2024
2023;SICUE;00.0-Área para Sicue;Facultad de Filosofía y Letras;IN;No Informado;España;Universidad De Extremadura (España);28;0;25/08/2024
2023;SICUE;00.0-Área para Sicue;Facultad de Filosofía y Letras;IN;No Informado;España;Universidad De Valladolid (España);22;0;25/08/2024
2023;SICUE;00.0-Área para Sicue;Facultad de Filosofía y Letras;IN;No Informado;España;Universidad De Salamanca (España);28;0;25/08/2024
2023;SICUE;00.0-Área para Sicue;Facultad de Filosofía y Letras;IN;No Informado;España;Universidad De La Laguna (España);20;0;25/08/2024
2023;SICUE;00.0-Área para Sicue;Facultad de Filosofía y Letras;IN;No Informado;España;Universidad De Cantabria (España);6;0;25/08/2024
2023;SICUE;00.0-Área para Sicue;Facultad de Filosofía y Letras;IN;No Informado;España;Universidad De Barcelona (España);34;0;25/08/2024
2023;SICUE;00.0-Área para Sicue;Facultad de Filosofía y Letras;IN;No Informado;España;Universidad De La Rioja (España);20;0;25/08/2024
2023;SICUE;00.0-Área para Sicue;Facultad de Filosofía y Letras;IN;No Informado;España;Universidad De Córdoba (España);4;0;25/08/2024
2023;SICUE;00.0-Área para Sicue;Facultad de Filosofía y Letras;IN;No Informado;España;Universidad De Alicante (España);4;0;25/08/2024
2023;SICUE;00.0-Área para Sicue;Facultad de Filosofía y Letras;IN;No Informado;España;Universidad De Sevilla (España);22;0;25/08/2024
2023;SICUE;00.0-Área para Sicue;Facultad de Filosofía y Letras;IN;No Informado;España;Universidad De Granada (España);4;0;25/08/2024
2023;SICUE;00.0-Área para Sicue;Facultad de Filosofía y Letras;IN;No Informado;España;Universidad De Oviedo (España);16;0;25/08/2024
2023;SICUE;00.0-Área para Sicue;Facultad de Filosofía y Letras;IN;No Informado;España;Universidad De Murcia (España);16;0;25/08/2024
2023;SICUE;00.0-Área para Sicue;Facultad de Filosofía y Letras;IN;No Informado;España;Universidad De Girona (España);8;0;25/08/2024
2023;SICUE;00.0-Área para Sicue;Facultad de Filosofía y Letras;IN;No Informado;España;Universidad De Cádiz (España);4;0;25/08/2024
2023;SICUE;00.0-Área para Sicue;Facultad de Filosofía y Letras;IN;No Informado;España;Universidad De Burgos (España);4;0;25/08/2024
2023;SICUE;00.0-Área para Sicue;Facultad de Filosofía y Letras;IN;No Informado;España;Universidad De León (España);6;0;25/08/2024
2023;SICUE;00.0-Área para Sicue;Facultad de Filosofía y Letras;IN;No Informado;España;Universidad De Jaén (España);4;0;25/08/2024
2023;SICUE;00.0-Área para Sicue;Facultad de Filosofía y Letras;OUT;No Informado;España;Universidad Complutense De Madrid (España);22;1;25/08/2024
2023;SICUE;00.0-Área para Sicue;Facultad de Filosofía y Letras;OUT;No Informado;España;Universidad De Jaén (España);4;0;25/08/2024
2023;SICUE;00.0-Área para Sicue;Facultad de Filosofía y Letras;OUT;No Informado;España;Universidad Jaume I De Castellón (España);4;0;25/08/2024
2023;SICUE;00.0-Área para Sicue;Facultad de Filosofía y Letras;OUT;No Informado;España;Universidad Autónoma De Barcelona (España);8;0;25/08/2024
2023;SICUE;00.0-Área para Sicue;Facultad de Filosofía y Letras;OUT;No Informado;España;Universidad De Santiago De Compostela (España);8;0;25/08/2024
2023;SICUE;00.0-Área para Sicue;Facultad de Filosofía y Letras;OUT;No Informado;España;Universidad Miguel Hernández De Elche (España);4;0;25/08/2024
2023;SICUE;00.0-Área para Sicue;Facultad de Filosofía y Letras;OUT;No Informado;España;Universidad De Las Palmas De Gran Canaria (España);2;1;25/08/2024
2023;SICUE;00.0-Área para Sicue;Facultad de Filosofía y Letras;OUT;No Informado;España;Universitat De València (Estudi General) (España);23;0;25/08/2024
2023;SICUE;00.0-Área para Sicue;Facultad de Filosofía y Letras;OUT;No Informado;España;Universidad Del País Vasco/Euskal Herriko Unibertsitatea (España);2;0;25/08/2024
2023;SICUE;00.0-Área para Sicue;Facultad de Filosofía y Letras;OUT;No Informado;España;Universitat De Les Illes Balears (España);14;0;25/08/2024
2023;SICUE;00.0-Área para Sicue;Facultad de Filosofía y Letras;OUT;No Informado;España;Universidad Carlos Iii De Madrid (España);6;0;25/08/2024
2023;SICUE;00.0-Área para Sicue;Facultad de Filosofía y Letras;OUT;No Informado;España;Universidad Autónoma De Madrid (España);28;0;25/08/2024
2023;SICUE;00.0-Área para Sicue;Facultad de Filosofía y Letras;OUT;No Informado;España;Universidad Rovira I Virgili (España);8;0;25/08/2024
2023;SICUE;00.0-Área para Sicue;Facultad de Filosofía y Letras;OUT;No Informado;España;Universidad De Extremadura (España);28;0;25/08/2024
2023;SICUE;00.0-Área para Sicue;Facultad de Filosofía y Letras;OUT;No Informado;España;Universidad De Valladolid (España);22;0;25/08/2024
2023;SICUE;00.0-Área para Sicue;Facultad de Filosofía y Letras;OUT;No Informado;España;Universidad De Salamanca (España);28;2;25/08/2024
2023;SICUE;00.0-Área para Sicue;Facultad de Filosofía y Letras;OUT;No Informado;España;Universidad De La Laguna (España);20;3;25/08/2024
2023;SICUE;00.0-Área para Sicue;Facultad de Filosofía y Letras;OUT;No Informado;España;Universidad De Cantabria (España);6;0;25/08/2024
2023;SICUE;00.0-Área para Sicue;Facultad de Filosofía y Letras;OUT;No Informado;España;Universidad De Barcelona (España);34;0;25/08/2024
2023;SICUE;00.0-Área para Sicue;Facultad de Filosofía y Letras;OUT;No Informado;España;Universidad De La Rioja (España);20;0;25/08/2024
2023;SICUE;00.0-Área para Sicue;Facultad de Filosofía y Letras;OUT;No Informado;España;Universidad De Córdoba (España);4;0;25/08/2024
2023;SICUE;00.0-Área para Sicue;Facultad de Filosofía y Letras;OUT;No Informado;España;Universidad De Alicante (España);4;0;25/08/2024
2023;SICUE;00.0-Área para Sicue;Facultad de Filosofía y Letras;OUT;No Informado;España;Universidad De Sevilla (España);22;3;25/08/2024
2023;SICUE;00.0-Área para Sicue;Facultad de Filosofía y Letras;OUT;No Informado;España;Universidad De Granada (España);4;1;25/08/2024
2023;SICUE;00.0-Área para Sicue;Facultad de Filosofía y Letras;OUT;No Informado;España;Universidad De Oviedo (España);16;0;25/08/2024
2023;SICUE;00.0-Área para Sicue;Facultad de Filosofía y Letras;OUT;No Informado;España;Universidad De Murcia (España);16;0;25/08/2024
2023;SICUE;00.0-Área para Sicue;Facultad de Filosofía y Letras;OUT;No Informado;España;Universidad De Girona (España);8;0;25/08/2024
2023;SICUE;00.0-Área para Sicue;Facultad de Filosofía y Letras;OUT;No Informado;España;Universidad De Cádiz (España);4;0;25/08/2024
2023;SICUE;00.0-Área para Sicue;Facultad de Filosofía y Letras;OUT;No Informado;España;Universidad De Burgos (España);4;0;25/08/2024
2023;SICUE;00.0-Área para Sicue;Facultad de Filosofía y Letras;OUT;No Informado;España;Universidad De León (España);6;0;25/08/2024
2023;SICUE;00.0-Área para Sicue;Facultad de Filosofía y Letras;OUT;No Informado;España;Universidad De Castilla-La Mancha (España);4;0;25/08/2024
2023;SICUE;00.0-Área para Sicue;Facultad de Medicina;IN;No Informado;España;Universidad Del País Vasco/Euskal Herriko Unibertsitatea (España);4;0;25/08/2024
2023;SICUE;00.0-Área para Sicue;Facultad de Medicina;IN;No Informado;España;Universidad De Cádiz (España);2;0;25/08/2024
2023;SICUE;00.0-Área para Sicue;Facultad de Medicina;IN;No Informado;España;Universitat De València (Estudi General) (España);1;0;25/08/2024
2023;SICUE;00.0-Área para Sicue;Facultad de Medicina;IN;No Informado;España;Universidad Miguel Hernández De Elche (España);2;0;25/08/2024
2023;SICUE;00.0-Área para Sicue;Facultad de Medicina;IN;No Informado;España;Universidad De Santiago De Compostela (España);2;0;25/08/2024
2023;SICUE;00.0-Área para Sicue;Facultad de Medicina;IN;No Informado;España;Universidad Jaume I De Castellón (España);4;0;25/08/2024
2023;SICUE;00.0-Área para Sicue;Facultad de Medicina;IN;No Informado;España;Universidad De Castilla-La Mancha (España);2;0;25/08/2024
2023;SICUE;00.0-Área para Sicue;Facultad de Medicina;IN;No Informado;España;Universidad Complutense De Madrid (España);4;0;25/08/2024
2023;SICUE;00.0-Área para Sicue;Facultad de Medicina;IN;No Informado;España;Universidad Católica San Antonio (España);2;0;25/08/2024
2023;SICUE;00.0-Área para Sicue;Facultad de Medicina;IN;No Informado;España;Universitat De Les Illes Balears (España);4;0;25/08/2024
2023;SICUE;00.0-Área para Sicue;Facultad de Medicina;IN;No Informado;España;Universidad Pública De Navarra (España);2;0;25/08/2024
2023;SICUE;00.0-Área para Sicue;Facultad de Medicina;IN;No Informado;España;Universidad Autónoma De Madrid (España);2;0;25/08/2024
2023;SICUE;00.0-Área para Sicue;Facultad de Medicina;IN;No Informado;España;Universidad Rovira I Virgili (España);4;0;25/08/2024
2023;SICUE;00.0-Área para Sicue;Facultad de Medicina;IN;No Informado;España;Universidad De Extremadura (España);4;0;25/08/2024
2023;SICUE;00.0-Área para Sicue;Facultad de Medicina;IN;No Informado;España;Universidad De Valladolid (España);4;0;25/08/2024
2023;SICUE;00.0-Área para Sicue;Facultad de Medicina;IN;No Informado;España;Universidad De Salamanca (España);2;0;25/08/2024
2023;SICUE;00.0-Área para Sicue;Facultad de Medicina;IN;No Informado;España;Universidad De La Laguna (España);4;0;25/08/2024
2023;SICUE;00.0-Área para Sicue;Facultad de Medicina;IN;No Informado;España;Universidad De Cantabria (España);2;0;25/08/2024
2023;SICUE;00.0-Área para Sicue;Facultad de Medicina;IN;No Informado;España;Universidad De Sevilla (España);2;0;25/08/2024
2023;SICUE;00.0-Área para Sicue;Facultad de Medicina;IN;No Informado;España;Universidad De Navarra (España);2;0;25/08/2024
2023;SICUE;00.0-Área para Sicue;Facultad de Medicina;IN;No Informado;España;Universidad De Málaga (España);2;0;25/08/2024
2023;SICUE;00.0-Área para Sicue;Facultad de Medicina;IN;No Informado;España;Universidad De Granada (España);2;0;25/08/2024
2023;SICUE;00.0-Área para Sicue;Facultad de Medicina;IN;No Informado;España;Universidad De Alcalá (España);2;0;25/08/2024
2023;SICUE;00.0-Área para Sicue;Facultad de Medicina;IN;No Informado;España;Universidad De Murcia (España);4;0;25/08/2024
2023;SICUE;00.0-Área para Sicue;Facultad de Medicina;IN;No Informado;España;Universidad Católica De Valencia San Vicente Mártir (España);2;0;25/08/2024
2023;SICUE;00.0-Área para Sicue;Facultad de Medicina;OUT;No Informado;España;Universidad Católica De Valencia San Vicente Mártir (España);2;0;25/08/2024
2023;SICUE;00.0-Área para Sicue;Facultad de Medicina;OUT;No Informado;España;Universitat De València (Estudi General) (España);1;0;25/08/2024
2023;SICUE;00.0-Área para Sicue;Facultad de Medicina;OUT;No Informado;España;Universidad Miguel Hernández De Elche (España);2;1;25/08/2024
2023;SICUE;00.0-Área para Sicue;Facultad de Medicina;OUT;No Informado;España;Universidad De Santiago De Compostela (España);2;1;25/08/2024
2023;SICUE;00.0-Área para Sicue;Facultad de Medicina;OUT;No Informado;España;Universidad Jaume I De Castellón (España);4;1;25/08/2024
2023;SICUE;00.0-Área para Sicue;Facultad de Medicina;OUT;No Informado;España;Universidad De Castilla-La Mancha (España);2;0;25/08/2024
2023;SICUE;00.0-Área para Sicue;Facultad de Medicina;OUT;No Informado;España;Universidad Complutense De Madrid (España);4;2;25/08/2024
2023;SICUE;00.0-Área para Sicue;Facultad de Medicina;OUT;No Informado;España;Universidad Católica San Antonio (España);2;0;25/08/2024
2023;SICUE;00.0-Área para Sicue;Facultad de Medicina;OUT;No Informado;España;Universitat De Les Illes Balears (España);4;0;25/08/2024
2023;SICUE;00.0-Área para Sicue;Facultad de Medicina;OUT;No Informado;España;Universidad Pública De Navarra (España);2;0;25/08/2024
2023;SICUE;00.0-Área para Sicue;Facultad de Medicina;OUT;No Informado;España;Universidad Autónoma De Madrid (España);2;1;25/08/2024
2023;SICUE;00.0-Área para Sicue;Facultad de Medicina;OUT;No Informado;España;Universidad Rovira I Virgili (España);4;0;25/08/2024
2023;SICUE;00.0-Área para Sicue;Facultad de Medicina;OUT;No Informado;España;Universidad De Extremadura (España);4;0;25/08/2024
2023;SICUE;00.0-Área para Sicue;Facultad de Medicina;OUT;No Informado;España;Universidad De Valladolid (España);4;0;25/08/2024
2023;SICUE;00.0-Área para Sicue;Facultad de Medicina;OUT;No Informado;España;Universidad De Salamanca (España);2;0;25/08/2024
2023;SICUE;00.0-Área para Sicue;Facultad de Medicina;OUT;No Informado;España;Universidad De La Laguna (España);4;2;25/08/2024
2023;SICUE;00.0-Área para Sicue;Facultad de Medicina;OUT;No Informado;España;Universidad De Cantabria (España);2;1;25/08/2024
2023;SICUE;00.0-Área para Sicue;Facultad de Medicina;OUT;No Informado;España;Universidad De Sevilla (España);2;1;25/08/2024
2023;SICUE;00.0-Área para Sicue;Facultad de Medicina;OUT;No Informado;España;Universidad De Navarra (España);2;0;25/08/2024
2023;SICUE;00.0-Área para Sicue;Facultad de Medicina;OUT;No Informado;España;Universidad De Málaga (España);2;1;25/08/2024
2023;SICUE;00.0-Área para Sicue;Facultad de Medicina;OUT;No Informado;España;Universidad De Granada (España);2;0;25/08/2024
2023;SICUE;00.0-Área para Sicue;Facultad de Medicina;OUT;No Informado;España;Universidad De Alcalá (España);2;0;25/08/2024
2023;SICUE;00.0-Área para Sicue;Facultad de Medicina;OUT;No Informado;España;Universidad De Murcia (España);4;0;25/08/2024
2023;SICUE;00.0-Área para Sicue;Facultad de Medicina;OUT;No Informado;España;Universidad De Lleida (España);2;0;25/08/2024
2023;SICUE;00.0-Área para Sicue;Facultad de Medicina;OUT;No Informado;España;Universidad Del País Vasco/Euskal Herriko Unibertsitatea (España);4;1;25/08/2024
2023;SICUE;00.0-Área para Sicue;Facultad de Medicina;OUT;No Informado;España;Universidad De Cádiz (España);2;2;25/08/2024
2023;SICUE;00.0-Área para Sicue;Facultad de Veterinaria;IN;No Informado;España;Universidad De Granada (España);4;0;25/08/2024
2023;SICUE;00.0-Área para Sicue;Facultad de Veterinaria;IN;No Informado;España;Universidad De Córdoba (España);8;0;25/08/2024
2023;SICUE;00.0-Área para Sicue;Facultad de Veterinaria;IN;No Informado;España;Universidad De Lleida (España);2;0;25/08/2024
2023;SICUE;00.0-Área para Sicue;Facultad de Veterinaria;IN;No Informado;España;Universidad De Burgos (España);4;0;25/08/2024
2023;SICUE;00.0-Área para Sicue;Facultad de Veterinaria;IN;No Informado;España;Universidad De León (España);4;0;25/08/2024
2023;SICUE;00.0-Área para Sicue;Facultad de Veterinaria;IN;No Informado;España;Universidad De Vigo (España);4;0;25/08/2024
2023;SICUE;00.0-Área para Sicue;Facultad de Veterinaria;IN;No Informado;España;Universidad Del País Vasco/Euskal Herriko Unibertsitatea (España);4;0;25/08/2024
2023;SICUE;00.0-Área para Sicue;Facultad de Veterinaria;IN;No Informado;España;Universidad Católica De Valencia San Vicente Mártir (España);4;0;25/08/2024
2023;SICUE;00.0-Área para Sicue;Facultad de Veterinaria;IN;No Informado;España;Universitat De València (Estudi General) (España);2;0;25/08/2024
2023;SICUE;00.0-Área para Sicue;Facultad de Veterinaria;IN;No Informado;España;Universidad De Las Palmas De Gran Canaria (España);2;0;25/08/2024
2023;SICUE;00.0-Área para Sicue;Facultad de Veterinaria;IN;No Informado;España;Universidad Miguel Hernández De Elche (España);4;0;25/08/2024
2023;SICUE;00.0-Área para Sicue;Facultad de Veterinaria;IN;No Informado;España;Universitat Politècnica De València (España);4;0;25/08/2024
2023;SICUE;00.0-Área para Sicue;Facultad de Veterinaria;IN;No Informado;España;Universidad De Santiago De Compostela (España);2;0;25/08/2024
2023;SICUE;00.0-Área para Sicue;Facultad de Veterinaria;IN;No Informado;España;Universidad Autónoma De Barcelona (España);8;0;25/08/2024
2023;SICUE;00.0-Área para Sicue;Facultad de Veterinaria;IN;No Informado;España;Universidad De Castilla-La Mancha (España);4;0;25/08/2024
2023;SICUE;00.0-Área para Sicue;Facultad de Veterinaria;IN;No Informado;España;Universidad Complutense De Madrid (España);8;0;25/08/2024
2023;SICUE;00.0-Área para Sicue;Facultad de Veterinaria;IN;No Informado;España;Universidad Católica San Antonio (España);4;0;25/08/2024
2023;SICUE;00.0-Área para Sicue;Facultad de Veterinaria;IN;No Informado;España;Universidad Cardenal Herrera-Ceu (España);4;0;25/08/2024
2023;SICUE;00.0-Área para Sicue;Facultad de Veterinaria;IN;No Informado;España;Universidad Autónoma De Madrid (España);4;0;25/08/2024
2023;SICUE;00.0-Área para Sicue;Facultad de Veterinaria;IN;No Informado;España;Universidad Rey Juan Carlos (España);4;0;25/08/2024
2023;SICUE;00.0-Área para Sicue;Facultad de Veterinaria;IN;No Informado;España;Universidad De Extremadura (España);8;0;25/08/2024
2023;SICUE;00.0-Área para Sicue;Facultad de Veterinaria;IN;No Informado;España;Universidad De Barcelona (España);4;0;25/08/2024
2023;SICUE;00.0-Área para Sicue;Facultad de Veterinaria;IN;No Informado;España;Universidad De Murcia (España);8;0;25/08/2024
2023;SICUE;00.0-Área para Sicue;Facultad de Veterinaria;OUT;No Informado;España;Universidad De Granada (España);4;0;25/08/2024
2023;SICUE;00.0-Área para Sicue;Facultad de Veterinaria;OUT;No Informado;España;Universidad De Murcia (España);8;0;25/08/2024
2023;SICUE;00.0-Área para Sicue;Facultad de Veterinaria;OUT;No Informado;España;Universidad De Lleida (España);2;0;25/08/2024
2023;SICUE;00.0-Área para Sicue;Facultad de Veterinaria;OUT;No Informado;España;Universidad De Burgos (España);4;0;25/08/2024
2023;SICUE;00.0-Área para Sicue;Facultad de Veterinaria;OUT;No Informado;España;Universidad De León (España);8;0;25/08/2024
2023;SICUE;00.0-Área para Sicue;Facultad de Veterinaria;OUT;No Informado;España;Universidad De Vigo (España);4;0;25/08/2024
2023;SICUE;00.0-Área para Sicue;Facultad de Veterinaria;OUT;No Informado;España;Universidad Del País Vasco/Euskal Herriko Unibertsitatea (España);4;0;25/08/2024
2023;SICUE;00.0-Área para Sicue;Facultad de Veterinaria;OUT;No Informado;España;Universidad Católica De Valencia San Vicente Mártir (España);4;1;25/08/2024
2023;SICUE;00.0-Área para Sicue;Facultad de Veterinaria;OUT;No Informado;España;Universitat De València (Estudi General) (España);2;0;25/08/2024
2023;SICUE;00.0-Área para Sicue;Facultad de Veterinaria;OUT;No Informado;España;Universidad De Las Palmas De Gran Canaria (España);2;1;25/08/2024
2023;SICUE;00.0-Área para Sicue;Facultad de Veterinaria;OUT;No Informado;España;Universidad Miguel Hernández De Elche (España);4;0;25/08/2024
2023;SICUE;00.0-Área para Sicue;Facultad de Veterinaria;OUT;No Informado;España;Universitat Politècnica De València (España);4;0;25/08/2024
2023;SICUE;00.0-Área para Sicue;Facultad de Veterinaria;OUT;No Informado;España;Universidad De Santiago De Compostela (España);2;0;25/08/2024
2023;SICUE;00.0-Área para Sicue;Facultad de Veterinaria;OUT;No Informado;España;Universidad Autónoma De Barcelona (España);8;2;25/08/2024
2023;SICUE;00.0-Área para Sicue;Facultad de Veterinaria;OUT;No Informado;España;Universidad De Castilla-La Mancha (España);4;0;25/08/2024
2023;SICUE;00.0-Área para Sicue;Facultad de Veterinaria;OUT;No Informado;España;Universidad Complutense De Madrid (España);8;0;25/08/2024
2023;SICUE;00.0-Área para Sicue;Facultad de Veterinaria;OUT;No Informado;España;Universidad Católica San Antonio (España);4;0;25/08/2024
2023;SICUE;00.0-Área para Sicue;Facultad de Veterinaria;OUT;No Informado;España;Universidad Cardenal Herrera-Ceu (España);4;2;25/08/2024
2023;SICUE;00.0-Área para Sicue;Facultad de Veterinaria;OUT;No Informado;España;Universidad Autónoma De Madrid (España);4;0;25/08/2024
2023;SICUE;00.0-Área para Sicue;Facultad de Veterinaria;OUT;No Informado;España;Universidad Rey Juan Carlos (España);4;0;25/08/2024
2023;SICUE;00.0-Área para Sicue;Facultad de Veterinaria;OUT;No Informado;España;Universidad De Córdoba (España);8;0;25/08/2024
2023;SICUE;00.0-Área para Sicue;Facultad de Veterinaria;OUT;No Informado;España;Universidad De Barcelona (España);4;0;25/08/2024
2023;SICUE;00.0-Área para Sicue;Facultad de Veterinaria;OUT;No Informado;España;Universidad De Extremadura (España);8;0;25/08/2024
