CURSO_ACADEMICO;TIPO_ESTUDIO;ESTUDIO;LOCALIDAD;CENTRO;ASIGNATURA;TIPO_ASIGNATURA;CLASE_ASIGNATURA;TASA_EXITO;TASA_RENDIMIENTO;TASA_EVALUACION;ALUMNOS_EVALUADOS;ALUMNOS_SUPERADOS;ALUMNOS_PRESENTADOS;MEDIA_CONVOCATORIAS_CONSUMIDAS;FECHA_ACTUALIZACION
2016;Licenciatura o equivalente;Ingeniero de Telecomunicación;Zaragoza;Escuela de Ingeniería y Arquitectura;Proyecto fin de carrera;PROYECTO FIN DE CARRERA;Obligatoria;100.00;100.00;100.00;14;14;14;1.00;29/04/2018
2016;Licenciatura o equivalente;Ingeniero de Telecomunicación;Zaragoza;Escuela de Ingeniería y Arquitectura;Proyecto fin de carrera (esp. comunicaciones);PROYECTO FIN DE CARRERA;Obligatoria;100.00;100.00;100.00;5;5;5;1.00;29/04/2018
2016;Licenciatura o equivalente;Ingeniero de Telecomunicación;Zaragoza;Escuela de Ingeniería y Arquitectura;PROYECTO FIN DE CARRERA;PROYECTO FIN DE CARRERA;Obligatoria;100.00;100.00;100.00;1;1;1;1.00;29/04/2018
2016;Licenciatura o equivalente;Ingeniero de Telecomunicación;Zaragoza;Escuela de Ingeniería y Arquitectura;Proyecto fin de carrera (esp. telemática);PROYECTO FIN DE CARRERA;Obligatoria;100.00;100.00;100.00;4;4;4;1.00;29/04/2018
2016;Licenciatura o equivalente;Ingeniero en Informática;Zaragoza;Escuela de Ingeniería y Arquitectura;Proyecto fin de carrera;PROYECTO FIN DE CARRERA;Obligatoria;100.00;79.07;79.07;43;34;34;1.00;29/04/2018
2016;Licenciatura o equivalente;Ingeniero en Informática;Zaragoza;Escuela de Ingeniería y Arquitectura;Sistemas informáticos;PROYECTO FIN DE CARRERA;Troncal;100.00;79.07;79.07;43;34;34;1.00;29/04/2018
2016;Licenciatura o equivalente;Ingeniero en Informática;Zaragoza;Escuela de Ingeniería y Arquitectura;PRACTICAS EN EMPRESAS;Sin docencia;Libre Elección;100.00;100.00;100.00;1;1;1;1.00;29/04/2018
2016;Licenciatura o equivalente;Licenciado en Economía;Zaragoza;Facultad de Economía y Empresa;MACROECONOMIA IV;Normal;Troncal;;;;0;0;0;4.00;29/04/2018
2016;Licenciatura o equivalente;Licenciado en Administración y Dirección de Empresas;Zaragoza;Facultad de Economía y Empresa;DIRECCION FINANCIERA II;Normal;Troncal;;;;0;0;0;3.00;29/04/2018
2016;Licenciatura o equivalente;Licenciado en Administración y Dirección de Empresas;Zaragoza;Facultad de Economía y Empresa;DIRECCION FINANCIERA INTERNACIONAL;Normal;Optativa;;;;0;0;0;2.00;29/04/2018
2016;Licenciatura o equivalente;Ingenierio Químico;Zaragoza;Escuela de Ingeniería y Arquitectura;Proyecto fin de carrera (sin especialidad);PROYECTO FIN DE CARRERA;Obligatoria;100.00;100.00;100.00;6;6;6;1.00;29/04/2018
2016;Licenciatura o equivalente;Ingenierio Químico;Zaragoza;Escuela de Ingeniería y Arquitectura;Proyecto fin de carrera (ingeniería del medio ambiente);PROYECTO FIN DE CARRERA;Obligatoria;100.00;100.00;100.00;1;1;1;1.00;29/04/2018
2016;Licenciatura o equivalente;Ingenierio Químico;Zaragoza;Escuela de Ingeniería y Arquitectura;Proyecto fin de carrera (ingeniería de procesos);PROYECTO FIN DE CARRERA;Obligatoria;100.00;100.00;100.00;2;2;2;1.00;29/04/2018
2016;Licenciatura o equivalente;Ingeniero Industrial;Zaragoza;Escuela de Ingeniería y Arquitectura;INGENIERIA DEL TRANSPORTE;Normal;Troncal;;;;0;0;0;7.00;29/04/2018
2016;Licenciatura o equivalente;Ingeniero Industrial;Zaragoza;Escuela de Ingeniería y Arquitectura;ORGANIZACION INDUSTRIAL;Normal;Troncal;;;;0;0;0;4.00;29/04/2018
2016;Licenciatura o equivalente;Ingeniero Industrial;Zaragoza;Escuela de Ingeniería y Arquitectura;TECNOLOGIA ELECTRONICA;Normal;Obligatoria;;;;0;0;0;4.00;29/04/2018
2016;Licenciatura o equivalente;Ingeniero Industrial;Zaragoza;Escuela de Ingeniería y Arquitectura;APARATOS DE ELEVACION Y TRANSPORTE;Normal;Obligatoria;;;;0;0;0;7.00;29/04/2018
2016;Licenciatura o equivalente;Ingeniero Industrial;Zaragoza;Escuela de Ingeniería y Arquitectura;Proyecto fin carrera (sin especialidad);PROYECTO FIN DE CARRERA;Obligatoria;100.00;86.84;86.84;38;33;33;1.00;29/04/2018
2016;Licenciatura o equivalente;Ingeniero Industrial;Zaragoza;Escuela de Ingeniería y Arquitectura;PRACTICAS EN EMPRESAS;Sin docencia;Libre Elección;100.00;100.00;100.00;2;2;2;1.00;29/04/2018
2016;Licenciatura o equivalente;Ingeniero Industrial;Zaragoza;Escuela de Ingeniería y Arquitectura;Proyecto fin carrera (diseño de máquinas y vehículos);PROYECTO FIN DE CARRERA;Obligatoria;100.00;100.00;100.00;6;6;6;1.00;29/04/2018
2016;Licenciatura o equivalente;Ingeniero Industrial;Zaragoza;Escuela de Ingeniería y Arquitectura;Proyecto fin carrera (energía y tecnología de calor y fluidos);PROYECTO FIN DE CARRERA;Obligatoria;100.00;100.00;100.00;3;3;3;1.00;29/04/2018
2016;Licenciatura o equivalente;Ingeniero Industrial;Zaragoza;Escuela de Ingeniería y Arquitectura;Proyecto fin carrera (organización industrial);PROYECTO FIN DE CARRERA;Obligatoria;100.00;100.00;100.00;4;4;4;1.00;29/04/2018
2016;Licenciatura o equivalente;Ingeniero Industrial;Zaragoza;Escuela de Ingeniería y Arquitectura;Proyecto fin carrera (producción);PROYECTO FIN DE CARRERA;Obligatoria;100.00;50.00;50.00;4;2;2;1.00;29/04/2018
2016;Licenciatura o equivalente;Ingeniero Industrial;Zaragoza;Escuela de Ingeniería y Arquitectura;Proyecto fin carrera (sistemas eléctricos);PROYECTO FIN DE CARRERA;Obligatoria;100.00;60.00;60.00;5;3;3;1.00;29/04/2018
2016;Licenciatura o equivalente;Ingeniero Industrial;Zaragoza;Escuela de Ingeniería y Arquitectura;CREATIVIDAD E INNOVACION;Normal;Optativa;;;;0;0;0;1.00;29/04/2018
2016;Licenciatura o equivalente;Bioquímica;Zaragoza;Facultad de Ciencias;BIOQUIMICA METABOLICA II;Normal;Troncal;100.00;100.00;100.00;1;1;1;3.00;29/04/2018
2016;Licenciatura o equivalente;Químicas;Zaragoza;Facultad de Ciencias;METODOS DE SEPARACION;Normal;Optativa;;;;1;0;0;;29/04/2018
2016;Licenciatura o equivalente;Derecho;Zaragoza;Facultad de Derecho;DERECHO INTERNACIONAL PRIVADO;Normal;Troncal;;;;0;0;0;4.50;29/04/2018
2016;Licenciatura o equivalente;Derecho;Zaragoza;Facultad de Derecho;DERECHO MERCANTIL II;Normal;Troncal;;;;0;0;0;4.67;29/04/2018
2016;Licenciatura o equivalente;Derecho;Zaragoza;Facultad de Derecho;PRACTICUM;Normal;Troncal;;;;0;0;0;1.00;29/04/2018
2016;Licenciatura o equivalente;Derecho;Zaragoza;Facultad de Derecho;SOCIOLOGIA JURIDICA;Normal;Optativa;;;;0;0;0;1.00;29/04/2018
2016;Licenciatura o equivalente;Derecho;Zaragoza;Facultad de Derecho;DERECHO DE LA COMPETENCIA;Normal;Optativa;;;;0;0;0;3.00;29/04/2018
2016;Licenciatura o equivalente;Licenciado en Ciencias del Trabajo;Teruel;Facultad de Ciencias Sociales y Humanas de Teruel;ORGANIZACION DEL TRABAJO EN LA NUEVA ECONOMIA;Normal;Libre Elección;;;;1;0;0;;29/04/2018
2016;Licenciatura o equivalente;Licenciado en Ciencias de la Actividad Física y del Deporte;Huesca;Facultad de Ciencias de la Salud y del Deporte;DID.DE LA ACT.FISICA Y DEPORT:PLANIFICACION,PROGRAM,EVALUACI;Normal;Troncal;;;;0;0;0;7.00;29/04/2018
2016;Licenciatura o equivalente;Licenciado en Psicopedagogía;Zaragoza;Facultad de Educación;MODELOS DE ORIENTACION E INTERVENCION PSICOPEDAGOGICA;Normal;Troncal;;;50.00;2;0;1;;29/04/2018
2016;Licenciatura o equivalente;Licenciado en Psicopedagogía;Zaragoza;Facultad de Educación;INTERVENCION PSICOPEDAGOGICA EN LOS TRASTORNOS DEL DESARROLL;Normal;Troncal;;;;1;0;0;;29/04/2018
2016;Licenciatura o equivalente;Licenciado en Psicopedagogía;Zaragoza;Facultad de Educación;DIFICULTADES DE APRENDIZAJE E INTERVENCION PSICOPEDAGOGICA;Normal;Troncal;;;50.00;2;0;1;;29/04/2018
2016;Licenciatura o equivalente;Licenciado en Psicopedagogía;Zaragoza;Facultad de Educación;METODOS DE INVESTIGACION EN EDUCACION;Normal;Troncal;;;100.00;1;0;1;;29/04/2018
2016;Licenciatura o equivalente;Licenciado en Psicopedagogía;Zaragoza;Facultad de Educación;Métodos, diseños y técnicas de investigación psicológicos;Normal;Complementos de Formación;50.00;25.00;50.00;4;1;2;3.00;29/04/2018
2016;Licenciatura o equivalente;Licenciado en Psicopedagogía;Zaragoza;Facultad de Educación;Psicología de la personalidad;Normal;Complementos de Formación;;;50.00;2;0;1;;29/04/2018
2016;Licenciatura o equivalente;Licenciado en Psicopedagogía;Zaragoza;Facultad de Educación;Psicología social;Normal;Complementos de Formación;100.00;100.00;100.00;1;1;1;1.00;29/04/2018
2016;Licenciatura o equivalente;Programa Conjunto Derecho Administración y Dirección Empresas;Zaragoza;Facultad de Derecho;DIRECCION FINANCIERA II;Normal;Troncal;100.00;100.00;100.00;1;1;1;3.00;29/04/2018
2016;Licenciatura o equivalente;Programa Conjunto Derecho Administración y Dirección Empresas;Zaragoza;Facultad de Derecho;DIRECCION FINANCIERA INTERNACIONAL;Normal;Optativa;100.00;100.00;100.00;1;1;1;2.00;29/04/2018
2016;Licenciatura o equivalente;Ingeniero Agrónomo;Huesca;Escuela Politécnica Superior;BASES BIOLOGICAS Y FISIOLOGICAS DE LA PRODUCCION ANIMAL;Normal;Troncal;;;;0;0;0;1.00;29/04/2018
2016;Licenciatura o equivalente;Ingeniero Agrónomo;Huesca;Escuela Politécnica Superior;HIDROLOGIA Y GESTION DEL AGUA;Normal;Troncal;100.00;100.00;100.00;2;2;2;1.43;29/04/2018
2016;Licenciatura o equivalente;Ingeniero Agrónomo;Huesca;Escuela Politécnica Superior;HIDRAULICA;Normal;Troncal;100.00;100.00;100.00;2;2;2;2.00;29/04/2018
2016;Licenciatura o equivalente;Ingeniero Agrónomo;Huesca;Escuela Politécnica Superior;BASES DE LA PRODUCCION VEGETAL;Normal;Troncal;;;;0;0;0;1.00;29/04/2018
2016;Licenciatura o equivalente;Ingeniero Agrónomo;Huesca;Escuela Politécnica Superior;PROTECCION DE CULTIVOS;Normal;Troncal;100.00;100.00;100.00;1;1;1;4.00;29/04/2018
2016;Licenciatura o equivalente;Ingeniero Agrónomo;Huesca;Escuela Politécnica Superior;CONSTRUCCIONES RURALES;Normal;Troncal;100.00;100.00;100.00;1;1;1;1.00;29/04/2018
2016;Licenciatura o equivalente;Ingeniero Agrónomo;Huesca;Escuela Politécnica Superior;TECNOLOGIAS DE LA PRODUCCION DE MONOGASTRICOS;Normal;Troncal;50.00;50.00;100.00;2;1;2;1.00;29/04/2018
2016;Licenciatura o equivalente;Ingeniero Agrónomo;Huesca;Escuela Politécnica Superior;MEJORA GENETICA VEGETAL;Normal;Troncal;;;;0;0;0;1.00;29/04/2018
2016;Licenciatura o equivalente;Ingeniero Agrónomo;Huesca;Escuela Politécnica Superior;ELECTRIFICACION Y MECANIZACION AGRARIA;Normal;Troncal;;;;1;0;0;;29/04/2018
2016;Licenciatura o equivalente;Ingeniero Agrónomo;Huesca;Escuela Politécnica Superior;INDUSTRIAS AGROALIMENTARIAS;Normal;Troncal;100.00;66.67;66.67;3;2;2;3.00;29/04/2018
2016;Licenciatura o equivalente;Ingeniero Agrónomo;Huesca;Escuela Politécnica Superior;CONTROL DE CALIDAD EN LA INDUSTRIA AGROALIMENTARIA;Normal;Troncal;100.00;100.00;100.00;1;1;1;3.00;29/04/2018
2016;Licenciatura o equivalente;Ingeniero Agrónomo;Huesca;Escuela Politécnica Superior;Proyecto fin de carrera;PROYECTO FIN DE CARRERA;Obligatoria;100.00;100.00;100.00;42;42;42;1.00;29/04/2018
2016;Licenciatura o equivalente;Ingeniero Agrónomo;Huesca;Escuela Politécnica Superior;AGROECOLOGIA;Normal;Optativa;;;;0;0;0;1.00;29/04/2018
2016;Licenciatura o equivalente;Ingeniero Agrónomo;Huesca;Escuela Politécnica Superior;BIOTECNOLOGIA VEGETAL;Normal;Optativa;;;;0;0;0;1.00;29/04/2018
2016;Licenciatura o equivalente;Ingeniero Agrónomo;Huesca;Escuela Politécnica Superior;EVALUACION DE IMPACTO AMBIENTAL;Normal;Optativa;;;;0;0;0;1.00;29/04/2018
2016;Licenciatura o equivalente;Ingeniero Agrónomo;Huesca;Escuela Politécnica Superior;FRUTICULTURA;Normal;Optativa;100.00;100.00;100.00;1;1;1;1.00;29/04/2018
2016;Licenciatura o equivalente;Ingeniero Agrónomo;Huesca;Escuela Politécnica Superior;PRODUCCION GANADERA Y CONTROL MEDIOAMBIENTAL;Normal;Optativa;;;;0;0;0;1.00;29/04/2018
2016;Licenciatura o equivalente;Veterinaria;Zaragoza;Facultad de Veterinaria;CRIA Y SALUD ANIMAL;Normal;Troncal;;;;0;0;0;1.00;29/04/2018
2016;Licenciatura o equivalente;Veterinaria;Zaragoza;Facultad de Veterinaria;NUTRICION ANIMAL;Normal;Troncal;;;;0;0;0;1.00;29/04/2018
2016;Licenciatura o equivalente;Veterinaria;Zaragoza;Facultad de Veterinaria;TECNOLOGIA ALIMENTARIA;Normal;Troncal;;;;0;0;0;1.00;29/04/2018
2016;Licenciatura o equivalente;Veterinaria;Zaragoza;Facultad de Veterinaria;ENFERMEDADES PARASITARIAS;Normal;Troncal;100.00;100.00;100.00;1;1;1;2.00;29/04/2018
2016;Licenciatura o equivalente;Veterinaria;Zaragoza;Facultad de Veterinaria;ECONOMIA APLICADA AL SECTOR AGROALIMENTARIO;Normal;Obligatoria;;;;0;0;0;1.00;29/04/2018
2016;Licenciatura o equivalente;Veterinaria;Zaragoza;Facultad de Veterinaria;ENFERMEDADES INFECCIOSAS;Normal;Troncal;100.00;50.00;50.00;2;1;1;1.00;29/04/2018
2016;Licenciatura o equivalente;Veterinaria;Zaragoza;Facultad de Veterinaria;HIGIENE, INSPECCION Y CONTROL ALIMENTARIO;Normal;Troncal;100.00;50.00;50.00;4;2;2;2.00;29/04/2018
2016;Licenciatura o equivalente;Veterinaria;Zaragoza;Facultad de Veterinaria;PRODCCION ANIMAL E HIGIENE VETERINARIA;Normal;Troncal;;;;0;0;0;1.00;29/04/2018
2016;Licenciatura o equivalente;Veterinaria;Zaragoza;Facultad de Veterinaria;Estancias;Prácticas externas;Troncal;100.00;100.00;100.00;1;1;1;1.00;29/04/2018
2016;Licenciatura o equivalente;Veterinaria;Zaragoza;Facultad de Veterinaria;DERMATOLOGIA CLINICA VETERINARIA;Normal;Optativa;;;;0;0;0;1.00;29/04/2018
2016;Licenciatura o equivalente;Veterinaria;Zaragoza;Facultad de Veterinaria;ETOLOGIA CLINICA VETERINARIA;Normal;Optativa;;;;0;0;0;1.00;29/04/2018
2016;Licenciatura o equivalente;Veterinaria;Zaragoza;Facultad de Veterinaria;NEUROFISIOLOGIA;Normal;Optativa;;;;0;0;0;1.00;29/04/2018
2016;Licenciatura o equivalente;Veterinaria;Zaragoza;Facultad de Veterinaria;TRAUMATOLOGIA, ORTOPEDIA Y PODOLOGIA;Normal;Optativa;;;;0;0;0;1.00;29/04/2018
2016;Licenciatura o equivalente;Filología Clásica;Zaragoza;Facultad de Filosofía y Letras;GRIEGO V;Normal;Obligatoria;;;;0;0;0;3.00;29/04/2018
2016;Licenciatura o equivalente;Filología Hispánica;Zaragoza;Facultad de Filosofía y Letras;HISTORIA DE LA LENGUA ESPAÑOLA II;Normal;Troncal;100.00;50.00;50.00;2;1;1;2.00;29/04/2018
2016;Licenciatura o equivalente;Filología Hispánica;Zaragoza;Facultad de Filosofía y Letras;LITERATURA ESPAÑOLA DEL SIGLO XX;Normal;Troncal;100.00;100.00;100.00;1;1;1;2.00;29/04/2018
2016;Licenciatura o equivalente;Filología Hispánica;Zaragoza;Facultad de Filosofía y Letras;ESPAÑOL DE AMERICA;Normal;Optativa;100.00;100.00;100.00;1;1;1;2.00;29/04/2018
2016;Licenciatura o equivalente;Filología Hispánica;Zaragoza;Facultad de Filosofía y Letras;LITERATURA EN ARAGON;Normal;Optativa;;;;1;0;0;;29/04/2018
2016;Licenciatura o equivalente;Filología Hispánica;Zaragoza;Facultad de Filosofía y Letras;LITERATURA HISPANOAMERICANA ACTUAL;Normal;Optativa;;;;1;0;0;;29/04/2018
2016;Licenciatura o equivalente;Filología Inglesa;Zaragoza;Facultad de Filosofía y Letras;Historia de la lengua inglesa II.;Normal;Troncal;100.00;100.00;100.00;1;1;1;5.00;29/04/2018
2016;Licenciatura o equivalente;Historia;Zaragoza;Facultad de Filosofía y Letras;CULTURA Y MENTALIDADES EN LA EDAD MEDIA;Normal;Optativa;100.00;100.00;100.00;1;1;1;2.00;29/04/2018
2016;Licenciatura o equivalente;Historia;Zaragoza;Facultad de Filosofía y Letras;HISTORIA DEL ISLAM ANDALUSI;Normal;Optativa;100.00;100.00;100.00;1;1;1;1.00;29/04/2018
2016;Licenciatura o equivalente;Historia del Arte;Zaragoza;Facultad de Filosofía y Letras;ARTE GRAFICO;Normal;Optativa;;;;1;0;0;;29/04/2018
2016;Licenciatura o equivalente;Historia del Arte;Zaragoza;Facultad de Filosofía y Letras;HISTORIA DE LA FOTOGRAFIA;Normal;Optativa;;;;1;0;0;;29/04/2018
2016;Grado;Arquitectura;Zaragoza;Escuela de Ingeniería y Arquitectura;Proyecto fin de grado;Trabajo fin de grado;Trabajo fin de Grado;100.00;100.00;100.00;1;1;1;1.00;29/04/2018
2016;Grado;Bellas Artes;Teruel;Facultad de Ciencias Sociales y Humanas de Teruel;Dibujo I;Normal;Formación básica;100.00;96.36;96.36;55;53;53;1.02;29/04/2018
2016;Grado;Bellas Artes;Teruel;Facultad de Ciencias Sociales y Humanas de Teruel;Color I;Normal;Formación básica;100.00;96.30;96.30;54;52;52;1.00;29/04/2018
2016;Grado;Bellas Artes;Teruel;Facultad de Ciencias Sociales y Humanas de Teruel;Volumen I;Normal;Formación básica;100.00;89.66;89.66;58;52;52;1.08;29/04/2018
2016;Grado;Bellas Artes;Teruel;Facultad de Ciencias Sociales y Humanas de Teruel;Técnicas pictóricas, materiales y procedimientos;Normal;Obligatoria;100.00;96.30;96.30;54;52;52;1.00;29/04/2018
2016;Grado;Bellas Artes;Teruel;Facultad de Ciencias Sociales y Humanas de Teruel;Técnicas escultóricas, materiales y procedimientos;Normal;Obligatoria;100.00;98.15;98.15;54;53;53;1.00;29/04/2018
2016;Grado;Bellas Artes;Teruel;Facultad de Ciencias Sociales y Humanas de Teruel;Sistemas de representación I;Normal;Formación básica;70.31;63.38;90.14;74;48;67;1.44;29/04/2018
2016;Grado;Bellas Artes;Teruel;Facultad de Ciencias Sociales y Humanas de Teruel;Análisis de la imagen y de la forma;Normal;Formación básica;100.00;94.64;94.64;56;53;53;1.00;29/04/2018
2016;Grado;Bellas Artes;Teruel;Facultad de Ciencias Sociales y Humanas de Teruel;Teoría e historia del arte;Normal;Formación básica;96.55;94.92;98.31;59;56;58;1.17;29/04/2018
2016;Grado;Bellas Artes;Teruel;Facultad de Ciencias Sociales y Humanas de Teruel;Dibujo II;Normal;Obligatoria;94.59;92.11;97.37;38;35;37;1.08;29/04/2018
2016;Grado;Bellas Artes;Teruel;Facultad de Ciencias Sociales y Humanas de Teruel;Color II;Normal;Obligatoria;100.00;94.74;94.74;38;36;36;1.11;29/04/2018
2016;Grado;Bellas Artes;Teruel;Facultad de Ciencias Sociales y Humanas de Teruel;Volumen II;Normal;Obligatoria;100.00;87.18;87.18;39;34;34;1.00;29/04/2018
2016;Grado;Bellas Artes;Teruel;Facultad de Ciencias Sociales y Humanas de Teruel;Sistemas de representación II;Normal;Obligatoria;36.84;25.93;70.37;58;17;41;1.59;29/04/2018
2016;Grado;Bellas Artes;Teruel;Facultad de Ciencias Sociales y Humanas de Teruel;Imagen y lenguaje audiovisual;Normal;Formación básica;100.00;97.50;97.50;40;39;39;1.18;29/04/2018
2016;Grado;Bellas Artes;Teruel;Facultad de Ciencias Sociales y Humanas de Teruel;Teoría e historia del arte del siglo XX;Normal;Formación básica;100.00;100.00;100.00;34;34;34;1.00;29/04/2018
2016;Grado;Bellas Artes;Teruel;Facultad de Ciencias Sociales y Humanas de Teruel;Metodología de proyectos. Imagen;Normal;Obligatoria;100.00;89.66;89.66;36;32;33;1.00;29/04/2018
2016;Grado;Bellas Artes;Teruel;Facultad de Ciencias Sociales y Humanas de Teruel;Metodología de proyectos. Espacio;Normal;Obligatoria;95.65;66.67;69.70;40;28;29;1.03;29/04/2018
2016;Grado;Bellas Artes;Teruel;Facultad de Ciencias Sociales y Humanas de Teruel;Arte y pensamiento. Estética;Normal;Obligatoria;85.71;82.76;96.55;36;29;34;1.20;29/04/2018
2016;Grado;Bellas Artes;Teruel;Facultad de Ciencias Sociales y Humanas de Teruel;Construcción del discurso artístico;Normal;Obligatoria;96.15;89.29;92.86;33;29;30;1.21;29/04/2018
2016;Grado;Bellas Artes;Teruel;Facultad de Ciencias Sociales y Humanas de Teruel;Últimas tendencias artísticas;Normal;Obligatoria;93.10;93.10;100.00;35;32;34;1.06;29/04/2018
2016;Grado;Bellas Artes;Teruel;Facultad de Ciencias Sociales y Humanas de Teruel;Trabajo fin de Grado;Trabajo fin de grado;Trabajo fin de Grado;100.00;53.06;53.06;51;27;27;1.00;29/04/2018
2016;Grado;Bellas Artes;Teruel;Facultad de Ciencias Sociales y Humanas de Teruel;Técnicas de reproducción gráfica;Normal;Optativa;96.55;93.33;96.67;30;28;29;1.00;29/04/2018
2016;Grado;Bellas Artes;Teruel;Facultad de Ciencias Sociales y Humanas de Teruel;Infografía;Normal;Optativa;96.00;96.00;100.00;26;24;25;1.00;29/04/2018
2016;Grado;Bellas Artes;Teruel;Facultad de Ciencias Sociales y Humanas de Teruel;Introducción al diseño;Normal;Optativa;100.00;93.33;93.33;15;14;14;1.07;29/04/2018
2016;Grado;Bellas Artes;Teruel;Facultad de Ciencias Sociales y Humanas de Teruel;Historia de las ideas estéticas;Normal;Optativa;100.00;80.00;80.00;5;4;4;1.00;29/04/2018
2016;Grado;Bellas Artes;Teruel;Facultad de Ciencias Sociales y Humanas de Teruel;Arte y sociedad contemporánea;Normal;Optativa;100.00;75.00;75.00;4;3;3;1.00;29/04/2018
2016;Grado;Bellas Artes;Teruel;Facultad de Ciencias Sociales y Humanas de Teruel;Inglés para la práctica artística;Normal;Optativa;;;;0;0;0;1.00;29/04/2018
2016;Grado;Bellas Artes;Teruel;Facultad de Ciencias Sociales y Humanas de Teruel;Taller de dibujo;Normal;Optativa;100.00;100.00;100.00;13;13;13;1.00;29/04/2018
2016;Grado;Bellas Artes;Teruel;Facultad de Ciencias Sociales y Humanas de Teruel;Taller de pintura;Normal;Optativa;100.00;100.00;100.00;27;26;27;1.00;29/04/2018
2016;Grado;Bellas Artes;Teruel;Facultad de Ciencias Sociales y Humanas de Teruel;Taller de escultura;Normal;Optativa;90.91;83.33;91.67;15;13;14;1.00;29/04/2018
2016;Grado;Bellas Artes;Teruel;Facultad de Ciencias Sociales y Humanas de Teruel;Taller de grabado I;Normal;Optativa;73.33;73.33;100.00;16;12;16;1.00;29/04/2018
2016;Grado;Bellas Artes;Teruel;Facultad de Ciencias Sociales y Humanas de Teruel;Taller de grabado II;Normal;Optativa;100.00;100.00;100.00;7;7;7;1.00;29/04/2018
2016;Grado;Bellas Artes;Teruel;Facultad de Ciencias Sociales y Humanas de Teruel;Taller de diseño gráfico I;Normal;Optativa;100.00;87.50;87.50;19;17;17;1.12;29/04/2018
2016;Grado;Bellas Artes;Teruel;Facultad de Ciencias Sociales y Humanas de Teruel;Taller de diseño gráfico II;Normal;Optativa;100.00;100.00;100.00;10;10;10;1.00;29/04/2018
2016;Grado;Bellas Artes;Teruel;Facultad de Ciencias Sociales y Humanas de Teruel;Taller de fotografía e imagen digital;Normal;Optativa;100.00;92.86;92.86;16;14;15;1.07;29/04/2018
2016;Grado;Bellas Artes;Teruel;Facultad de Ciencias Sociales y Humanas de Teruel;Taller de ilustración;Normal;Optativa;95.65;88.00;92.00;26;23;24;1.29;29/04/2018
2016;Grado;Bellas Artes;Teruel;Facultad de Ciencias Sociales y Humanas de Teruel;Instalaciones;Normal;Optativa;91.67;73.33;80.00;19;14;16;1.00;29/04/2018
2016;Grado;Bellas Artes;Teruel;Facultad de Ciencias Sociales y Humanas de Teruel;Arte, entorno y espacio público;Normal;Optativa;100.00;87.50;87.50;21;18;19;1.06;29/04/2018
2016;Grado;Bellas Artes;Teruel;Facultad de Ciencias Sociales y Humanas de Teruel;Arte de acción;Normal;Optativa;87.50;87.50;100.00;14;12;14;1.08;29/04/2018
2016;Grado;Bellas Artes;Teruel;Facultad de Ciencias Sociales y Humanas de Teruel;Tratamiento digital de la imagen;Normal;Optativa;100.00;75.00;75.00;16;13;13;1.00;29/04/2018
2016;Grado;Bellas Artes;Teruel;Facultad de Ciencias Sociales y Humanas de Teruel;Animación en 2 y 3D;Normal;Optativa;100.00;94.44;94.44;20;18;18;1.00;29/04/2018
2016;Grado;Bellas Artes;Teruel;Facultad de Ciencias Sociales y Humanas de Teruel;Taller de sonido;Normal;Optativa;;;;2;1;1;1.00;29/04/2018
2016;Grado;Bellas Artes;Teruel;Facultad de Ciencias Sociales y Humanas de Teruel;Diseño web;Normal;Optativa;100.00;76.47;76.47;22;17;18;1.06;29/04/2018
2016;Grado;Bellas Artes;Teruel;Facultad de Ciencias Sociales y Humanas de Teruel;Recursos intermedia;Normal;Optativa;100.00;83.33;83.33;8;6;7;1.00;29/04/2018
2016;Grado;Bellas Artes;Teruel;Facultad de Ciencias Sociales y Humanas de Teruel;Taller de videoarte;Normal;Optativa;100.00;90.91;90.91;15;12;13;1.00;29/04/2018
2016;Grado;Bellas Artes;Teruel;Facultad de Ciencias Sociales y Humanas de Teruel;Net Arte;Normal;Optativa;;;;3;2;3;1.00;29/04/2018
2016;Grado;Bellas Artes;Teruel;Facultad de Ciencias Sociales y Humanas de Teruel;Historia de la fotografía, cine y otros medios audiovisuales;Normal;Optativa;100.00;100.00;100.00;7;7;7;1.12;29/04/2018
2016;Grado;Bellas Artes;Teruel;Facultad de Ciencias Sociales y Humanas de Teruel;Industria cultural. Legislación, difusión y mercado artístico;Normal;Optativa;;;;3;2;3;1.00;29/04/2018
2016;Grado;Bellas Artes;Teruel;Facultad de Ciencias Sociales y Humanas de Teruel;Diseño y gestión del espacio expositivo;Normal;Optativa;100.00;100.00;100.00;8;7;8;1.00;29/04/2018
2016;Grado;Bellas Artes;Teruel;Facultad de Ciencias Sociales y Humanas de Teruel;Prácticas externas;Prácticas externas;Optativa;100.00;93.75;93.75;17;16;16;1.00;29/04/2018
2016;Grado;Bellas Artes;Teruel;Facultad de Ciencias Sociales y Humanas de Teruel;Psicología del arte;Normal;Optativa;100.00;100.00;100.00;15;15;15;1.53;29/04/2018
2016;Grado;Ciencias Ambientales;Huesca;Escuela Politécnica Superior;Bases químicas del medio ambiente;Normal;Formación básica;50.75;42.50;83.75;80;34;67;1.72;29/04/2018
2016;Grado;Ciencias Ambientales;Huesca;Escuela Politécnica Superior;Biología;Normal;Formación básica;43.75;33.98;77.67;103;35;80;2.41;29/04/2018
2016;Grado;Ciencias Ambientales;Huesca;Escuela Politécnica Superior;Fundamentos de geología para el estudio del medio ambiente;Normal;Formación básica;70.97;68.75;96.88;64;44;62;1.28;29/04/2018
2016;Grado;Ciencias Ambientales;Huesca;Escuela Politécnica Superior;Fundamentos matemáticos para el estudio del medio ambiente;Normal;Formación básica;44.83;23.85;53.21;109;26;58;1.94;29/04/2018
2016;Grado;Ciencias Ambientales;Huesca;Escuela Politécnica Superior;Economía aplicada;Normal;Formación básica;100.00;100.00;100.00;4;4;4;2.67;29/04/2018
2016;Grado;Ciencias Ambientales;Huesca;Escuela Politécnica Superior;Administración y legislación ambiental;Normal;Formación básica;76.00;59.38;78.13;64;38;50;1.44;29/04/2018
2016;Grado;Ciencias Ambientales;Huesca;Escuela Politécnica Superior;Bases físicas del medio ambiente;Normal;Formación básica;40.00;19.30;48.25;114;22;55;2.14;29/04/2018
2016;Grado;Ciencias Ambientales;Huesca;Escuela Politécnica Superior;Botánica. Zoología;Normal;Formación básica;;;;1;0;0;;29/04/2018
2016;Grado;Ciencias Ambientales;Huesca;Escuela Politécnica Superior;Edafología;Normal;Formación básica;75.00;66.18;88.24;68;45;60;1.66;29/04/2018
2016;Grado;Ciencias Ambientales;Huesca;Escuela Politécnica Superior;Estadística;Normal;Formación básica;100.00;100.00;100.00;2;2;2;3.00;29/04/2018
2016;Grado;Ciencias Ambientales;Huesca;Escuela Politécnica Superior;Bases de la ingeniería ambiental;Normal;Obligatoria;60.29;48.81;80.95;84;41;68;2.51;29/04/2018
2016;Grado;Ciencias Ambientales;Huesca;Escuela Politécnica Superior;Ecología I;Normal;Obligatoria;93.55;87.88;93.94;33;29;31;1.10;29/04/2018
2016;Grado;Ciencias Ambientales;Huesca;Escuela Politécnica Superior;Sociedad y territorio;Normal;Obligatoria;82.50;82.50;100.00;40;33;40;1.64;29/04/2018
2016;Grado;Ciencias Ambientales;Huesca;Escuela Politécnica Superior;Cartografía y sistemas de información geográfica;Normal;Obligatoria;100.00;87.88;87.88;33;29;29;1.17;29/04/2018
2016;Grado;Ciencias Ambientales;Huesca;Escuela Politécnica Superior;Meteorología y climatología;Normal;Obligatoria;84.38;64.29;76.19;42;27;32;1.82;29/04/2018
2016;Grado;Ciencias Ambientales;Huesca;Escuela Politécnica Superior;Ecología II;Normal;Obligatoria;100.00;94.44;94.44;36;34;34;1.13;29/04/2018
2016;Grado;Ciencias Ambientales;Huesca;Escuela Politécnica Superior;Análisis instrumental en el medio ambiente;Normal;Obligatoria;70.45;58.49;83.02;53;31;44;2.41;29/04/2018
2016;Grado;Ciencias Ambientales;Huesca;Escuela Politécnica Superior;Toxicología ambiental  y salud pública;Normal;Obligatoria;100.00;95.24;95.24;42;40;40;1.28;29/04/2018
2016;Grado;Ciencias Ambientales;Huesca;Escuela Politécnica Superior;Degradación y contaminación de suelos;Normal;Obligatoria;94.12;91.43;97.14;35;32;34;1.24;29/04/2018
2016;Grado;Ciencias Ambientales;Huesca;Escuela Politécnica Superior;Contaminación atmosférica;Normal;Obligatoria;70.00;65.12;93.02;43;28;40;1.37;29/04/2018
2016;Grado;Ciencias Ambientales;Huesca;Escuela Politécnica Superior;Riesgos naturales;Normal;Obligatoria;97.14;97.14;100.00;35;34;35;1.17;29/04/2018
2016;Grado;Ciencias Ambientales;Huesca;Escuela Politécnica Superior;Educación ambiental;Normal;Obligatoria;100.00;100.00;100.00;29;29;29;1.00;29/04/2018
2016;Grado;Ciencias Ambientales;Huesca;Escuela Politécnica Superior;Tecnologías limpias. Energías renovables;Normal;Obligatoria;62.50;60.00;96.00;52;32;50;1.88;29/04/2018
2016;Grado;Ciencias Ambientales;Huesca;Escuela Politécnica Superior;Actividad agrosilvopastoral y medio ambiente;Normal;Obligatoria;88.89;88.89;100.00;36;32;36;1.85;29/04/2018
2016;Grado;Ciencias Ambientales;Huesca;Escuela Politécnica Superior;Contaminación de aguas;Normal;Obligatoria;76.92;76.92;100.00;28;22;28;1.30;29/04/2018
2016;Grado;Ciencias Ambientales;Huesca;Escuela Politécnica Superior;Gestión y conservación de flora y fauna;Normal;Obligatoria;81.08;78.95;97.37;39;31;38;1.35;29/04/2018
2016;Grado;Ciencias Ambientales;Huesca;Escuela Politécnica Superior;Gestión, tratamiento y recuperación de residuos;Normal;Obligatoria;70.97;66.67;93.94;34;23;32;1.09;29/04/2018
2016;Grado;Ciencias Ambientales;Huesca;Escuela Politécnica Superior;Espacios naturales;Normal;Obligatoria;96.55;96.55;100.00;29;28;29;1.29;29/04/2018
2016;Grado;Ciencias Ambientales;Huesca;Escuela Politécnica Superior;Ordenación del territorio y urbanismo;Normal;Obligatoria;89.19;89.19;100.00;40;36;40;1.25;29/04/2018
2016;Grado;Ciencias Ambientales;Huesca;Escuela Politécnica Superior;Proyectos y sistemas de gestión ambiental;Normal;Obligatoria;100.00;100.00;100.00;41;41;41;1.00;29/04/2018
2016;Grado;Ciencias Ambientales;Huesca;Escuela Politécnica Superior;Evaluación de impacto ambiental;Normal;Obligatoria;97.73;93.48;95.65;49;46;47;1.30;29/04/2018
2016;Grado;Ciencias Ambientales;Huesca;Escuela Politécnica Superior;Auditorías ambientales;Normal;Obligatoria;93.62;91.67;97.92;50;46;49;1.13;29/04/2018
2016;Grado;Ciencias Ambientales;Huesca;Escuela Politécnica Superior;Trabajo fin de Grado;Trabajo fin de grado;Trabajo fin de Grado;100.00;68.85;68.85;61;42;42;1.00;29/04/2018
2016;Grado;Ciencias Ambientales;Huesca;Escuela Politécnica Superior;Prácticas externas;Prácticas externas;Prácticas externas;100.00;88.10;88.10;42;37;37;1.00;29/04/2018
2016;Grado;Ciencias Ambientales;Huesca;Escuela Politécnica Superior;Documentación científica y técnica;Normal;Optativa;100.00;100.00;100.00;9;9;9;1.00;29/04/2018
2016;Grado;Ciencias Ambientales;Huesca;Escuela Politécnica Superior;Contaminación radiactiva, acústica y por vibraciones;Normal;Optativa;100.00;88.89;88.89;9;8;8;1.00;29/04/2018
2016;Grado;Ciencias Ambientales;Huesca;Escuela Politécnica Superior;Aplicación de residuos al suelo y fertilidad;Normal;Optativa;100.00;100.00;100.00;3;3;3;1.00;29/04/2018
2016;Grado;Ciencias Ambientales;Huesca;Escuela Politécnica Superior;Tecnología analítica en la detección de contaminantes;Normal;Optativa;100.00;100.00;100.00;13;13;13;1.00;29/04/2018
2016;Grado;Ciencias Ambientales;Huesca;Escuela Politécnica Superior;Química ambiental;Normal;Optativa;100.00;100.00;100.00;18;18;18;1.00;29/04/2018
2016;Grado;Ciencias Ambientales;Huesca;Escuela Politécnica Superior;Biotecnología y conservación de recursos;Normal;Optativa;100.00;91.67;91.67;12;11;11;1.27;29/04/2018
2016;Grado;Ciencias Ambientales;Huesca;Escuela Politécnica Superior;Biogeografía y geobotánica;Normal;Optativa;100.00;100.00;100.00;6;6;6;1.00;29/04/2018
2016;Grado;Ciencias Ambientales;Huesca;Escuela Politécnica Superior;Teledetección ambiental y SIG;Normal;Optativa;100.00;95.24;95.24;22;21;21;1.10;29/04/2018
2016;Grado;Ciencias Ambientales;Huesca;Escuela Politécnica Superior;Análisis e interpretación del paisaje;Normal;Optativa;100.00;100.00;100.00;18;18;18;1.00;29/04/2018
2016;Grado;Ciencias Ambientales;Huesca;Escuela Politécnica Superior;Evaluación de suelos;Normal;Optativa;100.00;100.00;100.00;9;9;9;1.00;29/04/2018
2016;Grado;Ciencias Ambientales;Huesca;Escuela Politécnica Superior;Hidrogeología ambiental;Normal;Optativa;96.00;96.00;100.00;27;26;27;1.00;29/04/2018
2016;Grado;Ciencias Ambientales;Huesca;Escuela Politécnica Superior;Ecosistemas fluviales;Normal;Optativa;100.00;100.00;100.00;18;18;18;1.00;29/04/2018
2016;Grado;Ciencias Ambientales;Huesca;Escuela Politécnica Superior;Actividades clasificadas;Normal;Optativa;100.00;100.00;100.00;8;8;8;1.00;29/04/2018
2016;Grado;Ciencias Ambientales;Huesca;Escuela Politécnica Superior;Medio ambiente y sostenibilidad;Normal;Optativa;88.41;88.41;100.00;69;61;69;1.18;29/04/2018
2016;Grado;Ciencias Ambientales;Huesca;Escuela Politécnica Superior;Botánica;Normal;Optativa;46.03;43.28;94.03;67;29;63;1.50;29/04/2018
2016;Grado;Ciencias Ambientales;Huesca;Escuela Politécnica Superior;Zoología;Normal;Optativa;86.96;85.71;98.57;70;60;69;1.20;29/04/2018
2016;Grado;Ciencias Ambientales;Huesca;Escuela Politécnica Superior;Sociedad y territorio;Normal;Obligatoria;;;;0;0;0;2.00;29/04/2018
2016;Grado;Ciencias Ambientales;Huesca;Escuela Politécnica Superior;Toxicología y salud pública;Normal;Obligatoria;;;;0;0;0;1.20;29/04/2018
2016;Grado;Periodismo;Zaragoza;Facultad de Filosofía y Letras;Lengua española;Normal;Formación básica;100.00;98.44;98.44;64;63;63;1.12;29/04/2018
2016;Grado;Periodismo;Zaragoza;Facultad de Filosofía y Letras;Documentación informativa;Normal;Obligatoria;98.28;93.44;95.08;61;57;58;1.00;29/04/2018
2016;Grado;Periodismo;Zaragoza;Facultad de Filosofía y Letras;Sociología del mundo actual;Normal;Formación básica;98.31;95.08;96.72;61;58;59;1.15;29/04/2018
2016;Grado;Periodismo;Zaragoza;Facultad de Filosofía y Letras;Derecho y deontología de la información (parte I): Derecho;Normal;Obligatoria;100.00;96.88;96.88;64;62;62;1.00;29/04/2018
2016;Grado;Periodismo;Zaragoza;Facultad de Filosofía y Letras;Géneros y redacción periodística I;Normal;Obligatoria;93.75;93.75;100.00;64;60;64;1.03;29/04/2018
2016;Grado;Periodismo;Zaragoza;Facultad de Filosofía y Letras;Historia del mundo actual;Normal;Formación básica;100.00;96.72;96.72;61;59;59;1.00;29/04/2018
2016;Grado;Periodismo;Zaragoza;Facultad de Filosofía y Letras;Instituciones políticas y administrativas contemporáneas;Normal;Formación básica;94.83;88.71;93.55;62;55;58;1.12;29/04/2018
2016;Grado;Periodismo;Zaragoza;Facultad de Filosofía y Letras;Relaciones internacionales;Normal;Formación básica;96.88;93.94;96.97;66;62;64;1.10;29/04/2018
2016;Grado;Periodismo;Zaragoza;Facultad de Filosofía y Letras;Derecho y deontología de la información (Parte 2): Deontología;Normal;Obligatoria;100.00;95.31;95.31;64;61;61;1.00;29/04/2018
2016;Grado;Periodismo;Zaragoza;Facultad de Filosofía y Letras;Géneros y redacción periodística II;Normal;Obligatoria;95.31;92.42;96.97;66;61;64;1.02;29/04/2018
2016;Grado;Periodismo;Zaragoza;Facultad de Filosofía y Letras;Fundamentos de economía;Normal;Formación básica;95.24;90.91;95.45;66;60;63;1.15;29/04/2018
2016;Grado;Periodismo;Zaragoza;Facultad de Filosofía y Letras;Estructura de la comunicación;Normal;Formación básica;96.88;92.54;95.52;67;62;64;1.06;29/04/2018
2016;Grado;Periodismo;Zaragoza;Facultad de Filosofía y Letras;Géneros informativos en radio;Normal;Obligatoria;98.36;96.77;98.39;62;60;61;1.03;29/04/2018
2016;Grado;Periodismo;Zaragoza;Facultad de Filosofía y Letras;Producción de informativos en radio;Normal;Obligatoria;98.39;96.83;98.41;63;61;62;1.07;29/04/2018
2016;Grado;Periodismo;Zaragoza;Facultad de Filosofía y Letras;Bases culturales de la comunicación: Corrientes artísticas contemporáneas;Normal;Obligatoria;100.00;100.00;100.00;4;4;4;1.00;29/04/2018
2016;Grado;Periodismo;Zaragoza;Facultad de Filosofía y Letras;Bases culturales de la comunicación: corrientes literarias contemporáneas;Normal;Obligatoria;100.00;100.00;100.00;4;4;4;1.00;29/04/2018
2016;Grado;Periodismo;Zaragoza;Facultad de Filosofía y Letras;Bases culturales de la comunicación: Historia del cine y otros medios audiovisuales;Normal;Obligatoria;97.83;97.83;100.00;46;45;46;1.07;29/04/2018
2016;Grado;Periodismo;Zaragoza;Facultad de Filosofía y Letras;Bases culturales de la comunicación: Geografía y medio-ambiente;Normal;Obligatoria;100.00;100.00;100.00;5;5;5;1.00;29/04/2018
2016;Grado;Periodismo;Zaragoza;Facultad de Filosofía y Letras;Pragmática y teoría de la argumentación;Normal;Formación básica;100.00;98.31;98.31;59;58;58;1.00;29/04/2018
2016;Grado;Periodismo;Zaragoza;Facultad de Filosofía y Letras;La empresa de comunicación;Normal;Formación básica;90.63;89.23;98.46;65;58;64;1.20;29/04/2018
2016;Grado;Periodismo;Zaragoza;Facultad de Filosofía y Letras;Géneros informativos en TV;Normal;Obligatoria;100.00;100.00;100.00;61;61;61;1.00;29/04/2018
2016;Grado;Periodismo;Zaragoza;Facultad de Filosofía y Letras;Producción de informativos en TV;Normal;Obligatoria;95.08;92.06;96.83;63;58;61;1.14;29/04/2018
2016;Grado;Periodismo;Zaragoza;Facultad de Filosofía y Letras;Técnicas de expresión oral y escrita (parte 1): Expresión oral;Normal;Obligatoria;100.00;97.87;97.87;50;49;49;1.00;29/04/2018
2016;Grado;Periodismo;Zaragoza;Facultad de Filosofía y Letras;Narrativa audiovisual: reportaje y documental;Normal;Obligatoria;100.00;98.00;98.00;53;52;52;1.00;29/04/2018
2016;Grado;Periodismo;Zaragoza;Facultad de Filosofía y Letras;Realización audiovisual: reportaje y documental;Normal;Obligatoria;94.44;92.73;98.18;58;54;57;1.29;29/04/2018
2016;Grado;Periodismo;Zaragoza;Facultad de Filosofía y Letras;Proyecto de comunicación audiovisual;Normal;Obligatoria;100.00;97.96;97.96;50;49;49;1.02;29/04/2018
2016;Grado;Periodismo;Zaragoza;Facultad de Filosofía y Letras;Técnicas de expresión oral y escrita (Parte 2): Expresión escrita;Normal;Obligatoria;100.00;100.00;100.00;51;51;51;1.00;29/04/2018
2016;Grado;Periodismo;Zaragoza;Facultad de Filosofía y Letras;Teoría de la información y de la comunicación;Normal;Obligatoria;96.15;94.34;98.11;58;55;57;1.07;29/04/2018
2016;Grado;Periodismo;Zaragoza;Facultad de Filosofía y Letras;Diseño y edición de publicaciones impresas;Normal;Obligatoria;100.00;92.86;92.86;58;54;54;1.00;29/04/2018
2016;Grado;Periodismo;Zaragoza;Facultad de Filosofía y Letras;Proyecto de comunicación en prensa;Normal;Obligatoria;94.23;85.96;91.23;59;51;54;1.00;29/04/2018
2016;Grado;Periodismo;Zaragoza;Facultad de Filosofía y Letras;Historia del periodismo;Normal;Obligatoria;100.00;100.00;100.00;52;52;52;1.08;29/04/2018
2016;Grado;Periodismo;Zaragoza;Facultad de Filosofía y Letras;Comunicación e información digital;Normal;Obligatoria;97.83;97.83;100.00;52;51;52;1.02;29/04/2018
2016;Grado;Periodismo;Zaragoza;Facultad de Filosofía y Letras;Proyecto de comunicación digital;Normal;Obligatoria;100.00;100.00;100.00;52;52;52;1.00;29/04/2018
2016;Grado;Periodismo;Zaragoza;Facultad de Filosofía y Letras;Elementos de publicidad y relaciones públicas;Normal;Obligatoria;97.78;97.78;100.00;49;48;49;1.00;29/04/2018
2016;Grado;Periodismo;Zaragoza;Facultad de Filosofía y Letras;Opinión pública;Normal;Obligatoria;95.65;93.62;97.87;50;47;49;1.12;29/04/2018
2016;Grado;Periodismo;Zaragoza;Facultad de Filosofía y Letras;Proyectos de comunicación especializada: Magazine radiofónico;Normal;Obligatoria;100.00;100.00;100.00;22;22;22;1.00;29/04/2018
2016;Grado;Periodismo;Zaragoza;Facultad de Filosofía y Letras;Proyectos de comunicación especializada: Comunicación corporativa;Normal;Obligatoria;100.00;90.91;90.91;12;11;11;1.00;29/04/2018
2016;Grado;Periodismo;Zaragoza;Facultad de Filosofía y Letras;Proyectos de comunicación especializada: Suplemento/revista especializada;Normal;Obligatoria;100.00;87.50;87.50;9;8;8;1.00;29/04/2018
2016;Grado;Periodismo;Zaragoza;Facultad de Filosofía y Letras;Proyectos de comunicación especializada: Documental audiovisual (formato largo);Normal;Obligatoria;100.00;100.00;100.00;10;10;10;1.00;29/04/2018
2016;Grado;Periodismo;Zaragoza;Facultad de Filosofía y Letras;Comunicación e identidad corporativa;Normal;Optativa;100.00;100.00;100.00;31;31;31;1.06;29/04/2018
2016;Grado;Periodismo;Zaragoza;Facultad de Filosofía y Letras;Periodismo deportivo;Normal;Optativa;100.00;100.00;100.00;12;12;12;1.00;29/04/2018
2016;Grado;Periodismo;Zaragoza;Facultad de Filosofía y Letras;Periodismo científico;Normal;Optativa;100.00;100.00;100.00;11;11;11;1.00;29/04/2018
2016;Grado;Periodismo;Zaragoza;Facultad de Filosofía y Letras;Comunicación política y electoral;Normal;Optativa;100.00;100.00;100.00;6;6;6;1.00;29/04/2018
2016;Grado;Periodismo;Zaragoza;Facultad de Filosofía y Letras;Periodismo de investigación y precisión;Normal;Optativa;95.12;92.86;97.62;44;40;43;1.02;29/04/2018
2016;Grado;Periodismo;Zaragoza;Facultad de Filosofía y Letras;Reporterismo radiofónico;Normal;Optativa;100.00;93.33;93.33;17;16;16;1.00;29/04/2018
2016;Grado;Periodismo;Zaragoza;Facultad de Filosofía y Letras;Fotoperiodismo y técnica de la imagen;Normal;Optativa;100.00;98.57;98.57;73;72;72;1.00;29/04/2018
2016;Grado;Periodismo;Zaragoza;Facultad de Filosofía y Letras;Teoría de la cultura de masas;Normal;Optativa;100.00;100.00;100.00;11;11;11;1.00;29/04/2018
2016;Grado;Periodismo;Zaragoza;Facultad de Filosofía y Letras;Practicum;Prácticas externas;Optativa;100.00;100.00;100.00;32;32;32;1.00;29/04/2018
2016;Grado;Periodismo;Zaragoza;Facultad de Filosofía y Letras;Diseño gráfico e infografía;Normal;Optativa;100.00;100.00;100.00;13;13;13;1.07;29/04/2018
2016;Grado;Periodismo;Zaragoza;Facultad de Filosofía y Letras;Periodismo local;Normal;Optativa;100.00;100.00;100.00;8;8;8;1.12;29/04/2018
2016;Grado;Periodismo;Zaragoza;Facultad de Filosofía y Letras;Trabajo fin de Grado;Trabajo fin de grado;Trabajo fin de Grado;100.00;74.29;74.29;70;52;52;1.00;29/04/2018
2016;Grado;Periodismo;Zaragoza;Facultad de Filosofía y Letras;Lengua moderna I (Alemán);Normal;Formación básica;;;;0;0;0;1.00;29/04/2018
2016;Grado;Periodismo;Zaragoza;Facultad de Filosofía y Letras;Lengua moderna I (Francés);Normal;Optativa;100.00;75.00;75.00;4;3;3;1.00;29/04/2018
2016;Grado;Periodismo;Zaragoza;Facultad de Filosofía y Letras;Lengua moderna I (Inglés);Normal;Formación básica;80.00;72.73;90.91;33;24;30;1.46;29/04/2018
2016;Grado;Periodismo;Zaragoza;Facultad de Filosofía y Letras;Lengua moderna I (Italiano);Normal;Formación básica;;;;0;0;0;1.00;29/04/2018
2016;Grado;Enfermería;Zaragoza;Facultad de Ciencias de la Salud;Ciencias psicosociales;Normal;Formación básica;;;;0;0;0;1.00;29/04/2018
2016;Grado;Enfermería;Huesca;Escuela Universitaria de Enfermería San Jorge de Huesca;Ciencias psicosociales;Normal;Formación básica;;;;1;0;0;1.00;29/04/2018
2016;Grado;Enfermería;Teruel;Escuela Universitaria de Enfermería de Teruel;Ciencias psicosociales;Normal;Formación básica;;;;0;0;0;1.00;29/04/2018
2016;Grado;Enfermería;Zaragoza;Facultad de Ciencias de la Salud;Anatomía humana;Normal;Formación básica;90.00;82.26;91.40;186;153;170;1.39;29/04/2018
2016;Grado;Enfermería;Huesca;Escuela Universitaria de Enfermería San Jorge de Huesca;Anatomía humana;Normal;Formación básica;91.67;83.02;90.57;53;44;48;1.14;29/04/2018
2016;Grado;Enfermería;Teruel;Escuela Universitaria de Enfermería de Teruel;Anatomía humana;Normal;Formación básica;100.00;100.00;100.00;32;32;32;1.06;29/04/2018
2016;Grado;Enfermería;Zaragoza;Facultad de Ciencias de la Salud;Fundamentos de enfermería;Normal;Obligatoria;92.41;82.02;88.76;178;146;158;1.29;29/04/2018
2016;Grado;Enfermería;Huesca;Escuela Universitaria de Enfermería San Jorge de Huesca;Fundamentos de enfermería;Normal;Obligatoria;100.00;94.23;94.23;52;49;49;1.02;29/04/2018
2016;Grado;Enfermería;Teruel;Escuela Universitaria de Enfermería de Teruel;Fundamentos de enfermería;Normal;Obligatoria;100.00;100.00;100.00;33;33;33;1.00;29/04/2018
2016;Grado;Enfermería;Zaragoza;Facultad de Ciencias de la Salud;Fisiología general;Normal;Formación básica;;;;0;0;0;1.00;29/04/2018
2016;Grado;Enfermería;Huesca;Escuela Universitaria de Enfermería San Jorge de Huesca;Fisiología general;Normal;Formación básica;100.00;100.00;100.00;5;5;5;1.80;29/04/2018
2016;Grado;Enfermería;Teruel;Escuela Universitaria de Enfermería de Teruel;Fisiología general;Normal;Formación básica;;;;0;0;0;1.00;29/04/2018
2016;Grado;Enfermería;Zaragoza;Facultad de Ciencias de la Salud;Estadística aplicada a ciencias de la salud;Normal;Formación básica;97.33;92.41;94.94;158;146;150;1.03;29/04/2018
2016;Grado;Enfermería;Huesca;Escuela Universitaria de Enfermería San Jorge de Huesca;Estadística aplicada a ciencias de la salud;Normal;Formación básica;98.00;92.45;94.34;53;49;50;1.00;29/04/2018
2016;Grado;Enfermería;Teruel;Escuela Universitaria de Enfermería de Teruel;Estadística aplicada a ciencias de la salud;Normal;Formación básica;97.06;97.06;100.00;34;33;34;1.08;29/04/2018
2016;Grado;Enfermería;Zaragoza;Facultad de Ciencias de la Salud;Inglés científico para ciencias de la salud;Normal;Formación básica;100.00;100.00;100.00;1;1;1;1.33;29/04/2018
2016;Grado;Enfermería;Huesca;Escuela Universitaria de Enfermería San Jorge de Huesca;Inglés científico para ciencias de la salud;Normal;Formación básica;100.00;100.00;100.00;1;1;1;1.67;29/04/2018
2016;Grado;Enfermería;Teruel;Escuela Universitaria de Enfermería de Teruel;Inglés científico para ciencias de la salud;Normal;Formación básica;;;;0;0;0;1.00;29/04/2018
2016;Grado;Enfermería;Zaragoza;Facultad de Ciencias de la Salud;Fisiología descriptiva;Normal;Formación básica;;;;1;0;0;1.00;29/04/2018
2016;Grado;Enfermería;Huesca;Escuela Universitaria de Enfermería San Jorge de Huesca;Fisiología descriptiva;Normal;Formación básica;100.00;50.00;50.00;2;1;1;1.00;29/04/2018
2016;Grado;Enfermería;Teruel;Escuela Universitaria de Enfermería de Teruel;Fisiología descriptiva;Normal;Formación básica;100.00;100.00;100.00;1;1;1;1.50;29/04/2018
2016;Grado;Enfermería;Zaragoza;Facultad de Ciencias de la Salud;Metodología de investigación;Normal;Formación básica;;;;2;0;0;1.00;29/04/2018
2016;Grado;Enfermería;Huesca;Escuela Universitaria de Enfermería San Jorge de Huesca;Metodología de investigación;Normal;Formación básica;;;;0;0;0;1.00;29/04/2018
2016;Grado;Enfermería;Teruel;Escuela Universitaria de Enfermería de Teruel;Metodología de investigación;Normal;Formación básica;;;;0;0;0;1.00;29/04/2018
2016;Grado;Enfermería;Zaragoza;Facultad de Ciencias de la Salud;Enfermería comunitaria I;Normal;Obligatoria;70.59;57.14;80.95;21;12;17;2.59;29/04/2018
2016;Grado;Enfermería;Huesca;Escuela Universitaria de Enfermería San Jorge de Huesca;Enfermería comunitaria I;Normal;Obligatoria;100.00;75.00;75.00;4;3;3;1.57;29/04/2018
2016;Grado;Enfermería;Teruel;Escuela Universitaria de Enfermería de Teruel;Enfermería comunitaria I;Normal;Obligatoria;100.00;100.00;100.00;1;1;1;1.00;29/04/2018
2016;Grado;Enfermería;Zaragoza;Facultad de Ciencias de la Salud;Enfermería clínica I;Normal;Obligatoria;;;66.67;6;0;4;1.00;29/04/2018
2016;Grado;Enfermería;Huesca;Escuela Universitaria de Enfermería San Jorge de Huesca;Enfermería clínica I;Normal;Obligatoria;;;;1;0;0;1.00;29/04/2018
2016;Grado;Enfermería;Teruel;Escuela Universitaria de Enfermería de Teruel;Enfermería clínica I;Normal;Obligatoria;100.00;100.00;100.00;2;2;2;2.00;29/04/2018
2016;Grado;Enfermería;Zaragoza;Facultad de Ciencias de la Salud;Estancias clínicas I;Prácticas externas;Obligatoria;100.00;100.00;100.00;3;3;3;1.00;29/04/2018
2016;Grado;Enfermería;Huesca;Escuela Universitaria de Enfermería San Jorge de Huesca;Estancias clínicas I;Prácticas externas;Obligatoria;100.00;100.00;100.00;1;1;1;1.00;29/04/2018
2016;Grado;Enfermería;Teruel;Escuela Universitaria de Enfermería de Teruel;Estancias clínicas I;Prácticas externas;Obligatoria;;;;0;0;0;1.00;29/04/2018
2016;Grado;Enfermería;Zaragoza;Facultad de Ciencias de la Salud;Farmacología y dietética;Normal;Formación básica;80.00;65.12;81.40;43;28;35;2.71;29/04/2018
2016;Grado;Enfermería;Huesca;Escuela Universitaria de Enfermería San Jorge de Huesca;Farmacología y dietética;Normal;Formación básica;57.14;50.00;87.50;8;4;7;2.25;29/04/2018
2016;Grado;Enfermería;Teruel;Escuela Universitaria de Enfermería de Teruel;Farmacología y dietética;Normal;Formación básica;75.00;60.00;80.00;5;3;4;3.25;29/04/2018
2016;Grado;Enfermería;Zaragoza;Facultad de Ciencias de la Salud;Ética y legislación;Normal;Formación básica;100.00;100.00;100.00;4;4;4;1.00;29/04/2018
2016;Grado;Enfermería;Huesca;Escuela Universitaria de Enfermería San Jorge de Huesca;Ética y legislación;Normal;Formación básica;;;;0;0;0;1.00;29/04/2018
2016;Grado;Enfermería;Teruel;Escuela Universitaria de Enfermería de Teruel;Ética y legislación;Normal;Formación básica;;;;0;0;0;1.00;29/04/2018
2016;Grado;Enfermería;Zaragoza;Facultad de Ciencias de la Salud;Enfermería clínica II;Normal;Obligatoria;97.28;91.67;94.23;156;143;147;1.09;29/04/2018
2016;Grado;Enfermería;Huesca;Escuela Universitaria de Enfermería San Jorge de Huesca;Enfermería clínica II;Normal;Obligatoria;96.36;92.98;96.49;59;55;57;1.27;29/04/2018
2016;Grado;Enfermería;Teruel;Escuela Universitaria de Enfermería de Teruel;Enfermería clínica II;Normal;Obligatoria;89.19;86.84;97.37;38;33;37;1.12;29/04/2018
2016;Grado;Enfermería;Zaragoza;Facultad de Ciencias de la Salud;Estancias clínicas II;Prácticas externas;Obligatoria;98.56;97.86;99.29;147;144;146;1.00;29/04/2018
2016;Grado;Enfermería;Huesca;Escuela Universitaria de Enfermería San Jorge de Huesca;Estancias clínicas II;Prácticas externas;Prácticas externas;98.04;98.04;100.00;53;52;53;1.00;29/04/2018
2016;Grado;Enfermería;Teruel;Escuela Universitaria de Enfermería de Teruel;Estancias clínicas II;Prácticas externas;Obligatoria;100.00;100.00;100.00;34;34;34;1.00;29/04/2018
2016;Grado;Enfermería;Zaragoza;Facultad de Ciencias de la Salud;Enfermería comunitaria II;Normal;Obligatoria;97.99;96.69;98.68;151;146;149;1.13;29/04/2018
2016;Grado;Enfermería;Huesca;Escuela Universitaria de Enfermería San Jorge de Huesca;Enfermería comunitaria II;Normal;Obligatoria;94.44;94.44;100.00;56;53;56;1.28;29/04/2018
2016;Grado;Enfermería;Teruel;Escuela Universitaria de Enfermería de Teruel;Enfermería comunitaria II;Normal;Obligatoria;87.80;83.72;95.35;43;36;41;1.62;29/04/2018
2016;Grado;Enfermería;Zaragoza;Facultad de Ciencias de la Salud;Enfermería ciclo vital.  Materno infantil;Normal;Obligatoria;100.00;99.28;99.28;139;138;138;1.00;29/04/2018
2016;Grado;Enfermería;Huesca;Escuela Universitaria de Enfermería San Jorge de Huesca;Enfermería ciclo vital.  Materno infantil;Normal;Obligatoria;100.00;100.00;100.00;50;50;50;1.02;29/04/2018
2016;Grado;Enfermería;Teruel;Escuela Universitaria de Enfermería de Teruel;Enfermería ciclo vital.  Materno infantil;Normal;Obligatoria;100.00;97.14;97.14;35;34;34;1.15;29/04/2018
2016;Grado;Enfermería;Zaragoza;Facultad de Ciencias de la Salud;Enfermería psicosocial y de salud mental;Normal;Obligatoria;99.26;97.10;97.83;138;134;135;1.00;29/04/2018
2016;Grado;Enfermería;Huesca;Escuela Universitaria de Enfermería San Jorge de Huesca;Enfermería psicosocial y de salud mental;Normal;Obligatoria;100.00;100.00;100.00;48;48;48;1.00;29/04/2018
2016;Grado;Enfermería;Teruel;Escuela Universitaria de Enfermería de Teruel;Enfermería psicosocial y de salud mental;Normal;Obligatoria;100.00;97.06;97.06;34;33;33;1.24;29/04/2018
2016;Grado;Enfermería;Zaragoza;Facultad de Ciencias de la Salud;Enfermería ciclo vital. Enfermería geriátrica;Normal;Obligatoria;99.30;98.60;99.30;143;141;142;1.01;29/04/2018
2016;Grado;Enfermería;Huesca;Escuela Universitaria de Enfermería San Jorge de Huesca;Enfermería ciclo vital. Enfermería geriátrica;Normal;Obligatoria;100.00;100.00;100.00;54;54;54;1.11;29/04/2018
2016;Grado;Enfermería;Teruel;Escuela Universitaria de Enfermería de Teruel;Enfermería ciclo vital. Enfermería geriátrica;Normal;Obligatoria;100.00;97.14;97.14;35;34;34;1.06;29/04/2018
2016;Grado;Enfermería;Zaragoza;Facultad de Ciencias de la Salud;Practicum;Prácticas externas;Obligatoria;100.00;100.00;100.00;169;169;169;1.00;29/04/2018
2016;Grado;Enfermería;Huesca;Escuela Universitaria de Enfermería San Jorge de Huesca;Practicum;Prácticas externas;Obligatoria;100.00;100.00;100.00;40;40;40;1.02;29/04/2018
2016;Grado;Enfermería;Teruel;Escuela Universitaria de Enfermería de Teruel;Practicum;Prácticas externas;Obligatoria;100.00;100.00;100.00;29;29;29;1.00;29/04/2018
2016;Grado;Enfermería;Zaragoza;Facultad de Ciencias de la Salud;Enfermería clínica III;Normal;Obligatoria;97.63;97.06;99.41;170;165;169;1.16;29/04/2018
2016;Grado;Enfermería;Huesca;Escuela Universitaria de Enfermería San Jorge de Huesca;Enfermería clínica III;Normal;Obligatoria;95.24;95.24;100.00;42;40;42;1.22;29/04/2018
2016;Grado;Enfermería;Teruel;Escuela Universitaria de Enfermería de Teruel;Enfermería clínica III;Normal;Obligatoria;96.77;93.75;96.88;32;30;31;1.03;29/04/2018
2016;Grado;Enfermería;Zaragoza;Facultad de Ciencias de la Salud;Gestión de enfermería;Normal;Obligatoria;100.00;100.00;100.00;172;172;172;1.00;29/04/2018
2016;Grado;Enfermería;Huesca;Escuela Universitaria de Enfermería San Jorge de Huesca;Gestión de enfermería;Normal;Obligatoria;100.00;100.00;100.00;40;40;40;1.05;29/04/2018
2016;Grado;Enfermería;Teruel;Escuela Universitaria de Enfermería de Teruel;Gestión de enfermería;Normal;Obligatoria;100.00;100.00;100.00;29;29;29;1.34;29/04/2018
2016;Grado;Enfermería;Zaragoza;Facultad de Ciencias de la Salud;Trabajo fin de Grado;Trabajo fin de grado;Trabajo fin de Grado;100.00;98.81;98.81;168;166;166;1.00;29/04/2018
2016;Grado;Enfermería;Huesca;Escuela Universitaria de Enfermería San Jorge de Huesca;Trabajo fin de Grado;Trabajo fin de grado;Trabajo fin de Grado;100.00;97.50;97.50;40;39;39;1.00;29/04/2018
2016;Grado;Enfermería;Teruel;Escuela Universitaria de Enfermería de Teruel;Trabajo fin de Grado;Trabajo fin de grado;Trabajo fin de Grado;100.00;90.63;90.63;32;29;29;1.00;29/04/2018
2016;Movilidad de entrada;Movilidad para 1º y 2º ciclo y grado;Zaragoza;Facultad de Ciencias de la Salud;Trabajo fin de Grado;Trabajo fin de grado;Optativa;100.00;100.00;100.00;2;2;2;1.00;29/04/2018
2016;Movilidad de entrada;Movilidad para 1º y 2º ciclo y grado;Huesca;Escuela Universitaria de Enfermería San Jorge de Huesca;Trabajo fin de Grado;Trabajo fin de grado;Optativa;100.00;100.00;100.00;1;1;1;1.00;29/04/2018
2016;Grado;Enfermería;Zaragoza;Facultad de Ciencias de la Salud;Técnicas diagnósticas por la imagen;Normal;Optativa;100.00;99.35;99.35;154;153;153;1.00;29/04/2018
2016;Grado;Enfermería;Huesca;Escuela Universitaria de Enfermería San Jorge de Huesca;Técnicas diagnósticas por la imagen;Normal;Optativa;100.00;100.00;100.00;19;19;19;1.00;29/04/2018
2016;Grado;Enfermería;Teruel;Escuela Universitaria de Enfermería de Teruel;Técnicas diagnósticas por la imagen;Normal;Optativa;100.00;100.00;100.00;18;18;18;1.05;29/04/2018
2016;Grado;Enfermería;Huesca;Escuela Universitaria de Enfermería San Jorge de Huesca;Bases sociales y culturales de los cuidados;Normal;Optativa;100.00;100.00;100.00;21;21;21;1.00;29/04/2018
2016;Grado;Enfermería;Teruel;Escuela Universitaria de Enfermería de Teruel;Bases sociales y culturales de los cuidados;Normal;Optativa;100.00;100.00;100.00;12;12;12;1.00;29/04/2018
2016;Grado;Enfermería;Zaragoza;Facultad de Ciencias de la Salud;Diagnóstico y tratamiento de las patologías de la comunicación;Normal;Optativa;100.00;100.00;100.00;9;9;9;1.00;29/04/2018
2016;Grado;Enfermería;Zaragoza;Facultad de Ciencias de la Salud;Ciencias psicosociales, culturales y habilidades de comunicación;Normal;Formación básica;94.12;92.90;98.71;155;144;153;1.03;29/04/2018
2016;Grado;Enfermería;Huesca;Escuela Universitaria de Enfermería San Jorge de Huesca;Ciencias psicosociales, culturales y habilidades de comunicación;Normal;Formación básica;92.31;85.71;92.86;56;48;52;1.06;29/04/2018
2016;Grado;Enfermería;Teruel;Escuela Universitaria de Enfermería de Teruel;Ciencias psicosociales, culturales y habilidades de comunicación;Normal;Formación básica;100.00;100.00;100.00;31;31;31;1.00;29/04/2018
2016;Grado;Enfermería;Zaragoza;Facultad de Ciencias de la Salud;Fisiología general y descriptiva;Normal;Formación básica;96.00;86.75;90.36;166;144;150;1.10;29/04/2018
2016;Grado;Enfermería;Huesca;Escuela Universitaria de Enfermería San Jorge de Huesca;Fisiología general y descriptiva;Normal;Formación básica;80.77;73.68;91.23;57;42;52;1.42;29/04/2018
2016;Grado;Enfermería;Teruel;Escuela Universitaria de Enfermería de Teruel;Fisiología general y descriptiva;Normal;Formación básica;100.00;100.00;100.00;32;32;32;1.00;29/04/2018
2016;Grado;Enfermería;Zaragoza;Facultad de Ciencias de la Salud;Bases celulares y moleculares de la fisiopatología humana;Normal;Formación básica;96.41;93.60;97.09;172;161;167;1.40;29/04/2018
2016;Grado;Enfermería;Huesca;Escuela Universitaria de Enfermería San Jorge de Huesca;Bases celulares y moleculares de la fisiopatología humana;Normal;Formación básica;92.73;92.73;100.00;55;51;55;1.24;29/04/2018
2016;Grado;Enfermería;Teruel;Escuela Universitaria de Enfermería de Teruel;Bases celulares y moleculares de la fisiopatología humana;Normal;Formación básica;100.00;100.00;100.00;34;34;34;1.03;29/04/2018
2016;Grado;Enfermería;Zaragoza;Facultad de Ciencias de la Salud;Metodología de investigación en ciencias de la salud. Sistemas de información y nuevas tecnologías;Normal;Formación básica;91.84;85.99;93.63;157;135;147;1.12;29/04/2018
2016;Grado;Enfermería;Huesca;Escuela Universitaria de Enfermería San Jorge de Huesca;Metodología de investigación en ciencias de la salud. Sistemas de información y nuevas tecnologías;Normal;Formación básica;98.15;96.36;98.18;55;53;54;1.05;29/04/2018
2016;Grado;Enfermería;Teruel;Escuela Universitaria de Enfermería de Teruel;Metodología de investigación en ciencias de la salud. Sistemas de información y nuevas tecnologías;Normal;Formación básica;100.00;100.00;100.00;32;32;32;1.11;29/04/2018
2016;Grado;Enfermería;Zaragoza;Facultad de Ciencias de la Salud;Bases fisiológicas de la nutrición y de los fármacos;Normal;Formación básica;80.80;75.94;93.98;133;101;125;1.10;29/04/2018
2016;Grado;Enfermería;Huesca;Escuela Universitaria de Enfermería San Jorge de Huesca;Bases fisiológicas de la nutrición y de los fármacos;Normal;Formación básica;100.00;100.00;100.00;44;44;44;1.09;29/04/2018
2016;Grado;Enfermería;Teruel;Escuela Universitaria de Enfermería de Teruel;Bases fisiológicas de la nutrición y de los fármacos;Normal;Formación básica;100.00;100.00;100.00;30;30;30;1.00;29/04/2018
2016;Grado;Enfermería;Zaragoza;Facultad de Ciencias de la Salud;Ética y legislación sanitaria;Normal;Formación básica;98.52;97.79;99.26;136;133;135;1.00;29/04/2018
2016;Grado;Enfermería;Huesca;Escuela Universitaria de Enfermería San Jorge de Huesca;Ética y legislación sanitaria;Normal;Formación básica;100.00;100.00;100.00;44;44;44;1.20;29/04/2018
2016;Grado;Enfermería;Teruel;Escuela Universitaria de Enfermería de Teruel;Ética y legislación sanitaria;Normal;Formación básica;100.00;100.00;100.00;29;29;29;1.00;29/04/2018
2016;Grado;Enfermería;Zaragoza;Facultad de Ciencias de la Salud;Enfermería geriátrica;Normal;Obligatoria;98.56;98.56;100.00;139;137;139;1.01;29/04/2018
2016;Grado;Enfermería;Huesca;Escuela Universitaria de Enfermería San Jorge de Huesca;Enfermería geriátrica;Normal;Obligatoria;100.00;100.00;100.00;44;44;44;1.16;29/04/2018
2016;Grado;Enfermería;Teruel;Escuela Universitaria de Enfermería de Teruel;Enfermería geriátrica;Normal;Obligatoria;96.67;96.67;100.00;30;29;30;1.03;29/04/2018
2016;Grado;Enfermería;Zaragoza;Facultad de Ciencias de la Salud;Enfermería comunitaria I;Normal;Obligatoria;96.21;93.38;97.06;136;127;132;1.17;29/04/2018
2016;Grado;Enfermería;Huesca;Escuela Universitaria de Enfermería San Jorge de Huesca;Enfermería comunitaria I;Normal;Obligatoria;100.00;97.73;97.73;44;43;43;1.09;29/04/2018
2016;Grado;Enfermería;Teruel;Escuela Universitaria de Enfermería de Teruel;Enfermería comunitaria I;Normal;Obligatoria;90.00;90.00;100.00;30;27;30;1.04;29/04/2018
2016;Grado;Enfermería;Zaragoza;Facultad de Ciencias de la Salud;Enfermería clínica I;Normal;Obligatoria;100.00;98.56;98.56;139;137;137;1.03;29/04/2018
2016;Grado;Enfermería;Huesca;Escuela Universitaria de Enfermería San Jorge de Huesca;Enfermería clínica I;Normal;Obligatoria;100.00;100.00;100.00;44;44;44;1.04;29/04/2018
2016;Grado;Enfermería;Teruel;Escuela Universitaria de Enfermería de Teruel;Enfermería clínica I;Normal;Obligatoria;100.00;100.00;100.00;30;30;30;1.00;29/04/2018
2016;Grado;Enfermería;Zaragoza;Facultad de Ciencias de la Salud;Enfermería clínica II;Normal;Obligatoria;100.00;97.83;97.83;138;135;135;1.03;29/04/2018
2016;Grado;Enfermería;Huesca;Escuela Universitaria de Enfermería San Jorge de Huesca;Enfermería clínica II;Normal;Obligatoria;100.00;100.00;100.00;44;44;44;1.00;29/04/2018
2016;Grado;Enfermería;Teruel;Escuela Universitaria de Enfermería de Teruel;Enfermería clínica II;Normal;Obligatoria;100.00;100.00;100.00;30;30;30;1.00;29/04/2018
2016;Grado;Enfermería;Zaragoza;Facultad de Ciencias de la Salud;Estancias clínicas I;Prácticas externas;Prácticas externas;100.00;100.00;100.00;136;136;136;1.00;29/04/2018
2016;Grado;Enfermería;Huesca;Escuela Universitaria de Enfermería San Jorge de Huesca;Estancias clínicas I;Prácticas externas;Prácticas externas;100.00;100.00;100.00;44;44;44;1.00;29/04/2018
2016;Grado;Enfermería;Teruel;Escuela Universitaria de Enfermería de Teruel;Estancias clínicas I;Prácticas externas;Prácticas externas;100.00;100.00;100.00;30;30;30;1.00;29/04/2018
2016;Grado;Enfermería;Huesca;Escuela Universitaria de Enfermería San Jorge de Huesca;Farmacoterapia y dietoterapia;Normal;Obligatoria;;;;0;0;0;1.00;29/04/2018
2016;Grado;Enfermería;Zaragoza;Facultad de Ciencias de la Salud;Ciencias psicosociales aplicadas y enfermería de salud mental;Normal;Obligatoria;;;;0;0;0;1.00;29/04/2018
2016;Grado;Enfermería;Huesca;Escuela Universitaria de Enfermería San Jorge de Huesca;Ciencias psicosociales aplicadas y enfermería de salud mental;Normal;Obligatoria;;;;0;0;0;1.00;29/04/2018
2016;Grado;Enfermería;Zaragoza;Facultad de Ciencias de la Salud;Inglés científico para enfermería;Normal;Optativa;;;;0;0;0;1.00;29/04/2018
2016;Grado;Enfermería;Teruel;Escuela Universitaria de Enfermería de Teruel;Inglés científico para enfermería;Normal;Optativa;;;;0;0;0;1.00;29/04/2018
2016;Grado;Filosofía;Zaragoza;Facultad de Filosofía y Letras;Filosofía y política en el mundo contemporáneo;Normal;Formación básica;96.23;86.44;89.83;59;51;53;1.16;29/04/2018
2016;Grado;Filosofía;Zaragoza;Facultad de Filosofía y Letras;Antropología filosófica;Normal;Formación básica;66.04;53.85;81.54;65;35;53;1.31;29/04/2018
2016;Grado;Filosofía;Zaragoza;Facultad de Filosofía y Letras;Introducción a los problemas filosóficos;Normal;Formación básica;95.45;79.25;83.02;53;42;44;1.02;29/04/2018
2016;Grado;Filosofía;Zaragoza;Facultad de Filosofía y Letras;Teorías éticas;Normal;Formación básica;85.71;60.00;70.00;60;36;42;1.42;29/04/2018
2016;Grado;Filosofía;Zaragoza;Facultad de Filosofía y Letras;Filosofía de la cultura;Normal;Formación básica;94.59;68.63;72.55;51;35;37;1.17;29/04/2018
2016;Grado;Filosofía;Zaragoza;Facultad de Filosofía y Letras;Pensamiento feminista;Normal;Formación básica;85.00;53.13;62.50;64;34;40;1.32;29/04/2018
2016;Grado;Filosofía;Zaragoza;Facultad de Filosofía y Letras;Epistemología de las ciencias humanas;Normal;Formación básica;90.00;63.16;70.18;57;36;40;1.19;29/04/2018
2016;Grado;Filosofía;Zaragoza;Facultad de Filosofía y Letras;Introducción a la lógica;Normal;Formación básica;64.15;43.59;67.95;78;34;53;1.53;29/04/2018
2016;Grado;Filosofía;Zaragoza;Facultad de Filosofía y Letras;Teorías filosóficas de la ciudadanía;Normal;Formación básica;76.32;55.77;73.08;52;29;38;1.21;29/04/2018
2016;Grado;Filosofía;Zaragoza;Facultad de Filosofía y Letras;Filosofía de la imagen;Normal;Formación básica;67.35;48.53;72.06;68;33;49;1.48;29/04/2018
2016;Grado;Filosofía;Zaragoza;Facultad de Filosofía y Letras;Lógica formal;Normal;Obligatoria;76.92;51.72;67.24;59;31;40;1.42;29/04/2018
2016;Grado;Filosofía;Zaragoza;Facultad de Filosofía y Letras;Teoría del conocimiento;Normal;Obligatoria;95.35;77.36;81.13;53;41;43;1.17;29/04/2018
2016;Grado;Filosofía;Zaragoza;Facultad de Filosofía y Letras;Filosofía política I;Normal;Obligatoria;100.00;87.50;87.50;40;35;35;1.06;29/04/2018
2016;Grado;Filosofía;Zaragoza;Facultad de Filosofía y Letras;Historia de la filosofía antigua I;Normal;Obligatoria;100.00;67.39;67.39;47;32;32;1.00;29/04/2018
2016;Grado;Filosofía;Zaragoza;Facultad de Filosofía y Letras;Historia de la filosofía medieval;Normal;Obligatoria;77.50;58.49;75.47;54;32;41;1.25;29/04/2018
2016;Grado;Filosofía;Zaragoza;Facultad de Filosofía y Letras;Filosofía del lenguaje;Normal;Obligatoria;80.95;65.38;80.77;52;34;42;1.12;29/04/2018
2016;Grado;Filosofía;Zaragoza;Facultad de Filosofía y Letras;Filosofía política II;Normal;Obligatoria;100.00;70.27;70.27;37;26;26;1.00;29/04/2018
2016;Grado;Filosofía;Zaragoza;Facultad de Filosofía y Letras;Historia de la filosofía antigua II;Normal;Obligatoria;97.50;82.98;85.11;47;39;40;1.13;29/04/2018
2016;Grado;Filosofía;Zaragoza;Facultad de Filosofía y Letras;Estética I;Normal;Obligatoria;100.00;87.23;87.23;47;41;41;1.05;29/04/2018
2016;Grado;Filosofía;Zaragoza;Facultad de Filosofía y Letras;Historia de la filosofía moderna I;Normal;Obligatoria;86.67;74.29;85.71;37;28;32;1.11;29/04/2018
2016;Grado;Filosofía;Zaragoza;Facultad de Filosofía y Letras;Filosofía social;Normal;Obligatoria;83.87;65.00;77.50;43;29;34;1.17;29/04/2018
2016;Grado;Filosofía;Zaragoza;Facultad de Filosofía y Letras;Filosofia de la ciencia;Normal;Obligatoria;62.96;37.78;60.00;50;22;32;1.45;29/04/2018
2016;Grado;Filosofía;Zaragoza;Facultad de Filosofía y Letras;Estética II;Normal;Obligatoria;96.15;69.44;72.22;38;26;27;1.07;29/04/2018
2016;Grado;Filosofía;Zaragoza;Facultad de Filosofía y Letras;Historia de la filosofía moderna II;Normal;Obligatoria;100.00;86.11;86.11;39;34;34;1.00;29/04/2018
2016;Grado;Filosofía;Zaragoza;Facultad de Filosofía y Letras;Historia de la filosofía del siglo XIX;Normal;Obligatoria;97.22;81.40;83.72;46;38;39;1.26;29/04/2018
2016;Grado;Filosofía;Zaragoza;Facultad de Filosofía y Letras;Corrientes actuales de la filosofía I;Normal;Obligatoria;86.36;86.36;100.00;27;24;27;1.04;29/04/2018
2016;Grado;Filosofía;Zaragoza;Facultad de Filosofía y Letras;Problemas fundamentales de la filosofía contemporánea;Normal;Obligatoria;89.47;80.95;90.48;28;23;26;1.13;29/04/2018
2016;Grado;Filosofía;Zaragoza;Facultad de Filosofía y Letras;Metafísica;Normal;Obligatoria;71.43;62.50;87.50;30;21;27;1.29;29/04/2018
2016;Grado;Filosofía;Zaragoza;Facultad de Filosofía y Letras;Corrientes actuales de la filosofía II;Normal;Obligatoria;95.24;95.24;100.00;29;27;29;1.04;29/04/2018
2016;Grado;Filosofía;Zaragoza;Facultad de Filosofía y Letras;Trabajo fin de Grado;Trabajo fin de grado;Trabajo fin de Grado;92.31;63.16;68.42;19;12;13;1.08;29/04/2018
2016;Grado;Filosofía;Zaragoza;Facultad de Filosofía y Letras;Textos clásicos y problemas de la filosofía griega;Normal;Optativa;100.00;100.00;100.00;16;16;16;1.00;29/04/2018
2016;Grado;Filosofía;Zaragoza;Facultad de Filosofía y Letras;Textos y problemas de filosofía moderna;Normal;Optativa;88.89;72.73;81.82;15;10;11;1.00;29/04/2018
2016;Grado;Filosofía;Zaragoza;Facultad de Filosofía y Letras;Textos y problemas de la filosofía del siglo XIX;Normal;Optativa;100.00;77.78;77.78;9;7;7;1.00;29/04/2018
2016;Grado;Filosofía;Zaragoza;Facultad de Filosofía y Letras;Textos y problemas de la filosofía contemporánea;Normal;Optativa;58.33;58.33;100.00;14;9;14;1.11;29/04/2018
2016;Grado;Filosofía;Zaragoza;Facultad de Filosofía y Letras;Textos y problemas de la filosofía política contemporánea;Normal;Optativa;100.00;50.00;50.00;6;4;4;1.00;29/04/2018
2016;Grado;Filosofía;Zaragoza;Facultad de Filosofía y Letras;Textos y problemas de la filosofía feminista;Normal;Optativa;100.00;60.00;60.00;7;4;5;1.00;29/04/2018
2016;Grado;Filosofía;Zaragoza;Facultad de Filosofía y Letras;Filosofía de la historia;Normal;Optativa;100.00;62.50;62.50;10;7;7;1.00;29/04/2018
2016;Grado;Filosofía;Zaragoza;Facultad de Filosofía y Letras;Filosofía española e iberoamericana;Normal;Optativa;84.62;68.75;81.25;16;11;13;1.00;29/04/2018
2016;Grado;Filosofía;Zaragoza;Facultad de Filosofía y Letras;Filosofía del cuerpo;Normal;Optativa;100.00;80.00;80.00;13;11;11;1.18;29/04/2018
2016;Grado;Filosofía;Zaragoza;Facultad de Filosofía y Letras;Bioética;Normal;Optativa;100.00;90.00;90.00;21;19;19;1.00;29/04/2018
2016;Grado;Filosofía;Zaragoza;Facultad de Filosofía y Letras;Filosofía y cine;Normal;Optativa;100.00;70.00;70.00;11;8;8;1.00;29/04/2018
2016;Grado;Filosofía;Zaragoza;Facultad de Filosofía y Letras;Filosofía del arte contemporáneo;Normal;Optativa;100.00;80.00;80.00;6;5;5;1.00;29/04/2018
2016;Grado;Filosofía;Zaragoza;Facultad de Filosofía y Letras;Ciencia, tecnología y sociedad;Normal;Optativa;100.00;85.71;85.71;9;7;7;1.00;29/04/2018
2016;Grado;Filosofía;Zaragoza;Facultad de Filosofía y Letras;Filosofía de la mente;Normal;Optativa;93.33;77.78;83.33;19;15;16;1.00;29/04/2018
2016;Grado;Filosofía;Zaragoza;Facultad de Filosofía y Letras;Teorías del significado;Normal;Optativa;100.00;100.00;100.00;3;3;3;1.00;29/04/2018
2016;Grado;Filosofía;Zaragoza;Facultad de Filosofía y Letras;Ontología del presente;Normal;Optativa;100.00;76.92;76.92;13;10;10;1.00;29/04/2018
2016;Grado;Filosofía;Zaragoza;Facultad de Filosofía y Letras;Filosofía helenística y romana;Normal;Optativa;100.00;86.36;86.36;22;19;19;1.05;29/04/2018
2016;Grado;Filosofía;Zaragoza;Facultad de Filosofía y Letras;Filosofía comparada: oriente y occidente;Normal;Optativa;100.00;78.95;78.95;21;17;17;1.00;29/04/2018
2016;Grado;Filosofía;Zaragoza;Facultad de Filosofía y Letras;Pensamiento musulmán y judío;Normal;Optativa;96.97;96.97;100.00;34;33;34;1.00;29/04/2018
2016;Grado;Filosofía;Zaragoza;Facultad de Filosofía y Letras;Pensamiento postcolonial;Normal;Optativa;75.00;60.00;80.00;10;6;8;1.17;29/04/2018
2016;Grado;Filosofía;Zaragoza;Facultad de Filosofía y Letras;Lengua griega;Normal;Optativa;100.00;100.00;100.00;2;2;2;1.00;29/04/2018
2016;Grado;Filosofía;Zaragoza;Facultad de Filosofía y Letras;Historia del arte I;Normal;Optativa;;;;0;0;0;1.00;29/04/2018
2016;Grado;Filosofía;Zaragoza;Facultad de Filosofía y Letras;Historia del mundo contemporáneo II (siglo XX);Normal;Optativa;100.00;100.00;100.00;3;3;3;1.00;29/04/2018
2016;Grado;Filosofía;Zaragoza;Facultad de Filosofía y Letras;Información y documentación en humanidades;Normal;Optativa;100.00;100.00;100.00;1;1;1;1.00;29/04/2018
2016;Grado;Filosofía;Zaragoza;Facultad de Filosofía y Letras;Lengua moderna para Filosofía (inglés);Normal;Optativa;100.00;85.71;85.71;7;6;6;1.17;29/04/2018
2016;Grado;Fisioterapia;Zaragoza;Facultad de Ciencias de la Salud;Anatomía I. Anatomía general y del movimiento;Normal;Formación básica;86.67;70.27;81.08;74;52;60;1.33;29/04/2018
2016;Grado;Fisioterapia;Zaragoza;Facultad de Ciencias de la Salud;Inglés científico;Normal;Formación básica;91.80;90.32;98.39;62;56;61;1.25;29/04/2018
2016;Grado;Fisioterapia;Zaragoza;Facultad de Ciencias de la Salud;Francés científico;Normal;Formación básica;100.00;100.00;100.00;5;5;5;1.00;29/04/2018
2016;Grado;Fisioterapia;Zaragoza;Facultad de Ciencias de la Salud;Metodología de investigación;Normal;Formación básica;84.75;84.75;100.00;59;50;59;1.08;29/04/2018
2016;Grado;Fisioterapia;Zaragoza;Facultad de Ciencias de la Salud;Fundamentos de fisioterapia;Normal;Obligatoria;96.61;95.00;98.33;60;57;59;1.07;29/04/2018
2016;Grado;Fisioterapia;Zaragoza;Facultad de Ciencias de la Salud;Anatomía II. Anatomía de aparatos y sistemas;Normal;Formación básica;88.89;78.87;88.73;71;56;63;1.19;29/04/2018
2016;Grado;Fisioterapia;Zaragoza;Facultad de Ciencias de la Salud;Fisiología humana;Normal;Formación básica;89.66;86.67;96.67;60;52;58;1.32;29/04/2018
2016;Grado;Fisioterapia;Zaragoza;Facultad de Ciencias de la Salud;Cinesiología;Normal;Formación básica;89.83;80.30;89.39;66;53;59;1.39;29/04/2018
2016;Grado;Fisioterapia;Zaragoza;Facultad de Ciencias de la Salud;Salud pública y fisioterapia comunitaria;Normal;Obligatoria;96.61;90.48;93.65;63;57;59;1.24;29/04/2018
2016;Grado;Fisioterapia;Zaragoza;Facultad de Ciencias de la Salud;Valoración en fisioterapia I;Normal;Obligatoria;98.31;95.08;96.72;61;58;59;1.03;29/04/2018
2016;Grado;Fisioterapia;Zaragoza;Facultad de Ciencias de la Salud;Biomecánica y análisis del movimiento;Normal;Formación básica;90.32;80.00;88.57;70;56;62;1.17;29/04/2018
2016;Grado;Fisioterapia;Zaragoza;Facultad de Ciencias de la Salud;Psicosociología de la salud;Normal;Formación básica;98.21;90.16;91.80;61;55;56;1.14;29/04/2018
2016;Grado;Fisioterapia;Zaragoza;Facultad de Ciencias de la Salud;Procedimientos generales de intervención en fisioterapia I;Normal;Obligatoria;100.00;96.61;96.61;59;57;57;1.00;29/04/2018
2016;Grado;Fisioterapia;Zaragoza;Facultad de Ciencias de la Salud;Cinesiterapia;Normal;Obligatoria;93.65;89.39;95.45;66;59;63;1.10;29/04/2018
2016;Grado;Fisioterapia;Zaragoza;Facultad de Ciencias de la Salud;Procedimientos generales de intervención en fisioterapia II;Normal;Obligatoria;100.00;98.25;98.25;57;56;56;1.04;29/04/2018
2016;Grado;Fisioterapia;Zaragoza;Facultad de Ciencias de la Salud;Valoración en fisioterapia II;Normal;Obligatoria;96.72;93.65;96.83;63;59;61;1.02;29/04/2018
2016;Grado;Fisioterapia;Zaragoza;Facultad de Ciencias de la Salud;Patología general en el campo de la fisioterapia;Normal;Obligatoria;90.63;85.29;94.12;68;58;64;1.10;29/04/2018
2016;Grado;Fisioterapia;Zaragoza;Facultad de Ciencias de la Salud;Métodos específicos de intervención en fisioterapia I;Normal;Obligatoria;100.00;100.00;100.00;59;59;59;1.00;29/04/2018
2016;Grado;Fisioterapia;Zaragoza;Facultad de Ciencias de la Salud;Métodos específicos de intervención en fisioterapia II;Normal;Obligatoria;100.00;100.00;100.00;55;55;55;1.00;29/04/2018
2016;Grado;Fisioterapia;Zaragoza;Facultad de Ciencias de la Salud;Métodos específicos de intervención en fisioterapia III;Normal;Obligatoria;98.31;95.08;96.72;61;58;59;1.26;29/04/2018
2016;Grado;Fisioterapia;Zaragoza;Facultad de Ciencias de la Salud;Fisioterapia en especialidades clínicas I;Normal;Obligatoria;100.00;100.00;100.00;57;57;57;1.00;29/04/2018
2016;Grado;Fisioterapia;Zaragoza;Facultad de Ciencias de la Salud;Afecciones médico quirúrgicas I;Normal;Obligatoria;91.94;89.06;96.88;64;57;62;1.26;29/04/2018
2016;Grado;Fisioterapia;Zaragoza;Facultad de Ciencias de la Salud;Legislación y deontología sanitaria;Normal;Obligatoria;100.00;100.00;100.00;53;53;53;1.00;29/04/2018
2016;Grado;Fisioterapia;Zaragoza;Facultad de Ciencias de la Salud;Métodos específicos de intervención en fisioterapia IV;Normal;Obligatoria;96.36;94.64;98.21;56;53;55;1.32;29/04/2018
2016;Grado;Fisioterapia;Zaragoza;Facultad de Ciencias de la Salud;Fisioterapia en especialidades clínicas II;Normal;Obligatoria;100.00;100.00;100.00;55;55;55;1.00;29/04/2018
2016;Grado;Fisioterapia;Zaragoza;Facultad de Ciencias de la Salud;Fisioterapia en especialidades clínicas III;Normal;Obligatoria;98.21;94.83;96.55;58;55;56;1.05;29/04/2018
2016;Grado;Fisioterapia;Zaragoza;Facultad de Ciencias de la Salud;Afecciones médico quirúrgicas II;Normal;Obligatoria;91.67;83.33;90.91;66;55;60;1.20;29/04/2018
2016;Grado;Fisioterapia;Zaragoza;Facultad de Ciencias de la Salud;Fisioterapia en especialidades clínicas IV;Normal;Obligatoria;100.00;98.39;98.39;63;62;62;1.05;29/04/2018
2016;Grado;Fisioterapia;Zaragoza;Facultad de Ciencias de la Salud;Practicum;Prácticas externas;Prácticas externas;100.00;100.00;100.00;60;60;60;1.00;29/04/2018
2016;Grado;Fisioterapia;Zaragoza;Facultad de Ciencias de la Salud;Trabajo fin de Grado;Trabajo fin de grado;Trabajo fin de Grado;100.00;95.00;95.00;61;58;58;1.00;29/04/2018
2016;Grado;Fisioterapia;Zaragoza;Facultad de Ciencias de la Salud;Farmacología fundamental;Normal;Optativa;100.00;100.00;100.00;19;19;19;1.00;29/04/2018
2016;Grado;Fisioterapia;Zaragoza;Facultad de Ciencias de la Salud;Diagnóstico y tratamiento de las patologías de la comunicación;Normal;Optativa;100.00;100.00;100.00;35;35;35;1.00;29/04/2018
2016;Grado;Fisioterapia;Zaragoza;Facultad de Ciencias de la Salud;Fisiología clínica del ejercicio para profesionales sanitarios;Normal;Optativa;97.96;97.96;100.00;49;48;49;1.06;29/04/2018
2016;Grado;Información y Documentación;Zaragoza;Facultad de Filosofía y Letras;Edición digital;Normal;Obligatoria;73.68;66.67;90.48;21;14;19;1.31;29/04/2018
2016;Grado;Información y Documentación;Zaragoza;Facultad de Filosofía y Letras;Organización y gestión de archivos;Normal;Obligatoria;84.21;66.67;79.17;24;16;19;1.41;29/04/2018
2016;Grado;Información y Documentación;Zaragoza;Facultad de Filosofía y Letras;Fundamentos de ciencias de la información y la documentación;Normal;Formación básica;100.00;89.47;89.47;19;17;17;1.00;29/04/2018
2016;Grado;Información y Documentación;Zaragoza;Facultad de Filosofía y Letras;Gestión bibliográfica;Normal;Formación básica;48.00;48.00;100.00;25;12;25;2.08;29/04/2018
2016;Grado;Información y Documentación;Zaragoza;Facultad de Filosofía y Letras;Formación, desarrollo y mantenimiento de colecciones bibliotecarias;Normal;Obligatoria;54.17;50.00;92.31;26;13;24;2.00;29/04/2018
2016;Grado;Información y Documentación;Zaragoza;Facultad de Filosofía y Letras;Historia de las instituciones españolas hasta el siglo XX;Normal;Formación básica;100.00;85.00;85.00;20;17;17;1.00;29/04/2018
2016;Grado;Información y Documentación;Zaragoza;Facultad de Filosofía y Letras;Ciencias y técnicas historiográficas;Normal;Formación básica;100.00;78.95;78.95;19;15;15;1.12;29/04/2018
2016;Grado;Información y Documentación;Zaragoza;Facultad de Filosofía y Letras;Fundamentos de recuperación de información;Normal;Formación básica;70.00;58.33;83.33;24;14;20;1.31;29/04/2018
2016;Grado;Información y Documentación;Zaragoza;Facultad de Filosofía y Letras;Fundamentos de indización;Normal;Obligatoria;100.00;80.95;80.95;21;17;17;1.17;29/04/2018
2016;Grado;Información y Documentación;Zaragoza;Facultad de Filosofía y Letras;Catalogación;Normal;Obligatoria;83.33;83.33;100.00;12;10;12;1.18;29/04/2018
2016;Grado;Información y Documentación;Zaragoza;Facultad de Filosofía y Letras;Indización precoordinada y clasificación bibliográfica;Normal;Obligatoria;88.89;80.00;90.00;10;8;9;1.00;29/04/2018
2016;Grado;Información y Documentación;Zaragoza;Facultad de Filosofía y Letras;Derecho aplicado a la información y la documentación;Normal;Formación básica;100.00;100.00;100.00;15;15;15;1.13;29/04/2018
2016;Grado;Información y Documentación;Zaragoza;Facultad de Filosofía y Letras;Las bibliotecas y sus servicios;Normal;Obligatoria;78.95;75.00;95.00;20;15;19;2.12;29/04/2018
2016;Grado;Información y Documentación;Zaragoza;Facultad de Filosofía y Letras;Fuentes generales de información;Normal;Obligatoria;55.00;52.38;95.24;21;11;20;2.17;29/04/2018
2016;Grado;Información y Documentación;Zaragoza;Facultad de Filosofía y Letras;Fundamentos de bases de datos;Normal;Formación básica;83.33;76.92;92.31;13;10;12;1.17;29/04/2018
2016;Grado;Información y Documentación;Zaragoza;Facultad de Filosofía y Letras;Dirección de unidades de información;Normal;Formación básica;88.89;80.00;90.00;10;8;9;1.00;29/04/2018
2016;Grado;Información y Documentación;Zaragoza;Facultad de Filosofía y Letras;Técnicas cuantitativas aplicadas a la información y documentación;Normal;Formación básica;100.00;80.00;80.00;25;20;20;1.95;29/04/2018
2016;Grado;Información y Documentación;Zaragoza;Facultad de Filosofía y Letras;Instituciones españolas y europeas actuales;Normal;Formación básica;100.00;88.89;88.89;9;8;8;1.00;29/04/2018
2016;Grado;Información y Documentación;Zaragoza;Facultad de Filosofía y Letras;Conservación preventiva en archivos y bibliotecas;Normal;Obligatoria;94.12;88.89;94.44;18;16;17;1.11;29/04/2018
2016;Grado;Información y Documentación;Zaragoza;Facultad de Filosofía y Letras;Descripción de documentos de archivo;Normal;Obligatoria;88.46;88.46;100.00;26;23;26;1.35;29/04/2018
2016;Grado;Información y Documentación;Zaragoza;Facultad de Filosofía y Letras;Sistemas integrados para unidades de información;Normal;Obligatoria;96.67;93.55;96.77;31;29;30;1.73;29/04/2018
2016;Grado;Información y Documentación;Zaragoza;Facultad de Filosofía y Letras;Estudios de usuarios;Normal;Obligatoria;100.00;93.75;93.75;16;15;15;1.00;29/04/2018
2016;Grado;Información y Documentación;Zaragoza;Facultad de Filosofía y Letras;Aplicaciones para recursos de información digital;Normal;Obligatoria;58.82;55.56;94.44;18;10;17;1.31;29/04/2018
2016;Grado;Información y Documentación;Zaragoza;Facultad de Filosofía y Letras;Planificación y evaluación para unidades de información;Normal;Obligatoria;100.00;93.75;93.75;16;15;15;1.00;29/04/2018
2016;Grado;Información y Documentación;Zaragoza;Facultad de Filosofía y Letras;Practicum;Prácticas externas;Prácticas externas;100.00;92.86;92.86;14;13;13;1.00;29/04/2018
2016;Grado;Información y Documentación;Zaragoza;Facultad de Filosofía y Letras;Trabajo fin de Grado;Trabajo fin de grado;Trabajo fin de Grado;100.00;60.87;60.87;23;14;14;1.00;29/04/2018
2016;Grado;Información y Documentación;Zaragoza;Facultad de Filosofía y Letras;Alfabetización informacional;Normal;Optativa;100.00;100.00;100.00;18;18;18;1.00;29/04/2018
2016;Grado;Información y Documentación;Zaragoza;Facultad de Filosofía y Letras;Archivos y fondos de la administración pública;Normal;Optativa;;;;0;0;0;1.00;29/04/2018
2016;Grado;Información y Documentación;Zaragoza;Facultad de Filosofía y Letras;Bibliometría e infometría;Normal;Optativa;;;;0;0;0;1.00;29/04/2018
2016;Grado;Información y Documentación;Zaragoza;Facultad de Filosofía y Letras;Construcción y evaluación de tesauros;Normal;Optativa;100.00;100.00;100.00;10;10;10;1.00;29/04/2018
2016;Grado;Información y Documentación;Zaragoza;Facultad de Filosofía y Letras;Fuentes de información biosanitarias y científico-técnicas;Normal;Optativa;88.89;88.89;100.00;10;9;10;1.00;29/04/2018
2016;Grado;Información y Documentación;Zaragoza;Facultad de Filosofía y Letras;Gestión de contenidos;Normal;Optativa;100.00;90.91;90.91;12;11;11;1.00;29/04/2018
2016;Grado;Información y Documentación;Zaragoza;Facultad de Filosofía y Letras;Herramientas avanzadas para información digital;Normal;Optativa;;;;0;0;0;1.00;29/04/2018
2016;Grado;Información y Documentación;Zaragoza;Facultad de Filosofía y Letras;Historia de la archivística y de la organización de los archivos;Normal;Optativa;;;;0;0;0;1.00;29/04/2018
2016;Grado;Información y Documentación;Zaragoza;Facultad de Filosofía y Letras;Historia de la información y la documentación;Normal;Optativa;100.00;100.00;100.00;16;16;16;1.00;29/04/2018
2016;Grado;Información y Documentación;Zaragoza;Facultad de Filosofía y Letras;La información en la Unión Europea;Normal;Optativa;100.00;91.67;91.67;12;11;11;1.00;29/04/2018
2016;Grado;Información y Documentación;Zaragoza;Facultad de Filosofía y Letras;Paleografía general;Normal;Optativa;100.00;80.00;80.00;5;4;4;1.00;29/04/2018
2016;Grado;Información y Documentación;Zaragoza;Facultad de Filosofía y Letras;Políticas y programas de información y documentación;Normal;Optativa;100.00;100.00;100.00;20;20;20;1.00;29/04/2018
2016;Grado;Información y Documentación;Zaragoza;Facultad de Filosofía y Letras;Producción y comercio del libro;Normal;Optativa;100.00;90.91;90.91;11;10;10;1.00;29/04/2018
2016;Grado;Información y Documentación;Zaragoza;Facultad de Filosofía y Letras;Promoción y animación a la lectura;Normal;Optativa;100.00;100.00;100.00;28;28;28;1.00;29/04/2018
2016;Grado;Información y Documentación;Zaragoza;Facultad de Filosofía y Letras;Representación y organización del conocimiento;Normal;Optativa;;;;0;0;0;1.00;29/04/2018
2016;Grado;Información y Documentación;Zaragoza;Facultad de Filosofía y Letras;Restauración de documentos en soporte tradicional;Normal;Optativa;100.00;100.00;100.00;13;13;13;1.00;29/04/2018
2016;Grado;Información y Documentación;Zaragoza;Facultad de Filosofía y Letras;Soportes documentales;Normal;Optativa;100.00;100.00;100.00;9;9;9;1.00;29/04/2018
2016;Grado;Información y Documentación;Zaragoza;Facultad de Filosofía y Letras;Técnicas informáticas de soporte para productos y servicios documentales;Normal;Optativa;;;;0;0;0;1.00;29/04/2018
2016;Grado;Información y Documentación;Zaragoza;Facultad de Filosofía y Letras;Idioma moderno I para Información y Documentación (alemán);Normal;Optativa;100.00;100.00;100.00;1;1;1;1.00;29/04/2018
2016;Grado;Información y Documentación;Zaragoza;Facultad de Filosofía y Letras;Idioma moderno I para Información y Documentación (inglés);Normal;Optativa;100.00;100.00;100.00;3;3;3;1.00;29/04/2018
2016;Grado;Información y Documentación;Zaragoza;Facultad de Filosofía y Letras;Idioma moderno I para Información y Documentación (italiano);Normal;Optativa;33.33;33.33;100.00;3;1;3;1.00;29/04/2018
2016;Grado;Información y Documentación;Zaragoza;Facultad de Filosofía y Letras;Idioma moderno II para Información y Documentación (inglés);Normal;Optativa;66.67;66.67;100.00;3;2;3;1.10;29/04/2018
2016;Grado;Información y Documentación;Zaragoza;Facultad de Filosofía y Letras;Idioma moderno II para Información y Documentación (italiano);Normal;Optativa;100.00;50.00;50.00;2;1;1;1.00;29/04/2018
2016;Grado;Ingeniero en Diseño Industrial y Desarrollo de Producto;Zaragoza;Escuela de Ingeniería y Arquitectura;Matemáticas;Normal;Formación básica;90.91;90.91;100.00;11;10;11;3.80;29/04/2018
2016;Grado;Ingeniero en Diseño Industrial y Desarrollo de Producto;Zaragoza;Escuela de Ingeniería y Arquitectura;Expresión artística;Normal;Formación básica;;;;1;0;0;;29/04/2018
2016;Grado;Ingeniero en Diseño Industrial y Desarrollo de Producto;Zaragoza;Escuela de Ingeniería y Arquitectura;Informática;Normal;Formación básica;60.44;51.89;85.85;106;55;91;1.70;29/04/2018
2016;Grado;Ingeniero en Diseño Industrial y Desarrollo de Producto;Zaragoza;Escuela de Ingeniería y Arquitectura;Estética e historia del diseño I;Normal;Obligatoria;;;;1;0;0;;29/04/2018
2016;Grado;Ingeniero en Diseño Industrial y Desarrollo de Producto;Zaragoza;Escuela de Ingeniería y Arquitectura;Física;Normal;Formación básica;100.00;100.00;100.00;7;7;7;3.14;29/04/2018
2016;Grado;Ingeniero en Diseño Industrial y Desarrollo de Producto;Zaragoza;Escuela de Ingeniería y Arquitectura;Expresión gráfica I;Normal;Formación básica;71.43;71.43;100.00;7;5;7;5.60;29/04/2018
2016;Grado;Ingeniero en Diseño Industrial y Desarrollo de Producto;Zaragoza;Escuela de Ingeniería y Arquitectura;Taller de diseño I;Normal;Obligatoria;100.00;100.00;100.00;1;1;1;2.00;29/04/2018
2016;Grado;Ingeniero en Diseño Industrial y Desarrollo de Producto;Zaragoza;Escuela de Ingeniería y Arquitectura;Materiales;Normal;Obligatoria;78.79;76.47;97.06;102;78;99;1.73;29/04/2018
2016;Grado;Ingeniero en Diseño Industrial y Desarrollo de Producto;Zaragoza;Escuela de Ingeniería y Arquitectura;Expresión gráfica II;Normal;Obligatoria;75.95;73.17;96.34;82;60;79;1.91;29/04/2018
2016;Grado;Ingeniero en Diseño Industrial y Desarrollo de Producto;Zaragoza;Escuela de Ingeniería y Arquitectura;Mecánica;Normal;Obligatoria;42.31;40.74;96.30;27;11;26;3.27;29/04/2018
2016;Grado;Ingeniero en Diseño Industrial y Desarrollo de Producto;Zaragoza;Escuela de Ingeniería y Arquitectura;Taller de diseño II;Normal;Obligatoria;100.00;100.00;100.00;3;3;3;1.00;29/04/2018
2016;Grado;Ingeniero en Diseño Industrial y Desarrollo de Producto;Zaragoza;Escuela de Ingeniería y Arquitectura;Diseño asistido por ordenador;Normal;Obligatoria;92.00;67.65;73.53;34;23;25;1.35;29/04/2018
2016;Grado;Ingeniero en Diseño Industrial y Desarrollo de Producto;Zaragoza;Escuela de Ingeniería y Arquitectura;Estadística y fiabilidad de producto;Normal;Formación básica;94.12;88.89;94.44;72;64;68;1.26;29/04/2018
2016;Grado;Ingeniero en Diseño Industrial y Desarrollo de Producto;Zaragoza;Escuela de Ingeniería y Arquitectura;Aspectos económicos y empresariales del diseño;Normal;Formación básica;85.14;80.77;94.87;78;63;74;1.40;29/04/2018
2016;Grado;Ingeniero en Diseño Industrial y Desarrollo de Producto;Zaragoza;Escuela de Ingeniería y Arquitectura;Diseño gráfico y comunicación;Normal;Obligatoria;100.00;100.00;100.00;1;1;1;1.00;29/04/2018
2016;Grado;Ingeniero en Diseño Industrial y Desarrollo de Producto;Zaragoza;Escuela de Ingeniería y Arquitectura;Tecnología eléctrica y electrónica;Normal;Obligatoria;90.91;89.74;98.72;78;70;77;1.18;29/04/2018
2016;Grado;Ingeniero en Diseño Industrial y Desarrollo de Producto;Zaragoza;Escuela de Ingeniería y Arquitectura;Procesos de fabricación;Normal;Obligatoria;87.14;77.22;88.61;80;62;71;1.77;29/04/2018
2016;Grado;Ingeniero en Diseño Industrial y Desarrollo de Producto;Zaragoza;Escuela de Ingeniería y Arquitectura;Taller de diseño III;Normal;Obligatoria;96.92;94.03;97.01;67;63;65;1.13;29/04/2018
2016;Grado;Ingeniero en Diseño Industrial y Desarrollo de Producto;Zaragoza;Escuela de Ingeniería y Arquitectura;Ergonomía;Normal;Obligatoria;88.06;88.06;100.00;67;59;67;1.86;29/04/2018
2016;Grado;Ingeniero en Diseño Industrial y Desarrollo de Producto;Zaragoza;Escuela de Ingeniería y Arquitectura;Mercadotecnia y aspectos legales del diseño;Normal;Obligatoria;98.39;95.31;96.88;64;61;62;1.07;29/04/2018
2016;Grado;Ingeniero en Diseño Industrial y Desarrollo de Producto;Zaragoza;Escuela de Ingeniería y Arquitectura;Oficina técnica;Normal;Obligatoria;90.77;89.39;98.48;81;74;80;1.34;29/04/2018
2016;Grado;Ingeniero en Diseño Industrial y Desarrollo de Producto;Zaragoza;Escuela de Ingeniería y Arquitectura;Metodología del diseño;Normal;Obligatoria;96.15;96.15;100.00;77;75;77;1.00;29/04/2018
2016;Grado;Ingeniero en Diseño Industrial y Desarrollo de Producto;Zaragoza;Escuela de Ingeniería y Arquitectura;Trabajo fin de Grado;Trabajo fin de grado;Trabajo fin de Grado;100.00;81.48;81.48;85;69;69;1.00;29/04/2018
2016;Grado;Ingeniero en Diseño Industrial y Desarrollo de Producto;Zaragoza;Escuela de Ingeniería y Arquitectura;Interacción usuario-producto;Normal;Optativa;100.00;100.00;100.00;59;59;59;1.00;29/04/2018
2016;Grado;Ingeniero en Diseño Industrial y Desarrollo de Producto;Zaragoza;Escuela de Ingeniería y Arquitectura;Prospección en el diseño;Normal;Optativa;100.00;94.12;94.12;22;21;21;1.00;29/04/2018
2016;Grado;Ingeniero en Diseño Industrial y Desarrollo de Producto;Zaragoza;Escuela de Ingeniería y Arquitectura;Envase y embalaje;Normal;Optativa;100.00;100.00;100.00;36;36;36;1.00;29/04/2018
2016;Grado;Ingeniero en Diseño Industrial y Desarrollo de Producto;Zaragoza;Escuela de Ingeniería y Arquitectura;Biónica;Normal;Optativa;100.00;93.75;93.75;33;31;31;1.00;29/04/2018
2016;Grado;Ingeniero en Diseño Industrial y Desarrollo de Producto;Zaragoza;Escuela de Ingeniería y Arquitectura;Ecodiseño y diseño para medio ambiente;Normal;Optativa;;;;1;1;1;1.00;29/04/2018
2016;Grado;Ingeniero en Diseño Industrial y Desarrollo de Producto;Zaragoza;Escuela de Ingeniería y Arquitectura;Diseño asistido por ordenador avanzado;Normal;Optativa;100.00;97.14;97.14;38;37;37;1.00;29/04/2018
2016;Grado;Ingeniero en Diseño Industrial y Desarrollo de Producto;Zaragoza;Escuela de Ingeniería y Arquitectura;Semiótica;Normal;Optativa;100.00;100.00;100.00;23;23;23;1.00;29/04/2018
2016;Grado;Ingeniero en Diseño Industrial y Desarrollo de Producto;Zaragoza;Escuela de Ingeniería y Arquitectura;Fotografía;Normal;Optativa;100.00;90.48;90.48;23;21;21;1.00;29/04/2018
2016;Grado;Ingeniero en Diseño Industrial y Desarrollo de Producto;Zaragoza;Escuela de Ingeniería y Arquitectura;Luz y color en el diseño industrial;Normal;Optativa;100.00;85.71;85.71;10;9;9;1.00;29/04/2018
2016;Grado;Ingeniero en Diseño Industrial y Desarrollo de Producto;Zaragoza;Escuela de Ingeniería y Arquitectura;Imagen corporativa;Normal;Optativa;100.00;95.45;95.45;25;24;24;1.00;29/04/2018
2016;Grado;Ingeniero en Diseño Industrial y Desarrollo de Producto;Zaragoza;Escuela de Ingeniería y Arquitectura;Composición y edición de imágenes;Normal;Optativa;100.00;100.00;100.00;23;23;23;1.00;29/04/2018
2016;Grado;Ingeniero en Diseño Industrial y Desarrollo de Producto;Zaragoza;Escuela de Ingeniería y Arquitectura;Comunicación multimedia;Normal;Optativa;100.00;66.67;66.67;11;9;9;1.00;29/04/2018
2016;Grado;Ingeniero en Diseño Industrial y Desarrollo de Producto;Zaragoza;Escuela de Ingeniería y Arquitectura;Entornos 3D interactivos;Normal;Optativa;100.00;100.00;100.00;10;10;10;1.00;29/04/2018
2016;Grado;Ingeniero en Diseño Industrial y Desarrollo de Producto;Zaragoza;Escuela de Ingeniería y Arquitectura;Diseño y desarrollo de piezas de plástico;Normal;Optativa;100.00;93.33;93.33;15;14;14;1.00;29/04/2018
2016;Grado;Ingeniero en Diseño Industrial y Desarrollo de Producto;Zaragoza;Escuela de Ingeniería y Arquitectura;Diseño y desarrollo de piezas de chapa;Normal;Optativa;100.00;85.71;85.71;17;15;15;1.00;29/04/2018
2016;Grado;Ingeniero en Diseño Industrial y Desarrollo de Producto;Zaragoza;Escuela de Ingeniería y Arquitectura;Análisis de piezas y ensamblajes asistido por ordenador;Normal;Optativa;100.00;90.91;90.91;22;20;20;1.00;29/04/2018
2016;Grado;Ingeniero en Diseño Industrial y Desarrollo de Producto;Zaragoza;Escuela de Ingeniería y Arquitectura;Tecnologías avanzadas de prototipado e ingeniería inversa;Normal;Optativa;100.00;100.00;100.00;13;13;13;1.00;29/04/2018
2016;Grado;Ingeniero en Diseño Industrial y Desarrollo de Producto;Zaragoza;Escuela de Ingeniería y Arquitectura;Gestión del diseño;Normal;Optativa;100.00;100.00;100.00;9;9;9;1.00;29/04/2018
2016;Grado;Ingeniero en Diseño Industrial y Desarrollo de Producto;Zaragoza;Escuela de Ingeniería y Arquitectura;Gestión de productos;Normal;Optativa;100.00;100.00;100.00;36;36;36;1.00;29/04/2018
2016;Grado;Ingeniero en Diseño Industrial y Desarrollo de Producto;Zaragoza;Escuela de Ingeniería y Arquitectura;Evaluación económica de proyectos y productos;Normal;Optativa;100.00;100.00;100.00;13;13;13;1.00;29/04/2018
2016;Grado;Ingeniero en Diseño Industrial y Desarrollo de Producto;Zaragoza;Escuela de Ingeniería y Arquitectura;Ingeniería concurrente y PLM;Normal;Optativa;100.00;100.00;100.00;2;2;2;1.00;29/04/2018
2016;Grado;Ingeniero en Diseño Industrial y Desarrollo de Producto;Zaragoza;Escuela de Ingeniería y Arquitectura;Ingeniería de la calidad;Normal;Optativa;100.00;100.00;100.00;1;1;1;1.00;29/04/2018
2016;Grado;Ingeniero en Diseño Industrial y Desarrollo de Producto;Zaragoza;Escuela de Ingeniería y Arquitectura;Estética e historia del diseño II;Normal;Optativa;100.00;94.44;94.44;24;23;23;1.00;29/04/2018
2016;Grado;Ingeniero en Diseño Industrial y Desarrollo de Producto;Zaragoza;Escuela de Ingeniería y Arquitectura;Procesos y materiales industriales avanzados;Normal;Optativa;;;;1;0;0;;29/04/2018
2016;Grado;Ingeniero en Diseño Industrial y Desarrollo de Producto;Zaragoza;Escuela de Ingeniería y Arquitectura;Estética e Historia del Diseño;Normal;Obligatoria;95.56;91.49;95.74;94;86;90;1.47;29/04/2018
2016;Grado;Ingeniero en Diseño Industrial y Desarrollo de Producto;Zaragoza;Escuela de Ingeniería y Arquitectura;Expresión Artística I;Normal;Formación básica;97.53;95.18;97.59;83;79;81;1.04;29/04/2018
2016;Grado;Ingeniero en Diseño Industrial y Desarrollo de Producto;Zaragoza;Escuela de Ingeniería y Arquitectura;Física I;Normal;Formación básica;56.79;46.00;81.00;100;46;81;1.52;29/04/2018
2016;Grado;Ingeniero en Diseño Industrial y Desarrollo de Producto;Zaragoza;Escuela de Ingeniería y Arquitectura;Matemáticas I;Normal;Formación básica;75.31;67.78;90.00;90;61;81;1.38;29/04/2018
2016;Grado;Ingeniero en Diseño Industrial y Desarrollo de Producto;Zaragoza;Escuela de Ingeniería y Arquitectura;Expresión Gráfica I;Normal;Formación básica;63.75;56.04;87.91;91;51;80;1.38;29/04/2018
2016;Grado;Ingeniero en Diseño Industrial y Desarrollo de Producto;Zaragoza;Escuela de Ingeniería y Arquitectura;Física II;Normal;Formación básica;77.33;65.17;84.27;89;58;75;1.20;29/04/2018
2016;Grado;Ingeniero en Diseño Industrial y Desarrollo de Producto;Zaragoza;Escuela de Ingeniería y Arquitectura;Matemáticas II;Normal;Formación básica;71.26;63.27;88.78;98;62;87;1.39;29/04/2018
2016;Grado;Ingeniero en Diseño Industrial y Desarrollo de Producto;Zaragoza;Escuela de Ingeniería y Arquitectura;Taller de Diseño I: Fundamentos y Comunicación de Producto;Normal;Obligatoria;84.88;83.91;98.85;87;73;86;1.20;29/04/2018
2016;Grado;Ingeniero en Diseño Industrial y Desarrollo de Producto;Zaragoza;Escuela de Ingeniería y Arquitectura;Diseño Asistido por Ordenador I;Normal;Obligatoria;86.89;66.25;76.25;80;53;61;1.11;29/04/2018
2016;Grado;Ingeniero en Diseño Industrial y Desarrollo de Producto;Zaragoza;Escuela de Ingeniería y Arquitectura;Diseño de mecanismos;Normal;Obligatoria;97.30;94.74;97.37;76;72;74;1.19;29/04/2018
2016;Grado;Ingeniero en Diseño Industrial y Desarrollo de Producto;Zaragoza;Escuela de Ingeniería y Arquitectura;Expresión Artística II;Normal;Formación básica;96.20;96.20;100.00;79;76;79;1.04;29/04/2018
2016;Grado;Ingeniero en Diseño Industrial y Desarrollo de Producto;Zaragoza;Escuela de Ingeniería y Arquitectura;Taller de Diseño II: Métodos y Proceso de Diseño;Normal;Obligatoria;100.00;97.47;97.47;79;77;77;1.00;29/04/2018
2016;Grado;Ingeniero en Diseño Industrial y Desarrollo de Producto;Zaragoza;Escuela de Ingeniería y Arquitectura;Diseño Gráfico Aplicado a Producto;Normal;Obligatoria;100.00;97.62;97.62;84;82;82;1.00;29/04/2018
2016;Grado;Ingeniero en Diseño Industrial y Desarrollo de Producto;Zaragoza;Escuela de Ingeniería y Arquitectura;Taller de Diseño III: Creatividad;Normal;Obligatoria;100.00;96.25;96.25;80;77;77;1.00;29/04/2018
2016;Grado;Ingeniero en Diseño Industrial y Desarrollo de Producto;Zaragoza;Escuela de Ingeniería y Arquitectura;Procesos de Fabricación;Normal;Obligatoria;;;;0;0;0;1.00;29/04/2018
2016;Grado;Psicología;Teruel;Facultad de Ciencias Sociales y Humanas de Teruel;Psicología del desarrollo I;Normal;Formación básica;93.26;93.26;100.00;89;83;89;1.11;29/04/2018
2016;Grado;Psicología;Teruel;Facultad de Ciencias Sociales y Humanas de Teruel;Fundamentos biológicos I;Normal;Formación básica;65.05;62.62;96.26;107;67;103;1.79;29/04/2018
2016;Grado;Psicología;Teruel;Facultad de Ciencias Sociales y Humanas de Teruel;Psicología de la atención, percepción y memoria;Normal;Formación básica;96.70;96.70;100.00;91;88;91;1.14;29/04/2018
2016;Grado;Psicología;Teruel;Facultad de Ciencias Sociales y Humanas de Teruel;Psicología de la motivación y de la emoción;Normal;Formación básica;60.22;56.00;93.00;100;56;93;1.73;29/04/2018
2016;Grado;Psicología;Teruel;Facultad de Ciencias Sociales y Humanas de Teruel;Lingüística aplicada a las ciencias sociales;Normal;Formación básica;96.74;94.68;97.87;94;89;92;1.19;29/04/2018
2016;Grado;Psicología;Teruel;Facultad de Ciencias Sociales y Humanas de Teruel;Filosofía y ciencias sociales;Normal;Formación básica;93.33;89.36;95.74;94;84;90;1.14;29/04/2018
2016;Grado;Psicología;Teruel;Facultad de Ciencias Sociales y Humanas de Teruel;Metodología de la investigación I;Normal;Formación básica;61.62;57.01;92.52;107;61;99;1.62;29/04/2018
2016;Grado;Psicología;Teruel;Facultad de Ciencias Sociales y Humanas de Teruel;Historia de la psicología;Normal;Formación básica;85.39;83.52;97.80;91;76;89;1.42;29/04/2018
2016;Grado;Psicología;Teruel;Facultad de Ciencias Sociales y Humanas de Teruel;Antropología psicológica;Normal;Formación básica;91.58;89.69;97.94;97;87;95;1.16;29/04/2018
2016;Grado;Psicología;Teruel;Facultad de Ciencias Sociales y Humanas de Teruel;Psicología del aprendizaje;Normal;Formación básica;89.66;85.71;95.60;91;78;87;1.28;29/04/2018
2016;Grado;Psicología;Teruel;Facultad de Ciencias Sociales y Humanas de Teruel;Psicología social I;Normal;Obligatoria;86.75;83.72;96.51;87;72;84;1.51;29/04/2018
2016;Grado;Psicología;Teruel;Facultad de Ciencias Sociales y Humanas de Teruel;Fundamentos biológicos II;Normal;Obligatoria;79.17;74.51;94.12;104;76;97;1.71;29/04/2018
2016;Grado;Psicología;Teruel;Facultad de Ciencias Sociales y Humanas de Teruel;Metodología de la investigación II;Normal;Obligatoria;92.13;85.42;92.71;100;84;92;1.47;29/04/2018
2016;Grado;Psicología;Teruel;Facultad de Ciencias Sociales y Humanas de Teruel;Neuropsicología;Normal;Obligatoria;76.47;69.89;91.40;95;65;85;1.39;29/04/2018
2016;Grado;Psicología;Teruel;Facultad de Ciencias Sociales y Humanas de Teruel;Psicología del desarrollo II;Normal;Obligatoria;98.78;96.43;97.62;84;81;82;1.11;29/04/2018
2016;Grado;Psicología;Teruel;Facultad de Ciencias Sociales y Humanas de Teruel;Metodología de la investigación III;Normal;Obligatoria;77.67;58.39;75.18;144;85;109;1.91;29/04/2018
2016;Grado;Psicología;Teruel;Facultad de Ciencias Sociales y Humanas de Teruel;Fundamentos de psicoterapia;Normal;Obligatoria;85.54;82.56;96.51;87;72;84;1.67;29/04/2018
2016;Grado;Psicología;Teruel;Facultad de Ciencias Sociales y Humanas de Teruel;Psicología de la personalidad I;Normal;Obligatoria;94.68;89.90;94.95;100;89;95;1.40;29/04/2018
2016;Grado;Psicología;Teruel;Facultad de Ciencias Sociales y Humanas de Teruel;Psicología social II;Normal;Obligatoria;91.78;87.01;94.81;77;67;73;1.20;29/04/2018
2016;Grado;Psicología;Teruel;Facultad de Ciencias Sociales y Humanas de Teruel;Psicopatología y técnicas de intervención I;Normal;Obligatoria;60.00;56.96;94.94;96;59;90;1.78;29/04/2018
2016;Grado;Psicología;Teruel;Facultad de Ciencias Sociales y Humanas de Teruel;Psicología de la educación;Normal;Obligatoria;92.31;91.14;98.73;98;86;97;1.27;29/04/2018
2016;Grado;Psicología;Teruel;Facultad de Ciencias Sociales y Humanas de Teruel;Psicología del pensamiento y del lenguaje;Normal;Obligatoria;92.00;89.61;97.40;95;84;91;1.24;29/04/2018
2016;Grado;Psicología;Teruel;Facultad de Ciencias Sociales y Humanas de Teruel;Psicopatología y técnicas de intervención II;Normal;Obligatoria;61.25;56.32;91.95;96;58;89;1.90;29/04/2018
2016;Grado;Psicología;Teruel;Facultad de Ciencias Sociales y Humanas de Teruel;Psicología de los grupos y de las organizaciones;Normal;Obligatoria;100.00;94.87;94.87;87;82;82;1.02;29/04/2018
2016;Grado;Psicología;Teruel;Facultad de Ciencias Sociales y Humanas de Teruel;Psicología de la personalidad II;Normal;Obligatoria;97.47;95.06;97.53;91;86;89;1.26;29/04/2018
2016;Grado;Psicología;Teruel;Facultad de Ciencias Sociales y Humanas de Teruel;Nuevos enfoques de inteligencia y creatividad;Normal;Obligatoria;91.53;90.00;98.33;69;62;68;1.29;29/04/2018
2016;Grado;Psicología;Teruel;Facultad de Ciencias Sociales y Humanas de Teruel;Psicología social aplicada;Normal;Obligatoria;100.00;100.00;100.00;67;67;67;1.07;29/04/2018
2016;Grado;Psicología;Teruel;Facultad de Ciencias Sociales y Humanas de Teruel;Psicología de la comunicación;Normal;Obligatoria;98.28;98.28;100.00;66;65;66;1.11;29/04/2018
2016;Grado;Psicología;Teruel;Facultad de Ciencias Sociales y Humanas de Teruel;Practicum;Prácticas externas;Prácticas externas;98.28;96.61;98.31;63;61;62;1.00;29/04/2018
2016;Grado;Psicología;Teruel;Facultad de Ciencias Sociales y Humanas de Teruel;Trabajo fin de Grado;Trabajo fin de grado;Trabajo fin de Grado;100.00;84.62;84.62;79;67;67;1.00;29/04/2018
2016;Grado;Psicología;Teruel;Facultad de Ciencias Sociales y Humanas de Teruel;Interacción social y comportamiento alimentario;Normal;Optativa;100.00;100.00;100.00;72;72;72;1.01;29/04/2018
2016;Grado;Psicología;Teruel;Facultad de Ciencias Sociales y Humanas de Teruel;Psicología social de la salud;Normal;Optativa;94.87;94.87;100.00;44;42;44;1.02;29/04/2018
2016;Grado;Psicología;Teruel;Facultad de Ciencias Sociales y Humanas de Teruel;Psicología comunitaria e intervención psicosocial;Normal;Optativa;100.00;100.00;100.00;60;60;60;1.05;29/04/2018
2016;Grado;Psicología;Teruel;Facultad de Ciencias Sociales y Humanas de Teruel;Psicología social del deporte y del ejercicio físico;Normal;Optativa;100.00;100.00;100.00;14;14;14;1.07;29/04/2018
2016;Grado;Psicología;Teruel;Facultad de Ciencias Sociales y Humanas de Teruel;Recursos humanos;Normal;Optativa;82.61;82.61;100.00;32;26;31;1.15;29/04/2018
2016;Grado;Psicología;Teruel;Facultad de Ciencias Sociales y Humanas de Teruel;Psicología del trabajo;Normal;Optativa;100.00;92.00;92.00;29;26;27;1.04;29/04/2018
2016;Grado;Psicología;Teruel;Facultad de Ciencias Sociales y Humanas de Teruel;Conflictos y negociación en las organizaciones;Normal;Optativa;;;;1;1;1;1.00;29/04/2018
2016;Grado;Psicología;Teruel;Facultad de Ciencias Sociales y Humanas de Teruel;Psicopatología del ciclo vital;Normal;Optativa;98.67;98.67;100.00;78;77;78;1.01;29/04/2018
2016;Grado;Psicología;Teruel;Facultad de Ciencias Sociales y Humanas de Teruel;Evaluación y tratamiento de problemas clínicos;Normal;Optativa;100.00;100.00;100.00;41;41;41;1.02;29/04/2018
2016;Grado;Psicología;Teruel;Facultad de Ciencias Sociales y Humanas de Teruel;Investigación en psicopatología;Normal;Optativa;100.00;100.00;100.00;47;47;47;1.21;29/04/2018
2016;Grado;Psicología;Teruel;Facultad de Ciencias Sociales y Humanas de Teruel;Terapias cognitivas y conductuales;Normal;Optativa;95.45;94.03;98.51;74;70;73;1.08;29/04/2018
2016;Grado;Psicología;Teruel;Facultad de Ciencias Sociales y Humanas de Teruel;Terapias sistémicas, familiar;Normal;Optativa;94.44;94.44;100.00;43;41;43;1.10;29/04/2018
2016;Grado;Psicología;Teruel;Facultad de Ciencias Sociales y Humanas de Teruel;Terapias humanistas;Normal;Optativa;100.00;100.00;100.00;55;55;55;1.00;29/04/2018
2016;Grado;Psicología;Teruel;Facultad de Ciencias Sociales y Humanas de Teruel;Psicología de la orientación escolar e intervención psicoeducativa;Normal;Optativa;100.00;100.00;100.00;9;9;9;1.00;29/04/2018
2016;Grado;Psicología;Teruel;Facultad de Ciencias Sociales y Humanas de Teruel;Procesos psicológicos de la lectoescritura;Normal;Optativa;100.00;100.00;100.00;3;3;3;1.00;29/04/2018
2016;Grado;Psicología;Teruel;Facultad de Ciencias Sociales y Humanas de Teruel;Programas y técnicas de intervención temprana;Normal;Optativa;100.00;100.00;100.00;6;6;6;1.00;29/04/2018
2016;Grado;Psicología;Teruel;Facultad de Ciencias Sociales y Humanas de Teruel;Dificultades del aprendizaje escolar: diagnóstico e intervención;Normal;Optativa;92.31;92.31;100.00;13;12;13;1.00;29/04/2018
2016;Grado;Psicología;Teruel;Facultad de Ciencias Sociales y Humanas de Teruel;Psicología de los alumnos con necesidades educativas especiales;Normal;Optativa;100.00;100.00;100.00;17;17;17;1.06;29/04/2018
2016;Grado;Psicología;Teruel;Facultad de Ciencias Sociales y Humanas de Teruel;Psicología de la instrucción;Normal;Optativa;;;;0;0;0;1.00;29/04/2018
2016;Grado;Terapia Ocupacional;Zaragoza;Facultad de Ciencias de la Salud;Anatomía humana;Normal;Formación básica;83.33;72.12;86.54;104;75;90;1.37;29/04/2018
2016;Grado;Terapia Ocupacional;Zaragoza;Facultad de Ciencias de la Salud;Cinesiología y biomecánica humana;Normal;Formación básica;92.00;84.15;91.46;82;69;75;1.05;29/04/2018
2016;Grado;Terapia Ocupacional;Zaragoza;Facultad de Ciencias de la Salud;Fisiología humana;Normal;Formación básica;91.00;82.73;90.91;110;91;100;2.17;29/04/2018
2016;Grado;Terapia Ocupacional;Zaragoza;Facultad de Ciencias de la Salud;Psicología I;Normal;Formación básica;94.44;88.31;93.51;77;68;72;1.15;29/04/2018
2016;Grado;Terapia Ocupacional;Zaragoza;Facultad de Ciencias de la Salud;Sociología de la salud;Normal;Formación básica;72.15;67.86;94.05;84;57;79;1.31;29/04/2018
2016;Grado;Terapia Ocupacional;Zaragoza;Facultad de Ciencias de la Salud;Inglés científico I;Normal;Formación básica;98.55;81.93;83.13;83;68;69;1.08;29/04/2018
2016;Grado;Terapia Ocupacional;Zaragoza;Facultad de Ciencias de la Salud;Teoría y técnicas de la terapia ocupacional I;Normal;Obligatoria;93.83;85.39;91.01;89;76;81;1.38;29/04/2018
2016;Grado;Terapia Ocupacional;Zaragoza;Facultad de Ciencias de la Salud;Actividades para la independencia funcional I. Introducción a la independencia funcional;Normal;Obligatoria;100.00;92.41;92.41;79;73;73;1.00;29/04/2018
2016;Grado;Terapia Ocupacional;Zaragoza;Facultad de Ciencias de la Salud;Psicología II;Normal;Formación básica;100.00;98.51;98.51;67;66;66;1.04;29/04/2018
2016;Grado;Terapia Ocupacional;Zaragoza;Facultad de Ciencias de la Salud;Sociología aplicada a la discapacidad;Normal;Formación básica;97.06;94.29;97.14;70;66;68;1.10;29/04/2018
2016;Grado;Terapia Ocupacional;Zaragoza;Facultad de Ciencias de la Salud;Inglés científico II;Normal;Formación básica;95.38;86.11;90.28;72;62;65;1.20;29/04/2018
2016;Grado;Terapia Ocupacional;Zaragoza;Facultad de Ciencias de la Salud;Deontología y legislación sanitaria;Normal;Formación básica;96.97;95.52;98.51;67;64;66;1.00;29/04/2018
2016;Grado;Terapia Ocupacional;Zaragoza;Facultad de Ciencias de la Salud;Teoría y técnicas de la terapia ocupacional II;Normal;Obligatoria;82.02;73.00;89.00;100;73;89;1.74;29/04/2018
2016;Grado;Terapia Ocupacional;Zaragoza;Facultad de Ciencias de la Salud;Afecciones médico quirúrgicas I;Normal;Obligatoria;93.75;80.00;85.33;75;60;64;1.10;29/04/2018
2016;Grado;Terapia Ocupacional;Zaragoza;Facultad de Ciencias de la Salud;Actividades para la independencia funcional II.  Desempeño ocupacional en la vida diaria;Normal;Obligatoria;98.48;87.84;89.19;74;65;66;1.06;29/04/2018
2016;Grado;Terapia Ocupacional;Zaragoza;Facultad de Ciencias de la Salud;Teoría y técnicas de la terapia ocupacional III;Normal;Obligatoria;97.26;95.95;98.65;74;71;73;1.03;29/04/2018
2016;Grado;Terapia Ocupacional;Zaragoza;Facultad de Ciencias de la Salud;Afecciones médico  quirúrgicas II;Normal;Obligatoria;96.30;95.12;98.78;82;78;81;1.12;29/04/2018
2016;Grado;Terapia Ocupacional;Zaragoza;Facultad de Ciencias de la Salud;Actividades para la independencia funcional III. Desempeño ocupacional en educación, juego y ocio.;Normal;Obligatoria;98.65;94.81;96.10;77;73;74;1.34;29/04/2018
2016;Grado;Terapia Ocupacional;Zaragoza;Facultad de Ciencias de la Salud;Actividades para la independencia funcional IV. Entorno y desempeño ocupacional;Normal;Obligatoria;98.55;95.77;97.18;71;68;69;1.00;29/04/2018
2016;Grado;Terapia Ocupacional;Zaragoza;Facultad de Ciencias de la Salud;Psiquiatría;Normal;Obligatoria;79.12;74.23;93.81;97;72;91;1.58;29/04/2018
2016;Grado;Terapia Ocupacional;Zaragoza;Facultad de Ciencias de la Salud;Salud pública;Normal;Obligatoria;96.34;92.94;96.47;85;79;82;1.29;29/04/2018
2016;Grado;Terapia Ocupacional;Zaragoza;Facultad de Ciencias de la Salud;Prácticas externas I;Prácticas externas;Prácticas externas;100.00;98.57;98.57;72;71;71;1.00;29/04/2018
2016;Grado;Terapia Ocupacional;Zaragoza;Facultad de Ciencias de la Salud;Prácticas externas II;Prácticas externas;Prácticas externas;100.00;100.00;100.00;65;65;65;1.00;29/04/2018
2016;Grado;Terapia Ocupacional;Zaragoza;Facultad de Ciencias de la Salud;Actividades para la independencia funcional V: Desempeño ocupacional en la comunidad;Normal;Obligatoria;100.00;98.57;98.57;70;69;69;1.00;29/04/2018
2016;Grado;Terapia Ocupacional;Zaragoza;Facultad de Ciencias de la Salud;Actividades para la independencia funcional VI: Desempeño ocupacional e inserción laboral;Normal;Obligatoria;100.00;100.00;100.00;67;67;67;1.14;29/04/2018
2016;Grado;Terapia Ocupacional;Zaragoza;Facultad de Ciencias de la Salud;Geriatría;Normal;Obligatoria;100.00;100.00;100.00;71;71;71;1.00;29/04/2018
2016;Grado;Terapia Ocupacional;Zaragoza;Facultad de Ciencias de la Salud;Ortoprótesis en terapia ocupacional;Normal;Obligatoria;100.00;100.00;100.00;71;71;71;1.00;29/04/2018
2016;Grado;Terapia Ocupacional;Zaragoza;Facultad de Ciencias de la Salud;Trabajo fin de Grado;Trabajo fin de grado;Trabajo fin de Grado;100.00;97.06;97.06;68;66;66;1.00;29/04/2018
2016;Grado;Terapia Ocupacional;Zaragoza;Facultad de Ciencias de la Salud;Francés instrumental I para terapia ocupacional;Normal;Optativa;;;;0;0;0;1.00;29/04/2018
2016;Grado;Terapia Ocupacional;Zaragoza;Facultad de Ciencias de la Salud;Academic writing for occupational therapy;Normal;Optativa;100.00;87.50;87.50;8;7;7;1.00;29/04/2018
2016;Grado;Terapia Ocupacional;Zaragoza;Facultad de Ciencias de la Salud;Sociología de la exclusión social;Normal;Optativa;;;;0;0;0;1.00;29/04/2018
2016;Grado;Terapia Ocupacional;Zaragoza;Facultad de Ciencias de la Salud;Terapéutica de las patologías de la comunicación;Normal;Optativa;93.88;92.00;98.00;50;46;49;1.04;29/04/2018
2016;Grado;Terapia Ocupacional;Zaragoza;Facultad de Ciencias de la Salud;Técnicas de liderazgo y dinámica grupal;Normal;Optativa;100.00;100.00;100.00;27;27;27;1.00;29/04/2018
2016;Grado;Terapia Ocupacional;Zaragoza;Facultad de Ciencias de la Salud;Terapia asistida con animales;Normal;Optativa;100.00;100.00;100.00;24;24;24;1.00;29/04/2018
2016;Grado;Terapia Ocupacional;Zaragoza;Facultad de Ciencias de la Salud;Fisiología clínica del ejercicio para profesionales sanitarios;Normal;Optativa;78.26;78.26;100.00;23;18;23;1.17;29/04/2018
2016;Grado;Trabajo Social;Zaragoza;Facultad de Ciencias Sociales y del Trabajo;Introducción al trabajo social;Normal;Obligatoria;92.49;89.39;96.65;179;160;173;1.15;29/04/2018
2016;Grado;Trabajo Social;Zaragoza;Facultad de Ciencias Sociales y del Trabajo;Fundamentos del comportamiento humano;Normal;Formación básica;88.57;84.70;95.63;183;155;175;1.11;29/04/2018
2016;Grado;Trabajo Social;Zaragoza;Facultad de Ciencias Sociales y del Trabajo;Economía aplicada al trabajo social;Normal;Formación básica;98.17;95.27;97.04;169;161;164;1.01;29/04/2018
2016;Grado;Trabajo Social;Zaragoza;Facultad de Ciencias Sociales y del Trabajo;Sociología general;Normal;Formación básica;93.68;86.83;92.68;205;178;190;1.27;29/04/2018
2016;Grado;Trabajo Social;Zaragoza;Facultad de Ciencias Sociales y del Trabajo;Introducción a la política social;Normal;Formación básica;92.43;87.24;94.39;196;171;185;1.19;29/04/2018
2016;Grado;Trabajo Social;Zaragoza;Facultad de Ciencias Sociales y del Trabajo;Conceptos, teorías y métodos en trabajo social;Normal;Obligatoria;95.53;87.69;91.79;195;171;179;1.20;29/04/2018
2016;Grado;Trabajo Social;Zaragoza;Facultad de Ciencias Sociales y del Trabajo;Habilidades sociales y de comunicación;Normal;Formación básica;89.83;85.03;94.65;187;159;177;1.11;29/04/2018
2016;Grado;Trabajo Social;Zaragoza;Facultad de Ciencias Sociales y del Trabajo;Desarrollo humano en el ciclo vital y en el medio social;Normal;Formación básica;90.43;81.34;89.95;209;170;188;1.41;29/04/2018
2016;Grado;Trabajo Social;Zaragoza;Facultad de Ciencias Sociales y del Trabajo;Antropología social y cultural;Normal;Formación básica;94.77;89.56;94.51;182;163;172;1.02;29/04/2018
2016;Grado;Trabajo Social;Zaragoza;Facultad de Ciencias Sociales y del Trabajo;Fundamentos jurídicos;Normal;Formación básica;80.33;69.01;85.92;215;149;185;1.51;29/04/2018
2016;Grado;Trabajo Social;Zaragoza;Facultad de Ciencias Sociales y del Trabajo;Trabajo social con individuos y familias;Normal;Obligatoria;95.48;90.37;94.65;187;169;177;1.53;29/04/2018
2016;Grado;Trabajo Social;Zaragoza;Facultad de Ciencias Sociales y del Trabajo;Métodos y técnicas de investigación en trabajo social;Normal;Obligatoria;88.33;83.25;94.24;191;159;180;1.33;29/04/2018
2016;Grado;Trabajo Social;Zaragoza;Facultad de Ciencias Sociales y del Trabajo;Procesos de interacción: el individuo en el grupo y en su contexto social;Normal;Obligatoria;96.59;91.89;95.14;185;170;176;1.17;29/04/2018
2016;Grado;Trabajo Social;Zaragoza;Facultad de Ciencias Sociales y del Trabajo;Derecho, ciudadanía y trabajo social;Normal;Formación básica;96.95;89.33;92.13;178;159;164;1.04;29/04/2018
2016;Grado;Trabajo Social;Zaragoza;Facultad de Ciencias Sociales y del Trabajo;Sistemas de bienestar social;Normal;Obligatoria;82.42;72.46;87.92;207;150;182;1.37;29/04/2018
2016;Grado;Trabajo Social;Zaragoza;Facultad de Ciencias Sociales y del Trabajo;Trabajo social con grupos;Normal;Obligatoria;95.83;89.94;93.85;179;161;168;1.11;29/04/2018
2016;Grado;Trabajo Social;Zaragoza;Facultad de Ciencias Sociales y del Trabajo;Trabajo social con comunidades;Normal;Obligatoria;90.30;81.42;90.16;183;149;165;1.11;29/04/2018
2016;Grado;Trabajo Social;Zaragoza;Facultad de Ciencias Sociales y del Trabajo;Habilidades de comunicación en el trabajo social;Normal;Obligatoria;96.30;89.66;93.10;174;156;162;1.08;29/04/2018
2016;Grado;Trabajo Social;Zaragoza;Facultad de Ciencias Sociales y del Trabajo;Salud, dependencia y vulnerabilidad social;Normal;Formación básica;86.71;79.37;91.53;190;151;174;1.31;29/04/2018
2016;Grado;Trabajo Social;Zaragoza;Facultad de Ciencias Sociales y del Trabajo;Estructura social;Normal;Obligatoria;81.82;71.64;87.56;201;144;176;1.29;29/04/2018
2016;Grado;Trabajo Social;Zaragoza;Facultad de Ciencias Sociales y del Trabajo;Ética y trabajo social;Normal;Obligatoria;100.00;93.85;93.85;143;135;135;1.10;29/04/2018
2016;Grado;Trabajo Social;Zaragoza;Facultad de Ciencias Sociales y del Trabajo;Estadística aplicada a la investigación social;Normal;Obligatoria;99.17;98.36;99.18;129;127;128;1.04;29/04/2018
2016;Grado;Trabajo Social;Zaragoza;Facultad de Ciencias Sociales y del Trabajo;Procesos sociales;Normal;Obligatoria;93.01;88.08;94.70;162;144;154;1.45;29/04/2018
2016;Grado;Trabajo Social;Zaragoza;Facultad de Ciencias Sociales y del Trabajo;Políticas sociales en España;Normal;Obligatoria;94.74;89.36;94.33;148;133;140;1.22;29/04/2018
2016;Grado;Trabajo Social;Zaragoza;Facultad de Ciencias Sociales y del Trabajo;Organización de los servicios sociales;Normal;Obligatoria;99.17;98.35;99.17;134;132;133;1.13;29/04/2018
2016;Grado;Trabajo Social;Zaragoza;Facultad de Ciencias Sociales y del Trabajo;Prácticum de investigación;Prácticas externas;Prácticas externas;100.00;100.00;100.00;138;138;138;1.01;29/04/2018
2016;Movilidad de entrada;Movilidad para 1º y 2º ciclo y grado;Zaragoza;Facultad de Ciencias Sociales y del Trabajo;Prácticum de investigación;Prácticas externas;Optativa;;;;6;6;6;1.00;29/04/2018
2016;Grado;Trabajo Social;Zaragoza;Facultad de Ciencias Sociales y del Trabajo;Gestión de organizaciones;Normal;Obligatoria;82.80;80.25;96.91;175;142;170;1.39;29/04/2018
2016;Grado;Trabajo Social;Zaragoza;Facultad de Ciencias Sociales y del Trabajo;Programas y prestaciones de los servicios sociales;Normal;Obligatoria;91.79;89.78;97.81;139;125;136;1.10;29/04/2018
2016;Grado;Trabajo Social;Zaragoza;Facultad de Ciencias Sociales y del Trabajo;Practicum de intervención;Prácticas externas;Prácticas externas;100.00;100.00;100.00;141;141;141;1.01;29/04/2018
2016;Grado;Trabajo Social;Zaragoza;Facultad de Ciencias Sociales y del Trabajo;Trabajo fin de Grado;Trabajo fin de grado;Trabajo fin de Grado;97.14;77.27;79.55;176;136;140;1.03;29/04/2018
2016;Grado;Trabajo Social;Zaragoza;Facultad de Ciencias Sociales y del Trabajo;Análisis de datos sociales;Normal;Optativa;100.00;93.33;93.33;17;16;16;1.06;29/04/2018
2016;Grado;Trabajo Social;Zaragoza;Facultad de Ciencias Sociales y del Trabajo;Concepciones del ser humano;Normal;Optativa;100.00;92.59;92.59;39;37;37;1.05;29/04/2018
2016;Grado;Trabajo Social;Zaragoza;Facultad de Ciencias Sociales y del Trabajo;Diseño de proyectos sociales;Normal;Optativa;100.00;94.92;94.92;64;61;61;1.03;29/04/2018
2016;Grado;Trabajo Social;Zaragoza;Facultad de Ciencias Sociales y del Trabajo;Gestión y administración de la calidad en la prestación de servicios sociales;Normal;Optativa;100.00;100.00;100.00;9;9;9;1.00;29/04/2018
2016;Grado;Trabajo Social;Zaragoza;Facultad de Ciencias Sociales y del Trabajo;Inglés específico para trabajo social I;Normal;Optativa;78.72;72.55;92.16;56;42;52;1.14;29/04/2018
2016;Grado;Trabajo Social;Zaragoza;Facultad de Ciencias Sociales y del Trabajo;Inmigración;Normal;Optativa;94.74;88.89;93.83;91;82;86;1.09;29/04/2018
2016;Grado;Trabajo Social;Zaragoza;Facultad de Ciencias Sociales y del Trabajo;Métodos y técnicas de investigación cualitativa aplicados a trabajo social;Normal;Optativa;97.44;95.00;97.50;43;40;41;1.05;29/04/2018
2016;Grado;Trabajo Social;Zaragoza;Facultad de Ciencias Sociales y del Trabajo;Tecnologías aplicadas a la gestión de la información en el contexto de las ciencias sociales;Normal;Optativa;90.91;87.38;96.12;104;91;100;1.09;29/04/2018
2016;Grado;Trabajo Social;Zaragoza;Facultad de Ciencias Sociales y del Trabajo;Trabajo social con colectivos en situación de dependencia;Normal;Optativa;100.00;100.00;100.00;63;63;63;1.00;29/04/2018
2016;Grado;Trabajo Social;Zaragoza;Facultad de Ciencias Sociales y del Trabajo;Trabajo social en el ámbito de la justicia;Normal;Optativa;98.80;96.47;97.65;89;86;87;1.07;29/04/2018
2016;Grado;Trabajo Social;Zaragoza;Facultad de Ciencias Sociales y del Trabajo;Trabajo social en el ámbito de la mediación;Normal;Optativa;95.83;93.24;97.30;86;80;84;1.01;29/04/2018
2016;Grado;Trabajo Social;Zaragoza;Facultad de Ciencias Sociales y del Trabajo;Trabajo social en el ámbito de la salud;Normal;Optativa;94.74;90.00;95.00;28;26;27;1.04;29/04/2018
2016;Grado;Trabajo Social;Zaragoza;Facultad de Ciencias Sociales y del Trabajo;Trabajo, derechos sociales y movimientos sociales en la sociedad contemporánea (siglos XIX y XX);Normal;Optativa;96.88;91.18;94.12;41;38;39;1.03;29/04/2018
2016;Grado;Trabajo Social;Zaragoza;Facultad de Ciencias Sociales y del Trabajo;Trabajo fin de Grado/Curso adaptación;Trabajo fin de grado;Trabajo fin de Grado;;;;1;0;0;;29/04/2018
2016;Grado;Ciencia y Tecnología de los Alimentos;Zaragoza;Facultad de Veterinaria;Fisiología general y de la nutrición;Normal;Formación básica;100.00;66.67;66.67;3;2;2;2.50;29/04/2018
2016;Grado;Ciencia y Tecnología de los Alimentos;Zaragoza;Facultad de Veterinaria;Fundamentos de economía alimentaria;Normal;Formación básica;;;;1;0;0;;29/04/2018
2016;Grado;Ciencia y Tecnología de los Alimentos;Zaragoza;Facultad de Veterinaria;Microbiología;Normal;Formación básica;100.00;66.67;66.67;3;2;2;6.50;29/04/2018
2016;Grado;Ciencia y Tecnología de los Alimentos;Zaragoza;Facultad de Veterinaria;Producción de materias primas en la industria alimentaria;Normal;Obligatoria;;;100.00;2;0;2;;29/04/2018
2016;Grado;Ciencia y Tecnología de los Alimentos;Zaragoza;Facultad de Veterinaria;Química general;Normal;Formación básica;100.00;100.00;100.00;1;1;1;5.00;29/04/2018
2016;Grado;Ciencia y Tecnología de los Alimentos;Zaragoza;Facultad de Veterinaria;Técnicas instrumentales de análisis químico;Normal;Formación básica;100.00;85.71;85.71;7;6;6;5.83;29/04/2018
2016;Grado;Ciencia y Tecnología de los Alimentos;Zaragoza;Facultad de Veterinaria;Fundamentos de ingeniería química;Normal;Formación básica;78.95;75.00;95.00;20;15;19;2.67;29/04/2018
2016;Grado;Ciencia y Tecnología de los Alimentos;Zaragoza;Facultad de Veterinaria;Química y bioquímica de los alimentos;Normal;Obligatoria;81.82;78.26;95.65;23;18;22;3.61;29/04/2018
2016;Grado;Ciencia y Tecnología de los Alimentos;Zaragoza;Facultad de Veterinaria;Bromatología;Normal;Obligatoria;100.00;83.33;83.33;6;5;5;4.00;29/04/2018
2016;Grado;Ciencia y Tecnología de los Alimentos;Zaragoza;Facultad de Veterinaria;Microbiología de los alimentos;Normal;Obligatoria;100.00;75.00;75.00;4;3;3;2.67;29/04/2018
2016;Grado;Ciencia y Tecnología de los Alimentos;Zaragoza;Facultad de Veterinaria;Dirección de empresas alimentarias;Normal;Obligatoria;80.00;80.00;100.00;5;4;5;3.25;29/04/2018
2016;Grado;Ciencia y Tecnología de los Alimentos;Zaragoza;Facultad de Veterinaria;Operaciones básicas en la industria alimentaria;Normal;Obligatoria;53.33;32.00;60.00;25;8;15;3.00;29/04/2018
2016;Grado;Ciencia y Tecnología de los Alimentos;Zaragoza;Facultad de Veterinaria;Análisis químico de los alimentos;Normal;Obligatoria;80.00;57.14;71.43;7;4;5;3.00;29/04/2018
2016;Grado;Ciencia y Tecnología de los Alimentos;Zaragoza;Facultad de Veterinaria;Análisis físico y sensorial de los alimentos;Normal;Obligatoria;100.00;57.14;57.14;7;4;4;3.25;29/04/2018
2016;Grado;Ciencia y Tecnología de los Alimentos;Zaragoza;Facultad de Veterinaria;Análisis microbiológico de los alimentos;Normal;Obligatoria;73.33;68.75;93.75;17;12;16;3.75;29/04/2018
2016;Grado;Ciencia y Tecnología de los Alimentos;Zaragoza;Facultad de Veterinaria;Nutrición y dietética;Normal;Obligatoria;;;;2;0;0;;29/04/2018
2016;Grado;Ciencia y Tecnología de los Alimentos;Zaragoza;Facultad de Veterinaria;Tecnología de los alimentos I;Normal;Obligatoria;75.76;70.42;92.96;76;55;71;1.85;29/04/2018
2016;Grado;Ciencia y Tecnología de los Alimentos;Zaragoza;Facultad de Veterinaria;Biotecnología alimentaria;Normal;Obligatoria;87.27;82.76;94.83;61;51;58;1.41;29/04/2018
2016;Grado;Ciencia y Tecnología de los Alimentos;Zaragoza;Facultad de Veterinaria;Higiene alimentaria general;Normal;Obligatoria;75.00;69.23;92.31;56;40;52;1.22;29/04/2018
2016;Grado;Ciencia y Tecnología de los Alimentos;Zaragoza;Facultad de Veterinaria;Gestión integral de la calidad en la industria alimentaria;Normal;Obligatoria;85.71;85.71;100.00;60;52;60;1.31;29/04/2018
2016;Grado;Ciencia y Tecnología de los Alimentos;Zaragoza;Facultad de Veterinaria;Salud pública y alimentación;Normal;Obligatoria;100.00;95.74;95.74;49;47;47;1.11;29/04/2018
2016;Grado;Ciencia y Tecnología de los Alimentos;Zaragoza;Facultad de Veterinaria;Tecnología de los alimentos II;Normal;Obligatoria;90.38;81.03;89.66;62;50;55;1.54;29/04/2018
2016;Grado;Ciencia y Tecnología de los Alimentos;Zaragoza;Facultad de Veterinaria;Cocinado industrial y restauración colectiva;Normal;Obligatoria;100.00;97.96;97.96;51;50;50;1.00;29/04/2018
2016;Grado;Ciencia y Tecnología de los Alimentos;Zaragoza;Facultad de Veterinaria;Higiene alimentaria aplicada;Normal;Obligatoria;66.67;59.02;88.52;61;36;54;1.31;29/04/2018
2016;Grado;Ciencia y Tecnología de los Alimentos;Zaragoza;Facultad de Veterinaria;Diseño industrial y gestión medioambiental;Normal;Obligatoria;91.84;78.95;85.96;60;48;52;1.38;29/04/2018
2016;Grado;Ciencia y Tecnología de los Alimentos;Zaragoza;Facultad de Veterinaria;Legislación alimentaria;Normal;Obligatoria;72.73;63.49;87.30;64;41;56;1.27;29/04/2018
2016;Grado;Ciencia y Tecnología de los Alimentos;Zaragoza;Facultad de Veterinaria;Tecnología de la leche y de ovoproductos;Normal;Obligatoria;100.00;96.36;96.36;56;54;54;1.11;29/04/2018
2016;Grado;Ciencia y Tecnología de los Alimentos;Zaragoza;Facultad de Veterinaria;Tecnología de la carne y del pescado;Normal;Obligatoria;100.00;95.92;95.92;52;50;50;1.00;29/04/2018
2016;Grado;Ciencia y Tecnología de los Alimentos;Zaragoza;Facultad de Veterinaria;Tecnología de productos vegetales;Normal;Obligatoria;100.00;100.00;100.00;53;53;53;1.06;29/04/2018
2016;Grado;Ciencia y Tecnología de los Alimentos;Zaragoza;Facultad de Veterinaria;Enología;Normal;Obligatoria;95.65;95.65;100.00;49;47;49;1.04;29/04/2018
2016;Grado;Ciencia y Tecnología de los Alimentos;Zaragoza;Facultad de Veterinaria;Gestión de la seguridad alimentaria;Normal;Obligatoria;88.68;85.45;96.36;59;51;57;1.45;29/04/2018
2016;Grado;Ciencia y Tecnología de los Alimentos;Zaragoza;Facultad de Veterinaria;Practicum planta piloto;Normal;Obligatoria;100.00;100.00;100.00;52;52;52;1.00;29/04/2018
2016;Grado;Ciencia y Tecnología de los Alimentos;Zaragoza;Facultad de Veterinaria;Prácticas externas;Prácticas externas;Prácticas externas;100.00;100.00;100.00;59;59;59;1.00;29/04/2018
2016;Grado;Ciencia y Tecnología de los Alimentos;Zaragoza;Facultad de Veterinaria;Trabajo fin de Grado;Trabajo fin de grado;Trabajo fin de Grado;100.00;91.53;91.53;59;54;54;1.00;29/04/2018
2016;Grado;Ciencia y Tecnología de los Alimentos;Zaragoza;Facultad de Veterinaria;Intensificación en el sector lácteo y de ovoproductos;Normal;Optativa;100.00;87.50;87.50;11;10;10;1.00;29/04/2018
2016;Grado;Ciencia y Tecnología de los Alimentos;Zaragoza;Facultad de Veterinaria;Intensificación en el sector cárnico y del pescado;Normal;Optativa;95.83;95.83;100.00;29;27;28;1.00;29/04/2018
2016;Grado;Ciencia y Tecnología de los Alimentos;Zaragoza;Facultad de Veterinaria;Intensificación en el sector de frutas y hortalizas;Normal;Optativa;100.00;100.00;100.00;16;16;16;1.00;29/04/2018
2016;Grado;Ciencia y Tecnología de los Alimentos;Zaragoza;Facultad de Veterinaria;Intensificación en el sector del aceite, azúcar y productos derivados del cereal;Normal;Optativa;100.00;96.77;96.77;33;32;32;1.00;29/04/2018
2016;Grado;Ciencia y Tecnología de los Alimentos;Zaragoza;Facultad de Veterinaria;Innovación en la industria alimentaria;Normal;Optativa;100.00;100.00;100.00;15;15;15;1.00;29/04/2018
2016;Grado;Ciencias de la Actividad Física y del Deporte;Huesca;Facultad de Ciencias de la Salud y del Deporte;Actividades corporales de expresión;Normal;Obligatoria;100.00;98.59;98.59;71;70;70;1.04;29/04/2018
2016;Grado;Ciencias de la Actividad Física y del Deporte;Huesca;Facultad de Ciencias de la Salud y del Deporte;Deportes rítmico-gimnásticos;Normal;Obligatoria;87.67;85.33;97.33;75;64;73;1.14;29/04/2018
2016;Grado;Ciencias de la Actividad Física y del Deporte;Huesca;Facultad de Ciencias de la Salud y del Deporte;Deportes y actividades acuáticas;Normal;Obligatoria;100.00;100.00;100.00;72;72;72;1.26;29/04/2018
2016;Grado;Ciencias de la Actividad Física y del Deporte;Huesca;Facultad de Ciencias de la Salud y del Deporte;Estadística;Normal;Formación básica;90.54;88.16;97.37;76;67;74;1.22;29/04/2018
2016;Grado;Ciencias de la Actividad Física y del Deporte;Huesca;Facultad de Ciencias de la Salud y del Deporte;Fundamentos anatómicos, cinesiológicos y biomecánicos en la actividad física y el deporte;Normal;Formación básica;89.33;88.16;98.68;76;67;75;1.31;29/04/2018
2016;Grado;Ciencias de la Actividad Física y del Deporte;Huesca;Facultad de Ciencias de la Salud y del Deporte;Fundamentos y manifestaciones básicas de la motricidad;Normal;Obligatoria;91.55;91.55;100.00;71;65;71;1.32;29/04/2018
2016;Grado;Ciencias de la Actividad Física y del Deporte;Huesca;Facultad de Ciencias de la Salud y del Deporte;Juegos motores;Normal;Obligatoria;97.30;97.30;100.00;74;72;74;1.21;29/04/2018
2016;Grado;Ciencias de la Actividad Física y del Deporte;Huesca;Facultad de Ciencias de la Salud y del Deporte;Procesos de enseñanza-aprendizaje en la actividad física y el deporte;Normal;Formación básica;97.18;95.83;98.61;72;69;71;1.03;29/04/2018
2016;Grado;Ciencias de la Actividad Física y del Deporte;Huesca;Facultad de Ciencias de la Salud y del Deporte;Sociología de la actividad física y el deporte;Normal;Formación básica;100.00;100.00;100.00;71;71;71;1.00;29/04/2018
2016;Grado;Ciencias de la Actividad Física y del Deporte;Huesca;Facultad de Ciencias de la Salud y del Deporte;Deportes de colaboración-oposición (colectivos);Normal;Obligatoria;98.57;98.57;100.00;70;69;70;1.03;29/04/2018
2016;Grado;Ciencias de la Actividad Física y del Deporte;Huesca;Facultad de Ciencias de la Salud y del Deporte;Deportes en la naturaleza;Normal;Obligatoria;100.00;98.55;98.55;69;68;68;1.01;29/04/2018
2016;Grado;Ciencias de la Actividad Física y del Deporte;Huesca;Facultad de Ciencias de la Salud y del Deporte;Teoría e historia de la actividad física y del deporte;Normal;Formación básica;96.97;94.12;97.06;68;64;66;1.06;29/04/2018
2016;Grado;Ciencias de la Actividad Física y del Deporte;Huesca;Facultad de Ciencias de la Salud y del Deporte;Deportes individuales;Normal;Obligatoria;100.00;98.11;98.11;53;52;52;1.03;29/04/2018
2016;Grado;Ciencias de la Actividad Física y del Deporte;Huesca;Facultad de Ciencias de la Salud y del Deporte;Fundamentos fisiológicos en la actividad física y el deporte;Normal;Formación básica;75.68;64.37;85.06;87;56;74;1.43;29/04/2018
2016;Grado;Ciencias de la Actividad Física y del Deporte;Huesca;Facultad de Ciencias de la Salud y del Deporte;Psicología de la actividad física y el deporte;Normal;Formación básica;96.00;94.74;98.68;76;72;75;1.17;29/04/2018
2016;Grado;Ciencias de la Actividad Física y del Deporte;Huesca;Facultad de Ciencias de la Salud y del Deporte;Deportes de lucha y de adversario;Normal;Obligatoria;100.00;97.10;97.10;70;68;68;1.07;29/04/2018
2016;Grado;Ciencias de la Actividad Física y del Deporte;Huesca;Facultad de Ciencias de la Salud y del Deporte;Organización de las actividades deportivas;Normal;Obligatoria;98.00;98.00;100.00;56;55;56;1.21;29/04/2018
2016;Grado;Ciencias de la Actividad Física y del Deporte;Huesca;Facultad de Ciencias de la Salud y del Deporte;Actividad física y salud;Normal;Obligatoria;93.65;90.77;96.92;75;69;73;1.57;29/04/2018
2016;Grado;Ciencias de la Actividad Física y del Deporte;Huesca;Facultad de Ciencias de la Salud y del Deporte;Acción docente en actividades físicas y deportivas;Normal;Obligatoria;100.00;100.00;100.00;63;63;63;1.05;29/04/2018
2016;Grado;Ciencias de la Actividad Física y del Deporte;Huesca;Facultad de Ciencias de la Salud y del Deporte;Teoría y práctica del entrenamiento deportivo;Normal;Obligatoria;51.35;43.68;85.06;98;49;85;2.12;29/04/2018
2016;Grado;Ciencias de la Actividad Física y del Deporte;Huesca;Facultad de Ciencias de la Salud y del Deporte;Recreación deportiva;Normal;Obligatoria;94.55;92.86;98.21;65;61;64;1.30;29/04/2018
2016;Grado;Ciencias de la Actividad Física y del Deporte;Huesca;Facultad de Ciencias de la Salud y del Deporte;Actividad física y poblaciones específicas;Normal;Obligatoria;92.00;85.19;92.59;63;55;59;1.16;29/04/2018
2016;Grado;Ciencias de la Actividad Física y del Deporte;Huesca;Facultad de Ciencias de la Salud y del Deporte;Diseño y evaluación en la enseñanza de la actividad física y del deporte;Normal;Obligatoria;100.00;100.00;100.00;63;63;63;1.03;29/04/2018
2016;Grado;Ciencias de la Actividad Física y del Deporte;Huesca;Facultad de Ciencias de la Salud y del Deporte;Actividades físico-deportivas en la naturaleza;Normal;Obligatoria;92.31;92.31;100.00;68;63;68;1.29;29/04/2018
2016;Grado;Ciencias de la Actividad Física y del Deporte;Huesca;Facultad de Ciencias de la Salud y del Deporte;Entrenamiento en distintas etapas evolutivas;Normal;Obligatoria;78.95;73.77;93.44;72;56;68;1.46;29/04/2018
2016;Grado;Ciencias de la Actividad Física y del Deporte;Huesca;Facultad de Ciencias de la Salud y del Deporte;Gestión y legislación deportivas;Normal;Obligatoria;100.00;100.00;100.00;64;64;64;1.00;29/04/2018
2016;Grado;Ciencias de la Actividad Física y del Deporte;Huesca;Facultad de Ciencias de la Salud y del Deporte;Prácticas externas (Practicum);Prácticas externas;Prácticas externas;100.00;96.88;96.88;64;62;62;1.00;29/04/2018
2016;Grado;Ciencias de la Actividad Física y del Deporte;Huesca;Facultad de Ciencias de la Salud y del Deporte;Trabajo fin de Grado;Trabajo fin de grado;Trabajo fin de Grado;100.00;68.35;68.35;79;54;54;1.00;29/04/2018
2016;Grado;Ciencias de la Actividad Física y del Deporte;Huesca;Facultad de Ciencias de la Salud y del Deporte;Actividad física y deporte adaptado a personas con discapacidad;Normal;Optativa;100.00;100.00;100.00;13;13;13;1.00;29/04/2018
2016;Grado;Ciencias de la Actividad Física y del Deporte;Huesca;Facultad de Ciencias de la Salud y del Deporte;Actividad física y personas mayores;Normal;Optativa;100.00;100.00;100.00;14;14;14;1.00;29/04/2018
2016;Grado;Ciencias de la Actividad Física y del Deporte;Huesca;Facultad de Ciencias de la Salud y del Deporte;Deportes aéreos;Normal;Optativa;100.00;100.00;100.00;15;15;15;1.00;29/04/2018
2016;Grado;Ciencias de la Actividad Física y del Deporte;Huesca;Facultad de Ciencias de la Salud y del Deporte;Farmacología aplicada a la actividad física y el deporte;Normal;Optativa;100.00;100.00;100.00;36;36;36;1.00;29/04/2018
2016;Grado;Ciencias de la Actividad Física y del Deporte;Huesca;Facultad de Ciencias de la Salud y del Deporte;Gestión y administración de empresas deportivas;Normal;Optativa;100.00;100.00;100.00;35;35;35;1.00;29/04/2018
2016;Grado;Ciencias de la Actividad Física y del Deporte;Huesca;Facultad de Ciencias de la Salud y del Deporte;Juegos y deportes tradicionales aragoneses;Normal;Optativa;100.00;100.00;100.00;19;19;19;1.00;29/04/2018
2016;Grado;Ciencias de la Actividad Física y del Deporte;Huesca;Facultad de Ciencias de la Salud y del Deporte;Lenguaje corporal;Normal;Optativa;100.00;100.00;100.00;16;16;16;1.00;29/04/2018
2016;Grado;Ciencias de la Actividad Física y del Deporte;Huesca;Facultad de Ciencias de la Salud y del Deporte;Nuevas tendencias del fitness y wellness;Normal;Optativa;100.00;100.00;100.00;25;25;25;1.00;29/04/2018
2016;Grado;Ciencias de la Actividad Física y del Deporte;Huesca;Facultad de Ciencias de la Salud y del Deporte;Nutrición y actividad física;Normal;Optativa;100.00;100.00;100.00;41;41;41;1.00;29/04/2018
2016;Grado;Ciencias de la Actividad Física y del Deporte;Huesca;Facultad de Ciencias de la Salud y del Deporte;Observación de la intervención y del comportamiento motor;Normal;Optativa;100.00;100.00;100.00;31;31;31;1.00;29/04/2018
2016;Grado;Ciencias de la Actividad Física y del Deporte;Huesca;Facultad de Ciencias de la Salud y del Deporte;Organización y gestión del asociacionismo deportivo;Normal;Optativa;100.00;100.00;100.00;21;21;21;1.00;29/04/2018
2016;Grado;Ciencias de la Actividad Física y del Deporte;Huesca;Facultad de Ciencias de la Salud y del Deporte;Optimización del rendimiento en las distintas modalidades deportivas;Normal;Optativa;100.00;100.00;100.00;6;6;6;1.00;29/04/2018
2016;Grado;Ciencias de la Actividad Física y del Deporte;Huesca;Facultad de Ciencias de la Salud y del Deporte;Orientación y bicicleta todo terreno;Normal;Optativa;100.00;100.00;100.00;29;29;29;1.00;29/04/2018
2016;Grado;Ciencias de la Actividad Física y del Deporte;Huesca;Facultad de Ciencias de la Salud y del Deporte;Seguridad, prevención y primeros auxilios en la práctica físico-deportiva;Normal;Optativa;100.00;93.75;93.75;18;17;17;1.07;29/04/2018
2016;Grado;Ciencias de la Actividad Física y del Deporte;Huesca;Facultad de Ciencias de la Salud y del Deporte;Turismo activo, desarrollo sostenible y actividad física y deporte;Normal;Optativa;100.00;100.00;100.00;15;15;15;1.00;29/04/2018
2016;Grado;Geología;Zaragoza;Facultad de Ciencias;Análisis estratigráfico;Normal;Obligatoria;48.65;36.00;74.00;50;18;37;2.44;29/04/2018
2016;Grado;Geología;Zaragoza;Facultad de Ciencias;Biología;Normal;Formación básica;60.00;51.06;85.11;47;24;40;1.80;29/04/2018
2016;Grado;Geología;Zaragoza;Facultad de Ciencias;Cristalografía;Normal;Formación básica;58.70;42.19;71.88;64;27;46;2.37;29/04/2018
2016;Grado;Geología;Zaragoza;Facultad de Ciencias;Física;Normal;Formación básica;56.76;32.81;57.81;64;21;37;1.91;29/04/2018
2016;Grado;Geología;Zaragoza;Facultad de Ciencias;Fundamentos de geología y cartografía;Normal;Formación básica;89.47;77.27;86.36;44;34;38;1.60;29/04/2018
2016;Grado;Geología;Zaragoza;Facultad de Ciencias;Matemáticas;Normal;Formación básica;67.74;51.22;75.61;41;21;31;1.25;29/04/2018
2016;Grado;Geología;Zaragoza;Facultad de Ciencias;Paleontología básica y marina;Normal;Formación básica;79.49;62.00;78.00;50;31;39;2.10;29/04/2018
2016;Grado;Geología;Zaragoza;Facultad de Ciencias;Química;Normal;Formación básica;65.00;48.15;74.07;54;26;40;1.46;29/04/2018
2016;Grado;Geología;Zaragoza;Facultad de Ciencias;Geología estructural;Normal;Obligatoria;75.00;66.67;88.89;18;12;16;1.25;29/04/2018
2016;Grado;Geología;Zaragoza;Facultad de Ciencias;Geomorfología;Normal;Obligatoria;100.00;78.57;78.57;28;22;22;1.55;29/04/2018
2016;Grado;Geología;Zaragoza;Facultad de Ciencias;Hidrogeología;Normal;Obligatoria;84.62;66.67;78.79;33;22;26;1.55;29/04/2018
2016;Grado;Geología;Zaragoza;Facultad de Ciencias;Mineralogía;Normal;Obligatoria;58.33;48.28;82.76;29;14;24;1.57;29/04/2018
2016;Grado;Geología;Zaragoza;Facultad de Ciencias;Paleontología continental;Normal;Obligatoria;88.00;84.62;96.15;26;22;25;1.86;29/04/2018
2016;Grado;Geología;Zaragoza;Facultad de Ciencias;Petrología exógena;Normal;Obligatoria;75.00;62.07;82.76;29;18;24;1.50;29/04/2018
2016;Grado;Geología;Zaragoza;Facultad de Ciencias;Procesos y medios sedimentarios;Normal;Obligatoria;100.00;90.91;90.91;22;20;20;1.20;29/04/2018
2016;Grado;Geología;Zaragoza;Facultad de Ciencias;Tratamiento estadístico e informático de datos geológicos;Normal;Formación básica;74.07;66.67;90.00;30;20;27;1.38;29/04/2018
2016;Grado;Geología;Zaragoza;Facultad de Ciencias;Cartografía geológica;Normal;Obligatoria;82.35;77.78;94.44;18;14;17;1.86;29/04/2018
2016;Grado;Geología;Zaragoza;Facultad de Ciencias;Correlación y síntesis estratigráfica;Normal;Obligatoria;48.28;40.00;82.86;35;14;29;2.29;29/04/2018
2016;Grado;Geología;Zaragoza;Facultad de Ciencias;Geofísica y tectónica global;Normal;Obligatoria;62.07;54.55;87.88;33;18;29;1.67;29/04/2018
2016;Grado;Geología;Zaragoza;Facultad de Ciencias;Geología histórica, regional y de España;Normal;Obligatoria;100.00;80.95;80.95;21;17;17;1.53;29/04/2018
2016;Grado;Geología;Zaragoza;Facultad de Ciencias;Geoquímica;Normal;Obligatoria;70.37;57.58;81.82;33;19;27;2.00;29/04/2018
2016;Grado;Geología;Zaragoza;Facultad de Ciencias;Micropaleontología;Normal;Obligatoria;100.00;92.00;92.00;25;23;23;1.43;29/04/2018
2016;Grado;Geología;Zaragoza;Facultad de Ciencias;Petrología endógena;Normal;Obligatoria;79.17;65.52;82.76;29;19;24;1.68;29/04/2018
2016;Grado;Geología;Zaragoza;Facultad de Ciencias;Recursos minerales y energéticos;Normal;Obligatoria;71.43;65.22;91.30;23;15;21;1.47;29/04/2018
2016;Grado;Geología;Zaragoza;Facultad de Ciencias;Geología ambiental;Normal;Obligatoria;82.35;77.78;94.44;18;14;17;1.71;29/04/2018
2016;Grado;Geología;Zaragoza;Facultad de Ciencias;Geotecnia y prospección geofísica;Normal;Obligatoria;85.00;80.95;95.24;21;17;20;1.12;29/04/2018
2016;Grado;Geología;Zaragoza;Facultad de Ciencias;Proyectos y legislación en geología;Normal;Obligatoria;100.00;100.00;100.00;21;21;21;1.00;29/04/2018
2016;Grado;Geología;Zaragoza;Facultad de Ciencias;Riesgos geológicos;Normal;Obligatoria;100.00;100.00;100.00;14;14;14;1.21;29/04/2018
2016;Grado;Geología;Zaragoza;Facultad de Ciencias;Trabajo fin de Grado;Trabajo fin de grado;Trabajo fin de Grado;100.00;94.12;94.12;17;16;16;1.00;29/04/2018
2016;Grado;Geología;Zaragoza;Facultad de Ciencias;Análisis de cuencas;Normal;Optativa;80.00;80.00;100.00;5;4;5;1.00;29/04/2018
2016;Grado;Geología;Zaragoza;Facultad de Ciencias;Análisis estructural: técnicas y aplicaciones;Normal;Optativa;100.00;100.00;100.00;5;5;5;1.20;29/04/2018
2016;Grado;Geología;Zaragoza;Facultad de Ciencias;Cartografía geomorfológica y geoambiental;Normal;Optativa;100.00;100.00;100.00;4;4;4;1.00;29/04/2018
2016;Grado;Geología;Zaragoza;Facultad de Ciencias;Fundamentos de petrogénesis;Normal;Optativa;100.00;100.00;100.00;5;5;5;1.00;29/04/2018
2016;Grado;Geología;Zaragoza;Facultad de Ciencias;Geología de arcillas;Normal;Optativa;100.00;85.71;85.71;7;6;6;1.00;29/04/2018
2016;Grado;Geología;Zaragoza;Facultad de Ciencias;Ingeniería geológica;Normal;Optativa;100.00;100.00;100.00;7;7;7;1.00;29/04/2018
2016;Grado;Geología;Zaragoza;Facultad de Ciencias;Paleobiología de vertebrados y humana;Normal;Optativa;100.00;100.00;100.00;6;6;6;1.00;29/04/2018
2016;Grado;Geología;Zaragoza;Facultad de Ciencias;Paleontología técnica;Normal;Optativa;100.00;100.00;100.00;9;9;9;1.22;29/04/2018
2016;Grado;Geología;Zaragoza;Facultad de Ciencias;Rocas y minerales industriales;Normal;Optativa;100.00;100.00;100.00;7;7;7;1.00;29/04/2018
2016;Grado;Geología;Zaragoza;Facultad de Ciencias;Sedimentología aplicada y geología del carbón y del petróleo;Normal;Optativa;100.00;87.50;87.50;8;7;7;1.00;29/04/2018
2016;Grado;Geología;Zaragoza;Facultad de Ciencias;Tectónica: cuencas y orógenos;Normal;Optativa;100.00;100.00;100.00;6;6;6;1.00;29/04/2018
2016;Grado;Geología;Zaragoza;Facultad de Ciencias;Yacimientos minerales;Normal;Optativa;91.67;84.62;92.31;13;11;12;1.00;29/04/2018
2016;Grado;Geología;Zaragoza;Facultad de Ciencias;Structural Geology;Normal;Obligatoria;100.00;88.89;88.89;9;8;8;1.00;29/04/2018
2016;Grado;Magisterio en Educación Infantil;Zaragoza;Facultad de Educación;Lengua castellana;Normal;Formación básica;92.50;86.72;93.75;128;111;120;1.26;29/04/2018
2016;Grado;Magisterio en Educación Infantil;Huesca;Facultad de Ciencias Humanas y de la Educación;Lengua castellana;Normal;Formación básica;92.24;89.17;96.67;120;107;116;1.09;29/04/2018
2016;Grado;Magisterio en Educación Infantil;Teruel;Facultad de Ciencias Sociales y Humanas de Teruel;Lengua castellana;Normal;Formación básica;61.82;51.91;83.97;131;68;110;1.75;29/04/2018
2016;Grado;Magisterio en Educación Infantil;Zaragoza;Facultad de Educación;Psicología del desarrollo I;Normal;Formación básica;97.85;96.81;98.94;94;91;93;1.20;29/04/2018
2016;Grado;Magisterio en Educación Infantil;Huesca;Facultad de Ciencias Humanas y de la Educación;Psicología del desarrollo I;Normal;Formación básica;43.06;38.75;90.00;80;31;72;1.41;29/04/2018
2016;Grado;Magisterio en Educación Infantil;Teruel;Facultad de Ciencias Sociales y Humanas de Teruel;Psicología del desarrollo I;Normal;Formación básica;83.33;80.65;96.77;62;50;60;1.27;29/04/2018
2016;Grado;Magisterio en Educación Infantil;Zaragoza;Facultad de Educación;Sociología y psicología social de la educación;Normal;Formación básica;96.43;94.19;97.67;86;81;84;1.06;29/04/2018
2016;Grado;Magisterio en Educación Infantil;Huesca;Facultad de Ciencias Humanas y de la Educación;Sociología y psicología social de la educación;Normal;Formación básica;88.89;83.58;94.03;67;56;63;1.11;29/04/2018
2016;Grado;Magisterio en Educación Infantil;Teruel;Facultad de Ciencias Sociales y Humanas de Teruel;Sociología y psicología social de la educación;Normal;Formación básica;88.89;83.58;94.03;67;56;63;1.12;29/04/2018
2016;Grado;Magisterio en Educación Infantil;Zaragoza;Facultad de Educación;La escuela infantil como espacio educativo;Normal;Formación básica;95.00;87.36;91.95;87;76;80;1.01;29/04/2018
2016;Grado;Magisterio en Educación Infantil;Huesca;Facultad de Ciencias Humanas y de la Educación;La escuela infantil como espacio educativo;Normal;Formación básica;61.54;57.97;94.20;69;40;65;1.26;29/04/2018
2016;Grado;Magisterio en Educación Infantil;Teruel;Facultad de Ciencias Sociales y Humanas de Teruel;La escuela infantil como espacio educativo;Normal;Formación básica;72.06;66.22;91.89;74;49;68;1.43;29/04/2018
2016;Grado;Magisterio en Educación Infantil;Zaragoza;Facultad de Educación;Observación en la escuela;Normal;Formación básica;80.52;80.52;100.00;154;124;154;1.55;29/04/2018
2016;Grado;Magisterio en Educación Infantil;Huesca;Facultad de Ciencias Humanas y de la Educación;Observación en la escuela;Normal;Formación básica;90.76;88.52;97.54;122;108;119;1.13;29/04/2018
2016;Grado;Magisterio en Educación Infantil;Teruel;Facultad de Ciencias Sociales y Humanas de Teruel;Observación en la escuela;Normal;Formación básica;100.00;99.06;99.06;106;105;105;1.00;29/04/2018
2016;Grado;Magisterio en Educación Infantil;Zaragoza;Facultad de Educación;Evaluación de contextos;Normal;Formación básica;96.83;94.57;97.67;129;122;126;1.14;29/04/2018
2016;Grado;Magisterio en Educación Infantil;Huesca;Facultad de Ciencias Humanas y de la Educación;Evaluación de contextos;Normal;Formación básica;100.00;91.74;91.74;121;111;111;1.02;29/04/2018
2016;Grado;Magisterio en Educación Infantil;Teruel;Facultad de Ciencias Sociales y Humanas de Teruel;Evaluación de contextos;Normal;Formación básica;97.87;91.09;93.07;101;92;94;1.13;29/04/2018
2016;Grado;Magisterio en Educación Infantil;Zaragoza;Facultad de Educación;Psicología del desarrollo II;Normal;Formación básica;77.57;74.77;96.40;111;83;107;1.64;29/04/2018
2016;Grado;Magisterio en Educación Infantil;Huesca;Facultad de Ciencias Humanas y de la Educación;Psicología del desarrollo II;Normal;Formación básica;94.20;87.84;93.24;74;65;69;1.28;29/04/2018
2016;Grado;Magisterio en Educación Infantil;Teruel;Facultad de Ciencias Sociales y Humanas de Teruel;Psicología del desarrollo II;Normal;Formación básica;97.26;89.87;92.41;79;71;73;1.22;29/04/2018
2016;Grado;Magisterio en Educación Infantil;Zaragoza;Facultad de Educación;Educación social e intercultural;Normal;Formación básica;100.00;96.69;96.69;121;117;117;1.02;29/04/2018
2016;Grado;Magisterio en Educación Infantil;Huesca;Facultad de Ciencias Humanas y de la Educación;Educación social e intercultural;Normal;Formación básica;74.42;70.07;94.16;137;96;129;1.38;29/04/2018
2016;Grado;Magisterio en Educación Infantil;Teruel;Facultad de Ciencias Sociales y Humanas de Teruel;Educación social e intercultural;Normal;Formación básica;69.91;63.71;91.13;124;79;113;1.66;29/04/2018
2016;Grado;Magisterio en Educación Infantil;Zaragoza;Facultad de Educación;Psicología de la educación;Normal;Formación básica;98.26;96.58;98.29;117;113;115;1.08;29/04/2018
2016;Grado;Magisterio en Educación Infantil;Huesca;Facultad de Ciencias Humanas y de la Educación;Psicología de la educación;Normal;Formación básica;86.27;77.88;90.27;113;88;102;1.05;29/04/2018
2016;Grado;Magisterio en Educación Infantil;Teruel;Facultad de Ciencias Sociales y Humanas de Teruel;Psicología de la educación;Normal;Formación básica;78.26;72.73;92.93;99;72;92;1.21;29/04/2018
2016;Grado;Magisterio en Educación Infantil;Zaragoza;Facultad de Educación;Francés en educación infantil I;Normal;Formación básica;100.00;57.14;57.14;7;4;4;1.00;29/04/2018
2016;Grado;Magisterio en Educación Infantil;Huesca;Facultad de Ciencias Humanas y de la Educación;Francés en educación infantil I;Normal;Formación básica;100.00;70.00;70.00;10;7;7;1.12;29/04/2018
2016;Grado;Magisterio en Educación Infantil;Teruel;Facultad de Ciencias Sociales y Humanas de Teruel;Francés en educación infantil I;Normal;Formación básica;100.00;50.00;50.00;6;3;3;1.50;29/04/2018
2016;Grado;Magisterio en Educación Infantil;Zaragoza;Facultad de Educación;Inglés en educación infantil I;Normal;Formación básica;86.17;81.82;94.95;99;81;94;1.29;29/04/2018
2016;Grado;Magisterio en Educación Infantil;Huesca;Facultad de Ciencias Humanas y de la Educación;Inglés en educación infantil I;Normal;Formación básica;71.88;57.98;80.67;119;69;96;1.61;29/04/2018
2016;Grado;Magisterio en Educación Infantil;Teruel;Facultad de Ciencias Sociales y Humanas de Teruel;Inglés en educación infantil I;Normal;Formación básica;41.35;33.59;81.25;128;43;104;2.01;29/04/2018
2016;Grado;Magisterio en Educación Infantil;Zaragoza;Facultad de Educación;Prevención de las dificultades de aprendizaje;Normal;Obligatoria;95.28;92.37;96.95;131;121;127;1.24;29/04/2018
2016;Grado;Magisterio en Educación Infantil;Huesca;Facultad de Ciencias Humanas y de la Educación;Prevención de las dificultades de aprendizaje;Normal;Obligatoria;90.30;85.82;95.04;141;121;134;1.59;29/04/2018
2016;Grado;Magisterio en Educación Infantil;Teruel;Facultad de Ciencias Sociales y Humanas de Teruel;Prevención de las dificultades de aprendizaje;Normal;Obligatoria;92.55;89.69;96.91;97;87;94;1.11;29/04/2018
2016;Grado;Magisterio en Educación Infantil;Zaragoza;Facultad de Educación;El maestro en la escuela infantil;Normal;Obligatoria;100.00;99.15;99.15;118;117;117;1.05;29/04/2018
2016;Grado;Magisterio en Educación Infantil;Huesca;Facultad de Ciencias Humanas y de la Educación;El maestro en la escuela infantil;Normal;Obligatoria;97.22;93.75;96.43;112;105;108;1.07;29/04/2018
2016;Grado;Magisterio en Educación Infantil;Teruel;Facultad de Ciencias Sociales y Humanas de Teruel;El maestro en la escuela infantil;Normal;Obligatoria;96.88;90.29;93.20;103;93;96;1.52;29/04/2018
2016;Grado;Magisterio en Educación Infantil;Zaragoza;Facultad de Educación;Infancia, salud y alimentación;Normal;Obligatoria;100.00;98.90;98.90;91;90;90;1.05;29/04/2018
2016;Grado;Magisterio en Educación Infantil;Huesca;Facultad de Ciencias Humanas y de la Educación;Infancia, salud y alimentación;Normal;Obligatoria;91.04;89.71;98.53;68;61;67;1.03;29/04/2018
2016;Grado;Magisterio en Educación Infantil;Teruel;Facultad de Ciencias Sociales y Humanas de Teruel;Infancia, salud y alimentación;Normal;Obligatoria;86.25;79.31;91.95;87;69;80;1.64;29/04/2018
2016;Grado;Magisterio en Educación Infantil;Zaragoza;Facultad de Educación;Literatura infantil y educación literaria;Normal;Obligatoria;96.55;93.33;96.67;120;112;116;1.13;29/04/2018
2016;Grado;Magisterio en Educación Infantil;Huesca;Facultad de Ciencias Humanas y de la Educación;Literatura infantil y educación literaria;Normal;Obligatoria;83.06;78.03;93.94;132;103;124;1.80;29/04/2018
2016;Grado;Magisterio en Educación Infantil;Teruel;Facultad de Ciencias Sociales y Humanas de Teruel;Literatura infantil y educación literaria;Normal;Obligatoria;92.66;90.18;97.32;112;101;109;1.27;29/04/2018
2016;Grado;Magisterio en Educación Infantil;Zaragoza;Facultad de Educación;Prácticas escolares I;Prácticas externas;Prácticas externas;100.00;98.85;98.85;87;86;86;1.00;29/04/2018
2016;Grado;Magisterio en Educación Infantil;Huesca;Facultad de Ciencias Humanas y de la Educación;Prácticas escolares I;Prácticas externas;Prácticas externas;100.00;100.00;100.00;64;64;64;1.00;29/04/2018
2016;Grado;Magisterio en Educación Infantil;Teruel;Facultad de Ciencias Sociales y Humanas de Teruel;Prácticas escolares I;Prácticas externas;Prácticas externas;100.00;98.28;98.28;58;57;57;1.01;29/04/2018
2016;Grado;Magisterio en Educación Infantil;Zaragoza;Facultad de Educación;Trastornos del desarrollo;Normal;Obligatoria;92.86;90.70;97.67;130;118;127;1.44;29/04/2018
2016;Grado;Magisterio en Educación Infantil;Huesca;Facultad de Ciencias Humanas y de la Educación;Trastornos del desarrollo;Normal;Obligatoria;94.40;89.39;94.70;132;118;125;1.30;29/04/2018
2016;Grado;Magisterio en Educación Infantil;Teruel;Facultad de Ciencias Sociales y Humanas de Teruel;Trastornos del desarrollo;Normal;Obligatoria;93.75;90.36;96.39;83;75;80;1.20;29/04/2018
2016;Grado;Magisterio en Educación Infantil;Zaragoza;Facultad de Educación;Las ciencias de la naturaleza en la educación infantil;Normal;Obligatoria;90.08;90.08;100.00;121;109;121;1.12;29/04/2018
2016;Grado;Magisterio en Educación Infantil;Huesca;Facultad de Ciencias Humanas y de la Educación;Las ciencias de la naturaleza en la educación infantil;Normal;Obligatoria;96.64;89.15;92.25;129;115;119;1.41;29/04/2018
2016;Grado;Magisterio en Educación Infantil;Teruel;Facultad de Ciencias Sociales y Humanas de Teruel;Las ciencias de la naturaleza en la educación infantil;Normal;Obligatoria;83.52;80.85;96.81;94;76;91;1.26;29/04/2018
2016;Grado;Magisterio en Educación Infantil;Zaragoza;Facultad de Educación;Materiales y recursos didácticos;Normal;Obligatoria;100.00;99.17;99.17;120;119;119;1.03;29/04/2018
2016;Grado;Magisterio en Educación Infantil;Huesca;Facultad de Ciencias Humanas y de la Educación;Materiales y recursos didácticos;Normal;Obligatoria;98.97;94.12;95.10;102;96;97;1.01;29/04/2018
2016;Grado;Magisterio en Educación Infantil;Teruel;Facultad de Ciencias Sociales y Humanas de Teruel;Materiales y recursos didácticos;Normal;Obligatoria;100.00;95.88;95.88;97;93;93;1.02;29/04/2018
2016;Grado;Magisterio en Educación Infantil;Zaragoza;Facultad de Educación;Didáctica de las matemáticas;Normal;Obligatoria;92.04;87.39;94.96;119;104;113;1.17;29/04/2018
2016;Grado;Magisterio en Educación Infantil;Huesca;Facultad de Ciencias Humanas y de la Educación;Didáctica de las matemáticas;Normal;Obligatoria;81.90;73.64;89.92;129;95;116;1.40;29/04/2018
2016;Grado;Magisterio en Educación Infantil;Teruel;Facultad de Ciencias Sociales y Humanas de Teruel;Didáctica de las matemáticas;Normal;Obligatoria;95.96;92.23;96.12;103;95;99;1.10;29/04/2018
2016;Grado;Magisterio en Educación Infantil;Zaragoza;Facultad de Educación;Francés en educación infantil II;Normal;Obligatoria;100.00;83.33;83.33;6;5;5;1.00;29/04/2018
2016;Grado;Magisterio en Educación Infantil;Huesca;Facultad de Ciencias Humanas y de la Educación;Francés en educación infantil II;Normal;Obligatoria;100.00;100.00;100.00;3;3;3;1.25;29/04/2018
2016;Grado;Magisterio en Educación Infantil;Teruel;Facultad de Ciencias Sociales y Humanas de Teruel;Francés en educación infantil II;Normal;Obligatoria;71.43;71.43;100.00;7;5;7;1.80;29/04/2018
2016;Grado;Magisterio en Educación Infantil;Zaragoza;Facultad de Educación;Inglés en educación infantil II;Normal;Obligatoria;93.81;86.18;91.87;123;106;113;1.06;29/04/2018
2016;Grado;Magisterio en Educación Infantil;Huesca;Facultad de Ciencias Humanas y de la Educación;Inglés en educación infantil II;Normal;Obligatoria;63.01;55.76;88.48;165;92;146;1.97;29/04/2018
2016;Grado;Magisterio en Educación Infantil;Teruel;Facultad de Ciencias Sociales y Humanas de Teruel;Inglés en educación infantil II;Normal;Obligatoria;51.28;45.11;87.97;133;60;117;2.76;29/04/2018
2016;Grado;Magisterio en Educación Infantil;Zaragoza;Facultad de Educación;La escuela de educación infantil;Normal;Obligatoria;89.57;85.83;95.83;120;103;115;1.36;29/04/2018
2016;Grado;Magisterio en Educación Infantil;Huesca;Facultad de Ciencias Humanas y de la Educación;La escuela de educación infantil;Normal;Obligatoria;98.08;94.44;96.30;109;103;105;1.16;29/04/2018
2016;Grado;Magisterio en Educación Infantil;Teruel;Facultad de Ciencias Sociales y Humanas de Teruel;La escuela de educación infantil;Normal;Obligatoria;73.68;68.29;92.68;83;57;77;1.61;29/04/2018
2016;Grado;Magisterio en Educación Infantil;Zaragoza;Facultad de Educación;Didáctica de las ciencias sociales;Normal;Obligatoria;99.02;97.12;98.08;104;101;102;1.05;29/04/2018
2016;Grado;Magisterio en Educación Infantil;Huesca;Facultad de Ciencias Humanas y de la Educación;Didáctica de las ciencias sociales;Normal;Obligatoria;96.30;93.69;97.30;111;104;108;1.31;29/04/2018
2016;Grado;Magisterio en Educación Infantil;Teruel;Facultad de Ciencias Sociales y Humanas de Teruel;Didáctica de las ciencias sociales;Normal;Obligatoria;80.00;80.00;100.00;86;69;86;1.60;29/04/2018
2016;Grado;Magisterio en Educación Infantil;Zaragoza;Facultad de Educación;Didáctica de la lengua castellana en infantil;Normal;Obligatoria;85.45;78.99;92.44;119;94;110;1.28;29/04/2018
2016;Grado;Magisterio en Educación Infantil;Huesca;Facultad de Ciencias Humanas y de la Educación;Didáctica de la lengua castellana en infantil;Normal;Obligatoria;71.43;68.70;96.18;131;90;126;1.57;29/04/2018
2016;Grado;Magisterio en Educación Infantil;Teruel;Facultad de Ciencias Sociales y Humanas de Teruel;Didáctica de la lengua castellana en infantil;Normal;Obligatoria;93.75;93.75;100.00;81;76;81;1.42;29/04/2018
2016;Grado;Magisterio en Educación Infantil;Zaragoza;Facultad de Educación;Prácticas escolares II;Prácticas externas;Prácticas externas;97.40;97.40;100.00;77;75;77;1.00;29/04/2018
2016;Grado;Magisterio en Educación Infantil;Huesca;Facultad de Ciencias Humanas y de la Educación;Prácticas escolares II;Prácticas externas;Prácticas externas;100.00;100.00;100.00;57;57;57;1.00;29/04/2018
2016;Grado;Magisterio en Educación Infantil;Teruel;Facultad de Ciencias Sociales y Humanas de Teruel;Prácticas escolares II;Prácticas externas;Prácticas externas;100.00;98.25;98.25;58;57;57;1.09;29/04/2018
2016;Movilidad de entrada;Movilidad para 1º y 2º ciclo y grado;Zaragoza;Facultad de Educación;Prácticas escolares II;Prácticas externas;Optativa;;;;2;2;2;1.00;29/04/2018
2016;Grado;Magisterio en Educación Infantil;Zaragoza;Facultad de Educación;Psicología y salud infantil;Normal;Obligatoria;100.00;100.00;100.00;81;81;81;1.03;29/04/2018
2016;Grado;Magisterio en Educación Infantil;Huesca;Facultad de Ciencias Humanas y de la Educación;Psicología y salud infantil;Normal;Obligatoria;100.00;92.86;92.86;71;66;66;1.07;29/04/2018
2016;Grado;Magisterio en Educación Infantil;Teruel;Facultad de Ciencias Sociales y Humanas de Teruel;Psicología y salud infantil;Normal;Obligatoria;100.00;100.00;100.00;63;63;63;1.00;29/04/2018
2016;Grado;Magisterio en Educación Infantil;Zaragoza;Facultad de Educación;Educación física en educación infantil;Normal;Obligatoria;93.86;92.24;98.28;116;107;114;1.22;29/04/2018
2016;Grado;Magisterio en Educación Infantil;Huesca;Facultad de Ciencias Humanas y de la Educación;Educación física en educación infantil;Normal;Obligatoria;91.60;87.90;95.97;125;110;120;1.30;29/04/2018
2016;Grado;Magisterio en Educación Infantil;Teruel;Facultad de Ciencias Sociales y Humanas de Teruel;Educación física en educación infantil;Normal;Obligatoria;93.15;91.89;98.65;75;69;74;1.23;29/04/2018
2016;Grado;Magisterio en Educación Infantil;Zaragoza;Facultad de Educación;Educación visual y plástica;Normal;Obligatoria;100.00;100.00;100.00;101;101;101;1.00;29/04/2018
2016;Grado;Magisterio en Educación Infantil;Huesca;Facultad de Ciencias Humanas y de la Educación;Educación visual y plástica;Normal;Obligatoria;99.09;98.20;99.10;112;110;111;1.05;29/04/2018
2016;Grado;Magisterio en Educación Infantil;Teruel;Facultad de Ciencias Sociales y Humanas de Teruel;Educación visual y plástica;Normal;Obligatoria;98.61;97.26;98.63;74;72;73;1.14;29/04/2018
2016;Grado;Magisterio en Educación Infantil;Zaragoza;Facultad de Educación;Desarrollo de la expresión musical;Normal;Obligatoria;97.09;96.15;99.04;104;100;103;1.08;29/04/2018
2016;Grado;Magisterio en Educación Infantil;Huesca;Facultad de Ciencias Humanas y de la Educación;Desarrollo de la expresión musical;Normal;Obligatoria;99.01;97.09;98.06;104;101;102;1.01;29/04/2018
2016;Grado;Magisterio en Educación Infantil;Teruel;Facultad de Ciencias Sociales y Humanas de Teruel;Desarrollo de la expresión musical;Normal;Obligatoria;93.98;89.66;95.40;88;79;84;1.54;29/04/2018
2016;Grado;Magisterio en Educación Infantil;Zaragoza;Facultad de Educación;Prácticas escolares III;Prácticas externas;Prácticas externas;100.00;99.19;99.19;126;125;125;1.00;29/04/2018
2016;Grado;Magisterio en Educación Infantil;Huesca;Facultad de Ciencias Humanas y de la Educación;Prácticas escolares III;Prácticas externas;Prácticas externas;100.00;99.04;99.04;109;108;108;1.02;29/04/2018
2016;Grado;Magisterio en Educación Infantil;Teruel;Facultad de Ciencias Sociales y Humanas de Teruel;Prácticas escolares III;Prácticas externas;Prácticas externas;100.00;98.53;98.53;77;76;76;1.00;29/04/2018
2016;Grado;Magisterio en Educación Infantil;Zaragoza;Facultad de Educación;Trabajo fin de Grado;Trabajo fin de grado;Trabajo fin de Grado;100.00;70.89;70.89;158;112;112;1.00;29/04/2018
2016;Grado;Magisterio en Educación Infantil;Huesca;Facultad de Ciencias Humanas y de la Educación;Trabajo fin de Grado;Trabajo fin de grado;Trabajo fin de Grado;100.00;69.13;69.13;150;103;103;1.00;29/04/2018
2016;Grado;Magisterio en Educación Infantil;Teruel;Facultad de Ciencias Sociales y Humanas de Teruel;Trabajo fin de Grado;Trabajo fin de grado;Trabajo fin de Grado;100.00;61.70;61.70;94;58;58;1.02;29/04/2018
2016;Grado;Magisterio en Educación Infantil;Zaragoza;Facultad de Educación;Atención temprana;Normal;Optativa;95.40;95.40;100.00;92;88;92;1.22;29/04/2018
2016;Grado;Magisterio en Educación Infantil;Huesca;Facultad de Ciencias Humanas y de la Educación;Atención temprana;Normal;Optativa;100.00;100.00;100.00;82;82;82;1.05;29/04/2018
2016;Grado;Magisterio en Educación Infantil;Teruel;Facultad de Ciencias Sociales y Humanas de Teruel;Atención temprana;Normal;Optativa;100.00;100.00;100.00;66;66;66;1.05;29/04/2018
2016;Grado;Magisterio en Educación Infantil;Zaragoza;Facultad de Educación;Innovación en la escuela inclusiva;Normal;Optativa;98.75;94.05;95.24;90;85;86;1.06;29/04/2018
2016;Grado;Magisterio en Educación Infantil;Huesca;Facultad de Ciencias Humanas y de la Educación;Innovación en la escuela inclusiva;Normal;Optativa;100.00;100.00;100.00;77;77;77;1.08;29/04/2018
2016;Grado;Magisterio en Educación Infantil;Teruel;Facultad de Ciencias Sociales y Humanas de Teruel;Innovación en la escuela inclusiva;Normal;Optativa;96.88;96.88;100.00;35;34;35;1.20;29/04/2018
2016;Grado;Magisterio en Educación Infantil;Teruel;Facultad de Ciencias Sociales y Humanas de Teruel;Psicopatología infantil y juvenil;Normal;Optativa;;;;0;0;0;1.00;29/04/2018
2016;Grado;Magisterio en Educación Infantil;Zaragoza;Facultad de Educación;Respuestas educativas a necesidades específicas;Normal;Optativa;95.74;91.84;95.92;104;96;100;1.22;29/04/2018
2016;Grado;Magisterio en Educación Infantil;Huesca;Facultad de Ciencias Humanas y de la Educación;Respuestas educativas a necesidades específicas;Normal;Optativa;97.73;93.48;95.65;47;44;45;1.13;29/04/2018
2016;Grado;Magisterio en Educación Infantil;Teruel;Facultad de Ciencias Sociales y Humanas de Teruel;Respuestas educativas a necesidades específicas;Normal;Optativa;98.08;98.08;100.00;55;54;55;1.03;29/04/2018
2016;Grado;Magisterio en Educación Infantil;Zaragoza;Facultad de Educación;Prácticas escolares en atención a la diversidad;Prácticas externas;Prácticas externas;100.00;100.00;100.00;97;97;97;1.00;29/04/2018
2016;Grado;Magisterio en Educación Infantil;Huesca;Facultad de Ciencias Humanas y de la Educación;Prácticas escolares en atención a la diversidad;Prácticas externas;Prácticas externas;100.00;100.00;100.00;84;84;84;1.04;29/04/2018
2016;Grado;Magisterio en Educación Infantil;Teruel;Facultad de Ciencias Sociales y Humanas de Teruel;Prácticas escolares en atención a la diversidad;Prácticas externas;Prácticas externas;100.00;100.00;100.00;64;64;64;1.04;29/04/2018
2016;Grado;Magisterio en Educación Infantil;Zaragoza;Facultad de Educación;Content and language integrated learning (CLIL);Normal;Optativa;100.00;100.00;100.00;28;28;28;1.07;29/04/2018
2016;Grado;Magisterio en Educación Infantil;Huesca;Facultad de Ciencias Humanas y de la Educación;Content and language integrated learning (CLIL);Normal;Optativa;100.00;100.00;100.00;20;20;20;1.32;29/04/2018
2016;Grado;Magisterio en Educación Infantil;Teruel;Facultad de Ciencias Sociales y Humanas de Teruel;Content and language integrated learning (CLIL);Normal;Optativa;100.00;100.00;100.00;12;12;12;1.17;29/04/2018
2016;Grado;Magisterio en Educación Infantil;Zaragoza;Facultad de Educación;Language and communication in the bilingual classroom;Normal;Optativa;100.00;100.00;100.00;28;28;28;1.04;29/04/2018
2016;Grado;Magisterio en Educación Infantil;Huesca;Facultad de Ciencias Humanas y de la Educación;Language and communication in the bilingual classroom;Normal;Optativa;82.61;79.17;95.83;26;21;25;1.13;29/04/2018
2016;Grado;Magisterio en Educación Infantil;Teruel;Facultad de Ciencias Sociales y Humanas de Teruel;Language and communication in the bilingual classroom;Normal;Optativa;100.00;85.71;85.71;13;12;12;1.00;29/04/2018
2016;Grado;Magisterio en Educación Infantil;Zaragoza;Facultad de Educación;Prácticas escolares en educación bilingüe;Prácticas externas;Prácticas externas;100.00;100.00;100.00;26;26;26;1.00;29/04/2018
2016;Grado;Magisterio en Educación Infantil;Huesca;Facultad de Ciencias Humanas y de la Educación;Prácticas escolares en educación bilingüe;Prácticas externas;Prácticas externas;94.74;94.74;100.00;21;20;21;1.18;29/04/2018
2016;Grado;Magisterio en Educación Infantil;Teruel;Facultad de Ciencias Sociales y Humanas de Teruel;Prácticas escolares en educación bilingüe;Prácticas externas;Prácticas externas;100.00;100.00;100.00;12;12;12;1.17;29/04/2018
2016;Grado;Magisterio en Educación Infantil;Zaragoza;Facultad de Educación;Learning and teaching EFL;Normal;Optativa;100.00;100.00;100.00;21;21;21;1.00;29/04/2018
2016;Grado;Magisterio en Educación Infantil;Huesca;Facultad de Ciencias Humanas y de la Educación;Learning and teaching EFL;Normal;Optativa;88.00;78.57;89.29;30;24;27;1.58;29/04/2018
2016;Grado;Magisterio en Educación Infantil;Teruel;Facultad de Ciencias Sociales y Humanas de Teruel;Learning and teaching EFL;Normal;Optativa;100.00;100.00;100.00;11;11;11;1.08;29/04/2018
2016;Grado;Magisterio en Educación Infantil;Zaragoza;Facultad de Educación;Resources for EFL in infant school;Normal;Optativa;100.00;88.00;88.00;31;28;28;1.04;29/04/2018
2016;Grado;Magisterio en Educación Infantil;Huesca;Facultad de Ciencias Humanas y de la Educación;Resources for EFL in infant school;Normal;Optativa;95.83;88.46;92.31;28;24;26;1.12;29/04/2018
2016;Grado;Magisterio en Educación Infantil;Teruel;Facultad de Ciencias Sociales y Humanas de Teruel;Resources for EFL in infant school;Normal;Optativa;85.71;85.71;100.00;13;12;13;1.00;29/04/2018
2016;Grado;Magisterio en Educación Infantil;Zaragoza;Facultad de Educación;Religión;Normal;Optativa;100.00;98.80;98.80;83;82;82;1.00;29/04/2018
2016;Grado;Magisterio en Educación Infantil;Huesca;Facultad de Ciencias Humanas y de la Educación;Religión;Normal;Optativa;100.00;100.00;100.00;87;87;87;1.00;29/04/2018
2016;Grado;Magisterio en Educación Infantil;Teruel;Facultad de Ciencias Sociales y Humanas de Teruel;Religión;Normal;Optativa;100.00;98.18;98.18;55;54;54;1.00;29/04/2018
2016;Grado;Magisterio en Educación Infantil;Huesca;Facultad de Ciencias Humanas y de la Educación;Prácticas escolares IV;Prácticas externas;Prácticas externas;100.00;100.00;100.00;1;1;1;1.00;29/04/2018
2016;Grado;Magisterio en Educación Infantil;Zaragoza;Facultad de Educación;Psicopatología infantil;Normal;Optativa;100.00;100.00;100.00;93;93;93;1.01;29/04/2018
2016;Grado;Magisterio en Educación Infantil;Huesca;Facultad de Ciencias Humanas y de la Educación;Psicopatología infantil;Normal;Optativa;100.00;100.00;100.00;80;80;80;1.00;29/04/2018
2016;Grado;Magisterio en Educación Infantil;Teruel;Facultad de Ciencias Sociales y Humanas de Teruel;Psicopatología infantil;Normal;Optativa;98.41;98.41;100.00;66;65;66;1.07;29/04/2018
2016;Grado;Magisterio en Educación Infantil;Zaragoza;Facultad de Educación;Trastornos del lenguaje y la comunicación;Normal;Optativa;94.59;92.11;97.37;44;41;43;1.24;29/04/2018
2016;Grado;Magisterio en Educación Infantil;Huesca;Facultad de Ciencias Humanas y de la Educación;Trastornos del lenguaje y la comunicación;Normal;Optativa;96.39;96.39;100.00;84;81;84;1.04;29/04/2018
2016;Grado;Magisterio en Educación Infantil;Teruel;Facultad de Ciencias Sociales y Humanas de Teruel;Trastornos del lenguaje y la comunicación;Normal;Optativa;96.88;96.88;100.00;67;65;67;1.14;29/04/2018
2016;Grado;Magisterio en Educación Infantil;Zaragoza;Facultad de Educación;English in infant education III;Normal;Optativa;100.00;100.00;100.00;21;21;21;1.18;29/04/2018
2016;Grado;Magisterio en Educación Infantil;Huesca;Facultad de Ciencias Humanas y de la Educación;English in infant education III;Normal;Optativa;72.73;61.54;84.62;14;9;12;1.80;29/04/2018
2016;Grado;Magisterio en Educación Infantil;Teruel;Facultad de Ciencias Sociales y Humanas de Teruel;English in infant education III;Normal;Optativa;88.89;88.89;100.00;15;14;15;1.20;29/04/2018
2016;Grado;Magisterio en Educación Primaria;Zaragoza;Facultad de Educación;Psicología de la educación;Normal;Formación básica;96.22;90.16;93.70;254;229;238;1.17;29/04/2018
2016;Grado;Magisterio en Educación Primaria;Huesca;Facultad de Ciencias Humanas y de la Educación;Psicología de la educación;Normal;Formación básica;78.51;77.24;98.37;123;95;121;1.14;29/04/2018
2016;Grado;Magisterio en Educación Primaria;Teruel;Facultad de Ciencias Sociales y Humanas de Teruel;Psicología de la educación;Normal;Formación básica;90.00;87.38;97.09;103;90;100;1.59;29/04/2018
2016;Grado;Magisterio en Educación Primaria;Zaragoza;Facultad de Educación;Currículo en contextos diversos;Normal;Formación básica;80.40;76.14;94.70;264;201;250;1.31;29/04/2018
2016;Grado;Magisterio en Educación Primaria;Huesca;Facultad de Ciencias Humanas y de la Educación;Currículo en contextos diversos;Normal;Formación básica;97.46;92.74;95.16;124;115;118;1.24;29/04/2018
2016;Grado;Magisterio en Educación Primaria;Teruel;Facultad de Ciencias Sociales y Humanas de Teruel;Currículo en contextos diversos;Normal;Formación básica;64.49;60.00;93.04;115;69;107;1.83;29/04/2018
2016;Grado;Magisterio en Educación Primaria;Zaragoza;Facultad de Educación;Educación social e intercultural;Normal;Formación básica;96.19;89.37;92.91;254;227;236;1.07;29/04/2018
2016;Grado;Magisterio en Educación Primaria;Huesca;Facultad de Ciencias Humanas y de la Educación;Educación social e intercultural;Normal;Formación básica;93.98;86.21;91.72;145;125;133;1.42;29/04/2018
2016;Grado;Magisterio en Educación Primaria;Teruel;Facultad de Ciencias Sociales y Humanas de Teruel;Educación social e intercultural;Normal;Formación básica;73.96;66.98;90.57;106;71;96;1.42;29/04/2018
2016;Grado;Magisterio en Educación Primaria;Zaragoza;Facultad de Educación;La escuela como espacio educativo;Normal;Formación básica;91.39;87.11;95.31;256;223;244;1.21;29/04/2018
2016;Grado;Magisterio en Educación Primaria;Huesca;Facultad de Ciencias Humanas y de la Educación;La escuela como espacio educativo;Normal;Formación básica;93.55;84.67;90.51;137;116;124;1.49;29/04/2018
2016;Grado;Magisterio en Educación Primaria;Teruel;Facultad de Ciencias Sociales y Humanas de Teruel;La escuela como espacio educativo;Normal;Formación básica;76.04;73.74;96.97;99;73;96;1.31;29/04/2018
2016;Grado;Magisterio en Educación Primaria;Zaragoza;Facultad de Educación;Maestro y relación educativa;Normal;Formación básica;81.67;75.37;92.28;272;205;251;1.27;29/04/2018
2016;Grado;Magisterio en Educación Primaria;Huesca;Facultad de Ciencias Humanas y de la Educación;Maestro y relación educativa;Normal;Formación básica;91.54;83.80;91.55;142;119;130;1.51;29/04/2018
2016;Grado;Magisterio en Educación Primaria;Teruel;Facultad de Ciencias Sociales y Humanas de Teruel;Maestro y relación educativa;Normal;Formación básica;93.26;89.25;95.70;93;83;89;1.14;29/04/2018
2016;Grado;Magisterio en Educación Primaria;Zaragoza;Facultad de Educación;La educación en la sociedad del conocimiento;Normal;Formación básica;90.76;85.04;93.70;254;216;238;1.09;29/04/2018
2016;Grado;Magisterio en Educación Primaria;Huesca;Facultad de Ciencias Humanas y de la Educación;La educación en la sociedad del conocimiento;Normal;Formación básica;95.00;87.02;91.60;131;114;120;1.24;29/04/2018
2016;Grado;Magisterio en Educación Primaria;Teruel;Facultad de Ciencias Sociales y Humanas de Teruel;La educación en la sociedad del conocimiento;Normal;Formación básica;100.00;95.51;95.51;89;85;85;1.03;29/04/2018
2016;Grado;Magisterio en Educación Primaria;Zaragoza;Facultad de Educación;Psicología del desarrollo;Normal;Formación básica;98.73;92.09;93.28;253;233;236;1.09;29/04/2018
2016;Grado;Magisterio en Educación Primaria;Huesca;Facultad de Ciencias Humanas y de la Educación;Psicología del desarrollo;Normal;Formación básica;94.02;88.71;94.35;124;110;117;1.16;29/04/2018
2016;Grado;Magisterio en Educación Primaria;Teruel;Facultad de Ciencias Sociales y Humanas de Teruel;Psicología del desarrollo;Normal;Formación básica;100.00;92.39;92.39;92;85;85;1.10;29/04/2018
2016;Grado;Magisterio en Educación Primaria;Zaragoza;Facultad de Educación;Sociología y psicología social de la educación;Normal;Formación básica;91.37;88.59;96.96;263;233;255;1.30;29/04/2018
2016;Grado;Magisterio en Educación Primaria;Huesca;Facultad de Ciencias Humanas y de la Educación;Sociología y psicología social de la educación;Normal;Formación básica;90.43;85.95;95.04;121;104;115;1.14;29/04/2018
2016;Grado;Magisterio en Educación Primaria;Teruel;Facultad de Ciencias Sociales y Humanas de Teruel;Sociología y psicología social de la educación;Normal;Formación básica;88.64;85.71;96.70;91;78;88;1.22;29/04/2018
2016;Grado;Magisterio en Educación Primaria;Zaragoza;Facultad de Educación;Lengua castellana;Normal;Formación básica;90.98;85.38;93.85;260;222;244;1.21;29/04/2018
2016;Grado;Magisterio en Educación Primaria;Huesca;Facultad de Ciencias Humanas y de la Educación;Lengua castellana;Normal;Formación básica;86.29;79.85;92.54;134;107;124;1.26;29/04/2018
2016;Grado;Magisterio en Educación Primaria;Teruel;Facultad de Ciencias Sociales y Humanas de Teruel;Lengua castellana;Normal;Formación básica;69.52;64.04;92.11;114;73;105;1.70;29/04/2018
2016;Grado;Magisterio en Educación Primaria;Zaragoza;Facultad de Educación;Francés en educación primaria I;Normal;Formación básica;100.00;77.78;77.78;18;14;14;1.00;29/04/2018
2016;Grado;Magisterio en Educación Primaria;Huesca;Facultad de Ciencias Humanas y de la Educación;Francés en educación primaria I;Normal;Formación básica;100.00;100.00;100.00;6;6;6;1.00;29/04/2018
2016;Grado;Magisterio en Educación Primaria;Teruel;Facultad de Ciencias Sociales y Humanas de Teruel;Francés en educación primaria I;Normal;Formación básica;100.00;66.67;66.67;9;6;6;1.71;29/04/2018
2016;Grado;Magisterio en Educación Primaria;Zaragoza;Facultad de Educación;Inglés en educación primaria I;Normal;Formación básica;78.99;72.31;91.54;260;188;238;1.29;29/04/2018
2016;Grado;Magisterio en Educación Primaria;Huesca;Facultad de Ciencias Humanas y de la Educación;Inglés en educación primaria I;Normal;Formación básica;82.82;71.05;85.79;190;135;163;1.85;29/04/2018
2016;Grado;Magisterio en Educación Primaria;Teruel;Facultad de Ciencias Sociales y Humanas de Teruel;Inglés en educación primaria I;Normal;Formación básica;34.21;27.37;80.00;190;52;152;2.86;29/04/2018
2016;Grado;Magisterio en Educación Primaria;Zaragoza;Facultad de Educación;Procesos evolutivos y diversidad;Normal;Obligatoria;96.74;94.55;97.73;220;208;215;1.20;29/04/2018
2016;Grado;Magisterio en Educación Primaria;Huesca;Facultad de Ciencias Humanas y de la Educación;Procesos evolutivos y diversidad;Normal;Obligatoria;85.05;76.47;89.92;119;91;107;1.26;29/04/2018
2016;Grado;Magisterio en Educación Primaria;Teruel;Facultad de Ciencias Sociales y Humanas de Teruel;Procesos evolutivos y diversidad;Normal;Obligatoria;93.51;92.31;98.72;78;72;77;1.41;29/04/2018
2016;Grado;Magisterio en Educación Primaria;Zaragoza;Facultad de Educación;Educación visual y plástica;Normal;Obligatoria;100.00;98.09;98.09;209;205;205;1.00;29/04/2018
2016;Grado;Magisterio en Educación Primaria;Huesca;Facultad de Ciencias Humanas y de la Educación;Educación visual y plástica;Normal;Obligatoria;99.08;93.10;93.97;116;108;109;1.26;29/04/2018
2016;Grado;Magisterio en Educación Primaria;Teruel;Facultad de Ciencias Sociales y Humanas de Teruel;Educación visual y plástica;Normal;Obligatoria;97.22;95.89;98.63;73;70;72;1.09;29/04/2018
2016;Grado;Magisterio en Educación Primaria;Zaragoza;Facultad de Educación;Fundamentos de literatura española;Normal;Obligatoria;95.61;90.83;95.00;240;218;228;1.31;29/04/2018
2016;Grado;Magisterio en Educación Primaria;Huesca;Facultad de Ciencias Humanas y de la Educación;Fundamentos de literatura española;Normal;Obligatoria;100.00;93.50;93.50;123;115;115;1.31;29/04/2018
2016;Grado;Magisterio en Educación Primaria;Teruel;Facultad de Ciencias Sociales y Humanas de Teruel;Fundamentos de literatura española;Normal;Obligatoria;97.75;93.55;95.70;93;87;89;1.36;29/04/2018
2016;Grado;Magisterio en Educación Primaria;Zaragoza;Facultad de Educación;Didáctica del medio físico y químico;Normal;Obligatoria;96.94;94.47;97.45;235;222;229;1.24;29/04/2018
2016;Grado;Magisterio en Educación Primaria;Huesca;Facultad de Ciencias Humanas y de la Educación;Didáctica del medio físico y químico;Normal;Obligatoria;70.00;66.42;94.89;137;91;130;1.62;29/04/2018
2016;Grado;Magisterio en Educación Primaria;Teruel;Facultad de Ciencias Sociales y Humanas de Teruel;Didáctica del medio físico y químico;Normal;Obligatoria;70.97;66.00;93.00;100;66;93;1.56;29/04/2018
2016;Grado;Magisterio en Educación Primaria;Zaragoza;Facultad de Educación;Prácticas escolares I;Prácticas externas;Prácticas externas;100.00;100.00;100.00;202;202;202;1.00;29/04/2018
2016;Grado;Magisterio en Educación Primaria;Huesca;Facultad de Ciencias Humanas y de la Educación;Prácticas escolares I;Prácticas externas;Prácticas externas;99.07;99.07;100.00;107;106;107;1.00;29/04/2018
2016;Grado;Magisterio en Educación Primaria;Teruel;Facultad de Ciencias Sociales y Humanas de Teruel;Prácticas escolares I;Prácticas externas;Prácticas externas;100.00;100.00;100.00;73;73;73;1.06;29/04/2018
2016;Grado;Magisterio en Educación Primaria;Zaragoza;Facultad de Educación;Atención a la diversidad;Normal;Obligatoria;90.75;88.03;97.01;234;206;227;1.26;29/04/2018
2016;Grado;Magisterio en Educación Primaria;Huesca;Facultad de Ciencias Humanas y de la Educación;Atención a la diversidad;Normal;Obligatoria;95.73;89.60;93.60;125;112;117;1.29;29/04/2018
2016;Grado;Magisterio en Educación Primaria;Teruel;Facultad de Ciencias Sociales y Humanas de Teruel;Atención a la diversidad;Normal;Obligatoria;98.59;93.33;94.67;75;70;71;1.10;29/04/2018
2016;Grado;Magisterio en Educación Primaria;Zaragoza;Facultad de Educación;Literatura infantil y juvenil;Normal;Obligatoria;99.56;94.12;94.54;238;224;225;1.02;29/04/2018
2016;Grado;Magisterio en Educación Primaria;Huesca;Facultad de Ciencias Humanas y de la Educación;Literatura infantil y juvenil;Normal;Obligatoria;89.76;80.28;89.44;142;114;127;1.40;29/04/2018
2016;Grado;Magisterio en Educación Primaria;Teruel;Facultad de Ciencias Sociales y Humanas de Teruel;Literatura infantil y juvenil;Normal;Obligatoria;76.47;69.89;91.40;93;65;85;1.66;29/04/2018
2016;Grado;Magisterio en Educación Primaria;Zaragoza;Facultad de Educación;Didáctica de las ciencias sociales I;Normal;Obligatoria;95.79;91.52;95.54;224;205;214;1.25;29/04/2018
2016;Grado;Magisterio en Educación Primaria;Huesca;Facultad de Ciencias Humanas y de la Educación;Didáctica de las ciencias sociales I;Normal;Obligatoria;100.00;91.89;91.89;111;102;102;1.07;29/04/2018
2016;Grado;Magisterio en Educación Primaria;Teruel;Facultad de Ciencias Sociales y Humanas de Teruel;Didáctica de las ciencias sociales I;Normal;Obligatoria;96.25;71.96;74.77;107;77;80;1.24;29/04/2018
2016;Grado;Magisterio en Educación Primaria;Zaragoza;Facultad de Educación;Didáctica de la aritmética I;Normal;Obligatoria;83.88;76.60;91.32;265;203;242;1.39;29/04/2018
2016;Grado;Magisterio en Educación Primaria;Huesca;Facultad de Ciencias Humanas y de la Educación;Didáctica de la aritmética I;Normal;Obligatoria;83.10;71.52;86.06;165;118;142;1.99;29/04/2018
2016;Grado;Magisterio en Educación Primaria;Teruel;Facultad de Ciencias Sociales y Humanas de Teruel;Didáctica de la aritmética I;Normal;Obligatoria;84.88;76.04;89.58;96;73;86;1.51;29/04/2018
2016;Grado;Magisterio en Educación Primaria;Zaragoza;Facultad de Educación;Francés en educación primaria II;Normal;Obligatoria;100.00;100.00;100.00;11;11;11;1.00;29/04/2018
2016;Grado;Magisterio en Educación Primaria;Huesca;Facultad de Ciencias Humanas y de la Educación;Francés en educación primaria II;Normal;Obligatoria;75.00;75.00;100.00;4;3;4;1.00;29/04/2018
2016;Grado;Magisterio en Educación Primaria;Teruel;Facultad de Ciencias Sociales y Humanas de Teruel;Francés en educación primaria II;Normal;Obligatoria;83.33;55.56;66.67;9;5;6;1.40;29/04/2018
2016;Grado;Magisterio en Educación Primaria;Zaragoza;Facultad de Educación;Inglés en educación primaria II;Normal;Obligatoria;80.89;74.29;91.84;245;182;225;1.47;29/04/2018
2016;Grado;Magisterio en Educación Primaria;Huesca;Facultad de Ciencias Humanas y de la Educación;Inglés en educación primaria II;Normal;Obligatoria;75.81;64.83;85.52;145;94;124;1.77;29/04/2018
2016;Grado;Magisterio en Educación Primaria;Teruel;Facultad de Ciencias Sociales y Humanas de Teruel;Inglés en educación primaria II;Normal;Obligatoria;58.93;45.52;77.24;145;66;112;2.65;29/04/2018
2016;Grado;Magisterio en Educación Primaria;Zaragoza;Facultad de Educación;Educación física en educación primaria;Normal;Obligatoria;92.98;90.60;97.44;249;227;243;1.29;29/04/2018
2016;Grado;Magisterio en Educación Primaria;Huesca;Facultad de Ciencias Humanas y de la Educación;Educación física en educación primaria;Normal;Obligatoria;58.76;50.89;86.61;113;58;98;1.89;29/04/2018
2016;Grado;Magisterio en Educación Primaria;Teruel;Facultad de Ciencias Sociales y Humanas de Teruel;Educación física en educación primaria;Normal;Obligatoria;84.15;75.82;90.11;93;71;84;1.49;29/04/2018
2016;Grado;Magisterio en Educación Primaria;Zaragoza;Facultad de Educación;Didáctica de la lengua castellana en primaria;Normal;Obligatoria;97.35;94.42;97.00;241;228;234;1.16;29/04/2018
2016;Grado;Magisterio en Educación Primaria;Huesca;Facultad de Ciencias Humanas y de la Educación;Didáctica de la lengua castellana en primaria;Normal;Obligatoria;80.00;75.00;93.75;97;73;91;1.49;29/04/2018
2016;Grado;Magisterio en Educación Primaria;Teruel;Facultad de Ciencias Sociales y Humanas de Teruel;Didáctica de la lengua castellana en primaria;Normal;Obligatoria;75.28;73.63;97.80;93;68;90;1.68;29/04/2018
2016;Grado;Magisterio en Educación Primaria;Zaragoza;Facultad de Educación;Didáctica de la aritmética II;Normal;Obligatoria;86.99;79.86;91.81;301;242;277;1.33;29/04/2018
2016;Grado;Magisterio en Educación Primaria;Huesca;Facultad de Ciencias Humanas y de la Educación;Didáctica de la aritmética II;Normal;Obligatoria;81.90;77.87;95.08;123;96;117;1.62;29/04/2018
2016;Grado;Magisterio en Educación Primaria;Teruel;Facultad de Ciencias Sociales y Humanas de Teruel;Didáctica de la aritmética II;Normal;Obligatoria;86.36;81.72;94.62;95;78;90;1.56;29/04/2018
2016;Grado;Magisterio en Educación Primaria;Zaragoza;Facultad de Educación;Prácticas escolares II;Prácticas externas;Prácticas externas;100.00;100.00;100.00;222;222;222;1.00;29/04/2018
2016;Grado;Magisterio en Educación Primaria;Huesca;Facultad de Ciencias Humanas y de la Educación;Prácticas escolares II;Prácticas externas;Prácticas externas;100.00;100.00;100.00;90;90;90;1.00;29/04/2018
2016;Grado;Magisterio en Educación Primaria;Teruel;Facultad de Ciencias Sociales y Humanas de Teruel;Prácticas escolares II;Prácticas externas;Prácticas externas;98.53;97.10;98.55;72;70;71;1.02;29/04/2018
2016;Grado;Magisterio en Educación Primaria;Zaragoza;Facultad de Educación;Fundamentos de educación musical;Normal;Obligatoria;97.80;94.87;97.01;248;236;241;1.04;29/04/2018
2016;Grado;Magisterio en Educación Primaria;Huesca;Facultad de Ciencias Humanas y de la Educación;Fundamentos de educación musical;Normal;Obligatoria;98.89;91.75;92.78;100;92;93;1.11;29/04/2018
2016;Grado;Magisterio en Educación Primaria;Teruel;Facultad de Ciencias Sociales y Humanas de Teruel;Fundamentos de educación musical;Normal;Obligatoria;94.81;89.02;93.90;85;75;79;1.12;29/04/2018
2016;Grado;Magisterio en Educación Primaria;Zaragoza;Facultad de Educación;Didáctica de la geometría;Normal;Obligatoria;86.12;77.57;90.07;286;225;259;1.40;29/04/2018
2016;Grado;Magisterio en Educación Primaria;Huesca;Facultad de Ciencias Humanas y de la Educación;Didáctica de la geometría;Normal;Obligatoria;62.20;54.11;86.99;149;82;130;1.78;29/04/2018
2016;Grado;Magisterio en Educación Primaria;Teruel;Facultad de Ciencias Sociales y Humanas de Teruel;Didáctica de la geometría;Normal;Obligatoria;90.79;88.46;97.44;81;72;79;1.12;29/04/2018
2016;Grado;Magisterio en Educación Primaria;Zaragoza;Facultad de Educación;Didáctica de las ciencias sociales II;Normal;Obligatoria;94.67;92.03;97.21;264;244;257;1.21;29/04/2018
2016;Grado;Magisterio en Educación Primaria;Huesca;Facultad de Ciencias Humanas y de la Educación;Didáctica de las ciencias sociales II;Normal;Obligatoria;98.89;89.00;90.00;103;92;93;1.30;29/04/2018
2016;Grado;Magisterio en Educación Primaria;Teruel;Facultad de Ciencias Sociales y Humanas de Teruel;Didáctica de las ciencias sociales II;Normal;Obligatoria;92.94;86.81;93.41;94;81;88;1.38;29/04/2018
2016;Grado;Magisterio en Educación Primaria;Zaragoza;Facultad de Educación;Didáctica del medio biológico y geológico;Normal;Obligatoria;92.75;89.67;96.68;286;258;277;1.32;29/04/2018
2016;Grado;Magisterio en Educación Primaria;Huesca;Facultad de Ciencias Humanas y de la Educación;Didáctica del medio biológico y geológico;Normal;Obligatoria;89.58;85.15;95.05;104;89;99;1.54;29/04/2018
2016;Grado;Magisterio en Educación Primaria;Teruel;Facultad de Ciencias Sociales y Humanas de Teruel;Didáctica del medio biológico y geológico;Normal;Obligatoria;86.42;78.65;91.01;92;73;84;1.48;29/04/2018
2016;Grado;Magisterio en Educación Primaria;Zaragoza;Facultad de Educación;Prácticas escolares III;Prácticas externas;Prácticas externas;100.00;99.03;99.03;228;225;225;1.00;29/04/2018
2016;Grado;Magisterio en Educación Primaria;Huesca;Facultad de Ciencias Humanas y de la Educación;Prácticas escolares III;Prácticas externas;Prácticas externas;99.03;99.03;100.00;105;104;105;1.02;29/04/2018
2016;Grado;Magisterio en Educación Primaria;Teruel;Facultad de Ciencias Sociales y Humanas de Teruel;Prácticas escolares III;Prácticas externas;Prácticas externas;100.00;98.41;98.41;65;64;64;1.03;29/04/2018
2016;Grado;Magisterio en Educación Primaria;Zaragoza;Facultad de Educación;Trabajo fin de Grado;Trabajo fin de grado;Trabajo fin de Grado;100.00;64.20;64.20;352;226;226;1.00;29/04/2018
2016;Grado;Magisterio en Educación Primaria;Huesca;Facultad de Ciencias Humanas y de la Educación;Trabajo fin de Grado;Trabajo fin de grado;Trabajo fin de Grado;100.00;56.12;56.12;139;78;78;1.00;29/04/2018
2016;Grado;Magisterio en Educación Primaria;Teruel;Facultad de Ciencias Sociales y Humanas de Teruel;Trabajo fin de Grado;Trabajo fin de grado;Trabajo fin de Grado;100.00;53.92;53.92;102;55;55;1.00;29/04/2018
2016;Grado;Magisterio en Educación Primaria;Zaragoza;Facultad de Educación;Atención temprana;Normal;Optativa;98.86;91.58;92.63;100;92;93;1.03;29/04/2018
2016;Grado;Magisterio en Educación Primaria;Huesca;Facultad de Ciencias Humanas y de la Educación;Atención temprana;Normal;Optativa;100.00;100.00;100.00;37;37;37;1.03;29/04/2018
2016;Grado;Magisterio en Educación Primaria;Teruel;Facultad de Ciencias Sociales y Humanas de Teruel;Atención temprana;Normal;Optativa;100.00;96.43;96.43;28;27;27;1.12;29/04/2018
2016;Grado;Magisterio en Educación Primaria;Zaragoza;Facultad de Educación;Didáctica de la lengua en la diversidad;Normal;Optativa;100.00;100.00;100.00;12;12;12;1.00;29/04/2018
2016;Grado;Magisterio en Educación Primaria;Huesca;Facultad de Ciencias Humanas y de la Educación;Didáctica de la lengua en la diversidad;Normal;Optativa;100.00;100.00;100.00;10;10;10;1.00;29/04/2018
2016;Grado;Magisterio en Educación Primaria;Zaragoza;Facultad de Educación;Dificultades de aprendizaje en matemáticas;Normal;Optativa;100.00;100.00;100.00;41;41;41;1.00;29/04/2018
2016;Grado;Magisterio en Educación Primaria;Zaragoza;Facultad de Educación;Innovación en la escuela inclusiva;Normal;Optativa;90.91;83.33;91.67;51;42;46;1.15;29/04/2018
2016;Grado;Magisterio en Educación Primaria;Huesca;Facultad de Ciencias Humanas y de la Educación;Innovación en la escuela inclusiva;Normal;Optativa;100.00;92.31;92.31;13;12;12;1.00;29/04/2018
2016;Grado;Magisterio en Educación Primaria;Teruel;Facultad de Ciencias Sociales y Humanas de Teruel;Innovación en la escuela inclusiva;Normal;Optativa;100.00;81.82;81.82;11;9;9;1.25;29/04/2018
2016;Grado;Magisterio en Educación Primaria;Zaragoza;Facultad de Educación;Psicopatología infantil y juvenil;Normal;Optativa;100.00;97.40;97.40;81;78;78;1.01;29/04/2018
2016;Grado;Magisterio en Educación Primaria;Huesca;Facultad de Ciencias Humanas y de la Educación;Psicopatología infantil y juvenil;Normal;Optativa;96.67;96.67;100.00;31;30;31;1.10;29/04/2018
2016;Grado;Magisterio en Educación Primaria;Teruel;Facultad de Ciencias Sociales y Humanas de Teruel;Psicopatología infantil y juvenil;Normal;Optativa;100.00;100.00;100.00;25;25;25;1.07;29/04/2018
2016;Grado;Magisterio en Educación Primaria;Zaragoza;Facultad de Educación;Respuestas educativas a necesidades específicas;Normal;Optativa;98.02;93.40;95.28;111;104;106;1.14;29/04/2018
2016;Grado;Magisterio en Educación Primaria;Huesca;Facultad de Ciencias Humanas y de la Educación;Respuestas educativas a necesidades específicas;Normal;Optativa;97.30;94.74;97.37;39;37;38;1.11;29/04/2018
2016;Grado;Magisterio en Educación Primaria;Teruel;Facultad de Ciencias Sociales y Humanas de Teruel;Respuestas educativas a necesidades específicas;Normal;Optativa;95.65;95.65;100.00;23;22;23;1.11;29/04/2018
2016;Grado;Magisterio en Educación Primaria;Zaragoza;Facultad de Educación;Actividades físicas artístico expresivas;Normal;Optativa;88.57;88.57;100.00;38;34;38;1.28;29/04/2018
2016;Grado;Magisterio en Educación Primaria;Huesca;Facultad de Ciencias Humanas y de la Educación;Actividades físicas artístico expresivas;Normal;Optativa;91.67;75.86;82.76;29;22;24;1.17;29/04/2018
2016;Grado;Magisterio en Educación Primaria;Teruel;Facultad de Ciencias Sociales y Humanas de Teruel;Actividades físicas artístico expresivas;Normal;Optativa;96.43;93.10;96.55;29;27;28;1.31;29/04/2018
2016;Grado;Magisterio en Educación Primaria;Zaragoza;Facultad de Educación;Actividades físicas colectivas;Normal;Optativa;98.39;98.39;100.00;64;63;64;1.12;29/04/2018
2016;Grado;Magisterio en Educación Primaria;Huesca;Facultad de Ciencias Humanas y de la Educación;Actividades físicas colectivas;Normal;Optativa;88.89;84.21;94.74;38;32;36;1.42;29/04/2018
2016;Grado;Magisterio en Educación Primaria;Teruel;Facultad de Ciencias Sociales y Humanas de Teruel;Actividades físicas colectivas;Normal;Optativa;100.00;100.00;100.00;21;21;21;1.00;29/04/2018
2016;Grado;Magisterio en Educación Primaria;Zaragoza;Facultad de Educación;Actividades físicas de oposición y cooperación;Normal;Optativa;100.00;98.57;98.57;72;71;71;1.13;29/04/2018
2016;Grado;Magisterio en Educación Primaria;Huesca;Facultad de Ciencias Humanas y de la Educación;Actividades físicas de oposición y cooperación;Normal;Optativa;86.49;78.05;90.24;41;32;37;1.48;29/04/2018
2016;Grado;Magisterio en Educación Primaria;Teruel;Facultad de Ciencias Sociales y Humanas de Teruel;Actividades físicas de oposición y cooperación;Normal;Optativa;93.33;93.33;100.00;30;28;30;1.43;29/04/2018
2016;Grado;Magisterio en Educación Primaria;Zaragoza;Facultad de Educación;Actividades físicas en el medio natural;Normal;Optativa;97.01;97.01;100.00;69;67;69;1.17;29/04/2018
2016;Grado;Magisterio en Educación Primaria;Huesca;Facultad de Ciencias Humanas y de la Educación;Actividades físicas en el medio natural;Normal;Optativa;100.00;100.00;100.00;38;38;38;1.23;29/04/2018
2016;Grado;Magisterio en Educación Primaria;Teruel;Facultad de Ciencias Sociales y Humanas de Teruel;Actividades físicas en el medio natural;Normal;Optativa;100.00;96.15;96.15;26;25;25;1.00;29/04/2018
2016;Grado;Magisterio en Educación Primaria;Zaragoza;Facultad de Educación;Actividades físicas individuales;Normal;Optativa;92.73;92.73;100.00;57;53;57;1.27;29/04/2018
2016;Grado;Magisterio en Educación Primaria;Huesca;Facultad de Ciencias Humanas y de la Educación;Actividades físicas individuales;Normal;Optativa;97.44;95.00;97.50;40;38;39;1.22;29/04/2018
2016;Grado;Magisterio en Educación Primaria;Teruel;Facultad de Ciencias Sociales y Humanas de Teruel;Actividades físicas individuales;Normal;Optativa;100.00;100.00;100.00;20;20;20;1.08;29/04/2018
2016;Grado;Magisterio en Educación Primaria;Zaragoza;Facultad de Educación;Prácticas escolares en educación física;Prácticas externas;Prácticas externas;98.61;98.61;100.00;73;72;73;1.03;29/04/2018
2016;Grado;Magisterio en Educación Primaria;Huesca;Facultad de Ciencias Humanas y de la Educación;Prácticas escolares en educación física;Prácticas externas;Prácticas externas;100.00;97.87;97.87;47;46;46;1.02;29/04/2018
2016;Grado;Magisterio en Educación Primaria;Teruel;Facultad de Ciencias Sociales y Humanas de Teruel;Prácticas escolares en educación física;Prácticas externas;Prácticas externas;92.00;92.00;100.00;26;24;26;1.17;29/04/2018
2016;Grado;Magisterio en Educación Primaria;Zaragoza;Facultad de Educación;Audición musical activa;Normal;Optativa;100.00;94.44;94.44;19;18;18;1.00;29/04/2018
2016;Grado;Magisterio en Educación Primaria;Zaragoza;Facultad de Educación;Formación instrumental;Normal;Optativa;100.00;90.00;90.00;21;19;19;1.00;29/04/2018
2016;Grado;Magisterio en Educación Primaria;Zaragoza;Facultad de Educación;Formación vocal y auditiva;Normal;Optativa;100.00;88.24;88.24;18;16;16;1.06;29/04/2018
2016;Grado;Magisterio en Educación Primaria;Zaragoza;Facultad de Educación;Lenguajes de la música;Normal;Optativa;68.42;65.00;95.00;22;14;20;1.00;29/04/2018
2016;Grado;Magisterio en Educación Primaria;Zaragoza;Facultad de Educación;Música y movimiento expresivo;Normal;Optativa;100.00;94.74;94.74;20;19;19;1.00;29/04/2018
2016;Grado;Magisterio en Educación Primaria;Zaragoza;Facultad de Educación;Prácticas escolares en educación musical;Prácticas externas;Prácticas externas;100.00;95.24;95.24;22;21;21;1.00;29/04/2018
2016;Grado;Magisterio en Educación Primaria;Zaragoza;Facultad de Educación;Acquisition et apprentissage du FLE;Normal;Optativa;100.00;100.00;100.00;9;9;9;1.00;29/04/2018
2016;Grado;Magisterio en Educación Primaria;Zaragoza;Facultad de Educación;Communication orale et écrite;Normal;Optativa;100.00;100.00;100.00;14;14;14;1.00;29/04/2018
2016;Grado;Magisterio en Educación Primaria;Zaragoza;Facultad de Educación;Français avancé;Normal;Optativa;100.00;100.00;100.00;14;14;14;1.00;29/04/2018
2016;Grado;Magisterio en Educación Primaria;Zaragoza;Facultad de Educación;FLE ressources pour le primaire;Normal;Optativa;100.00;100.00;100.00;14;14;14;1.00;29/04/2018
2016;Grado;Magisterio en Educación Primaria;Zaragoza;Facultad de Educación;Planification curriculaire du FLE;Normal;Optativa;100.00;100.00;100.00;13;13;13;1.00;29/04/2018
2016;Grado;Magisterio en Educación Primaria;Zaragoza;Facultad de Educación;Prácticas escolares en lengua francesa;Prácticas externas;Prácticas externas;100.00;100.00;100.00;14;14;14;1.00;29/04/2018
2016;Grado;Magisterio en Educación Primaria;Teruel;Facultad de Ciencias Sociales y Humanas de Teruel;English in education III;Normal;Optativa;;;;0;0;0;1.00;29/04/2018
2016;Grado;Magisterio en Educación Primaria;Zaragoza;Facultad de Educación;Learning and teaching EFL;Normal;Optativa;84.38;75.00;88.89;51;42;47;1.05;29/04/2018
2016;Grado;Magisterio en Educación Primaria;Huesca;Facultad de Ciencias Humanas y de la Educación;Learning and teaching EFL;Normal;Optativa;88.46;82.14;92.86;28;23;26;1.13;29/04/2018
2016;Grado;Magisterio en Educación Primaria;Teruel;Facultad de Ciencias Sociales y Humanas de Teruel;Learning and teaching EFL;Normal;Optativa;100.00;100.00;100.00;18;18;18;1.10;29/04/2018
2016;Grado;Magisterio en Educación Primaria;Zaragoza;Facultad de Educación;Oral communication;Normal;Optativa;93.18;83.67;89.80;63;55;58;1.11;29/04/2018
2016;Grado;Magisterio en Educación Primaria;Huesca;Facultad de Ciencias Humanas y de la Educación;Oral communication;Normal;Optativa;96.30;92.86;96.43;28;26;27;1.27;29/04/2018
2016;Grado;Magisterio en Educación Primaria;Teruel;Facultad de Ciencias Sociales y Humanas de Teruel;Oral communication;Normal;Optativa;75.00;75.00;100.00;5;4;5;1.60;29/04/2018
2016;Grado;Magisterio en Educación Primaria;Zaragoza;Facultad de Educación;Planning effective teaching;Normal;Optativa;95.35;87.23;91.49;61;55;57;1.00;29/04/2018
2016;Grado;Magisterio en Educación Primaria;Huesca;Facultad de Ciencias Humanas y de la Educación;Planning effective teaching;Normal;Optativa;95.24;83.33;87.50;24;20;21;1.15;29/04/2018
2016;Grado;Magisterio en Educación Primaria;Teruel;Facultad de Ciencias Sociales y Humanas de Teruel;Planning effective teaching;Normal;Optativa;100.00;94.12;94.12;18;17;17;1.05;29/04/2018
2016;Grado;Magisterio en Educación Primaria;Zaragoza;Facultad de Educación;Resources for EFL in primary school;Normal;Optativa;91.67;84.62;92.31;67;59;63;1.07;29/04/2018
2016;Grado;Magisterio en Educación Primaria;Huesca;Facultad de Ciencias Humanas y de la Educación;Resources for EFL in primary school;Normal;Optativa;93.10;90.00;96.67;30;27;29;1.19;29/04/2018
2016;Grado;Magisterio en Educación Primaria;Teruel;Facultad de Ciencias Sociales y Humanas de Teruel;Resources for EFL in primary school;Normal;Optativa;88.89;88.89;100.00;19;17;19;1.11;29/04/2018
2016;Grado;Magisterio en Educación Primaria;Zaragoza;Facultad de Educación;Prácticas escolares en lengua inglesa;Prácticas externas;Prácticas externas;97.92;94.00;96.00;58;55;56;1.10;29/04/2018
2016;Grado;Magisterio en Educación Primaria;Huesca;Facultad de Ciencias Humanas y de la Educación;Prácticas escolares en lengua inglesa;Prácticas externas;Prácticas externas;100.00;100.00;100.00;27;27;27;1.15;29/04/2018
2016;Grado;Magisterio en Educación Primaria;Teruel;Facultad de Ciencias Sociales y Humanas de Teruel;Prácticas escolares en lengua inglesa;Prácticas externas;Prácticas externas;100.00;100.00;100.00;15;15;15;1.00;29/04/2018
2016;Grado;Magisterio en Educación Primaria;Zaragoza;Facultad de Educación;Religión;Normal;Optativa;100.00;99.13;99.13;115;114;114;1.01;29/04/2018
2016;Grado;Magisterio en Educación Primaria;Huesca;Facultad de Ciencias Humanas y de la Educación;Religión;Normal;Optativa;100.00;100.00;100.00;65;65;65;1.00;29/04/2018
2016;Grado;Magisterio en Educación Primaria;Teruel;Facultad de Ciencias Sociales y Humanas de Teruel;Religión;Normal;Optativa;100.00;94.87;94.87;39;37;37;1.00;29/04/2018
2016;Grado;Magisterio en Educación Primaria;Zaragoza;Facultad de Educación;Prácticas escolares IV;Prácticas externas;Prácticas externas;100.00;100.00;100.00;1;1;1;1.00;29/04/2018
2016;Grado;Magisterio en Educación Primaria;Teruel;Facultad de Ciencias Sociales y Humanas de Teruel;Prácticas escolares IV;Prácticas externas;Prácticas externas;100.00;100.00;100.00;1;1;1;1.00;29/04/2018
2016;Grado;Magisterio en Educación Primaria;Zaragoza;Facultad de Educación;Tratamiento de los trastornos del lenguaje y la audición;Normal;Optativa;96.55;90.32;93.55;33;30;31;1.35;29/04/2018
2016;Grado;Magisterio en Educación Primaria;Huesca;Facultad de Ciencias Humanas y de la Educación;Tratamiento de los trastornos del lenguaje y la audición;Normal;Optativa;100.00;95.65;95.65;24;23;23;1.04;29/04/2018
2016;Grado;Magisterio en Educación Primaria;Teruel;Facultad de Ciencias Sociales y Humanas de Teruel;Tratamiento de los trastornos del lenguaje y la audición;Normal;Optativa;100.00;100.00;100.00;17;17;17;1.33;29/04/2018
2016;Grado;Magisterio en Educación Primaria;Zaragoza;Facultad de Educación;Tratamiento de los trastornos del habla y la voz;Normal;Optativa;100.00;91.67;91.67;24;22;22;1.14;29/04/2018
2016;Grado;Magisterio en Educación Primaria;Zaragoza;Facultad de Educación;Tratamiento de los trastornos de la lectura y escritura;Normal;Optativa;92.94;88.76;95.51;95;84;90;1.14;29/04/2018
2016;Grado;Magisterio en Educación Primaria;Huesca;Facultad de Ciencias Humanas y de la Educación;Tratamiento de los trastornos de la lectura y escritura;Normal;Optativa;89.47;85.00;95.00;41;35;39;1.06;29/04/2018
2016;Grado;Magisterio en Educación Primaria;Teruel;Facultad de Ciencias Sociales y Humanas de Teruel;Tratamiento de los trastornos de la lectura y escritura;Normal;Optativa;90.91;83.33;91.67;24;20;22;1.00;29/04/2018
2016;Grado;Magisterio en Educación Primaria;Zaragoza;Facultad de Educación;Prácticas escolares en audición y lenguaje;Prácticas externas;Prácticas externas;100.00;100.00;100.00;43;43;43;1.00;29/04/2018
2016;Grado;Magisterio en Educación Primaria;Huesca;Facultad de Ciencias Humanas y de la Educación;Prácticas escolares en audición y lenguaje;Prácticas externas;Prácticas externas;96.55;96.55;100.00;30;29;30;1.00;29/04/2018
2016;Grado;Magisterio en Educación Primaria;Teruel;Facultad de Ciencias Sociales y Humanas de Teruel;Prácticas escolares en audición y lenguaje;Prácticas externas;Prácticas externas;100.00;90.91;90.91;22;20;20;1.10;29/04/2018
2016;Grado;Magisterio en Educación Primaria;Zaragoza;Facultad de Educación;Prácticas escolares en pedagogía terapéutica;Prácticas externas;Prácticas externas;100.00;95.29;95.29;86;81;81;1.00;29/04/2018
2016;Grado;Magisterio en Educación Primaria;Huesca;Facultad de Ciencias Humanas y de la Educación;Prácticas escolares en pedagogía terapéutica;Prácticas externas;Prácticas externas;100.00;100.00;100.00;35;35;35;1.00;29/04/2018
2016;Grado;Magisterio en Educación Primaria;Teruel;Facultad de Ciencias Sociales y Humanas de Teruel;Prácticas escolares en pedagogía terapéutica;Prácticas externas;Prácticas externas;100.00;100.00;100.00;25;25;25;1.00;29/04/2018
2016;Grado;Magisterio en Educación Primaria;Zaragoza;Facultad de Educación;English in primary education III;Normal;Optativa;87.50;81.40;93.02;57;49;54;1.06;29/04/2018
2016;Grado;Magisterio en Educación Primaria;Huesca;Facultad de Ciencias Humanas y de la Educación;English in primary education III;Normal;Optativa;64.29;60.00;93.33;15;9;14;1.67;29/04/2018
2016;Grado;Magisterio en Educación Primaria;Teruel;Facultad de Ciencias Sociales y Humanas de Teruel;English in primary education III;Normal;Optativa;68.18;68.18;100.00;23;16;23;1.62;29/04/2018
2016;Grado;Magisterio en Educación Primaria;Zaragoza;Facultad de Educación;Prácticas escolares;Prácticas externas;Prácticas externas;100.00;100.00;100.00;6;6;6;1.00;29/04/2018
2016;Grado;Magisterio en Educación Primaria;Zaragoza;Facultad de Educación;Prácticas escolares (modalidad PT);Prácticas externas;Prácticas externas;100.00;87.50;87.50;8;7;7;1.00;29/04/2018
2016;Grado;Medicina;Zaragoza;Facultad de Medicina;Bioestadística;Normal;Formación básica;93.51;86.23;92.22;167;144;154;1.03;29/04/2018
2016;Grado;Medicina;Huesca;Facultad de Ciencias de la Salud y del Deporte;Bioestadística;Normal;Formación básica;94.12;86.49;91.89;37;32;34;1.04;29/04/2018
2016;Grado;Medicina;Zaragoza;Facultad de Medicina;Biología;Normal;Formación básica;91.41;80.11;87.63;186;149;163;1.05;29/04/2018
2016;Grado;Medicina;Huesca;Facultad de Ciencias de la Salud y del Deporte;Biología;Normal;Formación básica;100.00;94.59;94.59;37;35;35;1.07;29/04/2018
2016;Grado;Medicina;Zaragoza;Facultad de Medicina;Bioquímica humana;Normal;Formación básica;97.65;96.51;98.84;172;166;170;1.09;29/04/2018
2016;Grado;Medicina;Huesca;Facultad de Ciencias de la Salud y del Deporte;Bioquímica humana;Normal;Formación básica;95.00;90.48;95.24;42;38;40;1.17;29/04/2018
2016;Grado;Medicina;Zaragoza;Facultad de Medicina;Inglés científico para medicina;Normal;Obligatoria;95.86;92.05;96.02;176;162;169;1.03;29/04/2018
2016;Grado;Medicina;Huesca;Facultad de Ciencias de la Salud y del Deporte;Inglés científico para medicina;Normal;Obligatoria;97.62;87.23;89.36;47;41;42;1.11;29/04/2018
2016;Grado;Medicina;Zaragoza;Facultad de Medicina;Investigación y nuevas tecnologías;Normal;Formación básica;99.44;96.76;97.30;185;179;180;1.00;29/04/2018
2016;Grado;Medicina;Huesca;Facultad de Ciencias de la Salud y del Deporte;Investigación y nuevas tecnologías;Normal;Formación básica;100.00;97.67;97.67;43;42;42;1.02;29/04/2018
2016;Grado;Medicina;Zaragoza;Facultad de Medicina;Procedimientos diagnósticos y terapéuticos microbiológicos;Normal;Obligatoria;92.31;81.55;88.35;206;168;182;1.33;29/04/2018
2016;Grado;Medicina;Huesca;Facultad de Ciencias de la Salud y del Deporte;Procedimientos diagnósticos y terapéuticos microbiológicos;Normal;Obligatoria;94.74;93.10;98.28;58;54;57;1.19;29/04/2018
2016;Grado;Medicina;Zaragoza;Facultad de Medicina;Procedimientos diagnósticos y terapéuticos físicos I;Normal;Obligatoria;98.90;97.28;98.37;184;179;181;1.11;29/04/2018
2016;Grado;Medicina;Huesca;Facultad de Ciencias de la Salud y del Deporte;Procedimientos diagnósticos y terapéuticos físicos I;Normal;Obligatoria;100.00;100.00;100.00;55;55;55;1.09;29/04/2018
2016;Grado;Medicina;Zaragoza;Facultad de Medicina;Semiología y fundamentos de fisiopatología;Normal;Obligatoria;92.27;84.77;91.88;197;167;181;1.17;29/04/2018
2016;Grado;Medicina;Huesca;Facultad de Ciencias de la Salud y del Deporte;Semiología y fundamentos de fisiopatología;Normal;Obligatoria;94.92;90.32;95.16;62;56;59;1.04;29/04/2018
2016;Grado;Medicina;Zaragoza;Facultad de Medicina;Psicología médica;Normal;Formación básica;99.31;96.64;97.32;149;144;145;1.04;29/04/2018
2016;Grado;Medicina;Huesca;Facultad de Ciencias de la Salud y del Deporte;Psicología médica;Normal;Formación básica;100.00;93.18;93.18;44;41;41;1.06;29/04/2018
2016;Grado;Medicina;Zaragoza;Facultad de Medicina;Psiquiatría;Normal;Obligatoria;99.10;95.67;96.54;232;222;224;1.03;29/04/2018
2016;Grado;Medicina;Zaragoza;Facultad de Medicina;Procedimientos diagnósticos y terapéuticos farmacológicos y dietéticos I;Normal;Obligatoria;95.93;91.77;95.67;231;212;221;1.08;29/04/2018
2016;Grado;Medicina;Zaragoza;Facultad de Medicina;Procedimientos diagnósticos y terapéuticos anatomo-patológicos;Normal;Obligatoria;99.53;92.98;93.42;229;213;214;1.04;29/04/2018
2016;Grado;Medicina;Zaragoza;Facultad de Medicina;Comunicación asistencial, ética médica y legislación I;Normal;Obligatoria;98.59;97.22;98.61;216;210;213;1.10;29/04/2018
2016;Grado;Medicina;Zaragoza;Facultad de Medicina;Procedimientos diagnósticos y terapéuticos quirúrgicos;Normal;Obligatoria;95.43;93.30;97.77;225;209;219;1.17;29/04/2018
2016;Grado;Medicina;Zaragoza;Facultad de Medicina;Medicina preventiva y salud pública;Normal;Obligatoria;94.12;90.57;96.23;250;229;242;1.12;29/04/2018
2016;Grado;Medicina;Zaragoza;Facultad de Medicina;Procedimientos diagnósticos y terapéuticos físicos II;Normal;Obligatoria;98.38;97.33;98.93;226;220;223;1.06;29/04/2018
2016;Grado;Medicina;Zaragoza;Facultad de Medicina;Comunicación asistencial, ética médica y legislación II;Normal;Obligatoria;98.48;97.00;98.50;224;218;221;1.00;29/04/2018
2016;Grado;Medicina;Zaragoza;Facultad de Medicina;Procedimientos diagnósticos y terapéuticos farmacológicos y dietéticos II;Normal;Obligatoria;99.05;97.66;98.60;237;231;233;1.03;29/04/2018
2016;Grado;Medicina;Zaragoza;Facultad de Medicina;Prácticas tuteladas;Prácticas externas;Obligatoria;100.00;100.00;100.00;249;249;249;1.00;29/04/2018
2016;Grado;Medicina;Zaragoza;Facultad de Medicina;Prácticas tuteladas;Prácticas externas;Obligatoria;100.00;100.00;100.00;248;248;248;1.00;29/04/2018
2016;Grado;Medicina;Zaragoza;Facultad de Medicina;Trabajo fin de Grado;Trabajo fin de grado;Trabajo fin de Grado;100.00;100.00;100.00;248;248;248;1.00;29/04/2018
2016;Grado;Medicina;Zaragoza;Facultad de Medicina;Bases anatomo-fisiológicas de la acupuntura;Normal;Optativa;100.00;90.00;90.00;41;37;37;1.00;29/04/2018
2016;Grado;Medicina;Zaragoza;Facultad de Medicina;Bioantropología médica y forense;Normal;Optativa;100.00;94.67;94.67;158;150;150;1.00;29/04/2018
2016;Grado;Medicina;Zaragoza;Facultad de Medicina;Enfermedades raras en el niño;Normal;Optativa;100.00;96.30;96.30;33;32;32;1.00;29/04/2018
2016;Grado;Medicina;Zaragoza;Facultad de Medicina;Técnica anatómica;Normal;Optativa;100.00;100.00;100.00;18;18;18;1.00;29/04/2018
2016;Grado;Medicina;Zaragoza;Facultad de Medicina;Créditos a reconocer;Normal;Optativa;100.00;80.51;80.51;118;95;95;1.00;29/04/2018
2016;Grado;Medicina;Huesca;Facultad de Ciencias de la Salud y del Deporte;Créditos a reconocer;Normal;Optativa;100.00;78.72;78.72;47;37;37;1.00;29/04/2018
2016;Grado;Medicina;Zaragoza;Facultad de Medicina;Anatomía general y Embriología humana;Normal;Formación básica;98.82;96.53;97.69;173;167;169;1.14;29/04/2018
2016;Grado;Medicina;Huesca;Facultad de Ciencias de la Salud y del Deporte;Anatomía general y Embriología humana;Normal;Formación básica;100.00;97.37;97.37;38;37;37;1.06;29/04/2018
2016;Grado;Medicina;Zaragoza;Facultad de Medicina;Fisiología I;Normal;Formación básica;95.09;90.64;95.32;171;155;163;1.10;29/04/2018
2016;Grado;Medicina;Huesca;Facultad de Ciencias de la Salud y del Deporte;Fisiología I;Normal;Formación básica;100.00;92.11;92.11;38;35;35;1.00;29/04/2018
2016;Grado;Medicina;Zaragoza;Facultad de Medicina;Histología I (Histología general);Normal;Formación básica;92.75;89.05;96.02;201;179;193;1.11;29/04/2018
2016;Grado;Medicina;Huesca;Facultad de Ciencias de la Salud y del Deporte;Histología I (Histología general);Normal;Formación básica;100.00;97.78;97.78;45;44;44;1.00;29/04/2018
2016;Grado;Medicina;Zaragoza;Facultad de Medicina;Anatomía humana I (Aparato locomotor);Normal;Formación básica;98.14;91.33;93.06;173;158;161;1.09;29/04/2018
2016;Grado;Medicina;Huesca;Facultad de Ciencias de la Salud y del Deporte;Anatomía humana I (Aparato locomotor);Normal;Formación básica;100.00;95.24;95.24;42;40;40;1.12;29/04/2018
2016;Grado;Medicina;Zaragoza;Facultad de Medicina;Fisiología II;Normal;Formación básica;98.33;93.65;95.24;189;177;180;1.07;29/04/2018
2016;Grado;Medicina;Huesca;Facultad de Ciencias de la Salud y del Deporte;Fisiología II;Normal;Formación básica;100.00;95.92;95.92;49;47;47;1.04;29/04/2018
2016;Grado;Medicina;Zaragoza;Facultad de Medicina;Histología II (Histología especial);Normal;Obligatoria;91.81;82.63;90.00;190;157;171;1.13;29/04/2018
2016;Grado;Medicina;Huesca;Facultad de Ciencias de la Salud y del Deporte;Histología II (Histología especial);Normal;Obligatoria;98.18;98.18;100.00;55;54;55;1.15;29/04/2018
2016;Grado;Medicina;Zaragoza;Facultad de Medicina;Anatomía humana II (Esplacnología);Normal;Obligatoria;99.44;98.33;98.89;180;177;178;1.05;29/04/2018
2016;Grado;Medicina;Huesca;Facultad de Ciencias de la Salud y del Deporte;Anatomía humana II (Esplacnología);Normal;Obligatoria;100.00;100.00;100.00;53;53;53;1.00;29/04/2018
2016;Grado;Medicina;Zaragoza;Facultad de Medicina;Fisiología III;Normal;Obligatoria;95.40;88.30;92.55;188;166;174;1.08;29/04/2018
2016;Grado;Medicina;Huesca;Facultad de Ciencias de la Salud y del Deporte;Fisiología III;Normal;Obligatoria;100.00;98.18;98.18;55;54;54;1.16;29/04/2018
2016;Grado;Medicina;Zaragoza;Facultad de Medicina;Neuroanatomía;Normal;Obligatoria;95.56;92.97;97.30;185;172;180;1.02;29/04/2018
2016;Grado;Medicina;Huesca;Facultad de Ciencias de la Salud y del Deporte;Neuroanatomía;Normal;Obligatoria;98.21;96.49;98.25;57;55;56;1.00;29/04/2018
2016;Grado;Medicina;Zaragoza;Facultad de Medicina;Fisiología IV;Normal;Obligatoria;97.70;96.05;98.31;177;170;174;1.04;29/04/2018
2016;Grado;Medicina;Huesca;Facultad de Ciencias de la Salud y del Deporte;Fisiología IV;Normal;Obligatoria;98.11;96.30;98.15;54;52;53;1.04;29/04/2018
2016;Grado;Medicina;Zaragoza;Facultad de Medicina;Especialidades médicas (Hematología y Oncología);Normal;Obligatoria;99.51;97.14;97.62;212;206;207;1.13;29/04/2018
2016;Grado;Medicina;Zaragoza;Facultad de Medicina;Especialidades quirúrgicas (Oftalmología y Otorrinolaringología);Normal;Obligatoria;92.96;87.22;93.83;227;198;213;1.17;29/04/2018
2016;Grado;Medicina;Zaragoza;Facultad de Medicina;Dermatología, Inmunopatología y Toxicología;Normal;Obligatoria;94.62;94.62;100.00;224;212;224;1.14;29/04/2018
2016;Grado;Medicina;Zaragoza;Facultad de Medicina;Patología infecciosa, geriatría y urgencias;Normal;Obligatoria;98.58;93.72;95.07;224;210;213;1.06;29/04/2018
2016;Grado;Medicina;Zaragoza;Facultad de Medicina;Sistemas cardiovascular y endocrinología y nutrición;Normal;Obligatoria;95.71;95.71;100.00;251;242;251;1.36;29/04/2018
2016;Grado;Medicina;Zaragoza;Facultad de Medicina;Aparato respiratorio y sistema nervioso;Normal;Obligatoria;83.61;82.92;99.17;282;241;280;1.51;29/04/2018
2016;Grado;Medicina;Zaragoza;Facultad de Medicina;Gastroenterología y Hepatología;Normal;Obligatoria;89.81;88.18;98.18;262;236;258;1.29;29/04/2018
2016;Grado;Medicina;Zaragoza;Facultad de Medicina;Aparato locomotor y Nefrourología;Normal;Obligatoria;94.36;93.88;99.49;235;222;233;1.18;29/04/2018
2016;Grado;Medicina;Zaragoza;Facultad de Medicina;Cuidados paliativos;Normal;Optativa;100.00;97.50;97.50;45;44;44;1.00;29/04/2018
2016;Grado;Medicina;Zaragoza;Facultad de Medicina;Psiquiatría psicosomática y de enlace;Normal;Optativa;100.00;94.12;94.12;20;19;19;1.00;29/04/2018
2016;Grado;Medicina;Zaragoza;Facultad de Medicina;Enfermedades parasitarias tropicales;Normal;Optativa;100.00;92.00;92.00;33;31;31;1.00;29/04/2018
2016;Grado;Medicina;Zaragoza;Facultad de Medicina;Obstetricia, ginecología y medicina de familia;Normal;Obligatoria;100.00;100.00;100.00;278;278;278;1.00;29/04/2018
2016;Grado;Medicina;Zaragoza;Facultad de Medicina;Pediatría y medicina materno-infantil;Normal;Obligatoria;92.83;92.09;99.21;297;276;294;1.10;29/04/2018
2016;Grado;Medicina;Zaragoza;Facultad de Medicina;Prácticas tuteladas;Prácticas externas;Obligatoria;100.00;100.00;100.00;279;279;279;1.00;29/04/2018
2016;Grado;Medicina;Zaragoza;Facultad de Medicina;Principios básicos de anestesia y reanimación. Atención urgente al paciente crítico;Normal;Optativa;100.00;100.00;100.00;52;52;52;1.00;29/04/2018
2016;Grado;Medicina;Zaragoza;Facultad de Medicina;Genética médica;Normal;Optativa;100.00;91.30;91.30;49;45;45;1.00;29/04/2018
2016;Grado;Medicina;Zaragoza;Facultad de Medicina;Medicina del trabajo;Normal;Optativa;100.00;98.06;98.06;171;166;168;1.00;29/04/2018
2016;Grado;Medicina;Zaragoza;Facultad de Medicina;Aprendizaje y mejora del razonamiento clínico;Normal;Optativa;100.00;100.00;100.00;48;48;48;1.00;29/04/2018
2016;Grado;Óptica y Optometría;Zaragoza;Facultad de Ciencias;Anatomía e histología;Normal;Formación básica;91.53;80.60;88.06;67;54;59;1.25;29/04/2018
2016;Grado;Óptica y Optometría;Zaragoza;Facultad de Ciencias;Física;Normal;Formación básica;64.18;47.78;74.44;90;43;67;1.87;29/04/2018
2016;Grado;Óptica y Optometría;Zaragoza;Facultad de Ciencias;Fisiología ocular y del sistema visual;Normal;Formación básica;90.77;88.06;97.01;67;59;65;1.32;29/04/2018
2016;Grado;Óptica y Optometría;Zaragoza;Facultad de Ciencias;Matemáticas;Normal;Formación básica;59.65;45.95;77.03;74;34;57;1.39;29/04/2018
2016;Grado;Óptica y Optometría;Zaragoza;Facultad de Ciencias;Óptica visual I;Normal;Formación básica;79.71;70.51;88.46;78;55;69;1.54;29/04/2018
2016;Grado;Óptica y Optometría;Zaragoza;Facultad de Ciencias;Química y materiales ópticos;Normal;Formación básica;91.43;80.00;87.50;80;64;70;1.74;29/04/2018
2016;Grado;Óptica y Optometría;Zaragoza;Facultad de Ciencias;Tecnología óptica I;Normal;Obligatoria;89.29;84.75;94.92;59;50;56;1.04;29/04/2018
2016;Grado;Óptica y Optometría;Zaragoza;Facultad de Ciencias;Instrumentos ópticos y optométricos;Normal;Obligatoria;81.43;79.17;97.22;72;57;70;2.12;29/04/2018
2016;Grado;Óptica y Optometría;Zaragoza;Facultad de Ciencias;Laboratorio de optometría;Normal;Obligatoria;97.96;97.96;100.00;49;48;49;1.12;29/04/2018
2016;Grado;Óptica y Optometría;Zaragoza;Facultad de Ciencias;Óptica Física;Normal;Obligatoria;94.92;91.80;96.72;61;56;59;1.52;29/04/2018
2016;Grado;Óptica y Optometría;Zaragoza;Facultad de Ciencias;Óptica Visual II;Normal;Obligatoria;86.27;84.62;98.08;52;44;51;1.13;29/04/2018
2016;Grado;Óptica y Optometría;Zaragoza;Facultad de Ciencias;Optometría I;Normal;Obligatoria;76.92;74.63;97.01;67;50;65;1.57;29/04/2018
2016;Grado;Óptica y Optometría;Zaragoza;Facultad de Ciencias;Biología;Normal;Formación básica;94.23;94.23;100.00;52;49;52;1.22;29/04/2018
2016;Grado;Óptica y Optometría;Zaragoza;Facultad de Ciencias;Métodos estadísticos para óptica y optometría;Normal;Formación básica;89.47;85.00;95.00;61;52;58;1.52;29/04/2018
2016;Grado;Óptica y Optometría;Zaragoza;Facultad de Ciencias;Optometría II;Normal;Obligatoria;92.59;92.59;100.00;54;50;54;1.27;29/04/2018
2016;Grado;Óptica y Optometría;Zaragoza;Facultad de Ciencias;Patología y farmacología ocular;Normal;Obligatoria;96.43;96.43;100.00;57;55;57;1.00;29/04/2018
2016;Grado;Óptica y Optometría;Zaragoza;Facultad de Ciencias;Optometría clínica;Normal;Obligatoria;95.92;95.92;100.00;50;48;50;1.14;29/04/2018
2016;Grado;Óptica y Optometría;Zaragoza;Facultad de Ciencias;Contactología;Normal;Obligatoria;61.54;60.38;98.11;54;33;53;1.62;29/04/2018
2016;Grado;Óptica y Optometría;Zaragoza;Facultad de Ciencias;Tecnología óptica II;Normal;Obligatoria;100.00;100.00;100.00;50;50;50;1.06;29/04/2018
2016;Grado;Óptica y Optometría;Zaragoza;Facultad de Ciencias;Terapia y rehabilitación visual;Normal;Obligatoria;91.07;91.07;100.00;57;52;57;1.44;29/04/2018
2016;Grado;Óptica y Optometría;Zaragoza;Facultad de Ciencias;Tecnología óptica III;Normal;Obligatoria;72.00;70.59;98.04;51;36;50;1.76;29/04/2018
2016;Grado;Óptica y Optometría;Zaragoza;Facultad de Ciencias;Actuación optométrica en cirugía oftálmica;Normal;Obligatoria;93.48;91.49;97.87;47;43;46;1.16;29/04/2018
2016;Grado;Óptica y Optometría;Zaragoza;Facultad de Ciencias;Optometría pediátrica;Normal;Obligatoria;97.73;95.56;97.78;45;43;44;1.09;29/04/2018
2016;Grado;Óptica y Optometría;Zaragoza;Facultad de Ciencias;Baja visión;Normal;Obligatoria;100.00;93.33;93.33;45;42;42;1.19;29/04/2018
2016;Grado;Óptica y Optometría;Zaragoza;Facultad de Ciencias;Prácticas tuteladas;Prácticas externas;Obligatoria;100.00;95.56;95.56;45;43;43;1.05;29/04/2018
2016;Grado;Óptica y Optometría;Zaragoza;Facultad de Ciencias;Trabajo fin de Grado;Trabajo fin de grado;Trabajo fin de Grado;100.00;83.67;83.67;49;41;41;1.00;29/04/2018
2016;Grado;Óptica y Optometría;Zaragoza;Facultad de Ciencias;Ampliación de optometría geriátrica;Normal;Optativa;100.00;100.00;100.00;31;31;31;1.00;29/04/2018
2016;Grado;Óptica y Optometría;Zaragoza;Facultad de Ciencias;Audiometría y prótesis auditivas;Normal;Optativa;100.00;100.00;100.00;39;39;39;1.00;29/04/2018
2016;Grado;Óptica y Optometría;Zaragoza;Facultad de Ciencias;Gestión, iniciativa empresarial y marketing;Normal;Optativa;100.00;100.00;100.00;10;10;10;1.00;29/04/2018
2016;Grado;Óptica y Optometría;Zaragoza;Facultad de Ciencias;Herramientas gráficas y diseño óptico;Normal;Optativa;100.00;100.00;100.00;15;15;15;1.00;29/04/2018
2016;Grado;Óptica y Optometría;Zaragoza;Facultad de Ciencias;Prevención ocular y ergonomía en el trabajo y el deporte;Normal;Optativa;100.00;100.00;100.00;21;21;21;1.00;29/04/2018
2016;Grado;Óptica y Optometría;Zaragoza;Facultad de Ciencias;Radiometría, fotometría, color y fotografía;Normal;Optativa;100.00;100.00;100.00;19;19;19;1.00;29/04/2018
2016;Grado;Física;Zaragoza;Facultad de Ciencias;Fundamentos de física I;Normal;Formación básica;62.62;54.47;86.99;123;67;107;1.93;29/04/2018
2016;Grado;Física;Zaragoza;Facultad de Ciencias;Química;Normal;Formación básica;89.16;84.09;94.32;88;74;83;1.23;29/04/2018
2016;Grado;Física;Zaragoza;Facultad de Ciencias;Álgebra I;Normal;Formación básica;65.08;58.57;90.00;140;82;126;1.94;29/04/2018
2016;Grado;Física;Zaragoza;Facultad de Ciencias;Análisis matemático;Normal;Formación básica;89.25;88.30;98.94;94;83;93;1.27;29/04/2018
2016;Grado;Física;Zaragoza;Facultad de Ciencias;Informática;Normal;Formación básica;75.00;69.70;92.93;99;69;92;1.41;29/04/2018
2016;Grado;Física;Zaragoza;Facultad de Ciencias;Fundamentos de física II;Normal;Formación básica;64.15;58.12;90.60;117;68;106;1.50;29/04/2018
2016;Grado;Física;Zaragoza;Facultad de Ciencias;Laboratorio de física;Normal;Formación básica;100.00;98.75;98.75;80;79;79;1.00;29/04/2018
2016;Grado;Física;Zaragoza;Facultad de Ciencias;Álgebra II;Normal;Formación básica;81.44;71.17;87.39;111;79;97;1.17;29/04/2018
2016;Grado;Física;Zaragoza;Facultad de Ciencias;Cálculo diferencial;Normal;Formación básica;82.95;65.18;78.57;112;73;88;1.51;29/04/2018
2016;Grado;Física;Zaragoza;Facultad de Ciencias;Biología;Normal;Optativa;88.14;83.87;95.16;62;52;59;1.15;29/04/2018
2016;Grado;Física;Zaragoza;Facultad de Ciencias;Geología;Normal;Optativa;96.00;96.00;100.00;25;24;25;1.00;29/04/2018
2016;Grado;Física;Zaragoza;Facultad de Ciencias;Técnicas físicas I;Normal;Obligatoria;69.86;61.45;87.95;83;51;73;1.54;29/04/2018
2016;Grado;Física;Zaragoza;Facultad de Ciencias;Mecánica clásica I;Normal;Obligatoria;82.61;67.86;82.14;84;57;69;1.35;29/04/2018
2016;Grado;Física;Zaragoza;Facultad de Ciencias;Cálculo integral y geometría;Normal;Formación básica;86.67;67.53;77.92;77;52;60;1.16;29/04/2018
2016;Grado;Física;Zaragoza;Facultad de Ciencias;Ecuaciones diferenciales;Normal;Obligatoria;97.14;94.44;97.22;72;68;70;1.01;29/04/2018
2016;Grado;Física;Zaragoza;Facultad de Ciencias;Electromagnetismo;Normal;Obligatoria;69.49;49.40;71.08;83;41;59;1.50;29/04/2018
2016;Grado;Física;Zaragoza;Facultad de Ciencias;Mecánica clásica II;Normal;Obligatoria;82.35;70.00;85.00;80;56;68;1.38;29/04/2018
2016;Grado;Física;Zaragoza;Facultad de Ciencias;Métodos matemáticos para la física;Normal;Obligatoria;96.83;77.22;79.75;79;61;63;1.20;29/04/2018
2016;Grado;Física;Zaragoza;Facultad de Ciencias;Física computacional;Normal;Obligatoria;78.13;62.50;80.00;80;50;64;1.36;29/04/2018
2016;Grado;Física;Zaragoza;Facultad de Ciencias;Ondas electromagnéticas;Normal;Obligatoria;97.01;87.84;90.54;74;65;67;1.29;29/04/2018
2016;Grado;Física;Zaragoza;Facultad de Ciencias;Técnicas físicas II;Normal;Obligatoria;100.00;100.00;100.00;37;37;37;1.03;29/04/2018
2016;Grado;Física;Zaragoza;Facultad de Ciencias;Física cuántica I;Normal;Obligatoria;89.29;83.33;93.33;32;27;30;1.17;29/04/2018
2016;Grado;Física;Zaragoza;Facultad de Ciencias;Termodinámica;Normal;Obligatoria;79.49;77.50;97.50;41;32;40;1.15;29/04/2018
2016;Grado;Física;Zaragoza;Facultad de Ciencias;Óptica;Normal;Obligatoria;91.43;86.49;94.59;39;33;36;1.28;29/04/2018
2016;Grado;Física;Zaragoza;Facultad de Ciencias;Física cuántica II;Normal;Obligatoria;84.62;70.97;83.87;33;24;28;1.04;29/04/2018
2016;Grado;Física;Zaragoza;Facultad de Ciencias;Física estadística;Normal;Obligatoria;85.00;77.27;90.91;47;37;43;1.59;29/04/2018
2016;Grado;Física;Zaragoza;Facultad de Ciencias;Estado sólido I;Normal;Obligatoria;100.00;89.66;89.66;46;41;41;1.02;29/04/2018
2016;Grado;Física;Zaragoza;Facultad de Ciencias;Técnicas físicas III;Normal;Obligatoria;100.00;95.24;95.24;35;33;33;1.00;29/04/2018
2016;Grado;Física;Zaragoza;Facultad de Ciencias;Electrónica física;Normal;Obligatoria;96.15;86.21;89.66;46;40;41;1.15;29/04/2018
2016;Grado;Física;Zaragoza;Facultad de Ciencias;Física nuclear y partículas;Normal;Obligatoria;93.10;81.82;87.88;50;43;45;1.09;29/04/2018
2016;Grado;Física;Zaragoza;Facultad de Ciencias;Estado sólido II;Normal;Obligatoria;100.00;93.75;93.75;46;42;42;1.00;29/04/2018
2016;Grado;Física;Zaragoza;Facultad de Ciencias;Trabajo fin de Grado;Trabajo fin de grado;Trabajo fin de Grado;100.00;84.09;84.09;52;45;45;1.00;29/04/2018
2016;Grado;Física;Zaragoza;Facultad de Ciencias;Astronomía y astrofísica;Normal;Optativa;100.00;100.00;100.00;24;22;22;1.00;29/04/2018
2016;Grado;Física;Zaragoza;Facultad de Ciencias;Caos y sistemas dinámicos no lineales;Normal;Optativa;100.00;100.00;100.00;32;32;32;1.00;29/04/2018
2016;Grado;Física;Zaragoza;Facultad de Ciencias;Física de fluidos;Normal;Optativa;100.00;95.45;95.45;25;24;24;1.00;29/04/2018
2016;Grado;Física;Zaragoza;Facultad de Ciencias;Gravitación y cosmología;Normal;Optativa;100.00;100.00;100.00;36;36;36;1.00;29/04/2018
2016;Grado;Física;Zaragoza;Facultad de Ciencias;Historia de la ciencia;Normal;Optativa;100.00;100.00;100.00;14;13;13;1.00;29/04/2018
2016;Grado;Física;Zaragoza;Facultad de Ciencias;Iluminación y colorimetría;Normal;Optativa;100.00;100.00;100.00;5;5;5;1.00;29/04/2018
2016;Grado;Física;Zaragoza;Facultad de Ciencias;Láser y aplicaciones;Normal;Optativa;100.00;100.00;100.00;12;8;8;1.00;29/04/2018
2016;Grado;Física;Zaragoza;Facultad de Ciencias;Micro y nano sistemas;Normal;Optativa;100.00;100.00;100.00;14;13;13;1.00;29/04/2018
2016;Grado;Física;Zaragoza;Facultad de Ciencias;Microondas: propagación y antenas;Normal;Optativa;100.00;100.00;100.00;6;4;4;1.00;29/04/2018
2016;Grado;Física;Zaragoza;Facultad de Ciencias;Dispositivos y sistemas fotónicos;Normal;Optativa;100.00;100.00;100.00;7;7;7;1.00;29/04/2018
2016;Grado;Física;Zaragoza;Facultad de Ciencias;Dosimetría y radioprotección;Normal;Optativa;100.00;100.00;100.00;11;10;10;1.00;29/04/2018
2016;Grado;Física;Zaragoza;Facultad de Ciencias;Espectroscopia;Normal;Optativa;100.00;83.33;83.33;6;5;5;1.00;29/04/2018
2016;Grado;Física;Zaragoza;Facultad de Ciencias;Física biológica;Normal;Optativa;100.00;100.00;100.00;13;12;12;1.00;29/04/2018
2016;Grado;Física;Zaragoza;Facultad de Ciencias;Física de altas energías;Normal;Optativa;100.00;80.00;80.00;13;10;11;1.00;29/04/2018
2016;Grado;Física;Zaragoza;Facultad de Ciencias;Física y tecnología nuclear;Normal;Optativa;100.00;100.00;100.00;24;23;24;1.00;29/04/2018
2016;Grado;Física;Zaragoza;Facultad de Ciencias;Geofísica;Normal;Optativa;100.00;100.00;100.00;8;8;8;1.00;29/04/2018
2016;Grado;Física;Zaragoza;Facultad de Ciencias;Mecánica cuántica;Normal;Optativa;100.00;100.00;100.00;14;12;12;1.00;29/04/2018
2016;Grado;Física;Zaragoza;Facultad de Ciencias;Sistemas digitales;Normal;Optativa;100.00;100.00;100.00;5;5;5;1.00;29/04/2018
2016;Grado;Matemáticas;Zaragoza;Facultad de Ciencias;Álgebra líneal;Normal;Formación básica;90.24;38.14;42.27;97;37;41;1.40;29/04/2018
2016;Grado;Matemáticas;Zaragoza;Facultad de Ciencias;Análisis matemático I;Normal;Formación básica;81.08;68.18;84.09;88;60;74;1.60;29/04/2018
2016;Grado;Matemáticas;Zaragoza;Facultad de Ciencias;Física general;Normal;Formación básica;81.48;59.46;72.97;74;44;54;1.17;29/04/2018
2016;Grado;Matemáticas;Zaragoza;Facultad de Ciencias;Informática I;Normal;Formación básica;86.67;80.00;92.31;65;52;60;1.07;29/04/2018
2016;Grado;Matemáticas;Zaragoza;Facultad de Ciencias;Números y conjuntos;Normal;Formación básica;79.10;66.25;83.75;80;53;67;1.57;29/04/2018
2016;Grado;Matemáticas;Zaragoza;Facultad de Ciencias;Grafos y combinatoria;Normal;Obligatoria;80.65;66.67;82.67;75;50;62;1.12;29/04/2018
2016;Grado;Matemáticas;Zaragoza;Facultad de Ciencias;Análisis matemático II;Normal;Obligatoria;87.50;74.47;85.11;47;35;40;1.54;29/04/2018
2016;Grado;Matemáticas;Zaragoza;Facultad de Ciencias;Análisis numérico I;Normal;Obligatoria;67.44;44.62;66.15;65;29;43;1.59;29/04/2018
2016;Grado;Matemáticas;Zaragoza;Facultad de Ciencias;Topología general;Normal;Obligatoria;67.57;38.46;56.92;65;25;37;1.32;29/04/2018
2016;Grado;Matemáticas;Zaragoza;Facultad de Ciencias;Ecuaciones diferenciales ordinarias;Normal;Obligatoria;80.00;60.38;75.47;53;32;40;1.44;29/04/2018
2016;Grado;Matemáticas;Zaragoza;Facultad de Ciencias;Geometría lineal;Normal;Obligatoria;88.24;69.77;79.07;43;30;34;1.13;29/04/2018
2016;Grado;Matemáticas;Zaragoza;Facultad de Ciencias;Estructuras algebraicas;Normal;Obligatoria;69.44;43.86;63.16;57;25;36;1.36;29/04/2018
2016;Grado;Matemáticas;Zaragoza;Facultad de Ciencias;Introducción a la probabilidad y la estadística;Normal;Formación básica;83.72;62.07;74.14;58;36;43;1.29;29/04/2018
2016;Grado;Matemáticas;Zaragoza;Facultad de Ciencias;Geometría de curvas y superficies;Normal;Obligatoria;93.75;88.24;94.12;36;31;33;1.10;29/04/2018
2016;Grado;Matemáticas;Zaragoza;Facultad de Ciencias;Variable compleja;Normal;Obligatoria;96.43;81.82;84.85;35;29;30;1.34;29/04/2018
2016;Grado;Matemáticas;Zaragoza;Facultad de Ciencias;Análisis numérico II;Normal;Obligatoria;93.55;80.56;86.11;37;30;32;1.10;29/04/2018
2016;Grado;Matemáticas;Zaragoza;Facultad de Ciencias;Cálculo de probabilidades;Normal;Obligatoria;97.06;91.67;94.44;37;34;35;1.50;29/04/2018
2016;Grado;Matemáticas;Zaragoza;Facultad de Ciencias;Teoría de Galois;Normal;Obligatoria;82.76;75.00;90.63;34;25;30;1.44;29/04/2018
2016;Grado;Matemáticas;Zaragoza;Facultad de Ciencias;Investigación operativa;Normal;Obligatoria;89.29;78.13;87.50;33;26;29;1.19;29/04/2018
2016;Grado;Matemáticas;Zaragoza;Facultad de Ciencias;Estadística matemática;Normal;Obligatoria;68.29;57.14;83.67;51;30;43;1.83;29/04/2018
2016;Grado;Matemáticas;Zaragoza;Facultad de Ciencias;Ecuaciones en derivadas parciales;Normal;Obligatoria;90.63;85.29;94.12;36;31;34;1.42;29/04/2018
2016;Grado;Matemáticas;Zaragoza;Facultad de Ciencias;Integral de Lebesgue;Normal;Obligatoria;96.00;88.89;92.59;34;31;32;1.29;29/04/2018
2016;Grado;Matemáticas;Zaragoza;Facultad de Ciencias;Modelización matemática;Normal;Obligatoria;100.00;100.00;100.00;40;40;40;1.02;29/04/2018
2016;Grado;Matemáticas;Zaragoza;Facultad de Ciencias;Trabajo fin de Grado;Trabajo fin de grado;Trabajo fin de Grado;100.00;84.62;84.62;39;33;33;1.00;29/04/2018
2016;Grado;Matemáticas;Zaragoza;Facultad de Ciencias;Informática II;Normal;Optativa;100.00;100.00;100.00;8;8;8;1.00;29/04/2018
2016;Grado;Matemáticas;Zaragoza;Facultad de Ciencias;Bases de datos I;Normal;Optativa;100.00;100.00;100.00;21;20;21;1.10;29/04/2018
2016;Grado;Matemáticas;Zaragoza;Facultad de Ciencias;Optimización estocástica;Normal;Optativa;92.86;92.86;100.00;17;16;17;1.06;29/04/2018
2016;Grado;Matemáticas;Zaragoza;Facultad de Ciencias;Simulación numérica en ecuaciones diferenciales ordinarias;Normal;Optativa;100.00;100.00;100.00;16;16;16;1.00;29/04/2018
2016;Grado;Matemáticas;Zaragoza;Facultad de Ciencias;Sistemas dinámicos;Normal;Optativa;93.33;93.33;100.00;17;16;17;1.00;29/04/2018
2016;Grado;Matemáticas;Zaragoza;Facultad de Ciencias;Teoría de la probabilidad;Normal;Optativa;100.00;100.00;100.00;9;9;9;1.00;29/04/2018
2016;Grado;Matemáticas;Zaragoza;Facultad de Ciencias;Técnicas de regresión;Normal;Optativa;100.00;100.00;100.00;19;18;18;1.00;29/04/2018
2016;Grado;Matemáticas;Zaragoza;Facultad de Ciencias;Análisis funcional;Normal;Optativa;100.00;85.71;85.71;11;10;10;1.00;29/04/2018
2016;Grado;Matemáticas;Zaragoza;Facultad de Ciencias;Análisis de Fourier;Normal;Optativa;100.00;90.00;90.00;13;12;12;1.00;29/04/2018
2016;Grado;Matemáticas;Zaragoza;Facultad de Ciencias;Astronomía matemática;Normal;Optativa;100.00;100.00;100.00;7;7;7;1.00;29/04/2018
2016;Grado;Matemáticas;Zaragoza;Facultad de Ciencias;Mecánica celeste;Normal;Optativa;;;;0;0;0;1.00;29/04/2018
2016;Grado;Matemáticas;Zaragoza;Facultad de Ciencias;Historia de las matemáticas;Normal;Optativa;100.00;100.00;100.00;14;14;14;1.00;29/04/2018
2016;Grado;Matemáticas;Zaragoza;Facultad de Ciencias;Topología de superficies;Normal;Optativa;100.00;100.00;100.00;7;7;7;1.00;29/04/2018
2016;Grado;Matemáticas;Zaragoza;Facultad de Ciencias;Variedades diferenciables;Normal;Optativa;100.00;100.00;100.00;10;10;10;1.00;29/04/2018
2016;Grado;Matemáticas;Zaragoza;Facultad de Ciencias;Curvas algebráicas;Normal;Optativa;100.00;100.00;100.00;8;7;7;1.00;29/04/2018
2016;Grado;Matemáticas;Zaragoza;Facultad de Ciencias;Álgebra aplicada y computacional;Normal;Optativa;100.00;100.00;100.00;14;12;12;1.00;29/04/2018
2016;Grado;Biotecnología;Zaragoza;Facultad de Ciencias;Química general;Normal;Formación básica;90.00;80.60;89.55;67;54;60;1.16;29/04/2018
2016;Grado;Biotecnología;Zaragoza;Facultad de Ciencias;Matemáticas;Normal;Formación básica;90.63;81.69;90.14;71;58;64;1.38;29/04/2018
2016;Grado;Biotecnología;Zaragoza;Facultad de Ciencias;Física;Normal;Formación básica;98.31;86.57;88.06;67;58;59;1.16;29/04/2018
2016;Grado;Biotecnología;Zaragoza;Facultad de Ciencias;Biología general;Normal;Formación básica;98.36;92.31;93.85;65;60;61;1.10;29/04/2018
2016;Grado;Biotecnología;Zaragoza;Facultad de Ciencias;Fisiologia;Normal;Formación básica;91.30;86.30;94.52;73;63;69;1.21;29/04/2018
2016;Grado;Biotecnología;Zaragoza;Facultad de Ciencias;Genética;Normal;Formación básica;92.54;87.32;94.37;71;62;67;1.36;29/04/2018
2016;Grado;Biotecnología;Zaragoza;Facultad de Ciencias;Estadística;Normal;Formación básica;95.31;95.31;100.00;64;61;64;1.03;29/04/2018
2016;Grado;Biotecnología;Zaragoza;Facultad de Ciencias;Técnicas instrumentales en biotecnología;Normal;Obligatoria;98.53;97.10;98.55;69;67;68;1.07;29/04/2018
2016;Grado;Biotecnología;Zaragoza;Facultad de Ciencias;Bioquímica;Normal;Obligatoria;97.14;95.77;98.59;71;68;70;1.40;29/04/2018
2016;Grado;Biotecnología;Zaragoza;Facultad de Ciencias;Microbiología;Normal;Obligatoria;96.92;94.03;97.01;67;63;65;1.15;29/04/2018
2016;Grado;Biotecnología;Zaragoza;Facultad de Ciencias;Química física;Normal;Obligatoria;87.32;86.11;98.61;72;62;71;1.47;29/04/2018
2016;Grado;Biotecnología;Zaragoza;Facultad de Ciencias;Química orgánica;Normal;Obligatoria;95.83;94.52;98.63;73;69;72;1.39;29/04/2018
2016;Grado;Biotecnología;Zaragoza;Facultad de Ciencias;Inmunología;Normal;Obligatoria;98.51;94.29;95.71;70;66;67;1.02;29/04/2018
2016;Grado;Biotecnología;Zaragoza;Facultad de Ciencias;Estructuras de macromoléculas;Normal;Obligatoria;97.30;96.00;98.67;75;72;74;1.18;29/04/2018
2016;Grado;Biotecnología;Zaragoza;Facultad de Ciencias;Fisiología vegetal;Normal;Obligatoria;94.67;93.42;98.68;76;71;75;1.14;29/04/2018
2016;Grado;Biotecnología;Zaragoza;Facultad de Ciencias;Ingeniería química;Normal;Obligatoria;89.71;85.92;95.77;71;61;68;1.20;29/04/2018
2016;Grado;Biotecnología;Zaragoza;Facultad de Ciencias;Biotecnología clínica;Normal;Obligatoria;100.00;98.41;98.41;63;62;62;1.03;29/04/2018
2016;Grado;Biotecnología;Zaragoza;Facultad de Ciencias;Biología molecular;Normal;Obligatoria;93.75;93.75;100.00;64;60;64;1.00;29/04/2018
2016;Grado;Biotecnología;Zaragoza;Facultad de Ciencias;Cultivos celulares;Normal;Obligatoria;98.46;98.46;100.00;65;64;65;1.03;29/04/2018
2016;Grado;Biotecnología;Zaragoza;Facultad de Ciencias;Introducción a los sistemas de gestión;Normal;Obligatoria;100.00;98.48;98.48;66;65;65;1.00;29/04/2018
2016;Grado;Biotecnología;Zaragoza;Facultad de Ciencias;Aspectos sociales y legales;Normal;Obligatoria;100.00;100.00;100.00;65;65;65;1.00;29/04/2018
2016;Grado;Biotecnología;Zaragoza;Facultad de Ciencias;Ingeniería genética;Normal;Obligatoria;95.45;88.73;92.96;72;64;67;1.39;29/04/2018
2016;Grado;Biotecnología;Zaragoza;Facultad de Ciencias;Introducción a la biología de sistemas;Normal;Obligatoria;;;;0;0;0;1.00;29/04/2018
2016;Grado;Biotecnología;Zaragoza;Facultad de Ciencias;Bioinformática;Normal;Obligatoria;100.00;98.36;98.36;62;61;61;1.13;29/04/2018
2016;Grado;Biotecnología;Zaragoza;Facultad de Ciencias;Biorreactores;Normal;Obligatoria;93.88;90.20;96.08;74;69;72;1.13;29/04/2018
2016;Grado;Biotecnología;Zaragoza;Facultad de Ciencias;Biotecnología vegetal;Normal;Obligatoria;100.00;100.00;100.00;72;72;72;1.06;29/04/2018
2016;Grado;Biotecnología;Zaragoza;Facultad de Ciencias;Biotecnología del medio ambiente;Normal;Obligatoria;100.00;99.12;99.12;137;136;136;1.00;29/04/2018
2016;Grado;Biotecnología;Zaragoza;Facultad de Ciencias;Biotecnología animal;Normal;Obligatoria;98.18;98.18;100.00;72;71;72;1.01;29/04/2018
2016;Grado;Biotecnología;Zaragoza;Facultad de Ciencias;Biotecnología microbiana;Normal;Obligatoria;98.18;94.74;96.49;74;71;72;1.04;29/04/2018
2016;Grado;Biotecnología;Zaragoza;Facultad de Ciencias;Trabajo fin de Grado;Trabajo fin de grado;Trabajo fin de Grado;100.00;93.10;93.10;74;70;70;1.00;29/04/2018
2016;Grado;Biotecnología;Zaragoza;Facultad de Ciencias;Bioquímica de la nutrición;Normal;Optativa;100.00;100.00;100.00;8;8;8;1.00;29/04/2018
2016;Grado;Biotecnología;Zaragoza;Facultad de Ciencias;Bioquímica y microbiología enológicas;Normal;Optativa;100.00;100.00;100.00;23;23;23;1.00;29/04/2018
2016;Grado;Biotecnología;Zaragoza;Facultad de Ciencias;Biotecnología alimentaria;Normal;Optativa;100.00;100.00;100.00;27;27;27;1.04;29/04/2018
2016;Grado;Biotecnología;Zaragoza;Facultad de Ciencias;Biotecnología aplicada a la inmunología y a la microbiología;Normal;Optativa;100.00;100.00;100.00;48;48;48;1.02;29/04/2018
2016;Grado;Biotecnología;Zaragoza;Facultad de Ciencias;Biotecnología veterinaria;Normal;Optativa;100.00;100.00;100.00;6;6;6;1.00;29/04/2018
2016;Grado;Biotecnología;Zaragoza;Facultad de Ciencias;Farmacología;Normal;Optativa;100.00;100.00;100.00;52;52;52;1.00;29/04/2018
2016;Grado;Biotecnología;Zaragoza;Facultad de Ciencias;Prácticas externas;Prácticas externas;Optativa;;;;0;0;0;1.00;29/04/2018
2016;Grado;Biotecnología;Zaragoza;Facultad de Ciencias;Base molecular de la comunicación celular y el cáncer;Normal;Optativa;100.00;96.97;96.97;45;44;44;1.02;29/04/2018
2016;Grado;Química;Zaragoza;Facultad de Ciencias;Química General;Normal;Formación básica;64.60;56.22;87.03;185;104;161;1.80;29/04/2018
2016;Grado;Química;Zaragoza;Facultad de Ciencias;Introducción al laboratorio químico;Normal;Formación básica;94.24;93.57;99.29;140;131;139;1.03;29/04/2018
2016;Grado;Química;Zaragoza;Facultad de Ciencias;Matemáticas;Normal;Formación básica;74.60;53.11;71.19;177;94;126;1.40;29/04/2018
2016;Grado;Química;Zaragoza;Facultad de Ciencias;Física;Normal;Formación básica;70.00;49.25;70.35;199;98;140;1.59;29/04/2018
2016;Grado;Química;Zaragoza;Facultad de Ciencias;Biología;Normal;Formación básica;59.65;55.43;92.93;184;102;171;1.91;29/04/2018
2016;Grado;Química;Zaragoza;Facultad de Ciencias;Geología;Normal;Formación básica;83.80;71.26;85.03;167;119;142;1.45;29/04/2018
2016;Grado;Química;Zaragoza;Facultad de Ciencias;Química analítica I;Normal;Obligatoria;80.38;76.51;95.18;166;127;158;1.49;29/04/2018
2016;Grado;Química;Zaragoza;Facultad de Ciencias;Química física I;Normal;Obligatoria;53.89;48.60;90.19;214;104;193;2.92;29/04/2018
2016;Grado;Química;Zaragoza;Facultad de Ciencias;Química inorgánica I;Normal;Obligatoria;84.62;79.08;93.46;153;121;143;1.52;29/04/2018
2016;Grado;Química;Zaragoza;Facultad de Ciencias;Química orgánica I;Normal;Obligatoria;68.31;56.40;82.56;172;97;142;2.01;29/04/2018
2016;Grado;Química;Zaragoza;Facultad de Ciencias;Laboratorio de química;Normal;Obligatoria;100.00;98.29;98.29;117;115;115;1.03;29/04/2018
2016;Grado;Química;Zaragoza;Facultad de Ciencias;Estadística e informática;Normal;Formación básica;92.42;84.14;91.03;145;122;132;1.30;29/04/2018
2016;Grado;Química;Zaragoza;Facultad de Ciencias;Química analítica II;Normal;Obligatoria;78.26;72.00;92.00;128;92;118;1.71;29/04/2018
2016;Grado;Química;Zaragoza;Facultad de Ciencias;Química física II;Normal;Obligatoria;71.07;65.65;92.37;133;87;123;2.24;29/04/2018
2016;Grado;Química;Zaragoza;Facultad de Ciencias;Química inorgánica II;Normal;Obligatoria;64.12;55.63;86.75;154;86;133;1.69;29/04/2018
2016;Grado;Química;Zaragoza;Facultad de Ciencias;Química orgánica II;Normal;Obligatoria;82.71;74.32;89.86;152;113;137;1.72;29/04/2018
2016;Grado;Química;Zaragoza;Facultad de Ciencias;Fundamentos de ingeniería química;Normal;Obligatoria;71.31;66.41;93.13;131;87;122;1.44;29/04/2018
2016;Grado;Química;Zaragoza;Facultad de Ciencias;Bioquímica;Normal;Obligatoria;84.09;73.51;87.42;157;115;137;1.57;29/04/2018
2016;Grado;Química;Zaragoza;Facultad de Ciencias;Ciencia de materiales;Normal;Obligatoria;98.94;96.88;97.92;110;106;108;1.01;29/04/2018
2016;Grado;Química;Zaragoza;Facultad de Ciencias;Determinación estructural;Normal;Obligatoria;89.29;82.42;92.31;104;87;97;1.37;29/04/2018
2016;Grado;Química;Zaragoza;Facultad de Ciencias;Metodología y control de calidad en el laboratorio;Normal;Obligatoria;100.00;100.00;100.00;86;86;86;1.07;29/04/2018
2016;Grado;Química;Zaragoza;Facultad de Ciencias;Espectroscopia y propiedades moleculares;Normal;Obligatoria;92.50;90.24;97.56;94;85;91;1.10;29/04/2018
2016;Grado;Química;Zaragoza;Facultad de Ciencias;Procesos, higiene y seguridad en la industria química;Normal;Obligatoria;86.52;85.56;98.89;104;90;102;1.54;29/04/2018
2016;Grado;Química;Zaragoza;Facultad de Ciencias;Trabajo fin de Grado;Trabajo fin de grado;Trabajo fin de Grado;100.00;93.33;93.33;97;91;91;1.00;29/04/2018
2016;Grado;Química;Zaragoza;Facultad de Ciencias;Historia de la ciencia;Normal;Optativa;100.00;96.92;96.92;65;63;63;1.00;29/04/2018
2016;Grado;Química;Zaragoza;Facultad de Ciencias;Introducción a los sistemas de gestión;Normal;Optativa;100.00;98.39;98.39;62;61;61;1.00;29/04/2018
2016;Grado;Química;Zaragoza;Facultad de Ciencias;Análisis medioambiental y de tóxicos;Normal;Optativa;100.00;100.00;100.00;17;17;17;1.00;29/04/2018
2016;Grado;Química;Zaragoza;Facultad de Ciencias;Métodos analíticos de respuesta rápida;Normal;Optativa;100.00;96.55;96.55;31;30;30;1.00;29/04/2018
2016;Grado;Química;Zaragoza;Facultad de Ciencias;Fotoquímica y química física del medio ambiente;Normal;Optativa;100.00;100.00;100.00;20;20;20;1.00;29/04/2018
2016;Grado;Química;Zaragoza;Facultad de Ciencias;Introducción al modelado molecular;Normal;Optativa;100.00;100.00;100.00;14;14;14;1.00;29/04/2018
2016;Grado;Química;Zaragoza;Facultad de Ciencias;Química nuclear. Propiedades fisico-químicas de los fármacos y radiofarmacia;Normal;Optativa;100.00;100.00;100.00;1;1;1;2.00;29/04/2018
2016;Grado;Química;Zaragoza;Facultad de Ciencias;Catálisis homogénea;Normal;Optativa;100.00;97.87;97.87;52;50;51;1.00;29/04/2018
2016;Grado;Química;Zaragoza;Facultad de Ciencias;Química organometálica;Normal;Optativa;100.00;100.00;100.00;28;28;28;1.04;29/04/2018
2016;Grado;Química;Zaragoza;Facultad de Ciencias;Ampliación de química orgánica;Normal;Optativa;100.00;100.00;100.00;21;21;21;1.00;29/04/2018
2016;Grado;Química;Zaragoza;Facultad de Ciencias;Química orgánica industrial;Normal;Optativa;100.00;100.00;100.00;28;28;28;1.07;29/04/2018
2016;Grado;Química;Zaragoza;Facultad de Ciencias;Tecnologías del medio ambiente;Normal;Optativa;100.00;96.97;96.97;36;35;35;1.00;29/04/2018
2016;Grado;Química;Zaragoza;Facultad de Ciencias;Actividad biológica de los compuestos químicos;Normal;Optativa;100.00;100.00;100.00;69;68;68;1.00;29/04/2018
2016;Grado;Química;Zaragoza;Facultad de Ciencias;Prácticas externas;Prácticas externas;Optativa;;;;0;0;0;1.00;29/04/2018
2016;Grado;Administración y Dirección de Empresas;Zaragoza;Facultad de Economía y Empresa;Fundamentos de administración y dirección de empresas;Normal;Formación básica;65.61;57.23;87.23;470;269;410;1.47;29/04/2018
2016;Grado;Administración y Dirección de Empresas;Huesca;Facultad de Empresa y Gestión Pública;Fundamentos de administración y dirección de empresas;Normal;Formación básica;44.90;31.43;70.00;70;22;49;1.44;29/04/2018
2016;Grado;Administración y Dirección de Empresas;Teruel;Facultad de Ciencias Sociales y Humanas de Teruel;Fundamentos de administración y dirección de empresas;Normal;Formación básica;81.82;65.85;80.49;41;27;33;1.04;29/04/2018
2016;Grado;Administración y Dirección de Empresas;Zaragoza;Facultad de Economía y Empresa;Contabilidad financiera I;Normal;Formación básica;63.68;54.12;84.98;486;263;413;1.86;29/04/2018
2016;Grado;Administración y Dirección de Empresas;Huesca;Facultad de Empresa y Gestión Pública;Contabilidad financiera I;Normal;Formación básica;65.85;48.21;73.21;56;27;41;1.41;29/04/2018
2016;Grado;Administración y Dirección de Empresas;Teruel;Facultad de Ciencias Sociales y Humanas de Teruel;Contabilidad financiera I;Normal;Formación básica;79.31;67.65;85.29;34;23;29;1.46;29/04/2018
2016;Grado;Administración y Dirección de Empresas;Zaragoza;Facultad de Economía y Empresa;Matemáticas I;Normal;Formación básica;67.23;52.73;78.43;677;357;531;1.99;29/04/2018
2016;Grado;Administración y Dirección de Empresas;Huesca;Facultad de Empresa y Gestión Pública;Matemáticas I;Normal;Formación básica;36.59;28.30;77.36;106;30;82;2.36;29/04/2018
2016;Grado;Administración y Dirección de Empresas;Teruel;Facultad de Ciencias Sociales y Humanas de Teruel;Matemáticas I;Normal;Formación básica;77.42;66.67;86.11;36;24;31;1.24;29/04/2018
2016;Grado;Administración y Dirección de Empresas;Zaragoza;Facultad de Economía y Empresa;Introducción al márketing;Normal;Formación básica;84.08;78.86;93.78;402;317;377;1.22;29/04/2018
2016;Grado;Administración y Dirección de Empresas;Huesca;Facultad de Empresa y Gestión Pública;Introducción al márketing;Normal;Formación básica;65.79;54.35;82.61;46;25;38;1.18;29/04/2018
2016;Grado;Administración y Dirección de Empresas;Teruel;Facultad de Ciencias Sociales y Humanas de Teruel;Introducción al márketing;Normal;Formación básica;96.88;91.18;94.12;34;31;32;1.29;29/04/2018
2016;Grado;Administración y Dirección de Empresas;Zaragoza;Facultad de Economía y Empresa;Introducción al derecho;Normal;Formación básica;88.32;78.73;89.14;442;348;394;1.22;29/04/2018
2016;Grado;Administración y Dirección de Empresas;Huesca;Facultad de Empresa y Gestión Pública;Introducción al derecho;Normal;Formación básica;85.37;59.32;69.49;59;35;41;1.20;29/04/2018
2016;Grado;Administración y Dirección de Empresas;Teruel;Facultad de Ciencias Sociales y Humanas de Teruel;Introducción al derecho;Normal;Formación básica;80.56;76.32;94.74;38;29;36;1.66;29/04/2018
2016;Grado;Administración y Dirección de Empresas;Zaragoza;Facultad de Economía y Empresa;Historia económica y economía mundial;Normal;Formación básica;70.02;59.09;84.39;506;299;427;1.52;29/04/2018
2016;Grado;Administración y Dirección de Empresas;Huesca;Facultad de Empresa y Gestión Pública;Historia económica y economía mundial;Normal;Formación básica;42.50;22.08;51.95;77;17;40;1.59;29/04/2018
2016;Grado;Administración y Dirección de Empresas;Teruel;Facultad de Ciencias Sociales y Humanas de Teruel;Historia económica y economía mundial;Normal;Formación básica;76.32;67.44;88.37;43;29;38;1.24;29/04/2018
2016;Grado;Administración y Dirección de Empresas;Zaragoza;Facultad de Economía y Empresa;Contabilidad financiera II;Normal;Formación básica;64.39;44.74;69.47;570;255;396;1.65;29/04/2018
2016;Grado;Administración y Dirección de Empresas;Huesca;Facultad de Empresa y Gestión Pública;Contabilidad financiera II;Normal;Formación básica;73.91;44.74;60.53;76;34;46;1.33;29/04/2018
2016;Grado;Administración y Dirección de Empresas;Teruel;Facultad de Ciencias Sociales y Humanas de Teruel;Contabilidad financiera II;Normal;Formación básica;72.73;55.81;76.74;43;24;33;1.21;29/04/2018
2016;Grado;Administración y Dirección de Empresas;Zaragoza;Facultad de Economía y Empresa;Microeconomía I;Normal;Formación básica;68.90;49.66;72.07;580;288;418;1.75;29/04/2018
2016;Grado;Administración y Dirección de Empresas;Huesca;Facultad de Empresa y Gestión Pública;Microeconomía I;Normal;Formación básica;37.78;19.32;51.14;88;17;45;2.10;29/04/2018
2016;Grado;Administración y Dirección de Empresas;Teruel;Facultad de Ciencias Sociales y Humanas de Teruel;Microeconomía I;Normal;Formación básica;61.76;51.22;82.93;41;21;34;1.77;29/04/2018
2016;Grado;Administración y Dirección de Empresas;Zaragoza;Facultad de Economía y Empresa;Matemáticas II;Normal;Formación básica;59.75;41.92;70.16;563;236;395;1.71;29/04/2018
2016;Grado;Administración y Dirección de Empresas;Huesca;Facultad de Empresa y Gestión Pública;Matemáticas II;Normal;Formación básica;55.74;33.66;60.40;101;34;61;1.70;29/04/2018
2016;Grado;Administración y Dirección de Empresas;Teruel;Facultad de Ciencias Sociales y Humanas de Teruel;Matemáticas II;Normal;Formación básica;80.00;68.29;85.37;41;28;35;1.46;29/04/2018
2016;Grado;Administración y Dirección de Empresas;Zaragoza;Facultad de Economía y Empresa;Estadística I;Normal;Formación básica;66.31;48.64;73.35;514;250;377;1.49;29/04/2018
2016;Grado;Administración y Dirección de Empresas;Huesca;Facultad de Empresa y Gestión Pública;Estadística I;Normal;Formación básica;48.65;25.71;52.86;70;18;37;1.35;29/04/2018
2016;Grado;Administración y Dirección de Empresas;Teruel;Facultad de Ciencias Sociales y Humanas de Teruel;Estadística I;Normal;Formación básica;74.19;62.16;83.78;37;23;31;1.13;29/04/2018
2016;Grado;Administración y Dirección de Empresas;Zaragoza;Facultad de Economía y Empresa;Estadística II;Normal;Obligatoria;76.92;60.61;78.79;463;281;365;1.70;29/04/2018
2016;Grado;Administración y Dirección de Empresas;Huesca;Facultad de Empresa y Gestión Pública;Estadística II;Normal;Obligatoria;91.30;76.36;83.64;55;42;46;1.52;29/04/2018
2016;Grado;Administración y Dirección de Empresas;Teruel;Facultad de Ciencias Sociales y Humanas de Teruel;Estadística II;Normal;Obligatoria;100.00;100.00;100.00;22;22;22;1.23;29/04/2018
2016;Grado;Administración y Dirección de Empresas;Zaragoza;Facultad de Economía y Empresa;Fiscalidad de la empresa;Normal;Obligatoria;76.02;66.33;87.24;392;260;342;1.39;29/04/2018
2016;Grado;Administración y Dirección de Empresas;Huesca;Facultad de Empresa y Gestión Pública;Fiscalidad de la empresa;Normal;Obligatoria;86.49;82.05;94.87;39;32;37;1.07;29/04/2018
2016;Grado;Administración y Dirección de Empresas;Teruel;Facultad de Ciencias Sociales y Humanas de Teruel;Fiscalidad de la empresa;Normal;Obligatoria;83.33;80.00;96.00;25;20;24;1.45;29/04/2018
2016;Grado;Administración y Dirección de Empresas;Zaragoza;Facultad de Economía y Empresa;Macroeconomía I;Normal;Obligatoria;83.98;73.51;87.53;385;283;337;1.39;29/04/2018
2016;Grado;Administración y Dirección de Empresas;Huesca;Facultad de Empresa y Gestión Pública;Macroeconomía I;Normal;Obligatoria;66.07;48.68;73.68;77;38;57;1.26;29/04/2018
2016;Grado;Administración y Dirección de Empresas;Teruel;Facultad de Ciencias Sociales y Humanas de Teruel;Macroeconomía I;Normal;Obligatoria;74.07;62.50;84.38;32;20;27;1.90;29/04/2018
2016;Grado;Administración y Dirección de Empresas;Zaragoza;Facultad de Economía y Empresa;Microeconomia II;Normal;Obligatoria;81.30;72.62;89.33;431;313;385;1.77;29/04/2018
2016;Grado;Administración y Dirección de Empresas;Huesca;Facultad de Empresa y Gestión Pública;Microeconomia II;Normal;Obligatoria;45.76;39.71;86.76;68;27;59;1.81;29/04/2018
2016;Grado;Administración y Dirección de Empresas;Teruel;Facultad de Ciencias Sociales y Humanas de Teruel;Microeconomia II;Normal;Obligatoria;76.92;68.97;89.66;29;20;26;1.81;29/04/2018
2016;Grado;Administración y Dirección de Empresas;Zaragoza;Facultad de Economía y Empresa;Organización y gestión interna;Normal;Obligatoria;78.71;68.04;86.44;413;281;357;1.51;29/04/2018
2016;Grado;Administración y Dirección de Empresas;Huesca;Facultad de Empresa y Gestión Pública;Organización y gestión interna;Normal;Obligatoria;57.78;36.62;63.38;73;28;47;1.46;29/04/2018
2016;Grado;Administración y Dirección de Empresas;Teruel;Facultad de Ciencias Sociales y Humanas de Teruel;Organización y gestión interna;Normal;Obligatoria;73.68;66.67;90.48;21;14;19;1.64;29/04/2018
2016;Grado;Administración y Dirección de Empresas;Zaragoza;Facultad de Economía y Empresa;Análisis y valoración de las operaciones financieras;Normal;Obligatoria;83.94;68.45;81.55;338;232;276;1.29;29/04/2018
2016;Grado;Administración y Dirección de Empresas;Huesca;Facultad de Empresa y Gestión Pública;Análisis y valoración de las operaciones financieras;Normal;Obligatoria;44.74;28.81;64.41;63;21;42;2.25;29/04/2018
2016;Grado;Administración y Dirección de Empresas;Teruel;Facultad de Ciencias Sociales y Humanas de Teruel;Análisis y valoración de las operaciones financieras;Normal;Obligatoria;76.47;65.00;85.00;20;13;17;1.40;29/04/2018
2016;Grado;Administración y Dirección de Empresas;Zaragoza;Facultad de Economía y Empresa;Economía española;Normal;Obligatoria;82.30;75.28;91.48;352;265;322;1.44;29/04/2018
2016;Grado;Administración y Dirección de Empresas;Huesca;Facultad de Empresa y Gestión Pública;Economía española;Normal;Obligatoria;67.44;52.73;78.18;55;29;43;1.26;29/04/2018
2016;Grado;Administración y Dirección de Empresas;Teruel;Facultad de Ciencias Sociales y Humanas de Teruel;Economía española;Normal;Obligatoria;87.50;77.78;88.89;27;21;24;1.90;29/04/2018
2016;Grado;Administración y Dirección de Empresas;Zaragoza;Facultad de Economía y Empresa;Estados financieros;Normal;Obligatoria;86.88;78.53;90.40;355;278;321;1.29;29/04/2018
2016;Grado;Administración y Dirección de Empresas;Huesca;Facultad de Empresa y Gestión Pública;Estados financieros;Normal;Obligatoria;79.49;65.96;82.98;47;31;39;1.35;29/04/2018
2016;Grado;Administración y Dirección de Empresas;Teruel;Facultad de Ciencias Sociales y Humanas de Teruel;Estados financieros;Normal;Obligatoria;90.91;74.07;81.48;27;20;22;1.55;29/04/2018
2016;Grado;Administración y Dirección de Empresas;Zaragoza;Facultad de Economía y Empresa;Introducción a la investigación de mercados;Normal;Obligatoria;89.38;84.12;94.12;340;286;320;1.21;29/04/2018
2016;Grado;Administración y Dirección de Empresas;Huesca;Facultad de Empresa y Gestión Pública;Introducción a la investigación de mercados;Normal;Obligatoria;87.80;78.26;89.13;46;36;41;1.38;29/04/2018
2016;Grado;Administración y Dirección de Empresas;Teruel;Facultad de Ciencias Sociales y Humanas de Teruel;Introducción a la investigación de mercados;Normal;Obligatoria;89.47;85.00;95.00;20;17;19;1.41;29/04/2018
2016;Grado;Administración y Dirección de Empresas;Zaragoza;Facultad de Economía y Empresa;Macroeconomía II;Normal;Obligatoria;92.73;82.21;88.65;327;268;290;1.21;29/04/2018
2016;Grado;Administración y Dirección de Empresas;Huesca;Facultad de Empresa y Gestión Pública;Macroeconomía II;Normal;Obligatoria;55.81;33.80;60.56;72;25;44;1.29;29/04/2018
2016;Grado;Administración y Dirección de Empresas;Teruel;Facultad de Ciencias Sociales y Humanas de Teruel;Macroeconomía II;Normal;Obligatoria;89.29;71.43;80.00;35;25;28;2.16;29/04/2018
2016;Grado;Administración y Dirección de Empresas;Zaragoza;Facultad de Economía y Empresa;Análisis de estados financieros;Normal;Obligatoria;81.40;78.48;96.41;236;185;227;1.24;29/04/2018
2016;Grado;Administración y Dirección de Empresas;Huesca;Facultad de Empresa y Gestión Pública;Análisis de estados financieros;Normal;Obligatoria;100.00;100.00;100.00;30;30;30;1.00;29/04/2018
2016;Grado;Administración y Dirección de Empresas;Teruel;Facultad de Ciencias Sociales y Humanas de Teruel;Análisis de estados financieros;Normal;Obligatoria;85.19;74.19;87.10;31;23;27;1.30;29/04/2018
2016;Grado;Administración y Dirección de Empresas;Zaragoza;Facultad de Economía y Empresa;Dirección comercial I;Normal;Obligatoria;86.83;86.48;99.59;252;218;251;1.19;29/04/2018
2016;Grado;Administración y Dirección de Empresas;Huesca;Facultad de Empresa y Gestión Pública;Dirección comercial I;Normal;Obligatoria;96.77;96.77;100.00;34;33;34;1.22;29/04/2018
2016;Grado;Administración y Dirección de Empresas;Teruel;Facultad de Ciencias Sociales y Humanas de Teruel;Dirección comercial I;Normal;Obligatoria;93.33;90.32;96.77;31;28;30;1.11;29/04/2018
2016;Grado;Administración y Dirección de Empresas;Zaragoza;Facultad de Economía y Empresa;Dirección estratégica;Normal;Obligatoria;77.22;74.35;96.28;278;208;268;1.16;29/04/2018
2016;Grado;Administración y Dirección de Empresas;Huesca;Facultad de Empresa y Gestión Pública;Dirección estratégica;Normal;Obligatoria;72.73;51.61;70.97;38;23;29;1.20;29/04/2018
2016;Grado;Administración y Dirección de Empresas;Teruel;Facultad de Ciencias Sociales y Humanas de Teruel;Dirección estratégica;Normal;Obligatoria;60.00;56.76;94.59;37;21;35;1.52;29/04/2018
2016;Grado;Administración y Dirección de Empresas;Zaragoza;Facultad de Economía y Empresa;Dirección financiera;Normal;Obligatoria;93.25;90.95;97.53;254;229;245;1.30;29/04/2018
2016;Grado;Administración y Dirección de Empresas;Huesca;Facultad de Empresa y Gestión Pública;Dirección financiera;Normal;Obligatoria;100.00;100.00;100.00;29;29;29;1.11;29/04/2018
2016;Grado;Administración y Dirección de Empresas;Teruel;Facultad de Ciencias Sociales y Humanas de Teruel;Dirección financiera;Normal;Obligatoria;100.00;96.67;96.67;30;29;29;1.00;29/04/2018
2016;Grado;Administración y Dirección de Empresas;Zaragoza;Facultad de Economía y Empresa;Econometría;Normal;Obligatoria;89.55;82.90;92.58;318;264;295;1.47;29/04/2018
2016;Grado;Administración y Dirección de Empresas;Huesca;Facultad de Empresa y Gestión Pública;Econometría;Normal;Obligatoria;65.63;53.85;82.05;44;26;37;1.38;29/04/2018
2016;Grado;Administración y Dirección de Empresas;Teruel;Facultad de Ciencias Sociales y Humanas de Teruel;Econometría;Normal;Obligatoria;71.43;60.98;85.37;41;25;35;1.84;29/04/2018
2016;Grado;Administración y Dirección de Empresas;Zaragoza;Facultad de Economía y Empresa;Contabilidad directiva;Normal;Obligatoria;94.44;85.99;91.05;267;230;244;1.12;29/04/2018
2016;Grado;Administración y Dirección de Empresas;Huesca;Facultad de Empresa y Gestión Pública;Contabilidad directiva;Normal;Obligatoria;92.59;83.33;90.00;32;27;29;1.11;29/04/2018
2016;Grado;Administración y Dirección de Empresas;Teruel;Facultad de Ciencias Sociales y Humanas de Teruel;Contabilidad directiva;Normal;Obligatoria;100.00;94.29;94.29;35;33;33;1.06;29/04/2018
2016;Grado;Administración y Dirección de Empresas;Zaragoza;Facultad de Economía y Empresa;Dirección de la producción;Normal;Obligatoria;87.88;77.78;88.51;275;215;245;1.22;29/04/2018
2016;Grado;Administración y Dirección de Empresas;Huesca;Facultad de Empresa y Gestión Pública;Dirección de la producción;Normal;Obligatoria;87.88;82.86;94.29;39;33;37;1.05;29/04/2018
2016;Grado;Administración y Dirección de Empresas;Teruel;Facultad de Ciencias Sociales y Humanas de Teruel;Dirección de la producción;Normal;Obligatoria;96.55;96.55;100.00;29;28;29;1.18;29/04/2018
2016;Grado;Administración y Dirección de Empresas;Zaragoza;Facultad de Economía y Empresa;Dirección de recursos humanos;Normal;Obligatoria;90.46;85.16;94.14;271;229;254;1.20;29/04/2018
2016;Grado;Administración y Dirección de Empresas;Huesca;Facultad de Empresa y Gestión Pública;Dirección de recursos humanos;Normal;Obligatoria;97.44;86.36;88.64;45;39;40;1.15;29/04/2018
2016;Grado;Administración y Dirección de Empresas;Teruel;Facultad de Ciencias Sociales y Humanas de Teruel;Dirección de recursos humanos;Normal;Obligatoria;80.56;67.44;83.72;43;29;36;1.83;29/04/2018
2016;Grado;Administración y Dirección de Empresas;Zaragoza;Facultad de Economía y Empresa;Gestión de riesgos financieros;Normal;Obligatoria;93.70;84.70;90.39;293;247;265;1.20;29/04/2018
2016;Grado;Administración y Dirección de Empresas;Huesca;Facultad de Empresa y Gestión Pública;Gestión de riesgos financieros;Normal;Obligatoria;61.76;45.65;73.91;53;28;41;1.25;29/04/2018
2016;Grado;Administración y Dirección de Empresas;Teruel;Facultad de Ciencias Sociales y Humanas de Teruel;Gestión de riesgos financieros;Normal;Obligatoria;80.00;77.78;97.22;36;28;35;1.36;29/04/2018
2016;Grado;Administración y Dirección de Empresas;Zaragoza;Facultad de Economía y Empresa;Política de la empresa;Normal;Obligatoria;78.99;74.63;94.49;285;214;268;1.26;29/04/2018
2016;Grado;Administración y Dirección de Empresas;Huesca;Facultad de Empresa y Gestión Pública;Política de la empresa;Normal;Obligatoria;96.67;85.29;88.24;36;31;32;1.21;29/04/2018
2016;Grado;Administración y Dirección de Empresas;Teruel;Facultad de Ciencias Sociales y Humanas de Teruel;Política de la empresa;Normal;Obligatoria;93.94;91.18;97.06;34;31;33;1.29;29/04/2018
2016;Grado;Administración y Dirección de Empresas;Zaragoza;Facultad de Economía y Empresa;Contabilidad de combinaciones de negocios;Normal;Obligatoria;82.12;75.38;91.79;377;294;350;1.50;29/04/2018
2016;Grado;Administración y Dirección de Empresas;Huesca;Facultad de Empresa y Gestión Pública;Contabilidad de combinaciones de negocios;Normal;Obligatoria;80.00;64.00;80.00;32;22;26;1.30;29/04/2018
2016;Grado;Administración y Dirección de Empresas;Teruel;Facultad de Ciencias Sociales y Humanas de Teruel;Contabilidad de combinaciones de negocios;Normal;Obligatoria;72.73;66.67;91.67;36;24;33;1.29;29/04/2018
2016;Grado;Administración y Dirección de Empresas;Zaragoza;Facultad de Economía y Empresa;Trabajo fin de Grado;Trabajo fin de grado;Trabajo fin de Grado;99.36;69.20;69.64;448;310;312;1.01;29/04/2018
2016;Grado;Administración y Dirección de Empresas;Huesca;Facultad de Empresa y Gestión Pública;Trabajo fin de Grado;Trabajo fin de grado;Trabajo fin de Grado;97.37;56.06;57.58;66;37;38;1.05;29/04/2018
2016;Grado;Administración y Dirección de Empresas;Teruel;Facultad de Ciencias Sociales y Humanas de Teruel;Trabajo fin de Grado;Trabajo fin de grado;Trabajo fin de Grado;100.00;48.94;48.94;47;23;23;1.00;29/04/2018
2016;Grado;Administración y Dirección de Empresas;Zaragoza;Facultad de Economía y Empresa;Aplicaciones econometricas de la empresa;Normal;Optativa;100.00;100.00;100.00;11;11;11;1.00;29/04/2018
2016;Grado;Administración y Dirección de Empresas;Huesca;Facultad de Empresa y Gestión Pública;Aplicaciones econometricas de la empresa;Normal;Optativa;;;;1;1;1;1.00;29/04/2018
2016;Grado;Administración y Dirección de Empresas;Zaragoza;Facultad de Economía y Empresa;Contabilidad pública;Normal;Optativa;98.75;95.18;96.39;92;88;89;1.03;29/04/2018
2016;Grado;Administración y Dirección de Empresas;Zaragoza;Facultad de Economía y Empresa;Decisiones comerciales;Normal;Optativa;100.00;99.26;99.26;166;164;165;1.01;29/04/2018
2016;Grado;Administración y Dirección de Empresas;Huesca;Facultad de Empresa y Gestión Pública;Decisiones comerciales;Normal;Optativa;100.00;100.00;100.00;13;13;13;1.00;29/04/2018
2016;Grado;Administración y Dirección de Empresas;Zaragoza;Facultad de Economía y Empresa;Derecho mercantil;Normal;Optativa;100.00;93.75;93.75;37;35;35;1.11;29/04/2018
2016;Grado;Administración y Dirección de Empresas;Huesca;Facultad de Empresa y Gestión Pública;Derecho mercantil;Normal;Optativa;87.50;70.00;80.00;12;9;10;1.00;29/04/2018
2016;Grado;Administración y Dirección de Empresas;Teruel;Facultad de Ciencias Sociales y Humanas de Teruel;Derecho mercantil;Normal;Optativa;100.00;100.00;100.00;8;8;8;1.00;29/04/2018
2016;Grado;Administración y Dirección de Empresas;Zaragoza;Facultad de Economía y Empresa;Dirección de entidades de economía social;Normal;Optativa;100.00;95.00;95.00;50;48;48;1.00;29/04/2018
2016;Grado;Administración y Dirección de Empresas;Teruel;Facultad de Ciencias Sociales y Humanas de Teruel;Dirección de entidades de economía social;Normal;Optativa;88.89;88.89;100.00;9;8;9;1.00;29/04/2018
2016;Grado;Administración y Dirección de Empresas;Zaragoza;Facultad de Economía y Empresa;Dirección de la empresa internacional;Normal;Optativa;87.91;85.11;96.81;140;123;135;1.04;29/04/2018
2016;Grado;Administración y Dirección de Empresas;Huesca;Facultad de Empresa y Gestión Pública;Dirección de la empresa internacional;Normal;Optativa;100.00;66.67;66.67;10;7;7;1.00;29/04/2018
2016;Grado;Administración y Dirección de Empresas;Teruel;Facultad de Ciencias Sociales y Humanas de Teruel;Dirección de la empresa internacional;Normal;Optativa;100.00;100.00;100.00;14;14;14;1.00;29/04/2018
2016;Grado;Administración y Dirección de Empresas;Zaragoza;Facultad de Economía y Empresa;Innovación y cambio tecnológico de la empresa;Normal;Optativa;98.08;98.08;100.00;67;65;67;1.02;29/04/2018
2016;Grado;Administración y Dirección de Empresas;Huesca;Facultad de Empresa y Gestión Pública;Innovación y cambio tecnológico de la empresa;Normal;Optativa;;;;3;3;3;1.00;29/04/2018
2016;Grado;Administración y Dirección de Empresas;Teruel;Facultad de Ciencias Sociales y Humanas de Teruel;Innovación y cambio tecnológico de la empresa;Normal;Optativa;100.00;100.00;100.00;17;17;17;1.00;29/04/2018
2016;Grado;Administración y Dirección de Empresas;Zaragoza;Facultad de Economía y Empresa;Investigación operativa;Normal;Optativa;100.00;100.00;100.00;19;19;19;1.00;29/04/2018
2016;Grado;Administración y Dirección de Empresas;Zaragoza;Facultad de Economía y Empresa;Logística y cadena de suministro;Normal;Optativa;83.33;76.92;92.31;40;36;38;1.03;29/04/2018
2016;Grado;Administración y Dirección de Empresas;Huesca;Facultad de Empresa y Gestión Pública;Logística y cadena de suministro;Normal;Optativa;;;;2;2;2;1.00;29/04/2018
2016;Grado;Administración y Dirección de Empresas;Teruel;Facultad de Ciencias Sociales y Humanas de Teruel;Logística y cadena de suministro;Normal;Optativa;100.00;100.00;100.00;15;15;15;1.00;29/04/2018
2016;Grado;Administración y Dirección de Empresas;Zaragoza;Facultad de Economía y Empresa;Mercados financieros;Normal;Optativa;90.70;87.64;96.63;113;102;110;1.15;29/04/2018
2016;Grado;Administración y Dirección de Empresas;Huesca;Facultad de Empresa y Gestión Pública;Mercados financieros;Normal;Optativa;100.00;80.00;80.00;12;10;10;1.15;29/04/2018
2016;Grado;Administración y Dirección de Empresas;Teruel;Facultad de Ciencias Sociales y Humanas de Teruel;Mercados financieros;Normal;Optativa;86.36;82.61;95.65;24;20;23;1.05;29/04/2018
2016;Grado;Administración y Dirección de Empresas;Zaragoza;Facultad de Economía y Empresa;Control de gestión;Normal;Optativa;100.00;98.80;98.80;197;193;193;1.03;29/04/2018
2016;Grado;Administración y Dirección de Empresas;Huesca;Facultad de Empresa y Gestión Pública;Control de gestión;Normal;Optativa;100.00;100.00;100.00;17;17;17;1.00;29/04/2018
2016;Grado;Administración y Dirección de Empresas;Zaragoza;Facultad de Economía y Empresa;Las Tic´s en la empresa;Normal;Optativa;100.00;93.94;93.94;127;119;120;1.02;29/04/2018
2016;Grado;Administración y Dirección de Empresas;Huesca;Facultad de Empresa y Gestión Pública;Las Tic´s en la empresa;Normal;Optativa;100.00;100.00;100.00;18;18;18;1.00;29/04/2018
2016;Grado;Administración y Dirección de Empresas;Zaragoza;Facultad de Economía y Empresa;Lengua extranjera empresarial (Inglés);Normal;Optativa;79.76;67.68;84.85;103;71;88;1.14;29/04/2018
2016;Grado;Administración y Dirección de Empresas;Huesca;Facultad de Empresa y Gestión Pública;Lengua extranjera empresarial (Inglés);Normal;Optativa;94.44;85.00;90.00;22;19;20;1.55;29/04/2018
2016;Grado;Administración y Dirección de Empresas;Teruel;Facultad de Ciencias Sociales y Humanas de Teruel;Lengua extranjera empresarial (Inglés);Normal;Optativa;;;;1;1;1;1.00;29/04/2018
2016;Grado;Administración y Dirección de Empresas;Zaragoza;Facultad de Economía y Empresa;Lengua extranjera empresarial (Francés);Normal;Optativa;100.00;92.31;92.31;15;14;14;1.00;29/04/2018
2016;Grado;Administración y Dirección de Empresas;Huesca;Facultad de Empresa y Gestión Pública;Lengua extranjera empresarial (Francés);Normal;Optativa;100.00;100.00;100.00;2;2;2;1.00;29/04/2018
2016;Grado;Administración y Dirección de Empresas;Zaragoza;Facultad de Economía y Empresa;Lengua extranjera empresarial (Alemán);Normal;Optativa;100.00;100.00;100.00;8;6;7;1.00;29/04/2018
2016;Grado;Administración y Dirección de Empresas;Huesca;Facultad de Empresa y Gestión Pública;Lengua extranjera empresarial (Alemán);Normal;Optativa;;;;1;1;1;1.00;29/04/2018
2016;Grado;Administración y Dirección de Empresas;Zaragoza;Facultad de Economía y Empresa;Prácticas en empresa I;Prácticas externas;Optativa;100.00;94.44;94.44;18;17;17;1.00;29/04/2018
2016;Grado;Administración y Dirección de Empresas;Teruel;Facultad de Ciencias Sociales y Humanas de Teruel;Prácticas en empresa I;Prácticas externas;Optativa;;;;1;0;0;1.00;29/04/2018
2016;Grado;Administración y Dirección de Empresas;Zaragoza;Facultad de Economía y Empresa;Creación y gestión de pymes;Normal;Optativa;98.86;97.75;98.88;117;113;116;1.00;29/04/2018
2016;Grado;Administración y Dirección de Empresas;Huesca;Facultad de Empresa y Gestión Pública;Creación y gestión de pymes;Normal;Optativa;100.00;100.00;100.00;9;9;9;1.00;29/04/2018
2016;Grado;Administración y Dirección de Empresas;Teruel;Facultad de Ciencias Sociales y Humanas de Teruel;Creación y gestión de pymes;Normal;Optativa;100.00;100.00;100.00;5;5;5;1.00;29/04/2018
2016;Grado;Administración y Dirección de Empresas;Zaragoza;Facultad de Economía y Empresa;Dirección comercial II;Normal;Optativa;100.00;96.04;96.04;144;140;140;1.06;29/04/2018
2016;Grado;Administración y Dirección de Empresas;Huesca;Facultad de Empresa y Gestión Pública;Dirección comercial II;Normal;Optativa;100.00;85.71;85.71;11;10;10;1.00;29/04/2018
2016;Grado;Administración y Dirección de Empresas;Teruel;Facultad de Ciencias Sociales y Humanas de Teruel;Dirección comercial II;Normal;Optativa;100.00;100.00;100.00;16;16;16;1.00;29/04/2018
2016;Grado;Administración y Dirección de Empresas;Zaragoza;Facultad de Economía y Empresa;Dirección financiera internacional;Normal;Optativa;98.46;95.52;97.01;91;86;88;1.02;29/04/2018
2016;Grado;Administración y Dirección de Empresas;Huesca;Facultad de Empresa y Gestión Pública;Dirección financiera internacional;Normal;Optativa;;;;1;1;1;1.00;29/04/2018
2016;Grado;Administración y Dirección de Empresas;Teruel;Facultad de Ciencias Sociales y Humanas de Teruel;Dirección financiera internacional;Normal;Optativa;;;;1;1;1;1.00;29/04/2018
2016;Grado;Administración y Dirección de Empresas;Zaragoza;Facultad de Economía y Empresa;Gestión de tesorería;Normal;Optativa;95.83;95.83;100.00;59;57;59;1.06;29/04/2018
2016;Grado;Administración y Dirección de Empresas;Huesca;Facultad de Empresa y Gestión Pública;Gestión de tesorería;Normal;Optativa;100.00;100.00;100.00;15;15;15;1.00;29/04/2018
2016;Grado;Administración y Dirección de Empresas;Teruel;Facultad de Ciencias Sociales y Humanas de Teruel;Gestión de tesorería;Normal;Optativa;100.00;100.00;100.00;6;6;6;1.00;29/04/2018
2016;Grado;Administración y Dirección de Empresas;Zaragoza;Facultad de Economía y Empresa;Gestión integrada y creación de valor;Normal;Optativa;97.33;96.05;98.68;176;167;172;1.08;29/04/2018
2016;Grado;Administración y Dirección de Empresas;Huesca;Facultad de Empresa y Gestión Pública;Gestión integrada y creación de valor;Normal;Optativa;100.00;100.00;100.00;4;4;4;1.00;29/04/2018
2016;Grado;Administración y Dirección de Empresas;Teruel;Facultad de Ciencias Sociales y Humanas de Teruel;Gestión integrada y creación de valor;Normal;Optativa;100.00;100.00;100.00;9;9;9;1.00;29/04/2018
2016;Grado;Administración y Dirección de Empresas;Zaragoza;Facultad de Economía y Empresa;Gestión medioambiental;Normal;Optativa;100.00;99.05;99.05;119;116;117;1.01;29/04/2018
2016;Grado;Administración y Dirección de Empresas;Huesca;Facultad de Empresa y Gestión Pública;Gestión medioambiental;Normal;Optativa;;;;1;1;1;1.00;29/04/2018
2016;Grado;Administración y Dirección de Empresas;Zaragoza;Facultad de Economía y Empresa;Información financiera internacional;Normal;Optativa;100.00;93.75;93.75;35;32;33;1.00;29/04/2018
2016;Grado;Administración y Dirección de Empresas;Huesca;Facultad de Empresa y Gestión Pública;Información financiera internacional;Normal;Optativa;;;;1;1;1;1.00;29/04/2018
2016;Grado;Administración y Dirección de Empresas;Teruel;Facultad de Ciencias Sociales y Humanas de Teruel;Información financiera internacional;Normal;Optativa;100.00;100.00;100.00;17;17;17;1.00;29/04/2018
2016;Grado;Administración y Dirección de Empresas;Zaragoza;Facultad de Economía y Empresa;Modelos de excelencia y calidad en la gestión;Normal;Optativa;100.00;97.83;97.83;56;54;54;1.02;29/04/2018
2016;Grado;Administración y Dirección de Empresas;Huesca;Facultad de Empresa y Gestión Pública;Modelos de excelencia y calidad en la gestión;Normal;Optativa;;;;3;3;3;1.00;29/04/2018
2016;Grado;Administración y Dirección de Empresas;Teruel;Facultad de Ciencias Sociales y Humanas de Teruel;Modelos de excelencia y calidad en la gestión;Normal;Optativa;100.00;100.00;100.00;8;8;8;1.00;29/04/2018
2016;Grado;Administración y Dirección de Empresas;Zaragoza;Facultad de Economía y Empresa;Política económica;Normal;Optativa;79.31;69.70;87.88;48;38;44;1.15;29/04/2018
2016;Grado;Administración y Dirección de Empresas;Huesca;Facultad de Empresa y Gestión Pública;Política económica;Normal;Optativa;100.00;100.00;100.00;3;3;3;1.00;29/04/2018
2016;Grado;Administración y Dirección de Empresas;Teruel;Facultad de Ciencias Sociales y Humanas de Teruel;Política económica;Normal;Optativa;100.00;100.00;100.00;6;6;6;1.00;29/04/2018
2016;Grado;Administración y Dirección de Empresas;Zaragoza;Facultad de Economía y Empresa;Régimen laboral de la empresa;Normal;Optativa;100.00;92.86;92.86;32;30;30;1.03;29/04/2018
2016;Grado;Administración y Dirección de Empresas;Huesca;Facultad de Empresa y Gestión Pública;Régimen laboral de la empresa;Normal;Optativa;100.00;75.00;75.00;4;3;3;1.00;29/04/2018
2016;Grado;Administración y Dirección de Empresas;Teruel;Facultad de Ciencias Sociales y Humanas de Teruel;Régimen laboral de la empresa;Normal;Optativa;100.00;100.00;100.00;6;6;6;1.00;29/04/2018
2016;Grado;Administración y Dirección de Empresas;Zaragoza;Facultad de Economía y Empresa;Sociología de las organizaciones;Normal;Optativa;99.12;96.58;97.44;142;135;136;1.03;29/04/2018
2016;Grado;Administración y Dirección de Empresas;Huesca;Facultad de Empresa y Gestión Pública;Sociología de las organizaciones;Normal;Optativa;100.00;93.33;93.33;17;15;16;1.00;29/04/2018
2016;Grado;Administración y Dirección de Empresas;Teruel;Facultad de Ciencias Sociales y Humanas de Teruel;Sociología de las organizaciones;Normal;Optativa;100.00;90.91;90.91;13;11;12;1.00;29/04/2018
2016;Grado;Administración y Dirección de Empresas;Zaragoza;Facultad de Economía y Empresa;Prácticas en empresa II;Prácticas externas;Optativa;100.00;100.00;100.00;13;13;13;1.00;29/04/2018
2016;Grado;Administración y Dirección de Empresas;Teruel;Facultad de Ciencias Sociales y Humanas de Teruel;Prácticas en empresa II;Prácticas externas;Optativa;;;;0;0;0;1.00;29/04/2018
2016;Grado;Administración y Dirección de Empresas;Zaragoza;Facultad de Economía y Empresa;Prácticas en empresa;Prácticas externas;Optativa;100.00;97.37;97.37;114;111;111;1.00;29/04/2018
2016;Grado;Administración y Dirección de Empresas;Huesca;Facultad de Empresa y Gestión Pública;Prácticas en empresa;Prácticas externas;Optativa;100.00;100.00;100.00;31;31;31;1.00;29/04/2018
2016;Grado;Administración y Dirección de Empresas;Teruel;Facultad de Ciencias Sociales y Humanas de Teruel;Prácticas en empresa;Prácticas externas;Optativa;100.00;100.00;100.00;25;25;25;1.00;29/04/2018
2016;Grado;Economía;Zaragoza;Facultad de Economía y Empresa;Principios de economía;Normal;Formación básica;62.44;52.34;83.83;235;123;197;1.52;29/04/2018
2016;Grado;Economía;Zaragoza;Facultad de Economía y Empresa;Economía de la empresa;Normal;Formación básica;63.41;52.85;83.33;246;130;205;1.52;29/04/2018
2016;Grado;Economía;Zaragoza;Facultad de Economía y Empresa;Matemáticas I;Normal;Formación básica;63.00;47.19;74.92;303;143;227;1.68;29/04/2018
2016;Grado;Economía;Zaragoza;Facultad de Economía y Empresa;Estadística I;Normal;Formación básica;67.01;50.00;74.62;260;130;194;1.61;29/04/2018
2016;Grado;Economía;Zaragoza;Facultad de Economía y Empresa;Principios de derecho y derecho mercantil;Normal;Formación básica;82.86;67.13;81.02;216;145;175;1.29;29/04/2018
2016;Grado;Economía;Zaragoza;Facultad de Economía y Empresa;Introducción a la economía aplicada;Normal;Formación básica;61.23;46.96;76.69;296;139;227;1.54;29/04/2018
2016;Grado;Economía;Zaragoza;Facultad de Economía y Empresa;Historia económica mundial;Normal;Formación básica;66.50;49.81;74.90;263;131;197;1.51;29/04/2018
2016;Grado;Economía;Zaragoza;Facultad de Economía y Empresa;Introducción a las finanzas;Normal;Formación básica;79.56;58.78;73.88;245;144;181;1.36;29/04/2018
2016;Grado;Economía;Zaragoza;Facultad de Economía y Empresa;Matemáticas II;Normal;Formación básica;59.91;40.71;67.95;312;127;212;1.66;29/04/2018
2016;Grado;Economía;Zaragoza;Facultad de Economía y Empresa;Fundamentos de márketing;Normal;Formación básica;73.41;59.07;80.47;215;127;173;1.42;29/04/2018
2016;Grado;Economía;Zaragoza;Facultad de Economía y Empresa;Microeconomia I;Normal;Obligatoria;59.64;52.66;88.30;188;99;166;1.68;29/04/2018
2016;Grado;Economía;Zaragoza;Facultad de Economía y Empresa;Macroeconomia I;Normal;Obligatoria;66.21;54.55;82.39;176;96;145;1.53;29/04/2018
2016;Grado;Economía;Zaragoza;Facultad de Economía y Empresa;Economía mundial;Normal;Obligatoria;75.41;68.66;91.04;134;92;122;1.41;29/04/2018
2016;Grado;Economía;Zaragoza;Facultad de Economía y Empresa;Historia económica de España;Normal;Obligatoria;69.23;61.11;88.27;162;99;143;1.28;29/04/2018
2016;Grado;Economía;Zaragoza;Facultad de Economía y Empresa;Introducción a la contabilidad;Normal;Obligatoria;64.97;55.74;85.79;183;102;157;1.83;29/04/2018
2016;Grado;Economía;Zaragoza;Facultad de Economía y Empresa;Microeconomia II;Normal;Obligatoria;69.12;56.97;82.42;165;94;136;1.45;29/04/2018
2016;Grado;Economía;Zaragoza;Facultad de Economía y Empresa;Macroeconomía II;Normal;Obligatoria;71.70;51.70;72.11;147;76;106;1.26;29/04/2018
2016;Grado;Economía;Zaragoza;Facultad de Economía y Empresa;Economía española;Normal;Obligatoria;70.42;59.88;85.03;167;100;142;1.56;29/04/2018
2016;Grado;Economía;Zaragoza;Facultad de Economía y Empresa;Economía pública I;Normal;Obligatoria;80.15;66.46;82.91;158;105;131;1.39;29/04/2018
2016;Grado;Economía;Zaragoza;Facultad de Economía y Empresa;Estadística II;Normal;Obligatoria;68.25;43.65;63.96;197;86;126;1.70;29/04/2018
2016;Grado;Economía;Zaragoza;Facultad de Economía y Empresa;Microeconomía III;Normal;Obligatoria;63.93;47.27;73.94;171;84;128;2.07;29/04/2018
2016;Grado;Economía;Zaragoza;Facultad de Economía y Empresa;Economía pública II;Normal;Obligatoria;82.52;74.56;90.35;118;89;107;1.29;29/04/2018
2016;Grado;Economía;Zaragoza;Facultad de Economía y Empresa;Política económica I;Normal;Obligatoria;90.43;87.39;96.64;123;108;119;1.62;29/04/2018
2016;Grado;Economía;Zaragoza;Facultad de Economía y Empresa;Econometría I;Normal;Obligatoria;80.95;68.00;84.00;131;90;110;1.41;29/04/2018
2016;Grado;Economía;Zaragoza;Facultad de Economía y Empresa;Microeconomia IV;Normal;Obligatoria;91.67;81.82;89.26;124;102;111;1.27;29/04/2018
2016;Grado;Economía;Zaragoza;Facultad de Economía y Empresa;Sistema fiscal español I;Normal;Obligatoria;95.15;87.50;91.96;113;99;104;1.20;29/04/2018
2016;Grado;Economía;Zaragoza;Facultad de Economía y Empresa;Política económica II;Normal;Obligatoria;90.15;78.81;87.42;153;121;134;1.30;29/04/2018
2016;Grado;Economía;Zaragoza;Facultad de Economía y Empresa;Econometría II;Normal;Obligatoria;74.00;54.81;74.07;140;75;105;1.41;29/04/2018
2016;Grado;Economía;Zaragoza;Facultad de Economía y Empresa;Macroeconomía III;Normal;Obligatoria;86.67;73.86;85.23;188;140;161;1.52;29/04/2018
2016;Grado;Economía;Zaragoza;Facultad de Economía y Empresa;Econometría III;Normal;Obligatoria;68.46;60.71;88.69;180;109;160;1.95;29/04/2018
2016;Grado;Economía;Zaragoza;Facultad de Economía y Empresa;Macroeconomia IV;Normal;Obligatoria;89.33;81.21;90.91;176;143;160;1.50;29/04/2018
2016;Grado;Economía;Zaragoza;Facultad de Economía y Empresa;Trabajo fin de Grado;Trabajo fin de grado;Trabajo fin de Grado;100.00;62.56;62.56;211;132;132;1.00;29/04/2018
2016;Grado;Economía;Zaragoza;Facultad de Economía y Empresa;Economia laboral;Normal;Optativa;81.58;73.81;90.48;45;34;41;1.09;29/04/2018
2016;Grado;Economía;Zaragoza;Facultad de Economía y Empresa;Comercio internacional;Normal;Optativa;81.48;70.97;87.10;34;24;30;1.29;29/04/2018
2016;Grado;Economía;Zaragoza;Facultad de Economía y Empresa;Contabilidad de las administraciones públicas;Normal;Optativa;84.31;81.13;96.23;54;44;52;1.33;29/04/2018
2016;Grado;Economía;Zaragoza;Facultad de Economía y Empresa;Decisión y juegos;Normal;Optativa;100.00;76.47;76.47;35;27;27;1.12;29/04/2018
2016;Grado;Economía;Zaragoza;Facultad de Economía y Empresa;Presupuesto y gasto público;Normal;Optativa;88.89;80.00;90.00;51;41;46;1.40;29/04/2018
2016;Grado;Economía;Zaragoza;Facultad de Economía y Empresa;Economia de las organizaciones;Normal;Optativa;86.36;73.08;84.62;29;22;25;1.00;29/04/2018
2016;Grado;Economía;Zaragoza;Facultad de Economía y Empresa;Globalización, desarrollo e historia;Normal;Optativa;77.78;70.00;90.00;29;23;27;1.20;29/04/2018
2016;Grado;Economía;Zaragoza;Facultad de Economía y Empresa;Hacienda autonómica y local;Normal;Optativa;100.00;96.97;96.97;35;33;34;1.07;29/04/2018
2016;Grado;Economía;Zaragoza;Facultad de Economía y Empresa;Dirección de márketing;Normal;Optativa;100.00;95.18;95.18;93;88;89;1.02;29/04/2018
2016;Grado;Economía;Zaragoza;Facultad de Economía y Empresa;Análisis contable;Normal;Optativa;92.59;83.33;90.00;33;26;30;1.36;29/04/2018
2016;Grado;Economía;Zaragoza;Facultad de Economía y Empresa;Derecho público de la economía;Normal;Optativa;88.89;84.21;94.74;23;19;22;1.05;29/04/2018
2016;Grado;Economía;Zaragoza;Facultad de Economía y Empresa;Aplicaciones econométricas;Normal;Optativa;88.24;85.71;97.14;36;30;35;1.03;29/04/2018
2016;Grado;Economía;Zaragoza;Facultad de Economía y Empresa;Pensamiento económico;Normal;Optativa;90.38;81.03;89.66;66;54;59;1.20;29/04/2018
2016;Grado;Economía;Zaragoza;Facultad de Economía y Empresa;Sistema fiscal español II;Normal;Optativa;88.46;74.19;83.87;34;25;29;1.04;29/04/2018
2016;Grado;Economía;Zaragoza;Facultad de Economía y Empresa;Economía regional;Normal;Optativa;100.00;93.33;93.33;17;16;16;1.24;29/04/2018
2016;Grado;Economía;Zaragoza;Facultad de Economía y Empresa;Sistemas informáticos de ayuda a la decisión;Normal;Optativa;98.36;92.31;93.85;69;63;65;1.02;29/04/2018
2016;Grado;Economía;Zaragoza;Facultad de Economía y Empresa;Sistema monetario internacional;Normal;Optativa;91.30;84.00;92.00;35;28;32;1.16;29/04/2018
2016;Grado;Economía;Zaragoza;Facultad de Economía y Empresa;Innovación, crecimiento y sostenibilidad;Normal;Optativa;98.18;96.43;98.21;65;61;63;1.03;29/04/2018
2016;Grado;Economía;Zaragoza;Facultad de Economía y Empresa;Banca y mercados financieros;Normal;Optativa;88.57;86.11;97.22;48;42;47;1.21;29/04/2018
2016;Grado;Economía;Zaragoza;Facultad de Economía y Empresa;Sociología;Normal;Optativa;95.24;93.75;98.44;70;64;68;1.00;29/04/2018
2016;Grado;Economía;Zaragoza;Facultad de Economía y Empresa;Inglés para economistas;Normal;Optativa;72.55;62.71;86.44;60;38;52;1.16;29/04/2018
2016;Grado;Economía;Zaragoza;Facultad de Economía y Empresa;Coyuntura económica;Normal;Optativa;95.65;81.48;85.19;35;30;31;1.06;29/04/2018
2016;Grado;Economía;Zaragoza;Facultad de Economía y Empresa;Técnicas de predicción;Normal;Optativa;100.00;97.44;97.44;45;44;44;1.00;29/04/2018
2016;Grado;Economía;Zaragoza;Facultad de Economía y Empresa;Gestión pública;Normal;Optativa;100.00;78.57;78.57;33;26;27;1.15;29/04/2018
2016;Grado;Economía;Zaragoza;Facultad de Economía y Empresa;Gobierno electrónico y decisiones públicas;Normal;Optativa;100.00;82.61;82.61;26;22;22;1.00;29/04/2018
2016;Grado;Economía;Zaragoza;Facultad de Economía y Empresa;Prácticas en empresa I;Prácticas externas;Optativa;100.00;100.00;100.00;18;18;18;1.00;29/04/2018
2016;Grado;Economía;Zaragoza;Facultad de Economía y Empresa;Prácticas en empresa II;Prácticas externas;Optativa;100.00;100.00;100.00;3;3;3;1.00;29/04/2018
2016;Grado;Economía;Zaragoza;Facultad de Economía y Empresa;Prácticas en empresa;Prácticas externas;Optativa;100.00;100.00;100.00;49;49;49;1.00;29/04/2018
2016;Grado;Finanzas y Contabilidad;Zaragoza;Facultad de Economía y Empresa;Fundamentos de administración de empresas;Normal;Formación básica;75.57;62.26;82.39;159;99;131;1.41;29/04/2018
2016;Grado;Finanzas y Contabilidad;Zaragoza;Facultad de Economía y Empresa;Contabilidad financiera I;Normal;Formación básica;58.33;46.98;80.54;149;70;120;1.40;29/04/2018
2016;Grado;Finanzas y Contabilidad;Zaragoza;Facultad de Economía y Empresa;Matemáticas I;Normal;Formación básica;64.29;46.29;72.00;175;81;126;1.59;29/04/2018
2016;Grado;Finanzas y Contabilidad;Zaragoza;Facultad de Economía y Empresa;Introducción al márketing;Normal;Formación básica;90.40;84.96;93.98;133;113;125;1.14;29/04/2018
2016;Grado;Finanzas y Contabilidad;Zaragoza;Facultad de Economía y Empresa;Introducción al derecho;Normal;Formación básica;75.21;57.89;76.97;152;88;117;1.23;29/04/2018
2016;Grado;Finanzas y Contabilidad;Zaragoza;Facultad de Economía y Empresa;Historia económica y economía mundial;Normal;Formación básica;77.54;62.94;81.18;170;107;138;1.43;29/04/2018
2016;Grado;Finanzas y Contabilidad;Zaragoza;Facultad de Economía y Empresa;Contabilidad financiera II;Normal;Formación básica;64.62;39.62;61.32;212;84;130;1.92;29/04/2018
2016;Grado;Finanzas y Contabilidad;Zaragoza;Facultad de Economía y Empresa;Microeconomía I;Normal;Formación básica;73.55;47.34;64.36;188;89;121;1.91;29/04/2018
2016;Grado;Finanzas y Contabilidad;Zaragoza;Facultad de Economía y Empresa;Matemáticas II;Normal;Formación básica;70.63;47.20;66.82;214;101;143;1.93;29/04/2018
2016;Grado;Finanzas y Contabilidad;Zaragoza;Facultad de Economía y Empresa;Estadística I;Normal;Formación básica;70.00;45.29;64.71;170;77;110;1.40;29/04/2018
2016;Grado;Finanzas y Contabilidad;Zaragoza;Facultad de Economía y Empresa;Estadística II;Normal;Obligatoria;64.55;46.10;71.43;154;71;110;2.03;29/04/2018
2016;Grado;Finanzas y Contabilidad;Zaragoza;Facultad de Economía y Empresa;Fiscalidad de la empresa;Normal;Obligatoria;82.43;63.54;77.08;96;61;74;1.21;29/04/2018
2016;Grado;Finanzas y Contabilidad;Zaragoza;Facultad de Economía y Empresa;Macroeconomia I;Normal;Obligatoria;74.42;50.79;68.25;126;64;86;1.72;29/04/2018
2016;Grado;Finanzas y Contabilidad;Zaragoza;Facultad de Economía y Empresa;Microeconomia II;Normal;Obligatoria;69.47;63.46;91.35;104;66;95;1.44;29/04/2018
2016;Grado;Finanzas y Contabilidad;Zaragoza;Facultad de Economía y Empresa;Organización y gestión interna;Normal;Obligatoria;79.35;69.52;87.62;105;73;92;1.39;29/04/2018
2016;Grado;Finanzas y Contabilidad;Zaragoza;Facultad de Economía y Empresa;Análisis y valoración de las operaciones financieras;Normal;Obligatoria;80.39;56.94;70.83;72;41;51;1.26;29/04/2018
2016;Grado;Finanzas y Contabilidad;Zaragoza;Facultad de Economía y Empresa;Economia española;Normal;Obligatoria;75.32;60.42;80.21;96;58;77;1.73;29/04/2018
2016;Grado;Finanzas y Contabilidad;Zaragoza;Facultad de Economía y Empresa;Estados financieros;Normal;Obligatoria;80.28;63.33;78.89;90;57;71;1.38;29/04/2018
2016;Grado;Finanzas y Contabilidad;Zaragoza;Facultad de Economía y Empresa;Introducción a la investigación de mercados;Normal;Obligatoria;95.65;88.00;92.00;75;66;69;1.24;29/04/2018
2016;Grado;Finanzas y Contabilidad;Zaragoza;Facultad de Economía y Empresa;Macroeconomía II;Normal;Obligatoria;78.95;60.61;76.77;99;60;76;1.35;29/04/2018
2016;Grado;Finanzas y Contabilidad;Zaragoza;Facultad de Economía y Empresa;Análisis financiero;Normal;Obligatoria;75.58;67.01;88.66;97;65;86;1.74;29/04/2018
2016;Grado;Finanzas y Contabilidad;Zaragoza;Facultad de Economía y Empresa;Planificación estratégica;Normal;Obligatoria;92.65;85.14;91.89;74;63;68;1.10;29/04/2018
2016;Grado;Finanzas y Contabilidad;Zaragoza;Facultad de Economía y Empresa;Análisis econométrico;Normal;Obligatoria;97.47;86.52;88.76;89;77;79;1.10;29/04/2018
2016;Grado;Finanzas y Contabilidad;Zaragoza;Facultad de Economía y Empresa;Renta fija y derivados;Normal;Obligatoria;78.82;74.44;94.44;90;67;85;1.40;29/04/2018
2016;Grado;Finanzas y Contabilidad;Zaragoza;Facultad de Economía y Empresa;Gestión financiera;Normal;Obligatoria;92.19;79.73;86.49;74;59;64;1.18;29/04/2018
2016;Grado;Finanzas y Contabilidad;Zaragoza;Facultad de Economía y Empresa;Consolidación de estados financieros;Normal;Obligatoria;78.00;65.55;84.03;120;78;100;1.54;29/04/2018
2016;Grado;Finanzas y Contabilidad;Zaragoza;Facultad de Economía y Empresa;Contabilidad analítica;Normal;Obligatoria;89.47;82.93;92.68;82;68;76;1.29;29/04/2018
2016;Grado;Finanzas y Contabilidad;Zaragoza;Facultad de Economía y Empresa;Planificación fiscal de la empresa;Normal;Obligatoria;81.05;70.00;86.36;111;77;95;1.74;29/04/2018
2016;Grado;Finanzas y Contabilidad;Zaragoza;Facultad de Economía y Empresa;Bolsa y análisis bursátil;Normal;Obligatoria;90.41;84.62;93.59;78;66;73;1.11;29/04/2018
2016;Grado;Finanzas y Contabilidad;Zaragoza;Facultad de Economía y Empresa;Valoración de empresas;Normal;Obligatoria;98.80;96.47;97.65;92;87;90;1.05;29/04/2018
2016;Grado;Finanzas y Contabilidad;Zaragoza;Facultad de Economía y Empresa;Auditoría de estados financieros;Normal;Obligatoria;97.44;96.20;98.73;88;82;87;1.12;29/04/2018
2016;Grado;Finanzas y Contabilidad;Zaragoza;Facultad de Economía y Empresa;Trabajo fin de Grado;Trabajo fin de grado;Trabajo fin de Grado;100.00;63.87;63.87;119;76;76;1.00;29/04/2018
2016;Grado;Finanzas y Contabilidad;Zaragoza;Facultad de Economía y Empresa;Sistemas informativos contables;Normal;Optativa;100.00;100.00;100.00;24;24;24;1.00;29/04/2018
2016;Grado;Finanzas y Contabilidad;Zaragoza;Facultad de Economía y Empresa;Entidades bancarias y sus operaciones;Normal;Optativa;98.08;98.08;100.00;53;52;53;1.00;29/04/2018
2016;Grado;Finanzas y Contabilidad;Zaragoza;Facultad de Economía y Empresa;Gestión de procesos productivos;Normal;Optativa;100.00;100.00;100.00;22;22;22;1.00;29/04/2018
2016;Grado;Finanzas y Contabilidad;Zaragoza;Facultad de Economía y Empresa;Gobierno corporativo y RSC;Normal;Optativa;96.88;96.88;100.00;35;34;35;1.06;29/04/2018
2016;Grado;Finanzas y Contabilidad;Zaragoza;Facultad de Economía y Empresa;Sistemas decisionales;Normal;Optativa;100.00;96.15;96.15;29;28;28;1.04;29/04/2018
2016;Grado;Finanzas y Contabilidad;Zaragoza;Facultad de Economía y Empresa;Sistemas de información para el marketing;Normal;Optativa;100.00;96.43;96.43;36;34;34;1.00;29/04/2018
2016;Grado;Finanzas y Contabilidad;Zaragoza;Facultad de Economía y Empresa;Operaciones actuariales y de seguros;Normal;Optativa;100.00;89.66;89.66;30;27;27;1.07;29/04/2018
2016;Grado;Finanzas y Contabilidad;Zaragoza;Facultad de Economía y Empresa;Análisis contable de las administraciones públicas;Normal;Optativa;96.43;96.43;100.00;30;29;30;1.07;29/04/2018
2016;Grado;Finanzas y Contabilidad;Zaragoza;Facultad de Economía y Empresa;Derecho financiero;Normal;Optativa;100.00;100.00;100.00;7;7;7;1.00;29/04/2018
2016;Grado;Finanzas y Contabilidad;Zaragoza;Facultad de Economía y Empresa;Información para empresas con actividad exterior;Normal;Optativa;100.00;100.00;100.00;38;37;38;1.03;29/04/2018
2016;Grado;Finanzas y Contabilidad;Zaragoza;Facultad de Economía y Empresa;Prácticas en empresa I;Prácticas externas;Optativa;100.00;83.33;83.33;12;10;10;1.00;29/04/2018
2016;Grado;Finanzas y Contabilidad;Zaragoza;Facultad de Economía y Empresa;Análisis estadístico en finanzas;Normal;Optativa;100.00;86.67;86.67;17;14;15;1.00;29/04/2018
2016;Grado;Finanzas y Contabilidad;Zaragoza;Facultad de Economía y Empresa;Contabilidad y finanzas sociales;Normal;Optativa;100.00;100.00;100.00;30;29;29;1.00;29/04/2018
2016;Grado;Finanzas y Contabilidad;Zaragoza;Facultad de Economía y Empresa;Gestión de carteras;Normal;Optativa;100.00;97.56;97.56;45;44;44;1.00;29/04/2018
2016;Grado;Finanzas y Contabilidad;Zaragoza;Facultad de Economía y Empresa;Ingeniería financiera;Normal;Optativa;93.33;82.35;88.24;53;43;47;1.02;29/04/2018
2016;Grado;Finanzas y Contabilidad;Zaragoza;Facultad de Economía y Empresa;Derecho concursal;Normal;Optativa;94.44;89.47;94.74;19;17;18;1.00;29/04/2018
2016;Grado;Finanzas y Contabilidad;Zaragoza;Facultad de Economía y Empresa;Coyuntura económica;Normal;Optativa;100.00;100.00;100.00;19;18;19;1.06;29/04/2018
2016;Grado;Finanzas y Contabilidad;Zaragoza;Facultad de Economía y Empresa;Lengua extranjera para finanzas y contabilidad (inglés);Normal;Optativa;96.97;91.43;94.29;36;33;34;1.29;29/04/2018
2016;Grado;Finanzas y Contabilidad;Zaragoza;Facultad de Economía y Empresa;Lengua extranjera para finanzas y contabilidad (francés);Normal;Optativa;100.00;100.00;100.00;2;2;2;1.00;29/04/2018
2016;Grado;Finanzas y Contabilidad;Zaragoza;Facultad de Economía y Empresa;Derecho de sociedades;Normal;Optativa;100.00;100.00;100.00;6;6;6;1.00;29/04/2018
2016;Grado;Finanzas y Contabilidad;Zaragoza;Facultad de Economía y Empresa;Contabilidad de sociedades y otras entidades;Normal;Optativa;96.15;83.33;86.67;33;26;27;1.11;29/04/2018
2016;Grado;Finanzas y Contabilidad;Zaragoza;Facultad de Economía y Empresa;Prácticas en empresa II;Prácticas externas;Optativa;100.00;100.00;100.00;6;6;6;1.00;29/04/2018
2016;Grado;Finanzas y Contabilidad;Zaragoza;Facultad de Economía y Empresa;Prácticas en empresa;Prácticas externas;Optativa;100.00;95.45;95.45;22;21;21;1.00;29/04/2018
2016;Grado;Marketing e Investigación de Mercados;Zaragoza;Facultad de Economía y Empresa;Fundamentos de administración y direccion de empresas;Normal;Formación básica;76.60;66.26;86.50;163;108;141;1.46;29/04/2018
2016;Grado;Marketing e Investigación de Mercados;Zaragoza;Facultad de Economía y Empresa;Contabilidad financiera I;Normal;Formación básica;64.75;52.94;81.76;170;90;139;1.65;29/04/2018
2016;Grado;Marketing e Investigación de Mercados;Zaragoza;Facultad de Economía y Empresa;Matemáticas I;Normal;Formación básica;50.32;34.82;69.20;224;78;155;2.01;29/04/2018
2016;Grado;Marketing e Investigación de Mercados;Zaragoza;Facultad de Economía y Empresa;Introducción al márketing;Normal;Formación básica;93.22;88.71;95.16;124;110;118;1.08;29/04/2018
2016;Grado;Marketing e Investigación de Mercados;Zaragoza;Facultad de Economía y Empresa;Introducción al derecho;Normal;Formación básica;83.21;75.69;90.97;144;109;131;1.20;29/04/2018
2016;Grado;Marketing e Investigación de Mercados;Zaragoza;Facultad de Economía y Empresa;Historia económica y economía mundial;Normal;Formación básica;81.48;70.97;87.10;186;132;162;1.52;29/04/2018
2016;Grado;Marketing e Investigación de Mercados;Zaragoza;Facultad de Economía y Empresa;Contabilidad financiera II;Normal;Formación básica;63.46;41.77;65.82;237;99;156;1.84;29/04/2018
2016;Grado;Marketing e Investigación de Mercados;Zaragoza;Facultad de Economía y Empresa;Microeconomia I;Normal;Formación básica;65.69;44.12;67.16;204;90;137;1.62;29/04/2018
2016;Grado;Marketing e Investigación de Mercados;Zaragoza;Facultad de Economía y Empresa;Matemáticas II;Normal;Formación básica;57.43;39.35;68.52;216;85;148;1.68;29/04/2018
2016;Grado;Marketing e Investigación de Mercados;Zaragoza;Facultad de Economía y Empresa;Estadística I;Normal;Formación básica;66.92;47.34;70.74;188;89;133;1.37;29/04/2018
2016;Grado;Marketing e Investigación de Mercados;Zaragoza;Facultad de Economía y Empresa;Estadística II;Normal;Obligatoria;84.15;68.66;81.59;201;138;164;1.78;29/04/2018
2016;Grado;Marketing e Investigación de Mercados;Zaragoza;Facultad de Economía y Empresa;Fiscalidad de la empresa;Normal;Obligatoria;83.33;70.90;85.07;134;95;114;1.30;29/04/2018
2016;Grado;Marketing e Investigación de Mercados;Zaragoza;Facultad de Economía y Empresa;Macroeconomía I;Normal;Obligatoria;60.77;48.47;79.75;163;79;130;1.39;29/04/2018
2016;Grado;Marketing e Investigación de Mercados;Zaragoza;Facultad de Economía y Empresa;Microeconomia II;Normal;Obligatoria;67.91;61.90;91.16;147;91;134;1.58;29/04/2018
2016;Grado;Marketing e Investigación de Mercados;Zaragoza;Facultad de Economía y Empresa;Organización y gestión interna;Normal;Obligatoria;91.38;80.30;87.88;132;106;116;1.36;29/04/2018
2016;Grado;Marketing e Investigación de Mercados;Zaragoza;Facultad de Economía y Empresa;Análisis y valoración de las operaciones financieras;Normal;Obligatoria;64.04;45.24;70.63;126;57;89;1.32;29/04/2018
2016;Grado;Marketing e Investigación de Mercados;Zaragoza;Facultad de Economía y Empresa;Economia española;Normal;Obligatoria;74.31;62.79;84.50;129;81;109;1.87;29/04/2018
2016;Grado;Marketing e Investigación de Mercados;Zaragoza;Facultad de Economía y Empresa;Estados financieros;Normal;Obligatoria;81.55;66.14;81.10;127;84;103;1.32;29/04/2018
2016;Grado;Marketing e Investigación de Mercados;Zaragoza;Facultad de Economía y Empresa;Introducción a la investigación de mercados;Normal;Obligatoria;100.00;97.87;97.87;94;92;92;1.02;29/04/2018
2016;Grado;Marketing e Investigación de Mercados;Zaragoza;Facultad de Economía y Empresa;Macroeconomía II;Normal;Obligatoria;73.64;57.86;78.57;140;81;110;1.26;29/04/2018
2016;Grado;Marketing e Investigación de Mercados;Zaragoza;Facultad de Economía y Empresa;Investigación de mercados I;Normal;Obligatoria;95.65;92.63;96.84;98;89;95;1.08;29/04/2018
2016;Grado;Marketing e Investigación de Mercados;Zaragoza;Facultad de Economía y Empresa;Análisis de datos y técnicas multivariantes;Normal;Obligatoria;93.48;86.00;92.00;103;89;95;1.17;29/04/2018
2016;Grado;Marketing e Investigación de Mercados;Zaragoza;Facultad de Economía y Empresa;Comportamiento del cliente;Normal;Obligatoria;79.81;79.81;100.00;107;86;107;1.53;29/04/2018
2016;Grado;Marketing e Investigación de Mercados;Zaragoza;Facultad de Economía y Empresa;Sociología del consumo;Normal;Obligatoria;95.56;91.49;95.74;98;90;94;1.18;29/04/2018
2016;Grado;Marketing e Investigación de Mercados;Zaragoza;Facultad de Economía y Empresa;Decisiones sobre producto y marca;Normal;Obligatoria;95.45;92.92;97.35;117;109;114;1.21;29/04/2018
2016;Grado;Marketing e Investigación de Mercados;Zaragoza;Facultad de Economía y Empresa;Investigación de mercados II;Normal;Obligatoria;95.40;88.30;92.55;95;84;88;1.12;29/04/2018
2016;Grado;Marketing e Investigación de Mercados;Zaragoza;Facultad de Economía y Empresa;Decisiones sobre distribución comercial;Normal;Obligatoria;95.29;93.10;97.70;90;84;88;1.15;29/04/2018
2016;Grado;Marketing e Investigación de Mercados;Zaragoza;Facultad de Economía y Empresa;Decisiones sobre gestión comercial de precios;Normal;Obligatoria;90.48;83.33;92.11;115;96;106;1.50;29/04/2018
2016;Grado;Marketing e Investigación de Mercados;Zaragoza;Facultad de Economía y Empresa;Decisiones sobre comunicación comercial;Normal;Obligatoria;96.43;93.10;96.55;90;84;87;1.02;29/04/2018
2016;Grado;Marketing e Investigación de Mercados;Zaragoza;Facultad de Economía y Empresa;Econometría;Normal;Obligatoria;98.90;95.74;96.81;95;90;91;1.01;29/04/2018
2016;Grado;Marketing e Investigación de Mercados;Zaragoza;Facultad de Economía y Empresa;Plan de marketing;Normal;Obligatoria;97.73;93.48;95.65;110;104;106;1.12;29/04/2018
2016;Grado;Marketing e Investigación de Mercados;Zaragoza;Facultad de Economía y Empresa;Dirección de equipos;Normal;Obligatoria;95.29;92.05;96.59;106;98;103;1.05;29/04/2018
2016;Grado;Marketing e Investigación de Mercados;Zaragoza;Facultad de Economía y Empresa;Trabajo fin de Grado;Trabajo fin de grado;Trabajo fin de Grado;99.21;76.69;77.30;163;125;126;1.01;29/04/2018
2016;Grado;Marketing e Investigación de Mercados;Zaragoza;Facultad de Economía y Empresa;Marketing estratégico;Normal;Optativa;100.00;100.00;100.00;69;69;69;1.13;29/04/2018
2016;Grado;Marketing e Investigación de Mercados;Zaragoza;Facultad de Economía y Empresa;Comunicación corporativa;Normal;Optativa;100.00;100.00;100.00;72;72;72;1.01;29/04/2018
2016;Grado;Marketing e Investigación de Mercados;Zaragoza;Facultad de Economía y Empresa;Dirección de ventas;Normal;Optativa;95.45;95.45;100.00;34;32;34;1.03;29/04/2018
2016;Grado;Marketing e Investigación de Mercados;Zaragoza;Facultad de Economía y Empresa;Marketing de organizaciones de servicios;Normal;Optativa;100.00;100.00;100.00;36;36;36;1.03;29/04/2018
2016;Grado;Marketing e Investigación de Mercados;Zaragoza;Facultad de Economía y Empresa;Márketing público y no lucrativo;Normal;Optativa;100.00;100.00;100.00;11;11;11;1.00;29/04/2018
2016;Grado;Marketing e Investigación de Mercados;Zaragoza;Facultad de Economía y Empresa;Marketing y responsabilidad social corporativa;Normal;Optativa;100.00;95.00;95.00;31;29;30;1.03;29/04/2018
2016;Grado;Marketing e Investigación de Mercados;Zaragoza;Facultad de Economía y Empresa;e-Márketing;Normal;Optativa;98.33;98.33;100.00;68;67;68;1.00;29/04/2018
2016;Grado;Marketing e Investigación de Mercados;Zaragoza;Facultad de Economía y Empresa;Las TIC y su aplicación al márketing;Normal;Optativa;100.00;100.00;100.00;82;81;81;1.00;29/04/2018
2016;Grado;Marketing e Investigación de Mercados;Zaragoza;Facultad de Economía y Empresa;Técnicas sociológicas de negociación comercial;Normal;Optativa;100.00;100.00;100.00;55;54;55;1.02;29/04/2018
2016;Grado;Marketing e Investigación de Mercados;Zaragoza;Facultad de Economía y Empresa;Políticas de comercio internacional;Normal;Optativa;100.00;100.00;100.00;27;27;27;1.07;29/04/2018
2016;Grado;Marketing e Investigación de Mercados;Zaragoza;Facultad de Economía y Empresa;Plan de internacionalización de la empresa;Normal;Optativa;100.00;100.00;100.00;50;50;50;1.00;29/04/2018
2016;Grado;Marketing e Investigación de Mercados;Zaragoza;Facultad de Economía y Empresa;Estrategias de crecimiento empresarial;Normal;Optativa;100.00;100.00;100.00;41;37;37;1.08;29/04/2018
2016;Grado;Marketing e Investigación de Mercados;Zaragoza;Facultad de Economía y Empresa;Métodos estadísticos en investigación de mercados;Normal;Optativa;100.00;93.75;93.75;22;21;21;1.00;29/04/2018
2016;Grado;Marketing e Investigación de Mercados;Zaragoza;Facultad de Economía y Empresa;Prácticas en empresa I;Prácticas externas;Optativa;100.00;100.00;100.00;11;11;11;1.00;29/04/2018
2016;Grado;Marketing e Investigación de Mercados;Zaragoza;Facultad de Economía y Empresa;Simulación comercial;Normal;Optativa;100.00;98.28;98.28;67;66;66;1.00;29/04/2018
2016;Grado;Marketing e Investigación de Mercados;Zaragoza;Facultad de Economía y Empresa;Marketing internacional;Normal;Optativa;100.00;97.30;97.30;53;51;52;1.02;29/04/2018
2016;Grado;Marketing e Investigación de Mercados;Zaragoza;Facultad de Economía y Empresa;Sistemas de información y bases de datos;Normal;Optativa;100.00;94.44;94.44;22;21;21;1.00;29/04/2018
2016;Grado;Marketing e Investigación de Mercados;Zaragoza;Facultad de Economía y Empresa;Gestión de la innovación;Normal;Optativa;95.45;80.77;84.62;34;29;30;1.00;29/04/2018
2016;Grado;Marketing e Investigación de Mercados;Zaragoza;Facultad de Economía y Empresa;Lengua extranjera para marketing (inglés);Normal;Optativa;86.84;80.49;92.68;45;37;42;1.04;29/04/2018
2016;Grado;Marketing e Investigación de Mercados;Zaragoza;Facultad de Economía y Empresa;Lengua extranjera para márketing (francés);Normal;Optativa;100.00;50.00;50.00;5;4;4;1.00;29/04/2018
2016;Grado;Marketing e Investigación de Mercados;Zaragoza;Facultad de Economía y Empresa;Lengua extranjera para marketing (alemán);Normal;Optativa;100.00;100.00;100.00;3;3;3;1.00;29/04/2018
2016;Grado;Marketing e Investigación de Mercados;Zaragoza;Facultad de Economía y Empresa;Prácticas en empresa II;Prácticas externas;Optativa;100.00;100.00;100.00;5;5;5;1.00;29/04/2018
2016;Grado;Marketing e Investigación de Mercados;Zaragoza;Facultad de Economía y Empresa;Prácticas en empresa;Prácticas externas;Optativa;100.00;100.00;100.00;24;24;24;1.00;29/04/2018
2016;Grado;Derecho;Zaragoza;Facultad de Derecho;Formación histórica del Derecho en España;Normal;Formación básica;84.82;76.00;89.60;376;286;337;1.36;29/04/2018
2016;Grado;Derecho;Zaragoza;Facultad de Derecho;Derecho romano;Normal;Formación básica;95.36;91.14;95.57;317;289;303;1.09;29/04/2018
2016;Grado;Derecho;Zaragoza;Facultad de Derecho;Introducción a la economía;Normal;Formación básica;84.54;79.06;93.51;339;268;317;1.26;29/04/2018
2016;Grado;Derecho;Zaragoza;Facultad de Derecho;Fundamentos de Derecho constitucional;Normal;Formación básica;94.86;89.94;94.82;328;295;311;1.19;29/04/2018
2016;Grado;Derecho;Zaragoza;Facultad de Derecho;Teoría del Derecho;Normal;Formación básica;85.92;79.84;92.92;367;293;341;1.39;29/04/2018
2016;Grado;Derecho;Zaragoza;Facultad de Derecho;Derecho civil: persona y bienes;Normal;Formación básica;82.21;76.79;93.41;349;268;326;1.29;29/04/2018
2016;Grado;Derecho;Zaragoza;Facultad de Derecho;Derecho internacional público;Normal;Formación básica;84.91;76.53;90.13;376;288;339;1.30;29/04/2018
2016;Grado;Derecho;Zaragoza;Facultad de Derecho;Derecho constitucional I;Normal;Formación básica;88.33;80.69;91.35;347;280;317;1.27;29/04/2018
2016;Grado;Derecho;Zaragoza;Facultad de Derecho;Libertad de creencias e interculturalidad;Normal;Optativa;90.34;77.98;86.31;168;131;145;1.11;29/04/2018
2016;Grado;Derecho;Zaragoza;Facultad de Derecho;Instituciones de la Unión Europea;Normal;Formación básica;92.73;88.16;95.07;306;270;291;1.27;29/04/2018
2016;Grado;Derecho;Zaragoza;Facultad de Derecho;Derecho penal. Parte general;Normal;Obligatoria;89.43;83.47;93.33;377;315;352;1.57;29/04/2018
2016;Grado;Derecho;Zaragoza;Facultad de Derecho;Derecho constitucional II;Normal;Obligatoria;71.01;64.17;90.37;374;240;338;1.71;29/04/2018
2016;Grado;Derecho;Zaragoza;Facultad de Derecho;Derecho civil: obligaciones y contratos;Normal;Obligatoria;93.31;91.18;97.71;306;279;299;1.16;29/04/2018
2016;Grado;Derecho;Zaragoza;Facultad de Derecho;Derecho penal. Parte especial;Normal;Obligatoria;82.65;75.47;91.30;322;243;294;1.24;29/04/2018
2016;Grado;Derecho;Zaragoza;Facultad de Derecho;Derecho administrativo general;Normal;Obligatoria;80.06;70.16;87.63;377;266;331;1.57;29/04/2018
2016;Grado;Derecho;Zaragoza;Facultad de Derecho;Derecho individual y colectivo del trabajo;Normal;Obligatoria;76.29;70.51;92.42;358;253;331;1.47;29/04/2018
2016;Grado;Derecho;Zaragoza;Facultad de Derecho;Derecho de la protección social;Normal;Obligatoria;89.77;83.45;92.96;315;267;294;1.30;29/04/2018
2016;Grado;Derecho;Zaragoza;Facultad de Derecho;Derecho procesal I;Normal;Obligatoria;66.88;61.68;92.22;362;232;335;1.55;29/04/2018
2016;Grado;Derecho;Zaragoza;Facultad de Derecho;Derecho mercantil I;Normal;Obligatoria;84.39;76.17;90.27;324;252;294;1.28;29/04/2018
2016;Grado;Derecho;Zaragoza;Facultad de Derecho;Derecho de familia y sucesiones;Normal;Obligatoria;94.49;92.11;97.49;300;276;293;1.23;29/04/2018
2016;Grado;Derecho;Zaragoza;Facultad de Derecho;Derecho financiero y tributario;Normal;Obligatoria;93.31;86.85;93.08;312;273;292;1.23;29/04/2018
2016;Grado;Derecho;Zaragoza;Facultad de Derecho;Derecho administrativo. Parte especial;Normal;Obligatoria;91.91;86.81;94.44;312;274;296;1.20;29/04/2018
2016;Grado;Derecho;Zaragoza;Facultad de Derecho;Derecho mercantil II;Normal;Obligatoria;86.51;76.92;88.92;355;278;318;1.40;29/04/2018
2016;Grado;Derecho;Zaragoza;Facultad de Derecho;Derecho civil aragonés;Normal;Obligatoria;85.97;82.70;96.19;308;258;297;1.26;29/04/2018
2016;Grado;Derecho;Zaragoza;Facultad de Derecho;Derecho y ética;Normal;Obligatoria;98.51;97.06;98.53;311;302;307;1.06;29/04/2018
2016;Grado;Derecho;Zaragoza;Facultad de Derecho;Derecho financiero y tributario II;Normal;Obligatoria;94.85;92.93;97.98;346;323;339;1.32;29/04/2018
2016;Grado;Derecho;Zaragoza;Facultad de Derecho;Derecho procesal II;Normal;Obligatoria;94.76;93.01;98.16;310;290;304;1.19;29/04/2018
2016;Grado;Derecho;Zaragoza;Facultad de Derecho;Derecho ambiental;Normal;Optativa;99.35;93.90;94.51;192;181;183;1.18;29/04/2018
2016;Grado;Derecho;Zaragoza;Facultad de Derecho;Derecho administrativo territorial económico;Normal;Optativa;89.47;81.60;91.20;137;113;126;1.24;29/04/2018
2016;Grado;Derecho;Zaragoza;Facultad de Derecho;Derecho internacional privado;Normal;Obligatoria;91.24;87.41;95.80;320;283;307;1.26;29/04/2018
2016;Grado;Derecho;Zaragoza;Facultad de Derecho;Técnicas económicas para juristas;Normal;Optativa;96.72;95.16;98.39;135;128;133;1.08;29/04/2018
2016;Grado;Derecho;Zaragoza;Facultad de Derecho;Contabilidad para juristas;Normal;Optativa;93.88;90.20;96.08;54;49;52;1.14;29/04/2018
2016;Grado;Derecho;Zaragoza;Facultad de Derecho;Derecho de la competencia;Normal;Optativa;88.76;88.76;100.00;97;86;96;1.08;29/04/2018
2016;Grado;Derecho;Zaragoza;Facultad de Derecho;Sociología jurídica;Normal;Optativa;98.72;91.67;92.86;95;86;88;1.01;29/04/2018
2016;Grado;Derecho;Zaragoza;Facultad de Derecho;Interpretación y argumentación jurídicas;Normal;Optativa;94.44;89.47;94.74;106;96;101;1.17;29/04/2018
2016;Grado;Derecho;Zaragoza;Facultad de Derecho;Técnicas de comunicación y expresión para juristas;Normal;Optativa;100.00;91.30;91.30;52;47;48;1.00;29/04/2018
2016;Grado;Derecho;Zaragoza;Facultad de Derecho;Prácticum;Prácticas externas;Obligatoria;100.00;97.56;97.56;287;280;280;1.00;29/04/2018
2016;Grado;Derecho;Zaragoza;Facultad de Derecho;Trabajo fin de Grado;Trabajo fin de grado;Trabajo fin de Grado;99.31;78.53;79.08;368;289;291;1.02;29/04/2018
2016;Grado;Derecho;Zaragoza;Facultad de Derecho;Derecho eclesiástico del Estado;Normal;Optativa;85.42;78.47;91.87;209;164;192;1.43;29/04/2018
2016;Grado;Estudios Ingleses;Zaragoza;Facultad de Filosofía y Letras;Lengua inglesa I;Normal;Formación básica;82.47;80.00;97.00;100;80;97;1.20;29/04/2018
2016;Grado;Estudios Ingleses;Zaragoza;Facultad de Filosofía y Letras;Segunda lengua I: francés;Normal;No Informado;93.33;84.00;90.00;50;42;45;1.08;29/04/2018
2016;Grado;Estudios Ingleses;Zaragoza;Facultad de Filosofía y Letras;Segunda lengua I: alemán;Normal;No Informado;100.00;90.63;90.63;32;29;29;1.00;29/04/2018
2016;Grado;Estudios Ingleses;Zaragoza;Facultad de Filosofía y Letras;Segunda lengua I: italiano;Normal;Optativa;55.56;52.63;94.74;19;10;18;1.30;29/04/2018
2016;Grado;Estudios Ingleses;Zaragoza;Facultad de Filosofía y Letras;Segunda lengua I: árabe moderno;Normal;Optativa;100.00;66.67;66.67;3;2;2;1.50;29/04/2018
2016;Grado;Estudios Ingleses;Zaragoza;Facultad de Filosofía y Letras;Comentario de textos literarios en lengua inglesa;Normal;Formación básica;74.56;65.38;87.69;130;85;114;1.59;29/04/2018
2016;Grado;Estudios Ingleses;Zaragoza;Facultad de Filosofía y Letras;Gramática inglesa I;Normal;Obligatoria;86.87;75.44;86.84;114;86;99;1.23;29/04/2018
2016;Grado;Estudios Ingleses;Zaragoza;Facultad de Filosofía y Letras;Historia y cultura del Reino Unido;Normal;Obligatoria;80.56;74.36;92.31;117;87;108;1.35;29/04/2018
2016;Grado;Estudios Ingleses;Zaragoza;Facultad de Filosofía y Letras;Lengua inglesa II;Normal;Formación básica;78.38;71.90;91.74;121;87;111;1.58;29/04/2018
2016;Grado;Estudios Ingleses;Zaragoza;Facultad de Filosofía y Letras;Segunda lengua II: francés;Normal;No Informado;90.70;70.91;78.18;55;39;43;1.23;29/04/2018
2016;Grado;Estudios Ingleses;Zaragoza;Facultad de Filosofía y Letras;Segunda lengua II: alemán;Normal;No Informado;87.10;75.00;86.11;36;27;31;1.14;29/04/2018
2016;Grado;Estudios Ingleses;Zaragoza;Facultad de Filosofía y Letras;Segunda lengua II: italiano;Normal;Optativa;54.55;33.33;61.11;18;6;11;1.00;29/04/2018
2016;Grado;Estudios Ingleses;Zaragoza;Facultad de Filosofía y Letras;Segunda lengua II: árabe moderno;Normal;Optativa;100.00;66.67;66.67;3;2;2;1.00;29/04/2018
2016;Grado;Estudios Ingleses;Zaragoza;Facultad de Filosofía y Letras;Literatura inglesa I;Normal;Obligatoria;72.53;58.93;81.25;112;66;91;1.32;29/04/2018
2016;Grado;Estudios Ingleses;Zaragoza;Facultad de Filosofía y Letras;Fonética y fonología del inglés I;Normal;Obligatoria;79.09;62.59;79.14;139;87;110;1.48;29/04/2018
2016;Grado;Estudios Ingleses;Zaragoza;Facultad de Filosofía y Letras;Lengua española;Normal;Formación básica;90.57;77.42;85.48;124;96;106;1.49;29/04/2018
2016;Grado;Estudios Ingleses;Zaragoza;Facultad de Filosofía y Letras;Inglés académico I;Normal;Formación básica;74.31;69.23;93.16;117;81;109;1.41;29/04/2018
2016;Grado;Estudios Ingleses;Zaragoza;Facultad de Filosofía y Letras;Comentario de textos audiovisuales en lengua inglesa I;Normal;Formación básica;74.19;69.00;93.00;100;69;93;1.17;29/04/2018
2016;Grado;Estudios Ingleses;Zaragoza;Facultad de Filosofía y Letras;Literatura inglesa II;Normal;Obligatoria;84.21;74.07;87.96;108;80;95;1.17;29/04/2018
2016;Grado;Estudios Ingleses;Zaragoza;Facultad de Filosofía y Letras;Fonética y fonología del inglés II;Normal;Obligatoria;78.43;66.67;85.00;120;80;102;1.49;29/04/2018
2016;Grado;Estudios Ingleses;Zaragoza;Facultad de Filosofía y Letras;Historia y cultura de Estados Unidos;Normal;Obligatoria;63.37;51.61;81.45;125;65;102;1.45;29/04/2018
2016;Grado;Estudios Ingleses;Zaragoza;Facultad de Filosofía y Letras;Literatura contemporánea en español;Normal;Formación básica;88.89;75.79;85.26;95;72;81;1.05;29/04/2018
2016;Grado;Estudios Ingleses;Zaragoza;Facultad de Filosofía y Letras;Lengua inglesa III;Normal;Formación básica;98.78;88.04;89.13;92;81;82;1.04;29/04/2018
2016;Grado;Estudios Ingleses;Zaragoza;Facultad de Filosofía y Letras;Gramática inglesa II;Normal;Obligatoria;81.25;69.64;85.71;112;78;96;1.35;29/04/2018
2016;Grado;Estudios Ingleses;Zaragoza;Facultad de Filosofía y Letras;Literatura norteamericana I;Normal;Obligatoria;82.11;69.03;84.07;113;78;95;1.30;29/04/2018
2016;Grado;Estudios Ingleses;Zaragoza;Facultad de Filosofía y Letras;Comentario de textos audiovisuales en lengua inglesa II;Normal;Obligatoria;92.22;83.84;90.91;99;83;90;1.20;29/04/2018
2016;Grado;Estudios Ingleses;Zaragoza;Facultad de Filosofía y Letras;Inglés académico II;Normal;Obligatoria;80.77;73.68;91.23;71;56;66;1.31;29/04/2018
2016;Grado;Estudios Ingleses;Zaragoza;Facultad de Filosofía y Letras;Aprendizaje y adquisición del inglés como lengua extranjera;Normal;Obligatoria;77.61;66.67;85.90;89;63;78;1.48;29/04/2018
2016;Grado;Estudios Ingleses;Zaragoza;Facultad de Filosofía y Letras;Literatura inglesa III;Normal;Obligatoria;83.61;75.00;89.71;84;67;77;1.13;29/04/2018
2016;Grado;Estudios Ingleses;Zaragoza;Facultad de Filosofía y Letras;Literatura norteamericana II;Normal;Obligatoria;75.41;65.71;87.14;88;64;79;1.44;29/04/2018
2016;Grado;Estudios Ingleses;Zaragoza;Facultad de Filosofía y Letras;Lengua inglesa IV;Normal;Obligatoria;85.51;84.29;98.57;78;67;77;1.27;29/04/2018
2016;Grado;Estudios Ingleses;Zaragoza;Facultad de Filosofía y Letras;Literatura inglesa IV;Normal;Obligatoria;77.97;63.01;80.82;82;55;68;1.26;29/04/2018
2016;Grado;Estudios Ingleses;Zaragoza;Facultad de Filosofía y Letras;Literatura norteamericana III;Normal;Obligatoria;81.16;70.00;86.25;90;66;79;1.31;29/04/2018
2016;Grado;Estudios Ingleses;Zaragoza;Facultad de Filosofía y Letras;Historia de la lengua inglesa;Normal;Obligatoria;69.86;60.00;85.88;99;65;87;1.75;29/04/2018
2016;Grado;Estudios Ingleses;Zaragoza;Facultad de Filosofía y Letras;Lengua inglesa V;Normal;Obligatoria;93.85;88.41;94.20;85;77;81;1.14;29/04/2018
2016;Grado;Estudios Ingleses;Zaragoza;Facultad de Filosofía y Letras;Literatura inglesa V;Normal;Obligatoria;85.48;72.60;84.93;92;72;81;1.41;29/04/2018
2016;Grado;Estudios Ingleses;Zaragoza;Facultad de Filosofía y Letras;Literatura norteamericana IV;Normal;Obligatoria;87.27;80.00;91.67;78;66;73;1.07;29/04/2018
2016;Grado;Estudios Ingleses;Zaragoza;Facultad de Filosofía y Letras;Lengua inglesa VI;Normal;Obligatoria;98.51;98.51;100.00;77;76;77;1.14;29/04/2018
2016;Grado;Estudios Ingleses;Zaragoza;Facultad de Filosofía y Letras;Otras literaturas en lengua inglesa;Normal;Obligatoria;92.54;83.78;90.54;84;71;76;1.12;29/04/2018
2016;Grado;Estudios Ingleses;Zaragoza;Facultad de Filosofía y Letras;Trabajo fin de Grado;Trabajo fin de grado;Trabajo fin de Grado;100.00;66.67;66.67;90;60;60;1.02;29/04/2018
2016;Grado;Estudios Ingleses;Zaragoza;Facultad de Filosofía y Letras;Cultura popular en los países de habla inglesa;Normal;Optativa;91.43;91.43;100.00;43;40;43;1.18;29/04/2018
2016;Grado;Estudios Ingleses;Zaragoza;Facultad de Filosofía y Letras;Géneros literarios en la literatura inglesa I;Normal;Optativa;100.00;71.43;71.43;15;12;12;1.00;29/04/2018
2016;Movilidad de entrada;Movilidad para 1º y 2º ciclo y grado;Zaragoza;Facultad de Filosofía y Letras;Géneros literarios en la literatura inglesa I;Normal;Optativa;;;;3;2;2;1.00;29/04/2018
2016;Grado;Estudios Ingleses;Zaragoza;Facultad de Filosofía y Letras;Inglés moderno;Normal;Optativa;100.00;93.75;93.75;25;24;24;1.04;29/04/2018
2016;Grado;Estudios Ingleses;Zaragoza;Facultad de Filosofía y Letras;Lingüística contrastiva aplicada a la traducción;Normal;Optativa;97.50;95.12;97.56;42;40;41;1.10;29/04/2018
2016;Grado;Estudios Ingleses;Zaragoza;Facultad de Filosofía y Letras;Pragmática de la comunicación;Normal;Optativa;100.00;100.00;100.00;14;14;14;1.06;29/04/2018
2016;Grado;Estudios Ingleses;Zaragoza;Facultad de Filosofía y Letras;Tendencias y contextos del cine en lengua inglesa I;Normal;Optativa;97.14;97.14;100.00;40;39;40;1.05;29/04/2018
2016;Grado;Estudios Ingleses;Zaragoza;Facultad de Filosofía y Letras;Traducción de textos literarios y audiovisuales;Normal;Optativa;92.86;86.67;93.33;34;30;32;1.06;29/04/2018
2016;Grado;Estudios Ingleses;Zaragoza;Facultad de Filosofía y Letras;Comunicación académica y lingüística intercultural;Normal;Optativa;100.00;100.00;100.00;18;18;18;1.00;29/04/2018
2016;Grado;Estudios Ingleses;Zaragoza;Facultad de Filosofía y Letras;Diseño de actividades de aprendizaje del inglés como lengua extranjera;Normal;Optativa;78.26;66.67;85.19;60;42;52;1.20;29/04/2018
2016;Grado;Estudios Ingleses;Zaragoza;Facultad de Filosofía y Letras;Géneros literarios en la literatura inglesa II;Normal;Optativa;55.56;45.45;81.82;16;9;13;1.10;29/04/2018
2016;Grado;Estudios Ingleses;Zaragoza;Facultad de Filosofía y Letras;Literatura irlandesa;Normal;Optativa;;;;1;1;1;1.00;29/04/2018
2016;Grado;Estudios Ingleses;Zaragoza;Facultad de Filosofía y Letras;Narrativa norteamericana contemporánea;Normal;Optativa;81.82;81.82;100.00;13;10;12;1.30;29/04/2018
2016;Grado;Estudios Ingleses;Zaragoza;Facultad de Filosofía y Letras;Tendencias y contextos del cine en lengua inglesa II;Normal;Optativa;100.00;93.55;93.55;31;29;29;1.07;29/04/2018
2016;Grado;Estudios Ingleses;Zaragoza;Facultad de Filosofía y Letras;Traducción de textos profesionales y académicos;Normal;Optativa;93.33;91.30;97.83;49;45;48;1.10;29/04/2018
2016;Grado;Estudios Ingleses;Zaragoza;Facultad de Filosofía y Letras;Variedades geográficas de la lengua inglesa;Normal;Optativa;100.00;86.36;86.36;29;26;26;1.00;29/04/2018
2016;Grado;Estudios Clásicos;Zaragoza;Facultad de Filosofía y Letras;Introducción a la lengua latina;Normal;Formación básica;100.00;95.24;95.24;21;20;20;1.05;29/04/2018
2016;Grado;Estudios Clásicos;Zaragoza;Facultad de Filosofía y Letras;Técnicas de análisis e interpretación de textos;Normal;Formación básica;84.21;80.00;95.00;20;16;19;1.18;29/04/2018
2016;Grado;Estudios Clásicos;Zaragoza;Facultad de Filosofía y Letras;Teoría de la literatura;Normal;Formación básica;62.50;57.69;92.31;26;15;24;1.31;29/04/2018
2016;Grado;Estudios Clásicos;Zaragoza;Facultad de Filosofía y Letras;Introducción a la literatura latina;Normal;Formación básica;91.30;84.00;92.00;25;21;23;1.36;29/04/2018
2016;Grado;Estudios Clásicos;Zaragoza;Facultad de Filosofía y Letras;Literatura comparada;Normal;Formación básica;94.44;70.83;75.00;24;17;18;1.11;29/04/2018
2016;Grado;Estudios Clásicos;Zaragoza;Facultad de Filosofía y Letras;Introducción a las literaturas hispánicas: edición y nuevas tecnologías;Normal;Formación básica;88.89;69.57;78.26;23;16;18;1.06;29/04/2018
2016;Grado;Estudios Clásicos;Zaragoza;Facultad de Filosofía y Letras;Literatura en Aragón;Normal;Obligatoria;100.00;61.54;61.54;13;8;8;1.33;29/04/2018
2016;Grado;Estudios Clásicos;Zaragoza;Facultad de Filosofía y Letras;Literatura española en la Edad Media I;Normal;Obligatoria;88.89;66.67;75.00;12;8;9;1.11;29/04/2018
2016;Grado;Estudios Clásicos;Zaragoza;Facultad de Filosofía y Letras;Fonética y fonología del español;Normal;Obligatoria;80.00;44.44;55.56;9;4;5;1.25;29/04/2018
2016;Grado;Estudios Clásicos;Zaragoza;Facultad de Filosofía y Letras;Lengua y literatura griega I;Normal;Obligatoria;88.89;66.67;75.00;12;8;9;2.11;29/04/2018
2016;Grado;Estudios Clásicos;Zaragoza;Facultad de Filosofía y Letras;Lengua y literatura latina I;Normal;Obligatoria;50.00;38.46;76.92;13;5;10;1.33;29/04/2018
2016;Grado;Estudios Clásicos;Zaragoza;Facultad de Filosofía y Letras;Historia para filología hispánica;Normal;Obligatoria;50.00;50.00;100.00;2;1;2;2.00;29/04/2018
2016;Grado;Estudios Clásicos;Zaragoza;Facultad de Filosofía y Letras;Literatura de la segunda lengua (Literatura alemana);Normal;Obligatoria;100.00;100.00;100.00;1;1;1;1.00;29/04/2018
2016;Grado;Estudios Clásicos;Zaragoza;Facultad de Filosofía y Letras;Literatura de la segunda lengua (Literatura francesa);Normal;Obligatoria;100.00;50.00;50.00;2;1;1;2.00;29/04/2018
2016;Grado;Estudios Clásicos;Zaragoza;Facultad de Filosofía y Letras;Morfología del español;Normal;Obligatoria;90.00;75.00;83.33;12;9;10;1.67;29/04/2018
2016;Grado;Estudios Clásicos;Zaragoza;Facultad de Filosofía y Letras;Literatura española en la Edad Media II;Normal;Obligatoria;100.00;72.73;72.73;11;8;8;1.00;29/04/2018
2016;Grado;Estudios Clásicos;Zaragoza;Facultad de Filosofía y Letras;Semántica y pragmática del español;Normal;Obligatoria;80.00;72.73;90.91;11;8;10;1.50;29/04/2018
2016;Grado;Estudios Clásicos;Zaragoza;Facultad de Filosofía y Letras;Lengua y literatura griega II;Normal;Obligatoria;62.50;45.45;72.73;11;5;8;2.00;29/04/2018
2016;Grado;Estudios Clásicos;Zaragoza;Facultad de Filosofía y Letras;Lengua y literatura latina II;Normal;Obligatoria;100.00;81.82;81.82;11;9;9;1.60;29/04/2018
2016;Grado;Estudios Clásicos;Zaragoza;Facultad de Filosofía y Letras;Filosofía para filología hispánica;Normal;Obligatoria;100.00;100.00;100.00;2;2;2;1.50;29/04/2018
2016;Grado;Estudios Clásicos;Zaragoza;Facultad de Filosofía y Letras;Arte para filología hispánica;Normal;Obligatoria;100.00;66.67;66.67;3;2;2;1.50;29/04/2018
2016;Grado;Estudios Clásicos;Zaragoza;Facultad de Filosofía y Letras;Textos griegos I;Normal;Obligatoria;92.31;92.31;100.00;13;12;13;1.69;29/04/2018
2016;Grado;Estudios Clásicos;Zaragoza;Facultad de Filosofía y Letras;Textos latinos I;Normal;Obligatoria;50.00;45.45;90.91;11;5;10;1.00;29/04/2018
2016;Grado;Estudios Clásicos;Zaragoza;Facultad de Filosofía y Letras;Literatura griega;Normal;Obligatoria;100.00;100.00;100.00;9;9;9;1.00;29/04/2018
2016;Grado;Estudios Clásicos;Zaragoza;Facultad de Filosofía y Letras;Historia y civilización clásica: Grecia;Normal;Obligatoria;83.33;76.92;92.31;13;10;12;1.73;29/04/2018
2016;Grado;Estudios Clásicos;Zaragoza;Facultad de Filosofía y Letras;Lingüística indoeuropea I;Normal;Obligatoria;81.82;75.00;91.67;12;9;11;1.60;29/04/2018
2016;Grado;Estudios Clásicos;Zaragoza;Facultad de Filosofía y Letras;Textos griegos II;Normal;Obligatoria;83.33;66.67;80.00;15;10;12;1.91;29/04/2018
2016;Grado;Estudios Clásicos;Zaragoza;Facultad de Filosofía y Letras;Textos latinos II;Normal;Obligatoria;100.00;72.73;72.73;11;8;8;1.11;29/04/2018
2016;Grado;Estudios Clásicos;Zaragoza;Facultad de Filosofía y Letras;Literatura latina;Normal;Obligatoria;100.00;100.00;100.00;8;8;8;1.22;29/04/2018
2016;Grado;Estudios Clásicos;Zaragoza;Facultad de Filosofía y Letras;Historia y civilización clásica: Roma;Normal;Obligatoria;100.00;100.00;100.00;8;8;8;1.00;29/04/2018
2016;Grado;Estudios Clásicos;Zaragoza;Facultad de Filosofía y Letras;Textos griegos III;Normal;Obligatoria;100.00;78.57;78.57;14;11;11;1.18;29/04/2018
2016;Grado;Estudios Clásicos;Zaragoza;Facultad de Filosofía y Letras;Textos latinos III;Normal;Obligatoria;91.67;91.67;100.00;12;11;12;1.36;29/04/2018
2016;Grado;Estudios Clásicos;Zaragoza;Facultad de Filosofía y Letras;Historia de la lengua griega;Normal;Obligatoria;90.91;83.33;91.67;12;10;11;1.40;29/04/2018
2016;Grado;Estudios Clásicos;Zaragoza;Facultad de Filosofía y Letras;Historia de la lengua latina;Normal;Obligatoria;100.00;100.00;100.00;8;8;8;1.00;29/04/2018
2016;Grado;Estudios Clásicos;Zaragoza;Facultad de Filosofía y Letras;Textos griegos IV;Normal;Obligatoria;100.00;91.67;91.67;12;11;11;1.09;29/04/2018
2016;Grado;Estudios Clásicos;Zaragoza;Facultad de Filosofía y Letras;Textos latinos IV;Normal;Obligatoria;91.67;84.62;92.31;13;11;12;1.09;29/04/2018
2016;Grado;Estudios Clásicos;Zaragoza;Facultad de Filosofía y Letras;Trabajo fin de Grado;Trabajo fin de grado;Trabajo fin de Grado;100.00;100.00;100.00;1;1;1;1.00;29/04/2018
2016;Grado;Estudios Clásicos;Zaragoza;Facultad de Filosofía y Letras;Humanismo y tradición clásica;Normal;Optativa;100.00;80.00;80.00;5;4;4;1.00;29/04/2018
2016;Grado;Estudios Clásicos;Zaragoza;Facultad de Filosofía y Letras;Latinidad medieval;Normal;Optativa;100.00;88.89;88.89;9;8;8;1.00;29/04/2018
2016;Grado;Estudios Clásicos;Zaragoza;Facultad de Filosofía y Letras;Lingüística indoeuropea II;Normal;Optativa;100.00;100.00;100.00;2;2;2;1.00;29/04/2018
2016;Grado;Estudios Clásicos;Zaragoza;Facultad de Filosofía y Letras;Mitología clásica;Normal;Optativa;60.00;60.00;100.00;10;6;10;1.43;29/04/2018
2016;Grado;Estudios Clásicos;Zaragoza;Facultad de Filosofía y Letras;Segunda lengua I (griego);Normal;Optativa;100.00;94.74;94.74;19;18;18;1.00;29/04/2018
2016;Grado;Estudios Clásicos;Zaragoza;Facultad de Filosofía y Letras;Segunda lengua II (griego);Normal;Optativa;68.75;55.00;80.00;20;11;16;1.27;29/04/2018
2016;Grado;Estudios Clásicos;Zaragoza;Facultad de Filosofía y Letras;Segunda lengua I (inglés);Normal;Formación básica;50.00;33.33;66.67;3;1;2;1.00;29/04/2018
2016;Grado;Estudios Clásicos;Zaragoza;Facultad de Filosofía y Letras;Segunda lengua II (inglés);Normal;Formación básica;50.00;33.33;66.67;3;1;2;1.00;29/04/2018
2016;Grado;Estudios Clásicos;Zaragoza;Facultad de Filosofía y Letras;Lingüística general I;Normal;Formación básica;52.17;48.00;92.00;25;12;23;1.46;29/04/2018
2016;Grado;Estudios Clásicos;Zaragoza;Facultad de Filosofía y Letras;Lingüística general II;Normal;Formación básica;76.47;54.17;70.83;24;13;17;1.14;29/04/2018
2016;Grado;Estudios Clásicos;Zaragoza;Facultad de Filosofía y Letras;Comentario de textos griegos;Normal;Optativa;100.00;100.00;100.00;7;7;7;1.00;29/04/2018
2016;Grado;Estudios Clásicos;Zaragoza;Facultad de Filosofía y Letras;Comentario de textos latinos;Normal;Optativa;100.00;100.00;100.00;2;2;2;1.00;29/04/2018
2016;Grado;Estudios Clásicos;Zaragoza;Facultad de Filosofía y Letras;Trabajo fin de Grado;Trabajo fin de grado;Trabajo fin de Grado;100.00;46.67;46.67;15;7;7;1.00;29/04/2018
2016;Grado;Filología Hispánica;Zaragoza;Facultad de Filosofía y Letras;Lingüística general;Normal;Formación básica;;;;0;0;0;1.00;29/04/2018
2016;Grado;Filología Hispánica;Zaragoza;Facultad de Filosofía y Letras;Segunda lengua: lengua griega;Normal;Formación básica;;;;0;0;0;1.00;29/04/2018
2016;Grado;Filología Hispánica;Zaragoza;Facultad de Filosofía y Letras;Técnicas de análisis e interpretación de textos;Normal;Formación básica;92.42;78.21;84.62;78;61;66;1.17;29/04/2018
2016;Grado;Filología Hispánica;Zaragoza;Facultad de Filosofía y Letras;Introducción a la lengua latina;Normal;Formación básica;95.00;74.03;77.92;77;57;60;1.17;29/04/2018
2016;Grado;Filología Hispánica;Zaragoza;Facultad de Filosofía y Letras;Teoría de la literatura;Normal;Formación básica;85.25;72.22;84.72;72;52;61;1.03;29/04/2018
2016;Grado;Filología Hispánica;Zaragoza;Facultad de Filosofía y Letras;Introducción a la literatura latina;Normal;Formación básica;92.73;68.00;73.33;75;51;55;1.24;29/04/2018
2016;Grado;Filología Hispánica;Zaragoza;Facultad de Filosofía y Letras;Literatura comparada;Normal;Formación básica;96.15;68.49;71.23;73;50;52;1.02;29/04/2018
2016;Grado;Filología Hispánica;Zaragoza;Facultad de Filosofía y Letras;Introducción a las literaturas hispánicas: edición y nuevas tecnologías;Normal;Formación básica;90.57;61.54;67.95;78;48;53;1.02;29/04/2018
2016;Grado;Filología Hispánica;Zaragoza;Facultad de Filosofía y Letras;Literatura en Aragón;Normal;Obligatoria;97.83;84.91;86.79;53;45;46;1.08;29/04/2018
2016;Grado;Filología Hispánica;Zaragoza;Facultad de Filosofía y Letras;Literatura española de la Edad Media I;Normal;Obligatoria;89.36;84.00;94.00;50;42;47;1.02;29/04/2018
2016;Grado;Filología Hispánica;Zaragoza;Facultad de Filosofía y Letras;Fonética y fonología del español;Normal;Obligatoria;58.14;50.00;86.00;50;25;43;1.20;29/04/2018
2016;Grado;Filología Hispánica;Zaragoza;Facultad de Filosofía y Letras;Historia para filología hispánica;Normal;Optativa;62.50;42.37;67.80;59;25;40;1.46;29/04/2018
2016;Grado;Filología Hispánica;Zaragoza;Facultad de Filosofía y Letras;Literatura de la segunda lengua (Literatura alemana);Normal;Obligatoria;100.00;89.47;89.47;19;17;17;1.00;29/04/2018
2016;Grado;Filología Hispánica;Zaragoza;Facultad de Filosofía y Letras;Literatura de la segunda lengua (Literatura árabe);Normal;Obligatoria;100.00;100.00;100.00;1;1;1;1.00;29/04/2018
2016;Grado;Filología Hispánica;Zaragoza;Facultad de Filosofía y Letras;Literatura de la segunda lengua (Literatura catalana);Normal;Obligatoria;100.00;100.00;100.00;3;3;3;1.00;29/04/2018
2016;Grado;Filología Hispánica;Zaragoza;Facultad de Filosofía y Letras;Literatura de la segunda lengua (Literatura francesa);Normal;Obligatoria;53.33;50.00;93.75;16;8;15;1.09;29/04/2018
2016;Grado;Filología Hispánica;Zaragoza;Facultad de Filosofía y Letras;Literatura de la segunda lengua (Literatura inglesa);Normal;Optativa;87.50;73.68;84.21;19;14;16;1.50;29/04/2018
2016;Grado;Filología Hispánica;Zaragoza;Facultad de Filosofía y Letras;Literatura de la segunda lengua (Literatura italiana);Normal;Obligatoria;100.00;100.00;100.00;1;1;1;1.00;29/04/2018
2016;Grado;Filología Hispánica;Zaragoza;Facultad de Filosofía y Letras;Lengua y literatura griega I;Normal;Obligatoria;100.00;50.00;50.00;2;1;1;1.00;29/04/2018
2016;Grado;Filología Hispánica;Zaragoza;Facultad de Filosofía y Letras;Lengua y literatura latina I;Normal;Obligatoria;100.00;66.67;66.67;3;2;2;1.67;29/04/2018
2016;Grado;Filología Hispánica;Zaragoza;Facultad de Filosofía y Letras;Morfología del español;Normal;Obligatoria;72.34;62.96;87.04;54;34;47;1.19;29/04/2018
2016;Grado;Filología Hispánica;Zaragoza;Facultad de Filosofía y Letras;Literatura española de la Edad Media II;Normal;Obligatoria;92.50;88.10;95.24;42;37;40;1.04;29/04/2018
2016;Grado;Filología Hispánica;Zaragoza;Facultad de Filosofía y Letras;Semántica y pragmática del español;Normal;Obligatoria;97.78;80.00;81.82;55;44;45;1.18;29/04/2018
2016;Grado;Filología Hispánica;Zaragoza;Facultad de Filosofía y Letras;Filosofía para filología hispánica;Normal;Obligatoria;95.35;87.23;91.49;47;41;43;1.18;29/04/2018
2016;Grado;Filología Hispánica;Zaragoza;Facultad de Filosofía y Letras;Arte para filología hispánica;Normal;Obligatoria;94.00;82.46;87.72;57;47;50;1.25;29/04/2018
2016;Grado;Filología Hispánica;Zaragoza;Facultad de Filosofía y Letras;Lengua y literatura griega II;Normal;Obligatoria;100.00;50.00;50.00;2;1;1;1.00;29/04/2018
2016;Grado;Filología Hispánica;Zaragoza;Facultad de Filosofía y Letras;Lengua y literatura latina II;Normal;Obligatoria;100.00;50.00;50.00;2;1;1;1.00;29/04/2018
2016;Grado;Filología Hispánica;Zaragoza;Facultad de Filosofía y Letras;Historia de la lengua española;Normal;Obligatoria;73.97;61.36;82.95;88;54;73;1.49;29/04/2018
2016;Grado;Filología Hispánica;Zaragoza;Facultad de Filosofía y Letras;Literatura española del Siglo de Oro I;Normal;Obligatoria;83.33;68.18;81.82;66;45;54;1.22;29/04/2018
2016;Grado;Filología Hispánica;Zaragoza;Facultad de Filosofía y Letras;Literatura española contemporánea I;Normal;Obligatoria;78.95;61.64;78.08;73;45;57;1.46;29/04/2018
2016;Grado;Filología Hispánica;Zaragoza;Facultad de Filosofía y Letras;Variedades del español actual;Normal;Obligatoria;91.23;73.24;80.28;72;52;58;1.29;29/04/2018
2016;Grado;Filología Hispánica;Zaragoza;Facultad de Filosofía y Letras;Literatura española del Siglo de Oro II;Normal;Obligatoria;93.75;68.18;72.73;66;45;48;1.08;29/04/2018
2016;Grado;Filología Hispánica;Zaragoza;Facultad de Filosofía y Letras;Literatura española contemporánea II;Normal;Obligatoria;83.02;63.77;76.81;71;46;55;1.38;29/04/2018
2016;Grado;Filología Hispánica;Zaragoza;Facultad de Filosofía y Letras;Literatura hispanoamericana I;Normal;Obligatoria;93.18;78.85;84.62;52;41;44;1.04;29/04/2018
2016;Grado;Filología Hispánica;Zaragoza;Facultad de Filosofía y Letras;Literatura hispanoamericana II;Normal;Obligatoria;88.46;75.41;85.25;62;47;53;1.46;29/04/2018
2016;Grado;Filología Hispánica;Zaragoza;Facultad de Filosofía y Letras;Trabajo fin de Grado;Trabajo fin de grado;Trabajo fin de Grado;100.00;62.82;62.82;78;49;49;1.00;29/04/2018
2016;Grado;Filología Hispánica;Zaragoza;Facultad de Filosofía y Letras;Lenguaje y comunicación;Normal;Optativa;97.22;89.74;92.31;40;36;37;1.05;29/04/2018
2016;Grado;Filología Hispánica;Zaragoza;Facultad de Filosofía y Letras;Biolingüística: lenguaje, mente y cerebro;Normal;Optativa;100.00;97.22;97.22;38;37;37;1.03;29/04/2018
2016;Grado;Filología Hispánica;Zaragoza;Facultad de Filosofía y Letras;Análisis del discurso en español;Normal;Optativa;88.89;66.67;75.00;12;8;9;1.00;29/04/2018
2016;Grado;Filología Hispánica;Zaragoza;Facultad de Filosofía y Letras;Sociolingüística del español;Normal;Optativa;100.00;90.91;90.91;12;11;11;1.00;29/04/2018
2016;Grado;Filología Hispánica;Zaragoza;Facultad de Filosofía y Letras;El español en América;Normal;Optativa;100.00;78.95;78.95;19;15;15;1.00;29/04/2018
2016;Grado;Filología Hispánica;Zaragoza;Facultad de Filosofía y Letras;El léxico español;Normal;Optativa;87.50;82.35;94.12;17;14;16;1.19;29/04/2018
2016;Grado;Filología Hispánica;Zaragoza;Facultad de Filosofía y Letras;Gramática del español como lengua extranjera;Normal;Optativa;97.14;94.44;97.22;36;34;35;1.15;29/04/2018
2016;Grado;Filología Hispánica;Zaragoza;Facultad de Filosofía y Letras;Filología aragonesa;Normal;Optativa;93.33;87.50;93.75;16;14;15;1.07;29/04/2018
2016;Grado;Filología Hispánica;Zaragoza;Facultad de Filosofía y Letras;El catalán en Aragón;Normal;Optativa;100.00;80.00;80.00;5;4;4;1.00;29/04/2018
2016;Grado;Filología Hispánica;Zaragoza;Facultad de Filosofía y Letras;Pensamiento literario contemporáneo;Normal;Optativa;96.43;90.00;93.33;30;27;28;1.00;29/04/2018
2016;Grado;Filología Hispánica;Zaragoza;Facultad de Filosofía y Letras;Estética literaria;Normal;Optativa;100.00;92.31;92.31;14;13;13;1.00;29/04/2018
2016;Grado;Filología Hispánica;Zaragoza;Facultad de Filosofía y Letras;Temas y géneros de la poesía hispánica I;Normal;Optativa;100.00;92.86;92.86;28;26;26;1.04;29/04/2018
2016;Grado;Filología Hispánica;Zaragoza;Facultad de Filosofía y Letras;Temas y géneros de la poesía hispánica II;Normal;Optativa;100.00;91.67;91.67;13;12;12;1.08;29/04/2018
2016;Grado;Filología Hispánica;Zaragoza;Facultad de Filosofía y Letras;Temas y géneros de la narrativa hispánica I;Normal;Optativa;96.67;90.63;93.75;33;30;31;1.03;29/04/2018
2016;Grado;Filología Hispánica;Zaragoza;Facultad de Filosofía y Letras;Temas y géneros de la narrativa hispánica II;Normal;Optativa;93.75;93.75;100.00;17;16;17;1.19;29/04/2018
2016;Grado;Filología Hispánica;Zaragoza;Facultad de Filosofía y Letras;Temas y géneros del teatro hispánico I;Normal;Optativa;71.43;55.56;77.78;9;5;7;1.40;29/04/2018
2016;Grado;Filología Hispánica;Zaragoza;Facultad de Filosofía y Letras;Temas y géneros del teatro hispánico II;Normal;Optativa;100.00;90.00;90.00;10;9;9;1.00;29/04/2018
2016;Grado;Filología Hispánica;Zaragoza;Facultad de Filosofía y Letras;Estudios de género y literaturas hispánicas;Normal;Optativa;100.00;80.00;80.00;10;8;8;1.00;29/04/2018
2016;Grado;Filología Hispánica;Zaragoza;Facultad de Filosofía y Letras;Segunda lengua I (alemán);Normal;Formación básica;100.00;100.00;100.00;6;6;6;1.00;29/04/2018
2016;Grado;Filología Hispánica;Zaragoza;Facultad de Filosofía y Letras;Segunda lengua II (alemán);Normal;Formación básica;75.00;50.00;66.67;6;3;4;1.00;29/04/2018
2016;Grado;Filología Hispánica;Zaragoza;Facultad de Filosofía y Letras;Segunda lengua I (árabe moderno);Normal;Optativa;100.00;100.00;100.00;2;2;2;1.00;29/04/2018
2016;Grado;Filología Hispánica;Zaragoza;Facultad de Filosofía y Letras;Segunda lengua II (árabe moderno);Normal;Optativa;100.00;50.00;50.00;2;1;1;1.00;29/04/2018
2016;Grado;Filología Hispánica;Zaragoza;Facultad de Filosofía y Letras;Segunda lengua I (catalán);Normal;Formación básica;100.00;50.00;50.00;2;1;1;1.00;29/04/2018
2016;Grado;Filología Hispánica;Zaragoza;Facultad de Filosofía y Letras;Segunda lengua II (catalán);Normal;Formación básica;100.00;50.00;50.00;2;1;1;1.00;29/04/2018
2016;Grado;Filología Hispánica;Zaragoza;Facultad de Filosofía y Letras;Segunda lengua I (francés);Normal;Optativa;72.73;72.73;100.00;11;8;11;1.00;29/04/2018
2016;Grado;Filología Hispánica;Zaragoza;Facultad de Filosofía y Letras;Segunda lengua II (francés);Normal;Optativa;75.00;54.55;72.73;11;6;8;1.00;29/04/2018
2016;Grado;Filología Hispánica;Zaragoza;Facultad de Filosofía y Letras;Segunda lengua I (inglés);Normal;Optativa;83.33;73.53;88.24;34;25;30;1.12;29/04/2018
2016;Grado;Filología Hispánica;Zaragoza;Facultad de Filosofía y Letras;Segunda lengua II (inglés);Normal;Optativa;68.75;50.00;72.73;44;22;32;1.34;29/04/2018
2016;Grado;Filología Hispánica;Zaragoza;Facultad de Filosofía y Letras;Segunda lengua I (italiano);Normal;Optativa;100.00;60.00;60.00;15;9;9;1.10;29/04/2018
2016;Grado;Filología Hispánica;Zaragoza;Facultad de Filosofía y Letras;Segunda lengua II (italiano);Normal;Optativa;81.82;52.94;64.71;17;9;11;1.00;29/04/2018
2016;Grado;Filología Hispánica;Zaragoza;Facultad de Filosofía y Letras;Segunda lengua I (griego);Normal;No Informado;100.00;100.00;100.00;3;3;3;1.00;29/04/2018
2016;Grado;Filología Hispánica;Zaragoza;Facultad de Filosofía y Letras;Segunda lengua II (griego);Normal;No Informado;100.00;100.00;100.00;4;4;4;1.33;29/04/2018
2016;Grado;Filología Hispánica;Zaragoza;Facultad de Filosofía y Letras;Lingüística general I;Normal;Formación básica;80.95;69.86;86.30;73;51;63;1.18;29/04/2018
2016;Grado;Filología Hispánica;Zaragoza;Facultad de Filosofía y Letras;Lingúística general II;Normal;Formación básica;87.30;69.62;79.75;79;55;63;1.25;29/04/2018
2016;Grado;Filología Hispánica;Zaragoza;Facultad de Filosofía y Letras;Sintaxis del español I;Normal;Obligatoria;98.00;79.03;80.65;62;49;50;1.21;29/04/2018
2016;Grado;Filología Hispánica;Zaragoza;Facultad de Filosofía y Letras;Sintaxis del español II;Normal;Obligatoria;83.33;72.37;86.84;76;55;66;1.29;29/04/2018
2016;Grado;Filología Hispánica;Zaragoza;Facultad de Filosofía y Letras;Gramática histórica del español I;Normal;Obligatoria;82.54;74.29;90.00;71;53;64;1.39;29/04/2018
2016;Grado;Filología Hispánica;Zaragoza;Facultad de Filosofía y Letras;Gramática histórica del español II;Normal;Obligatoria;93.55;85.29;91.18;69;59;63;1.16;29/04/2018
2016;Grado;Historia;Zaragoza;Facultad de Filosofía y Letras;Pensamiento social;Normal;Formación básica;91.67;80.00;87.27;165;132;144;1.19;29/04/2018
2016;Grado;Historia;Zaragoza;Facultad de Filosofía y Letras;Fundamentos de historia del arte;Normal;Formación básica;79.58;68.90;86.59;164;113;142;1.29;29/04/2018
2016;Grado;Historia;Zaragoza;Facultad de Filosofía y Letras;Historia y ciencias sociales;Normal;Formación básica;96.18;80.25;83.44;157;126;131;1.08;29/04/2018
2016;Grado;Historia;Zaragoza;Facultad de Filosofía y Letras;La formación de las sociedades complejas;Normal;Formación básica;83.77;70.88;84.62;182;129;154;1.41;29/04/2018
2016;Grado;Historia;Zaragoza;Facultad de Filosofía y Letras;Otras culturas: introducción a la etnoarqueología;Normal;Formación básica;88.65;81.17;91.56;154;125;141;1.18;29/04/2018
2016;Grado;Historia;Zaragoza;Facultad de Filosofía y Letras;Literaturas hispánicas;Normal;Formación básica;80.92;68.39;84.52;155;106;131;1.26;29/04/2018
2016;Grado;Historia;Zaragoza;Facultad de Filosofía y Letras;Fundamentos de geografía;Normal;Formación básica;78.10;67.30;86.16;159;107;137;1.22;29/04/2018
2016;Grado;Historia;Zaragoza;Facultad de Filosofía y Letras;Fundamentos de historia;Normal;Formación básica;84.21;70.44;83.65;159;112;133;1.16;29/04/2018
2016;Grado;Historia;Zaragoza;Facultad de Filosofía y Letras;Mundo actual;Normal;Formación básica;90.98;72.46;79.64;167;121;133;1.31;29/04/2018
2016;Grado;Historia;Zaragoza;Facultad de Filosofía y Letras;Prehistoria: cazadores recolectores;Normal;Obligatoria;76.64;56.45;73.66;186;105;137;1.21;29/04/2018
2016;Grado;Historia;Zaragoza;Facultad de Filosofía y Letras;Introducción a la arqueología;Normal;Formación básica;93.65;88.06;94.03;134;118;126;1.12;29/04/2018
2016;Grado;Historia;Zaragoza;Facultad de Filosofía y Letras;Prehistoria: agricultores, pastores y metalúrgicos;Normal;Obligatoria;97.69;91.37;93.53;140;128;131;1.24;29/04/2018
2016;Grado;Historia;Zaragoza;Facultad de Filosofía y Letras;Historia antigua: siglos VII-II a.E.;Normal;Obligatoria;63.70;50.27;78.92;186;94;147;1.51;29/04/2018
2016;Grado;Historia;Zaragoza;Facultad de Filosofía y Letras;Historia de la alta Edad Media: siglos V-XII;Normal;Obligatoria;93.23;81.58;87.50;152;124;133;1.30;29/04/2018
2016;Grado;Historia;Zaragoza;Facultad de Filosofía y Letras;Historia moderna: siglo XVI;Normal;Obligatoria;91.47;83.10;90.85;142;118;129;1.27;29/04/2018
2016;Grado;Historia;Zaragoza;Facultad de Filosofía y Letras;Escritura y sociedad;Normal;Formación básica;86.43;78.06;90.32;155;121;140;1.35;29/04/2018
2016;Grado;Historia;Zaragoza;Facultad de Filosofía y Letras;Historia antigua: siglos II a E.-V d.E;Normal;Obligatoria;82.03;64.42;78.53;164;106;129;1.43;29/04/2018
2016;Grado;Historia;Zaragoza;Facultad de Filosofía y Letras;Historia de la baja Edad Media: siglos XIII-XV;Normal;Obligatoria;97.60;89.05;91.24;137;122;125;1.10;29/04/2018
2016;Grado;Historia;Zaragoza;Facultad de Filosofía y Letras;América indígena y colonial;Normal;Obligatoria;90.98;79.29;87.14;140;111;122;1.19;29/04/2018
2016;Grado;Historia;Zaragoza;Facultad de Filosofía y Letras;Historia contemporánea universal;Normal;Obligatoria;85.04;77.70;91.37;139;108;127;1.33;29/04/2018
2016;Grado;Historia;Zaragoza;Facultad de Filosofía y Letras;Protohistoria: de la plena metalurgia y la transición al Estado;Normal;Obligatoria;86.32;78.10;90.48;108;85;98;1.27;29/04/2018
2016;Grado;Historia;Zaragoza;Facultad de Filosofía y Letras;Hispania antigua;Normal;Obligatoria;87.50;78.45;89.66;119;94;107;1.32;29/04/2018
2016;Grado;Historia;Zaragoza;Facultad de Filosofía y Letras;España medieval;Normal;Obligatoria;87.36;75.25;86.14;104;79;90;1.19;29/04/2018
2016;Grado;Historia;Zaragoza;Facultad de Filosofía y Letras;Historia moderna: siglos XVII y XVIII;Normal;Obligatoria;87.91;78.43;89.22;105;83;94;1.08;29/04/2018
2016;Grado;Historia;Zaragoza;Facultad de Filosofía y Letras;América contemporánea;Normal;Obligatoria;89.41;75.25;84.16;104;79;88;1.11;29/04/2018
2016;Grado;Historia;Zaragoza;Facultad de Filosofía y Letras;Historia de España contemporánea: siglo XIX;Normal;Obligatoria;94.32;85.57;90.72;99;85;90;1.12;29/04/2018
2016;Grado;Historia;Zaragoza;Facultad de Filosofía y Letras;España moderna;Normal;Obligatoria;82.29;66.39;80.67;122;82;99;1.35;29/04/2018
2016;Grado;Historia;Zaragoza;Facultad de Filosofía y Letras;Historia de Aragón;Normal;Obligatoria;98.72;91.67;92.86;87;80;81;1.02;29/04/2018
2016;Grado;Historia;Zaragoza;Facultad de Filosofía y Letras;Historia de España contemporánea: siglo XX;Normal;Obligatoria;91.76;83.87;91.40;97;82;89;1.18;29/04/2018
2016;Grado;Historia;Zaragoza;Facultad de Filosofía y Letras;Trabajo fin de Grado;Trabajo fin de grado;Trabajo fin de Grado;98.92;68.66;69.40;134;92;93;1.00;29/04/2018
2016;Grado;Historia;Zaragoza;Facultad de Filosofía y Letras;Historia de las religiones;Normal;Optativa;98.59;86.42;87.65;83;72;73;1.12;29/04/2018
2016;Grado;Historia;Zaragoza;Facultad de Filosofía y Letras;Historiografía;Normal;Optativa;96.30;86.67;90.00;30;26;27;1.04;29/04/2018
2016;Grado;Historia;Zaragoza;Facultad de Filosofía y Letras;Recuperación del patrimonio histórico-arqueológico;Normal;Optativa;100.00;88.89;88.89;28;25;25;1.04;29/04/2018
2016;Grado;Historia;Zaragoza;Facultad de Filosofía y Letras;Paleografía;Normal;Optativa;72.73;72.73;100.00;24;18;24;1.11;29/04/2018
2016;Grado;Historia;Zaragoza;Facultad de Filosofía y Letras;Historia de las mujeres;Normal;Optativa;77.78;66.04;84.91;54;36;46;1.11;29/04/2018
2016;Grado;Historia;Zaragoza;Facultad de Filosofía y Letras;Historia cultural;Normal;Optativa;97.06;89.19;91.89;37;33;34;1.06;29/04/2018
2016;Movilidad de entrada;Movilidad para 1º y 2º ciclo y grado;Zaragoza;Facultad de Filosofía y Letras;Historia cultural;Normal;Optativa;;;;5;4;4;1.00;29/04/2018
2016;Grado;Historia;Zaragoza;Facultad de Filosofía y Letras;Prehistoria y arqueología: teoría, métodos y práctica;Normal;Optativa;92.59;86.21;93.10;30;26;28;1.08;29/04/2018
2016;Grado;Historia;Zaragoza;Facultad de Filosofía y Letras;Lenguas clásicas: Latín;Normal;Optativa;100.00;100.00;100.00;13;13;13;1.00;29/04/2018
2016;Grado;Historia;Zaragoza;Facultad de Filosofía y Letras;Lenguas clásicas: Árabe;Normal;Optativa;87.50;63.64;72.73;12;8;9;1.25;29/04/2018
2016;Grado;Historia;Zaragoza;Facultad de Filosofía y Letras;La ciudad clásica;Normal;Optativa;90.48;82.61;91.30;26;22;24;1.04;29/04/2018
2016;Grado;Historia;Zaragoza;Facultad de Filosofía y Letras;Roma y su Imperio;Normal;Optativa;94.44;80.95;85.71;22;18;19;1.11;29/04/2018
2016;Grado;Historia;Zaragoza;Facultad de Filosofía y Letras;Arqueología clásica;Normal;Optativa;81.25;72.22;88.89;20;15;18;1.00;29/04/2018
2016;Grado;Historia;Zaragoza;Facultad de Filosofía y Letras;Símbolos, artes y creencias en la Prehistoria;Normal;Optativa;90.00;85.71;95.24;24;21;23;1.10;29/04/2018
2016;Grado;Historia;Zaragoza;Facultad de Filosofía y Letras;El origen del hombre;Normal;Optativa;100.00;90.00;90.00;23;21;21;1.00;29/04/2018
2016;Grado;Historia;Zaragoza;Facultad de Filosofía y Letras;Historia económica y social de la Edad Media;Normal;Optativa;100.00;94.12;94.12;53;49;49;1.06;29/04/2018
2016;Grado;Historia;Zaragoza;Facultad de Filosofía y Letras;Culturas medievales europeas;Normal;Optativa;96.49;90.16;93.44;62;56;58;1.14;29/04/2018
2016;Grado;Historia;Zaragoza;Facultad de Filosofía y Letras;Historia del Islam;Normal;Optativa;100.00;95.24;95.24;64;61;61;1.02;29/04/2018
2016;Grado;Historia;Zaragoza;Facultad de Filosofía y Letras;Diplomática medieval;Normal;Optativa;100.00;100.00;100.00;26;25;25;1.08;29/04/2018
2016;Grado;Historia;Zaragoza;Facultad de Filosofía y Letras;Patrimonio histórico-documental;Normal;Optativa;100.00;100.00;100.00;29;29;29;1.00;29/04/2018
2016;Grado;Historia;Zaragoza;Facultad de Filosofía y Letras;Historia económica y social de la Edad Moderna;Normal;Optativa;100.00;88.00;88.00;25;22;22;1.05;29/04/2018
2016;Grado;Historia;Zaragoza;Facultad de Filosofía y Letras;Culturas modernas europeas;Normal;Optativa;100.00;93.85;93.85;67;63;63;1.02;29/04/2018
2016;Grado;Historia;Zaragoza;Facultad de Filosofía y Letras;Historia económica del mundo contemporáneo;Normal;Optativa;93.10;90.00;96.67;31;28;30;1.07;29/04/2018
2016;Grado;Historia;Zaragoza;Facultad de Filosofía y Letras;Historia de los movimientos sociales contemporáneos;Normal;Optativa;100.00;98.15;98.15;58;56;56;1.00;29/04/2018
2016;Grado;Historia;Zaragoza;Facultad de Filosofía y Letras;Historia de las ideas políticas;Normal;Optativa;97.67;82.35;84.31;52;43;44;1.00;29/04/2018
2016;Grado;Historia del Arte;Zaragoza;Facultad de Filosofía y Letras;Arte de la Antigüedad;Normal;Formación básica;85.96;57.65;67.06;85;49;57;1.08;29/04/2018
2016;Grado;Historia del Arte;Zaragoza;Facultad de Filosofía y Letras;Historia Universal;Normal;Formación básica;63.89;38.33;60.00;120;46;72;1.77;29/04/2018
2016;Grado;Historia del Arte;Zaragoza;Facultad de Filosofía y Letras;Teoría del Arte y metodologías;Normal;Formación básica;84.93;74.70;87.95;83;62;73;1.18;29/04/2018
2016;Grado;Historia del Arte;Zaragoza;Facultad de Filosofía y Letras;Arte desde Antigüedad tardía hasta el año 1000;Normal;Obligatoria;85.71;81.08;94.59;74;60;70;1.02;29/04/2018
2016;Grado;Historia del Arte;Zaragoza;Facultad de Filosofía y Letras;Literatura y arte;Normal;Formación básica;64.47;43.75;67.86;112;49;76;1.98;29/04/2018
2016;Grado;Historia del Arte;Zaragoza;Facultad de Filosofía y Letras;Técnicas artísticas;Normal;Formación básica;67.53;53.61;79.38;97;52;77;1.37;29/04/2018
2016;Grado;Historia del Arte;Zaragoza;Facultad de Filosofía y Letras;Arte de la época del Románico;Normal;Obligatoria;75.38;51.04;67.71;96;49;65;1.31;29/04/2018
2016;Grado;Historia del Arte;Zaragoza;Facultad de Filosofía y Letras;Arte de la época del Gótico;Normal;Obligatoria;73.85;45.71;61.90;105;48;65;1.55;29/04/2018
2016;Grado;Historia del Arte;Zaragoza;Facultad de Filosofía y Letras;Pensamiento y estética;Normal;Formación básica;80.56;73.42;91.14;79;58;72;1.15;29/04/2018
2016;Grado;Historia del Arte;Zaragoza;Facultad de Filosofía y Letras;Arte del renacimiento;Normal;Obligatoria;73.17;64.52;88.17;93;60;82;1.72;29/04/2018
2016;Grado;Historia del Arte;Zaragoza;Facultad de Filosofía y Letras;Arte Americano: precolombino e hispánico;Normal;Obligatoria;84.62;75.86;89.66;87;66;78;1.21;29/04/2018
2016;Grado;Historia del Arte;Zaragoza;Facultad de Filosofía y Letras;Historia de la música;Normal;Formación básica;68.29;54.37;79.61;105;58;84;1.38;29/04/2018
2016;Grado;Historia del Arte;Zaragoza;Facultad de Filosofía y Letras;Conservación y restauración del patrimonio artístico;Normal;Obligatoria;91.07;77.27;84.85;66;51;56;1.19;29/04/2018
2016;Grado;Historia del Arte;Zaragoza;Facultad de Filosofía y Letras;Arte del barroco y de la ilustración;Normal;Obligatoria;62.11;50.43;81.20;120;62;98;1.26;29/04/2018
2016;Grado;Historia del Arte;Zaragoza;Facultad de Filosofía y Letras;Arte islámico;Normal;Obligatoria;100.00;95.16;95.16;62;59;59;1.00;29/04/2018
2016;Grado;Historia del Arte;Zaragoza;Facultad de Filosofía y Letras;Arte del siglo XIX;Normal;Obligatoria;96.00;90.57;94.34;55;50;52;1.06;29/04/2018
2016;Grado;Historia del Arte;Zaragoza;Facultad de Filosofía y Letras;Museología y museografía;Normal;Obligatoria;98.04;94.34;96.23;56;53;54;1.07;29/04/2018
2016;Grado;Historia del Arte;Zaragoza;Facultad de Filosofía y Letras;Arte del siglo XX y últimas tendencias;Normal;Obligatoria;78.57;61.11;77.78;59;38;47;1.12;29/04/2018
2016;Grado;Historia del Arte;Zaragoza;Facultad de Filosofía y Letras;Cine y otros medios audiovisuales;Normal;Obligatoria;78.72;60.66;77.05;68;44;54;1.07;29/04/2018
2016;Grado;Historia del Arte;Zaragoza;Facultad de Filosofía y Letras;Arte de Asia oriental;Normal;Obligatoria;95.56;89.58;93.75;49;44;46;1.02;29/04/2018
2016;Grado;Historia del Arte;Zaragoza;Facultad de Filosofía y Letras;Arte antiguo y medieval en la península Ibérica;Normal;Obligatoria;56.00;47.46;84.75;69;37;59;1.54;29/04/2018
2016;Grado;Historia del Arte;Zaragoza;Facultad de Filosofía y Letras;Arte español de la Edad Moderna;Normal;Obligatoria;78.95;62.50;79.17;56;38;46;1.21;29/04/2018
2016;Grado;Historia del Arte;Zaragoza;Facultad de Filosofía y Letras;Arte español de la Edad Contemporánea;Normal;Obligatoria;97.30;92.31;94.87;44;41;42;1.10;29/04/2018
2016;Grado;Historia del Arte;Zaragoza;Facultad de Filosofía y Letras;Mercado de arte, catalogación y gestión de colecciones;Normal;Obligatoria;100.00;88.64;88.64;51;45;45;1.00;29/04/2018
2016;Grado;Historia del Arte;Zaragoza;Facultad de Filosofía y Letras;Trabajo fin de Grado;Trabajo fin de grado;Trabajo fin de Grado;100.00;57.81;57.81;64;37;37;1.00;29/04/2018
2016;Grado;Historia del Arte;Zaragoza;Facultad de Filosofía y Letras;Iconografía;Normal;Optativa;100.00;85.71;85.71;29;25;25;1.07;29/04/2018
2016;Grado;Historia del Arte;Zaragoza;Facultad de Filosofía y Letras;Artes decorativas;Normal;Optativa;96.97;96.97;100.00;37;36;37;1.03;29/04/2018
2016;Grado;Historia del Arte;Zaragoza;Facultad de Filosofía y Letras;Arte gráfico;Normal;Optativa;100.00;89.47;89.47;21;19;19;1.00;29/04/2018
2016;Grado;Historia del Arte;Zaragoza;Facultad de Filosofía y Letras;Teoría e historia del urbanismo;Normal;Optativa;81.25;72.22;88.89;21;15;18;1.07;29/04/2018
2016;Grado;Historia del Arte;Zaragoza;Facultad de Filosofía y Letras;Arte y cultura de masas;Normal;Optativa;100.00;68.18;68.18;26;19;19;1.00;29/04/2018
2016;Grado;Historia del Arte;Zaragoza;Facultad de Filosofía y Letras;Historia de la fotografía;Normal;Optativa;100.00;75.00;75.00;17;13;13;1.00;29/04/2018
2016;Grado;Historia del Arte;Zaragoza;Facultad de Filosofía y Letras;Arte de África;Normal;Optativa;100.00;100.00;100.00;25;25;25;1.00;29/04/2018
2016;Grado;Historia del Arte;Zaragoza;Facultad de Filosofía y Letras;Arte iberoamericano contemporáneo;Normal;Optativa;;;;2;1;1;1.00;29/04/2018
2016;Grado;Historia del Arte;Zaragoza;Facultad de Filosofía y Letras;Arte aragonés;Normal;Optativa;100.00;95.00;95.00;20;19;19;1.00;29/04/2018
2016;Grado;Historia del Arte;Zaragoza;Facultad de Filosofía y Letras;Arte mudéjar;Normal;Optativa;100.00;66.67;66.67;4;2;3;1.00;29/04/2018
2016;Grado;Historia del Arte;Zaragoza;Facultad de Filosofía y Letras;Música en la sociedad actual;Normal;Optativa;78.57;73.33;93.33;18;14;17;1.12;29/04/2018
2016;Grado;Historia del Arte;Zaragoza;Facultad de Filosofía y Letras;Géneros audiovisuales;Normal;Optativa;92.00;85.19;92.59;27;23;25;1.17;29/04/2018
2016;Grado;Historia del Arte;Zaragoza;Facultad de Filosofía y Letras;Cine español;Normal;Optativa;94.12;84.21;89.47;20;17;18;1.00;29/04/2018
2016;Grado;Historia del Arte;Zaragoza;Facultad de Filosofía y Letras;Instrumentos para el ejercicio profesional del historiador del arte;Normal;Optativa;100.00;100.00;100.00;22;22;22;1.00;29/04/2018
2016;Grado;Historia del Arte;Zaragoza;Facultad de Filosofía y Letras;Prácticas externas;Prácticas externas;Optativa;100.00;96.15;96.15;26;25;25;1.00;29/04/2018
2016;Grado;Geografía y Ordenación del Territorio;Zaragoza;Facultad de Filosofía y Letras;Geografía humana: estructura y procesos territoriales I;Normal;Formación básica;92.86;82.98;89.36;47;39;42;1.28;29/04/2018
2016;Grado;Geografía y Ordenación del Territorio;Zaragoza;Facultad de Filosofía y Letras;Fundamentos históricos de la organización del territorio;Normal;Formación básica;70.59;57.14;80.95;42;24;34;1.12;29/04/2018
2016;Grado;Geografía y Ordenación del Territorio;Zaragoza;Facultad de Filosofía y Letras;Geomorfología;Normal;Formación básica;90.91;60.00;66.00;50;30;33;1.26;29/04/2018
2016;Grado;Geografía y Ordenación del Territorio;Zaragoza;Facultad de Filosofía y Letras;El pensamiento geográfico: evolución conceptual y metodológica;Normal;Obligatoria;100.00;75.00;75.00;44;33;33;1.09;29/04/2018
2016;Grado;Geografía y Ordenación del Territorio;Zaragoza;Facultad de Filosofía y Letras;Cartografía general;Normal;Obligatoria;79.55;71.43;89.80;49;35;44;1.08;29/04/2018
2016;Grado;Geografía y Ordenación del Territorio;Zaragoza;Facultad de Filosofía y Letras;Introducción a la economía;Normal;Formación básica;94.29;68.75;72.92;48;33;35;1.30;29/04/2018
2016;Grado;Geografía y Ordenación del Territorio;Zaragoza;Facultad de Filosofía y Letras;Grandes conjuntos regionales del mundo;Normal;Formación básica;96.88;67.39;69.57;46;31;32;1.12;29/04/2018
2016;Grado;Geografía y Ordenación del Territorio;Zaragoza;Facultad de Filosofía y Letras;Climatología;Normal;Formación básica;73.68;49.12;66.67;57;28;38;1.52;29/04/2018
2016;Grado;Geografía y Ordenación del Territorio;Zaragoza;Facultad de Filosofía y Letras;Cartografía temática;Normal;Obligatoria;96.97;71.11;73.33;45;32;33;1.03;29/04/2018
2016;Grado;Geografía y Ordenación del Territorio;Zaragoza;Facultad de Filosofía y Letras;Geografía humana: estructura y procesos territoriales II;Normal;Formación básica;83.33;54.35;65.22;46;25;30;1.23;29/04/2018
2016;Grado;Geografía y Ordenación del Territorio;Zaragoza;Facultad de Filosofía y Letras;Biogeografía;Normal;Obligatoria;84.21;82.05;97.44;39;32;38;1.03;29/04/2018
2016;Grado;Geografía y Ordenación del Territorio;Zaragoza;Facultad de Filosofía y Letras;Geografía de la población;Normal;Obligatoria;96.88;81.58;84.21;38;31;32;1.06;29/04/2018
2016;Grado;Geografía y Ordenación del Territorio;Zaragoza;Facultad de Filosofía y Letras;Geografía de Europa;Normal;Obligatoria;100.00;94.12;94.12;34;32;32;1.03;29/04/2018
2016;Grado;Geografía y Ordenación del Territorio;Zaragoza;Facultad de Filosofía y Letras;Tratamiento de la información en Geografía;Normal;Obligatoria;85.71;71.43;83.33;42;30;35;1.16;29/04/2018
2016;Grado;Geografía y Ordenación del Territorio;Zaragoza;Facultad de Filosofía y Letras;Fundamentos jurídicos y sociales para la ordenación territorial y medioambiental;Normal;Formación básica;96.97;82.05;84.62;39;32;33;1.03;29/04/2018
2016;Grado;Geografía y Ordenación del Territorio;Zaragoza;Facultad de Filosofía y Letras;Geografía de España: estructura y organización territorial;Normal;Formación básica;88.24;81.08;91.89;37;30;34;1.19;29/04/2018
2016;Grado;Geografía y Ordenación del Territorio;Zaragoza;Facultad de Filosofía y Letras;Geografía física aplicada a la ordenación del territorio I: el relieve y los seres vivos;Normal;Obligatoria;94.74;78.26;82.61;46;36;38;1.25;29/04/2018
2016;Grado;Geografía y Ordenación del Territorio;Zaragoza;Facultad de Filosofía y Letras;Sistemas de información geográfica;Normal;Obligatoria;78.95;65.22;82.61;46;30;38;1.07;29/04/2018
2016;Grado;Geografía y Ordenación del Territorio;Zaragoza;Facultad de Filosofía y Letras;Edafogeografía;Normal;Formación básica;85.71;83.33;97.22;36;30;35;1.23;29/04/2018
2016;Grado;Geografía y Ordenación del Territorio;Zaragoza;Facultad de Filosofía y Letras;Teledetección;Normal;Obligatoria;94.44;87.18;92.31;40;35;37;1.26;29/04/2018
2016;Grado;Geografía y Ordenación del Territorio;Zaragoza;Facultad de Filosofía y Letras;Hidrogeografía;Normal;Obligatoria;97.14;94.44;97.22;39;37;38;1.11;29/04/2018
2016;Grado;Geografía y Ordenación del Territorio;Zaragoza;Facultad de Filosofía y Letras;Políticas territoriales en las regiones españolas;Normal;Obligatoria;97.22;89.74;92.31;42;38;39;1.37;29/04/2018
2016;Grado;Geografía y Ordenación del Territorio;Zaragoza;Facultad de Filosofía y Letras;Geografía económica: procesos y territorios;Normal;Obligatoria;91.43;86.49;94.59;41;36;39;1.33;29/04/2018
2016;Grado;Geografía y Ordenación del Territorio;Zaragoza;Facultad de Filosofía y Letras;Geografía de Aragón;Normal;Obligatoria;100.00;96.97;96.97;37;36;36;1.00;29/04/2018
2016;Grado;Geografía y Ordenación del Territorio;Zaragoza;Facultad de Filosofía y Letras;Geografía física aplicada a la ordenación del territorio II: el clima y el agua;Normal;Obligatoria;97.14;91.89;94.59;39;36;37;1.14;29/04/2018
2016;Grado;Geografía y Ordenación del Territorio;Zaragoza;Facultad de Filosofía y Letras;Los espacios urbanos: procesos y organización territorial;Normal;Obligatoria;82.50;76.74;93.02;46;36;43;1.58;29/04/2018
2016;Grado;Geografía y Ordenación del Territorio;Zaragoza;Facultad de Filosofía y Letras;Los espacios rurales: diversidad y estrategias para el desarrollo;Normal;Obligatoria;100.00;86.84;86.84;42;37;37;1.13;29/04/2018
2016;Grado;Geografía y Ordenación del Territorio;Zaragoza;Facultad de Filosofía y Letras;Ordenación del territorio: factores y escalas (I);Normal;Obligatoria;88.10;82.22;93.33;50;42;47;1.02;29/04/2018
2016;Grado;Geografía y Ordenación del Territorio;Zaragoza;Facultad de Filosofía y Letras;Geografía y medioambiente;Normal;Obligatoria;97.22;92.11;94.74;41;38;39;1.05;29/04/2018
2016;Grado;Geografía y Ordenación del Territorio;Zaragoza;Facultad de Filosofía y Letras;Análisis integrado del medio natural;Normal;Obligatoria;94.74;87.80;92.68;43;38;40;1.21;29/04/2018
2016;Grado;Geografía y Ordenación del Territorio;Zaragoza;Facultad de Filosofía y Letras;El paisaje en la ordenación del territorio;Normal;Obligatoria;93.94;91.18;97.06;38;35;37;1.00;29/04/2018
2016;Grado;Geografía y Ordenación del Territorio;Zaragoza;Facultad de Filosofía y Letras;Ordenación del territorio: factores y escalas (II);Normal;Obligatoria;100.00;95.00;95.00;45;43;43;1.00;29/04/2018
2016;Grado;Geografía y Ordenación del Territorio;Zaragoza;Facultad de Filosofía y Letras;Geografía social y cultural: procesos y patrones territoriales;Normal;Obligatoria;100.00;90.00;90.00;44;40;40;1.00;29/04/2018
2016;Grado;Geografía y Ordenación del Territorio;Zaragoza;Facultad de Filosofía y Letras;Políticas y estrategias territoriales de la Unión Europea;Normal;Obligatoria;100.00;97.22;97.22;38;37;37;1.03;29/04/2018
2016;Grado;Geografía y Ordenación del Territorio;Zaragoza;Facultad de Filosofía y Letras;Trabajo fin de Grado;Trabajo fin de grado;Trabajo fin de Grado;91.18;57.41;62.96;54;31;34;1.10;29/04/2018
2016;Grado;Geografía y Ordenación del Territorio;Zaragoza;Facultad de Filosofía y Letras;Análisis de riesgos naturales;Normal;Optativa;100.00;93.75;93.75;17;16;16;1.00;29/04/2018
2016;Grado;Geografía y Ordenación del Territorio;Zaragoza;Facultad de Filosofía y Letras;Evaluación de impacto ambiental;Normal;Optativa;100.00;100.00;100.00;19;19;19;1.00;29/04/2018
2016;Grado;Geografía y Ordenación del Territorio;Zaragoza;Facultad de Filosofía y Letras;Métodos para la reconstrucción de paleoambientes;Normal;Optativa;100.00;96.77;96.77;34;33;33;1.03;29/04/2018
2016;Grado;Geografía y Ordenación del Territorio;Zaragoza;Facultad de Filosofía y Letras;Geografía para el desarrollo y la cooperación territorial;Normal;Optativa;100.00;100.00;100.00;7;7;7;1.00;29/04/2018
2016;Grado;Geografía y Ordenación del Territorio;Zaragoza;Facultad de Filosofía y Letras;Geopolítica y globalización;Normal;Optativa;100.00;96.00;96.00;27;26;26;1.00;29/04/2018
2016;Movilidad de entrada;Movilidad para 1º y 2º ciclo y grado;Zaragoza;Facultad de Filosofía y Letras;Geopolítica y globalización;Normal;Optativa;;;;1;1;1;1.00;29/04/2018
2016;Grado;Geografía y Ordenación del Territorio;Zaragoza;Facultad de Filosofía y Letras;Infraestructuras y servicios en la articulación del territorio;Normal;Optativa;100.00;100.00;100.00;14;14;14;1.00;29/04/2018
2016;Movilidad de entrada;Movilidad para 1º y 2º ciclo y grado;Zaragoza;Facultad de Filosofía y Letras;Infraestructuras y servicios en la articulación del territorio;Normal;Optativa;;;;1;1;1;1.00;29/04/2018
2016;Grado;Geografía y Ordenación del Territorio;Zaragoza;Facultad de Filosofía y Letras;Turismo y territorio;Normal;Optativa;100.00;66.67;66.67;7;6;6;1.00;29/04/2018
2016;Grado;Geografía y Ordenación del Territorio;Zaragoza;Facultad de Filosofía y Letras;El tejido industrial en la ordenación territorial;Normal;Optativa;;;;0;0;0;1.00;29/04/2018
2016;Grado;Geografía y Ordenación del Territorio;Zaragoza;Facultad de Filosofía y Letras;Aplicación de la geografía a la educación ambiental;Normal;Optativa;100.00;100.00;100.00;22;22;22;1.05;29/04/2018
2016;Movilidad de entrada;Movilidad para 1º y 2º ciclo y grado;Zaragoza;Facultad de Filosofía y Letras;Aplicación de la geografía a la educación ambiental;Normal;Optativa;;;;2;2;2;1.00;29/04/2018
2016;Grado;Geografía y Ordenación del Territorio;Zaragoza;Facultad de Filosofía y Letras;Prácticas externas;Prácticas externas;Optativa;100.00;85.00;85.00;20;17;17;1.00;29/04/2018
2016;Grado;Veterinaria;Zaragoza;Facultad de Veterinaria;Citología e histología;Normal;Formación básica;85.81;79.17;92.26;168;133;155;1.53;29/04/2018
2016;Grado;Veterinaria;Zaragoza;Facultad de Veterinaria;Biología y bioquímica;Normal;Formación básica;67.04;63.83;95.21;189;121;180;1.89;29/04/2018
2016;Grado;Veterinaria;Zaragoza;Facultad de Veterinaria;Etnología y bienestar animal;Normal;Obligatoria;92.36;86.93;94.12;153;133;144;1.12;29/04/2018
2016;Grado;Veterinaria;Zaragoza;Facultad de Veterinaria;Epidemiología y bioestadística;Normal;Obligatoria;98.61;96.60;97.96;147;142;144;1.00;29/04/2018
2016;Grado;Veterinaria;Zaragoza;Facultad de Veterinaria;Ciencias básicas para veterinaria;Normal;Formación básica;93.62;89.19;95.27;148;132;141;1.10;29/04/2018
2016;Grado;Veterinaria;Zaragoza;Facultad de Veterinaria;Embriología y anatomía I;Normal;Formación básica;88.10;82.68;93.85;179;148;168;1.47;29/04/2018
2016;Grado;Veterinaria;Zaragoza;Facultad de Veterinaria;Embriología y anatomía II;Normal;Formación básica;93.92;89.68;95.48;155;139;148;1.15;29/04/2018
2016;Grado;Veterinaria;Zaragoza;Facultad de Veterinaria;Economía y empresa;Normal;Formación básica;96.64;92.31;95.51;156;144;149;1.21;29/04/2018
2016;Grado;Veterinaria;Zaragoza;Facultad de Veterinaria;Fisiología animal;Normal;Formación básica;82.00;75.00;91.46;164;123;150;1.41;29/04/2018
2016;Grado;Veterinaria;Zaragoza;Facultad de Veterinaria;Microbiología e inmunología;Normal;Obligatoria;94.00;89.81;95.54;158;141;151;1.42;29/04/2018
2016;Grado;Veterinaria;Zaragoza;Facultad de Veterinaria;Genética;Normal;Formación básica;94.56;90.85;96.08;154;140;148;1.23;29/04/2018
2016;Grado;Veterinaria;Zaragoza;Facultad de Veterinaria;Agronomía;Normal;Obligatoria;93.79;93.79;100.00;145;136;145;1.34;29/04/2018
2016;Grado;Veterinaria;Zaragoza;Facultad de Veterinaria;Experimentación animal I;Normal;Optativa;100.00;100.00;100.00;59;59;59;1.07;29/04/2018
2016;Grado;Veterinaria;Zaragoza;Facultad de Veterinaria;Herramientas informáticas para veterinaria;Normal;Optativa;100.00;100.00;100.00;32;32;32;1.03;29/04/2018
2016;Grado;Veterinaria;Zaragoza;Facultad de Veterinaria;Historia de la veterinaria;Normal;Optativa;100.00;96.97;96.97;34;33;33;1.06;29/04/2018
2016;Grado;Veterinaria;Zaragoza;Facultad de Veterinaria;Inglés científico para veterinaria;Normal;Optativa;100.00;98.33;98.33;120;118;118;1.05;29/04/2018
2016;Grado;Veterinaria;Zaragoza;Facultad de Veterinaria;Morfología externa, valoración morfológica e identificación;Normal;Optativa;100.00;100.00;100.00;37;37;37;1.00;29/04/2018
2016;Grado;Veterinaria;Zaragoza;Facultad de Veterinaria;Parasitología;Normal;Obligatoria;95.89;92.11;96.05;153;141;147;1.27;29/04/2018
2016;Grado;Veterinaria;Zaragoza;Facultad de Veterinaria;Genética cuantitativa, genética molecular y mejora;Normal;Obligatoria;95.30;83.04;87.13;172;143;150;1.18;29/04/2018
2016;Grado;Veterinaria;Zaragoza;Facultad de Veterinaria;Nutrición animal;Normal;Obligatoria;87.67;81.53;92.99;158;129;147;1.12;29/04/2018
2016;Grado;Veterinaria;Zaragoza;Facultad de Veterinaria;Farmacología y farmacoterapia;Normal;Obligatoria;95.62;92.25;96.48;147;135;142;1.40;29/04/2018
2016;Grado;Veterinaria;Zaragoza;Facultad de Veterinaria;Patología quirúrgica general, cirugía y anestesiología;Normal;Obligatoria;100.00;100.00;100.00;144;144;144;1.06;29/04/2018
2016;Grado;Veterinaria;Zaragoza;Facultad de Veterinaria;Diagnóstico por imagen;Normal;Obligatoria;93.85;88.41;94.20;144;128;136;1.11;29/04/2018
2016;Grado;Veterinaria;Zaragoza;Facultad de Veterinaria;Anatomía patológica general;Normal;Obligatoria;85.91;81.01;94.30;164;134;155;1.39;29/04/2018
2016;Grado;Veterinaria;Zaragoza;Facultad de Veterinaria;Toxicología;Normal;Obligatoria;88.19;87.59;99.31;150;131;149;1.50;29/04/2018
2016;Grado;Veterinaria;Zaragoza;Facultad de Veterinaria;Patología general y propedéutica I;Normal;Obligatoria;89.17;88.61;99.37;164;146;163;1.37;29/04/2018
2016;Grado;Veterinaria;Zaragoza;Facultad de Veterinaria;Patología general y propedéutica II;Normal;Obligatoria;92.11;84.85;92.12;171;146;158;1.47;29/04/2018
2016;Grado;Veterinaria;Zaragoza;Facultad de Veterinaria;Deontología, veterinaria legal y bioética;Normal;Obligatoria;98.48;95.59;97.06;142;136;138;1.18;29/04/2018
2016;Grado;Veterinaria;Zaragoza;Facultad de Veterinaria;Reproducción y obstetricia;Normal;Obligatoria;84.14;79.22;94.16;157;125;148;1.44;29/04/2018
2016;Grado;Veterinaria;Zaragoza;Facultad de Veterinaria;Integración en rumiantes;Normal;Obligatoria;84.67;80.38;94.94;164;133;156;1.26;29/04/2018
2016;Grado;Veterinaria;Zaragoza;Facultad de Veterinaria;Integración en aves y conejos;Normal;Obligatoria;85.62;81.70;95.42;159;131;152;1.51;29/04/2018
2016;Grado;Veterinaria;Zaragoza;Facultad de Veterinaria;Integración en animales de compañía;Normal;Obligatoria;95.27;88.68;93.08;164;146;153;1.13;29/04/2018
2016;Grado;Veterinaria;Zaragoza;Facultad de Veterinaria;Integración en animales acuáticos y exóticos;Normal;Obligatoria;95.71;91.78;95.89;153;141;147;1.29;29/04/2018
2016;Grado;Veterinaria;Zaragoza;Facultad de Veterinaria;Integración en équidos;Normal;Obligatoria;91.19;83.33;91.38;179;150;164;1.28;29/04/2018
2016;Grado;Veterinaria;Zaragoza;Facultad de Veterinaria;Integración en porcino;Normal;Obligatoria;93.92;89.10;94.87;161;144;153;1.14;29/04/2018
2016;Grado;Veterinaria;Zaragoza;Facultad de Veterinaria;Ecología y medio ambiente;Normal;Optativa;100.00;100.00;100.00;38;38;38;1.00;29/04/2018
2016;Grado;Veterinaria;Zaragoza;Facultad de Veterinaria;Experimentación animal II;Normal;Optativa;100.00;100.00;100.00;27;27;27;1.00;29/04/2018
2016;Grado;Veterinaria;Zaragoza;Facultad de Veterinaria;Fauna silvestre;Normal;Optativa;100.00;98.00;98.00;56;55;55;1.00;29/04/2018
2016;Grado;Veterinaria;Zaragoza;Facultad de Veterinaria;Producción y sanidad apícolas;Normal;Optativa;97.73;95.56;97.78;47;45;46;1.02;29/04/2018
2016;Grado;Veterinaria;Zaragoza;Facultad de Veterinaria;Tecnología alimentaria;Normal;Obligatoria;97.81;96.40;98.56;155;150;153;1.08;29/04/2018
2016;Grado;Veterinaria;Zaragoza;Facultad de Veterinaria;Higiene, inspección y control alimentario;Normal;Obligatoria;93.57;90.34;96.55;156;142;151;1.28;29/04/2018
2016;Grado;Veterinaria;Zaragoza;Facultad de Veterinaria;Prácticum clínico en pequeños animales, exóticos y équidos;Normal;Obligatoria;100.00;99.22;99.22;156;154;155;1.10;29/04/2018
2016;Grado;Veterinaria;Zaragoza;Facultad de Veterinaria;Prácticum clínico en especies de abasto;Normal;Obligatoria;98.50;98.50;100.00;161;159;161;1.10;29/04/2018
2016;Grado;Veterinaria;Zaragoza;Facultad de Veterinaria;Zoonosis, medicina preventiva y política sanitaria;Normal;Obligatoria;100.00;100.00;100.00;152;152;152;1.00;29/04/2018
2016;Grado;Veterinaria;Zaragoza;Facultad de Veterinaria;Prácticas externas tuteladas;Prácticas externas;Prácticas externas;100.00;97.28;97.28;159;155;155;1.00;29/04/2018
2016;Movilidad de entrada;Movilidad para 1º y 2º ciclo y grado;Zaragoza;Facultad de Veterinaria;Prácticas externas tuteladas;Prácticas externas;Optativa;;;;1;0;0;;29/04/2018
2016;Grado;Veterinaria;Zaragoza;Facultad de Veterinaria;Trabajo fin de Grado;Trabajo fin de grado;Trabajo fin de Grado;100.00;82.84;82.84;173;143;143;1.00;29/04/2018
2016;Grado;Relaciones Laborales y Recursos Humanos;Zaragoza;Facultad de Ciencias Sociales y del Trabajo;Psicología del trabajo y de las organizaciones;Normal;Formación básica;70.30;67.30;95.73;211;142;202;1.67;29/04/2018
2016;Grado;Relaciones Laborales y Recursos Humanos;Zaragoza;Facultad de Ciencias Sociales y del Trabajo;Organización de empresas;Normal;Formación básica;67.02;61.17;91.26;206;126;188;1.44;29/04/2018
2016;Grado;Relaciones Laborales y Recursos Humanos;Zaragoza;Facultad de Ciencias Sociales y del Trabajo;Sociología del trabajo;Normal;Formación básica;84.41;76.21;90.29;206;157;186;1.26;29/04/2018
2016;Grado;Relaciones Laborales y Recursos Humanos;Zaragoza;Facultad de Ciencias Sociales y del Trabajo;Historia social y de las relaciones laborales;Normal;Formación básica;65.29;60.00;91.89;185;111;170;1.32;29/04/2018
2016;Grado;Relaciones Laborales y Recursos Humanos;Zaragoza;Facultad de Ciencias Sociales y del Trabajo;Elementos de derecho administrativo;Normal;Formación básica;75.84;62.79;82.79;215;135;178;1.44;29/04/2018
2016;Grado;Relaciones Laborales y Recursos Humanos;Zaragoza;Facultad de Ciencias Sociales y del Trabajo;Elementos de derecho civil;Normal;Formación básica;77.40;66.50;85.92;206;137;177;1.28;29/04/2018
2016;Grado;Relaciones Laborales y Recursos Humanos;Zaragoza;Facultad de Ciencias Sociales y del Trabajo;Economía;Normal;Formación básica;58.24;49.53;85.05;214;106;182;1.28;29/04/2018
2016;Grado;Relaciones Laborales y Recursos Humanos;Zaragoza;Facultad de Ciencias Sociales y del Trabajo;Dirección estratégica;Normal;Formación básica;78.49;66.83;85.15;202;135;172;1.33;29/04/2018
2016;Grado;Relaciones Laborales y Recursos Humanos;Zaragoza;Facultad de Ciencias Sociales y del Trabajo;Métodos y técnicas de investigación social;Normal;Obligatoria;78.42;65.64;83.70;227;149;190;1.82;29/04/2018
2016;Grado;Relaciones Laborales y Recursos Humanos;Zaragoza;Facultad de Ciencias Sociales y del Trabajo;Derecho del trabajo;Normal;Obligatoria;53.33;44.44;83.33;270;120;225;1.89;29/04/2018
2016;Grado;Relaciones Laborales y Recursos Humanos;Zaragoza;Facultad de Ciencias Sociales y del Trabajo;Derecho del trabajo II;Normal;Obligatoria;83.05;79.46;95.68;185;147;177;1.60;29/04/2018
2016;Grado;Relaciones Laborales y Recursos Humanos;Zaragoza;Facultad de Ciencias Sociales y del Trabajo;Estadística;Normal;Formación básica;77.03;69.09;89.70;165;114;148;1.34;29/04/2018
2016;Grado;Relaciones Laborales y Recursos Humanos;Zaragoza;Facultad de Ciencias Sociales y del Trabajo;Economía del trabajo;Normal;Obligatoria;78.57;69.08;87.92;210;145;184;1.83;29/04/2018
2016;Grado;Relaciones Laborales y Recursos Humanos;Zaragoza;Facultad de Ciencias Sociales y del Trabajo;Elementos de derecho de la empresa;Normal;Formación básica;71.15;65.68;92.31;169;111;156;1.50;29/04/2018
2016;Grado;Relaciones Laborales y Recursos Humanos;Zaragoza;Facultad de Ciencias Sociales y del Trabajo;Contabilidad;Normal;Obligatoria;98.37;96.03;97.62;126;121;123;1.05;29/04/2018
2016;Grado;Relaciones Laborales y Recursos Humanos;Zaragoza;Facultad de Ciencias Sociales y del Trabajo;Seguridad social I;Normal;Obligatoria;74.83;69.18;92.45;159;110;147;1.50;29/04/2018
2016;Grado;Relaciones Laborales y Recursos Humanos;Zaragoza;Facultad de Ciencias Sociales y del Trabajo;Métodos del trabajo;Normal;Obligatoria;94.00;85.45;90.91;165;141;150;1.35;29/04/2018
2016;Grado;Relaciones Laborales y Recursos Humanos;Zaragoza;Facultad de Ciencias Sociales y del Trabajo;Teoría de las relaciones laborales;Normal;Obligatoria;95.78;91.38;95.40;175;160;167;1.44;29/04/2018
2016;Grado;Relaciones Laborales y Recursos Humanos;Zaragoza;Facultad de Ciencias Sociales y del Trabajo;Seguridad Social II;Normal;Obligatoria;78.49;72.97;92.97;185;135;172;1.75;29/04/2018
2016;Grado;Relaciones Laborales y Recursos Humanos;Zaragoza;Facultad de Ciencias Sociales y del Trabajo;Derecho colectivo del trabajo;Normal;Obligatoria;93.38;88.81;95.10;145;127;136;1.20;29/04/2018
2016;Grado;Relaciones Laborales y Recursos Humanos;Zaragoza;Facultad de Ciencias Sociales y del Trabajo;Dirección y gestión de recursos humanos;Normal;Obligatoria;65.10;58.79;90.30;169;100;152;1.57;29/04/2018
2016;Grado;Relaciones Laborales y Recursos Humanos;Zaragoza;Facultad de Ciencias Sociales y del Trabajo;Gestión del conflicto y técnicas de negociación;Normal;Obligatoria;92.80;88.55;95.42;131;116;125;1.17;29/04/2018
2016;Grado;Relaciones Laborales y Recursos Humanos;Zaragoza;Facultad de Ciencias Sociales y del Trabajo;Políticas sociolaborales;Normal;Obligatoria;98.31;89.92;91.47;132;119;121;1.12;29/04/2018
2016;Grado;Relaciones Laborales y Recursos Humanos;Zaragoza;Facultad de Ciencias Sociales y del Trabajo;Gestión de recursos humanos: captación, selección y desarrollo;Normal;Obligatoria;94.69;93.86;99.12;115;108;114;1.20;29/04/2018
2016;Grado;Relaciones Laborales y Recursos Humanos;Zaragoza;Facultad de Ciencias Sociales y del Trabajo;Sistemas de relaciones laborales;Normal;Obligatoria;88.97;86.43;97.14;140;121;136;1.38;29/04/2018
2016;Grado;Relaciones Laborales y Recursos Humanos;Zaragoza;Facultad de Ciencias Sociales y del Trabajo;Salud laboral y marco normativo de la prevención de riesgos;Normal;Obligatoria;83.72;83.08;99.23;135;111;132;1.65;29/04/2018
2016;Grado;Relaciones Laborales y Recursos Humanos;Zaragoza;Facultad de Ciencias Sociales y del Trabajo;Derecho procesal laboral;Normal;Obligatoria;81.33;75.00;92.22;183;136;167;1.82;29/04/2018
2016;Grado;Relaciones Laborales y Recursos Humanos;Zaragoza;Facultad de Ciencias Sociales y del Trabajo;Auditoría sociolaboral;Normal;Obligatoria;96.24;94.81;98.52;137;130;135;1.10;29/04/2018
2016;Grado;Relaciones Laborales y Recursos Humanos;Zaragoza;Facultad de Ciencias Sociales y del Trabajo;Gestión de la prevención de riesgos laborales;Normal;Obligatoria;91.34;88.55;96.95;134;118;129;1.29;29/04/2018
2016;Grado;Relaciones Laborales y Recursos Humanos;Zaragoza;Facultad de Ciencias Sociales y del Trabajo;Prácticas externas;Prácticas externas;Prácticas externas;100.00;96.15;96.15;131;126;126;1.00;29/04/2018
2016;Grado;Relaciones Laborales y Recursos Humanos;Zaragoza;Facultad de Ciencias Sociales y del Trabajo;Trabajo fin de Grado;Trabajo fin de grado;Trabajo fin de Grado;97.37;58.42;60.00;190;111;114;1.04;29/04/2018
2016;Grado;Relaciones Laborales y Recursos Humanos;Zaragoza;Facultad de Ciencias Sociales y del Trabajo;Tecnologías aplicadas a la gestión de la información;Normal;Optativa;86.75;76.60;88.30;97;75;86;1.06;29/04/2018
2016;Grado;Relaciones Laborales y Recursos Humanos;Zaragoza;Facultad de Ciencias Sociales y del Trabajo;Inglés específico para relaciones laborales y recursos humanos;Normal;Optativa;63.16;54.55;86.36;69;39;60;1.16;29/04/2018
2016;Grado;Relaciones Laborales y Recursos Humanos;Zaragoza;Facultad de Ciencias Sociales y del Trabajo;Francés específico para relaciones laborales y recursos humanos;Normal;Optativa;86.21;78.13;90.63;34;27;31;1.07;29/04/2018
2016;Grado;Relaciones Laborales y Recursos Humanos;Zaragoza;Facultad de Ciencias Sociales y del Trabajo;Derecho financiero y tributario;Normal;Optativa;93.10;93.10;100.00;66;62;66;1.16;29/04/2018
2016;Grado;Relaciones Laborales y Recursos Humanos;Zaragoza;Facultad de Ciencias Sociales y del Trabajo;Práctica del procedimiento administrativo y procesal laboral;Normal;Optativa;91.67;84.62;92.31;22;19;21;1.00;29/04/2018
2016;Grado;Relaciones Laborales y Recursos Humanos;Zaragoza;Facultad de Ciencias Sociales y del Trabajo;Análisis contable;Normal;Optativa;87.50;87.50;100.00;25;21;24;1.07;29/04/2018
2016;Grado;Relaciones Laborales y Recursos Humanos;Zaragoza;Facultad de Ciencias Sociales y del Trabajo;Práctica de contratación laboral;Normal;Optativa;97.47;93.90;96.34;82;77;79;1.09;29/04/2018
2016;Grado;Relaciones Laborales y Recursos Humanos;Zaragoza;Facultad de Ciencias Sociales y del Trabajo;Creación de empresas;Normal;Optativa;94.29;94.29;100.00;39;34;36;1.00;29/04/2018
2016;Grado;Relaciones Laborales y Recursos Humanos;Zaragoza;Facultad de Ciencias Sociales y del Trabajo;Gestión de la responsabilidad social corporativa en la empresa;Normal;Optativa;81.67;75.38;92.31;79;61;72;1.10;29/04/2018
2016;Grado;Relaciones Laborales y Recursos Humanos;Zaragoza;Facultad de Ciencias Sociales y del Trabajo;Formación y desarrollo;Normal;Optativa;100.00;96.88;96.88;113;106;106;1.01;29/04/2018
2016;Grado;Relaciones Laborales y Recursos Humanos;Zaragoza;Facultad de Ciencias Sociales y del Trabajo;Estudios sociales de la organización;Normal;Optativa;95.83;92.00;96.00;33;30;32;1.00;29/04/2018
2016;Grado;Relaciones Laborales y Recursos Humanos;Zaragoza;Facultad de Ciencias Sociales y del Trabajo;Protección social complementaria;Normal;Optativa;100.00;87.50;87.50;19;17;17;1.00;29/04/2018
2016;Grado;Relaciones Laborales y Recursos Humanos;Zaragoza;Facultad de Ciencias Sociales y del Trabajo;Gestión de retribuciones;Normal;Optativa;97.22;92.11;94.74;39;36;37;1.25;29/04/2018
2016;Grado;Relaciones Laborales y Recursos Humanos;Zaragoza;Facultad de Ciencias Sociales y del Trabajo;Estructura económica de España;Normal;Optativa;72.00;64.29;89.29;37;26;34;1.17;29/04/2018
2016;Grado;Relaciones Laborales y Recursos Humanos;Zaragoza;Facultad de Ciencias Sociales y del Trabajo;Empleo público: el personal al servicio de las administraciones públicas;Normal;Optativa;87.23;80.39;92.16;61;50;56;1.18;29/04/2018
2016;Grado;Relaciones Laborales y Recursos Humanos;Zaragoza;Facultad de Ciencias Sociales y del Trabajo;Régimen jurídico de las organizaciones de economía social;Normal;Optativa;100.00;85.71;85.71;7;6;6;1.17;29/04/2018
2016;Grado;Relaciones Laborales y Recursos Humanos;Zaragoza;Facultad de Ciencias Sociales y del Trabajo;Relaciones de empleo y desigualdad social;Normal;Optativa;97.30;83.72;86.05;47;40;41;1.08;29/04/2018
2016;Grado;Relaciones Laborales y Recursos Humanos;Zaragoza;Facultad de Ciencias Sociales y del Trabajo;Derecho del empleo;Normal;Optativa;100.00;100.00;100.00;43;43;43;1.05;29/04/2018
2016;Grado;Relaciones Laborales y Recursos Humanos;Zaragoza;Facultad de Ciencias Sociales y del Trabajo;Economia del trabajo/Curso adaptación;Normal;Obligatoria;100.00;50.00;50.00;2;1;1;2.00;29/04/2018
2016;Grado;Relaciones Laborales y Recursos Humanos;Zaragoza;Facultad de Ciencias Sociales y del Trabajo;Políticas sociolaborales/Curso adaptación;Normal;Obligatoria;;;;1;0;0;;29/04/2018
2016;Grado;Relaciones Laborales y Recursos Humanos;Zaragoza;Facultad de Ciencias Sociales y del Trabajo;Sistemas de relaciones laborales/Curso adaptación;Normal;Obligatoria;;;;1;0;0;;29/04/2018
2016;Grado;Relaciones Laborales y Recursos Humanos;Zaragoza;Facultad de Ciencias Sociales y del Trabajo;Trabajo fin de Grado/Curso adaptación;Trabajo fin de grado;Trabajo fin de Grado;100.00;40.00;40.00;5;2;2;1.00;29/04/2018
2016;Grado;Arquitectura Técnica;Almunia de Doña Godina (La);Escuela Universitaria Politécnica de la Almunia de Doña Godina;Matemática aplicada a la edificación I;Normal;Formación básica;100.00;62.50;62.50;16;10;10;1.32;29/04/2018
2016;Grado;Arquitectura Técnica;Almunia de Doña Godina (La);Escuela Universitaria Politécnica de la Almunia de Doña Godina;Física I: mecánica general;Normal;Formación básica;75.00;42.86;57.14;14;6;8;1.21;29/04/2018
2016;Grado;Arquitectura Técnica;Almunia de Doña Godina (La);Escuela Universitaria Politécnica de la Almunia de Doña Godina;Fundamentos de los materiales de construcción;Normal;Formación básica;91.67;78.57;85.71;14;11;12;1.16;29/04/2018
2016;Grado;Arquitectura Técnica;Almunia de Doña Godina (La);Escuela Universitaria Politécnica de la Almunia de Doña Godina;Expresión gráfica aplicada a la edificación;Normal;Formación básica;100.00;90.00;90.00;10;9;9;1.00;29/04/2018
2016;Grado;Arquitectura Técnica;Almunia de Doña Godina (La);Escuela Universitaria Politécnica de la Almunia de Doña Godina;Historia de la construcción;Normal;Obligatoria;92.31;85.71;92.86;14;12;13;1.10;29/04/2018
2016;Grado;Arquitectura Técnica;Almunia de Doña Godina (La);Escuela Universitaria Politécnica de la Almunia de Doña Godina;Matemática aplicada a la edificación II;Normal;Formación básica;62.50;55.56;88.89;18;10;16;1.26;29/04/2018
2016;Grado;Arquitectura Técnica;Almunia de Doña Godina (La);Escuela Universitaria Politécnica de la Almunia de Doña Godina;Física II: estática estructural;Normal;Formación básica;90.00;50.00;55.56;18;9;10;1.24;29/04/2018
2016;Grado;Arquitectura Técnica;Almunia de Doña Godina (La);Escuela Universitaria Politécnica de la Almunia de Doña Godina;Materiales I;Normal;Obligatoria;57.14;16.67;29.17;25;5;8;1.08;29/04/2018
2016;Grado;Arquitectura Técnica;Almunia de Doña Godina (La);Escuela Universitaria Politécnica de la Almunia de Doña Godina;Geometría descriptiva;Normal;Formación básica;100.00;80.00;80.00;15;12;12;1.14;29/04/2018
2016;Grado;Arquitectura Técnica;Almunia de Doña Godina (La);Escuela Universitaria Politécnica de la Almunia de Doña Godina;Edificación I;Normal;Obligatoria;55.56;41.67;75.00;12;5;9;1.07;29/04/2018
2016;Grado;Arquitectura Técnica;Almunia de Doña Godina (La);Escuela Universitaria Politécnica de la Almunia de Doña Godina;Fundamentos de las instalaciones;Normal;Formación básica;72.73;50.00;68.75;16;8;11;1.75;29/04/2018
2016;Grado;Arquitectura Técnica;Almunia de Doña Godina (La);Escuela Universitaria Politécnica de la Almunia de Doña Godina;Topografía y replanteos;Normal;Obligatoria;60.00;60.00;100.00;5;3;5;1.17;29/04/2018
2016;Grado;Arquitectura Técnica;Almunia de Doña Godina (La);Escuela Universitaria Politécnica de la Almunia de Doña Godina;Estructuras I: Introducción a las estructuras;Normal;Obligatoria;;;18.75;16;0;3;1.00;29/04/2018
2016;Grado;Arquitectura Técnica;Almunia de Doña Godina (La);Escuela Universitaria Politécnica de la Almunia de Doña Godina;Materiales II;Normal;Obligatoria;69.23;37.50;54.17;27;12;16;1.80;29/04/2018
2016;Grado;Arquitectura Técnica;Almunia de Doña Godina (La);Escuela Universitaria Politécnica de la Almunia de Doña Godina;Edificación II;Normal;Obligatoria;70.00;53.85;76.92;13;7;10;1.46;29/04/2018
2016;Grado;Arquitectura Técnica;Almunia de Doña Godina (La);Escuela Universitaria Politécnica de la Almunia de Doña Godina;Instalaciones I;Normal;Obligatoria;100.00;75.00;75.00;4;3;3;1.25;29/04/2018
2016;Grado;Arquitectura Técnica;Almunia de Doña Godina (La);Escuela Universitaria Politécnica de la Almunia de Doña Godina;Expresión gráfica de tecnologías constructivas;Normal;Obligatoria;100.00;100.00;100.00;1;1;1;1.00;29/04/2018
2016;Grado;Arquitectura Técnica;Almunia de Doña Godina (La);Escuela Universitaria Politécnica de la Almunia de Doña Godina;Estructuras II: hormigón armado;Normal;Obligatoria;100.00;80.00;80.00;5;4;4;1.00;29/04/2018
2016;Grado;Arquitectura Técnica;Almunia de Doña Godina (La);Escuela Universitaria Politécnica de la Almunia de Doña Godina;Materiales III;Normal;Obligatoria;88.89;47.06;52.94;20;11;12;1.11;29/04/2018
2016;Grado;Arquitectura Técnica;Almunia de Doña Godina (La);Escuela Universitaria Politécnica de la Almunia de Doña Godina;Edificación III;Normal;Obligatoria;78.57;61.11;77.78;18;11;14;2.07;29/04/2018
2016;Grado;Arquitectura Técnica;Almunia de Doña Godina (La);Escuela Universitaria Politécnica de la Almunia de Doña Godina;Equipos de obra;Normal;Obligatoria;88.89;84.21;94.74;20;17;19;1.42;29/04/2018
2016;Grado;Arquitectura Técnica;Almunia de Doña Godina (La);Escuela Universitaria Politécnica de la Almunia de Doña Godina;Derecho de la construcción;Normal;Formación básica;100.00;92.31;92.31;14;13;13;1.15;29/04/2018
2016;Grado;Arquitectura Técnica;Almunia de Doña Godina (La);Escuela Universitaria Politécnica de la Almunia de Doña Godina;Instalaciones II;Normal;Obligatoria;87.50;58.33;66.67;26;16;18;1.33;29/04/2018
2016;Grado;Arquitectura Técnica;Almunia de Doña Godina (La);Escuela Universitaria Politécnica de la Almunia de Doña Godina;Estructuras III: estructuras varias;Normal;Obligatoria;100.00;94.12;94.12;18;17;17;1.09;29/04/2018
2016;Grado;Arquitectura Técnica;Almunia de Doña Godina (La);Escuela Universitaria Politécnica de la Almunia de Doña Godina;Mediciones y presupuestos;Normal;Obligatoria;75.00;75.00;100.00;9;7;9;1.00;29/04/2018
2016;Grado;Arquitectura Técnica;Almunia de Doña Godina (La);Escuela Universitaria Politécnica de la Almunia de Doña Godina;Mantenimiento y rehabilitación de edificios;Normal;Obligatoria;82.35;66.67;80.95;22;15;18;1.29;29/04/2018
2016;Grado;Arquitectura Técnica;Almunia de Doña Godina (La);Escuela Universitaria Politécnica de la Almunia de Doña Godina;Organización, programación y control de obras;Normal;Obligatoria;90.00;90.00;100.00;11;10;11;1.33;29/04/2018
2016;Grado;Arquitectura Técnica;Almunia de Doña Godina (La);Escuela Universitaria Politécnica de la Almunia de Doña Godina;Seguridad y salud laboral;Normal;Obligatoria;85.71;77.42;90.32;33;26;30;1.53;29/04/2018
2016;Grado;Arquitectura Técnica;Almunia de Doña Godina (La);Escuela Universitaria Politécnica de la Almunia de Doña Godina;Edificación sostenible y eficiencia energética de los edificios;Normal;Obligatoria;88.00;68.75;78.13;34;24;27;1.32;29/04/2018
2016;Grado;Arquitectura Técnica;Almunia de Doña Godina (La);Escuela Universitaria Politécnica de la Almunia de Doña Godina;Gestión integrada de la calidad, la seguridad y el medio ambiente;Normal;Obligatoria;86.96;62.50;71.88;35;23;26;1.20;29/04/2018
2016;Grado;Arquitectura Técnica;Almunia de Doña Godina (La);Escuela Universitaria Politécnica de la Almunia de Doña Godina;Valoraciones, peritaciones y tasaciones;Normal;Obligatoria;82.35;63.64;77.27;24;16;19;1.11;29/04/2018
2016;Grado;Arquitectura Técnica;Almunia de Doña Godina (La);Escuela Universitaria Politécnica de la Almunia de Doña Godina;Estructuras IV: Geotecnia y cimentaciones;Normal;Obligatoria;89.47;85.00;95.00;21;18;20;1.09;29/04/2018
2016;Grado;Arquitectura Técnica;Almunia de Doña Godina (La);Escuela Universitaria Politécnica de la Almunia de Doña Godina;Gestión económica y empresa;Normal;Formación básica;85.71;60.00;70.00;12;8;9;1.20;29/04/2018
2016;Grado;Arquitectura Técnica;Almunia de Doña Godina (La);Escuela Universitaria Politécnica de la Almunia de Doña Godina;Proyectos técnicos I;Normal;Obligatoria;92.86;92.86;100.00;16;15;16;1.09;29/04/2018
2016;Grado;Arquitectura Técnica;Almunia de Doña Godina (La);Escuela Universitaria Politécnica de la Almunia de Doña Godina;Proyectos técnicos II;Normal;Obligatoria;87.50;53.85;61.54;27;15;17;1.26;29/04/2018
2016;Grado;Arquitectura Técnica;Almunia de Doña Godina (La);Escuela Universitaria Politécnica de la Almunia de Doña Godina;Trabajo fin de Grado;Trabajo fin de grado;Trabajo fin de Grado;95.83;45.10;47.06;52;24;25;1.08;29/04/2018
2016;Grado;Arquitectura Técnica;Almunia de Doña Godina (La);Escuela Universitaria Politécnica de la Almunia de Doña Godina;Jardinería y paisajismo;Normal;Optativa;100.00;100.00;100.00;5;5;5;1.00;29/04/2018
2016;Grado;Arquitectura Técnica;Almunia de Doña Godina (La);Escuela Universitaria Politécnica de la Almunia de Doña Godina;Restauración monumental;Normal;Optativa;100.00;83.33;83.33;6;5;5;1.00;29/04/2018
2016;Grado;Arquitectura Técnica;Almunia de Doña Godina (La);Escuela Universitaria Politécnica de la Almunia de Doña Godina;Inglés;Normal;Optativa;90.91;90.91;100.00;12;11;12;1.07;29/04/2018
2016;Grado;Arquitectura Técnica;Almunia de Doña Godina (La);Escuela Universitaria Politécnica de la Almunia de Doña Godina;Tecnología de la información y comunicaciones asociadas a la edificación;Normal;Optativa;100.00;100.00;100.00;8;8;8;1.00;29/04/2018
2016;Grado;Arquitectura Técnica;Almunia de Doña Godina (La);Escuela Universitaria Politécnica de la Almunia de Doña Godina;Gestión urbanística e impacto ambiental;Normal;Optativa;100.00;100.00;100.00;11;11;11;1.00;29/04/2018
2016;Grado;Arquitectura Técnica;Almunia de Doña Godina (La);Escuela Universitaria Politécnica de la Almunia de Doña Godina;Prácticas en obra y actividad profesional;Prácticas externas;Optativa;100.00;83.33;83.33;6;5;5;1.00;29/04/2018
2016;Grado;Ingeniería Civil;Almunia de Doña Godina (La);Escuela Universitaria Politécnica de la Almunia de Doña Godina;Matemática aplicada a la ingeniería I;Normal;Formación básica;77.78;58.33;75.00;12;7;9;1.31;29/04/2018
2016;Grado;Ingeniería Civil;Almunia de Doña Godina (La);Escuela Universitaria Politécnica de la Almunia de Doña Godina;Expresión gráfica I;Normal;Formación básica;100.00;77.78;77.78;9;7;7;1.09;29/04/2018
2016;Grado;Ingeniería Civil;Almunia de Doña Godina (La);Escuela Universitaria Politécnica de la Almunia de Doña Godina;Informática;Normal;Formación básica;62.50;41.67;66.67;12;5;8;1.33;29/04/2018
2016;Grado;Ingeniería Civil;Almunia de Doña Godina (La);Escuela Universitaria Politécnica de la Almunia de Doña Godina;Física general;Normal;Formación básica;50.00;25.00;50.00;8;2;4;1.00;29/04/2018
2016;Grado;Ingeniería Civil;Almunia de Doña Godina (La);Escuela Universitaria Politécnica de la Almunia de Doña Godina;Ingeniería geológica;Normal;Formación básica;100.00;88.89;88.89;9;8;8;1.00;29/04/2018
2016;Grado;Ingeniería Civil;Almunia de Doña Godina (La);Escuela Universitaria Politécnica de la Almunia de Doña Godina;Matemática aplicada a la Ingeniería II;Normal;Formación básica;61.54;57.14;92.86;14;8;13;2.08;29/04/2018
2016;Grado;Ingeniería Civil;Almunia de Doña Godina (La);Escuela Universitaria Politécnica de la Almunia de Doña Godina;Expresión gráfica II;Normal;Formación básica;83.33;41.67;50.00;12;5;6;1.60;29/04/2018
2016;Grado;Ingeniería Civil;Almunia de Doña Godina (La);Escuela Universitaria Politécnica de la Almunia de Doña Godina;Mecánica;Normal;Formación básica;80.00;40.00;50.00;10;4;5;1.00;29/04/2018
2016;Grado;Ingeniería Civil;Almunia de Doña Godina (La);Escuela Universitaria Politécnica de la Almunia de Doña Godina;Química;Normal;Formación básica;77.78;70.00;90.00;10;7;9;1.73;29/04/2018
2016;Grado;Ingeniería Civil;Almunia de Doña Godina (La);Escuela Universitaria Politécnica de la Almunia de Doña Godina;Economía, organización y gestión de empresas;Normal;Formación básica;66.67;54.55;81.82;11;6;9;1.40;29/04/2018
2016;Grado;Ingeniería Civil;Almunia de Doña Godina (La);Escuela Universitaria Politécnica de la Almunia de Doña Godina;Electrotecnia;Normal;Formación básica;81.82;60.00;73.33;15;9;11;1.36;29/04/2018
2016;Grado;Ingeniería Civil;Almunia de Doña Godina (La);Escuela Universitaria Politécnica de la Almunia de Doña Godina;Estadística;Normal;Formación básica;81.82;75.00;91.67;12;9;11;1.18;29/04/2018
2016;Grado;Ingeniería Civil;Almunia de Doña Godina (La);Escuela Universitaria Politécnica de la Almunia de Doña Godina;Ciencia y tecnología de los materiales;Normal;Obligatoria;81.82;37.50;45.83;25;10;12;1.36;29/04/2018
2016;Grado;Ingeniería Civil;Almunia de Doña Godina (La);Escuela Universitaria Politécnica de la Almunia de Doña Godina;Fundamentos de ingeniería hidráulica;Normal;Obligatoria;55.00;29.73;54.05;37;11;20;3.21;29/04/2018
2016;Grado;Ingeniería Civil;Almunia de Doña Godina (La);Escuela Universitaria Politécnica de la Almunia de Doña Godina;Teoría de estructuras;Normal;Obligatoria;42.86;31.03;72.41;29;9;21;2.64;29/04/2018
2016;Grado;Ingeniería Civil;Almunia de Doña Godina (La);Escuela Universitaria Politécnica de la Almunia de Doña Godina;Tecnología de estructuras;Normal;Obligatoria;87.50;63.64;72.73;11;7;8;1.11;29/04/2018
2016;Grado;Ingeniería Civil;Almunia de Doña Godina (La);Escuela Universitaria Politécnica de la Almunia de Doña Godina;Topografía;Normal;Obligatoria;83.33;71.43;85.71;7;5;6;1.25;29/04/2018
2016;Grado;Ingeniería Civil;Almunia de Doña Godina (La);Escuela Universitaria Politécnica de la Almunia de Doña Godina;Ampliación de ingeniería hidráulica e hidrología;Normal;Obligatoria;50.00;25.00;50.00;28;7;14;1.67;29/04/2018
2016;Grado;Ingeniería Civil;Almunia de Doña Godina (La);Escuela Universitaria Politécnica de la Almunia de Doña Godina;Geotecnia;Normal;Obligatoria;100.00;100.00;100.00;13;13;13;1.15;29/04/2018
2016;Grado;Ingeniería Civil;Almunia de Doña Godina (La);Escuela Universitaria Politécnica de la Almunia de Doña Godina;Evaluación de impacto ambiental;Normal;Obligatoria;90.91;50.00;55.00;20;10;11;1.00;29/04/2018
2016;Grado;Ingeniería Civil;Almunia de Doña Godina (La);Escuela Universitaria Politécnica de la Almunia de Doña Godina;Seguridad y salud en la ingeniería civil;Normal;Obligatoria;88.24;65.22;73.91;23;15;17;1.83;29/04/2018
2016;Grado;Ingeniería Civil;Almunia de Doña Godina (La);Escuela Universitaria Politécnica de la Almunia de Doña Godina;Cartografía, sistemas de información geográfica y teledetección;Normal;Obligatoria;100.00;88.89;88.89;18;16;16;1.44;29/04/2018
2016;Grado;Ingeniería Civil;Almunia de Doña Godina (La);Escuela Universitaria Politécnica de la Almunia de Doña Godina;Procedimientos y organización;Normal;Obligatoria;91.67;68.75;75.00;17;12;13;1.73;29/04/2018
2016;Grado;Ingeniería Civil;Almunia de Doña Godina (La);Escuela Universitaria Politécnica de la Almunia de Doña Godina;Obras de edificación;Normal;Obligatoria;73.33;61.11;83.33;18;11;15;1.45;29/04/2018
2016;Grado;Ingeniería Civil;Almunia de Doña Godina (La);Escuela Universitaria Politécnica de la Almunia de Doña Godina;Ingeniería de los elementos prefabricados;Normal;Obligatoria;69.23;47.37;68.42;20;10;14;1.70;29/04/2018
2016;Grado;Ingeniería Civil;Almunia de Doña Godina (La);Escuela Universitaria Politécnica de la Almunia de Doña Godina;Estructuras de cimentación;Normal;Obligatoria;90.00;81.82;90.91;11;9;10;1.33;29/04/2018
2016;Grado;Ingeniería Civil;Almunia de Doña Godina (La);Escuela Universitaria Politécnica de la Almunia de Doña Godina;Construcción de infraestructuras ferroviarias;Normal;Obligatoria;90.00;90.00;100.00;10;9;10;1.00;29/04/2018
2016;Grado;Ingeniería Civil;Almunia de Doña Godina (La);Escuela Universitaria Politécnica de la Almunia de Doña Godina;Planificación y gestión de obras;Normal;Obligatoria;87.50;77.78;88.89;10;8;9;1.45;29/04/2018
2016;Grado;Ingeniería Civil;Almunia de Doña Godina (La);Escuela Universitaria Politécnica de la Almunia de Doña Godina;Ingeniería marítima y costera;Normal;Obligatoria;83.33;71.43;85.71;14;10;12;1.17;29/04/2018
2016;Grado;Ingeniería Civil;Almunia de Doña Godina (La);Escuela Universitaria Politécnica de la Almunia de Doña Godina;Sistemas de abastecimiento y saneamiento en la ingeniería de la construcción;Normal;Obligatoria;88.89;42.11;47.37;20;9;10;1.40;29/04/2018
2016;Grado;Ingeniería Civil;Almunia de Doña Godina (La);Escuela Universitaria Politécnica de la Almunia de Doña Godina;Obras hidráulicas y aprovechamiento hidroeléctrico;Normal;Obligatoria;50.00;50.00;100.00;4;2;4;2.50;29/04/2018
2016;Grado;Ingeniería Civil;Almunia de Doña Godina (La);Escuela Universitaria Politécnica de la Almunia de Doña Godina;Infraestructuras hidráulicas en medio urbano;Normal;Obligatoria;100.00;66.67;66.67;3;2;2;1.00;29/04/2018
2016;Grado;Ingeniería Civil;Almunia de Doña Godina (La);Escuela Universitaria Politécnica de la Almunia de Doña Godina;Ingeniería sanitaria;Normal;Obligatoria;100.00;100.00;100.00;4;4;4;1.00;29/04/2018
2016;Grado;Ingeniería Civil;Almunia de Doña Godina (La);Escuela Universitaria Politécnica de la Almunia de Doña Godina;Ampliación de hidrología superficial;Normal;Obligatoria;100.00;100.00;100.00;3;3;3;1.33;29/04/2018
2016;Grado;Ingeniería Civil;Almunia de Doña Godina (La);Escuela Universitaria Politécnica de la Almunia de Doña Godina;Ingeniería ambiental;Normal;Obligatoria;100.00;100.00;100.00;3;3;3;1.67;29/04/2018
2016;Grado;Ingeniería Civil;Almunia de Doña Godina (La);Escuela Universitaria Politécnica de la Almunia de Doña Godina;Recursos hidricos;Normal;Obligatoria;100.00;100.00;100.00;1;1;1;1.00;29/04/2018
2016;Grado;Ingeniería Civil;Almunia de Doña Godina (La);Escuela Universitaria Politécnica de la Almunia de Doña Godina;Infraestructuras del transporte: caminos y aeropuertos;Normal;Obligatoria;100.00;100.00;100.00;2;2;2;1.50;29/04/2018
2016;Grado;Ingeniería Civil;Almunia de Doña Godina (La);Escuela Universitaria Politécnica de la Almunia de Doña Godina;Proyectos;Normal;Obligatoria;81.82;69.23;84.62;13;9;11;1.00;29/04/2018
2016;Grado;Ingeniería Civil;Almunia de Doña Godina (La);Escuela Universitaria Politécnica de la Almunia de Doña Godina;Ampliación de estructuras;Normal;Obligatoria;72.22;52.00;72.00;25;13;18;1.60;29/04/2018
2016;Grado;Ingeniería Civil;Almunia de Doña Godina (La);Escuela Universitaria Politécnica de la Almunia de Doña Godina;Construcción de infraestructuras de transporte: caminos;Normal;Obligatoria;100.00;76.92;76.92;15;12;12;1.40;29/04/2018
2016;Grado;Ingeniería Civil;Almunia de Doña Godina (La);Escuela Universitaria Politécnica de la Almunia de Doña Godina;Hidráulica fluvial;Normal;Obligatoria;100.00;100.00;100.00;1;1;1;1.00;29/04/2018
2016;Grado;Ingeniería Civil;Almunia de Doña Godina (La);Escuela Universitaria Politécnica de la Almunia de Doña Godina;Trabajo fin de Grado (Construcciones Civiles);Trabajo fin de grado;Trabajo fin de Grado;100.00;64.52;64.52;31;20;20;1.00;29/04/2018
2016;Grado;Ingeniería Civil;Almunia de Doña Godina (La);Escuela Universitaria Politécnica de la Almunia de Doña Godina;Prácticas en empresas;Prácticas externas;Optativa;100.00;100.00;100.00;5;5;5;1.00;29/04/2018
2016;Grado;Ingeniería Civil;Almunia de Doña Godina (La);Escuela Universitaria Politécnica de la Almunia de Doña Godina;Inglés técnico;Normal;Optativa;100.00;57.14;57.14;7;4;4;1.67;29/04/2018
2016;Grado;Ingeniería Civil;Almunia de Doña Godina (La);Escuela Universitaria Politécnica de la Almunia de Doña Godina;Jardinería y paisajismo;Normal;Optativa;100.00;100.00;100.00;3;3;3;1.00;29/04/2018
2016;Grado;Ingeniería Civil;Almunia de Doña Godina (La);Escuela Universitaria Politécnica de la Almunia de Doña Godina;Obras hidráulicas y aprovechamiento hidroeléctrico;Normal;Optativa;100.00;100.00;100.00;1;1;1;1.33;29/04/2018
2016;Grado;Ingeniería Civil;Almunia de Doña Godina (La);Escuela Universitaria Politécnica de la Almunia de Doña Godina;Ampliación de hidrología superficial;Normal;Optativa;83.33;62.50;75.00;8;5;6;1.00;29/04/2018
2016;Grado;Ingeniería Civil;Almunia de Doña Godina (La);Escuela Universitaria Politécnica de la Almunia de Doña Godina;Ampliación de hidrología subterránea;Normal;Optativa;100.00;100.00;100.00;4;4;4;1.00;29/04/2018
2016;Grado;Ingeniería Civil;Almunia de Doña Godina (La);Escuela Universitaria Politécnica de la Almunia de Doña Godina;Hidráulica fluvial;Normal;Optativa;66.67;57.14;85.71;7;4;6;1.25;29/04/2018
2016;Grado;Ingeniería Civil;Almunia de Doña Godina (La);Escuela Universitaria Politécnica de la Almunia de Doña Godina;Recursos hídricos;Normal;Optativa;100.00;100.00;100.00;5;5;5;1.00;29/04/2018
2016;Grado;Ingeniería Civil;Almunia de Doña Godina (La);Escuela Universitaria Politécnica de la Almunia de Doña Godina;Ingeniería sanitaria;Normal;Optativa;100.00;100.00;100.00;2;2;2;1.00;29/04/2018
2016;Grado;Ingeniería Civil;Almunia de Doña Godina (La);Escuela Universitaria Politécnica de la Almunia de Doña Godina;Ingeniería ambiental;Normal;Optativa;100.00;100.00;100.00;11;11;11;1.00;29/04/2018
2016;Grado;Ingeniería Civil;Almunia de Doña Godina (La);Escuela Universitaria Politécnica de la Almunia de Doña Godina;Legislación urbanística;Normal;Optativa;;;;0;0;0;1.00;29/04/2018
2016;Grado;Ingeniería Civil;Almunia de Doña Godina (La);Escuela Universitaria Politécnica de la Almunia de Doña Godina;Obras de edificación;Normal;Optativa;;;100.00;2;0;2;;29/04/2018
2016;Grado;Ingeniería Civil;Almunia de Doña Godina (La);Escuela Universitaria Politécnica de la Almunia de Doña Godina;Ingeniería de los elementos prefabricados;Normal;Optativa;100.00;100.00;100.00;1;1;1;1.00;29/04/2018
2016;Grado;Ingeniería Civil;Almunia de Doña Godina (La);Escuela Universitaria Politécnica de la Almunia de Doña Godina;Ingeniería marítima y costera;Normal;Optativa;100.00;100.00;100.00;1;1;1;1.00;29/04/2018
2016;Grado;Ingeniería Civil;Almunia de Doña Godina (La);Escuela Universitaria Politécnica de la Almunia de Doña Godina;Trabajo fin de Grado (Hidrología);Trabajo fin de grado;Trabajo fin de Grado;100.00;50.00;50.00;2;1;1;1.00;29/04/2018
2016;Grado;Ingeniería Civil;Almunia de Doña Godina (La);Escuela Universitaria Politécnica de la Almunia de Doña Godina;Trabajo fin de Grado (Tranportes y Servicios Urbanos);Trabajo fin de grado;Trabajo fin de Grado;100.00;25.00;25.00;4;1;1;1.00;29/04/2018
2016;Grado;Ingeniería Civil;Almunia de Doña Godina (La);Escuela Universitaria Politécnica de la Almunia de Doña Godina;Gestión de residuos y técnicas de depuración.Constru.Civiles;Normal;Optativa;100.00;100.00;100.00;1;1;1;1.00;29/04/2018
2016;Grado;Ingeniería Civil;Almunia de Doña Godina (La);Escuela Universitaria Politécnica de la Almunia de Doña Godina;Gestión de residuos y técnicas de depuración. Hidrología;Normal;Optativa;100.00;100.00;100.00;1;1;1;1.00;29/04/2018
2016;Grado;Ingeniería Mecatrónica;Almunia de Doña Godina (La);Escuela Universitaria Politécnica de la Almunia de Doña Godina;Matemáticas I;Normal;Formación básica;67.92;51.43;75.71;70;36;53;1.76;29/04/2018
2016;Grado;Ingeniería Mecatrónica;Almunia de Doña Godina (La);Escuela Universitaria Politécnica de la Almunia de Doña Godina;Fundamentos de física I;Normal;Formación básica;78.72;67.27;85.45;55;37;47;1.15;29/04/2018
2016;Grado;Ingeniería Mecatrónica;Almunia de Doña Godina (La);Escuela Universitaria Politécnica de la Almunia de Doña Godina;Química;Normal;Formación básica;81.82;69.23;84.62;52;36;44;1.38;29/04/2018
2016;Grado;Ingeniería Mecatrónica;Almunia de Doña Godina (La);Escuela Universitaria Politécnica de la Almunia de Doña Godina;Expresión gráfica;Normal;Formación básica;81.40;74.47;91.49;47;35;43;1.20;29/04/2018
2016;Grado;Ingeniería Mecatrónica;Almunia de Doña Godina (La);Escuela Universitaria Politécnica de la Almunia de Doña Godina;Empresa;Normal;Formación básica;72.97;58.70;80.43;46;27;37;1.13;29/04/2018
2016;Grado;Ingeniería Mecatrónica;Almunia de Doña Godina (La);Escuela Universitaria Politécnica de la Almunia de Doña Godina;Matemáticas II;Normal;Formación básica;66.67;45.95;68.92;74;34;51;1.43;29/04/2018
2016;Grado;Ingeniería Mecatrónica;Almunia de Doña Godina (La);Escuela Universitaria Politécnica de la Almunia de Doña Godina;Fundamentos de física II;Normal;Formación básica;84.44;67.86;80.36;56;38;45;1.10;29/04/2018
2016;Grado;Ingeniería Mecatrónica;Almunia de Doña Godina (La);Escuela Universitaria Politécnica de la Almunia de Doña Godina;Informática;Normal;Formación básica;100.00;87.23;87.23;47;41;41;1.18;29/04/2018
2016;Grado;Ingeniería Mecatrónica;Almunia de Doña Godina (La);Escuela Universitaria Politécnica de la Almunia de Doña Godina;Estadística;Normal;Formación básica;93.48;81.13;86.79;53;43;46;1.04;29/04/2018
2016;Grado;Ingeniería Mecatrónica;Almunia de Doña Godina (La);Escuela Universitaria Politécnica de la Almunia de Doña Godina;Ingeniería del medio ambiente;Normal;Obligatoria;83.64;77.97;93.22;59;46;55;1.29;29/04/2018
2016;Grado;Ingeniería Mecatrónica;Almunia de Doña Godina (La);Escuela Universitaria Politécnica de la Almunia de Doña Godina;Matemáticas III;Normal;Formación básica;71.05;65.85;92.68;41;27;38;1.61;29/04/2018
2016;Grado;Ingeniería Mecatrónica;Almunia de Doña Godina (La);Escuela Universitaria Politécnica de la Almunia de Doña Godina;Ingeniería Mecánica;Normal;Obligatoria;92.31;83.72;90.70;43;36;39;1.19;29/04/2018
2016;Grado;Ingeniería Mecatrónica;Almunia de Doña Godina (La);Escuela Universitaria Politécnica de la Almunia de Doña Godina;Ingeniería eléctrica;Normal;Obligatoria;83.78;73.81;88.10;42;31;37;1.24;29/04/2018
2016;Grado;Ingeniería Mecatrónica;Almunia de Doña Godina (La);Escuela Universitaria Politécnica de la Almunia de Doña Godina;Ingeniería térmica y tecnología energética;Normal;Obligatoria;65.12;59.57;91.49;47;28;43;1.60;29/04/2018
2016;Grado;Ingeniería Mecatrónica;Almunia de Doña Godina (La);Escuela Universitaria Politécnica de la Almunia de Doña Godina;Organización y dirección de empresas;Normal;Obligatoria;82.86;74.36;89.74;40;29;35;1.30;29/04/2018
2016;Grado;Ingeniería Mecatrónica;Almunia de Doña Godina (La);Escuela Universitaria Politécnica de la Almunia de Doña Godina;Ingeniería de fluidos;Normal;Obligatoria;90.32;77.78;86.11;36;28;31;1.25;29/04/2018
2016;Grado;Ingeniería Mecatrónica;Almunia de Doña Godina (La);Escuela Universitaria Politécnica de la Almunia de Doña Godina;Elasticidad y resistencia de materiales;Normal;Obligatoria;90.00;83.72;93.02;43;36;40;1.17;29/04/2018
2016;Grado;Ingeniería Mecatrónica;Almunia de Doña Godina (La);Escuela Universitaria Politécnica de la Almunia de Doña Godina;Fundamentos de automática;Normal;Obligatoria;100.00;79.49;79.49;39;31;31;1.03;29/04/2018
2016;Grado;Ingeniería Mecatrónica;Almunia de Doña Godina (La);Escuela Universitaria Politécnica de la Almunia de Doña Godina;Tecnología electrónica I;Normal;Obligatoria;90.32;71.79;79.49;40;28;31;1.34;29/04/2018
2016;Grado;Ingeniería Mecatrónica;Almunia de Doña Godina (La);Escuela Universitaria Politécnica de la Almunia de Doña Godina;Ingeniería de materiales;Normal;Obligatoria;96.43;79.41;82.35;34;27;28;1.00;29/04/2018
2016;Grado;Ingeniería Mecatrónica;Almunia de Doña Godina (La);Escuela Universitaria Politécnica de la Almunia de Doña Godina;Tecnología electrónica II;Normal;Obligatoria;88.89;88.89;100.00;36;32;36;1.18;29/04/2018
2016;Grado;Ingeniería Mecatrónica;Almunia de Doña Godina (La);Escuela Universitaria Politécnica de la Almunia de Doña Godina;Procesos de fabricación I;Normal;Obligatoria;86.67;76.47;88.24;35;27;31;1.22;29/04/2018
2016;Grado;Ingeniería Mecatrónica;Almunia de Doña Godina (La);Escuela Universitaria Politécnica de la Almunia de Doña Godina;Electrotecnia;Normal;Obligatoria;62.50;41.67;66.67;49;21;33;1.22;29/04/2018
2016;Grado;Ingeniería Mecatrónica;Almunia de Doña Godina (La);Escuela Universitaria Politécnica de la Almunia de Doña Godina;Regulación y control automático;Normal;Obligatoria;97.06;94.29;97.14;36;34;35;1.09;29/04/2018
2016;Grado;Ingeniería Mecatrónica;Almunia de Doña Godina (La);Escuela Universitaria Politécnica de la Almunia de Doña Godina;Cálculo y diseño de máquinas;Normal;Obligatoria;65.00;55.32;85.11;48;27;41;1.37;29/04/2018
2016;Grado;Ingeniería Mecatrónica;Almunia de Doña Godina (La);Escuela Universitaria Politécnica de la Almunia de Doña Godina;Procesos de fabricación II;Normal;Obligatoria;96.88;83.78;86.49;38;32;33;1.40;29/04/2018
2016;Grado;Ingeniería Mecatrónica;Almunia de Doña Godina (La);Escuela Universitaria Politécnica de la Almunia de Doña Godina;Electrónica de potencia;Normal;Obligatoria;88.57;88.57;100.00;35;31;35;1.22;29/04/2018
2016;Grado;Ingeniería Mecatrónica;Almunia de Doña Godina (La);Escuela Universitaria Politécnica de la Almunia de Doña Godina;Instrumentación electrónica;Normal;Obligatoria;90.91;88.24;97.06;35;31;34;1.22;29/04/2018
2016;Grado;Ingeniería Mecatrónica;Almunia de Doña Godina (La);Escuela Universitaria Politécnica de la Almunia de Doña Godina;Sistemas electrónicos programables;Normal;Obligatoria;88.00;46.81;53.19;48;23;26;1.00;29/04/2018
2016;Grado;Ingeniería Mecatrónica;Almunia de Doña Godina (La);Escuela Universitaria Politécnica de la Almunia de Doña Godina;Sistemas y máquinas fluidomecánicas;Normal;Obligatoria;87.10;71.05;81.58;40;29;33;1.40;29/04/2018
2016;Grado;Ingeniería Mecatrónica;Almunia de Doña Godina (La);Escuela Universitaria Politécnica de la Almunia de Doña Godina;Oficina técnica;Normal;Obligatoria;93.33;84.85;90.91;35;30;32;1.00;29/04/2018
2016;Grado;Ingeniería Mecatrónica;Almunia de Doña Godina (La);Escuela Universitaria Politécnica de la Almunia de Doña Godina;Automatización e informática industrial;Normal;Obligatoria;97.14;97.14;100.00;36;35;36;1.05;29/04/2018
2016;Grado;Ingeniería Mecatrónica;Almunia de Doña Godina (La);Escuela Universitaria Politécnica de la Almunia de Doña Godina;Robótica;Normal;Obligatoria;100.00;88.24;88.24;35;31;31;1.00;29/04/2018
2016;Grado;Ingeniería Mecatrónica;Almunia de Doña Godina (La);Escuela Universitaria Politécnica de la Almunia de Doña Godina;Diseño y mantenimiento de sistemas mecatrónicos;Normal;Obligatoria;91.18;83.78;91.89;37;31;34;1.32;29/04/2018
2016;Grado;Ingeniería Mecatrónica;Almunia de Doña Godina (La);Escuela Universitaria Politécnica de la Almunia de Doña Godina;Proyecto integrado;Normal;Obligatoria;96.77;90.91;93.94;33;30;31;1.13;29/04/2018
2016;Grado;Ingeniería Mecatrónica;Almunia de Doña Godina (La);Escuela Universitaria Politécnica de la Almunia de Doña Godina;Trabajo fin de Grado;Trabajo fin de grado;Trabajo fin de Grado;100.00;61.90;61.90;45;29;29;1.00;29/04/2018
2016;Grado;Ingeniería Mecatrónica;Almunia de Doña Godina (La);Escuela Universitaria Politécnica de la Almunia de Doña Godina;Automatización avanzada e ingeniería de control;Normal;Optativa;100.00;94.74;94.74;19;18;18;1.10;29/04/2018
2016;Grado;Ingeniería Mecatrónica;Almunia de Doña Godina (La);Escuela Universitaria Politécnica de la Almunia de Doña Godina;Diseño en ingeniería asistida por ordenador;Normal;Optativa;100.00;100.00;100.00;10;10;10;1.00;29/04/2018
2016;Grado;Ingeniería Mecatrónica;Almunia de Doña Godina (La);Escuela Universitaria Politécnica de la Almunia de Doña Godina;Diseño y cálculo de estructuras;Normal;Optativa;100.00;60.00;60.00;5;3;3;1.00;29/04/2018
2016;Grado;Ingeniería Mecatrónica;Almunia de Doña Godina (La);Escuela Universitaria Politécnica de la Almunia de Doña Godina;Instrumentación avanzada;Normal;Optativa;100.00;100.00;100.00;15;15;15;1.00;29/04/2018
2016;Grado;Ingeniería Mecatrónica;Almunia de Doña Godina (La);Escuela Universitaria Politécnica de la Almunia de Doña Godina;Informática avanzada;Normal;Optativa;100.00;100.00;100.00;7;7;7;1.00;29/04/2018
2016;Grado;Ingeniería Mecatrónica;Almunia de Doña Godina (La);Escuela Universitaria Politécnica de la Almunia de Doña Godina;Inglés técnico;Normal;Optativa;95.65;91.67;95.83;24;22;23;1.30;29/04/2018
2016;Grado;Ingeniería Mecatrónica;Almunia de Doña Godina (La);Escuela Universitaria Politécnica de la Almunia de Doña Godina;Normalización y legislación de proyectos industriales;Normal;Optativa;100.00;100.00;100.00;2;2;2;1.00;29/04/2018
2016;Grado;Ingeniería Mecatrónica;Almunia de Doña Godina (La);Escuela Universitaria Politécnica de la Almunia de Doña Godina;Gestión de la calidad y prevención de riesgos laborales;Normal;Optativa;100.00;100.00;100.00;2;2;2;1.00;29/04/2018
2016;Grado;Ingeniería Mecatrónica;Almunia de Doña Godina (La);Escuela Universitaria Politécnica de la Almunia de Doña Godina;Prácticas en empresas;Prácticas externas;Optativa;100.00;88.24;88.24;17;15;15;1.00;29/04/2018
2016;Grado;Ingeniería Agroalimentaria y del Medio Rural;Huesca;Escuela Politécnica Superior;Matemáticas I;Normal;Formación básica;59.09;41.27;69.84;63;26;44;1.88;29/04/2018
2016;Grado;Ingeniería Agroalimentaria y del Medio Rural;Huesca;Escuela Politécnica Superior;Física I;Normal;Formación básica;44.74;22.97;51.35;76;19;40;1.88;29/04/2018
2016;Grado;Ingeniería Agroalimentaria y del Medio Rural;Huesca;Escuela Politécnica Superior;Química I;Normal;Formación básica;59.46;46.81;78.72;47;22;37;1.45;29/04/2018
2016;Grado;Ingeniería Agroalimentaria y del Medio Rural;Huesca;Escuela Politécnica Superior;Informática;Normal;Formación básica;83.78;64.58;77.08;48;31;37;1.44;29/04/2018
2016;Grado;Ingeniería Agroalimentaria y del Medio Rural;Huesca;Escuela Politécnica Superior;Geología, edafología y climatología;Normal;Formación básica;60.00;55.00;91.67;60;33;55;2.00;29/04/2018
2016;Grado;Ingeniería Agroalimentaria y del Medio Rural;Huesca;Escuela Politécnica Superior;Matemáticas II;Normal;Formación básica;52.17;12.63;24.21;96;13;24;1.89;29/04/2018
2016;Grado;Ingeniería Agroalimentaria y del Medio Rural;Huesca;Escuela Politécnica Superior;Física II;Normal;Formación básica;50.00;34.62;69.23;79;28;55;1.97;29/04/2018
2016;Grado;Ingeniería Agroalimentaria y del Medio Rural;Huesca;Escuela Politécnica Superior;Química II;Normal;Formación básica;71.74;64.71;90.20;51;33;46;1.83;29/04/2018
2016;Grado;Ingeniería Agroalimentaria y del Medio Rural;Huesca;Escuela Politécnica Superior;Expresión gráfica;Normal;Formación básica;82.76;53.33;64.44;45;24;29;1.16;29/04/2018
2016;Grado;Ingeniería Agroalimentaria y del Medio Rural;Huesca;Escuela Politécnica Superior;Biología;Normal;Formación básica;40.43;25.68;63.51;76;21;49;2.46;29/04/2018
2016;Grado;Ingeniería Agroalimentaria y del Medio Rural;Huesca;Escuela Politécnica Superior;Estadística;Normal;Formación básica;72.00;62.07;86.21;29;18;25;1.33;29/04/2018
2016;Grado;Ingeniería Agroalimentaria y del Medio Rural;Huesca;Escuela Politécnica Superior;Botánica;Normal;Obligatoria;67.65;67.65;100.00;36;25;36;2.27;29/04/2018
2016;Grado;Ingeniería Agroalimentaria y del Medio Rural;Huesca;Escuela Politécnica Superior;Ciencia animal I;Normal;Obligatoria;96.43;96.43;100.00;28;27;28;1.07;29/04/2018
2016;Grado;Ingeniería Agroalimentaria y del Medio Rural;Huesca;Escuela Politécnica Superior;Motores y máquinas;Normal;Obligatoria;74.07;64.52;87.10;31;20;27;1.60;29/04/2018
2016;Grado;Ingeniería Agroalimentaria y del Medio Rural;Huesca;Escuela Politécnica Superior;Topografía, cartografía y fotogrametría;Normal;Obligatoria;100.00;97.22;97.22;36;35;35;1.00;29/04/2018
2016;Grado;Ingeniería Agroalimentaria y del Medio Rural;Huesca;Escuela Politécnica Superior;Fundamentos de administración de empresas;Normal;Formación básica;81.25;72.22;88.89;18;13;16;1.05;29/04/2018
2016;Grado;Ingeniería Agroalimentaria y del Medio Rural;Huesca;Escuela Politécnica Superior;Fitotecnia;Normal;Obligatoria;78.79;74.29;94.29;36;27;34;1.45;29/04/2018
2016;Grado;Ingeniería Agroalimentaria y del Medio Rural;Huesca;Escuela Politécnica Superior;Ecología y gestión de subproductos agroindustriales;Normal;Obligatoria;96.88;93.94;96.97;33;31;32;1.16;29/04/2018
2016;Grado;Ingeniería Agroalimentaria y del Medio Rural;Huesca;Escuela Politécnica Superior;Resistencia de materiales y cálculo de estructuras;Normal;Obligatoria;60.00;53.57;89.29;29;16;26;1.62;29/04/2018
2016;Grado;Ingeniería Agroalimentaria y del Medio Rural;Huesca;Escuela Politécnica Superior;Electrotecnia y electrificación rural;Normal;Obligatoria;69.23;60.00;86.67;33;19;27;1.16;29/04/2018
2016;Grado;Ingeniería Agroalimentaria y del Medio Rural;Huesca;Escuela Politécnica Superior;Biotecnología;Normal;Obligatoria;40.74;28.21;69.23;44;16;32;1.44;29/04/2018
2016;Grado;Ingeniería Agroalimentaria y del Medio Rural;Huesca;Escuela Politécnica Superior;Hidráulica;Normal;Obligatoria;95.45;95.45;100.00;25;24;25;1.38;29/04/2018
2016;Grado;Ingeniería Agroalimentaria y del Medio Rural;Huesca;Escuela Politécnica Superior;Economía agraria;Normal;Obligatoria;76.19;69.57;91.30;25;18;23;1.43;29/04/2018
2016;Grado;Ingeniería Agroalimentaria y del Medio Rural;Huesca;Escuela Politécnica Superior;Proyectos;Normal;Obligatoria;100.00;100.00;100.00;23;23;23;1.07;29/04/2018
2016;Grado;Ingeniería Agroalimentaria y del Medio Rural;Huesca;Escuela Politécnica Superior;Ciencia animal II;Normal;Obligatoria;85.71;85.71;100.00;17;15;17;1.41;29/04/2018
2016;Grado;Ingeniería Agroalimentaria y del Medio Rural;Huesca;Escuela Politécnica Superior;Producción de monogástricos;Normal;Obligatoria;100.00;100.00;100.00;15;15;15;1.00;29/04/2018
2016;Grado;Ingeniería Agroalimentaria y del Medio Rural;Huesca;Escuela Politécnica Superior;Cultivos herbáceos;Normal;Obligatoria;100.00;91.67;91.67;13;12;12;1.14;29/04/2018
2016;Grado;Ingeniería Agroalimentaria y del Medio Rural;Huesca;Escuela Politécnica Superior;Arboricultura;Normal;Obligatoria;100.00;63.64;63.64;12;8;8;1.36;29/04/2018
2016;Grado;Ingeniería Agroalimentaria y del Medio Rural;Huesca;Escuela Politécnica Superior;Instalaciones en explotaciones agropecuarias;Normal;Obligatoria;91.67;91.67;100.00;12;11;12;1.12;29/04/2018
2016;Grado;Ingeniería Agroalimentaria y del Medio Rural;Huesca;Escuela Politécnica Superior;Construcciones agropecuarias;Normal;Obligatoria;100.00;100.00;100.00;15;14;14;1.00;29/04/2018
2016;Grado;Ingeniería Agroalimentaria y del Medio Rural;Huesca;Escuela Politécnica Superior;Producción hortícola;Normal;Obligatoria;100.00;100.00;100.00;6;6;6;1.17;29/04/2018
2016;Grado;Ingeniería Agroalimentaria y del Medio Rural;Huesca;Escuela Politécnica Superior;Producción frutícola I;Normal;Obligatoria;100.00;100.00;100.00;6;6;6;2.50;29/04/2018
2016;Grado;Ingeniería Agroalimentaria y del Medio Rural;Huesca;Escuela Politécnica Superior;Genética y mejora vegetal en hortofruticultura;Normal;Obligatoria;100.00;100.00;100.00;5;5;5;1.00;29/04/2018
2016;Grado;Ingeniería Agroalimentaria y del Medio Rural;Huesca;Escuela Politécnica Superior;Protección de cultivos hortofrutícolas;Normal;Obligatoria;50.00;50.00;100.00;7;4;7;1.60;29/04/2018
2016;Grado;Ingeniería Agroalimentaria y del Medio Rural;Huesca;Escuela Politécnica Superior;Cultivos ornamentales;Normal;Obligatoria;100.00;100.00;100.00;3;3;3;1.00;29/04/2018
2016;Grado;Ingeniería Agroalimentaria y del Medio Rural;Huesca;Escuela Politécnica Superior;Sistemas de riego y drenaje en explotaciones hortofrutícolas;Normal;Obligatoria;100.00;66.67;66.67;3;2;2;1.00;29/04/2018
2016;Grado;Ingeniería Agroalimentaria y del Medio Rural;Huesca;Escuela Politécnica Superior;Operaciones básicas I;Normal;Obligatoria;85.71;85.71;100.00;7;6;7;1.33;29/04/2018
2016;Grado;Ingeniería Agroalimentaria y del Medio Rural;Huesca;Escuela Politécnica Superior;Operaciones básicas II;Normal;Obligatoria;66.67;66.67;100.00;6;4;6;1.25;29/04/2018
2016;Grado;Ingeniería Agroalimentaria y del Medio Rural;Huesca;Escuela Politécnica Superior;Fundamentos de la tecnología de los alimentos;Normal;Obligatoria;100.00;100.00;100.00;6;6;6;1.00;29/04/2018
2016;Grado;Ingeniería Agroalimentaria y del Medio Rural;Huesca;Escuela Politécnica Superior;Gestión de la calidad de las industrias agroalimentarias;Normal;Obligatoria;100.00;100.00;100.00;4;4;4;1.00;29/04/2018
2016;Grado;Ingeniería Agroalimentaria y del Medio Rural;Huesca;Escuela Politécnica Superior;Ingeniería de las industrias agroalimentarias;Normal;Obligatoria;80.00;80.00;100.00;5;4;5;1.50;29/04/2018
2016;Grado;Ingeniería Agroalimentaria y del Medio Rural;Huesca;Escuela Politécnica Superior;Construcciones agroindustriales;Normal;Obligatoria;100.00;100.00;100.00;4;4;4;1.00;29/04/2018
2016;Grado;Ingeniería Agroalimentaria y del Medio Rural;Huesca;Escuela Politécnica Superior;Producción de rumiantes;Normal;Obligatoria;61.54;61.54;100.00;17;12;17;1.21;29/04/2018
2016;Grado;Ingeniería Agroalimentaria y del Medio Rural;Huesca;Escuela Politécnica Superior;Genética y mejora vegetal;Normal;Obligatoria;100.00;100.00;100.00;12;12;12;1.00;29/04/2018
2016;Grado;Ingeniería Agroalimentaria y del Medio Rural;Huesca;Escuela Politécnica Superior;Protección de cultivos;Normal;Obligatoria;50.00;42.86;85.71;15;7;13;1.46;29/04/2018
2016;Grado;Ingeniería Agroalimentaria y del Medio Rural;Huesca;Escuela Politécnica Superior;Sistemas de riego y drenaje;Normal;Obligatoria;58.33;58.33;100.00;14;9;14;1.64;29/04/2018
2016;Grado;Ingeniería Agroalimentaria y del Medio Rural;Huesca;Escuela Politécnica Superior;Producción frutícola II;Normal;Obligatoria;66.67;66.67;100.00;3;2;3;1.00;29/04/2018
2016;Grado;Ingeniería Agroalimentaria y del Medio Rural;Huesca;Escuela Politécnica Superior;Desarrollo sostenible y medio ambiente;Normal;Obligatoria;100.00;100.00;100.00;1;1;1;1.00;29/04/2018
2016;Grado;Ingeniería Agroalimentaria y del Medio Rural;Huesca;Escuela Politécnica Superior;Ingeniería de las áreas verdes y explotaciones hortofrutícolas;Normal;Obligatoria;100.00;100.00;100.00;1;1;1;1.00;29/04/2018
2016;Grado;Ingeniería Agroalimentaria y del Medio Rural;Huesca;Escuela Politécnica Superior;Jardinería y paisajismo;Normal;Obligatoria;100.00;75.00;75.00;4;3;3;1.33;29/04/2018
2016;Grado;Ingeniería Agroalimentaria y del Medio Rural;Huesca;Escuela Politécnica Superior;Diseño y optimización de industrias agroalimentarias;Normal;Obligatoria;100.00;100.00;100.00;1;1;1;1.00;29/04/2018
2016;Grado;Ingeniería Agroalimentaria y del Medio Rural;Huesca;Escuela Politécnica Superior;Tecnología de las industrias agroalimentarias;Normal;Obligatoria;100.00;100.00;100.00;2;2;2;1.00;29/04/2018
2016;Grado;Ingeniería Agroalimentaria y del Medio Rural;Huesca;Escuela Politécnica Superior;Equipos auxiliares y control de procesos;Normal;Obligatoria;100.00;100.00;100.00;1;1;1;1.00;29/04/2018
2016;Grado;Ingeniería Agroalimentaria y del Medio Rural;Huesca;Escuela Politécnica Superior;Instalaciones agroindustriales;Normal;Obligatoria;100.00;100.00;100.00;2;2;2;1.50;29/04/2018
2016;Grado;Ingeniería Agroalimentaria y del Medio Rural;Huesca;Escuela Politécnica Superior;Trabajo fin de Grado (Explotaciones agropecuarias);Trabajo fin de grado;Trabajo fin de Grado;100.00;69.23;69.23;13;9;9;1.00;29/04/2018
2016;Grado;Ingeniería Agroalimentaria y del Medio Rural;Huesca;Escuela Politécnica Superior;Inglés para la  ingeniería agroalimentaria y del medio rural;Normal;Optativa;70.00;63.64;90.91;11;7;10;1.67;29/04/2018
2016;Grado;Ingeniería Agroalimentaria y del Medio Rural;Huesca;Escuela Politécnica Superior;Análisis químico agrícola;Normal;Optativa;100.00;92.86;92.86;14;13;13;1.00;29/04/2018
2016;Grado;Ingeniería Agroalimentaria y del Medio Rural;Huesca;Escuela Politécnica Superior;Tecnología postcosecha;Normal;Optativa;100.00;100.00;100.00;7;7;7;1.00;29/04/2018
2016;Grado;Ingeniería Agroalimentaria y del Medio Rural;Huesca;Escuela Politécnica Superior;Redes de riego;Normal;Optativa;87.50;87.50;100.00;8;7;8;1.08;29/04/2018
2016;Grado;Ingeniería Agroalimentaria y del Medio Rural;Huesca;Escuela Politécnica Superior;Producción integrada y agroecología;Normal;Optativa;100.00;100.00;100.00;5;5;5;1.00;29/04/2018
2016;Grado;Ingeniería Agroalimentaria y del Medio Rural;Huesca;Escuela Politécnica Superior;Instalaciones de la edificación;Normal;Optativa;100.00;100.00;100.00;10;10;10;1.00;29/04/2018
2016;Grado;Ingeniería Agroalimentaria y del Medio Rural;Huesca;Escuela Politécnica Superior;Aprovechamiento energético de productos y residuos;Normal;Optativa;100.00;100.00;100.00;4;4;4;1.00;29/04/2018
2016;Grado;Ingeniería Agroalimentaria y del Medio Rural;Huesca;Escuela Politécnica Superior;Edafología;Normal;Optativa;100.00;100.00;100.00;6;6;6;1.25;29/04/2018
2016;Grado;Ingeniería Agroalimentaria y del Medio Rural;Huesca;Escuela Politécnica Superior;Trabajo fin de Grado (Hortofruticultura y jardinería);Trabajo fin de grado;Trabajo fin de Grado;100.00;100.00;100.00;1;1;1;1.00;29/04/2018
2016;Grado;Ingeniería Agroalimentaria y del Medio Rural;Huesca;Escuela Politécnica Superior;Trabajo fin de Grado  (Industrias agrarias y alimentarias);Trabajo fin de grado;Trabajo fin de Grado;100.00;50.00;50.00;2;1;1;1.00;29/04/2018
2016;Grado;Gestión y Administración Pública;Huesca;Facultad de Empresa y Gestión Pública;Fundamentos de derecho constitucional;Normal;Formación básica;86.67;65.00;75.00;20;13;15;1.26;29/04/2018
2016;Grado;Gestión y Administración Pública;Huesca;Facultad de Empresa y Gestión Pública;Ciencia de la administración y políticas públicas;Normal;Formación básica;87.50;58.33;66.67;24;14;16;1.00;29/04/2018
2016;Grado;Gestión y Administración Pública;Huesca;Facultad de Empresa y Gestión Pública;Fundamentos de la economía y estructura económica;Normal;Formación básica;100.00;73.33;73.33;15;11;11;1.22;29/04/2018
2016;Grado;Gestión y Administración Pública;Huesca;Facultad de Empresa y Gestión Pública;Sociología de las organizaciones;Normal;Formación básica;100.00;57.14;57.14;14;8;8;1.13;29/04/2018
2016;Grado;Gestión y Administración Pública;Huesca;Facultad de Empresa y Gestión Pública;Informática de gestión;Normal;Formación básica;73.33;57.89;78.95;19;11;15;1.00;29/04/2018
2016;Grado;Gestión y Administración Pública;Huesca;Facultad de Empresa y Gestión Pública;Estadística aplicada;Normal;Formación básica;92.86;76.47;82.35;17;13;14;1.10;29/04/2018
2016;Grado;Gestión y Administración Pública;Huesca;Facultad de Empresa y Gestión Pública;Derecho administrativo general;Normal;Obligatoria;81.82;69.23;84.62;13;9;11;1.38;29/04/2018
2016;Grado;Gestión y Administración Pública;Huesca;Facultad de Empresa y Gestión Pública;Dirección de las organizaciones y gestión de recursos humanos;Normal;Obligatoria;100.00;90.00;90.00;20;18;18;1.67;29/04/2018
2016;Grado;Gestión y Administración Pública;Huesca;Facultad de Empresa y Gestión Pública;Fundamentos de economía financiera y contabilidad pública;Normal;Obligatoria;60.00;46.15;76.92;13;6;10;1.00;29/04/2018
2016;Grado;Gestión y Administración Pública;Huesca;Facultad de Empresa y Gestión Pública;Economía y hacienda del sector público;Normal;Obligatoria;100.00;92.31;92.31;13;12;12;1.00;29/04/2018
2016;Grado;Gestión y Administración Pública;Huesca;Facultad de Empresa y Gestión Pública;Técnicas y métodos de investigación social;Normal;Obligatoria;100.00;90.91;90.91;11;10;10;1.00;29/04/2018
2016;Grado;Gestión y Administración Pública;Huesca;Facultad de Empresa y Gestión Pública;Fuentes de información para la toma de decisiones;Normal;Obligatoria;100.00;76.92;76.92;13;10;10;1.58;29/04/2018
2016;Grado;Gestión y Administración Pública;Huesca;Facultad de Empresa y Gestión Pública;Derecho local, urbanístico y ambiental;Normal;Obligatoria;85.71;85.71;100.00;7;6;7;1.56;29/04/2018
2016;Grado;Gestión y Administración Pública;Huesca;Facultad de Empresa y Gestión Pública;Relaciones laborales y protección social;Normal;Obligatoria;72.73;66.67;91.67;12;8;11;1.29;29/04/2018
2016;Grado;Gestión y Administración Pública;Huesca;Facultad de Empresa y Gestión Pública;Régimen jurídico del empleo público;Normal;Optativa;93.75;57.69;61.54;26;15;16;1.62;29/04/2018
2016;Grado;Gestión y Administración Pública;Huesca;Facultad de Empresa y Gestión Pública;Gestión presupuestaria y financiera;Normal;Obligatoria;100.00;87.50;87.50;8;7;7;1.00;29/04/2018
2016;Grado;Gestión y Administración Pública;Huesca;Facultad de Empresa y Gestión Pública;Poderes constitucionales del estado;Normal;Optativa;66.67;33.33;50.00;6;2;3;1.00;29/04/2018
2016;Grado;Gestión y Administración Pública;Huesca;Facultad de Empresa y Gestión Pública;Régimen fiscal;Normal;Optativa;100.00;75.00;75.00;8;6;6;1.42;29/04/2018
2016;Grado;Gestión y Administración Pública;Huesca;Facultad de Empresa y Gestión Pública;Políticas públicas de igualdad y gestión de la diversidad;Normal;Obligatoria;100.00;87.50;87.50;8;7;7;1.09;29/04/2018
2016;Grado;Gestión y Administración Pública;Huesca;Facultad de Empresa y Gestión Pública;Contratos y sociedades;Normal;Optativa;100.00;100.00;100.00;1;1;1;1.00;29/04/2018
2016;Grado;Gestión y Administración Pública;Huesca;Facultad de Empresa y Gestión Pública;Técnicas de comunicación;Normal;Optativa;;;;0;0;0;1.00;29/04/2018
2016;Grado;Gestión y Administración Pública;Huesca;Facultad de Empresa y Gestión Pública;Instituciones políticas y administrativas de Aragón;Normal;Optativa;100.00;100.00;100.00;5;5;5;1.14;29/04/2018
2016;Grado;Gestión y Administración Pública;Huesca;Facultad de Empresa y Gestión Pública;Gestión de los servicios públicos y gobernanza;Normal;Optativa;;;;0;0;0;1.00;29/04/2018
2016;Grado;Gestión y Administración Pública;Huesca;Facultad de Empresa y Gestión Pública;Calidad y marketing de los servicios públicos;Normal;Optativa;100.00;83.33;83.33;6;5;5;1.00;29/04/2018
2016;Grado;Gestión y Administración Pública;Huesca;Facultad de Empresa y Gestión Pública;Lengua extranjera (Francés);Normal;Optativa;100.00;50.00;50.00;2;1;1;1.00;29/04/2018
2016;Grado;Gestión y Administración Pública;Huesca;Facultad de Empresa y Gestión Pública;Lengua extranjera (Inglés);Normal;Optativa;85.71;75.00;87.50;8;6;7;1.29;29/04/2018
2016;Grado;Gestión y Administración Pública;Huesca;Facultad de Empresa y Gestión Pública;Auditoría y gestión eficiente;Normal;Optativa;100.00;100.00;100.00;8;8;8;1.00;29/04/2018
2016;Grado;Gestión y Administración Pública;Huesca;Facultad de Empresa y Gestión Pública;Economía de la Unión Europea;Normal;Optativa;100.00;100.00;100.00;5;5;5;1.33;29/04/2018
2016;Grado;Gestión y Administración Pública;Huesca;Facultad de Empresa y Gestión Pública;Administración electrónica y documentación;Normal;Optativa;100.00;87.50;87.50;8;7;7;1.00;29/04/2018
2016;Grado;Gestión y Administración Pública;Huesca;Facultad de Empresa y Gestión Pública;Lenguaje administrativo;Normal;Optativa;;;;0;0;0;1.00;29/04/2018
2016;Grado;Gestión y Administración Pública;Huesca;Facultad de Empresa y Gestión Pública;Relaciones intergubernamentales;Normal;Optativa;;;;0;0;0;1.00;29/04/2018
2016;Grado;Gestión y Administración Pública;Huesca;Facultad de Empresa y Gestión Pública;Historia de las administraciones públicas;Normal;Optativa;;;;0;0;0;1.00;29/04/2018
2016;Grado;Gestión y Administración Pública;Huesca;Facultad de Empresa y Gestión Pública;Prácticas en empresas;Prácticas externas;Prácticas externas;100.00;100.00;100.00;4;4;4;1.00;29/04/2018
2016;Grado;Gestión y Administración Pública;Huesca;Facultad de Empresa y Gestión Pública;Trabajo fín de Grado;Trabajo fin de grado;Trabajo fin de Grado;100.00;50.00;50.00;14;7;7;1.00;29/04/2018
2016;Grado;Turismo;Zaragoza;Escuela Universitaria de Turismo de Zaragoza;Introducción a la economía;Normal;Formación básica;72.46;59.52;82.14;84;50;69;1.56;29/04/2018
2016;Grado;Turismo;Zaragoza;Escuela Universitaria de Turismo de Zaragoza;Fundamentos de estadística y gestión financiera;Normal;Formación básica;64.81;46.67;72.00;75;35;54;1.27;29/04/2018
2016;Grado;Turismo;Zaragoza;Escuela Universitaria de Turismo de Zaragoza;Idioma moderno (Inglés);Normal;Formación básica;82.86;78.38;94.59;74;58;70;1.48;29/04/2018
2016;Grado;Turismo;Zaragoza;Escuela Universitaria de Turismo de Zaragoza;Introducción al derecho;Normal;Formación básica;77.61;59.77;77.01;87;52;67;1.23;29/04/2018
2016;Grado;Turismo;Zaragoza;Escuela Universitaria de Turismo de Zaragoza;Turismo y territorio;Normal;Formación básica;86.84;70.21;80.85;94;66;76;1.30;29/04/2018
2016;Grado;Turismo;Zaragoza;Escuela Universitaria de Turismo de Zaragoza;Organización y administración de empresas turísticas;Normal;Formación básica;90.41;80.49;89.02;82;66;73;1.03;29/04/2018
2016;Grado;Turismo;Zaragoza;Escuela Universitaria de Turismo de Zaragoza;Marketing turístico;Normal;Formación básica;92.86;80.00;86.15;65;52;56;1.22;29/04/2018
2016;Grado;Turismo;Zaragoza;Escuela Universitaria de Turismo de Zaragoza;Idioma moderno (francés);Normal;Formación básica;80.95;59.65;73.68;57;34;42;1.21;29/04/2018
2016;Grado;Turismo;Zaragoza;Escuela Universitaria de Turismo de Zaragoza;Idioma moderno (Alemán);Normal;Formación básica;96.00;82.76;86.21;29;24;25;1.04;29/04/2018
2016;Grado;Turismo;Zaragoza;Escuela Universitaria de Turismo de Zaragoza;Recursos patrimoniales;Normal;Formación básica;81.16;57.73;71.13;97;56;69;1.24;29/04/2018
2016;Grado;Turismo;Zaragoza;Escuela Universitaria de Turismo de Zaragoza;Sociología del turismo;Normal;Formación básica;88.89;75.00;84.38;96;72;81;1.10;29/04/2018
2016;Grado;Turismo;Zaragoza;Escuela Universitaria de Turismo de Zaragoza;Estructura económica y política turística;Normal;Obligatoria;58.14;41.67;71.67;60;25;43;1.68;29/04/2018
2016;Grado;Turismo;Zaragoza;Escuela Universitaria de Turismo de Zaragoza;Historia del Arte;Normal;Obligatoria;77.27;47.22;61.11;36;17;22;1.11;29/04/2018
2016;Grado;Turismo;Zaragoza;Escuela Universitaria de Turismo de Zaragoza;Derecho mercantil y laboral del turismo;Normal;Obligatoria;81.25;72.22;88.89;36;26;32;1.41;29/04/2018
2016;Grado;Turismo;Zaragoza;Escuela Universitaria de Turismo de Zaragoza;Francés turístico I;Normal;Obligatoria;83.33;55.56;66.67;27;15;18;1.50;29/04/2018
2016;Grado;Turismo;Zaragoza;Escuela Universitaria de Turismo de Zaragoza;Alemán turístico I;Normal;Obligatoria;100.00;88.89;88.89;18;16;16;1.00;29/04/2018
2016;Grado;Turismo;Zaragoza;Escuela Universitaria de Turismo de Zaragoza;Informática aplicada al turismo;Normal;Obligatoria;100.00;89.36;89.36;47;42;42;1.05;29/04/2018
2016;Grado;Turismo;Zaragoza;Escuela Universitaria de Turismo de Zaragoza;Contabilidad;Normal;Obligatoria;78.05;62.75;80.39;52;33;42;1.69;29/04/2018
2016;Grado;Turismo;Zaragoza;Escuela Universitaria de Turismo de Zaragoza;Inglés turístico I;Normal;Obligatoria;100.00;87.10;87.10;31;27;27;1.22;29/04/2018
2016;Grado;Turismo;Zaragoza;Escuela Universitaria de Turismo de Zaragoza;Técnicas de investigación social;Normal;Obligatoria;72.50;46.77;64.52;62;29;40;1.59;29/04/2018
2016;Grado;Turismo;Zaragoza;Escuela Universitaria de Turismo de Zaragoza;Inglés turístico II;Normal;Obligatoria;89.06;85.07;95.52;68;58;65;1.46;29/04/2018
2016;Grado;Turismo;Zaragoza;Escuela Universitaria de Turismo de Zaragoza;Derecho administrativo del turismo;Normal;Obligatoria;93.18;91.11;97.78;47;43;46;1.18;29/04/2018
2016;Grado;Turismo;Zaragoza;Escuela Universitaria de Turismo de Zaragoza;Análisis de los recursos territoriales turísticos;Normal;Obligatoria;97.73;93.48;95.65;50;47;48;1.10;29/04/2018
2016;Grado;Turismo;Zaragoza;Escuela Universitaria de Turismo de Zaragoza;Investigación de mercados;Normal;Obligatoria;94.44;92.73;98.18;58;54;57;1.20;29/04/2018
2016;Grado;Turismo;Zaragoza;Escuela Universitaria de Turismo de Zaragoza;Operaciones y procesos de producción;Normal;Obligatoria;91.84;90.00;98.00;54;49;53;1.17;29/04/2018
2016;Grado;Turismo;Zaragoza;Escuela Universitaria de Turismo de Zaragoza;Francés turístico II;Normal;Obligatoria;88.89;77.42;87.10;33;25;29;1.19;29/04/2018
2016;Grado;Turismo;Zaragoza;Escuela Universitaria de Turismo de Zaragoza;Alemán turístico II;Normal;Obligatoria;96.15;92.59;96.30;27;25;26;1.12;29/04/2018
2016;Grado;Turismo;Zaragoza;Escuela Universitaria de Turismo de Zaragoza;Análisis de la coyuntura turística;Normal;Obligatoria;87.04;75.81;87.10;70;54;61;1.41;29/04/2018
2016;Grado;Turismo;Zaragoza;Escuela Universitaria de Turismo de Zaragoza;Planificación y gestión territorial del turismo;Normal;Obligatoria;100.00;95.74;95.74;52;50;50;1.22;29/04/2018
2016;Grado;Turismo;Zaragoza;Escuela Universitaria de Turismo de Zaragoza;Gestión de recursos humanos;Normal;Obligatoria;100.00;100.00;100.00;52;51;52;1.06;29/04/2018
2016;Grado;Turismo;Zaragoza;Escuela Universitaria de Turismo de Zaragoza;Dirección financiera;Normal;Obligatoria;84.09;69.81;83.02;58;40;48;1.24;29/04/2018
2016;Grado;Turismo;Zaragoza;Escuela Universitaria de Turismo de Zaragoza;Dirección estratégica;Normal;Obligatoria;97.56;97.56;100.00;49;47;48;1.02;29/04/2018
2016;Grado;Turismo;Zaragoza;Escuela Universitaria de Turismo de Zaragoza;Comunicación y relaciones públicas;Normal;Optativa;100.00;100.00;100.00;18;18;18;1.00;29/04/2018
2016;Grado;Turismo;Zaragoza;Escuela Universitaria de Turismo de Zaragoza;Márketing y calidad de destinos turísticos;Normal;Optativa;100.00;96.43;96.43;35;34;34;1.00;29/04/2018
2016;Grado;Turismo;Zaragoza;Escuela Universitaria de Turismo de Zaragoza;Desarrollo turístico sostenible;Normal;Optativa;100.00;89.47;89.47;19;17;17;1.00;29/04/2018
2016;Grado;Turismo;Zaragoza;Escuela Universitaria de Turismo de Zaragoza;Sectores turísticos y economía;Normal;Optativa;100.00;100.00;100.00;15;15;15;1.00;29/04/2018
2016;Grado;Turismo;Zaragoza;Escuela Universitaria de Turismo de Zaragoza;Contratación turística y prevención de riesgos laborales;Normal;Optativa;100.00;100.00;100.00;29;29;29;1.00;29/04/2018
2016;Grado;Turismo;Zaragoza;Escuela Universitaria de Turismo de Zaragoza;Francés turístico III;Normal;Optativa;100.00;100.00;100.00;15;15;15;1.00;29/04/2018
2016;Grado;Turismo;Zaragoza;Escuela Universitaria de Turismo de Zaragoza;Inglés turístico III;Normal;Optativa;100.00;100.00;100.00;31;31;31;1.00;29/04/2018
2016;Grado;Turismo;Zaragoza;Escuela Universitaria de Turismo de Zaragoza;Alemán turístico III;Normal;Optativa;;;;1;1;1;1.00;29/04/2018
2016;Grado;Turismo;Zaragoza;Escuela Universitaria de Turismo de Zaragoza;Turismo de interior;Normal;Optativa;100.00;100.00;100.00;24;24;24;1.00;29/04/2018
2016;Grado;Turismo;Zaragoza;Escuela Universitaria de Turismo de Zaragoza;Patrimonio natural y cultural de Aragón;Normal;Optativa;100.00;100.00;100.00;19;19;19;1.00;29/04/2018
2016;Grado;Turismo;Zaragoza;Escuela Universitaria de Turismo de Zaragoza;Historia económica del turismo;Normal;Optativa;;;;3;3;3;1.00;29/04/2018
2016;Grado;Turismo;Zaragoza;Escuela Universitaria de Turismo de Zaragoza;Contabilidad de costes y gestión;Normal;Optativa;;;;1;1;1;1.00;29/04/2018
2016;Grado;Turismo;Zaragoza;Escuela Universitaria de Turismo de Zaragoza;Organización de empresas y servicios de alojamiento;Normal;Optativa;95.65;91.67;95.83;26;24;25;1.08;29/04/2018
2016;Grado;Turismo;Zaragoza;Escuela Universitaria de Turismo de Zaragoza;Psicosociología del turismo;Normal;Optativa;100.00;90.91;90.91;36;33;33;1.00;29/04/2018
2016;Grado;Turismo;Zaragoza;Escuela Universitaria de Turismo de Zaragoza;El conocimiento de la identidad europea a través del turismo;Normal;Optativa;;;;2;2;2;1.00;29/04/2018
2016;Grado;Turismo;Zaragoza;Escuela Universitaria de Turismo de Zaragoza;Rutas turísticas españolas a través del arte;Normal;Optativa;100.00;100.00;100.00;19;19;19;1.00;29/04/2018
2016;Grado;Turismo;Zaragoza;Escuela Universitaria de Turismo de Zaragoza;Prácticas en empresas;Prácticas externas;Prácticas externas;100.00;100.00;100.00;44;44;44;1.00;29/04/2018
2016;Grado;Turismo;Zaragoza;Escuela Universitaria de Turismo de Zaragoza;Trabajo fin de Grado;Trabajo fin de grado;Trabajo fin de Grado;100.00;84.31;84.31;51;43;43;1.00;29/04/2018
2016;Grado;Nutrición Humana y Dietética;Huesca;Facultad de Ciencias de la Salud y del Deporte;Fisiología humana;Normal;Formación básica;84.00;75.90;90.36;83;63;75;1.54;29/04/2018
2016;Grado;Nutrición Humana y Dietética;Huesca;Facultad de Ciencias de la Salud y del Deporte;Bioestadística;Normal;Formación básica;98.55;91.89;93.24;74;68;69;1.18;29/04/2018
2016;Grado;Nutrición Humana y Dietética;Huesca;Facultad de Ciencias de la Salud y del Deporte;Antropología y sociología de la alimentación;Normal;Formación básica;97.01;95.59;98.53;68;65;67;1.28;29/04/2018
2016;Grado;Nutrición Humana y Dietética;Huesca;Facultad de Ciencias de la Salud y del Deporte;Anatomía humana;Normal;Formación básica;100.00;100.00;100.00;62;62;62;1.00;29/04/2018
2016;Grado;Nutrición Humana y Dietética;Huesca;Facultad de Ciencias de la Salud y del Deporte;Microbiología de los alimentos;Normal;Obligatoria;93.55;87.88;93.94;66;58;62;1.00;29/04/2018
2016;Grado;Nutrición Humana y Dietética;Huesca;Facultad de Ciencias de la Salud y del Deporte;Metodología científica y epidemiología nutricional;Normal;Obligatoria;94.44;83.95;88.89;81;68;72;1.14;29/04/2018
2016;Grado;Nutrición Humana y Dietética;Huesca;Facultad de Ciencias de la Salud y del Deporte;Toxicología de los alimentos;Normal;Obligatoria;100.00;93.75;93.75;64;60;60;1.00;29/04/2018
2016;Grado;Nutrición Humana y Dietética;Huesca;Facultad de Ciencias de la Salud y del Deporte;Nutrición humana;Normal;Formación básica;82.54;77.61;94.03;67;52;63;1.63;29/04/2018
2016;Grado;Nutrición Humana y Dietética;Huesca;Facultad de Ciencias de la Salud y del Deporte;Bromatología;Normal;Obligatoria;62.07;52.17;84.06;69;36;58;1.79;29/04/2018
2016;Grado;Nutrición Humana y Dietética;Huesca;Facultad de Ciencias de la Salud y del Deporte;Bioquímica y tecnología de los alimentos;Normal;Obligatoria;82.61;68.67;83.13;83;57;69;1.36;29/04/2018
2016;Grado;Nutrición Humana y Dietética;Huesca;Facultad de Ciencias de la Salud y del Deporte;Psicología y comunicación en ciencias de la salud;Normal;Formación básica;89.29;74.63;83.58;67;50;56;1.49;29/04/2018
2016;Grado;Nutrición Humana y Dietética;Huesca;Facultad de Ciencias de la Salud y del Deporte;Dietética;Normal;Obligatoria;89.80;81.48;90.74;54;44;49;1.40;29/04/2018
2016;Grado;Nutrición Humana y Dietética;Huesca;Facultad de Ciencias de la Salud y del Deporte;Salud pública;Normal;Obligatoria;100.00;98.00;98.00;50;49;49;1.00;29/04/2018
2016;Grado;Nutrición Humana y Dietética;Huesca;Facultad de Ciencias de la Salud y del Deporte;Fisiopatología;Normal;Obligatoria;86.89;81.54;93.85;65;53;61;1.26;29/04/2018
2016;Grado;Nutrición Humana y Dietética;Huesca;Facultad de Ciencias de la Salud y del Deporte;Dietoterapia;Normal;Obligatoria;95.35;87.23;91.49;47;41;43;1.17;29/04/2018
2016;Grado;Nutrición Humana y Dietética;Huesca;Facultad de Ciencias de la Salud y del Deporte;Tecnología culinaria;Normal;Obligatoria;88.00;80.00;90.91;55;44;50;1.04;29/04/2018
2016;Grado;Nutrición Humana y Dietética;Huesca;Facultad de Ciencias de la Salud y del Deporte;Patología nutricional;Normal;Obligatoria;97.78;95.65;97.83;46;44;45;1.00;29/04/2018
2016;Grado;Nutrición Humana y Dietética;Huesca;Facultad de Ciencias de la Salud y del Deporte;Nutrición y alimentación en el deporte;Normal;Obligatoria;92.73;89.47;96.49;57;51;55;1.07;29/04/2018
2016;Grado;Nutrición Humana y Dietética;Huesca;Facultad de Ciencias de la Salud y del Deporte;Higiene alimentaria;Normal;Obligatoria;78.26;72.00;92.00;50;36;46;1.34;29/04/2018
2016;Grado;Nutrición Humana y Dietética;Huesca;Facultad de Ciencias de la Salud y del Deporte;Organización y gestión de la empresa alimentaria;Normal;Obligatoria;100.00;100.00;100.00;45;45;45;1.04;29/04/2018
2016;Grado;Nutrición Humana y Dietética;Huesca;Facultad de Ciencias de la Salud y del Deporte;Promoción y educación para la salud;Normal;Obligatoria;97.83;91.84;93.88;49;45;46;1.04;29/04/2018
2016;Grado;Nutrición Humana y Dietética;Huesca;Facultad de Ciencias de la Salud y del Deporte;Nutrición y alimentación infantil;Normal;Obligatoria;91.49;86.00;94.00;50;43;47;1.02;29/04/2018
2016;Grado;Nutrición Humana y Dietética;Huesca;Facultad de Ciencias de la Salud y del Deporte;Gestión de servicios de alimentación;Normal;Obligatoria;95.56;91.49;95.74;49;45;47;1.02;29/04/2018
2016;Grado;Nutrición Humana y Dietética;Huesca;Facultad de Ciencias de la Salud y del Deporte;Prácticum;Prácticas externas;Prácticas externas;100.00;100.00;100.00;43;43;43;1.00;29/04/2018
2016;Grado;Nutrición Humana y Dietética;Huesca;Facultad de Ciencias de la Salud y del Deporte;Nutrición clínica y farmacología;Normal;Obligatoria;96.97;88.89;91.67;38;34;35;1.11;29/04/2018
2016;Grado;Nutrición Humana y Dietética;Huesca;Facultad de Ciencias de la Salud y del Deporte;Bioética y deontología;Normal;Obligatoria;100.00;97.50;97.50;44;43;43;1.10;29/04/2018
2016;Grado;Nutrición Humana y Dietética;Huesca;Facultad de Ciencias de la Salud y del Deporte;Trabajo fin de Grado;Trabajo fin de grado;Trabajo fin de Grado;100.00;75.51;75.51;49;37;37;1.00;29/04/2018
2016;Grado;Nutrición Humana y Dietética;Huesca;Facultad de Ciencias de la Salud y del Deporte;Tecnologías de la información y comunicación en ciencias de la salud;Normal;Optativa;100.00;100.00;100.00;6;6;6;1.00;29/04/2018
2016;Grado;Nutrición Humana y Dietética;Huesca;Facultad de Ciencias de la Salud y del Deporte;Diseño de alimentos para poblaciones con requerimientos especiales;Normal;Optativa;100.00;100.00;100.00;18;18;18;1.11;29/04/2018
2016;Grado;Nutrición Humana y Dietética;Huesca;Facultad de Ciencias de la Salud y del Deporte;Biología molecular y nutrición humana;Normal;Optativa;100.00;100.00;100.00;27;27;27;1.00;29/04/2018
2016;Grado;Nutrición Humana y Dietética;Huesca;Facultad de Ciencias de la Salud y del Deporte;Alimentos funcionales;Normal;Optativa;100.00;100.00;100.00;26;26;26;1.11;29/04/2018
2016;Grado;Nutrición Humana y Dietética;Huesca;Facultad de Ciencias de la Salud y del Deporte;Inglés aplicado en dietética y nutrición;Normal;Optativa;;;;2;2;2;1.00;29/04/2018
2016;Grado;Nutrición Humana y Dietética;Huesca;Facultad de Ciencias de la Salud y del Deporte;Francés aplicado en nutrición;Normal;Optativa;100.00;100.00;100.00;2;2;2;1.00;29/04/2018
2016;Grado;Nutrición Humana y Dietética;Huesca;Facultad de Ciencias de la Salud y del Deporte;Bioquímica estructural;Normal;Formación básica;77.46;61.80;79.78;89;55;71;1.36;29/04/2018
2016;Grado;Nutrición Humana y Dietética;Huesca;Facultad de Ciencias de la Salud y del Deporte;Metabolismo y expresión génica;Normal;Formación básica;96.67;74.36;76.92;78;58;60;1.06;29/04/2018
2016;Grado;Nutrición Humana y Dietética;Huesca;Facultad de Ciencias de la Salud y del Deporte;Bioquímica de los alimentos/Curso adaptación;Normal;Optativa;100.00;50.00;50.00;2;1;1;1.00;29/04/2018
2016;Grado;Nutrición Humana y Dietética;Huesca;Facultad de Ciencias de la Salud y del Deporte;Fundamentos éticos y políticos del consumo/Curso adaptación;Normal;Optativa;100.00;100.00;100.00;1;1;1;1.00;29/04/2018
2016;Grado;Nutrición Humana y Dietética;Huesca;Facultad de Ciencias de la Salud y del Deporte;Organización de la empresa alimentaría/Curso adaptación;Normal;Optativa;;;;0;0;0;1.00;29/04/2018
2016;Grado;Odontología;Huesca;Facultad de Ciencias de la Salud y del Deporte;Anatomía general humana;Normal;Formación básica;100.00;100.00;100.00;34;34;34;1.00;29/04/2018
2016;Grado;Odontología;Huesca;Facultad de Ciencias de la Salud y del Deporte;Fisiología general humana;Normal;Formación básica;77.14;71.05;92.11;38;27;35;1.25;29/04/2018
2016;Grado;Odontología;Huesca;Facultad de Ciencias de la Salud y del Deporte;Bioquímica y biología molecular;Normal;Formación básica;60.78;55.36;91.07;56;31;51;1.34;29/04/2018
2016;Grado;Odontología;Huesca;Facultad de Ciencias de la Salud y del Deporte;Biología celular e histología;Normal;Formación básica;100.00;100.00;100.00;35;35;35;1.00;29/04/2018
2016;Grado;Odontología;Huesca;Facultad de Ciencias de la Salud y del Deporte;Microbiología oral;Normal;Formación básica;94.12;91.43;97.14;35;32;34;1.03;29/04/2018
2016;Grado;Odontología;Huesca;Facultad de Ciencias de la Salud y del Deporte;Psicología y habilidades comunicativas;Normal;Formación básica;97.14;97.14;100.00;35;34;35;1.08;29/04/2018
2016;Grado;Odontología;Huesca;Facultad de Ciencias de la Salud y del Deporte;Bioestadística;Normal;Formación básica;100.00;100.00;100.00;32;32;32;1.00;29/04/2018
2016;Grado;Odontología;Huesca;Facultad de Ciencias de la Salud y del Deporte;Odontología legal y bioética;Normal;Obligatoria;94.44;91.89;97.30;37;34;36;1.15;29/04/2018
2016;Grado;Odontología;Huesca;Facultad de Ciencias de la Salud y del Deporte;Documentación científica en odontología;Normal;Optativa;100.00;92.00;92.00;25;23;23;1.00;29/04/2018
2016;Grado;Odontología;Huesca;Facultad de Ciencias de la Salud y del Deporte;Inglés aplicado en odontología;Normal;Optativa;94.12;88.89;94.44;18;16;17;1.06;29/04/2018
2016;Grado;Odontología;Huesca;Facultad de Ciencias de la Salud y del Deporte;Francés aplicado en odontología;Normal;Optativa;100.00;100.00;100.00;2;2;2;1.00;29/04/2018
2016;Grado;Odontología;Huesca;Facultad de Ciencias de la Salud y del Deporte;Informática aplicada a la odontología;Normal;Optativa;100.00;100.00;100.00;20;20;20;1.00;29/04/2018
2016;Grado;Odontología;Huesca;Facultad de Ciencias de la Salud y del Deporte;Patología quirúrgica general I;Normal;Obligatoria;96.43;96.43;100.00;28;27;28;1.33;29/04/2018
2016;Grado;Odontología;Huesca;Facultad de Ciencias de la Salud y del Deporte;Fisiopatología general;Normal;Formación básica;83.33;75.76;90.91;33;25;30;1.22;29/04/2018
2016;Grado;Odontología;Huesca;Facultad de Ciencias de la Salud y del Deporte;Morfología de cabeza y cuello, fisiología del aparato estomatognático;Normal;Formación básica;96.67;96.67;100.00;30;29;30;1.14;29/04/2018
2016;Grado;Odontología;Huesca;Facultad de Ciencias de la Salud y del Deporte;Epidemiología y salud pública;Normal;Obligatoria;82.76;75.00;90.63;33;25;30;1.36;29/04/2018
2016;Grado;Odontología;Huesca;Facultad de Ciencias de la Salud y del Deporte;Biomateriales odontológicos y ergonomía;Normal;Obligatoria;96.55;96.55;100.00;29;28;29;1.06;29/04/2018
2016;Grado;Odontología;Huesca;Facultad de Ciencias de la Salud y del Deporte;Patología quirúrgica general II;Normal;Obligatoria;100.00;100.00;100.00;30;30;30;1.00;29/04/2018
2016;Grado;Odontología;Huesca;Facultad de Ciencias de la Salud y del Deporte;Patología médica aplicada al aparato estomatognático;Normal;Obligatoria;93.75;93.75;100.00;32;30;32;1.47;29/04/2018
2016;Grado;Odontología;Huesca;Facultad de Ciencias de la Salud y del Deporte;Farmacología;Normal;Formación básica;85.19;76.67;90.00;30;23;27;1.13;29/04/2018
2016;Grado;Odontología;Huesca;Facultad de Ciencias de la Salud y del Deporte;Radiología dental;Normal;Obligatoria;100.00;97.06;97.06;34;33;33;1.00;29/04/2018
2016;Grado;Odontología;Huesca;Facultad de Ciencias de la Salud y del Deporte;Odontología preventiva y comunitaria;Normal;Obligatoria;84.62;84.62;100.00;26;22;26;1.00;29/04/2018
2016;Grado;Odontología;Huesca;Facultad de Ciencias de la Salud y del Deporte;Odontología conservadora I;Normal;Obligatoria;100.00;100.00;100.00;36;36;36;1.03;29/04/2018
2016;Grado;Odontología;Huesca;Facultad de Ciencias de la Salud y del Deporte;Medicina bucal;Normal;Obligatoria;86.84;84.62;97.44;39;33;38;1.33;29/04/2018
2016;Grado;Odontología;Huesca;Facultad de Ciencias de la Salud y del Deporte;Prótesis I;Normal;Obligatoria;100.00;100.00;100.00;35;35;35;1.09;29/04/2018
2016;Grado;Odontología;Huesca;Facultad de Ciencias de la Salud y del Deporte;Cirugía bucal I;Normal;Obligatoria;100.00;100.00;100.00;34;34;34;1.00;29/04/2018
2016;Grado;Odontología;Huesca;Facultad de Ciencias de la Salud y del Deporte;Odontología conservadora II;Normal;Obligatoria;100.00;97.30;97.30;37;36;36;1.17;29/04/2018
2016;Grado;Odontología;Huesca;Facultad de Ciencias de la Salud y del Deporte;Periodoncia I;Normal;Obligatoria;94.29;94.29;100.00;35;33;35;1.03;29/04/2018
2016;Grado;Odontología;Huesca;Facultad de Ciencias de la Salud y del Deporte;Prótesis II;Normal;Obligatoria;100.00;100.00;100.00;35;35;35;1.00;29/04/2018
2016;Grado;Odontología;Huesca;Facultad de Ciencias de la Salud y del Deporte;Cirugía bucal II: Introducción a la implantología y a la cirugía maxilofacial;Normal;Obligatoria;100.00;97.14;97.14;35;34;34;1.06;29/04/2018
2016;Grado;Odontología;Huesca;Facultad de Ciencias de la Salud y del Deporte;Odontología conservadora III;Normal;Obligatoria;94.29;94.29;100.00;39;37;39;1.24;29/04/2018
2016;Grado;Odontología;Huesca;Facultad de Ciencias de la Salud y del Deporte;Ortodoncia;Normal;Obligatoria;90.91;83.33;91.67;40;34;37;1.21;29/04/2018
2016;Grado;Odontología;Huesca;Facultad de Ciencias de la Salud y del Deporte;Prótesis III;Normal;Obligatoria;97.06;97.06;100.00;38;37;38;1.05;29/04/2018
2016;Grado;Odontología;Huesca;Facultad de Ciencias de la Salud y del Deporte;Periodoncia II;Normal;Obligatoria;100.00;100.00;100.00;37;37;37;1.14;29/04/2018
2016;Grado;Odontología;Huesca;Facultad de Ciencias de la Salud y del Deporte;Odontología conservadora IV;Normal;Obligatoria;96.67;93.55;96.77;35;33;34;1.00;29/04/2018
2016;Grado;Odontología;Huesca;Facultad de Ciencias de la Salud y del Deporte;Prótesis IV;Normal;Obligatoria;100.00;93.94;93.94;37;35;35;1.06;29/04/2018
2016;Grado;Odontología;Huesca;Facultad de Ciencias de la Salud y del Deporte;Odontopediatría I;Normal;Obligatoria;96.77;90.91;93.94;37;34;35;1.12;29/04/2018
2016;Grado;Odontología;Huesca;Facultad de Ciencias de la Salud y del Deporte;Prácticas tuteladas (Clínica Odontológica Integrada);Prácticas externas;Prácticas externas;100.00;100.00;100.00;31;31;31;1.00;29/04/2018
2016;Grado;Odontología;Huesca;Facultad de Ciencias de la Salud y del Deporte;Ortodoncia clínica;Normal;Obligatoria;96.77;96.77;100.00;31;30;31;1.27;29/04/2018
2016;Grado;Odontología;Huesca;Facultad de Ciencias de la Salud y del Deporte;Odontopediatría II;Normal;Obligatoria;93.75;93.75;100.00;32;30;32;1.10;29/04/2018
2016;Grado;Odontología;Huesca;Facultad de Ciencias de la Salud y del Deporte;Gerodontología y tratamiento de pacientes especiales;Normal;Obligatoria;100.00;100.00;100.00;31;31;31;1.00;29/04/2018
2016;Grado;Odontología;Huesca;Facultad de Ciencias de la Salud y del Deporte;Trabajo fin de Grado;Trabajo fin de grado;Trabajo fin de Grado;100.00;93.55;93.55;31;29;29;1.00;29/04/2018
2016;Grado;Odontología;Huesca;Facultad de Ciencias de la Salud y del Deporte;Otorrinolaringología odontológica;Normal;Optativa;100.00;90.00;90.00;10;9;9;1.00;29/04/2018
2016;Grado;Odontología;Huesca;Facultad de Ciencias de la Salud y del Deporte;Fotografía dental;Normal;Optativa;100.00;100.00;100.00;10;10;10;1.00;29/04/2018
2016;Grado;Odontología;Huesca;Facultad de Ciencias de la Salud y del Deporte;Medicina bucal en el paciente pediátrico;Normal;Optativa;100.00;100.00;100.00;22;22;22;1.00;29/04/2018
2016;Grado;Odontología;Huesca;Facultad de Ciencias de la Salud y del Deporte;Nutrición y dietética aplicadas a la odontología;Normal;Optativa;100.00;100.00;100.00;27;27;27;1.04;29/04/2018
2016;Grado;Odontología;Huesca;Facultad de Ciencias de la Salud y del Deporte;Dolor orofacial;Normal;Optativa;96.55;87.50;90.63;35;31;32;1.06;29/04/2018
2016;Grado;Odontología;Huesca;Facultad de Ciencias de la Salud y del Deporte;Protección radiológica;Normal;Optativa;100.00;100.00;100.00;50;50;50;1.00;29/04/2018
2016;Grado;Odontología;Huesca;Facultad de Ciencias de la Salud y del Deporte;Farmacología aplicada a la clínica odontológica;Normal;Optativa;97.22;97.22;100.00;38;37;38;1.00;29/04/2018
2016;Grado;Odontología;Huesca;Facultad de Ciencias de la Salud y del Deporte;Implantología;Normal;Optativa;100.00;100.00;100.00;15;15;15;1.07;29/04/2018
2016;Grado;Odontología;Huesca;Facultad de Ciencias de la Salud y del Deporte;Gestión de la clínica odontológica;Normal;Optativa;100.00;100.00;100.00;20;20;20;1.00;29/04/2018
2016;Grado;Ingeniería Electrica;Zaragoza;Escuela de Ingeniería y Arquitectura;Matemáticas I;Normal;Formación básica;64.06;53.25;83.12;77;41;64;1.25;29/04/2018
2016;Grado;Ingeniería Electrica;Zaragoza;Escuela de Ingeniería y Arquitectura;Física I;Normal;Formación básica;59.18;29.00;49.00;100;29;49;1.36;29/04/2018
2016;Grado;Ingeniería Electrica;Zaragoza;Escuela de Ingeniería y Arquitectura;Fundamentos de administración de empresas;Normal;Formación básica;42.86;28.38;66.22;74;21;49;1.41;29/04/2018
2016;Grado;Ingeniería Electrica;Zaragoza;Escuela de Ingeniería y Arquitectura;Informática;Normal;Formación básica;78.26;36.00;46.00;100;36;46;1.42;29/04/2018
2016;Grado;Ingeniería Electrica;Zaragoza;Escuela de Ingeniería y Arquitectura;Química;Normal;Formación básica;55.56;36.46;65.63;96;35;63;1.76;29/04/2018
2016;Grado;Ingeniería Electrica;Zaragoza;Escuela de Ingeniería y Arquitectura;Matemáticas II;Normal;Formación básica;63.64;41.18;64.71;85;35;55;1.53;29/04/2018
2016;Grado;Ingeniería Electrica;Zaragoza;Escuela de Ingeniería y Arquitectura;Física II;Normal;Formación básica;60.00;32.26;53.76;93;30;50;1.62;29/04/2018
2016;Grado;Ingeniería Electrica;Zaragoza;Escuela de Ingeniería y Arquitectura;Expresión gráfica y diseño asistido por ordenador;Normal;Formación básica;78.43;44.94;57.30;89;40;51;1.55;29/04/2018
2016;Grado;Ingeniería Electrica;Zaragoza;Escuela de Ingeniería y Arquitectura;Ingeniería del medio ambiente;Normal;Obligatoria;74.07;43.48;58.70;92;40;54;1.59;29/04/2018
2016;Grado;Ingeniería Electrica;Zaragoza;Escuela de Ingeniería y Arquitectura;Matemáticas III;Normal;Formación básica;78.33;64.38;82.19;73;47;60;1.64;29/04/2018
2016;Grado;Ingeniería Electrica;Zaragoza;Escuela de Ingeniería y Arquitectura;Estadística;Normal;Formación básica;95.00;86.36;90.91;44;38;40;1.06;29/04/2018
2016;Grado;Ingeniería Electrica;Zaragoza;Escuela de Ingeniería y Arquitectura;Termodinámica técnica y fundamentos de transmisión de calor;Normal;Obligatoria;75.00;53.42;71.23;74;40;53;1.74;29/04/2018
2016;Grado;Ingeniería Electrica;Zaragoza;Escuela de Ingeniería y Arquitectura;Mecánica;Normal;Obligatoria;98.28;96.61;98.31;59;57;58;1.20;29/04/2018
2016;Grado;Ingeniería Electrica;Zaragoza;Escuela de Ingeniería y Arquitectura;Análisis de circuitos eléctricos;Normal;Obligatoria;73.85;65.75;89.04;75;50;67;1.62;29/04/2018
2016;Grado;Ingeniería Electrica;Zaragoza;Escuela de Ingeniería y Arquitectura;Fundamentos de electrónica;Normal;Obligatoria;62.16;53.49;86.05;89;49;77;2.10;29/04/2018
2016;Grado;Ingeniería Electrica;Zaragoza;Escuela de Ingeniería y Arquitectura;Resistencia de materiales;Normal;Obligatoria;70.31;47.87;68.09;96;46;65;1.83;29/04/2018
2016;Grado;Ingeniería Electrica;Zaragoza;Escuela de Ingeniería y Arquitectura;Sistemas automáticos;Normal;Obligatoria;63.77;51.76;81.18;86;45;70;1.77;29/04/2018
2016;Grado;Ingeniería Electrica;Zaragoza;Escuela de Ingeniería y Arquitectura;Ingeniería de materiales;Normal;Obligatoria;91.49;87.76;95.92;49;43;47;1.20;29/04/2018
2016;Grado;Ingeniería Electrica;Zaragoza;Escuela de Ingeniería y Arquitectura;Máquinas eléctricas I;Normal;Obligatoria;63.24;53.75;85.00;82;44;69;1.87;29/04/2018
2016;Grado;Ingeniería Electrica;Zaragoza;Escuela de Ingeniería y Arquitectura;Tecnologías de fabricación;Normal;Obligatoria;89.13;85.42;95.83;48;41;46;1.02;29/04/2018
2016;Grado;Ingeniería Electrica;Zaragoza;Escuela de Ingeniería y Arquitectura;Electrónica de potencia;Normal;Obligatoria;48.00;37.50;78.13;76;33;60;2.12;29/04/2018
2016;Grado;Ingeniería Electrica;Zaragoza;Escuela de Ingeniería y Arquitectura;Instalaciones eléctricas de baja tensión;Normal;Obligatoria;66.67;46.67;70.00;64;31;45;2.38;29/04/2018
2016;Grado;Ingeniería Electrica;Zaragoza;Escuela de Ingeniería y Arquitectura;Máquinas eléctricas II;Normal;Obligatoria;80.43;72.55;90.20;58;43;52;1.49;29/04/2018
2016;Grado;Ingeniería Electrica;Zaragoza;Escuela de Ingeniería y Arquitectura;Ingeniería de control;Normal;Obligatoria;79.25;70.00;88.33;65;46;57;1.83;29/04/2018
2016;Grado;Ingeniería Electrica;Zaragoza;Escuela de Ingeniería y Arquitectura;Mecánica de fluidos;Normal;Obligatoria;92.59;53.19;57.45;53;28;31;1.38;29/04/2018
2016;Grado;Ingeniería Electrica;Zaragoza;Escuela de Ingeniería y Arquitectura;Organización y dirección de empresas;Normal;Obligatoria;92.00;85.19;92.59;54;46;50;1.30;29/04/2018
2016;Grado;Ingeniería Electrica;Zaragoza;Escuela de Ingeniería y Arquitectura;Líneas eléctricas;Normal;Obligatoria;97.06;82.50;85.00;42;34;35;1.26;29/04/2018
2016;Grado;Ingeniería Electrica;Zaragoza;Escuela de Ingeniería y Arquitectura;Instalaciones eléctricas en media y alta tensión;Normal;Obligatoria;100.00;92.31;92.31;40;37;37;1.05;29/04/2018
2016;Grado;Ingeniería Electrica;Zaragoza;Escuela de Ingeniería y Arquitectura;Accionamientos de máquinas eléctricas;Normal;Obligatoria;90.70;84.78;93.48;51;42;46;1.21;29/04/2018
2016;Grado;Ingeniería Electrica;Zaragoza;Escuela de Ingeniería y Arquitectura;Oficina de proyectos;Normal;Obligatoria;100.00;93.33;93.33;54;50;50;1.08;29/04/2018
2016;Grado;Ingeniería Electrica;Zaragoza;Escuela de Ingeniería y Arquitectura;Sistemas eléctricos de potencia;Normal;Obligatoria;93.94;88.57;94.29;46;39;41;1.23;29/04/2018
2016;Grado;Ingeniería Electrica;Zaragoza;Escuela de Ingeniería y Arquitectura;Centrales eléctricas;Normal;Obligatoria;100.00;94.44;94.44;41;38;38;1.03;29/04/2018
2016;Grado;Ingeniería Electrica;Zaragoza;Escuela de Ingeniería y Arquitectura;Instalaciones de producción eléctrica con energías renovables;Normal;Obligatoria;93.10;81.82;87.88;40;34;36;1.06;29/04/2018
2016;Grado;Ingeniería Electrica;Zaragoza;Escuela de Ingeniería y Arquitectura;Trabajo fin de Grado;Trabajo fin de grado;Trabajo fin de Grado;100.00;77.78;77.78;56;43;43;1.00;29/04/2018
2016;Grado;Ingeniería Electrica;Zaragoza;Escuela de Ingeniería y Arquitectura;Fundamentos de electrotecnia;Normal;Obligatoria;53.19;23.15;43.52;108;25;47;1.66;29/04/2018
2016;Grado;Ingeniería Electrica;Zaragoza;Escuela de Ingeniería y Arquitectura;Climatización;Normal;Optativa;100.00;100.00;100.00;4;4;4;1.00;29/04/2018
2016;Grado;Ingeniería Electrica;Zaragoza;Escuela de Ingeniería y Arquitectura;Iluminación y Domótica;Normal;Optativa;100.00;93.75;93.75;16;15;15;1.00;29/04/2018
2016;Grado;Ingeniería Electrica;Zaragoza;Escuela de Ingeniería y Arquitectura;Seguridad de instalaciones y equipos eléctricos;Normal;Optativa;100.00;100.00;100.00;15;15;15;1.00;29/04/2018
2016;Grado;Ingeniería Electrica;Zaragoza;Escuela de Ingeniería y Arquitectura;Mantenimiento industrial y de instalaciones auxiliares;Normal;Optativa;100.00;100.00;100.00;27;26;26;1.00;29/04/2018
2016;Grado;Ingeniería Electrica;Zaragoza;Escuela de Ingeniería y Arquitectura;Movilidad eléctrica;Normal;Optativa;100.00;100.00;100.00;15;14;14;1.07;29/04/2018
2016;Grado;Ingeniería Electrica;Zaragoza;Escuela de Ingeniería y Arquitectura;Sistemas electrónicos digitales;Normal;Optativa;100.00;100.00;100.00;6;5;5;1.00;29/04/2018
2016;Grado;Ingeniería Electrica;Zaragoza;Escuela de Ingeniería y Arquitectura;Medidas eléctricas;Normal;Optativa;100.00;100.00;100.00;13;12;12;1.00;29/04/2018
2016;Grado;Ingeniería Electrica;Zaragoza;Escuela de Ingeniería y Arquitectura;Redes eléctricas inteligentes;Normal;Optativa;100.00;100.00;100.00;5;5;5;1.00;29/04/2018
2016;Grado;Ingeniería Mecánica;Zaragoza;Escuela de Ingeniería y Arquitectura;Matemáticas I;Normal;Formación básica;51.65;43.86;84.91;285;125;242;1.54;29/04/2018
2016;Grado;Ingeniería Mecánica;Zaragoza;Escuela de Ingeniería y Arquitectura;Física I;Normal;Formación básica;60.87;37.50;61.61;336;126;207;1.59;29/04/2018
2016;Grado;Ingeniería Mecánica;Zaragoza;Escuela de Ingeniería y Arquitectura;Fundamentos de administración de empresas;Normal;Formación básica;44.39;38.22;86.10;259;99;223;1.48;29/04/2018
2016;Grado;Ingeniería Mecánica;Zaragoza;Escuela de Ingeniería y Arquitectura;Expresión gráfica y diseño asistido por ordenador;Normal;Formación básica;42.28;34.55;81.73;302;105;247;1.57;29/04/2018
2016;Grado;Ingeniería Mecánica;Zaragoza;Escuela de Ingeniería y Arquitectura;Química;Normal;Formación básica;53.27;37.19;69.82;285;106;199;1.30;29/04/2018
2016;Grado;Ingeniería Mecánica;Zaragoza;Escuela de Ingeniería y Arquitectura;Matemáticas II;Normal;Formación básica;53.85;36.96;68.65;303;112;208;1.51;29/04/2018
2016;Grado;Ingeniería Mecánica;Zaragoza;Escuela de Ingeniería y Arquitectura;Física II;Normal;Formación básica;59.02;33.99;57.58;356;121;205;1.70;29/04/2018
2016;Grado;Ingeniería Mecánica;Zaragoza;Escuela de Ingeniería y Arquitectura;Fundamentos de informática;Normal;Formación básica;72.77;38.08;52.33;365;139;191;1.46;29/04/2018
2016;Grado;Ingeniería Mecánica;Zaragoza;Escuela de Ingeniería y Arquitectura;Estadística;Normal;Formación básica;74.38;58.08;78.08;260;151;203;1.33;29/04/2018
2016;Grado;Ingeniería Mecánica;Zaragoza;Escuela de Ingeniería y Arquitectura;Ingeniería del medio ambiente;Normal;Obligatoria;71.13;55.56;78.10;306;170;239;1.55;29/04/2018
2016;Grado;Ingeniería Mecánica;Zaragoza;Escuela de Ingeniería y Arquitectura;Matemáticas III;Normal;Formación básica;47.27;34.82;73.66;226;80;167;1.79;29/04/2018
2016;Grado;Ingeniería Mecánica;Zaragoza;Escuela de Ingeniería y Arquitectura;Mecánica;Normal;Obligatoria;75.35;62.94;83.53;171;108;143;1.34;29/04/2018
2016;Grado;Ingeniería Mecánica;Zaragoza;Escuela de Ingeniería y Arquitectura;Fundamentos de ingeniería de materiales;Normal;Obligatoria;58.06;53.25;91.72;169;90;155;1.62;29/04/2018
2016;Grado;Ingeniería Mecánica;Zaragoza;Escuela de Ingeniería y Arquitectura;Termodinámica técnica y fundamentos de transmisión de calor;Normal;Obligatoria;70.99;63.89;90.00;180;115;162;1.76;29/04/2018
2016;Grado;Ingeniería Mecánica;Zaragoza;Escuela de Ingeniería y Arquitectura;Dibujo industrial;Normal;Obligatoria;87.18;80.47;92.31;169;136;156;1.53;29/04/2018
2016;Grado;Ingeniería Mecánica;Zaragoza;Escuela de Ingeniería y Arquitectura;Fundamentos de electrotecnia;Normal;Obligatoria;82.35;76.36;92.73;165;126;153;1.22;29/04/2018
2016;Grado;Ingeniería Mecánica;Zaragoza;Escuela de Ingeniería y Arquitectura;Mecánica de fluidos;Normal;Obligatoria;79.55;57.69;72.53;184;106;133;1.50;29/04/2018
2016;Grado;Ingeniería Mecánica;Zaragoza;Escuela de Ingeniería y Arquitectura;Resistencia de materiales;Normal;Obligatoria;69.94;55.25;79.00;223;125;177;1.73;29/04/2018
2016;Grado;Ingeniería Mecánica;Zaragoza;Escuela de Ingeniería y Arquitectura;Tecnología de materiales;Normal;Obligatoria;78.63;59.20;75.29;174;103;131;1.11;29/04/2018
2016;Grado;Ingeniería Mecánica;Zaragoza;Escuela de Ingeniería y Arquitectura;Teoría de mecanismos y máquinas;Normal;Obligatoria;74.85;56.31;75.23;223;125;167;1.74;29/04/2018
2016;Grado;Ingeniería Mecánica;Zaragoza;Escuela de Ingeniería y Arquitectura;Tecnologías de fabricación I;Normal;Obligatoria;78.67;69.41;88.24;177;124;157;1.88;29/04/2018
2016;Grado;Ingeniería Mecánica;Zaragoza;Escuela de Ingeniería y Arquitectura;Fundamentos de electrónica;Normal;Obligatoria;77.85;65.54;84.18;186;124;157;1.31;29/04/2018
2016;Grado;Ingeniería Mecánica;Zaragoza;Escuela de Ingeniería y Arquitectura;Mecánica de sólidos deformables;Normal;Obligatoria;74.34;58.25;78.35;212;130;170;1.61;29/04/2018
2016;Grado;Ingeniería Mecánica;Zaragoza;Escuela de Ingeniería y Arquitectura;Criterios de diseño de máquinas;Normal;Obligatoria;91.03;85.16;93.55;160;136;149;1.39;29/04/2018
2016;Grado;Ingeniería Mecánica;Zaragoza;Escuela de Ingeniería y Arquitectura;Ingeniería térmica;Normal;Obligatoria;80.58;71.79;89.10;160;116;143;1.37;29/04/2018
2016;Grado;Ingeniería Mecánica;Zaragoza;Escuela de Ingeniería y Arquitectura;Tecnologías de fabricación II;Normal;Obligatoria;83.57;80.69;96.55;152;124;147;1.30;29/04/2018
2016;Grado;Ingeniería Mecánica;Zaragoza;Escuela de Ingeniería y Arquitectura;Sistemas automáticos;Normal;Obligatoria;59.69;45.56;76.33;181;88;141;1.60;29/04/2018
2016;Grado;Ingeniería Mecánica;Zaragoza;Escuela de Ingeniería y Arquitectura;Teoría de estructuras y construcciones industriales;Normal;Obligatoria;83.24;80.90;97.19;203;164;195;1.58;29/04/2018
2016;Grado;Ingeniería Mecánica;Zaragoza;Escuela de Ingeniería y Arquitectura;Máquinas y motores térmicos;Normal;Obligatoria;73.37;65.61;89.42;201;134;181;1.51;29/04/2018
2016;Grado;Ingeniería Mecánica;Zaragoza;Escuela de Ingeniería y Arquitectura;Máquinas e instalaciones de fluidos;Normal;Obligatoria;67.91;59.35;87.38;226;139;199;1.79;29/04/2018
2016;Grado;Ingeniería Mecánica;Zaragoza;Escuela de Ingeniería y Arquitectura;Oficina de proyectos;Normal;Obligatoria;90.99;89.38;98.23;137;120;135;1.35;29/04/2018
2016;Grado;Ingeniería Mecánica;Zaragoza;Escuela de Ingeniería y Arquitectura;Organización y dirección de empresas;Normal;Obligatoria;89.08;84.80;95.20;159;139;152;1.18;29/04/2018
2016;Grado;Ingeniería Mecánica;Zaragoza;Escuela de Ingeniería y Arquitectura;Trabajo fin de Grado;Trabajo fin de grado;Trabajo fin de Grado;100.00;65.24;65.24;178;120;120;1.00;29/04/2018
2016;Grado;Ingeniería Mecánica;Zaragoza;Escuela de Ingeniería y Arquitectura;Sistemas térmicos de generación;Normal;Optativa;85.71;85.71;100.00;19;16;19;1.25;29/04/2018
2016;Grado;Ingeniería Mecánica;Zaragoza;Escuela de Ingeniería y Arquitectura;Calor y frío industrial;Normal;Optativa;100.00;100.00;100.00;20;19;20;1.00;29/04/2018
2016;Grado;Ingeniería Mecánica;Zaragoza;Escuela de Ingeniería y Arquitectura;Motores de combustión;Normal;Optativa;90.00;81.82;90.91;24;21;22;1.00;29/04/2018
2016;Grado;Ingeniería Mecánica;Zaragoza;Escuela de Ingeniería y Arquitectura;Diseño de instalaciones de fluidos;Normal;Optativa;100.00;100.00;100.00;12;11;12;1.00;29/04/2018
2016;Grado;Ingeniería Mecánica;Zaragoza;Escuela de Ingeniería y Arquitectura;Tecnología de la construcción;Normal;Optativa;100.00;91.67;91.67;34;30;30;1.00;29/04/2018
2016;Grado;Ingeniería Mecánica;Zaragoza;Escuela de Ingeniería y Arquitectura;Estructuras metálicas;Normal;Optativa;100.00;100.00;100.00;12;12;12;1.00;29/04/2018
2016;Grado;Ingeniería Mecánica;Zaragoza;Escuela de Ingeniería y Arquitectura;Análisis estructural de instalaciones industriales;Normal;Optativa;100.00;100.00;100.00;6;6;6;1.00;29/04/2018
2016;Grado;Ingeniería Mecánica;Zaragoza;Escuela de Ingeniería y Arquitectura;Estructuras de hormigón;Normal;Optativa;100.00;75.00;75.00;11;10;10;1.20;29/04/2018
2016;Grado;Ingeniería Mecánica;Zaragoza;Escuela de Ingeniería y Arquitectura;Materiales industriales avanzados;Normal;Optativa;100.00;100.00;100.00;78;77;78;1.01;29/04/2018
2016;Grado;Ingeniería Mecánica;Zaragoza;Escuela de Ingeniería y Arquitectura;Cálculo de elementos de máquinas;Normal;Optativa;93.18;93.18;100.00;53;49;52;1.24;29/04/2018
2016;Grado;Ingeniería Mecánica;Zaragoza;Escuela de Ingeniería y Arquitectura;Diseño y arquitectura de vehículos;Normal;Optativa;100.00;97.73;97.73;95;92;92;1.18;29/04/2018
2016;Grado;Ingeniería Mecánica;Zaragoza;Escuela de Ingeniería y Arquitectura;Vibraciones y ruido en máquinas;Normal;Optativa;100.00;100.00;100.00;24;24;24;1.04;29/04/2018
2016;Grado;Ingeniería Mecánica;Zaragoza;Escuela de Ingeniería y Arquitectura;Sistemas mecánicos en máquinas y vehículos;Normal;Optativa;97.44;92.68;95.12;50;45;46;1.04;29/04/2018
2016;Grado;Ingeniería Mecánica;Zaragoza;Escuela de Ingeniería y Arquitectura;Producción industrial;Normal;Optativa;100.00;100.00;100.00;72;72;72;1.00;29/04/2018
2016;Grado;Ingeniería Mecánica;Zaragoza;Escuela de Ingeniería y Arquitectura;Calidad industrial;Normal;Optativa;100.00;100.00;100.00;25;24;25;1.00;29/04/2018
2016;Grado;Ingeniería Mecánica;Zaragoza;Escuela de Ingeniería y Arquitectura;Sistemas de fabricación;Normal;Optativa;100.00;100.00;100.00;27;26;26;1.00;29/04/2018
2016;Grado;Ingeniería Mecánica;Zaragoza;Escuela de Ingeniería y Arquitectura;Medición y mantenimiento;Normal;Optativa;97.37;97.37;100.00;42;40;41;1.00;29/04/2018
2016;Grado;Ingeniería Mecánica;Zaragoza;Escuela de Ingeniería y Arquitectura;Fabricación integrada;Normal;Optativa;100.00;92.86;92.86;39;37;37;1.00;29/04/2018
2016;Grado;Ingeniería Mecánica;Zaragoza;Escuela de Ingeniería y Arquitectura;Hidráulica y neumática industrial;Normal;Optativa;100.00;93.33;93.33;18;17;17;1.00;29/04/2018
2016;Grado;Ingeniería Mecánica;Zaragoza;Escuela de Ingeniería y Arquitectura;Edificación industrial;Normal;Optativa;100.00;100.00;100.00;23;22;22;1.00;29/04/2018
2016;Grado;Ingeniería Electrónica y Automática;Zaragoza;Escuela de Ingeniería y Arquitectura;Matemáticas I;Normal;Formación básica;52.38;37.93;72.41;145;55;105;1.55;29/04/2018
2016;Grado;Ingeniería Electrónica y Automática;Teruel;Escuela Universitaria Politécnica de Teruel;Matemáticas I;Normal;Formación básica;82.35;82.35;100.00;17;14;17;1.06;29/04/2018
2016;Grado;Ingeniería Electrónica y Automática;Zaragoza;Escuela de Ingeniería y Arquitectura;Matemáticas II;Normal;Formación básica;57.30;40.48;70.63;126;51;89;1.36;29/04/2018
2016;Grado;Ingeniería Electrónica y Automática;Teruel;Escuela Universitaria Politécnica de Teruel;Matemáticas II;Normal;Formación básica;73.68;73.68;100.00;19;14;19;1.40;29/04/2018
2016;Grado;Ingeniería Electrónica y Automática;Zaragoza;Escuela de Ingeniería y Arquitectura;Física I;Normal;Formación básica;47.50;28.57;60.15;133;38;80;1.53;29/04/2018
2016;Grado;Ingeniería Electrónica y Automática;Teruel;Escuela Universitaria Politécnica de Teruel;Física I;Normal;Formación básica;76.00;73.08;96.15;26;19;25;1.84;29/04/2018
2016;Grado;Ingeniería Electrónica y Automática;Zaragoza;Escuela de Ingeniería y Arquitectura;Química;Normal;Formación básica;52.38;39.01;74.47;141;55;105;1.46;29/04/2018
2016;Grado;Ingeniería Electrónica y Automática;Teruel;Escuela Universitaria Politécnica de Teruel;Química;Normal;Formación básica;79.17;70.37;88.89;27;19;24;2.10;29/04/2018
2016;Grado;Ingeniería Electrónica y Automática;Zaragoza;Escuela de Ingeniería y Arquitectura;Fundamentos de informática;Normal;Formación básica;70.83;36.17;51.06;141;51;72;1.15;29/04/2018
2016;Grado;Ingeniería Electrónica y Automática;Teruel;Escuela Universitaria Politécnica de Teruel;Fundamentos de informática;Normal;Formación básica;58.82;55.56;94.44;18;10;17;1.18;29/04/2018
2016;Grado;Ingeniería Electrónica y Automática;Zaragoza;Escuela de Ingeniería y Arquitectura;Matemáticas III;Normal;Formación básica;50.89;32.02;62.92;178;57;112;1.94;29/04/2018
2016;Grado;Ingeniería Electrónica y Automática;Teruel;Escuela Universitaria Politécnica de Teruel;Matemáticas III;Normal;Formación básica;83.33;71.43;85.71;21;15;18;1.38;29/04/2018
2016;Grado;Ingeniería Electrónica y Automática;Zaragoza;Escuela de Ingeniería y Arquitectura;Expresión gráfica y diseño asistido por ordenador;Normal;Formación básica;48.76;38.06;78.06;155;59;121;2.19;29/04/2018
2016;Grado;Ingeniería Electrónica y Automática;Teruel;Escuela Universitaria Politécnica de Teruel;Expresión gráfica y diseño asistido por ordenador;Normal;Formación básica;52.38;52.38;100.00;21;11;21;1.75;29/04/2018
2016;Grado;Ingeniería Electrónica y Automática;Zaragoza;Escuela de Ingeniería y Arquitectura;Física II;Normal;Formación básica;73.12;45.33;62.00;150;68;93;1.48;29/04/2018
2016;Grado;Ingeniería Electrónica y Automática;Teruel;Escuela Universitaria Politécnica de Teruel;Física II;Normal;Formación básica;37.50;34.62;92.31;26;9;24;1.82;29/04/2018
2016;Grado;Ingeniería Electrónica y Automática;Zaragoza;Escuela de Ingeniería y Arquitectura;Fundamentos de administración de empresas;Normal;Formación básica;64.65;49.61;76.74;129;64;99;1.47;29/04/2018
2016;Grado;Ingeniería Electrónica y Automática;Teruel;Escuela Universitaria Politécnica de Teruel;Fundamentos de administración de empresas;Normal;Formación básica;64.29;56.25;87.50;16;9;14;1.00;29/04/2018
2016;Grado;Ingeniería Electrónica y Automática;Zaragoza;Escuela de Ingeniería y Arquitectura;Fundamentos de electrotecnia;Normal;Obligatoria;50.93;35.03;68.79;157;55;108;2.12;29/04/2018
2016;Grado;Ingeniería Electrónica y Automática;Teruel;Escuela Universitaria Politécnica de Teruel;Fundamentos de electrotecnia;Normal;Obligatoria;77.78;70.00;90.00;20;14;18;1.27;29/04/2018
2016;Grado;Ingeniería Electrónica y Automática;Zaragoza;Escuela de Ingeniería y Arquitectura;Ingeniería de materiales;Normal;Obligatoria;79.07;68.69;86.87;99;68;86;1.63;29/04/2018
2016;Grado;Ingeniería Electrónica y Automática;Teruel;Escuela Universitaria Politécnica de Teruel;Ingeniería de materiales;Normal;Obligatoria;100.00;100.00;100.00;17;17;17;1.00;29/04/2018
2016;Grado;Ingeniería Electrónica y Automática;Zaragoza;Escuela de Ingeniería y Arquitectura;Mecánica;Normal;Obligatoria;69.89;57.02;81.58;114;65;93;1.69;29/04/2018
2016;Grado;Ingeniería Electrónica y Automática;Teruel;Escuela Universitaria Politécnica de Teruel;Mecánica;Normal;Obligatoria;61.90;56.52;91.30;23;13;21;1.08;29/04/2018
2016;Grado;Ingeniería Electrónica y Automática;Zaragoza;Escuela de Ingeniería y Arquitectura;Fundamentos de electrónica;Normal;Obligatoria;55.41;37.61;67.89;109;41;74;1.82;29/04/2018
2016;Grado;Ingeniería Electrónica y Automática;Teruel;Escuela Universitaria Politécnica de Teruel;Fundamentos de electrónica;Normal;Obligatoria;73.91;70.83;95.83;24;17;23;2.17;29/04/2018
2016;Grado;Ingeniería Electrónica y Automática;Zaragoza;Escuela de Ingeniería y Arquitectura;Electrotecnia;Normal;Obligatoria;54.43;46.74;85.87;92;43;79;1.83;29/04/2018
2016;Grado;Ingeniería Electrónica y Automática;Teruel;Escuela Universitaria Politécnica de Teruel;Electrotecnia;Normal;Obligatoria;77.78;77.78;100.00;18;14;18;1.22;29/04/2018
2016;Grado;Ingeniería Electrónica y Automática;Zaragoza;Escuela de Ingeniería y Arquitectura;Señales y sistemas;Normal;Obligatoria;41.25;35.11;85.11;94;33;80;1.66;29/04/2018
2016;Grado;Ingeniería Electrónica y Automática;Teruel;Escuela Universitaria Politécnica de Teruel;Señales y sistemas;Normal;Obligatoria;95.00;90.48;95.24;21;19;20;1.30;29/04/2018
2016;Grado;Ingeniería Electrónica y Automática;Zaragoza;Escuela de Ingeniería y Arquitectura;Estadística;Normal;Formación básica;85.19;74.19;87.10;62;46;54;1.12;29/04/2018
2016;Grado;Ingeniería Electrónica y Automática;Teruel;Escuela Universitaria Politécnica de Teruel;Estadística;Normal;Formación básica;94.12;94.12;100.00;17;16;17;1.12;29/04/2018
2016;Grado;Ingeniería Electrónica y Automática;Zaragoza;Escuela de Ingeniería y Arquitectura;Termodinámica técnica y fundamentos de transmisión de calor;Normal;Obligatoria;89.47;74.73;83.52;91;68;76;1.42;29/04/2018
2016;Grado;Ingeniería Electrónica y Automática;Teruel;Escuela Universitaria Politécnica de Teruel;Termodinámica técnica y fundamentos de transmisión de calor;Normal;Obligatoria;83.33;78.95;94.74;19;15;18;1.07;29/04/2018
2016;Grado;Ingeniería Electrónica y Automática;Zaragoza;Escuela de Ingeniería y Arquitectura;Sistemas automáticos;Normal;Obligatoria;72.46;57.47;79.31;87;50;69;1.36;29/04/2018
2016;Grado;Ingeniería Electrónica y Automática;Teruel;Escuela Universitaria Politécnica de Teruel;Sistemas automáticos;Normal;Obligatoria;60.00;57.14;95.24;21;12;20;1.54;29/04/2018
2016;Grado;Ingeniería Electrónica y Automática;Zaragoza;Escuela de Ingeniería y Arquitectura;Electrónica analógica;Normal;Obligatoria;76.67;45.10;58.82;102;46;60;2.32;29/04/2018
2016;Grado;Ingeniería Electrónica y Automática;Teruel;Escuela Universitaria Politécnica de Teruel;Electrónica analógica;Normal;Obligatoria;96.30;92.86;96.43;28;26;27;1.67;29/04/2018
2016;Grado;Ingeniería Electrónica y Automática;Zaragoza;Escuela de Ingeniería y Arquitectura;Electrónica digital;Normal;Obligatoria;60.53;51.69;85.39;89;46;76;1.67;29/04/2018
2016;Grado;Ingeniería Electrónica y Automática;Teruel;Escuela Universitaria Politécnica de Teruel;Electrónica digital;Normal;Obligatoria;87.50;82.35;94.12;17;14;16;1.00;29/04/2018
2016;Grado;Ingeniería Electrónica y Automática;Zaragoza;Escuela de Ingeniería y Arquitectura;Mecánica de fluidos;Normal;Obligatoria;94.59;68.63;72.55;52;36;38;1.36;29/04/2018
2016;Grado;Ingeniería Electrónica y Automática;Teruel;Escuela Universitaria Politécnica de Teruel;Mecánica de fluidos;Normal;Obligatoria;66.67;66.67;100.00;6;4;6;1.00;29/04/2018
2016;Grado;Ingeniería Electrónica y Automática;Zaragoza;Escuela de Ingeniería y Arquitectura;Resistencia de materiales;Normal;Obligatoria;89.55;80.00;89.33;75;60;67;1.52;29/04/2018
2016;Grado;Ingeniería Electrónica y Automática;Teruel;Escuela Universitaria Politécnica de Teruel;Resistencia de materiales;Normal;Obligatoria;76.92;76.92;100.00;13;10;13;1.20;29/04/2018
2016;Grado;Ingeniería Electrónica y Automática;Zaragoza;Escuela de Ingeniería y Arquitectura;Electrónica de potencia;Normal;Obligatoria;88.10;84.09;95.45;46;39;44;1.51;29/04/2018
2016;Grado;Ingeniería Electrónica y Automática;Teruel;Escuela Universitaria Politécnica de Teruel;Electrónica de potencia;Normal;Obligatoria;66.67;62.50;93.75;18;12;17;1.85;29/04/2018
2016;Grado;Ingeniería Electrónica y Automática;Zaragoza;Escuela de Ingeniería y Arquitectura;Ingeniería de control;Normal;Obligatoria;82.46;70.15;85.07;68;48;58;1.44;29/04/2018
2016;Grado;Ingeniería Electrónica y Automática;Teruel;Escuela Universitaria Politécnica de Teruel;Ingeniería de control;Normal;Obligatoria;77.78;77.78;100.00;9;7;9;1.38;29/04/2018
2016;Grado;Ingeniería Electrónica y Automática;Zaragoza;Escuela de Ingeniería y Arquitectura;Sistemas electrónicos programables;Normal;Obligatoria;100.00;97.83;97.83;47;46;46;1.02;29/04/2018
2016;Grado;Ingeniería Electrónica y Automática;Teruel;Escuela Universitaria Politécnica de Teruel;Sistemas electrónicos programables;Normal;Obligatoria;100.00;100.00;100.00;5;5;5;1.17;29/04/2018
2016;Grado;Ingeniería Electrónica y Automática;Zaragoza;Escuela de Ingeniería y Arquitectura;Tecnologías de fabricación;Normal;Obligatoria;96.15;92.59;96.30;55;50;52;1.23;29/04/2018
2016;Grado;Ingeniería Electrónica y Automática;Teruel;Escuela Universitaria Politécnica de Teruel;Tecnologías de fabricación;Normal;Obligatoria;90.00;81.82;90.91;11;9;10;1.22;29/04/2018
2016;Grado;Ingeniería Electrónica y Automática;Zaragoza;Escuela de Ingeniería y Arquitectura;Instrumentación electrónica;Normal;Obligatoria;87.18;87.18;100.00;40;35;40;1.20;29/04/2018
2016;Grado;Ingeniería Electrónica y Automática;Teruel;Escuela Universitaria Politécnica de Teruel;Instrumentación electrónica;Normal;Obligatoria;100.00;100.00;100.00;3;3;3;1.25;29/04/2018
2016;Grado;Ingeniería Electrónica y Automática;Zaragoza;Escuela de Ingeniería y Arquitectura;Robótica industrial;Normal;Obligatoria;95.56;93.48;97.83;47;44;46;1.09;29/04/2018
2016;Grado;Ingeniería Electrónica y Automática;Teruel;Escuela Universitaria Politécnica de Teruel;Robótica industrial;Normal;Obligatoria;100.00;75.00;75.00;8;6;6;1.00;29/04/2018
2016;Grado;Ingeniería Electrónica y Automática;Zaragoza;Escuela de Ingeniería y Arquitectura;Automatización industrial;Normal;Obligatoria;94.12;91.43;97.14;35;32;34;1.03;29/04/2018
2016;Grado;Ingeniería Electrónica y Automática;Teruel;Escuela Universitaria Politécnica de Teruel;Automatización industrial;Normal;Obligatoria;100.00;100.00;100.00;7;7;7;1.00;29/04/2018
2016;Grado;Ingeniería Electrónica y Automática;Zaragoza;Escuela de Ingeniería y Arquitectura;Oficina de proyectos;Normal;Obligatoria;100.00;95.12;95.12;41;39;39;1.10;29/04/2018
2016;Grado;Ingeniería Electrónica y Automática;Teruel;Escuela Universitaria Politécnica de Teruel;Oficina de proyectos;Normal;Obligatoria;100.00;100.00;100.00;12;12;12;1.00;29/04/2018
2016;Grado;Ingeniería Electrónica y Automática;Zaragoza;Escuela de Ingeniería y Arquitectura;Ingeniería del medio ambiente;Normal;Obligatoria;100.00;84.62;84.62;39;33;33;1.22;29/04/2018
2016;Grado;Ingeniería Electrónica y Automática;Teruel;Escuela Universitaria Politécnica de Teruel;Ingeniería del medio ambiente;Normal;Obligatoria;100.00;80.00;80.00;10;8;8;1.00;29/04/2018
2016;Grado;Ingeniería Electrónica y Automática;Zaragoza;Escuela de Ingeniería y Arquitectura;Organización y dirección de empresas;Normal;Obligatoria;97.06;97.06;100.00;36;35;36;1.21;29/04/2018
2016;Grado;Ingeniería Electrónica y Automática;Teruel;Escuela Universitaria Politécnica de Teruel;Organización y dirección de empresas;Normal;Obligatoria;100.00;100.00;100.00;14;14;14;1.14;29/04/2018
2016;Grado;Ingeniería Electrónica y Automática;Zaragoza;Escuela de Ingeniería y Arquitectura;Trabajo fin de Grado;Trabajo fin de grado;Trabajo fin de Grado;100.00;71.67;71.67;60;43;43;1.00;29/04/2018
2016;Grado;Ingeniería Electrónica y Automática;Teruel;Escuela Universitaria Politécnica de Teruel;Trabajo fin de Grado;Trabajo fin de grado;Trabajo fin de Grado;100.00;80.00;80.00;20;16;16;1.00;29/04/2018
2016;Grado;Ingeniería Electrónica y Automática;Zaragoza;Escuela de Ingeniería y Arquitectura;Procesado digital de señal;Normal;Optativa;94.74;94.74;100.00;21;20;21;1.05;29/04/2018
2016;Grado;Ingeniería Electrónica y Automática;Teruel;Escuela Universitaria Politécnica de Teruel;Procesado digital de señal;Normal;Optativa;100.00;100.00;100.00;7;7;7;1.00;29/04/2018
2016;Grado;Ingeniería Electrónica y Automática;Zaragoza;Escuela de Ingeniería y Arquitectura;Instalaciones eléctricas;Normal;Optativa;100.00;100.00;100.00;11;11;11;1.00;29/04/2018
2016;Grado;Ingeniería Electrónica y Automática;Teruel;Escuela Universitaria Politécnica de Teruel;Instalaciones eléctricas;Normal;Optativa;100.00;100.00;100.00;18;18;18;1.00;29/04/2018
2016;Grado;Ingeniería Electrónica y Automática;Teruel;Escuela Universitaria Politécnica de Teruel;Inglés técnico para ingeniería electrónica y automática;Normal;Optativa;;;;1;1;1;1.00;29/04/2018
2016;Grado;Ingeniería Electrónica y Automática;Zaragoza;Escuela de Ingeniería y Arquitectura;Laboratorio de diseño electrónico;Normal;Optativa;100.00;100.00;100.00;10;10;10;1.00;29/04/2018
2016;Grado;Ingeniería Electrónica y Automática;Zaragoza;Escuela de Ingeniería y Arquitectura;Microelectrónica;Normal;Optativa;100.00;66.67;66.67;3;2;2;1.00;29/04/2018
2016;Grado;Ingeniería Electrónica y Automática;Zaragoza;Escuela de Ingeniería y Arquitectura;Fuentes de alimentación electrónica;Normal;Optativa;77.78;70.00;90.00;10;7;9;1.00;29/04/2018
2016;Grado;Ingeniería Electrónica y Automática;Zaragoza;Escuela de Ingeniería y Arquitectura;Simulación de sistemas dinámicos;Normal;Optativa;100.00;94.74;94.74;21;20;20;1.00;29/04/2018
2016;Grado;Ingeniería Electrónica y Automática;Teruel;Escuela Universitaria Politécnica de Teruel;Simulación de sistemas dinámicos;Normal;Optativa;100.00;100.00;100.00;7;7;7;1.00;29/04/2018
2016;Grado;Ingeniería Electrónica y Automática;Zaragoza;Escuela de Ingeniería y Arquitectura;Robots autónomos;Normal;Optativa;100.00;100.00;100.00;23;23;23;1.00;29/04/2018
2016;Grado;Ingeniería Electrónica y Automática;Zaragoza;Escuela de Ingeniería y Arquitectura;Sistemas de tiempo real;Normal;Optativa;100.00;100.00;100.00;24;24;24;1.00;29/04/2018
2016;Grado;Ingeniería Electrónica y Automática;Teruel;Escuela Universitaria Politécnica de Teruel;Sistemas electrónicos empotrados;Normal;Optativa;100.00;100.00;100.00;7;6;7;1.00;29/04/2018
2016;Grado;Ingeniería Electrónica y Automática;Teruel;Escuela Universitaria Politécnica de Teruel;Diseño electrónico;Normal;Optativa;100.00;100.00;100.00;8;8;8;1.00;29/04/2018
2016;Grado;Ingeniería Electrónica y Automática;Zaragoza;Escuela de Ingeniería y Arquitectura;Visión por computador;Normal;Optativa;100.00;86.21;86.21;30;26;26;1.04;29/04/2018
2016;Grado;Ingeniería Electrónica y Automática;Teruel;Escuela Universitaria Politécnica de Teruel;Visión por computador;Normal;Optativa;100.00;100.00;100.00;3;3;3;1.00;29/04/2018
2016;Grado;Ingeniería Electrónica y Automática;Teruel;Escuela Universitaria Politécnica de Teruel;Prevención de riesgos laborales aplicada a la ingeniería;Normal;Optativa;100.00;100.00;100.00;4;4;4;1.00;29/04/2018
2016;Grado;Ingeniería Electrónica y Automática;Teruel;Escuela Universitaria Politécnica de Teruel;Inglés técnico;Normal;Optativa;100.00;83.33;83.33;8;7;7;1.00;29/04/2018
2016;Grado;Ingeniería Electrónica y Automática;Zaragoza;Escuela de Ingeniería y Arquitectura;Electrónica industrial;Normal;Optativa;92.00;92.00;100.00;26;24;26;1.12;29/04/2018
2016;Grado;Ingeniería Química;Zaragoza;Escuela de Ingeniería y Arquitectura;Matemáticas I;Normal;Formación básica;74.67;45.16;60.48;124;56;75;1.98;29/04/2018
2016;Grado;Ingeniería Química;Zaragoza;Escuela de Ingeniería y Arquitectura;Física I;Normal;Formación básica;60.26;50.00;82.98;94;47;78;1.53;29/04/2018
2016;Grado;Ingeniería Química;Zaragoza;Escuela de Ingeniería y Arquitectura;Fundamentos de informática;Normal;Formación básica;64.52;49.59;76.86;121;60;93;1.87;29/04/2018
2016;Grado;Ingeniería Química;Zaragoza;Escuela de Ingeniería y Arquitectura;Expresión gráfica y diseño asistido por ordenador;Normal;Formación básica;58.43;41.60;71.20;125;52;89;2.19;29/04/2018
2016;Grado;Ingeniería Química;Zaragoza;Escuela de Ingeniería y Arquitectura;Química;Normal;Formación básica;75.34;63.22;83.91;87;55;73;1.34;29/04/2018
2016;Grado;Ingeniería Química;Zaragoza;Escuela de Ingeniería y Arquitectura;Matemáticas II;Normal;Formación básica;56.25;46.55;82.76;116;54;96;1.96;29/04/2018
2016;Grado;Ingeniería Química;Zaragoza;Escuela de Ingeniería y Arquitectura;Física II;Normal;Formación básica;67.14;34.81;51.85;135;47;70;2.29;29/04/2018
2016;Grado;Ingeniería Química;Zaragoza;Escuela de Ingeniería y Arquitectura;Fundamentos de administración de empresas;Normal;Formación básica;58.82;43.48;73.91;115;50;85;2.31;29/04/2018
2016;Grado;Ingeniería Química;Zaragoza;Escuela de Ingeniería y Arquitectura;Estadística;Normal;Formación básica;86.89;84.13;96.83;63;53;61;1.24;29/04/2018
2016;Grado;Ingeniería Química;Zaragoza;Escuela de Ingeniería y Arquitectura;Ampliación de química I;Normal;Obligatoria;74.24;47.12;63.46;104;49;66;1.45;29/04/2018
2016;Grado;Ingeniería Química;Zaragoza;Escuela de Ingeniería y Arquitectura;Matemáticas III;Normal;Formación básica;50.00;31.78;63.57;129;41;82;2.10;29/04/2018
2016;Grado;Ingeniería Química;Zaragoza;Escuela de Ingeniería y Arquitectura;Fundamentos de electrotecnia;Normal;Obligatoria;92.59;89.29;96.43;56;50;54;1.20;29/04/2018
2016;Grado;Ingeniería Química;Zaragoza;Escuela de Ingeniería y Arquitectura;Organización y dirección de empresas;Normal;Obligatoria;89.29;80.65;90.32;62;50;56;1.25;29/04/2018
2016;Grado;Ingeniería Química;Zaragoza;Escuela de Ingeniería y Arquitectura;Termodinámica técnica y fundamentos de transmisión de calor;Normal;Obligatoria;90.32;81.16;89.86;70;57;63;1.40;29/04/2018
2016;Grado;Ingeniería Química;Zaragoza;Escuela de Ingeniería y Arquitectura;Ampliación de química II;Normal;Obligatoria;76.92;68.49;89.04;73;50;65;1.69;29/04/2018
2016;Grado;Ingeniería Química;Zaragoza;Escuela de Ingeniería y Arquitectura;Experimentación en química;Normal;Obligatoria;100.00;100.00;100.00;53;53;53;1.16;29/04/2018
2016;Grado;Ingeniería Química;Zaragoza;Escuela de Ingeniería y Arquitectura;Mecánica;Normal;Obligatoria;80.77;67.74;83.87;62;42;52;1.55;29/04/2018
2016;Grado;Ingeniería Química;Zaragoza;Escuela de Ingeniería y Arquitectura;Mecánica de fluidos;Normal;Obligatoria;100.00;84.91;84.91;53;45;45;1.00;29/04/2018
2016;Grado;Ingeniería Química;Zaragoza;Escuela de Ingeniería y Arquitectura;Ingeniería de materiales;Normal;Obligatoria;93.02;93.02;100.00;43;40;43;1.24;29/04/2018
2016;Grado;Ingeniería Química;Zaragoza;Escuela de Ingeniería y Arquitectura;Fundamentos de electrónica;Normal;Obligatoria;93.33;89.36;95.74;47;42;45;1.12;29/04/2018
2016;Grado;Ingeniería Química;Zaragoza;Escuela de Ingeniería y Arquitectura;Resistencia de materiales;Normal;Obligatoria;66.04;59.32;89.83;61;37;55;1.78;29/04/2018
2016;Grado;Ingeniería Química;Zaragoza;Escuela de Ingeniería y Arquitectura;Transferencia de materia;Normal;Obligatoria;72.73;57.97;79.71;69;40;55;1.45;29/04/2018
2016;Grado;Ingeniería Química;Zaragoza;Escuela de Ingeniería y Arquitectura;Cinética química aplicada;Normal;Obligatoria;77.36;67.21;86.89;61;41;53;1.21;29/04/2018
2016;Grado;Ingeniería Química;Zaragoza;Escuela de Ingeniería y Arquitectura;Fluidotecnia;Normal;Obligatoria;70.59;60.00;85.00;63;36;53;1.67;29/04/2018
2016;Grado;Ingeniería Química;Zaragoza;Escuela de Ingeniería y Arquitectura;Tecnologías de fabricación;Normal;Obligatoria;84.31;75.44;89.47;59;45;53;1.49;29/04/2018
2016;Grado;Ingeniería Química;Zaragoza;Escuela de Ingeniería y Arquitectura;Operaciones de separación;Normal;Obligatoria;82.69;76.79;92.86;56;43;52;1.34;29/04/2018
2016;Grado;Ingeniería Química;Zaragoza;Escuela de Ingeniería y Arquitectura;Diseño de reactores;Normal;Obligatoria;75.00;52.63;70.18;59;31;42;1.32;29/04/2018
2016;Grado;Ingeniería Química;Zaragoza;Escuela de Ingeniería y Arquitectura;Termotecnia;Normal;Obligatoria;87.50;79.25;90.57;55;44;50;1.53;29/04/2018
2016;Grado;Ingeniería Química;Zaragoza;Escuela de Ingeniería y Arquitectura;Experimentación en ingeniería química I;Normal;Obligatoria;100.00;100.00;100.00;43;43;43;1.32;29/04/2018
2016;Grado;Ingeniería Química;Zaragoza;Escuela de Ingeniería y Arquitectura;Oficina de proyectos;Normal;Obligatoria;100.00;96.15;96.15;37;36;36;1.08;29/04/2018
2016;Grado;Ingeniería Química;Zaragoza;Escuela de Ingeniería y Arquitectura;Control de procesos químicos;Normal;Obligatoria;82.86;76.32;92.11;47;37;43;1.35;29/04/2018
2016;Grado;Ingeniería Química;Zaragoza;Escuela de Ingeniería y Arquitectura;Química industrial;Normal;Obligatoria;77.78;70.00;90.00;40;30;36;1.47;29/04/2018
2016;Grado;Ingeniería Química;Zaragoza;Escuela de Ingeniería y Arquitectura;Experimentación en ingeniería química II;Normal;Obligatoria;100.00;100.00;100.00;37;36;36;1.03;29/04/2018
2016;Grado;Ingeniería Química;Zaragoza;Escuela de Ingeniería y Arquitectura;Ingeniería del medio ambiente;Normal;Obligatoria;100.00;96.30;96.30;40;38;38;1.11;29/04/2018
2016;Grado;Ingeniería Química;Zaragoza;Escuela de Ingeniería y Arquitectura;Trabajo fin de Grado;Trabajo fin de grado;Trabajo fin de Grado;100.00;67.39;67.39;50;35;35;1.03;29/04/2018
2016;Grado;Ingeniería Química;Zaragoza;Escuela de Ingeniería y Arquitectura;Sistemas automáticos;Normal;Obligatoria;80.00;66.67;83.33;78;52;65;1.50;29/04/2018
2016;Grado;Ingeniería Química;Zaragoza;Escuela de Ingeniería y Arquitectura;Gestión de residuos e impacto ambiental;Normal;Optativa;100.00;100.00;100.00;13;12;12;1.00;29/04/2018
2016;Grado;Ingeniería Química;Zaragoza;Escuela de Ingeniería y Arquitectura;Tecnologías de tratamiento de aguas y gases contaminados;Normal;Optativa;100.00;100.00;100.00;19;19;19;1.00;29/04/2018
2016;Grado;Ingeniería Química;Zaragoza;Escuela de Ingeniería y Arquitectura;Análisis instrumental para el control de la calidad en la industria;Normal;Optativa;100.00;100.00;100.00;15;15;15;1.00;29/04/2018
2016;Grado;Ingeniería Química;Zaragoza;Escuela de Ingeniería y Arquitectura;Catálisis y procesos catalíticos de interés industrial;Normal;Optativa;100.00;80.00;80.00;7;6;6;1.00;29/04/2018
2016;Grado;Ingeniería Química;Zaragoza;Escuela de Ingeniería y Arquitectura;Reacciones de polimerización;Normal;Optativa;100.00;92.86;92.86;17;14;16;1.00;29/04/2018
2016;Grado;Ingeniería Química;Zaragoza;Escuela de Ingeniería y Arquitectura;Diseño de instalaciones de fluidos;Normal;Optativa;;;;1;1;1;1.00;29/04/2018
2016;Grado;Ingeniería de Tecnologías Industriales;Zaragoza;Escuela de Ingeniería y Arquitectura;Técnicas creativas para la presentación de proyectos;Normal;Optativa;;;;6;6;6;1.00;29/04/2018
2016;Grado;Ingeniería Informática;Zaragoza;Escuela de Ingeniería y Arquitectura;Técnicas creativas para la presentación de proyectos;Normal;Optativa;;;;1;1;1;1.00;29/04/2018
2016;Grado;Ingeniería Mecánica;Zaragoza;Escuela de Ingeniería y Arquitectura;Técnicas creativas para la presentación de proyectos;Normal;Optativa;;;;4;3;3;1.00;29/04/2018
2016;Grado;Estudios en Arquitectura;Zaragoza;Escuela de Ingeniería y Arquitectura;Técnicas creativas para la presentación de proyectos;Normal;Optativa;;;;12;12;12;1.00;29/04/2018
2016;Grado;Ingeniería de Tecnologías Industriales;Zaragoza;Escuela de Ingeniería y Arquitectura;Historia de la Tecnología y de la Arquitectura;Normal;Optativa;;;;1;1;1;1.00;29/04/2018
2016;Grado;Ingeniería Electrica;Zaragoza;Escuela de Ingeniería y Arquitectura;Historia de la Tecnología y de la Arquitectura;Normal;Optativa;;;;0;0;0;1.00;29/04/2018
2016;Grado;Ingeniería Mecánica;Zaragoza;Escuela de Ingeniería y Arquitectura;Historia de la Tecnología y de la Arquitectura;Normal;Optativa;;;;4;2;4;1.00;29/04/2018
2016;Grado;Ingeniería Química;Zaragoza;Escuela de Ingeniería y Arquitectura;Historia de la Tecnología y de la Arquitectura;Normal;Optativa;;;;1;1;1;1.00;29/04/2018
2016;Grado;Estudios en Arquitectura;Zaragoza;Escuela de Ingeniería y Arquitectura;Historia de la Tecnología y de la Arquitectura;Normal;Optativa;;;;10;10;10;1.00;29/04/2018
2016;Grado;Ingeniería de Tecnologías Industriales;Zaragoza;Escuela de Ingeniería y Arquitectura;Comunicación:Herramienta de desarrollo profesional en Ingeniería;Normal;Optativa;;;;5;5;5;1.00;29/04/2018
2016;Grado;Ingeniería de Tecnologías y Servicios de Telecomunicación;Zaragoza;Escuela de Ingeniería y Arquitectura;Comunicación:Herramienta de desarrollo profesional en Ingeniería;Normal;Optativa;;;;2;2;2;1.00;29/04/2018
2016;Grado;Ingeniería Electrica;Zaragoza;Escuela de Ingeniería y Arquitectura;Comunicación:Herramienta de desarrollo profesional en Ingeniería;Normal;Optativa;;;;3;3;3;1.00;29/04/2018
2016;Grado;Ingeniería Electrónica y Automática;Zaragoza;Escuela de Ingeniería y Arquitectura;Comunicación:Herramienta de desarrollo profesional en Ingeniería;Normal;Optativa;;;;1;1;1;1.00;29/04/2018
2016;Grado;Ingeniería Informática;Zaragoza;Escuela de Ingeniería y Arquitectura;Comunicación:Herramienta de desarrollo profesional en Ingeniería;Normal;Optativa;;;;5;5;5;1.00;29/04/2018
2016;Grado;Ingeniería Mecánica;Zaragoza;Escuela de Ingeniería y Arquitectura;Comunicación:Herramienta de desarrollo profesional en Ingeniería;Normal;Optativa;;;;4;3;3;1.00;29/04/2018
2016;Grado;Ingeniería Química;Zaragoza;Escuela de Ingeniería y Arquitectura;Comunicación:Herramienta de desarrollo profesional en Ingeniería;Normal;Optativa;;;;1;1;1;1.00;29/04/2018
2016;Grado;Ingeniería de Tecnologías Industriales;Zaragoza;Escuela de Ingeniería y Arquitectura;Documentación gráfica para proyectos industriales;Normal;Optativa;;;;3;3;3;1.00;29/04/2018
2016;Grado;Ingeniería Electrica;Zaragoza;Escuela de Ingeniería y Arquitectura;Documentación gráfica para proyectos industriales;Normal;Optativa;;;;2;1;1;1.00;29/04/2018
2016;Grado;Ingeniería Electrónica y Automática;Zaragoza;Escuela de Ingeniería y Arquitectura;Documentación gráfica para proyectos industriales;Normal;Optativa;;;;1;1;1;1.00;29/04/2018
2016;Grado;Ingeniería Mecánica;Zaragoza;Escuela de Ingeniería y Arquitectura;Documentación gráfica para proyectos industriales;Normal;Optativa;;;;13;12;12;1.00;29/04/2018
2016;Grado;Ingeniería Química;Zaragoza;Escuela de Ingeniería y Arquitectura;Documentación gráfica para proyectos industriales;Normal;Optativa;;;;9;9;9;1.00;29/04/2018
2016;Grado;Estudios en Arquitectura;Zaragoza;Escuela de Ingeniería y Arquitectura;Documentación gráfica para proyectos industriales;Normal;Optativa;;;;1;1;1;1.00;29/04/2018
2016;Grado;Ingeniería de Tecnologías Industriales;Zaragoza;Escuela de Ingeniería y Arquitectura;Energy, Economy and Sustainable Development;Normal;Optativa;;;;10;9;9;1.00;29/04/2018
2016;Grado;Ingeniería de Tecnologías y Servicios de Telecomunicación;Zaragoza;Escuela de Ingeniería y Arquitectura;Energy, Economy and Sustainable Development;Normal;Optativa;;;;1;1;1;1.00;29/04/2018
2016;Grado;Ingeniería Electrónica y Automática;Zaragoza;Escuela de Ingeniería y Arquitectura;Energy, Economy and Sustainable Development;Normal;Optativa;;;;1;0;1;;29/04/2018
2016;Grado;Ingeniería Mecánica;Zaragoza;Escuela de Ingeniería y Arquitectura;Energy, Economy and Sustainable Development;Normal;Optativa;;;;8;7;7;1.00;29/04/2018
2016;Grado;Ingeniería Química;Zaragoza;Escuela de Ingeniería y Arquitectura;Energy, Economy and Sustainable Development;Normal;Optativa;;;;3;1;1;1.00;29/04/2018
2016;Grado;Ingeniería de Tecnologías Industriales;Zaragoza;Escuela de Ingeniería y Arquitectura;Desarrollo sostenible y cooperación internacional;Normal;Optativa;;;;9;9;9;1.00;29/04/2018
2016;Grado;Ingeniería de Tecnologías y Servicios de Telecomunicación;Zaragoza;Escuela de Ingeniería y Arquitectura;Desarrollo sostenible y cooperación internacional;Normal;Optativa;;;;1;1;1;1.00;29/04/2018
2016;Grado;Ingeniería Electrica;Zaragoza;Escuela de Ingeniería y Arquitectura;Desarrollo sostenible y cooperación internacional;Normal;Optativa;;;;1;0;0;;29/04/2018
2016;Grado;Ingeniería Informática;Zaragoza;Escuela de Ingeniería y Arquitectura;Desarrollo sostenible y cooperación internacional;Normal;Optativa;;;;1;1;1;1.00;29/04/2018
2016;Grado;Ingeniería Mecánica;Zaragoza;Escuela de Ingeniería y Arquitectura;Desarrollo sostenible y cooperación internacional;Normal;Optativa;;;;14;13;13;1.00;29/04/2018
2016;Grado;Ingeniería Química;Zaragoza;Escuela de Ingeniería y Arquitectura;Desarrollo sostenible y cooperación internacional;Normal;Optativa;;;;1;1;1;1.00;29/04/2018
2016;Grado;Estudios en Arquitectura;Zaragoza;Escuela de Ingeniería y Arquitectura;Desarrollo sostenible y cooperación internacional;Normal;Optativa;;;;22;21;21;1.00;29/04/2018
2016;Grado;Ingeniería de Tecnologías Industriales;Zaragoza;Escuela de Ingeniería y Arquitectura;Seguridad y prevención de riesgos en procesos industriales;Normal;Optativa;;;;18;17;17;1.00;29/04/2018
2016;Grado;Ingeniería Electrica;Zaragoza;Escuela de Ingeniería y Arquitectura;Seguridad y prevención de riesgos en procesos industriales;Normal;Optativa;;;;7;7;7;1.00;29/04/2018
2016;Grado;Ingeniería Informática;Zaragoza;Escuela de Ingeniería y Arquitectura;Seguridad y prevención de riesgos en procesos industriales;Normal;Optativa;;;;1;1;1;1.00;29/04/2018
2016;Grado;Ingeniería Mecánica;Zaragoza;Escuela de Ingeniería y Arquitectura;Seguridad y prevención de riesgos en procesos industriales;Normal;Optativa;;;;22;20;20;1.00;29/04/2018
2016;Grado;Ingeniería Química;Zaragoza;Escuela de Ingeniería y Arquitectura;Seguridad y prevención de riesgos en procesos industriales;Normal;Optativa;;;;3;3;3;1.00;29/04/2018
2016;Grado;Estudios en Arquitectura;Zaragoza;Escuela de Ingeniería y Arquitectura;Seguridad y prevención de riesgos en procesos industriales;Normal;Optativa;;;;0;0;0;1.00;29/04/2018
2016;Grado;Ingeniería de Tecnologías Industriales;Zaragoza;Escuela de Ingeniería y Arquitectura;Emprendimiento y liderazgo;Normal;Optativa;;;;9;9;9;1.00;29/04/2018
2016;Grado;Ingeniería de Tecnologías y Servicios de Telecomunicación;Zaragoza;Escuela de Ingeniería y Arquitectura;Emprendimiento y liderazgo;Normal;Optativa;;;;2;2;2;1.00;29/04/2018
2016;Grado;Ingeniería Electrica;Zaragoza;Escuela de Ingeniería y Arquitectura;Emprendimiento y liderazgo;Normal;Optativa;;;;3;3;3;1.00;29/04/2018
2016;Grado;Ingeniería Mecánica;Zaragoza;Escuela de Ingeniería y Arquitectura;Emprendimiento y liderazgo;Normal;Optativa;;;;5;5;5;1.00;29/04/2018
2016;Grado;Ingeniería Química;Zaragoza;Escuela de Ingeniería y Arquitectura;Emprendimiento y liderazgo;Normal;Optativa;;;;2;1;1;1.00;29/04/2018
2016;Grado;Estudios en Arquitectura;Zaragoza;Escuela de Ingeniería y Arquitectura;Emprendimiento y liderazgo;Normal;Optativa;;;;3;3;3;1.00;29/04/2018
2016;Grado;Ingeniero en Diseño Industrial y Desarrollo de Producto;Zaragoza;Escuela de Ingeniería y Arquitectura;Inglés técnico;Normal;Optativa;;;;4;4;4;1.00;29/04/2018
2016;Grado;Ingeniería de Tecnologías Industriales;Zaragoza;Escuela de Ingeniería y Arquitectura;Inglés técnico;Normal;Optativa;;;;52;51;52;1.00;29/04/2018
2016;Grado;Ingeniería de Tecnologías y Servicios de Telecomunicación;Zaragoza;Escuela de Ingeniería y Arquitectura;Inglés técnico;Normal;Optativa;;;;11;11;11;1.00;29/04/2018
2016;Grado;Ingeniería Electrica;Zaragoza;Escuela de Ingeniería y Arquitectura;Inglés técnico;Normal;Optativa;;;;26;25;25;1.00;29/04/2018
2016;Grado;Ingeniería Electrónica y Automática;Zaragoza;Escuela de Ingeniería y Arquitectura;Inglés técnico;Normal;Optativa;;;;11;11;11;1.00;29/04/2018
2016;Grado;Ingeniería Informática;Zaragoza;Escuela de Ingeniería y Arquitectura;Inglés técnico;Normal;Optativa;;;;22;22;22;1.00;29/04/2018
2016;Grado;Ingeniería Mecánica;Zaragoza;Escuela de Ingeniería y Arquitectura;Inglés técnico;Normal;Optativa;;;;34;33;33;1.00;29/04/2018
2016;Grado;Ingeniería Química;Zaragoza;Escuela de Ingeniería y Arquitectura;Inglés técnico;Normal;Optativa;;;;3;3;3;1.00;29/04/2018
2016;Grado;Estudios en Arquitectura;Zaragoza;Escuela de Ingeniería y Arquitectura;Inglés técnico;Normal;Optativa;;;;6;6;6;1.00;29/04/2018
2016;Grado;Ingeniero en Diseño Industrial y Desarrollo de Producto;Zaragoza;Escuela de Ingeniería y Arquitectura;Alemán técnico;Normal;Optativa;;;;2;2;2;1.00;29/04/2018
2016;Grado;Ingeniería de Tecnologías Industriales;Zaragoza;Escuela de Ingeniería y Arquitectura;Alemán técnico;Normal;Optativa;;;;12;12;12;1.00;29/04/2018
2016;Grado;Ingeniería Electrica;Zaragoza;Escuela de Ingeniería y Arquitectura;Alemán técnico;Normal;Optativa;;;;2;2;2;1.00;29/04/2018
2016;Grado;Ingeniería Mecánica;Zaragoza;Escuela de Ingeniería y Arquitectura;Alemán técnico;Normal;Optativa;;;;8;8;8;1.00;29/04/2018
2016;Grado;Ingeniería Química;Zaragoza;Escuela de Ingeniería y Arquitectura;Alemán técnico;Normal;Optativa;;;;2;2;2;1.00;29/04/2018
2016;Grado;Estudios en Arquitectura;Zaragoza;Escuela de Ingeniería y Arquitectura;Alemán técnico;Normal;Optativa;;;;1;1;1;1.00;29/04/2018
2016;Grado;Ingeniería de Tecnologías Industriales;Zaragoza;Escuela de Ingeniería y Arquitectura;Matemáticas I;Normal;Formación básica;69.57;60.76;87.34;237;144;207;1.78;29/04/2018
2016;Grado;Ingeniería de Tecnologías Industriales;Zaragoza;Escuela de Ingeniería y Arquitectura;Matemáticas II;Normal;Formación básica;69.44;64.43;92.78;194;125;180;1.34;29/04/2018
2016;Grado;Ingeniería de Tecnologías Industriales;Zaragoza;Escuela de Ingeniería y Arquitectura;Física I;Normal;Formación básica;64.65;48.12;74.44;266;128;198;1.66;29/04/2018
2016;Grado;Ingeniería de Tecnologías Industriales;Zaragoza;Escuela de Ingeniería y Arquitectura;Expresión gráfica y diseño asistido por ordenador;Normal;Formación básica;61.86;57.58;93.07;231;133;215;1.70;29/04/2018
2016;Grado;Ingeniería de Tecnologías Industriales;Zaragoza;Escuela de Ingeniería y Arquitectura;Química;Normal;Formación básica;87.93;83.15;94.57;184;153;174;1.15;29/04/2018
2016;Grado;Ingeniería de Tecnologías Industriales;Zaragoza;Escuela de Ingeniería y Arquitectura;Matemáticas III;Normal;Formación básica;67.88;54.58;80.42;240;131;193;1.67;29/04/2018
2016;Grado;Ingeniería de Tecnologías Industriales;Zaragoza;Escuela de Ingeniería y Arquitectura;Física II;Normal;Formación básica;59.28;39.52;66.67;291;115;194;2.02;29/04/2018
2016;Grado;Ingeniería de Tecnologías Industriales;Zaragoza;Escuela de Ingeniería y Arquitectura;Fundamentos de informática;Normal;Formación básica;67.69;53.01;78.31;249;132;195;1.70;29/04/2018
2016;Grado;Ingeniería de Tecnologías Industriales;Zaragoza;Escuela de Ingeniería y Arquitectura;Estadística;Normal;Formación básica;75.29;61.21;81.31;214;131;174;1.53;29/04/2018
2016;Grado;Ingeniería de Tecnologías Industriales;Zaragoza;Escuela de Ingeniería y Arquitectura;Fundamentos de administración de empresas;Normal;Formación básica;75.43;67.35;89.29;196;132;175;1.34;29/04/2018
2016;Grado;Ingeniería de Tecnologías Industriales;Zaragoza;Escuela de Ingeniería y Arquitectura;Fundamentos de ingeniería de materiales;Normal;Obligatoria;91.02;89.41;98.24;170;152;167;1.15;29/04/2018
2016;Grado;Ingeniería de Tecnologías Industriales;Zaragoza;Escuela de Ingeniería y Arquitectura;Mecánica;Normal;Obligatoria;68.68;53.19;77.45;241;131;188;1.96;29/04/2018
2016;Grado;Ingeniería de Tecnologías Industriales;Zaragoza;Escuela de Ingeniería y Arquitectura;Termodinámica técnica y fundamentos de transmisión de calor;Normal;Obligatoria;72.77;67.12;92.24;219;147;202;1.71;29/04/2018
2016;Grado;Ingeniería de Tecnologías Industriales;Zaragoza;Escuela de Ingeniería y Arquitectura;Mecánica de fluidos;Normal;Obligatoria;69.14;51.85;75.00;216;112;162;1.42;29/04/2018
2016;Grado;Ingeniería de Tecnologías Industriales;Zaragoza;Escuela de Ingeniería y Arquitectura;Fundamentos de electrotecnia;Normal;Obligatoria;70.20;61.23;87.22;227;139;198;1.81;29/04/2018
2016;Grado;Ingeniería de Tecnologías Industriales;Zaragoza;Escuela de Ingeniería y Arquitectura;Procesos de fabricación y dibujo industrial;Normal;Obligatoria;61.54;57.14;92.86;228;132;212;2.11;29/04/2018
2016;Grado;Ingeniería de Tecnologías Industriales;Zaragoza;Escuela de Ingeniería y Arquitectura;Criterios de diseño de máquinas;Normal;Obligatoria;77.37;71.01;91.79;207;147;190;1.52;29/04/2018
2016;Grado;Ingeniería de Tecnologías Industriales;Zaragoza;Escuela de Ingeniería y Arquitectura;Ingeniería térmica;Normal;Obligatoria;79.66;71.94;90.31;196;141;177;1.38;29/04/2018
2016;Grado;Ingeniería de Tecnologías Industriales;Zaragoza;Escuela de Ingeniería y Arquitectura;Máquinas e instalaciones de fluidos;Normal;Obligatoria;76.70;65.53;85.44;207;136;177;1.66;29/04/2018
2016;Grado;Ingeniería de Tecnologías Industriales;Zaragoza;Escuela de Ingeniería y Arquitectura;Máquinas eléctricas;Normal;Obligatoria;87.57;72.00;82.22;226;163;186;2.25;29/04/2018
2016;Grado;Ingeniería de Tecnologías Industriales;Zaragoza;Escuela de Ingeniería y Arquitectura;Sistemas automáticos;Normal;Obligatoria;91.92;85.85;93.40;119;103;112;1.41;29/04/2018
2016;Grado;Ingeniería de Tecnologías Industriales;Zaragoza;Escuela de Ingeniería y Arquitectura;Resistencia de materiales;Normal;Obligatoria;69.00;59.48;86.21;144;95;127;1.55;29/04/2018
2016;Grado;Ingeniería de Tecnologías Industriales;Zaragoza;Escuela de Ingeniería y Arquitectura;Fundamentos de electrónica;Normal;Obligatoria;87.39;81.51;93.28;128;106;120;1.32;29/04/2018
2016;Grado;Ingeniería de Tecnologías Industriales;Zaragoza;Escuela de Ingeniería y Arquitectura;Sistemas eléctricos de potencia;Normal;Obligatoria;87.50;79.03;90.32;133;106;120;1.23;29/04/2018
2016;Grado;Ingeniería de Tecnologías Industriales;Zaragoza;Escuela de Ingeniería y Arquitectura;Tecnología de materiales;Normal;Obligatoria;72.81;58.87;80.85;147;89;120;1.54;29/04/2018
2016;Grado;Ingeniería de Tecnologías Industriales;Zaragoza;Escuela de Ingeniería y Arquitectura;Ingeniería de control;Normal;Obligatoria;91.38;84.80;92.80;141;120;131;1.27;29/04/2018
2016;Grado;Ingeniería de Tecnologías Industriales;Zaragoza;Escuela de Ingeniería y Arquitectura;Mecánica de sólidos deformables;Normal;Obligatoria;85.71;78.26;91.30;136;110;125;1.42;29/04/2018
2016;Grado;Ingeniería de Tecnologías Industriales;Zaragoza;Escuela de Ingeniería y Arquitectura;Procesos químicos industriales;Normal;Obligatoria;94.74;85.71;90.48;130;112;118;1.55;29/04/2018
2016;Grado;Ingeniería de Tecnologías Industriales;Zaragoza;Escuela de Ingeniería y Arquitectura;Electrónica digital y de potencia;Normal;Obligatoria;90.91;86.21;94.83;120;103;113;1.20;29/04/2018
2016;Grado;Ingeniería de Tecnologías Industriales;Zaragoza;Escuela de Ingeniería y Arquitectura;Tecnologías de fabricación;Normal;Obligatoria;86.24;81.03;93.97;126;104;119;1.53;29/04/2018
2016;Grado;Ingeniería de Tecnologías Industriales;Zaragoza;Escuela de Ingeniería y Arquitectura;Ingeniería del medio ambiente;Normal;Obligatoria;100.00;97.87;97.87;130;128;128;1.05;29/04/2018
2016;Grado;Ingeniería de Tecnologías Industriales;Zaragoza;Escuela de Ingeniería y Arquitectura;Oficina de proyectos;Normal;Obligatoria;98.86;98.86;100.00;124;122;124;1.30;29/04/2018
2016;Grado;Ingeniería de Tecnologías Industriales;Zaragoza;Escuela de Ingeniería y Arquitectura;Organización y dirección de empresas;Normal;Obligatoria;95.56;95.56;100.00;125;121;125;1.08;29/04/2018
2016;Grado;Ingeniería de Tecnologías Industriales;Zaragoza;Escuela de Ingeniería y Arquitectura;Trabajo fin de Grado;Trabajo fin de grado;Trabajo fin de Grado;100.00;81.82;81.82;158;131;131;1.00;29/04/2018
2016;Grado;Ingeniería de Tecnologías Industriales;Zaragoza;Escuela de Ingeniería y Arquitectura;Motores de combustión;Normal;Optativa;94.12;94.12;100.00;31;30;31;1.10;29/04/2018
2016;Grado;Ingeniería de Tecnologías Industriales;Zaragoza;Escuela de Ingeniería y Arquitectura;Energías renovables;Normal;Optativa;100.00;100.00;100.00;41;39;40;1.10;29/04/2018
2016;Grado;Ingeniería de Tecnologías Industriales;Zaragoza;Escuela de Ingeniería y Arquitectura;Tecnología eléctrica;Normal;Optativa;100.00;100.00;100.00;46;46;46;1.00;29/04/2018
2016;Grado;Ingeniería de Tecnologías Industriales;Zaragoza;Escuela de Ingeniería y Arquitectura;Sistemas térmicos de generación;Normal;Optativa;83.33;83.33;100.00;25;23;25;1.12;29/04/2018
2016;Grado;Ingeniería de Tecnologías Industriales;Zaragoza;Escuela de Ingeniería y Arquitectura;Redes eléctricas inteligentes;Normal;Optativa;100.00;80.00;80.00;19;17;17;1.00;29/04/2018
2016;Grado;Ingeniería de Tecnologías Industriales;Zaragoza;Escuela de Ingeniería y Arquitectura;Edificación industrial;Normal;Optativa;100.00;100.00;100.00;9;9;9;1.00;29/04/2018
2016;Grado;Ingeniería de Tecnologías Industriales;Zaragoza;Escuela de Ingeniería y Arquitectura;Calor y frío industrial;Normal;Optativa;100.00;88.89;88.89;11;10;10;1.00;29/04/2018
2016;Grado;Ingeniería de Tecnologías Industriales;Zaragoza;Escuela de Ingeniería y Arquitectura;Análisis estructural de instalaciones industriales;Normal;Optativa;;;;1;1;1;1.00;29/04/2018
2016;Grado;Ingeniería de Tecnologías Industriales;Zaragoza;Escuela de Ingeniería y Arquitectura;Diseño de instalaciones de fluidos;Normal;Optativa;;;;2;2;2;1.00;29/04/2018
2016;Grado;Ingeniería de Tecnologías Industriales;Zaragoza;Escuela de Ingeniería y Arquitectura;Simulación y análisis de sitemas mecánicos en mecatrónica;Normal;Optativa;100.00;100.00;100.00;24;24;24;1.00;29/04/2018
2016;Grado;Ingeniería de Tecnologías Industriales;Zaragoza;Escuela de Ingeniería y Arquitectura;Automatización flexible y robótica;Normal;Optativa;100.00;96.00;96.00;42;39;39;1.00;29/04/2018
2016;Grado;Ingeniería de Tecnologías Industriales;Zaragoza;Escuela de Ingeniería y Arquitectura;Cálculo y selección de elementos de máquinas;Normal;Optativa;100.00;87.50;87.50;16;13;13;1.00;29/04/2018
2016;Grado;Ingeniería de Tecnologías Industriales;Zaragoza;Escuela de Ingeniería y Arquitectura;Sistemas electrónicos digitales;Normal;Optativa;100.00;93.75;93.75;26;24;24;1.00;29/04/2018
2016;Grado;Ingeniería de Tecnologías Industriales;Zaragoza;Escuela de Ingeniería y Arquitectura;Instrumentación electrónica;Normal;Optativa;100.00;100.00;100.00;16;16;16;1.00;29/04/2018
2016;Grado;Ingeniería de Tecnologías Industriales;Zaragoza;Escuela de Ingeniería y Arquitectura;Producción industrial;Normal;Optativa;100.00;95.00;95.00;35;34;34;1.00;29/04/2018
2016;Grado;Ingeniería de Tecnologías Industriales;Zaragoza;Escuela de Ingeniería y Arquitectura;Calidad industrial;Normal;Optativa;100.00;100.00;100.00;27;27;27;1.00;29/04/2018
2016;Grado;Ingeniería de Tecnologías Industriales;Zaragoza;Escuela de Ingeniería y Arquitectura;Fabricación integrada;Normal;Optativa;100.00;85.71;85.71;30;27;27;1.00;29/04/2018
2016;Grado;Ingeniería de Tecnologías Industriales;Zaragoza;Escuela de Ingeniería y Arquitectura;Diseño y arquitectura de vehículos;Normal;Optativa;100.00;100.00;100.00;21;20;20;1.05;29/04/2018
2016;Grado;Ingeniería de Tecnologías Industriales;Zaragoza;Escuela de Ingeniería y Arquitectura;Ferrocarriles y otros vehículos guiados;Normal;Optativa;100.00;100.00;100.00;21;21;21;1.00;29/04/2018
2016;Grado;Ingeniería de Tecnologías Industriales;Zaragoza;Escuela de Ingeniería y Arquitectura;Movilidad eléctrica;Normal;Optativa;100.00;100.00;100.00;27;27;27;1.04;29/04/2018
2016;Grado;Ingeniería de Tecnologías Industriales;Zaragoza;Escuela de Ingeniería y Arquitectura;Sistemas mecánicos en máquinas y vehículos;Normal;Optativa;100.00;53.85;53.85;19;11;11;1.00;29/04/2018
2016;Grado;Ingeniería de Organización Industrial;Almunia de Doña Godina (La);Escuela Universitaria Politécnica de la Almunia de Doña Godina;Matemáticas I;Normal;Formación básica;80.95;54.84;67.74;31;17;21;1.10;29/04/2018
2016;Grado;Ingeniería de Organización Industrial;Zaragoza;Centro Universitario de la Defensa de Zaragoza;Matemáticas I;Normal;Formación básica;84.56;84.56;100.00;285;241;285;1.32;29/04/2018
2016;Grado;Ingeniería de Organización Industrial;Almunia de Doña Godina (La);Escuela Universitaria Politécnica de la Almunia de Doña Godina;Física I;Normal;Formación básica;90.48;65.52;72.41;29;19;21;1.05;29/04/2018
2016;Grado;Ingeniería de Organización Industrial;Zaragoza;Centro Universitario de la Defensa de Zaragoza;Física I;Normal;Formación básica;88.93;88.93;100.00;289;257;289;1.29;29/04/2018
2016;Grado;Ingeniería de Organización Industrial;Almunia de Doña Godina (La);Escuela Universitaria Politécnica de la Almunia de Doña Godina;Química;Normal;Formación básica;82.61;61.29;74.19;31;19;23;1.23;29/04/2018
2016;Grado;Ingeniería de Organización Industrial;Zaragoza;Centro Universitario de la Defensa de Zaragoza;Química;Normal;Formación básica;71.29;71.05;99.67;304;216;303;1.48;29/04/2018
2016;Grado;Ingeniería de Organización Industrial;Almunia de Doña Godina (La);Escuela Universitaria Politécnica de la Almunia de Doña Godina;Expresión gráfica y diseño asistido por ordenador;Normal;Formación básica;78.95;57.69;73.08;26;15;19;1.14;29/04/2018
2016;Grado;Ingeniería de Organización Industrial;Zaragoza;Centro Universitario de la Defensa de Zaragoza;Expresión gráfica y diseño asistido por ordenador;Normal;Formación básica;84.69;84.69;100.00;320;271;320;1.61;29/04/2018
2016;Grado;Ingeniería de Organización Industrial;Almunia de Doña Godina (La);Escuela Universitaria Politécnica de la Almunia de Doña Godina;Fundamentos de administración de empresas;Normal;Formación básica;68.42;56.52;82.61;23;13;19;1.00;29/04/2018
2016;Grado;Ingeniería de Organización Industrial;Zaragoza;Centro Universitario de la Defensa de Zaragoza;Fundamentos de administración de empresas;Normal;Formación básica;91.70;91.37;99.64;278;254;277;1.11;29/04/2018
2016;Grado;Ingeniería de Organización Industrial;Almunia de Doña Godina (La);Escuela Universitaria Politécnica de la Almunia de Doña Godina;Fundamentos de informática;Normal;Formación básica;88.24;42.86;48.57;35;15;17;1.12;29/04/2018
2016;Grado;Ingeniería de Organización Industrial;Zaragoza;Centro Universitario de la Defensa de Zaragoza;Fundamentos de informática;Normal;Formación básica;92.91;91.93;98.95;285;262;282;1.31;29/04/2018
2016;Grado;Ingeniería de Organización Industrial;Almunia de Doña Godina (La);Escuela Universitaria Politécnica de la Almunia de Doña Godina;Matemáticas II;Normal;Formación básica;50.00;29.41;58.82;34;10;20;1.08;29/04/2018
2016;Grado;Ingeniería de Organización Industrial;Zaragoza;Centro Universitario de la Defensa de Zaragoza;Matemáticas II;Normal;Formación básica;87.13;86.84;99.67;304;264;303;1.51;29/04/2018
2016;Grado;Ingeniería de Organización Industrial;Almunia de Doña Godina (La);Escuela Universitaria Politécnica de la Almunia de Doña Godina;Física II;Normal;Formación básica;84.21;64.00;76.00;25;16;19;1.07;29/04/2018
2016;Grado;Ingeniería de Organización Industrial;Zaragoza;Centro Universitario de la Defensa de Zaragoza;Física II;Normal;Formación básica;75.58;75.33;99.67;304;229;303;1.37;29/04/2018
2016;Grado;Ingeniería de Organización Industrial;Almunia de Doña Godina (La);Escuela Universitaria Politécnica de la Almunia de Doña Godina;Estadística;Normal;Formación básica;94.12;66.67;70.83;24;16;17;1.00;29/04/2018
2016;Grado;Ingeniería de Organización Industrial;Zaragoza;Centro Universitario de la Defensa de Zaragoza;Estadística;Normal;Formación básica;85.03;85.03;100.00;294;250;294;1.24;29/04/2018
2016;Grado;Ingeniería de Organización Industrial;Almunia de Doña Godina (La);Escuela Universitaria Politécnica de la Almunia de Doña Godina;Ingeniería del medio ambiente;Normal;Obligatoria;92.59;73.53;79.41;34;25;27;1.00;29/04/2018
2016;Grado;Ingeniería de Organización Industrial;Zaragoza;Centro Universitario de la Defensa de Zaragoza;Lengua inglesa I;Normal;Obligatoria;85.53;84.98;99.36;313;266;311;1.35;29/04/2018
2016;Grado;Ingeniería de Organización Industrial;Almunia de Doña Godina (La);Escuela Universitaria Politécnica de la Almunia de Doña Godina;Matemáticas III;Normal;Formación básica;66.67;50.00;75.00;16;8;12;1.44;29/04/2018
2016;Grado;Ingeniería de Organización Industrial;Zaragoza;Centro Universitario de la Defensa de Zaragoza;Matemáticas III;Normal;Formación básica;85.81;85.52;99.66;290;248;289;1.29;29/04/2018
2016;Grado;Ingeniería de Organización Industrial;Almunia de Doña Godina (La);Escuela Universitaria Politécnica de la Almunia de Doña Godina;Mecánica;Normal;Obligatoria;100.00;71.43;71.43;21;15;15;1.22;29/04/2018
2016;Grado;Ingeniería de Organización Industrial;Zaragoza;Centro Universitario de la Defensa de Zaragoza;Mecánica;Normal;Obligatoria;71.07;70.87;99.72;357;253;356;1.85;29/04/2018
2016;Grado;Ingeniería de Organización Industrial;Almunia de Doña Godina (La);Escuela Universitaria Politécnica de la Almunia de Doña Godina;Investigación operativa;Normal;Obligatoria;94.12;80.00;85.00;20;16;17;1.00;29/04/2018
2016;Grado;Ingeniería de Organización Industrial;Zaragoza;Centro Universitario de la Defensa de Zaragoza;Investigación operativa;Normal;Obligatoria;91.07;90.14;98.98;294;265;291;1.18;29/04/2018
2016;Grado;Ingeniería de Organización Industrial;Almunia de Doña Godina (La);Escuela Universitaria Politécnica de la Almunia de Doña Godina;Organización y dirección de empresas;Normal;Obligatoria;72.22;56.52;78.26;23;13;18;1.17;29/04/2018
2016;Grado;Ingeniería de Organización Industrial;Zaragoza;Centro Universitario de la Defensa de Zaragoza;Organización y dirección de empresas;Normal;Obligatoria;88.99;88.99;100.00;318;283;318;1.22;29/04/2018
2016;Grado;Ingeniería de Organización Industrial;Almunia de Doña Godina (La);Escuela Universitaria Politécnica de la Almunia de Doña Godina;Ingeniería de materiales;Normal;Obligatoria;92.86;76.47;82.35;17;13;14;1.14;29/04/2018
2016;Grado;Ingeniería de Organización Industrial;Almunia de Doña Godina (La);Escuela Universitaria Politécnica de la Almunia de Doña Godina;Fundamentos de electrotecnia;Normal;Obligatoria;81.25;59.09;72.73;22;13;16;1.38;29/04/2018
2016;Grado;Ingeniería de Organización Industrial;Zaragoza;Centro Universitario de la Defensa de Zaragoza;Fundamentos de electrotecnia;Normal;Obligatoria;89.32;88.46;99.04;312;276;309;1.44;29/04/2018
2016;Grado;Ingeniería de Organización Industrial;Almunia de Doña Godina (La);Escuela Universitaria Politécnica de la Almunia de Doña Godina;Dirección de la producción;Normal;Obligatoria;81.82;50.00;61.11;36;18;22;1.39;29/04/2018
2016;Grado;Ingeniería de Organización Industrial;Zaragoza;Centro Universitario de la Defensa de Zaragoza;Dirección de la producción;Normal;Obligatoria;99.49;98.99;99.50;199;197;198;1.00;29/04/2018
2016;Grado;Ingeniería de Organización Industrial;Almunia de Doña Godina (La);Escuela Universitaria Politécnica de la Almunia de Doña Godina;Mecánica de fluidos;Normal;Obligatoria;75.00;54.55;72.73;22;12;16;1.10;29/04/2018
2016;Grado;Ingeniería de Organización Industrial;Almunia de Doña Godina (La);Escuela Universitaria Politécnica de la Almunia de Doña Godina;Termodinámica aplicada y fundamentos de transmisión de calor;Normal;Obligatoria;72.73;44.44;61.11;18;8;11;1.28;29/04/2018
2016;Grado;Ingeniería de Organización Industrial;Almunia de Doña Godina (La);Escuela Universitaria Politécnica de la Almunia de Doña Godina;Tecnologías de fabricación;Normal;Obligatoria;68.75;44.00;64.00;25;11;16;1.40;29/04/2018
2016;Grado;Ingeniería de Organización Industrial;Almunia de Doña Godina (La);Escuela Universitaria Politécnica de la Almunia de Doña Godina;Fundamentos de electrónica;Normal;Obligatoria;100.00;82.61;82.61;23;19;19;1.19;29/04/2018
2016;Grado;Ingeniería de Organización Industrial;Zaragoza;Centro Universitario de la Defensa de Zaragoza;Fundamentos de electrónica;Normal;Obligatoria;84.65;84.30;99.59;242;204;241;1.59;29/04/2018
2016;Grado;Ingeniería de Organización Industrial;Almunia de Doña Godina (La);Escuela Universitaria Politécnica de la Almunia de Doña Godina;Economía de la empresa;Normal;Obligatoria;94.44;73.91;78.26;23;17;18;1.00;29/04/2018
2016;Grado;Ingeniería de Organización Industrial;Zaragoza;Centro Universitario de la Defensa de Zaragoza;Economía de la empresa;Normal;Obligatoria;100.00;100.00;100.00;6;6;6;3.33;29/04/2018
2016;Grado;Ingeniería de Organización Industrial;Almunia de Doña Godina (La);Escuela Universitaria Politécnica de la Almunia de Doña Godina;Resistencia de materiales;Normal;Obligatoria;100.00;90.48;90.48;21;19;19;1.10;29/04/2018
2016;Grado;Ingeniería de Organización Industrial;Zaragoza;Centro Universitario de la Defensa de Zaragoza;Resistencia de materiales;Normal;Obligatoria;66.39;65.83;99.17;240;158;238;1.80;29/04/2018
2016;Grado;Ingeniería de Organización Industrial;Almunia de Doña Godina (La);Escuela Universitaria Politécnica de la Almunia de Doña Godina;Organización de recursos humanos;Normal;Obligatoria;100.00;95.83;95.83;24;23;23;1.00;29/04/2018
2016;Grado;Ingeniería de Organización Industrial;Almunia de Doña Godina (La);Escuela Universitaria Politécnica de la Almunia de Doña Godina;Ampliación de investigación operativa;Normal;Obligatoria;96.00;80.00;83.33;30;24;25;1.00;29/04/2018
2016;Grado;Ingeniería de Organización Industrial;Almunia de Doña Godina (La);Escuela Universitaria Politécnica de la Almunia de Doña Godina;Calidad;Normal;Obligatoria;100.00;90.91;90.91;22;20;20;1.20;29/04/2018
2016;Grado;Ingeniería de Organización Industrial;Zaragoza;Centro Universitario de la Defensa de Zaragoza;Calidad;Normal;Obligatoria;98.51;98.15;99.63;270;265;269;1.22;29/04/2018
2016;Grado;Ingeniería de Organización Industrial;Almunia de Doña Godina (La);Escuela Universitaria Politécnica de la Almunia de Doña Godina;Sistemas automáticos;Normal;Obligatoria;100.00;100.00;100.00;19;19;19;1.15;29/04/2018
2016;Grado;Ingeniería de Organización Industrial;Zaragoza;Centro Universitario de la Defensa de Zaragoza;Sistemas automáticos;Normal;Obligatoria;89.25;88.84;99.53;215;191;214;1.49;29/04/2018
2016;Grado;Ingeniería de Organización Industrial;Almunia de Doña Godina (La);Escuela Universitaria Politécnica de la Almunia de Doña Godina;Sistemas de información para la dirección;Normal;Obligatoria;100.00;87.10;87.10;31;27;27;1.00;29/04/2018
2016;Grado;Ingeniería de Organización Industrial;Almunia de Doña Godina (La);Escuela Universitaria Politécnica de la Almunia de Doña Godina;Logística;Normal;Obligatoria;100.00;85.00;85.00;20;17;17;1.00;29/04/2018
2016;Grado;Ingeniería de Organización Industrial;Almunia de Doña Godina (La);Escuela Universitaria Politécnica de la Almunia de Doña Godina;Ingeniería económica;Normal;Obligatoria;100.00;94.44;94.44;19;18;18;1.00;29/04/2018
2016;Grado;Ingeniería de Organización Industrial;Almunia de Doña Godina (La);Escuela Universitaria Politécnica de la Almunia de Doña Godina;Oficina de proyectos;Normal;Obligatoria;84.62;84.62;100.00;16;14;16;1.00;29/04/2018
2016;Grado;Ingeniería de Organización Industrial;Zaragoza;Centro Universitario de la Defensa de Zaragoza;Oficina de proyectos;Normal;Obligatoria;99.30;99.30;100.00;142;141;142;1.19;29/04/2018
2016;Grado;Ingeniería de Organización Industrial;Almunia de Doña Godina (La);Escuela Universitaria Politécnica de la Almunia de Doña Godina;Gestión de la innovación y política tecnológica;Normal;Obligatoria;96.30;92.86;96.43;31;29;30;1.00;29/04/2018
2016;Grado;Ingeniería de Organización Industrial;Zaragoza;Centro Universitario de la Defensa de Zaragoza;Gestión de la innovación y política tecnológica;Normal;Obligatoria;99.31;99.31;100.00;144;143;144;1.08;29/04/2018
2016;Grado;Ingeniería de Organización Industrial;Almunia de Doña Godina (La);Escuela Universitaria Politécnica de la Almunia de Doña Godina;Liderazgo;Normal;Obligatoria;100.00;100.00;100.00;24;24;24;1.00;29/04/2018
2016;Grado;Ingeniería de Organización Industrial;Zaragoza;Centro Universitario de la Defensa de Zaragoza;Liderazgo;Normal;Obligatoria;100.00;99.17;99.17;362;359;359;1.04;29/04/2018
2016;Grado;Ingeniería de Organización Industrial;Almunia de Doña Godina (La);Escuela Universitaria Politécnica de la Almunia de Doña Godina;Trabajo fin de Grado;Trabajo fin de grado;Trabajo fin de Grado;100.00;56.52;56.52;25;15;15;1.07;29/04/2018
2016;Grado;Ingeniería de Organización Industrial;Zaragoza;Centro Universitario de la Defensa de Zaragoza;Trabajo fin de Grado;Trabajo fin de grado;Trabajo fin de Grado;100.00;100.00;100.00;184;184;184;1.00;29/04/2018
2016;Grado;Ingeniería de Organización Industrial;Zaragoza;Centro Universitario de la Defensa de Zaragoza;Lengua inglesa II;Normal;Obligatoria;85.14;84.88;99.69;324;275;323;1.40;29/04/2018
2016;Grado;Ingeniería de Organización Industrial;Zaragoza;Centro Universitario de la Defensa de Zaragoza;Lengua inglesa III;Normal;Obligatoria;88.17;87.70;99.47;187;164;186;1.34;29/04/2018
2016;Grado;Ingeniería de Organización Industrial;Zaragoza;Centro Universitario de la Defensa de Zaragoza;Derecho;Normal;Obligatoria;100.00;99.29;99.29;140;139;139;1.00;29/04/2018
2016;Grado;Ingeniería de Organización Industrial;Zaragoza;Centro Universitario de la Defensa de Zaragoza;Relaciones internacionales;Normal;Obligatoria;100.00;99.32;99.32;148;147;147;1.05;29/04/2018
2016;Grado;Ingeniería de Organización Industrial;Zaragoza;Centro Universitario de la Defensa de Zaragoza;Mundo actual;Normal;Obligatoria;97.33;97.33;100.00;150;146;150;1.22;29/04/2018
2016;Grado;Ingeniería de Organización Industrial;Zaragoza;Centro Universitario de la Defensa de Zaragoza;Lengua inglesa IV;Normal;Optativa;98.68;98.68;100.00;152;150;152;1.08;29/04/2018
2016;Grado;Ingeniería de Organización Industrial;Zaragoza;Centro Universitario de la Defensa de Zaragoza;Enseñanza de la actividad física y el deporte;Normal;Optativa;97.06;97.06;100.00;68;66;68;1.16;29/04/2018
2016;Grado;Ingeniería de Organización Industrial;Zaragoza;Centro Universitario de la Defensa de Zaragoza;Dirección de recursos humanos;Normal;Optativa;100.00;100.00;100.00;68;68;68;1.00;29/04/2018
2016;Grado;Ingeniería de Organización Industrial;Zaragoza;Centro Universitario de la Defensa de Zaragoza;Comunicación corporativa;Normal;Optativa;98.53;98.53;100.00;68;67;68;1.13;29/04/2018
2016;Grado;Ingeniería de Organización Industrial;Zaragoza;Centro Universitario de la Defensa de Zaragoza;Prácticas externas (Recursos humanos);Prácticas externas;Optativa;100.00;100.00;100.00;86;86;86;1.00;29/04/2018
2016;Grado;Ingeniería de Organización Industrial;Zaragoza;Centro Universitario de la Defensa de Zaragoza;Sistemas de radar;Normal;Optativa;100.00;100.00;100.00;36;36;36;1.08;29/04/2018
2016;Grado;Ingeniería de Organización Industrial;Zaragoza;Centro Universitario de la Defensa de Zaragoza;Balística;Normal;Optativa;100.00;100.00;100.00;36;36;36;1.00;29/04/2018
2016;Grado;Ingeniería de Organización Industrial;Zaragoza;Centro Universitario de la Defensa de Zaragoza;Misiles;Normal;Optativa;100.00;100.00;100.00;36;36;36;1.00;29/04/2018
2016;Grado;Ingeniería de Organización Industrial;Zaragoza;Centro Universitario de la Defensa de Zaragoza;Prácticas externas (Sistema de radar y misiles);Prácticas externas;Optativa;100.00;100.00;100.00;45;45;45;1.00;29/04/2018
2016;Grado;Ingeniería de Organización Industrial;Zaragoza;Centro Universitario de la Defensa de Zaragoza;Hormigón armado y pretensado;Normal;Optativa;100.00;100.00;100.00;17;17;17;1.00;29/04/2018
2016;Grado;Ingeniería de Organización Industrial;Zaragoza;Centro Universitario de la Defensa de Zaragoza;Estructuras metálicas;Normal;Optativa;100.00;100.00;100.00;18;18;18;1.10;29/04/2018
2016;Grado;Ingeniería de Organización Industrial;Zaragoza;Centro Universitario de la Defensa de Zaragoza;Cálculo de estructuras;Normal;Optativa;83.33;83.33;100.00;18;15;18;1.12;29/04/2018
2016;Grado;Ingeniería de Organización Industrial;Zaragoza;Centro Universitario de la Defensa de Zaragoza;Prácticas externas (Estructuras y materiales);Prácticas externas;Optativa;100.00;100.00;100.00;26;26;26;1.00;29/04/2018
2016;Grado;Ingeniería de Organización Industrial;Zaragoza;Centro Universitario de la Defensa de Zaragoza;Sistemas lineales;Normal;Optativa;90.91;90.91;100.00;22;20;22;1.35;29/04/2018
2016;Grado;Ingeniería de Organización Industrial;Zaragoza;Centro Universitario de la Defensa de Zaragoza;Teoría de la comunicación;Normal;Optativa;91.67;91.67;100.00;24;22;24;1.36;29/04/2018
2016;Grado;Ingeniería de Organización Industrial;Zaragoza;Centro Universitario de la Defensa de Zaragoza;Redes y servicios de comunicaciones;Normal;Optativa;100.00;100.00;100.00;20;20;20;1.05;29/04/2018
2016;Grado;Ingeniería de Organización Industrial;Zaragoza;Centro Universitario de la Defensa de Zaragoza;Prácticas externas (Sistemas de comunicaciones);Prácticas externas;Optativa;100.00;100.00;100.00;26;26;26;1.00;29/04/2018
2016;Grado;Ingeniería de Organización Industrial;Almunia de Doña Godina (La);Escuela Universitaria Politécnica de la Almunia de Doña Godina;Prácticas en empresas;Prácticas externas;Optativa;100.00;100.00;100.00;8;8;8;1.00;29/04/2018
2016;Grado;Ingeniería de Organización Industrial;Almunia de Doña Godina (La);Escuela Universitaria Politécnica de la Almunia de Doña Godina;Gestión de Relaciones Internacionales;Normal;Optativa;100.00;90.91;90.91;14;11;11;1.00;29/04/2018
2016;Grado;Ingeniería de Organización Industrial;Almunia de Doña Godina (La);Escuela Universitaria Politécnica de la Almunia de Doña Godina;Seguridad Laboral;Normal;Optativa;100.00;100.00;100.00;16;16;16;1.00;29/04/2018
2016;Grado;Ingeniería de Organización Industrial;Almunia de Doña Godina (La);Escuela Universitaria Politécnica de la Almunia de Doña Godina;Dirección Comercial;Normal;Optativa;100.00;94.12;94.12;20;19;19;1.00;29/04/2018
2016;Grado;Ingeniería de Organización Industrial;Almunia de Doña Godina (La);Escuela Universitaria Politécnica de la Almunia de Doña Godina;Emprendimiento;Normal;Optativa;100.00;100.00;100.00;23;23;23;1.00;29/04/2018
2016;Grado;Ingeniería de Organización Industrial;Almunia de Doña Godina (La);Escuela Universitaria Politécnica de la Almunia de Doña Godina;Gestión de Mantenimiento;Normal;Optativa;;;;0;0;0;1.00;29/04/2018
2016;Grado;Ingeniería de Organización Industrial;Almunia de Doña Godina (La);Escuela Universitaria Politécnica de la Almunia de Doña Godina;Diseño asistido por ordenador;Normal;Optativa;100.00;100.00;100.00;2;2;2;1.00;29/04/2018
2016;Grado;Ingeniería de Organización Industrial;Almunia de Doña Godina (La);Escuela Universitaria Politécnica de la Almunia de Doña Godina;Normalización y legislación de proyectos;Normal;Optativa;100.00;100.00;100.00;2;2;2;1.00;29/04/2018
2016;Grado;Ingeniería de Organización Industrial;Almunia de Doña Godina (La);Escuela Universitaria Politécnica de la Almunia de Doña Godina;Inglés;Normal;Optativa;100.00;100.00;100.00;16;16;16;1.00;29/04/2018
2016;Grado;Ingeniería de Organización Industrial;Zaragoza;Centro Universitario de la Defensa de Zaragoza;Ingeniería del medio ambiente (Perfil Defensa);Normal;Obligatoria;85.57;84.72;99.00;301;255;298;1.26;29/04/2018
2016;Grado;Ingeniería de Organización Industrial;Zaragoza;Centro Universitario de la Defensa de Zaragoza;Logística (Perfil Defensa);Normal;Obligatoria;99.47;98.94;99.47;189;187;188;1.02;29/04/2018
2016;Grado;Ingeniería de Organización Industrial;Zaragoza;Centro Universitario de la Defensa de Zaragoza;Tecnologías para defensa;Normal;Obligatoria;98.82;98.24;99.41;170;167;169;1.02;29/04/2018
2016;Grado;Ingeniería de Organización Industrial;Zaragoza;Centro Universitario de la Defensa de Zaragoza;Economía de la empresa (Perfil Defensa);Normal;Obligatoria;87.44;87.00;99.50;200;174;199;1.43;29/04/2018
2016;Grado;Ingeniería de Organización Industrial;Zaragoza;Centro Universitario de la Defensa de Zaragoza;Gestión de la innovación y política tecnológica (Perfil Defensa);Normal;Obligatoria;98.02;97.06;99.02;204;198;202;1.13;29/04/2018
2016;Grado;Ingeniería de Organización Industrial;Zaragoza;Centro Universitario de la Defensa de Zaragoza;Sistemas de información para la dirección (Perfil Defensa);Normal;Obligatoria;96.43;95.94;99.49;197;189;196;1.09;29/04/2018
2016;Grado;Ingeniería de Organización Industrial;Zaragoza;Centro Universitario de la Defensa de Zaragoza;Logística aplicada a la Defensa;Normal;Obligatoria;99.45;98.91;99.45;183;181;182;1.07;29/04/2018
2016;Grado;Ingeniería Informática;Zaragoza;Escuela de Ingeniería y Arquitectura;Introducción a los computadores;Normal;Formación básica;84.47;71.90;85.12;121;87;103;1.47;29/04/2018
2016;Grado;Ingeniería Informática;Teruel;Escuela Universitaria Politécnica de Teruel;Introducción a los computadores;Normal;Formación básica;78.79;70.27;89.19;37;26;33;1.36;29/04/2018
2016;Grado;Ingeniería Informática;Zaragoza;Escuela de Ingeniería y Arquitectura;Fundamentos de administración de empresas;Normal;Formación básica;72.45;68.27;94.23;104;71;98;1.31;29/04/2018
2016;Grado;Ingeniería Informática;Teruel;Escuela Universitaria Politécnica de Teruel;Fundamentos de administración de empresas;Normal;Formación básica;55.88;54.29;97.14;35;19;34;1.69;29/04/2018
2016;Grado;Ingeniería Informática;Zaragoza;Escuela de Ingeniería y Arquitectura;Matemáticas I;Normal;Formación básica;77.32;68.18;88.18;110;75;97;1.51;29/04/2018
2016;Grado;Ingeniería Informática;Teruel;Escuela Universitaria Politécnica de Teruel;Matemáticas I;Normal;Formación básica;64.86;57.14;88.10;42;24;37;1.64;29/04/2018
2016;Grado;Ingeniería Informática;Zaragoza;Escuela de Ingeniería y Arquitectura;Matemáticas 2;Normal;Formación básica;82.18;74.77;90.99;111;83;101;1.30;29/04/2018
2016;Grado;Ingeniería Informática;Teruel;Escuela Universitaria Politécnica de Teruel;Matemáticas 2;Normal;Formación básica;71.88;65.71;91.43;35;23;32;1.32;29/04/2018
2016;Grado;Ingeniería Informática;Zaragoza;Escuela de Ingeniería y Arquitectura;Programación 1;Normal;Formación básica;66.67;55.65;83.48;115;64;96;1.57;29/04/2018
2016;Grado;Ingeniería Informática;Teruel;Escuela Universitaria Politécnica de Teruel;Programación 1;Normal;Formación básica;68.75;51.16;74.42;43;22;32;1.64;29/04/2018
2016;Grado;Ingeniería Informática;Zaragoza;Escuela de Ingeniería y Arquitectura;Arquitectura y organización de computadores 1;Normal;Formación básica;71.26;47.33;66.41;131;62;87;1.25;29/04/2018
2016;Grado;Ingeniería Informática;Teruel;Escuela Universitaria Politécnica de Teruel;Arquitectura y organización de computadores 1;Normal;Formación básica;56.41;35.48;62.90;62;22;39;2.00;29/04/2018
2016;Grado;Ingeniería Informática;Zaragoza;Escuela de Ingeniería y Arquitectura;Física y electrónica;Normal;Formación básica;85.00;73.28;86.21;116;85;100;1.36;29/04/2018
2016;Grado;Ingeniería Informática;Teruel;Escuela Universitaria Politécnica de Teruel;Física y electrónica;Normal;Formación básica;52.78;39.58;75.00;48;19;36;1.75;29/04/2018
2016;Grado;Ingeniería Informática;Zaragoza;Escuela de Ingeniería y Arquitectura;Estadística;Normal;Formación básica;85.71;67.20;78.40;125;84;98;1.41;29/04/2018
2016;Grado;Ingeniería Informática;Teruel;Escuela Universitaria Politécnica de Teruel;Estadística;Normal;Formación básica;70.97;62.86;88.57;35;22;31;1.04;29/04/2018
2016;Grado;Ingeniería Informática;Zaragoza;Escuela de Ingeniería y Arquitectura;Matemática discreta;Normal;Formación básica;82.76;69.23;83.65;104;72;87;1.25;29/04/2018
2016;Grado;Ingeniería Informática;Teruel;Escuela Universitaria Politécnica de Teruel;Matemática discreta;Normal;Formación básica;68.97;57.14;82.86;35;20;29;1.14;29/04/2018
2016;Grado;Ingeniería Informática;Zaragoza;Escuela de Ingeniería y Arquitectura;Programación II;Normal;Obligatoria;66.98;51.82;77.37;137;71;106;1.59;29/04/2018
2016;Grado;Ingeniería Informática;Teruel;Escuela Universitaria Politécnica de Teruel;Programación II;Normal;Obligatoria;95.24;71.43;75.00;56;40;42;1.63;29/04/2018
2016;Grado;Ingeniería Informática;Zaragoza;Escuela de Ingeniería y Arquitectura;Sistemas operativos;Normal;Obligatoria;77.22;69.32;89.77;88;61;79;1.51;29/04/2018
2016;Grado;Ingeniería Informática;Teruel;Escuela Universitaria Politécnica de Teruel;Sistemas operativos;Normal;Obligatoria;42.86;38.71;90.32;31;12;28;2.25;29/04/2018
2016;Grado;Ingeniería Informática;Zaragoza;Escuela de Ingeniería y Arquitectura;Redes de computadores;Normal;Obligatoria;57.69;45.92;79.59;98;45;78;1.87;29/04/2018
2016;Grado;Ingeniería Informática;Teruel;Escuela Universitaria Politécnica de Teruel;Redes de computadores;Normal;Obligatoria;60.71;58.62;96.55;29;17;28;1.86;29/04/2018
2016;Grado;Ingeniería Informática;Zaragoza;Escuela de Ingeniería y Arquitectura;Programación de sistemas concurrentes y distribuidos;Normal;Obligatoria;55.41;46.59;84.09;89;42;75;1.87;29/04/2018
2016;Grado;Ingeniería Informática;Teruel;Escuela Universitaria Politécnica de Teruel;Programación de sistemas concurrentes y distribuidos;Normal;Obligatoria;65.22;45.45;69.70;33;15;23;1.80;29/04/2018
2016;Grado;Ingeniería Informática;Zaragoza;Escuela de Ingeniería y Arquitectura;Estructuras de datos y algoritmos;Normal;Obligatoria;61.76;56.00;90.67;75;42;68;1.61;29/04/2018
2016;Grado;Ingeniería Informática;Teruel;Escuela Universitaria Politécnica de Teruel;Estructuras de datos y algoritmos;Normal;Obligatoria;78.57;64.71;82.35;35;22;29;1.61;29/04/2018
2016;Grado;Ingeniería Informática;Zaragoza;Escuela de Ingeniería y Arquitectura;Teoría de la computación;Normal;Formación básica;76.19;64.86;85.14;74;48;63;1.34;29/04/2018
2016;Grado;Ingeniería Informática;Teruel;Escuela Universitaria Politécnica de Teruel;Teoría de la computación;Normal;Formación básica;48.15;37.14;77.14;35;13;27;1.38;29/04/2018
2016;Grado;Ingeniería Informática;Zaragoza;Escuela de Ingeniería y Arquitectura;Arquitectura y organización de computadores 2;Normal;Obligatoria;74.55;59.42;79.71;69;41;55;1.22;29/04/2018
2016;Grado;Ingeniería Informática;Teruel;Escuela Universitaria Politécnica de Teruel;Arquitectura y organización de computadores 2;Normal;Obligatoria;56.52;38.24;67.65;34;13;23;2.00;29/04/2018
2016;Grado;Ingeniería Informática;Zaragoza;Escuela de Ingeniería y Arquitectura;Administración de sistemas;Normal;Obligatoria;80.00;72.22;90.28;72;52;65;1.65;29/04/2018
2016;Grado;Ingeniería Informática;Teruel;Escuela Universitaria Politécnica de Teruel;Administración de sistemas;Normal;Obligatoria;82.61;82.61;100.00;23;19;23;1.30;29/04/2018
2016;Grado;Ingeniería Informática;Zaragoza;Escuela de Ingeniería y Arquitectura;Interacción persona ordenador;Normal;Obligatoria;82.09;76.39;93.06;72;55;67;1.35;29/04/2018
2016;Grado;Ingeniería Informática;Teruel;Escuela Universitaria Politécnica de Teruel;Interacción persona ordenador;Normal;Obligatoria;84.00;72.41;86.21;29;21;25;1.36;29/04/2018
2016;Grado;Ingeniería Informática;Zaragoza;Escuela de Ingeniería y Arquitectura;Tecnología de programación;Normal;Obligatoria;88.57;77.50;87.50;80;62;70;1.41;29/04/2018
2016;Grado;Ingeniería Informática;Teruel;Escuela Universitaria Politécnica de Teruel;Tecnología de programación;Normal;Obligatoria;52.63;27.78;52.78;38;12;21;1.50;29/04/2018
2016;Grado;Ingeniería Informática;Zaragoza;Escuela de Ingeniería y Arquitectura;Bases de datos;Normal;Obligatoria;92.98;76.81;82.61;69;53;57;1.56;29/04/2018
2016;Grado;Ingeniería Informática;Teruel;Escuela Universitaria Politécnica de Teruel;Bases de datos;Normal;Obligatoria;48.15;44.83;93.10;29;13;27;2.06;29/04/2018
2016;Grado;Ingeniería Informática;Zaragoza;Escuela de Ingeniería y Arquitectura;Proyecto hardware;Normal;Obligatoria;100.00;100.00;100.00;56;56;56;1.00;29/04/2018
2016;Grado;Ingeniería Informática;Teruel;Escuela Universitaria Politécnica de Teruel;Proyecto hardware;Normal;Obligatoria;100.00;83.33;83.33;12;10;10;1.00;29/04/2018
2016;Grado;Ingeniería Informática;Zaragoza;Escuela de Ingeniería y Arquitectura;Sistemas distribuidos;Normal;Obligatoria;91.53;72.00;78.67;76;55;60;1.27;29/04/2018
2016;Grado;Ingeniería Informática;Teruel;Escuela Universitaria Politécnica de Teruel;Sistemas distribuidos;Normal;Obligatoria;92.31;85.71;92.86;14;12;13;1.08;29/04/2018
2016;Grado;Ingeniería Informática;Zaragoza;Escuela de Ingeniería y Arquitectura;Ingeniería del Software;Normal;Obligatoria;84.00;82.35;98.04;53;44;52;1.56;29/04/2018
2016;Grado;Ingeniería Informática;Teruel;Escuela Universitaria Politécnica de Teruel;Ingeniería del Software;Normal;Obligatoria;45.45;33.33;73.33;18;8;14;1.92;29/04/2018
2016;Grado;Ingeniería Informática;Zaragoza;Escuela de Ingeniería y Arquitectura;Inteligencia artificial;Normal;Obligatoria;77.05;67.14;87.14;72;48;63;1.50;29/04/2018
2016;Grado;Ingeniería Informática;Teruel;Escuela Universitaria Politécnica de Teruel;Inteligencia artificial;Normal;Obligatoria;75.00;50.00;66.67;13;7;9;1.12;29/04/2018
2016;Grado;Ingeniería Informática;Zaragoza;Escuela de Ingeniería y Arquitectura;Sistemas de información;Normal;Obligatoria;77.59;75.00;96.67;63;48;61;1.56;29/04/2018
2016;Grado;Ingeniería Informática;Teruel;Escuela Universitaria Politécnica de Teruel;Sistemas de información;Normal;Obligatoria;81.25;81.25;100.00;16;13;16;1.21;29/04/2018
2016;Grado;Ingeniería Informática;Zaragoza;Escuela de Ingeniería y Arquitectura;Proyecto Software;Normal;Obligatoria;100.00;100.00;100.00;46;46;46;1.00;29/04/2018
2016;Grado;Ingeniería Informática;Teruel;Escuela Universitaria Politécnica de Teruel;Proyecto Software;Normal;Obligatoria;60.00;54.55;90.91;14;9;13;1.33;29/04/2018
2016;Grado;Ingeniería Informática;Zaragoza;Escuela de Ingeniería y Arquitectura;Seguridad informática;Normal;Obligatoria;92.06;86.57;94.03;73;64;69;1.38;29/04/2018
2016;Grado;Ingeniería Informática;Teruel;Escuela Universitaria Politécnica de Teruel;Seguridad informática;Normal;Obligatoria;100.00;81.82;81.82;15;9;13;1.00;29/04/2018
2016;Grado;Ingeniería Informática;Zaragoza;Escuela de Ingeniería y Arquitectura;Trabajo fin de Grado (Computación);Trabajo fin de grado;Trabajo fin de Grado;100.00;65.63;65.63;32;21;21;1.05;29/04/2018
2016;Grado;Ingeniería Informática;Zaragoza;Escuela de Ingeniería y Arquitectura;Algoritmia básica;Normal;Optativa;97.06;94.29;97.14;38;36;37;1.08;29/04/2018
2016;Grado;Ingeniería Informática;Zaragoza;Escuela de Ingeniería y Arquitectura;Procesadores de lenguajes;Normal;Optativa;95.24;71.43;75.00;29;21;22;1.57;29/04/2018
2016;Grado;Ingeniería Informática;Zaragoza;Escuela de Ingeniería y Arquitectura;Aprendizaje automático;Normal;Optativa;88.89;61.54;69.23;26;16;18;1.25;29/04/2018
2016;Grado;Ingeniería Informática;Zaragoza;Escuela de Ingeniería y Arquitectura;Algoritmia para problemas difíciles;Normal;Obligatoria;100.00;88.24;88.24;18;16;16;1.00;29/04/2018
2016;Grado;Ingeniería Informática;Zaragoza;Escuela de Ingeniería y Arquitectura;Recuperación de información;Normal;Optativa;100.00;100.00;100.00;24;24;24;1.12;29/04/2018
2016;Grado;Ingeniería Informática;Zaragoza;Escuela de Ingeniería y Arquitectura;Informática gráfica;Normal;Optativa;87.50;84.00;96.00;27;23;26;1.29;29/04/2018
2016;Grado;Ingeniería Informática;Zaragoza;Escuela de Ingeniería y Arquitectura;Procesadores comerciales;Normal;Optativa;100.00;85.71;85.71;7;6;6;1.17;29/04/2018
2016;Grado;Ingeniería Informática;Zaragoza;Escuela de Ingeniería y Arquitectura;Sistemas empotrados I;Normal;Optativa;100.00;100.00;100.00;4;4;4;1.00;29/04/2018
2016;Grado;Ingeniería Informática;Zaragoza;Escuela de Ingeniería y Arquitectura;Multiprocesadores;Normal;Obligatoria;83.33;71.43;85.71;7;5;6;1.33;29/04/2018
2016;Grado;Ingeniería Informática;Zaragoza;Escuela de Ingeniería y Arquitectura;Centros de datos;Normal;Optativa;86.36;86.36;100.00;23;20;23;1.15;29/04/2018
2016;Grado;Ingeniería Informática;Teruel;Escuela Universitaria Politécnica de Teruel;Centros de datos;Normal;Optativa;;;;5;3;5;1.00;29/04/2018
2016;Grado;Ingeniería Informática;Zaragoza;Escuela de Ingeniería y Arquitectura;Diseño y administración de redes;Normal;Obligatoria;100.00;100.00;100.00;22;22;22;1.41;29/04/2018
2016;Grado;Ingeniería Informática;Teruel;Escuela Universitaria Politécnica de Teruel;Diseño y administración de redes;Normal;Optativa;100.00;100.00;100.00;8;8;8;1.22;29/04/2018
2016;Grado;Ingeniería Informática;Zaragoza;Escuela de Ingeniería y Arquitectura;Sistemas empotrados 2;Normal;Obligatoria;100.00;100.00;100.00;7;7;7;1.00;29/04/2018
2016;Grado;Ingeniería Informática;Zaragoza;Escuela de Ingeniería y Arquitectura;Laboratorio de sistemas empotrados;Normal;Obligatoria;100.00;100.00;100.00;9;9;9;1.11;29/04/2018
2016;Grado;Ingeniería Informática;Zaragoza;Escuela de Ingeniería y Arquitectura;Garantía y seguridad;Normal;Optativa;100.00;100.00;100.00;9;9;9;1.00;29/04/2018
2016;Grado;Ingeniería Informática;Zaragoza;Escuela de Ingeniería y Arquitectura;Ingeniería de requisitos;Normal;Optativa;100.00;92.86;92.86;15;14;14;1.07;29/04/2018
2016;Grado;Ingeniería Informática;Zaragoza;Escuela de Ingeniería y Arquitectura;Verificación y validación;Normal;Optativa;95.00;95.00;100.00;21;20;21;1.05;29/04/2018
2016;Grado;Ingeniería Informática;Zaragoza;Escuela de Ingeniería y Arquitectura;Arquitectura software;Normal;Optativa;100.00;85.71;85.71;7;6;6;1.00;29/04/2018
2016;Grado;Ingeniería Informática;Zaragoza;Escuela de Ingeniería y Arquitectura;Ingeniería web;Normal;Optativa;100.00;96.30;96.30;30;29;29;1.00;29/04/2018
2016;Grado;Ingeniería Informática;Teruel;Escuela Universitaria Politécnica de Teruel;Ingeniería web;Normal;Optativa;100.00;71.43;71.43;12;10;10;1.18;29/04/2018
2016;Grado;Ingeniería Informática;Zaragoza;Escuela de Ingeniería y Arquitectura;Gestión de proyecto software;Normal;Obligatoria;100.00;100.00;100.00;11;11;11;1.00;29/04/2018
2016;Grado;Ingeniería Informática;Zaragoza;Escuela de Ingeniería y Arquitectura;Laboratorio de ingeniería del software;Normal;Obligatoria;100.00;100.00;100.00;8;8;8;1.00;29/04/2018
2016;Grado;Ingeniería Informática;Zaragoza;Escuela de Ingeniería y Arquitectura;Bases de datos 2;Normal;Optativa;82.61;82.61;100.00;23;19;23;1.21;29/04/2018
2016;Grado;Ingeniería Informática;Teruel;Escuela Universitaria Politécnica de Teruel;Bases de datos 2;Normal;Obligatoria;68.75;68.75;100.00;16;11;16;1.15;29/04/2018
2016;Grado;Ingeniería Informática;Zaragoza;Escuela de Ingeniería y Arquitectura;Sistemas de información 2;Normal;Optativa;100.00;100.00;100.00;11;11;11;1.00;29/04/2018
2016;Grado;Ingeniería Informática;Teruel;Escuela Universitaria Politécnica de Teruel;Sistemas de información 2;Normal;Optativa;93.75;93.75;100.00;20;19;20;1.00;29/04/2018
2016;Grado;Ingeniería Informática;Zaragoza;Escuela de Ingeniería y Arquitectura;Tecnologías de la información en la empresa;Normal;Optativa;100.00;100.00;100.00;18;18;18;1.00;29/04/2018
2016;Grado;Ingeniería Informática;Teruel;Escuela Universitaria Politécnica de Teruel;Tecnologías de la información en la empresa;Normal;Obligatoria;100.00;100.00;100.00;16;16;16;1.00;29/04/2018
2016;Grado;Ingeniería Informática;Zaragoza;Escuela de Ingeniería y Arquitectura;Almacenes y minería de datos;Normal;Optativa;94.74;90.00;95.00;21;19;20;1.16;29/04/2018
2016;Grado;Ingeniería Informática;Teruel;Escuela Universitaria Politécnica de Teruel;Almacenes y minería de datos;Normal;Optativa;100.00;87.50;87.50;10;9;9;1.11;29/04/2018
2016;Grado;Ingeniería Informática;Zaragoza;Escuela de Ingeniería y Arquitectura;Sistemas legados;Normal;Optativa;95.00;95.00;100.00;43;41;43;1.12;29/04/2018
2016;Grado;Ingeniería Informática;Teruel;Escuela Universitaria Politécnica de Teruel;Sistemas legados;Normal;Obligatoria;100.00;62.50;62.50;13;8;10;1.00;29/04/2018
2016;Grado;Ingeniería Informática;Zaragoza;Escuela de Ingeniería y Arquitectura;Sistemas de ayuda a la toma de decisiones;Normal;Obligatoria;100.00;100.00;100.00;18;18;18;1.00;29/04/2018
2016;Grado;Ingeniería Informática;Teruel;Escuela Universitaria Politécnica de Teruel;Sistemas de ayuda a la toma de decisiones;Normal;Obligatoria;100.00;100.00;100.00;6;6;6;1.17;29/04/2018
2016;Grado;Ingeniería Informática;Zaragoza;Escuela de Ingeniería y Arquitectura;Sistemas y tecnologías web;Normal;Optativa;91.89;91.89;100.00;40;37;40;1.19;29/04/2018
2016;Grado;Ingeniería Informática;Teruel;Escuela Universitaria Politécnica de Teruel;Sistemas y tecnologías web;Normal;Obligatoria;100.00;87.50;87.50;11;10;10;1.10;29/04/2018
2016;Grado;Ingeniería Informática;Zaragoza;Escuela de Ingeniería y Arquitectura;Administración de sistemas 2;Normal;Optativa;100.00;53.85;53.85;14;8;8;1.00;29/04/2018
2016;Grado;Ingeniería Informática;Teruel;Escuela Universitaria Politécnica de Teruel;Administración de sistemas 2;Normal;Optativa;100.00;85.71;85.71;7;6;6;1.00;29/04/2018
2016;Grado;Ingeniería Informática;Zaragoza;Escuela de Ingeniería y Arquitectura;Diseño centrado en el usuario. Diseño para la multimedia;Normal;Optativa;100.00;94.44;94.44;19;18;18;1.00;29/04/2018
2016;Grado;Ingeniería Informática;Teruel;Escuela Universitaria Politécnica de Teruel;Diseño centrado en el usuario. Diseño para la multimedia;Normal;Optativa;100.00;100.00;100.00;4;3;4;1.25;29/04/2018
2016;Grado;Ingeniería Informática;Zaragoza;Escuela de Ingeniería y Arquitectura;Metodologías ágiles y calidad;Normal;Optativa;100.00;100.00;100.00;9;9;9;1.00;29/04/2018
2016;Grado;Ingeniería Informática;Zaragoza;Escuela de Ingeniería y Arquitectura;Bioinformática;Normal;Optativa;100.00;80.00;80.00;5;4;4;1.00;29/04/2018
2016;Grado;Ingeniería Informática;Zaragoza;Escuela de Ingeniería y Arquitectura;Robótica;Normal;Optativa;100.00;95.45;95.45;23;22;22;1.00;29/04/2018
2016;Grado;Ingeniería Informática;Zaragoza;Escuela de Ingeniería y Arquitectura;Videojuegos;Normal;Optativa;100.00;81.82;81.82;23;19;19;1.21;29/04/2018
2016;Grado;Ingeniería Informática;Zaragoza;Escuela de Ingeniería y Arquitectura;Visión por computador;Normal;Optativa;100.00;100.00;100.00;15;15;15;1.00;29/04/2018
2016;Grado;Ingeniería Informática;Zaragoza;Escuela de Ingeniería y Arquitectura;Comercio electrónico;Normal;Optativa;100.00;100.00;100.00;16;16;16;1.06;29/04/2018
2016;Grado;Ingeniería Informática;Teruel;Escuela Universitaria Politécnica de Teruel;Comercio electrónico;Normal;Optativa;100.00;100.00;100.00;9;9;9;1.00;29/04/2018
2016;Grado;Ingeniería Informática;Zaragoza;Escuela de Ingeniería y Arquitectura;Sistemas de información distribuidos;Normal;Optativa;100.00;100.00;100.00;13;13;13;1.00;29/04/2018
2016;Grado;Ingeniería Informática;Teruel;Escuela Universitaria Politécnica de Teruel;Inglés técnico;Normal;Optativa;100.00;100.00;100.00;3;3;3;1.00;29/04/2018
2016;Grado;Ingeniería Informática;Zaragoza;Escuela de Ingeniería y Arquitectura;Trabajo fin de Grado (Ingeniería de computadores);Trabajo fin de grado;Trabajo fin de Grado;100.00;72.73;72.73;12;9;9;1.11;29/04/2018
2016;Grado;Ingeniería Informática;Zaragoza;Escuela de Ingeniería y Arquitectura;Trabajo fin de Grado (Ingeniería del Software);Trabajo fin de grado;Trabajo fin de Grado;100.00;41.18;41.18;17;7;7;1.00;29/04/2018
2016;Grado;Ingeniería Informática;Zaragoza;Escuela de Ingeniería y Arquitectura;Trabajo fin de Grado  (Sistemas de Información);Trabajo fin de grado;Trabajo fin de Grado;100.00;40.00;40.00;15;6;6;1.00;29/04/2018
2016;Grado;Ingeniería Informática;Teruel;Escuela Universitaria Politécnica de Teruel;Trabajo fin de Grado  (Sistemas de Información);Trabajo fin de grado;Trabajo fin de Grado;100.00;40.00;40.00;5;2;2;1.00;29/04/2018
2016;Grado;Ingeniería Informática;Zaragoza;Escuela de Ingeniería y Arquitectura;Trabajo fin de Grado (Tecnologías de la Información);Trabajo fin de grado;Trabajo fin de Grado;100.00;61.54;61.54;13;8;8;1.00;29/04/2018
2016;Grado;Ingeniería Informática;Teruel;Escuela Universitaria Politécnica de Teruel;Trabajo fin de Grado (Tecnologías de la Información);Trabajo fin de grado;Trabajo fin de Grado;100.00;80.00;80.00;5;4;4;1.00;29/04/2018
2016;Grado;Ingeniería de Tecnologías y Servicios de Telecomunicación;Zaragoza;Escuela de Ingeniería y Arquitectura;Matemáticas I;Normal;Formación básica;60.00;45.45;75.76;99;45;75;1.60;29/04/2018
2016;Grado;Ingeniería de Tecnologías y Servicios de Telecomunicación;Zaragoza;Escuela de Ingeniería y Arquitectura;Fundamentos de física;Normal;Formación básica;65.88;50.45;76.58;111;56;85;1.42;29/04/2018
2016;Grado;Ingeniería de Tecnologías y Servicios de Telecomunicación;Zaragoza;Escuela de Ingeniería y Arquitectura;Circuitos y sistemas;Normal;Formación básica;47.50;34.55;72.73;110;38;80;1.92;29/04/2018
2016;Grado;Ingeniería de Tecnologías y Servicios de Telecomunicación;Zaragoza;Escuela de Ingeniería y Arquitectura;Fundamentos de informática;Normal;Formación básica;70.42;50.00;71.00;100;50;71;1.41;29/04/2018
2016;Grado;Ingeniería de Tecnologías y Servicios de Telecomunicación;Zaragoza;Escuela de Ingeniería y Arquitectura;Matemáticas II;Normal;Formación básica;65.52;36.19;55.24;105;38;58;1.48;29/04/2018
2016;Grado;Ingeniería de Tecnologías y Servicios de Telecomunicación;Zaragoza;Escuela de Ingeniería y Arquitectura;Señales y sistemas;Normal;Obligatoria;51.47;29.91;58.12;117;35;68;1.71;29/04/2018
2016;Grado;Ingeniería de Tecnologías y Servicios de Telecomunicación;Zaragoza;Escuela de Ingeniería y Arquitectura;Matemáticas III;Normal;Formación básica;57.97;32.79;56.56;122;40;69;1.92;29/04/2018
2016;Grado;Ingeniería de Tecnologías y Servicios de Telecomunicación;Zaragoza;Escuela de Ingeniería y Arquitectura;Fundamentos de electrónica;Normal;Formación básica;47.62;27.78;58.33;108;30;63;2.32;29/04/2018
2016;Grado;Ingeniería de Tecnologías y Servicios de Telecomunicación;Zaragoza;Escuela de Ingeniería y Arquitectura;Probabilidad y procesos;Normal;Formación básica;71.43;42.11;58.95;95;40;56;1.32;29/04/2018
2016;Grado;Ingeniería de Tecnologías y Servicios de Telecomunicación;Zaragoza;Escuela de Ingeniería y Arquitectura;Fundamentos de administración de empresas;Normal;Formación básica;63.89;51.69;80.90;89;46;72;1.36;29/04/2018
2016;Grado;Ingeniería de Tecnologías y Servicios de Telecomunicación;Zaragoza;Escuela de Ingeniería y Arquitectura;Electromagnetismo y ondas;Normal;Formación básica;78.26;70.59;90.20;51;36;46;1.58;29/04/2018
2016;Grado;Ingeniería de Tecnologías y Servicios de Telecomunicación;Zaragoza;Escuela de Ingeniería y Arquitectura;Electrónica analógica;Normal;Obligatoria;82.05;71.11;86.67;45;32;39;1.36;29/04/2018
2016;Grado;Ingeniería de Tecnologías y Servicios de Telecomunicación;Zaragoza;Escuela de Ingeniería y Arquitectura;Procesado digital de señales;Normal;Obligatoria;90.48;77.55;85.71;49;38;42;1.71;29/04/2018
2016;Grado;Ingeniería de Tecnologías y Servicios de Telecomunicación;Zaragoza;Escuela de Ingeniería y Arquitectura;Fundamentos de redes;Normal;Obligatoria;71.43;62.50;87.50;56;35;49;1.52;29/04/2018
2016;Grado;Ingeniería de Tecnologías y Servicios de Telecomunicación;Zaragoza;Escuela de Ingeniería y Arquitectura;Teoría de comunicación;Normal;Obligatoria;93.75;81.82;87.27;55;45;48;1.24;29/04/2018
2016;Grado;Ingeniería de Tecnologías y Servicios de Telecomunicación;Zaragoza;Escuela de Ingeniería y Arquitectura;Electrónica digital;Normal;Obligatoria;62.16;45.10;72.55;51;23;37;1.25;29/04/2018
2016;Grado;Ingeniería de Tecnologías y Servicios de Telecomunicación;Zaragoza;Escuela de Ingeniería y Arquitectura;Tecnologías e interconexión de redes;Normal;Obligatoria;81.82;66.67;81.48;54;36;44;1.31;29/04/2018
2016;Grado;Ingeniería de Tecnologías y Servicios de Telecomunicación;Zaragoza;Escuela de Ingeniería y Arquitectura;Propagación y medios de transmisión;Normal;Obligatoria;94.12;82.76;87.93;58;48;51;1.21;29/04/2018
2016;Grado;Ingeniería de Tecnologías y Servicios de Telecomunicación;Zaragoza;Escuela de Ingeniería y Arquitectura;Comunicaciones digitales;Normal;Obligatoria;90.70;79.59;87.76;49;39;43;1.33;29/04/2018
2016;Grado;Ingeniería de Tecnologías y Servicios de Telecomunicación;Zaragoza;Escuela de Ingeniería y Arquitectura;Sistemas electrónicos con microprocesadores;Normal;Obligatoria;95.24;93.02;97.67;44;41;43;1.51;29/04/2018
2016;Grado;Ingeniería de Tecnologías y Servicios de Telecomunicación;Zaragoza;Escuela de Ingeniería y Arquitectura;Planificación y dimensionado de redes;Normal;Obligatoria;84.21;80.00;95.00;40;32;38;1.56;29/04/2018
2016;Grado;Ingeniería de Tecnologías y Servicios de Telecomunicación;Zaragoza;Escuela de Ingeniería y Arquitectura;Arquitectura de sistemas;Normal;Obligatoria;86.00;81.13;94.34;56;46;53;1.61;29/04/2018
2016;Grado;Ingeniería de Tecnologías y Servicios de Telecomunicación;Zaragoza;Escuela de Ingeniería y Arquitectura;Programación de redes y servicios;Normal;Obligatoria;81.82;78.26;95.65;49;39;47;1.08;29/04/2018
2016;Grado;Ingeniería de Tecnologías y Servicios de Telecomunicación;Zaragoza;Escuela de Ingeniería y Arquitectura;Gestión de proyectos de telecomunicación;Normal;Obligatoria;100.00;100.00;100.00;31;31;31;1.00;29/04/2018
2016;Grado;Ingeniería de Tecnologías y Servicios de Telecomunicación;Zaragoza;Escuela de Ingeniería y Arquitectura;Electrónica de radiofrecuencia;Normal;Obligatoria;100.00;100.00;100.00;10;10;10;1.00;29/04/2018
2016;Grado;Ingeniería de Tecnologías y Servicios de Telecomunicación;Zaragoza;Escuela de Ingeniería y Arquitectura;Laboratorio de diseño electrónico;Normal;Optativa;100.00;100.00;100.00;11;11;11;1.00;29/04/2018
2016;Grado;Ingeniería de Tecnologías y Servicios de Telecomunicación;Zaragoza;Escuela de Ingeniería y Arquitectura;Electrónica de potencia;Normal;Obligatoria;100.00;100.00;100.00;10;10;10;1.00;29/04/2018
2016;Grado;Ingeniería de Tecnologías y Servicios de Telecomunicación;Zaragoza;Escuela de Ingeniería y Arquitectura;Electrónica de comunicaciones;Normal;Obligatoria;100.00;100.00;100.00;11;11;11;1.00;29/04/2018
2016;Grado;Ingeniería de Tecnologías y Servicios de Telecomunicación;Zaragoza;Escuela de Ingeniería y Arquitectura;Sistemas electrónicos digitales;Normal;Obligatoria;100.00;100.00;100.00;8;8;8;1.50;29/04/2018
2016;Grado;Ingeniería de Tecnologías y Servicios de Telecomunicación;Zaragoza;Escuela de Ingeniería y Arquitectura;Instrumentación electrónica;Normal;Obligatoria;100.00;100.00;100.00;8;8;8;1.00;29/04/2018
2016;Grado;Ingeniería de Tecnologías y Servicios de Telecomunicación;Zaragoza;Escuela de Ingeniería y Arquitectura;Sistemas electrónicos de audio y vídeo;Normal;Optativa;100.00;95.00;95.00;25;24;24;1.00;29/04/2018
2016;Grado;Ingeniería de Tecnologías y Servicios de Telecomunicación;Zaragoza;Escuela de Ingeniería y Arquitectura;Sistemas electrónicos en telecomunicaciones;Normal;Obligatoria;100.00;100.00;100.00;9;9;9;1.00;29/04/2018
2016;Grado;Ingeniería de Tecnologías y Servicios de Telecomunicación;Zaragoza;Escuela de Ingeniería y Arquitectura;Aplicaciones de procesado digital de señal;Normal;Optativa;95.00;86.36;90.91;25;22;23;1.14;29/04/2018
2016;Grado;Ingeniería de Tecnologías y Servicios de Telecomunicación;Zaragoza;Escuela de Ingeniería y Arquitectura;Tecnologías de radiofrecuencia;Normal;Obligatoria;84.62;68.75;81.25;17;12;14;1.25;29/04/2018
2016;Grado;Ingeniería de Tecnologías y Servicios de Telecomunicación;Zaragoza;Escuela de Ingeniería y Arquitectura;Dispositivos y sistemas de transmisión óptica;Normal;Optativa;100.00;93.75;93.75;18;17;17;1.06;29/04/2018
2016;Grado;Ingeniería de Tecnologías y Servicios de Telecomunicación;Zaragoza;Escuela de Ingeniería y Arquitectura;Comunicaciones audiovisuales;Normal;Optativa;100.00;94.74;94.74;19;18;18;1.06;29/04/2018
2016;Grado;Ingeniería de Tecnologías y Servicios de Telecomunicación;Zaragoza;Escuela de Ingeniería y Arquitectura;Servicios y sistemas de telecomunicación;Normal;Optativa;73.33;68.75;93.75;18;13;17;1.23;29/04/2018
2016;Grado;Ingeniería de Tecnologías y Servicios de Telecomunicación;Zaragoza;Escuela de Ingeniería y Arquitectura;Fundamentos de alta frecuencia;Normal;Obligatoria;92.86;86.67;93.33;16;14;15;1.07;29/04/2018
2016;Grado;Ingeniería de Tecnologías y Servicios de Telecomunicación;Zaragoza;Escuela de Ingeniería y Arquitectura;Sistemas de radiocomunicación;Normal;Obligatoria;71.43;55.56;77.78;13;9;11;1.44;29/04/2018
2016;Grado;Ingeniería de Tecnologías y Servicios de Telecomunicación;Zaragoza;Escuela de Ingeniería y Arquitectura;Equipos y sistemas de transmisión;Normal;Optativa;76.92;76.92;100.00;17;14;17;1.14;29/04/2018
2016;Grado;Ingeniería de Tecnologías y Servicios de Telecomunicación;Zaragoza;Escuela de Ingeniería y Arquitectura;Producción de audio y vídeo;Normal;Optativa;100.00;95.65;95.65;26;25;25;1.00;29/04/2018
2016;Grado;Ingeniería de Tecnologías y Servicios de Telecomunicación;Zaragoza;Escuela de Ingeniería y Arquitectura;Ingeniería multimedia e interactividad;Normal;Optativa;100.00;93.33;93.33;19;18;18;1.00;29/04/2018
2016;Grado;Ingeniería de Tecnologías y Servicios de Telecomunicación;Zaragoza;Escuela de Ingeniería y Arquitectura;Redes de acceso;Normal;Obligatoria;94.74;94.74;100.00;19;18;19;1.06;29/04/2018
2016;Grado;Ingeniería de Tecnologías y Servicios de Telecomunicación;Zaragoza;Escuela de Ingeniería y Arquitectura;Redes de transporte;Normal;Obligatoria;100.00;100.00;100.00;13;13;13;1.00;29/04/2018
2016;Grado;Ingeniería de Tecnologías y Servicios de Telecomunicación;Zaragoza;Escuela de Ingeniería y Arquitectura;Gestión de red;Normal;Optativa;100.00;95.00;95.00;21;20;20;1.00;29/04/2018
2016;Grado;Ingeniería de Tecnologías y Servicios de Telecomunicación;Zaragoza;Escuela de Ingeniería y Arquitectura;Seguridad en redes y servicios;Normal;Optativa;100.00;100.00;100.00;15;15;15;1.07;29/04/2018
2016;Grado;Ingeniería de Tecnologías y Servicios de Telecomunicación;Zaragoza;Escuela de Ingeniería y Arquitectura;Redes móviles;Normal;Optativa;94.12;84.21;89.47;20;17;18;1.29;29/04/2018
2016;Grado;Ingeniería de Tecnologías y Servicios de Telecomunicación;Zaragoza;Escuela de Ingeniería y Arquitectura;Diseño y evaluación de redes;Normal;Obligatoria;100.00;100.00;100.00;10;10;10;1.00;29/04/2018
2016;Grado;Ingeniería de Tecnologías y Servicios de Telecomunicación;Zaragoza;Escuela de Ingeniería y Arquitectura;Comercio electrónico;Normal;Obligatoria;93.75;93.75;100.00;16;15;16;1.00;29/04/2018
2016;Grado;Ingeniería de Tecnologías y Servicios de Telecomunicación;Zaragoza;Escuela de Ingeniería y Arquitectura;Laboratorio de señal y comunicaciones;Normal;Optativa;100.00;100.00;100.00;9;9;9;1.00;29/04/2018
2016;Grado;Ingeniería de Tecnologías y Servicios de Telecomunicación;Zaragoza;Escuela de Ingeniería y Arquitectura;Laboratorio de comunicaciones ópticas;Normal;Optativa;100.00;100.00;100.00;11;11;11;1.00;29/04/2018
2016;Grado;Ingeniería de Tecnologías y Servicios de Telecomunicación;Zaragoza;Escuela de Ingeniería y Arquitectura;Fuentes de alimentación electrónica;Normal;Optativa;75.00;75.00;100.00;5;4;5;1.25;29/04/2018
2016;Grado;Ingeniería de Tecnologías y Servicios de Telecomunicación;Zaragoza;Escuela de Ingeniería y Arquitectura;Sistemas de información;Normal;Optativa;100.00;100.00;100.00;3;3;3;1.00;29/04/2018
2016;Grado;Ingeniería de Tecnologías y Servicios de Telecomunicación;Zaragoza;Escuela de Ingeniería y Arquitectura;Sistemas de información II;Normal;Optativa;100.00;100.00;100.00;4;4;4;1.00;29/04/2018
2016;Grado;Ingeniería de Tecnologías y Servicios de Telecomunicación;Zaragoza;Escuela de Ingeniería y Arquitectura;Trabajo fin de Grado (Sistemas Electrónicos);Trabajo fin de grado;Trabajo fin de Grado;100.00;57.14;57.14;14;8;8;1.00;29/04/2018
2016;Grado;Ingeniería de Tecnologías y Servicios de Telecomunicación;Zaragoza;Escuela de Ingeniería y Arquitectura;Trabajo fin de Grado (Sistemas de Telecomunicación);Trabajo fin de grado;Trabajo fin de Grado;100.00;86.67;86.67;16;14;14;1.00;29/04/2018
2016;Grado;Ingeniería de Tecnologías y Servicios de Telecomunicación;Zaragoza;Escuela de Ingeniería y Arquitectura;Trabajo fin de Grado (Telemática);Trabajo fin de grado;Trabajo fin de Grado;100.00;70.59;70.59;17;12;12;1.00;29/04/2018
2016;Grado;Ingeniería de Tecnologías y Servicios de Telecomunicación;Zaragoza;Escuela de Ingeniería y Arquitectura;Análisis y diseño de software;Normal;Obligatoria;92.31;85.71;92.86;14;12;13;1.00;29/04/2018
2016;Grado;Lenguas Modernas;Zaragoza;Facultad de Filosofía y Letras;Destrezas lingüísticas en español;Normal;Formación básica;97.83;90.00;92.00;50;45;46;1.04;29/04/2018
2016;Grado;Lenguas Modernas;Zaragoza;Facultad de Filosofía y Letras;Comunicación oral y escrita en lengua alemana I;Normal;Formación básica;100.00;86.96;86.96;23;20;20;1.00;29/04/2018
2016;Grado;Lenguas Modernas;Zaragoza;Facultad de Filosofía y Letras;Comunicación oral y escrita en lengua árabe I;Normal;Formación básica;66.67;50.00;75.00;4;2;3;1.00;29/04/2018
2016;Grado;Lenguas Modernas;Zaragoza;Facultad de Filosofía y Letras;Comunicación oral y escrita en lengua francesa I;Normal;Formación básica;82.05;78.05;95.12;41;32;39;1.18;29/04/2018
2016;Grado;Lenguas Modernas;Zaragoza;Facultad de Filosofía y Letras;Comunicación oral y escrita en lengua inglesa I;Normal;Formación básica;93.10;81.82;87.88;33;27;29;1.03;29/04/2018
2016;Grado;Lenguas Modernas;Zaragoza;Facultad de Filosofía y Letras;Comunicación oral y escrita en lengua italiana I;Normal;Formación básica;100.00;83.33;83.33;6;5;5;1.00;29/04/2018
2016;Grado;Lenguas Modernas;Zaragoza;Facultad de Filosofía y Letras;Comunicación oral y escrita en lengua alemana II;Normal;Formación básica;100.00;86.36;86.36;22;19;19;1.05;29/04/2018
2016;Grado;Lenguas Modernas;Zaragoza;Facultad de Filosofía y Letras;Comunicación oral y escrita en lengua árabe II;Normal;Formación básica;100.00;50.00;50.00;4;2;2;1.00;29/04/2018
2016;Grado;Lenguas Modernas;Zaragoza;Facultad de Filosofía y Letras;Comunicación oral y escrita en lengua francesa II;Normal;Formación básica;83.78;72.09;86.05;43;31;37;1.21;29/04/2018
2016;Grado;Lenguas Modernas;Zaragoza;Facultad de Filosofía y Letras;Comunicación oral y escrita en lengua inglesa II;Normal;Formación básica;100.00;80.00;80.00;35;28;28;1.00;29/04/2018
2016;Grado;Lenguas Modernas;Zaragoza;Facultad de Filosofía y Letras;Comunicación oral y escrita en lengua italiana II;Normal;Formación básica;100.00;66.67;66.67;6;4;4;1.00;29/04/2018
2016;Grado;Lenguas Modernas;Zaragoza;Facultad de Filosofía y Letras;Lingüística general y comparada (aplicada a las lenguas del Grado);Normal;Formación básica;70.45;54.39;77.19;57;31;44;1.32;29/04/2018
2016;Grado;Lenguas Modernas;Zaragoza;Facultad de Filosofía y Letras;Comunicación oral y escrita en lengua alemana III;Normal;Obligatoria;88.89;88.89;100.00;18;16;18;1.00;29/04/2018
2016;Grado;Lenguas Modernas;Zaragoza;Facultad de Filosofía y Letras;Comunicación oral y escrita en lengua árabe III;Normal;Obligatoria;;;;1;0;0;;29/04/2018
2016;Grado;Lenguas Modernas;Zaragoza;Facultad de Filosofía y Letras;Comunicación oral y escrita en lengua francesa III;Normal;Obligatoria;79.17;76.00;96.00;25;19;24;1.70;29/04/2018
2016;Grado;Lenguas Modernas;Zaragoza;Facultad de Filosofía y Letras;Comunicación oral y escrita en lengua inglesa III;Normal;Obligatoria;84.62;81.48;96.30;27;22;26;1.18;29/04/2018
2016;Grado;Lenguas Modernas;Zaragoza;Facultad de Filosofía y Letras;Comunicación oral y escrita en lengua italiana III;Normal;Obligatoria;100.00;100.00;100.00;8;8;8;1.00;29/04/2018
2016;Grado;Lenguas Modernas;Zaragoza;Facultad de Filosofía y Letras;Herramientas de estudio de la lengua francesa;Normal;Obligatoria;90.32;80.00;88.57;35;28;31;1.07;29/04/2018
2016;Grado;Lenguas Modernas;Zaragoza;Facultad de Filosofía y Letras;Gramática alemana;Normal;Obligatoria;100.00;88.24;88.24;17;15;15;1.00;29/04/2018
2016;Grado;Lenguas Modernas;Zaragoza;Facultad de Filosofía y Letras;Gramática árabe;Normal;Obligatoria;100.00;50.00;50.00;2;1;1;2.00;29/04/2018
2016;Grado;Lenguas Modernas;Zaragoza;Facultad de Filosofía y Letras;Gramática francesa;Normal;Obligatoria;94.74;81.82;86.36;22;18;19;1.22;29/04/2018
2016;Grado;Lenguas Modernas;Zaragoza;Facultad de Filosofía y Letras;Gramática inglesa;Normal;Obligatoria;77.27;62.96;81.48;27;17;22;1.35;29/04/2018
2016;Grado;Lenguas Modernas;Zaragoza;Facultad de Filosofía y Letras;Gramática italiana;Normal;Obligatoria;100.00;100.00;100.00;8;8;8;1.00;29/04/2018
2016;Grado;Lenguas Modernas;Zaragoza;Facultad de Filosofía y Letras;Introducción a la cultura alemana;Normal;Obligatoria;100.00;86.67;86.67;15;13;13;1.00;29/04/2018
2016;Grado;Lenguas Modernas;Zaragoza;Facultad de Filosofía y Letras;Introducción a la cultura árabe;Normal;Obligatoria;;;;1;0;0;;29/04/2018
2016;Grado;Lenguas Modernas;Zaragoza;Facultad de Filosofía y Letras;Introducción a la cultura francesa;Normal;Obligatoria;100.00;81.82;81.82;22;18;18;1.26;29/04/2018
2016;Grado;Lenguas Modernas;Zaragoza;Facultad de Filosofía y Letras;Introducción a la cultura inglesa;Normal;Obligatoria;89.47;68.00;76.00;25;17;19;1.18;29/04/2018
2016;Grado;Lenguas Modernas;Zaragoza;Facultad de Filosofía y Letras;Introducción a la cultura italiana;Normal;Obligatoria;100.00;100.00;100.00;7;7;7;1.00;29/04/2018
2016;Grado;Lenguas Modernas;Zaragoza;Facultad de Filosofía y Letras;Herramientas de estudio de la literatura francesa;Normal;Obligatoria;83.33;69.44;83.33;36;25;30;1.23;29/04/2018
2016;Grado;Lenguas Modernas;Zaragoza;Facultad de Filosofía y Letras;Introducción a la literatura alemana;Normal;Obligatoria;100.00;92.31;92.31;24;21;21;1.00;29/04/2018
2016;Grado;Lenguas Modernas;Zaragoza;Facultad de Filosofía y Letras;Introducción a la literatura árabe;Normal;Obligatoria;100.00;80.00;80.00;5;4;4;1.25;29/04/2018
2016;Grado;Lenguas Modernas;Zaragoza;Facultad de Filosofía y Letras;Introducción a la literatura francesa;Normal;Obligatoria;76.19;57.14;75.00;41;26;34;1.44;29/04/2018
2016;Grado;Lenguas Modernas;Zaragoza;Facultad de Filosofía y Letras;Introducción a la literatura inglesa;Normal;Obligatoria;93.33;87.50;93.75;25;20;24;1.30;29/04/2018
2016;Grado;Lenguas Modernas;Zaragoza;Facultad de Filosofía y Letras;Introducción a la literatura italiana;Normal;Obligatoria;100.00;100.00;100.00;2;2;2;1.00;29/04/2018
2016;Grado;Lenguas Modernas;Zaragoza;Facultad de Filosofía y Letras;Comunicación oral y escrita avanzada en lengua francesa I;Normal;Obligatoria;84.00;67.74;80.65;48;37;42;1.32;29/04/2018
2016;Grado;Lenguas Modernas;Zaragoza;Facultad de Filosofía y Letras;Cultura francesa I;Normal;Obligatoria;100.00;82.14;82.14;45;40;40;1.20;29/04/2018
2016;Grado;Lenguas Modernas;Zaragoza;Facultad de Filosofía y Letras;Lingüística francesa I;Normal;Obligatoria;88.89;80.00;90.00;47;41;44;1.12;29/04/2018
2016;Grado;Lenguas Modernas;Zaragoza;Facultad de Filosofía y Letras;Literatura francesa de la Edad Media;Normal;Obligatoria;82.61;55.88;67.65;51;33;40;1.55;29/04/2018
2016;Grado;Lenguas Modernas;Zaragoza;Facultad de Filosofía y Letras;Literatura francesa del siglo XVI;Normal;Obligatoria;86.96;71.43;82.14;45;36;39;1.28;29/04/2018
2016;Grado;Lenguas Modernas;Zaragoza;Facultad de Filosofía y Letras;Comunicación oral y escrita avanzada en lengua francesa II;Normal;Obligatoria;80.77;70.00;86.67;47;37;42;1.27;29/04/2018
2016;Grado;Lenguas Modernas;Zaragoza;Facultad de Filosofía y Letras;Cultura francesa II;Normal;Obligatoria;100.00;91.30;91.30;40;36;37;1.00;29/04/2018
2016;Grado;Lenguas Modernas;Zaragoza;Facultad de Filosofía y Letras;Lingüística francesa II;Normal;Obligatoria;97.14;82.93;85.37;42;35;36;1.25;29/04/2018
2016;Grado;Lenguas Modernas;Zaragoza;Facultad de Filosofía y Letras;Lingüística francesa III;Normal;Obligatoria;94.87;94.87;100.00;39;37;39;1.16;29/04/2018
2016;Grado;Lenguas Modernas;Zaragoza;Facultad de Filosofía y Letras;Literatura francesa del siglo XVII;Normal;Obligatoria;100.00;100.00;100.00;31;31;31;1.25;29/04/2018
2016;Grado;Lenguas Modernas;Zaragoza;Facultad de Filosofía y Letras;Literatura francesa del siglo XVIII;Normal;Obligatoria;84.85;73.68;86.84;38;28;33;1.60;29/04/2018
2016;Grado;Lenguas Modernas;Zaragoza;Facultad de Filosofía y Letras;Traducción francés/español;Normal;Obligatoria;100.00;100.00;100.00;37;37;37;1.13;29/04/2018
2016;Grado;Lenguas Modernas;Zaragoza;Facultad de Filosofía y Letras;Literatura francesa del siglo XIX;Normal;Obligatoria;94.12;94.12;100.00;34;32;34;1.06;29/04/2018
2016;Grado;Lenguas Modernas;Zaragoza;Facultad de Filosofía y Letras;Trabajo fin de Grado;Trabajo fin de grado;Trabajo fin de Grado;100.00;73.17;73.17;41;30;30;1.00;29/04/2018
2016;Grado;Lenguas Modernas;Zaragoza;Facultad de Filosofía y Letras;Historia de la lengua francesa;Normal;Optativa;100.00;100.00;100.00;11;11;11;1.00;29/04/2018
2016;Grado;Lenguas Modernas;Zaragoza;Facultad de Filosofía y Letras;Sociolingüística del francés;Normal;Optativa;100.00;100.00;100.00;22;22;22;1.00;29/04/2018
2016;Grado;Lenguas Modernas;Zaragoza;Facultad de Filosofía y Letras;Gramática francesa comparada;Normal;Optativa;100.00;84.62;84.62;13;11;11;1.27;29/04/2018
2016;Grado;Lenguas Modernas;Zaragoza;Facultad de Filosofía y Letras;Literatura francesa del siglo XX;Normal;Optativa;100.00;75.00;75.00;4;3;3;1.67;29/04/2018
2016;Grado;Lenguas Modernas;Zaragoza;Facultad de Filosofía y Letras;Literatura francesa actual;Normal;Optativa;100.00;100.00;100.00;11;11;11;1.00;29/04/2018
2016;Grado;Lenguas Modernas;Zaragoza;Facultad de Filosofía y Letras;Literaturas del mundo francófono;Normal;Optativa;100.00;66.67;66.67;3;2;2;1.00;29/04/2018
2016;Grado;Lenguas Modernas;Zaragoza;Facultad de Filosofía y Letras;Mediación en lengua francesa;Normal;Optativa;100.00;100.00;100.00;16;16;16;1.06;29/04/2018
2016;Grado;Lenguas Modernas;Zaragoza;Facultad de Filosofía y Letras;Traducción francés/español de textos literarios y periodísticos;Normal;Optativa;94.12;88.89;94.44;18;16;17;1.50;29/04/2018
2016;Grado;Programa conjunto ADE/Derecho;Zaragoza;Facultad de Derecho;Derecho Constitucional I;Normal;Formación básica;98.77;98.77;100.00;81;80;81;1.02;29/04/2018
2016;Grado;Programa conjunto ADE/Derecho;Zaragoza;Facultad de Derecho;Teoría del Derecho;Normal;Formación básica;98.75;98.75;100.00;80;79;80;1.15;29/04/2018
2016;Grado;Programa conjunto ADE/Derecho;Zaragoza;Facultad de Derecho;Derecho Internacional Público;Normal;Formación básica;100.00;98.78;98.78;82;81;81;1.01;29/04/2018
2016;Grado;Programa conjunto ADE/Derecho;Zaragoza;Facultad de Derecho;Derecho Civil: Persona y bienes;Normal;Formación básica;96.20;93.83;97.53;81;76;79;1.14;29/04/2018
2016;Grado;Programa conjunto ADE/Derecho;Zaragoza;Facultad de Derecho;Derecho Constitucional II;Normal;Obligatoria;98.73;96.30;97.53;81;78;79;1.21;29/04/2018
2016;Grado;Programa conjunto ADE/Derecho;Zaragoza;Facultad de Derecho;Derecho Penal. Parte general;Normal;Obligatoria;87.34;83.13;95.18;83;69;79;1.14;29/04/2018
2016;Grado;Programa conjunto ADE/Derecho;Zaragoza;Facultad de Derecho;Derecho Civil: Obligaciones y Contratos;Normal;Obligatoria;96.05;96.05;100.00;76;73;76;1.47;29/04/2018
2016;Grado;Programa conjunto ADE/Derecho;Zaragoza;Facultad de Derecho;Derecho Administrativo. Parte General;Normal;Obligatoria;94.12;87.91;93.41;91;80;85;1.39;29/04/2018
2016;Grado;Programa conjunto ADE/Derecho;Zaragoza;Facultad de Derecho;Derecho Penal. Parte Especial;Normal;Obligatoria;96.15;93.75;97.50;80;75;78;1.08;29/04/2018
2016;Grado;Programa conjunto ADE/Derecho;Zaragoza;Facultad de Derecho;Derecho Procesal I;Normal;Obligatoria;90.79;82.14;90.48;84;69;76;1.41;29/04/2018
2016;Grado;Programa conjunto ADE/Derecho;Zaragoza;Facultad de Derecho;Derecho individual y colectivo del trabajo;Normal;Obligatoria;85.90;82.72;96.30;81;67;78;1.09;29/04/2018
2016;Grado;Programa conjunto ADE/Derecho;Zaragoza;Facultad de Derecho;Instituciones de la Unión Europea;Normal;Formación básica;97.59;96.43;98.81;84;81;83;1.17;29/04/2018
2016;Grado;Programa conjunto ADE/Derecho;Zaragoza;Facultad de Derecho;Derecho de la protección social;Normal;Obligatoria;100.00;96.15;96.15;78;75;75;1.05;29/04/2018
2016;Grado;Programa conjunto ADE/Derecho;Zaragoza;Facultad de Derecho;Derecho Administrativo. Parte Especial;Normal;Obligatoria;97.30;91.14;93.67;79;72;74;1.06;29/04/2018
2016;Grado;Programa conjunto ADE/Derecho;Zaragoza;Facultad de Derecho;Derecho de Familia y Sucesiones;Normal;Obligatoria;100.00;97.44;97.44;78;76;76;1.00;29/04/2018
2016;Grado;Programa conjunto ADE/Derecho;Zaragoza;Facultad de Derecho;Derecho Procesal II;Normal;Obligatoria;96.39;93.02;96.51;89;83;86;1.18;29/04/2018
2016;Grado;Programa conjunto ADE/Derecho;Zaragoza;Facultad de Derecho;Derecho Mercantil I;Normal;Obligatoria;96.15;93.75;97.50;82;77;80;1.25;29/04/2018
2016;Grado;Programa conjunto ADE/Derecho;Zaragoza;Facultad de Derecho;Derecho Mercantil II;Normal;Obligatoria;97.33;92.41;94.94;82;76;78;1.07;29/04/2018
2016;Grado;Programa conjunto ADE/Derecho;Zaragoza;Facultad de Derecho;Derecho Financiero y Tributario I;Normal;Obligatoria;100.00;98.77;98.77;85;84;84;1.13;29/04/2018
2016;Grado;Programa conjunto ADE/Derecho;Zaragoza;Facultad de Derecho;Derecho Civil Aragonés;Normal;Obligatoria;95.45;95.45;100.00;76;73;76;1.14;29/04/2018
2016;Grado;Programa conjunto ADE/Derecho;Zaragoza;Facultad de Derecho;Derecho y Ética;Normal;Obligatoria;100.00;100.00;100.00;80;80;80;1.05;29/04/2018
2016;Grado;Programa conjunto ADE/Derecho;Zaragoza;Facultad de Derecho;Derecho Internacional Privado;Normal;Obligatoria;96.97;95.52;98.51;81;78;80;1.09;29/04/2018
2016;Grado;Programa conjunto ADE/Derecho;Zaragoza;Facultad de Derecho;Derecho financiero y tributario II;Normal;Obligatoria;96.61;91.94;95.16;75;70;72;1.46;29/04/2018
2016;Grado;Programa conjunto ADE/Derecho;Zaragoza;Facultad de Derecho;Derecho Ambiental;Normal;Obligatoria;98.48;92.86;94.29;83;78;79;1.08;29/04/2018
2016;Grado;Programa conjunto ADE/Derecho;Zaragoza;Facultad de Derecho;Practicum;Prácticas externas;Prácticas externas;100.00;98.82;98.82;85;84;84;1.00;29/04/2018
2016;Grado;Programa conjunto ADE/Derecho;Zaragoza;Facultad de Derecho;Trabajo fin de Grado (Derecho);Trabajo fin de grado;Trabajo fin de Grado;100.00;81.82;81.82;44;36;36;1.00;29/04/2018
2016;Grado;Programa conjunto ADE/Derecho;Zaragoza;Facultad de Derecho;Derecho eclesiástico del Estado;Normal;Obligatoria;92.00;89.61;97.40;77;69;75;1.14;29/04/2018
2016;Grado;Programa conjunto ADE/Derecho;Zaragoza;Facultad de Derecho;Contabilidad Financiera I;Normal;Formación básica;98.77;98.77;100.00;81;80;81;1.15;29/04/2018
2016;Grado;Programa conjunto ADE/Derecho;Zaragoza;Facultad de Derecho;Fundamentos de Administración y Dirección de Empresas;Normal;Formación básica;98.77;98.77;100.00;81;80;81;1.04;29/04/2018
2016;Grado;Programa conjunto ADE/Derecho;Zaragoza;Facultad de Derecho;Matemáticas I;Normal;Formación básica;95.24;94.12;98.82;85;80;84;1.44;29/04/2018
2016;Grado;Programa conjunto ADE/Derecho;Zaragoza;Facultad de Derecho;Contabilidad Financiera II;Normal;Formación básica;93.98;91.76;97.65;85;78;83;1.17;29/04/2018
2016;Grado;Programa conjunto ADE/Derecho;Zaragoza;Facultad de Derecho;Microeconomía I;Normal;Formación básica;95.29;94.19;98.84;86;81;85;1.11;29/04/2018
2016;Grado;Programa conjunto ADE/Derecho;Zaragoza;Facultad de Derecho;Matemáticas II;Normal;Formación básica;95.35;92.13;96.63;89;82;86;1.46;29/04/2018
2016;Grado;Programa conjunto ADE/Derecho;Zaragoza;Facultad de Derecho;Historia ecónomica y economía mundial;Normal;Formación básica;87.18;87.18;100.00;78;68;78;1.10;29/04/2018
2016;Grado;Programa conjunto ADE/Derecho;Zaragoza;Facultad de Derecho;Estadística I;Normal;Formación básica;94.94;93.75;98.75;80;75;79;1.09;29/04/2018
2016;Grado;Programa conjunto ADE/Derecho;Zaragoza;Facultad de Derecho;Microeconomía II;Normal;Obligatoria;93.90;91.67;97.62;84;77;82;1.23;29/04/2018
2016;Grado;Programa conjunto ADE/Derecho;Zaragoza;Facultad de Derecho;Estadística II;Normal;Obligatoria;85.37;80.46;94.25;87;70;82;1.14;29/04/2018
2016;Grado;Programa conjunto ADE/Derecho;Zaragoza;Facultad de Derecho;Macroeconomía I;Normal;Obligatoria;81.05;79.38;97.94;97;77;95;1.29;29/04/2018
2016;Grado;Programa conjunto ADE/Derecho;Zaragoza;Facultad de Derecho;Macroeconomía II;Normal;Obligatoria;89.02;87.95;98.80;83;73;82;1.10;29/04/2018
2016;Grado;Programa conjunto ADE/Derecho;Zaragoza;Facultad de Derecho;Organización y gestión interna;Normal;Obligatoria;100.00;100.00;100.00;78;78;78;1.09;29/04/2018
2016;Grado;Programa conjunto ADE/Derecho;Zaragoza;Facultad de Derecho;Análisis y valoración de operaciones financieras;Normal;Obligatoria;83.58;73.68;88.16;76;56;67;1.12;29/04/2018
2016;Grado;Programa conjunto ADE/Derecho;Zaragoza;Facultad de Derecho;Economía española;Normal;Obligatoria;98.65;96.05;97.37;76;73;74;1.05;29/04/2018
2016;Grado;Programa conjunto ADE/Derecho;Zaragoza;Facultad de Derecho;Estados financieros;Normal;Obligatoria;89.33;84.81;94.94;79;67;75;1.21;29/04/2018
2016;Grado;Programa conjunto ADE/Derecho;Zaragoza;Facultad de Derecho;Análisis de estados financieros;Normal;Obligatoria;97.01;97.01;100.00;76;73;76;1.04;29/04/2018
2016;Grado;Programa conjunto ADE/Derecho;Zaragoza;Facultad de Derecho;Econometría;Normal;Obligatoria;84.72;82.43;97.30;83;69;80;1.09;29/04/2018
2016;Grado;Programa conjunto ADE/Derecho;Zaragoza;Facultad de Derecho;Introducción a la investigación de mercados;Normal;Obligatoria;100.00;98.59;98.59;78;77;77;1.01;29/04/2018
2016;Grado;Programa conjunto ADE/Derecho;Zaragoza;Facultad de Derecho;Dirección estratégica;Normal;Obligatoria;94.37;93.06;98.61;82;77;81;1.01;29/04/2018
2016;Grado;Programa conjunto ADE/Derecho;Zaragoza;Facultad de Derecho;Dirección Financiera;Normal;Obligatoria;100.00;100.00;100.00;84;83;83;1.01;29/04/2018
2016;Grado;Programa conjunto ADE/Derecho;Zaragoza;Facultad de Derecho;Dirección Comercial I;Normal;Obligatoria;100.00;100.00;100.00;80;80;80;1.01;29/04/2018
2016;Grado;Programa conjunto ADE/Derecho;Zaragoza;Facultad de Derecho;Dirección de la producción;Normal;Obligatoria;92.11;87.50;95.00;84;78;81;1.06;29/04/2018
2016;Grado;Programa conjunto ADE/Derecho;Zaragoza;Facultad de Derecho;Dirección de recursos humanos;Normal;Obligatoria;97.50;97.50;100.00;84;83;84;1.05;29/04/2018
2016;Grado;Programa conjunto ADE/Derecho;Zaragoza;Facultad de Derecho;Contabilidad directiva;Normal;Obligatoria;100.00;100.00;100.00;77;74;76;1.04;29/04/2018
2016;Grado;Programa conjunto ADE/Derecho;Zaragoza;Facultad de Derecho;Gestión de riesgos financieros;Normal;Obligatoria;100.00;100.00;100.00;86;84;86;1.06;29/04/2018
2016;Grado;Programa conjunto ADE/Derecho;Zaragoza;Facultad de Derecho;Contabilidad de combinaciones de negocios;Normal;Obligatoria;96.00;96.00;100.00;88;83;87;1.08;29/04/2018
2016;Grado;Programa conjunto ADE/Derecho;Zaragoza;Facultad de Derecho;Política de la empresa;Normal;Obligatoria;100.00;100.00;100.00;80;79;80;1.04;29/04/2018
2016;Grado;Programa conjunto ADE/Derecho;Zaragoza;Facultad de Derecho;Aplicaciones econométricas de la empresa;Normal;Optativa;100.00;100.00;100.00;2;1;2;1.00;29/04/2018
2016;Grado;Programa conjunto ADE/Derecho;Zaragoza;Facultad de Derecho;Contabilidad pública;Normal;Optativa;100.00;100.00;100.00;38;38;38;1.03;29/04/2018
2016;Grado;Programa conjunto ADE/Derecho;Zaragoza;Facultad de Derecho;Decisiones comerciales;Normal;Optativa;100.00;100.00;100.00;9;8;8;1.00;29/04/2018
2016;Grado;Programa conjunto ADE/Derecho;Zaragoza;Facultad de Derecho;Dirección de entidades de economía social;Normal;Optativa;100.00;100.00;100.00;4;4;4;1.00;29/04/2018
2016;Grado;Programa conjunto ADE/Derecho;Zaragoza;Facultad de Derecho;Dirección de la empresa internacional;Normal;Optativa;100.00;100.00;100.00;30;30;30;1.17;29/04/2018
2016;Grado;Programa conjunto ADE/Derecho;Zaragoza;Facultad de Derecho;Innovación y cambio tecnológico de la empresa;Normal;Optativa;;;;1;1;1;1.00;29/04/2018
2016;Grado;Programa conjunto ADE/Derecho;Zaragoza;Facultad de Derecho;Mercados financieros;Normal;Optativa;100.00;100.00;100.00;21;20;20;1.00;29/04/2018
2016;Grado;Programa conjunto ADE/Derecho;Zaragoza;Facultad de Derecho;Control de gestión;Normal;Optativa;100.00;100.00;100.00;40;40;40;1.02;29/04/2018
2016;Grado;Programa conjunto ADE/Derecho;Zaragoza;Facultad de Derecho;Las TIC´s en la empresa;Normal;Optativa;100.00;100.00;100.00;7;7;7;1.00;29/04/2018
2016;Grado;Programa conjunto ADE/Derecho;Zaragoza;Facultad de Derecho;Lengua extranjera empresarial (inglés);Normal;Optativa;100.00;85.71;85.71;8;6;6;1.00;29/04/2018
2016;Grado;Programa conjunto ADE/Derecho;Zaragoza;Facultad de Derecho;Creación y gestión de PYMES;Normal;Optativa;87.50;77.78;88.89;16;14;15;1.00;29/04/2018
2016;Grado;Programa conjunto ADE/Derecho;Zaragoza;Facultad de Derecho;Dirección comercial II;Normal;Optativa;100.00;92.86;92.86;28;26;26;1.12;29/04/2018
2016;Grado;Programa conjunto ADE/Derecho;Zaragoza;Facultad de Derecho;Dirección financiera internacional;Normal;Optativa;100.00;100.00;100.00;21;21;21;1.00;29/04/2018
2016;Grado;Programa conjunto ADE/Derecho;Zaragoza;Facultad de Derecho;Gestión de tesorería;Normal;Optativa;100.00;100.00;100.00;9;8;8;1.00;29/04/2018
2016;Grado;Programa conjunto ADE/Derecho;Zaragoza;Facultad de Derecho;Gestión integrada y creación de valor;Normal;Optativa;96.88;93.94;96.97;45;43;44;1.00;29/04/2018
2016;Grado;Programa conjunto ADE/Derecho;Zaragoza;Facultad de Derecho;Información financiera internacional;Normal;Optativa;100.00;100.00;100.00;3;3;3;1.00;29/04/2018
2016;Grado;Programa conjunto ADE/Derecho;Zaragoza;Facultad de Derecho;Modelos de excelencia y calidad en la gestión;Normal;Optativa;100.00;100.00;100.00;5;5;5;1.00;29/04/2018
2016;Grado;Programa conjunto ADE/Derecho;Zaragoza;Facultad de Derecho;Política económica;Normal;Optativa;100.00;95.83;95.83;26;24;25;1.12;29/04/2018
2016;Grado;Programa conjunto ADE/Derecho;Zaragoza;Facultad de Derecho;Lengua extranjera empresarial (francés);Normal;Optativa;;;;1;1;1;1.00;29/04/2018
2016;Grado;Programa conjunto ADE/Derecho;Zaragoza;Facultad de Derecho;Trabajo fin de Grado (ADE);Trabajo fin de grado;Trabajo fin de Grado;100.00;85.92;85.92;71;61;61;1.00;29/04/2018
2016;Grado;Estudios en Arquitectura;Zaragoza;Escuela de Ingeniería y Arquitectura;Física 1;Normal;Formación básica;66.67;51.69;77.53;89;46;69;1.33;29/04/2018
2016;Grado;Estudios en Arquitectura;Zaragoza;Escuela de Ingeniería y Arquitectura;Matemáticas 1;Normal;Formación básica;45.12;35.24;78.10;105;37;82;1.98;29/04/2018
2016;Grado;Estudios en Arquitectura;Zaragoza;Escuela de Ingeniería y Arquitectura;Expresión gráfica arquitectónica 1;Normal;Formación básica;57.38;50.00;87.14;70;35;61;1.27;29/04/2018
2016;Grado;Estudios en Arquitectura;Zaragoza;Escuela de Ingeniería y Arquitectura;Expresión gráfica arquitectónica 2;Normal;Formación básica;56.96;51.14;89.77;88;45;79;1.70;29/04/2018
2016;Grado;Estudios en Arquitectura;Zaragoza;Escuela de Ingeniería y Arquitectura;Composición arquitectónica 1;Normal;Obligatoria;77.61;62.65;80.72;83;52;67;1.39;29/04/2018
2016;Grado;Estudios en Arquitectura;Zaragoza;Escuela de Ingeniería y Arquitectura;Física 2;Normal;Formación básica;50.91;27.72;54.46;101;28;55;1.62;29/04/2018
2016;Grado;Estudios en Arquitectura;Zaragoza;Escuela de Ingeniería y Arquitectura;Matemáticas 2;Normal;Formación básica;68.92;52.04;75.51;98;51;74;2.00;29/04/2018
2016;Grado;Estudios en Arquitectura;Zaragoza;Escuela de Ingeniería y Arquitectura;Expresión gráfica arquitectónica 3;Normal;Formación básica;61.33;51.69;84.27;89;46;75;1.73;29/04/2018
2016;Grado;Estudios en Arquitectura;Zaragoza;Escuela de Ingeniería y Arquitectura;Expresión gráfica arquitectónica 4;Normal;Formación básica;61.25;52.13;85.11;94;49;80;1.85;29/04/2018
2016;Grado;Estudios en Arquitectura;Zaragoza;Escuela de Ingeniería y Arquitectura;Análisis de formas arquitectónicas;Normal;Formación básica;93.51;71.29;76.24;101;72;77;1.63;29/04/2018
2016;Grado;Estudios en Arquitectura;Zaragoza;Escuela de Ingeniería y Arquitectura;Proyectos 1;Normal;Obligatoria;84.15;78.41;93.18;88;69;82;1.45;29/04/2018
2016;Grado;Estudios en Arquitectura;Zaragoza;Escuela de Ingeniería y Arquitectura;Construcción 1;Normal;Obligatoria;92.19;89.39;96.97;66;59;64;1.55;29/04/2018
2016;Grado;Estudios en Arquitectura;Zaragoza;Escuela de Ingeniería y Arquitectura;Urbanismo 1;Normal;Obligatoria;87.32;84.93;97.26;73;62;71;1.29;29/04/2018
2016;Grado;Estudios en Arquitectura;Zaragoza;Escuela de Ingeniería y Arquitectura;Composición arquitectónica 2;Normal;Obligatoria;93.22;82.09;88.06;67;55;59;1.19;29/04/2018
2016;Grado;Estudios en Arquitectura;Zaragoza;Escuela de Ingeniería y Arquitectura;Proyectos 2;Normal;Obligatoria;83.95;78.16;93.10;87;68;81;1.35;29/04/2018
2016;Grado;Estudios en Arquitectura;Zaragoza;Escuela de Ingeniería y Arquitectura;Estructuras 1;Normal;Obligatoria;82.43;69.32;84.09;88;61;74;2.15;29/04/2018
2016;Grado;Estudios en Arquitectura;Zaragoza;Escuela de Ingeniería y Arquitectura;Expresión gráfica arquitectónica 5;Normal;Formación básica;96.97;90.14;92.96;71;64;66;1.32;29/04/2018
2016;Grado;Estudios en Arquitectura;Zaragoza;Escuela de Ingeniería y Arquitectura;Informática;Normal;Obligatoria;100.00;100.00;100.00;63;63;63;1.00;29/04/2018
2016;Grado;Estudios en Arquitectura;Zaragoza;Escuela de Ingeniería y Arquitectura;Taller integrado de proyectos 1;Normal;Obligatoria;91.30;88.73;97.18;71;63;69;1.27;29/04/2018
2016;Grado;Estudios en Arquitectura;Zaragoza;Escuela de Ingeniería y Arquitectura;Proyectos 3;Normal;Obligatoria;88.52;80.60;91.04;70;57;64;1.42;29/04/2018
2016;Grado;Estudios en Arquitectura;Zaragoza;Escuela de Ingeniería y Arquitectura;Acondicionamiento y servicios 1;Normal;Obligatoria;98.00;98.00;100.00;50;49;50;1.08;29/04/2018
2016;Grado;Estudios en Arquitectura;Zaragoza;Escuela de Ingeniería y Arquitectura;Urbanismo 2;Normal;Obligatoria;82.61;82.61;100.00;46;38;46;1.18;29/04/2018
2016;Grado;Estudios en Arquitectura;Zaragoza;Escuela de Ingeniería y Arquitectura;Composición arquitectónica 3;Normal;Obligatoria;73.85;71.64;97.01;67;48;65;1.41;29/04/2018
2016;Grado;Estudios en Arquitectura;Zaragoza;Escuela de Ingeniería y Arquitectura;Proyectos 4;Normal;Obligatoria;92.59;90.91;98.18;57;52;56;1.19;29/04/2018
2016;Grado;Estudios en Arquitectura;Zaragoza;Escuela de Ingeniería y Arquitectura;Estructuras 2;Normal;Obligatoria;68.29;62.22;91.11;47;30;43;1.33;29/04/2018
2016;Grado;Estudios en Arquitectura;Zaragoza;Escuela de Ingeniería y Arquitectura;Organización 1;Normal;Obligatoria;98.11;96.30;98.15;54;52;53;1.55;29/04/2018
2016;Grado;Estudios en Arquitectura;Zaragoza;Escuela de Ingeniería y Arquitectura;Construcción 2;Normal;Obligatoria;97.87;97.87;100.00;47;46;47;1.04;29/04/2018
2016;Grado;Estudios en Arquitectura;Zaragoza;Escuela de Ingeniería y Arquitectura;Taller integrado de proyectos 2;Normal;Obligatoria;100.00;100.00;100.00;51;51;51;1.00;29/04/2018
2016;Grado;Estudios en Arquitectura;Zaragoza;Escuela de Ingeniería y Arquitectura;Proyectos 5;Normal;Obligatoria;92.59;86.21;93.10;43;38;41;1.28;29/04/2018
2016;Grado;Estudios en Arquitectura;Zaragoza;Escuela de Ingeniería y Arquitectura;Estructuras 3;Normal;Obligatoria;73.17;54.55;74.55;66;40;52;1.56;29/04/2018
2016;Grado;Estudios en Arquitectura;Zaragoza;Escuela de Ingeniería y Arquitectura;Construcción 3;Normal;Obligatoria;96.43;96.43;100.00;59;57;59;1.16;29/04/2018
2016;Grado;Estudios en Arquitectura;Zaragoza;Escuela de Ingeniería y Arquitectura;Composición arquitectónica 4;Normal;Obligatoria;85.11;80.00;94.00;59;49;56;1.12;29/04/2018
2016;Grado;Estudios en Arquitectura;Zaragoza;Escuela de Ingeniería y Arquitectura;Proyectos 6;Normal;Obligatoria;97.14;91.89;94.59;49;46;47;1.09;29/04/2018
2016;Grado;Estudios en Arquitectura;Zaragoza;Escuela de Ingeniería y Arquitectura;Estructuras 4;Normal;Obligatoria;48.94;46.94;95.92;51;25;49;1.43;29/04/2018
2016;Grado;Estudios en Arquitectura;Zaragoza;Escuela de Ingeniería y Arquitectura;Acondicionamiento y servicios 2;Normal;Obligatoria;97.73;97.73;100.00;46;45;46;1.17;29/04/2018
2016;Grado;Estudios en Arquitectura;Zaragoza;Escuela de Ingeniería y Arquitectura;Urbanismo 3;Normal;Obligatoria;95.56;95.56;100.00;49;47;49;1.27;29/04/2018
2016;Grado;Estudios en Arquitectura;Zaragoza;Escuela de Ingeniería y Arquitectura;Taller integrado de proyectos 3;Normal;Obligatoria;94.44;85.00;90.00;54;48;50;1.08;29/04/2018
2016;Grado;Estudios en Arquitectura;Zaragoza;Escuela de Ingeniería y Arquitectura;Proyectos 7;Normal;Obligatoria;100.00;95.12;95.12;65;63;63;1.00;29/04/2018
2016;Grado;Estudios en Arquitectura;Zaragoza;Escuela de Ingeniería y Arquitectura;Acondicionamiento y servicios 3;Normal;Obligatoria;89.66;83.87;93.55;67;61;65;1.21;29/04/2018
2016;Grado;Estudios en Arquitectura;Zaragoza;Escuela de Ingeniería y Arquitectura;Urbanismo 4;Normal;Obligatoria;100.00;96.43;96.43;62;60;61;1.00;29/04/2018
2016;Grado;Estudios en Arquitectura;Zaragoza;Escuela de Ingeniería y Arquitectura;Proyectos 8A;Normal;Optativa;100.00;94.29;94.29;52;50;50;1.16;29/04/2018
2016;Grado;Estudios en Arquitectura;Zaragoza;Escuela de Ingeniería y Arquitectura;Construcción 4A;Normal;Optativa;93.75;93.75;100.00;55;53;55;1.02;29/04/2018
2016;Grado;Estudios en Arquitectura;Zaragoza;Escuela de Ingeniería y Arquitectura;Proyectos 8B;Normal;Optativa;100.00;88.89;88.89;14;13;13;1.31;29/04/2018
2016;Grado;Estudios en Arquitectura;Zaragoza;Escuela de Ingeniería y Arquitectura;Construcción 4B;Normal;Optativa;85.71;85.71;100.00;15;14;15;1.00;29/04/2018
2016;Grado;Estudios en Arquitectura;Zaragoza;Escuela de Ingeniería y Arquitectura;Trabajo fin de Grado (Proyecto Urbano y Paisaje);Trabajo fin de grado;Trabajo fin de Grado;100.00;78.57;78.57;14;11;11;1.00;29/04/2018
2016;Grado;Estudios en Arquitectura;Zaragoza;Escuela de Ingeniería y Arquitectura;Soluciones constructivas en referentes de la Arquitectura;Normal;Optativa;100.00;100.00;100.00;8;8;8;1.00;29/04/2018
2016;Grado;Estudios en Arquitectura;Zaragoza;Escuela de Ingeniería y Arquitectura;Arquitectura y sostenibilidad;Normal;Optativa;100.00;86.36;86.36;32;29;29;1.00;29/04/2018
2016;Grado;Estudios en Arquitectura;Zaragoza;Escuela de Ingeniería y Arquitectura;Representación gráfica del patrimonio;Normal;Optativa;100.00;94.12;94.12;32;31;31;1.00;29/04/2018
2016;Grado;Estudios en Arquitectura;Zaragoza;Escuela de Ingeniería y Arquitectura;Proyectos de paisaje;Normal;Optativa;100.00;100.00;100.00;10;10;10;1.00;29/04/2018
2016;Grado;Estudios en Arquitectura;Zaragoza;Escuela de Ingeniería y Arquitectura;Paisajes culturales;Normal;Optativa;100.00;100.00;100.00;9;9;9;1.00;29/04/2018
2016;Grado;Estudios en Arquitectura;Zaragoza;Escuela de Ingeniería y Arquitectura;Detalle y forma;Normal;Optativa;;;;9;9;9;1.00;29/04/2018
2016;Grado;Estudios en Arquitectura;Zaragoza;Escuela de Ingeniería y Arquitectura;Gestión y Economía en la Arquitectura;Normal;Optativa;100.00;100.00;100.00;3;3;3;1.00;29/04/2018
2016;Grado;Estudios en Arquitectura;Zaragoza;Escuela de Ingeniería y Arquitectura;Trabajo fin de Grado (Proyecto y Construcción);Trabajo fin de grado;Trabajo fin de Grado;100.00;96.55;96.55;58;56;56;1.00;29/04/2018
2016;Grado;Estudios en Arquitectura;Zaragoza;Escuela de Ingeniería y Arquitectura;Mapping urbanístico;Normal;Optativa;100.00;100.00;100.00;7;7;7;1.00;29/04/2018
2016;Grado;Ciencia y Tecnología de los Alimentos;Zaragoza;Facultad de Veterinaria;Química general;Normal;Formación básica;85.71;85.71;100.00;63;54;63;1.45;29/04/2018
2016;Grado;Ciencia y Tecnología de los Alimentos;Zaragoza;Facultad de Veterinaria;Fundamentos de química analítica;Normal;Formación básica;93.10;93.10;100.00;58;54;58;1.37;29/04/2018
2016;Grado;Ciencia y Tecnología de los Alimentos;Zaragoza;Facultad de Veterinaria;Física general y fundamentos del análisis físico;Normal;Formación básica;100.00;96.67;96.67;60;58;58;1.05;29/04/2018
2016;Grado;Ciencia y Tecnología de los Alimentos;Zaragoza;Facultad de Veterinaria;Matemáticas;Normal;Formación básica;98.31;98.31;100.00;59;58;59;1.16;29/04/2018
2016;Grado;Ciencia y Tecnología de los Alimentos;Zaragoza;Facultad de Veterinaria;Microbiología;Normal;Formación básica;81.82;72.00;88.00;75;54;66;1.70;29/04/2018
2016;Grado;Ciencia y Tecnología de los Alimentos;Zaragoza;Facultad de Veterinaria;Técnicas instrumentales de análisis químico;Normal;Formación básica;73.53;62.50;85.00;80;50;68;1.47;29/04/2018
2016;Grado;Ciencia y Tecnología de los Alimentos;Zaragoza;Facultad de Veterinaria;Fisiología general y de la nutrición;Normal;Formación básica;90.00;81.82;90.91;66;54;60;1.22;29/04/2018
2016;Grado;Ciencia y Tecnología de los Alimentos;Zaragoza;Facultad de Veterinaria;Bioquímica;Normal;Formación básica;98.25;91.80;93.44;61;56;57;1.12;29/04/2018
2016;Grado;Ciencia y Tecnología de los Alimentos;Zaragoza;Facultad de Veterinaria;Fundamentos de economía alimentaria;Normal;Formación básica;94.74;84.38;89.06;64;54;57;1.20;29/04/2018
2016;Grado;Ciencia y Tecnología de los Alimentos;Zaragoza;Facultad de Veterinaria;Producción de materias primas en la industria alimentaria;Normal;Obligatoria;83.87;80.00;95.38;65;52;62;1.26;29/04/2018
2016;Grado;Ciencia y Tecnología de los Alimentos;Zaragoza;Facultad de Veterinaria;Fundamentos de ingeniería química;Normal;Formación básica;86.54;78.95;91.23;57;45;52;1.49;29/04/2018
2016;Grado;Ciencia y Tecnología de los Alimentos;Zaragoza;Facultad de Veterinaria;Química y bioquímica de los alimentos;Normal;Obligatoria;73.21;70.69;96.55;58;41;56;1.37;29/04/2018
2016;Grado;Ciencia y Tecnología de los Alimentos;Zaragoza;Facultad de Veterinaria;Bromatología;Normal;Obligatoria;80.70;79.31;98.28;58;46;57;1.33;29/04/2018
2016;Grado;Ciencia y Tecnología de los Alimentos;Zaragoza;Facultad de Veterinaria;Microbiología de los alimentos;Normal;Obligatoria;93.10;93.10;100.00;58;54;58;1.18;29/04/2018
2016;Grado;Ciencia y Tecnología de los Alimentos;Zaragoza;Facultad de Veterinaria;Dirección de empresas alimentarias;Normal;Obligatoria;89.09;85.96;96.49;57;49;55;1.14;29/04/2018
2016;Grado;Ciencia y Tecnología de los Alimentos;Zaragoza;Facultad de Veterinaria;Análisis químico de los alimentos;Normal;Obligatoria;86.44;85.00;98.33;60;51;59;1.24;29/04/2018
2016;Grado;Ciencia y Tecnología de los Alimentos;Zaragoza;Facultad de Veterinaria;Análisis físico y sensorial de los alimentos;Normal;Obligatoria;100.00;89.66;89.66;58;52;52;1.25;29/04/2018
2016;Grado;Ciencia y Tecnología de los Alimentos;Zaragoza;Facultad de Veterinaria;Análisis microbiológico de los alimentos;Normal;Obligatoria;76.79;71.67;93.33;60;43;56;1.40;29/04/2018
2016;Grado;Ciencia y Tecnología de los Alimentos;Zaragoza;Facultad de Veterinaria;Operaciones básicas en la industria alimentaria;Normal;Obligatoria;83.72;72.00;86.00;50;36;43;1.32;29/04/2018
2016;Grado;Ciencia y Tecnología de los Alimentos;Zaragoza;Facultad de Veterinaria;Nutrición y dietética;Normal;Obligatoria;100.00;97.92;97.92;48;47;47;1.02;29/04/2018
2016;Grado;Ciencia y Tecnología de los Alimentos;Zaragoza;Facultad de Veterinaria;Tecnología de los alimentos I;Normal;Obligatoria;;;;0;0;0;1.00;29/04/2018
2016;Grado;Ciencia y Tecnología de los Alimentos;Zaragoza;Facultad de Veterinaria;Higiene alimentaria general;Normal;Obligatoria;;;;0;0;0;1.00;29/04/2018
2016;Grado;Ciencia y Tecnología de los Alimentos;Zaragoza;Facultad de Veterinaria;Salud pública y alimentación;Normal;Obligatoria;;;;0;0;0;1.00;29/04/2018
2016;Grado;Ciencia y Tecnología de los Alimentos;Zaragoza;Facultad de Veterinaria;Cocinado industrial y restauración colectiva;Normal;Obligatoria;;;;0;0;0;1.00;29/04/2018
2016;Grado;Ciencia y Tecnología de los Alimentos;Zaragoza;Facultad de Veterinaria;Prácticas externas;Prácticas externas;Prácticas externas;;;;0;0;0;1.00;29/04/2018
2016;Máster;Física y Tecnologías Físicas;Zaragoza;Facultad de Ciencias;Metodología de la investigación en Física;Normal;Obligatoria;100.00;100.00;100.00;7;7;7;1.00;29/04/2018
2016;Máster;Física y Tecnologías Físicas;Zaragoza;Facultad de Ciencias;Temas avanzados de Física;Normal;Obligatoria;100.00;100.00;100.00;7;7;7;1.00;29/04/2018
2016;Máster;Física y Tecnologías Físicas;Zaragoza;Facultad de Ciencias;Trabajo fin de Máster;Trabajo fin de máster;Trabajo fin de máster;100.00;100.00;100.00;8;8;8;1.00;29/04/2018
2016;Máster;Física y Tecnologías Físicas;Zaragoza;Facultad de Ciencias;Astrofísica relativista, astropartículas y cosmología;Normal;Optativa;100.00;100.00;100.00;2;2;2;1.00;29/04/2018
2016;Máster;Física y Tecnologías Físicas;Zaragoza;Facultad de Ciencias;Ciencia de materiales;Normal;Optativa;100.00;100.00;100.00;3;3;3;1.00;29/04/2018
2016;Máster;Física y Tecnologías Físicas;Zaragoza;Facultad de Ciencias;Física de bajas temperaturas y tecnologías cuánticas;Normal;Optativa;100.00;100.00;100.00;6;6;6;1.00;29/04/2018
2016;Máster;Física y Tecnologías Físicas;Zaragoza;Facultad de Ciencias;Física de materiales magnéticos;Normal;Optativa;100.00;100.00;100.00;4;4;4;1.00;29/04/2018
2016;Máster;Física y Tecnologías Físicas;Zaragoza;Facultad de Ciencias;Física de partículas;Normal;Optativa;100.00;100.00;100.00;3;3;3;1.00;29/04/2018
2016;Máster;Física y Tecnologías Físicas;Zaragoza;Facultad de Ciencias;Física estadística de fenómenos críticos y sistemas complejos;Normal;Optativa;100.00;100.00;100.00;6;6;6;1.00;29/04/2018
2016;Máster;Física y Tecnologías Físicas;Zaragoza;Facultad de Ciencias;Interacción de radiación y materia;Normal;Optativa;100.00;100.00;100.00;3;3;3;1.00;29/04/2018
2016;Máster;Física y Tecnologías Físicas;Zaragoza;Facultad de Ciencias;Nanociencia y nanotecnología;Normal;Optativa;100.00;100.00;100.00;3;3;3;1.00;29/04/2018
2016;Máster;Física y Tecnologías Físicas;Zaragoza;Facultad de Ciencias;Seguridad y procesos industriales con láser;Normal;Optativa;100.00;100.00;100.00;2;2;2;1.00;29/04/2018
2016;Máster;Física y Tecnologías Físicas;Zaragoza;Facultad de Ciencias;Técnicas de imagen y radiofísica;Normal;Optativa;100.00;100.00;100.00;2;2;2;1.00;29/04/2018
2016;Máster;Física y Tecnologías Físicas;Zaragoza;Facultad de Ciencias;Teoría cuántica de la materia condensada;Normal;Optativa;100.00;100.00;100.00;5;5;5;1.00;29/04/2018
2016;Máster;Física y Tecnologías Físicas;Zaragoza;Facultad de Ciencias;Prácticas externas;Prácticas externas;Prácticas externas;100.00;100.00;100.00;1;1;1;1.00;29/04/2018
2016;Máster;Nanotecnología Medioambiental;Zaragoza;Facultad de Ciencias;Nanomateriales y medio ambiente;Normal;Obligatoria;100.00;100.00;100.00;5;5;5;1.00;29/04/2018
2016;Máster;Nanotecnología Medioambiental;Zaragoza;Facultad de Ciencias;Técnicas para la detección, caracterización y cuantificación de nanomateriales I;Normal;Obligatoria;100.00;100.00;100.00;5;5;5;1.00;29/04/2018
2016;Máster;Nanotecnología Medioambiental;Zaragoza;Facultad de Ciencias;Técnicas para la detección, caracterización y cuantificación de nanomateriales II;Normal;Obligatoria;100.00;100.00;100.00;5;5;5;1.00;29/04/2018
2016;Máster;Nanotecnología Medioambiental;Zaragoza;Facultad de Ciencias;Destino y comportamiento de los nanomateriales en el medio ambiente;Normal;Obligatoria;100.00;100.00;100.00;5;5;5;1.00;29/04/2018
2016;Máster;Nanotecnología Medioambiental;Zaragoza;Facultad de Ciencias;Transporte, exposición y biodisponibilidad de nanomateriales;Normal;Obligatoria;100.00;100.00;100.00;6;6;6;1.00;29/04/2018
2016;Máster;Nanotecnología Medioambiental;Zaragoza;Facultad de Ciencias;Interacciones de nanomateriales con sistemas biológicos;Normal;Obligatoria;100.00;100.00;100.00;6;6;6;1.00;29/04/2018
2016;Máster;Nanotecnología Medioambiental;Zaragoza;Facultad de Ciencias;Metodologías para la evaluación de la toxicidad y ecotoxicidad de los nanomateriales;Normal;Obligatoria;100.00;100.00;100.00;6;6;6;1.00;29/04/2018
2016;Máster;Nanotecnología Medioambiental;Zaragoza;Facultad de Ciencias;Trabajo fin de Máster;Trabajo fin de máster;Trabajo fin de máster;100.00;83.33;83.33;6;5;5;1.00;29/04/2018
2016;Máster;Tec.Información Geográfica para Ordenación Territorio: Sig/Teled;Zaragoza;Facultad de Filosofía y Letras;Obtención y organización de la información geográfica;Normal;Obligatoria;100.00;100.00;100.00;25;25;25;1.00;29/04/2018
2016;Máster;Tec.Información Geográfica para Ordenación Territorio: Sig/Teled;Zaragoza;Facultad de Filosofía y Letras;Análisis de la información geográfica: SIG;Normal;Obligatoria;100.00;100.00;100.00;25;25;25;1.04;29/04/2018
2016;Máster;Tec.Información Geográfica para Ordenación Territorio: Sig/Teled;Zaragoza;Facultad de Filosofía y Letras;Análisis de la información geográfica: teledetección;Normal;Obligatoria;100.00;100.00;100.00;24;24;24;1.08;29/04/2018
2016;Máster;Tec.Información Geográfica para Ordenación Territorio: Sig/Teled;Zaragoza;Facultad de Filosofía y Letras;Introducción a las tecnologías de la la información geográfica;Normal;Obligatoria;100.00;100.00;100.00;25;25;25;1.00;29/04/2018
2016;Máster;Tec.Información Geográfica para Ordenación Territorio: Sig/Teled;Zaragoza;Facultad de Filosofía y Letras;Visualización, presentación y difusión de la información geográfica;Normal;Obligatoria;100.00;100.00;100.00;24;24;24;1.04;29/04/2018
2016;Máster;Tec.Información Geográfica para Ordenación Territorio: Sig/Teled;Zaragoza;Facultad de Filosofía y Letras;Aplicaciones de las TIG a la ordenación del territorio: medio socioeconómico;Normal;Optativa;100.00;100.00;100.00;14;14;14;1.00;29/04/2018
2016;Máster;Tec.Información Geográfica para Ordenación Territorio: Sig/Teled;Zaragoza;Facultad de Filosofía y Letras;Trabajo fin de Máster;Trabajo fin de máster;Obligatoria;100.00;88.46;88.46;26;23;23;1.00;29/04/2018
2016;Máster;Tec.Información Geográfica para Ordenación Territorio: Sig/Teled;Zaragoza;Facultad de Filosofía y Letras;Principios de diseño cartográfico;Normal;Optativa;100.00;100.00;100.00;9;9;9;1.00;29/04/2018
2016;Máster;Tec.Información Geográfica para Ordenación Territorio: Sig/Teled;Zaragoza;Facultad de Filosofía y Letras;Nociones básicas sobre los SIG;Normal;Optativa;100.00;100.00;100.00;5;5;5;1.00;29/04/2018
2016;Máster;Tec.Información Geográfica para Ordenación Territorio: Sig/Teled;Zaragoza;Facultad de Filosofía y Letras;Fundamentos de teledetección;Normal;Optativa;100.00;100.00;100.00;8;8;8;1.00;29/04/2018
2016;Máster;Tec.Información Geográfica para Ordenación Territorio: Sig/Teled;Zaragoza;Facultad de Filosofía y Letras;Aplicaciones de las TIG a la ordenación del territorio: medio ambiente;Normal;Optativa;100.00;100.00;100.00;20;20;20;1.00;29/04/2018
2016;Máster;Geología: Técnicas y Aplicaciones;Zaragoza;Facultad de Ciencias;Métodos y técnicas en Geología;Normal;Obligatoria;100.00;100.00;100.00;14;14;14;1.00;29/04/2018
2016;Máster;Geología: Técnicas y Aplicaciones;Zaragoza;Facultad de Ciencias;Tratamiento, representación y modelización de datos geológicos;Normal;Obligatoria;100.00;100.00;100.00;13;13;13;1.00;29/04/2018
2016;Máster;Geología: Técnicas y Aplicaciones;Zaragoza;Facultad de Ciencias;Comunicación científica y técnica;Normal;Obligatoria;100.00;100.00;100.00;13;13;13;1.00;29/04/2018
2016;Máster;Geología: Técnicas y Aplicaciones;Zaragoza;Facultad de Ciencias;Paleontología y dinámica de la biosfera;Normal;Optativa;100.00;100.00;100.00;7;7;7;1.00;29/04/2018
2016;Máster;Geología: Técnicas y Aplicaciones;Zaragoza;Facultad de Ciencias;Mineralogía económica y aplicada;Normal;Optativa;100.00;100.00;100.00;2;2;2;1.00;29/04/2018
2016;Máster;Geología: Técnicas y Aplicaciones;Zaragoza;Facultad de Ciencias;Análisis de facies y modelos sedimentarios: principios y aplicaciones;Normal;Optativa;100.00;100.00;100.00;9;9;9;1.00;29/04/2018
2016;Máster;Geología: Técnicas y Aplicaciones;Zaragoza;Facultad de Ciencias;Métodos aplicados al análisis y mitigación de los riesgos geológicos;Normal;Optativa;100.00;100.00;100.00;5;5;5;1.00;29/04/2018
2016;Máster;Geología: Técnicas y Aplicaciones;Zaragoza;Facultad de Ciencias;Geología del subsuelo;Normal;Optativa;100.00;100.00;100.00;5;5;5;1.00;29/04/2018
2016;Máster;Geología: Técnicas y Aplicaciones;Zaragoza;Facultad de Ciencias;Cambios climáticos, eventos asociados y registro geológico;Normal;Optativa;100.00;100.00;100.00;9;9;9;1.00;29/04/2018
2016;Máster;Geología: Técnicas y Aplicaciones;Zaragoza;Facultad de Ciencias;Almacenes Geológicos;Normal;Optativa;100.00;100.00;100.00;6;6;6;1.00;29/04/2018
2016;Máster;Geología: Técnicas y Aplicaciones;Zaragoza;Facultad de Ciencias;Estudio integrado de cuencas;Normal;Optativa;100.00;100.00;100.00;8;8;8;1.00;29/04/2018
2016;Máster;Geología: Técnicas y Aplicaciones;Zaragoza;Facultad de Ciencias;Caracterización de materiales geológicos: técnicas y aplicaciones;Normal;Optativa;100.00;100.00;100.00;3;3;3;1.00;29/04/2018
2016;Máster;Geología: Técnicas y Aplicaciones;Zaragoza;Facultad de Ciencias;Trabajo fin de Máster;Trabajo fin de máster;Trabajo fin de máster;100.00;85.71;85.71;14;12;12;1.00;29/04/2018
2016;Máster;Química Molecular y Catálisis Homogénea;Zaragoza;Facultad de Ciencias;Estrategias en síntesis orgánica avanzada;Normal;Obligatoria;100.00;100.00;100.00;10;10;10;1.10;29/04/2018
2016;Máster;Química Molecular y Catálisis Homogénea;Zaragoza;Facultad de Ciencias;Diseño molecular en química inorgánica y organometálica;Normal;Obligatoria;100.00;100.00;100.00;10;10;10;1.00;29/04/2018
2016;Máster;Química Molecular y Catálisis Homogénea;Zaragoza;Facultad de Ciencias;Catálisis;Normal;Obligatoria;100.00;100.00;100.00;10;10;10;1.00;29/04/2018
2016;Máster;Química Molecular y Catálisis Homogénea;Zaragoza;Facultad de Ciencias;Técnicas de caracterización estructural;Normal;Obligatoria;100.00;100.00;100.00;10;10;10;1.00;29/04/2018
2016;Máster;Química Molecular y Catálisis Homogénea;Zaragoza;Facultad de Ciencias;Metodologías fundamentales de síntesis;Normal;Optativa;100.00;100.00;100.00;4;4;4;1.00;29/04/2018
2016;Máster;Química Molecular y Catálisis Homogénea;Zaragoza;Facultad de Ciencias;Recursos bibliográficos y bases de datos;Normal;Optativa;100.00;100.00;100.00;5;5;5;1.00;29/04/2018
2016;Máster;Química Molecular y Catálisis Homogénea;Zaragoza;Facultad de Ciencias;Cristalografía y técnicas de difracción;Normal;Optativa;100.00;100.00;100.00;1;1;1;1.00;29/04/2018
2016;Máster;Química Molecular y Catálisis Homogénea;Zaragoza;Facultad de Ciencias;Modelización molecular;Normal;Optativa;100.00;100.00;100.00;4;4;4;1.00;29/04/2018
2016;Máster;Química Molecular y Catálisis Homogénea;Zaragoza;Facultad de Ciencias;Técnicas de caracterización estructural avanzadas;Normal;Optativa;100.00;100.00;100.00;6;6;6;1.00;29/04/2018
2016;Máster;Química Molecular y Catálisis Homogénea;Zaragoza;Facultad de Ciencias;Catálisis asimétrica;Normal;Optativa;100.00;100.00;100.00;6;6;6;1.00;29/04/2018
2016;Máster;Química Molecular y Catálisis Homogénea;Zaragoza;Facultad de Ciencias;Química supramolecular;Normal;Optativa;100.00;100.00;100.00;8;8;8;1.00;29/04/2018
2016;Máster;Química Molecular y Catálisis Homogénea;Zaragoza;Facultad de Ciencias;Química de materiales avanzados;Normal;Optativa;100.00;100.00;100.00;8;8;8;1.00;29/04/2018
2016;Máster;Química Molecular y Catálisis Homogénea;Zaragoza;Facultad de Ciencias;Química en la frontera con la Biología;Normal;Optativa;100.00;100.00;100.00;7;7;7;1.00;29/04/2018
2016;Máster;Química Molecular y Catálisis Homogénea;Zaragoza;Facultad de Ciencias;Química sostenible y catálisis;Normal;Optativa;100.00;100.00;100.00;4;4;4;1.00;29/04/2018
2016;Máster;Química Molecular y Catálisis Homogénea;Zaragoza;Facultad de Ciencias;Seminarios interdisciplinares;Normal;Optativa;100.00;100.00;100.00;1;1;1;1.00;29/04/2018
2016;Máster;Química Molecular y Catálisis Homogénea;Zaragoza;Facultad de Ciencias;Trabajo fin de Máster;Trabajo fin de máster;Trabajo fin de máster;100.00;100.00;100.00;10;10;10;1.00;29/04/2018
2016;Máster;Ingeniería Agronómica;Huesca;Escuela Politécnica Superior;Calidad y seguridad alimentaria;Normal;Obligatoria;100.00;100.00;100.00;4;4;4;1.00;29/04/2018
2016;Máster;Ingeniería Agronómica;Huesca;Escuela Politécnica Superior;Infraestructuras rurales;Normal;Obligatoria;100.00;100.00;100.00;6;6;6;1.50;29/04/2018
2016;Máster;Ingeniería Agronómica;Huesca;Escuela Politécnica Superior;Marketing agroalimentario;Normal;Obligatoria;100.00;100.00;100.00;5;5;5;1.00;29/04/2018
2016;Máster;Ingeniería Agronómica;Huesca;Escuela Politécnica Superior;Ordenación y gestión del territorio agrario;Normal;Obligatoria;100.00;100.00;100.00;4;4;4;1.00;29/04/2018
2016;Máster;Ingeniería Agronómica;Huesca;Escuela Politécnica Superior;Políticas agrarias y de desarrollo rural;Normal;Obligatoria;100.00;100.00;100.00;5;5;5;1.00;29/04/2018
2016;Máster;Ingeniería Agronómica;Huesca;Escuela Politécnica Superior;Recursos hídricos e instalaciones hidráulicas;Normal;Obligatoria;75.00;60.00;80.00;5;3;4;1.33;29/04/2018
2016;Máster;Ingeniería Agronómica;Huesca;Escuela Politécnica Superior;Instalaciones y vías rurales;Normal;Obligatoria;100.00;100.00;100.00;4;4;4;1.00;29/04/2018
2016;Máster;Ingeniería Agronómica;Huesca;Escuela Politécnica Superior;Sistemas de producción animal;Normal;Obligatoria;83.33;83.33;100.00;6;5;6;1.20;29/04/2018
2016;Máster;Ingeniería Agronómica;Huesca;Escuela Politécnica Superior;Sistemas de producción vegetal;Normal;Obligatoria;75.00;60.00;80.00;5;3;4;1.00;29/04/2018
2016;Máster;Ingeniería Agronómica;Huesca;Escuela Politécnica Superior;Sistemas y procesos agroalimentarios;Normal;Obligatoria;87.50;87.50;100.00;8;7;8;1.57;29/04/2018
2016;Máster;Ingeniería Agronómica;Huesca;Escuela Politécnica Superior;Biotecnología y mejora vegetal y animal;Normal;Obligatoria;80.00;50.00;62.50;8;4;5;2.25;29/04/2018
2016;Máster;Ingeniería Agronómica;Huesca;Escuela Politécnica Superior;Organización y administración de empresas agroalimentarias;Normal;Obligatoria;100.00;85.71;85.71;7;6;6;1.00;29/04/2018
2016;Máster;Ingeniería Agronómica;Huesca;Escuela Politécnica Superior;Prácticas externas;Prácticas externas;Prácticas externas;100.00;100.00;100.00;5;5;5;1.00;29/04/2018
2016;Máster;Ingeniería Agronómica;Huesca;Escuela Politécnica Superior;Trabajo fin de Máster;Trabajo fin de máster;Trabajo fin de máster;100.00;66.67;66.67;6;4;4;1.00;29/04/2018
2016;Máster;Química Industrial;Zaragoza;Facultad de Ciencias;Química Industrial;Normal;Obligatoria;100.00;100.00;100.00;8;8;8;1.00;29/04/2018
2016;Máster;Química Industrial;Zaragoza;Facultad de Ciencias;Sistemas de gestión y legislación medioambiental;Normal;Obligatoria;100.00;100.00;100.00;8;8;8;1.00;29/04/2018
2016;Máster;Química Industrial;Zaragoza;Facultad de Ciencias;Química Medioambiental;Normal;Obligatoria;100.00;100.00;100.00;9;9;9;1.11;29/04/2018
2016;Máster;Química Industrial;Zaragoza;Facultad de Ciencias;Control de procesos y productos;Normal;Obligatoria;100.00;100.00;100.00;9;9;9;1.00;29/04/2018
2016;Máster;Química Industrial;Zaragoza;Facultad de Ciencias;Equipos para procesos químicos;Normal;Obligatoria;100.00;100.00;100.00;8;8;8;1.00;29/04/2018
2016;Máster;Química Industrial;Zaragoza;Facultad de Ciencias;Electroquímica y fotoquímica para la Industria;Normal;Obligatoria;100.00;100.00;100.00;8;8;8;1.00;29/04/2018
2016;Máster;Química Industrial;Zaragoza;Facultad de Ciencias;Nuevos disolventes para la Industria;Normal;Optativa;100.00;100.00;100.00;2;2;2;1.00;29/04/2018
2016;Máster;Química Industrial;Zaragoza;Facultad de Ciencias;Materias primas renovables;Normal;Optativa;100.00;100.00;100.00;4;4;4;1.00;29/04/2018
2016;Máster;Química Industrial;Zaragoza;Facultad de Ciencias;Materiales inorgánicos avanzados;Normal;Optativa;100.00;100.00;100.00;3;3;3;1.00;29/04/2018
2016;Máster;Química Industrial;Zaragoza;Facultad de Ciencias;Metrología química en el laboratorio;Normal;Optativa;100.00;100.00;100.00;1;1;1;1.00;29/04/2018
2016;Máster;Química Industrial;Zaragoza;Facultad de Ciencias;Procesos de la industria alimentaria;Normal;Optativa;100.00;100.00;100.00;4;4;4;1.00;29/04/2018
2016;Máster;Química Industrial;Zaragoza;Facultad de Ciencias;Trabajo fin de Máster;Trabajo fin de máster;Trabajo fin de máster;100.00;85.71;85.71;7;6;6;1.00;29/04/2018
2016;Máster;Abogacía;Zaragoza;Facultad de Derecho;Práctica civil y mercantil;Normal;Obligatoria;100.00;98.98;98.98;98;97;97;1.00;29/04/2018
2016;Máster;Abogacía;Zaragoza;Facultad de Derecho;Práctica contencioso-administrativa;Normal;Obligatoria;100.00;100.00;100.00;98;98;98;1.01;29/04/2018
2016;Máster;Abogacía;Zaragoza;Facultad de Derecho;Práctica penal;Normal;Obligatoria;98.98;98.98;100.00;98;97;98;1.00;29/04/2018
2016;Máster;Abogacía;Zaragoza;Facultad de Derecho;Práctica social;Normal;Obligatoria;100.00;100.00;100.00;97;97;97;1.00;29/04/2018
2016;Máster;Abogacía;Zaragoza;Facultad de Derecho;Deontología profesional;Normal;Obligatoria;100.00;100.00;100.00;98;98;98;1.00;29/04/2018
2016;Máster;Abogacía;Zaragoza;Facultad de Derecho;Gestión de despacho;Normal;Obligatoria;100.00;100.00;100.00;98;98;98;1.00;29/04/2018
2016;Máster;Abogacía;Zaragoza;Facultad de Derecho;Habilidades analíticas y expresivas para el ejercicio profesional;Normal;Obligatoria;100.00;100.00;100.00;97;97;97;1.01;29/04/2018
2016;Máster;Abogacía;Zaragoza;Facultad de Derecho;Regulación de la actividad profesional;Normal;Obligatoria;100.00;100.00;100.00;98;98;98;1.00;29/04/2018
2016;Máster;Abogacía;Zaragoza;Facultad de Derecho;Tecnología aplicada al ejercicio profesional;Normal;Obligatoria;98.97;98.97;100.00;97;96;97;1.00;29/04/2018
2016;Máster;Abogacía;Zaragoza;Facultad de Derecho;Turno de oficio;Normal;Obligatoria;100.00;100.00;100.00;98;98;98;1.00;29/04/2018
2016;Máster;Abogacía;Zaragoza;Facultad de Derecho;Comunicación profesional en lengua inglesa;Normal;Obligatoria;100.00;100.00;100.00;97;97;97;1.00;29/04/2018
2016;Máster;Abogacía;Zaragoza;Facultad de Derecho;Prácticas externas I;Prácticas externas;Obligatoria;100.00;98.96;98.96;96;95;95;1.00;29/04/2018
2016;Máster;Abogacía;Zaragoza;Facultad de Derecho;Técnicas alternativas de resolución de conflictos;Normal;Obligatoria;100.00;100.00;100.00;97;97;97;1.00;29/04/2018
2016;Máster;Abogacía;Zaragoza;Facultad de Derecho;Abogacía en entorno nacional;Normal;Optativa;100.00;100.00;100.00;84;84;84;1.00;29/04/2018
2016;Máster;Abogacía;Zaragoza;Facultad de Derecho;Prácticas externas II;Prácticas externas;Obligatoria;100.00;100.00;100.00;85;85;85;1.00;29/04/2018
2016;Máster;Abogacía;Zaragoza;Facultad de Derecho;Trabajo fin de Máster;Trabajo fin de máster;Trabajo fin de máster;100.00;100.00;100.00;84;84;84;1.00;29/04/2018
2016;Máster;Ingeniería Industrial;Zaragoza;Escuela de Ingeniería y Arquitectura;Prácticas externas 4;Prácticas externas;Optativa;100.00;100.00;100.00;6;6;6;1.00;29/04/2018
2016;Máster;Ingeniería Industrial;Zaragoza;Escuela de Ingeniería y Arquitectura;Prácticas externas 5;Prácticas externas;Optativa;100.00;100.00;100.00;44;44;44;1.00;29/04/2018
2016;Máster;Ingeniería Industrial;Zaragoza;Escuela de Ingeniería y Arquitectura;Prácticas externas 1;Prácticas externas;Optativa;100.00;100.00;100.00;1;1;1;1.00;29/04/2018
2016;Máster;Ingeniería Industrial;Zaragoza;Escuela de Ingeniería y Arquitectura;Instalaciones eléctricas de alta y baja tensión;Normal;Obligatoria;100.00;98.86;98.86;88;87;87;1.00;29/04/2018
2016;Máster;Ingeniería Industrial;Zaragoza;Escuela de Ingeniería y Arquitectura;Diseño y ensayo de máquinas y sistemas integrados de fabricación;Normal;Obligatoria;100.00;95.56;95.56;90;86;86;1.06;29/04/2018
2016;Máster;Ingeniería Industrial;Zaragoza;Escuela de Ingeniería y Arquitectura;Ingeniería de fluidos;Normal;Obligatoria;85.54;74.74;87.37;96;72;84;1.08;29/04/2018
2016;Máster;Ingeniería Industrial;Zaragoza;Escuela de Ingeniería y Arquitectura;Análisis y diseño de procesos químicos;Normal;Obligatoria;91.95;91.95;100.00;93;86;93;1.17;29/04/2018
2016;Máster;Ingeniería Industrial;Zaragoza;Escuela de Ingeniería y Arquitectura;Tecnología energética;Normal;Obligatoria;86.96;80.81;92.93;104;85;97;1.42;29/04/2018
2016;Máster;Ingeniería Industrial;Zaragoza;Escuela de Ingeniería y Arquitectura;Diseño electrónico y control avanzado;Normal;Obligatoria;88.61;72.92;82.29;103;76;85;1.37;29/04/2018
2016;Máster;Ingeniería Industrial;Zaragoza;Escuela de Ingeniería y Arquitectura;Plantas y servicios industriales;Normal;Obligatoria;87.23;82.00;94.00;101;83;95;1.34;29/04/2018
2016;Máster;Ingeniería Industrial;Zaragoza;Escuela de Ingeniería y Arquitectura;Construcciones industriales y teoría de estructuras;Normal;Obligatoria;87.34;80.23;91.86;91;73;84;1.15;29/04/2018
2016;Máster;Ingeniería Industrial;Zaragoza;Escuela de Ingeniería y Arquitectura;Transporte y manutención industrial;Normal;Obligatoria;95.12;91.76;96.47;88;81;85;1.20;29/04/2018
2016;Máster;Ingeniería Industrial;Zaragoza;Escuela de Ingeniería y Arquitectura;Dirección estratégica;Normal;Obligatoria;100.00;100.00;100.00;88;88;88;1.01;29/04/2018
2016;Máster;Ingeniería Industrial;Zaragoza;Escuela de Ingeniería y Arquitectura;Organización de la empresa y dirección de sus recursos humanos;Normal;Obligatoria;100.00;100.00;100.00;80;80;80;1.01;29/04/2018
2016;Máster;Ingeniería Industrial;Zaragoza;Escuela de Ingeniería y Arquitectura;Gestión de proyectos industriales y de I+D+I;Normal;Obligatoria;97.78;96.70;98.90;94;91;93;1.26;29/04/2018
2016;Máster;Ingeniería Industrial;Zaragoza;Escuela de Ingeniería y Arquitectura;Trabajo fin de Máster (Automatización Industrial y Robótica);Trabajo fin de máster;Trabajo fin de máster;100.00;66.67;66.67;3;2;2;1.00;29/04/2018
2016;Máster;Ingeniería Industrial;Zaragoza;Escuela de Ingeniería y Arquitectura;Máquinas eléctricas;Normal;Optativa;77.78;77.78;100.00;18;14;18;1.43;29/04/2018
2016;Máster;Ingeniería Industrial;Zaragoza;Escuela de Ingeniería y Arquitectura;Sistemas eléctricos de potencia;Normal;Optativa;83.33;78.95;94.74;19;15;18;1.13;29/04/2018
2016;Máster;Ingeniería Industrial;Zaragoza;Escuela de Ingeniería y Arquitectura;Criterios de diseño de máquinas;Normal;Optativa;100.00;100.00;100.00;6;6;6;1.00;29/04/2018
2016;Máster;Ingeniería Industrial;Zaragoza;Escuela de Ingeniería y Arquitectura;Tecnologías de fabricación;Normal;Optativa;80.00;66.67;83.33;6;4;5;1.00;29/04/2018
2016;Máster;Ingeniería Industrial;Zaragoza;Escuela de Ingeniería y Arquitectura;Máquinas e instalaciones de fluidos;Normal;Optativa;100.00;100.00;100.00;5;5;5;1.00;29/04/2018
2016;Máster;Ingeniería Industrial;Zaragoza;Escuela de Ingeniería y Arquitectura;Ingeniería térmica;Normal;Optativa;100.00;100.00;100.00;10;10;10;1.30;29/04/2018
2016;Máster;Ingeniería Industrial;Zaragoza;Escuela de Ingeniería y Arquitectura;Electrónica digital y de potencia;Normal;Optativa;100.00;100.00;100.00;12;12;12;1.33;29/04/2018
2016;Máster;Ingeniería Industrial;Zaragoza;Escuela de Ingeniería y Arquitectura;Ingeniería de control;Normal;Optativa;64.29;60.00;93.33;17;10;16;1.00;29/04/2018
2016;Máster;Ingeniería Industrial;Zaragoza;Escuela de Ingeniería y Arquitectura;Evaluación y control de sistemas de producción;Normal;Optativa;100.00;88.89;88.89;24;21;21;1.00;29/04/2018
2016;Máster;Ingeniería Industrial;Zaragoza;Escuela de Ingeniería y Arquitectura;Visión y robótica;Normal;Optativa;100.00;100.00;100.00;22;22;22;1.00;29/04/2018
2016;Máster;Ingeniería Industrial;Zaragoza;Escuela de Ingeniería y Arquitectura;Diseño y ejecución de complejos industriales;Normal;Optativa;100.00;100.00;100.00;26;25;26;1.00;29/04/2018
2016;Máster;Ingeniería Industrial;Zaragoza;Escuela de Ingeniería y Arquitectura;Simulación computacional en ingeniería estructural;Normal;Optativa;100.00;87.50;87.50;17;16;16;1.06;29/04/2018
2016;Máster;Ingeniería Industrial;Zaragoza;Escuela de Ingeniería y Arquitectura;Nuevas tecnologías en máquinas y vehículos;Normal;Optativa;100.00;100.00;100.00;25;25;25;1.00;29/04/2018
2016;Máster;Ingeniería Industrial;Zaragoza;Escuela de Ingeniería y Arquitectura;Movilidad segura y sostenible;Normal;Optativa;100.00;100.00;100.00;23;23;23;1.00;29/04/2018
2016;Máster;Ingeniería Industrial;Zaragoza;Escuela de Ingeniería y Arquitectura;Proyectos de climatización y eficiencia energética;Normal;Optativa;93.75;93.75;100.00;31;29;30;1.03;29/04/2018
2016;Máster;Ingeniería Industrial;Zaragoza;Escuela de Ingeniería y Arquitectura;Modelos y simulación de flujos e instalaciones;Normal;Optativa;100.00;80.00;80.00;15;14;14;1.07;29/04/2018
2016;Máster;Ingeniería Industrial;Zaragoza;Escuela de Ingeniería y Arquitectura;Materiales para aplicaciones industriales;Normal;Optativa;100.00;100.00;100.00;25;25;25;1.08;29/04/2018
2016;Máster;Ingeniería Industrial;Zaragoza;Escuela de Ingeniería y Arquitectura;Tecnologías laser en aplicaciones industriales;Normal;Optativa;100.00;85.71;85.71;10;9;9;1.00;29/04/2018
2016;Máster;Ingeniería Industrial;Zaragoza;Escuela de Ingeniería y Arquitectura;Business intelligence;Normal;Optativa;100.00;100.00;100.00;40;40;40;1.00;29/04/2018
2016;Máster;Ingeniería Industrial;Zaragoza;Escuela de Ingeniería y Arquitectura;Logística;Normal;Optativa;100.00;100.00;100.00;27;27;27;1.04;29/04/2018
2016;Máster;Ingeniería Industrial;Zaragoza;Escuela de Ingeniería y Arquitectura;Ingeniería de precisión y fabricación aditiva;Normal;Optativa;100.00;100.00;100.00;26;24;26;1.00;29/04/2018
2016;Máster;Ingeniería Industrial;Zaragoza;Escuela de Ingeniería y Arquitectura;Técnicas avanzadas de producción durante el ciclo de vida del producto;Normal;Optativa;100.00;90.00;90.00;34;32;32;1.06;29/04/2018
2016;Máster;Ingeniería Industrial;Zaragoza;Escuela de Ingeniería y Arquitectura;Domótica e instalaciones eléctricas inteligentes;Normal;Optativa;100.00;100.00;100.00;28;28;28;1.00;29/04/2018
2016;Máster;Ingeniería Industrial;Zaragoza;Escuela de Ingeniería y Arquitectura;Sistemas eléctricos en la industria;Normal;Optativa;90.91;71.43;78.57;28;24;25;1.00;29/04/2018
2016;Máster;Ingeniería Industrial;Zaragoza;Escuela de Ingeniería y Arquitectura;Control digital con FPGA de etapas de potencia;Normal;Optativa;100.00;100.00;100.00;21;21;21;1.00;29/04/2018
2016;Máster;Ingeniería Industrial;Zaragoza;Escuela de Ingeniería y Arquitectura;Etapas electrónicas resonantes;Normal;Optativa;100.00;87.50;87.50;19;18;18;1.00;29/04/2018
2016;Máster;Ingeniería Industrial;Zaragoza;Escuela de Ingeniería y Arquitectura;Trabajo fin de Máster (Construcciones e instalaciones industriales);Trabajo fin de máster;Trabajo fin de máster;100.00;100.00;100.00;6;6;6;1.00;29/04/2018
2016;Máster;Ingeniería Industrial;Zaragoza;Escuela de Ingeniería y Arquitectura;Trabajo fin de Máster (Energía y tecnología de calor y fluídos);Trabajo fin de máster;Trabajo fin de máster;100.00;75.00;75.00;4;3;3;1.00;29/04/2018
2016;Máster;Ingeniería Industrial;Zaragoza;Escuela de Ingeniería y Arquitectura;Trabajo fin de Máster (Materiales);Trabajo fin de máster;Trabajo fin de máster;100.00;100.00;100.00;1;1;1;1.00;29/04/2018
2016;Máster;Ingeniería Industrial;Zaragoza;Escuela de Ingeniería y Arquitectura;Trabajo fin de Máster (Organización industrial);Trabajo fin de máster;Trabajo fin de máster;100.00;75.00;75.00;4;3;3;1.00;29/04/2018
2016;Máster;Ingeniería Industrial;Zaragoza;Escuela de Ingeniería y Arquitectura;Trabajo fin de Máster (Producción);Trabajo fin de máster;Trabajo fin de máster;100.00;100.00;100.00;3;3;3;1.00;29/04/2018
2016;Máster;Ingeniería Industrial;Zaragoza;Escuela de Ingeniería y Arquitectura;Trabajo fin de Máster (Sistemas electrónicos);Trabajo fin de máster;Trabajo fin de máster;100.00;100.00;100.00;8;8;8;1.00;29/04/2018
2016;Máster;Ingeniería Industrial;Zaragoza;Escuela de Ingeniería y Arquitectura;Trabajo fin de Máster (Sistemas eléctricos);Trabajo fin de máster;Trabajo fin de máster;100.00;60.00;60.00;5;3;3;1.00;29/04/2018
2016;Máster;Ingeniería Industrial;Zaragoza;Escuela de Ingeniería y Arquitectura;Trabajo fin de Máster (Diseño de máquinas y vehículos);Trabajo fin de máster;Trabajo fin de máster;100.00;50.00;50.00;7;4;4;1.00;29/04/2018
2016;Máster;Ingeniería Industrial;Zaragoza;Escuela de Ingeniería y Arquitectura;Trabajo fin de Máster;Trabajo fin de máster;Trabajo fin de máster;100.00;84.21;84.21;43;37;37;1.00;29/04/2018
2016;Máster;Ingeniería Industrial;Zaragoza;Escuela de Ingeniería y Arquitectura;Modelos estadísticos en la ingeniería;Normal;Optativa;;;;1;1;1;1.00;29/04/2018
2016;Máster;Ingeniería Industrial;Zaragoza;Escuela de Ingeniería y Arquitectura;Sistemas de información en organizaciones industriales;Normal;Optativa;100.00;66.67;66.67;10;7;7;1.00;29/04/2018
2016;Máster;Evaluación y Entrenamiento Físico para la Salud;Huesca;Facultad de Ciencias de la Salud y del Deporte;Actividad física y salud: evidencias científicas;Normal;Obligatoria;100.00;100.00;100.00;20;20;20;1.00;29/04/2018
2016;Máster;Evaluación y Entrenamiento Físico para la Salud;Huesca;Facultad de Ciencias de la Salud y del Deporte;Bases para la promoción de la actividad física;Normal;Optativa;100.00;100.00;100.00;6;6;6;1.00;29/04/2018
2016;Máster;Evaluación y Entrenamiento Físico para la Salud;Huesca;Facultad de Ciencias de la Salud y del Deporte;Variables psicológicas en la evaluación y prescripción de ejercicio físico;Normal;Optativa;100.00;100.00;100.00;8;8;8;1.00;29/04/2018
2016;Máster;Evaluación y Entrenamiento Físico para la Salud;Huesca;Facultad de Ciencias de la Salud y del Deporte;Metodología e investigación aplicada;Normal;Obligatoria;100.00;100.00;100.00;18;18;18;1.00;29/04/2018
2016;Máster;Evaluación y Entrenamiento Físico para la Salud;Huesca;Facultad de Ciencias de la Salud y del Deporte;Análisis de datos;Normal;Optativa;100.00;100.00;100.00;18;18;18;1.00;29/04/2018
2016;Máster;Evaluación y Entrenamiento Físico para la Salud;Huesca;Facultad de Ciencias de la Salud y del Deporte;Valoración de la condición física y el gasto energético;Normal;Obligatoria;100.00;100.00;100.00;20;20;20;1.15;29/04/2018
2016;Máster;Evaluación y Entrenamiento Físico para la Salud;Huesca;Facultad de Ciencias de la Salud y del Deporte;Evaluación de ingesta dietética;Normal;Optativa;100.00;100.00;100.00;10;10;10;1.00;29/04/2018
2016;Máster;Evaluación y Entrenamiento Físico para la Salud;Huesca;Facultad de Ciencias de la Salud y del Deporte;Composición corporal y salud;Normal;Obligatoria;100.00;100.00;100.00;20;20;20;1.10;29/04/2018
2016;Máster;Evaluación y Entrenamiento Físico para la Salud;Huesca;Facultad de Ciencias de la Salud y del Deporte;Cineantropometría básica;Normal;Optativa;100.00;100.00;100.00;17;17;17;1.00;29/04/2018
2016;Máster;Evaluación y Entrenamiento Físico para la Salud;Huesca;Facultad de Ciencias de la Salud y del Deporte;Prescripción de ejercicio físico;Normal;Obligatoria;100.00;100.00;100.00;20;20;20;1.00;29/04/2018
2016;Máster;Evaluación y Entrenamiento Físico para la Salud;Huesca;Facultad de Ciencias de la Salud y del Deporte;Ejercicio físico y envejecimiento;Normal;Optativa;100.00;100.00;100.00;10;10;10;1.00;29/04/2018
2016;Máster;Evaluación y Entrenamiento Físico para la Salud;Huesca;Facultad de Ciencias de la Salud y del Deporte;Trabajo fin de Máster;Trabajo fin de máster;Trabajo fin de máster;100.00;90.00;90.00;20;18;18;1.00;29/04/2018
2016;Máster;Evaluación y Entrenamiento Físico para la Salud;Huesca;Facultad de Ciencias de la Salud y del Deporte;Prácticas externas;Prácticas externas;Optativa;100.00;100.00;100.00;9;9;9;1.00;29/04/2018
2016;Máster;Gestión del Patrimonio Cultural;Zaragoza;Facultad de Filosofía y Letras;Gestión del patrimonio cultural;Normal;Obligatoria;100.00;100.00;100.00;21;21;21;1.00;29/04/2018
2016;Máster;Gestión del Patrimonio Cultural;Zaragoza;Facultad de Filosofía y Letras;Legislación del patrimonio cultural;Normal;Obligatoria;100.00;100.00;100.00;21;21;21;1.00;29/04/2018
2016;Máster;Gestión del Patrimonio Cultural;Zaragoza;Facultad de Filosofía y Letras;Investigación y catalogación del patrimonio cultural;Normal;Obligatoria;100.00;100.00;100.00;21;21;21;1.00;29/04/2018
2016;Máster;Gestión del Patrimonio Cultural;Zaragoza;Facultad de Filosofía y Letras;Difusión, comunicación, puesta en valor e interpretación del patrimonio cultural;Normal;Obligatoria;100.00;100.00;100.00;21;21;21;1.00;29/04/2018
2016;Máster;Gestión del Patrimonio Cultural;Zaragoza;Facultad de Filosofía y Letras;Prácticas externas;Prácticas externas;Obligatoria;100.00;100.00;100.00;21;21;21;1.00;29/04/2018
2016;Máster;Gestión del Patrimonio Cultural;Zaragoza;Facultad de Filosofía y Letras;Trabajo fin de Máster;Trabajo fin de máster;Obligatoria;100.00;100.00;100.00;23;23;23;1.00;29/04/2018
2016;Máster;Gestión del Patrimonio Cultural;Zaragoza;Facultad de Filosofía y Letras;Conservación y restauración del patrimonio cultural;Normal;Obligatoria;100.00;100.00;100.00;21;21;21;1.00;29/04/2018
2016;Máster;Ingeniería de Telecomunicación;Zaragoza;Escuela de Ingeniería y Arquitectura;Comunicaciones avanzadas;Normal;Obligatoria;100.00;100.00;100.00;9;9;9;1.22;29/04/2018
2016;Máster;Ingeniería de Telecomunicación;Zaragoza;Escuela de Ingeniería y Arquitectura;Internet de nueva generación;Normal;Obligatoria;100.00;100.00;100.00;9;9;9;1.00;29/04/2018
2016;Máster;Ingeniería de Telecomunicación;Zaragoza;Escuela de Ingeniería y Arquitectura;Redes heterogéneas;Normal;Obligatoria;90.00;90.00;100.00;10;9;10;1.22;29/04/2018
2016;Máster;Ingeniería de Telecomunicación;Zaragoza;Escuela de Ingeniería y Arquitectura;Sistemas analógicos avanzados e instrumentación;Normal;Obligatoria;100.00;100.00;100.00;8;8;8;1.00;29/04/2018
2016;Máster;Ingeniería de Telecomunicación;Zaragoza;Escuela de Ingeniería y Arquitectura;Sistemas digitales avanzados;Normal;Obligatoria;75.00;75.00;100.00;8;6;8;1.33;29/04/2018
2016;Máster;Ingeniería de Telecomunicación;Zaragoza;Escuela de Ingeniería y Arquitectura;Tratamiento de señal para comunicaciones;Normal;Obligatoria;77.78;77.78;100.00;9;7;9;1.14;29/04/2018
2016;Máster;Ingeniería de Telecomunicación;Zaragoza;Escuela de Ingeniería y Arquitectura;Diseño de antenas y sistemas de radiocomunicaciones;Normal;Obligatoria;100.00;100.00;100.00;11;11;11;1.18;29/04/2018
2016;Máster;Ingeniería de Telecomunicación;Zaragoza;Escuela de Ingeniería y Arquitectura;Diseño de sistemas electrónicos;Normal;Obligatoria;100.00;100.00;100.00;11;11;11;1.00;29/04/2018
2016;Máster;Ingeniería de Telecomunicación;Zaragoza;Escuela de Ingeniería y Arquitectura;Redes y servicios de comunicaciones móviles;Normal;Obligatoria;90.91;90.91;100.00;11;10;11;1.00;29/04/2018
2016;Máster;Ingeniería de Telecomunicación;Zaragoza;Escuela de Ingeniería y Arquitectura;Seguridad y gestión avanzadas;Normal;Obligatoria;100.00;100.00;100.00;11;11;11;1.45;29/04/2018
2016;Máster;Ingeniería de Telecomunicación;Zaragoza;Escuela de Ingeniería y Arquitectura;Sistemas de radiolocalización y satélites;Normal;Obligatoria;90.91;76.92;84.62;13;10;11;1.50;29/04/2018
2016;Máster;Ingeniería de Telecomunicación;Zaragoza;Escuela de Ingeniería y Arquitectura;Sistemas de transmisión óptica y de alta frecuencia;Normal;Obligatoria;100.00;100.00;100.00;11;11;11;1.00;29/04/2018
2016;Máster;Ingeniería de Telecomunicación;Zaragoza;Escuela de Ingeniería y Arquitectura;Gestión de proyectos de telecomunicación;Normal;Obligatoria;100.00;100.00;100.00;8;8;8;1.00;29/04/2018
2016;Máster;Ingeniería de Telecomunicación;Zaragoza;Escuela de Ingeniería y Arquitectura;Integración de tecnologías y sistemas de telecomunicación;Normal;Obligatoria;100.00;100.00;100.00;8;8;8;1.00;29/04/2018
2016;Máster;Ingeniería de Telecomunicación;Zaragoza;Escuela de Ingeniería y Arquitectura;Trabajo fin de Máster;Trabajo fin de máster;Trabajo fin de máster;100.00;88.89;88.89;10;9;9;1.00;29/04/2018
2016;Máster;Ingeniería de Telecomunicación;Zaragoza;Escuela de Ingeniería y Arquitectura;Tratamiento digital de imagen y video;Normal;Optativa;100.00;100.00;100.00;7;7;7;1.00;29/04/2018
2016;Máster;Ingeniería de Telecomunicación;Zaragoza;Escuela de Ingeniería y Arquitectura;Tecnologías del habla;Normal;Optativa;100.00;100.00;100.00;4;4;4;1.00;29/04/2018
2016;Máster;Ingeniería de Telecomunicación;Zaragoza;Escuela de Ingeniería y Arquitectura;Aprendizaje automático en datos multimedia;Normal;Optativa;100.00;100.00;100.00;8;8;8;1.00;29/04/2018
2016;Máster;Ingeniería de Telecomunicación;Zaragoza;Escuela de Ingeniería y Arquitectura;Tratamiento de señales biomédicas;Normal;Optativa;100.00;100.00;100.00;6;6;6;1.00;29/04/2018
2016;Máster;Ingeniería de Telecomunicación;Zaragoza;Escuela de Ingeniería y Arquitectura;Ingeniería óptica y fotónica;Normal;Optativa;100.00;100.00;100.00;6;6;6;1.00;29/04/2018
2016;Máster;Ingeniería de Telecomunicación;Zaragoza;Escuela de Ingeniería y Arquitectura;Ingeniería de alta frecuencia;Normal;Optativa;;;;1;1;1;1.00;29/04/2018
2016;Máster;Ingeniería de Telecomunicación;Zaragoza;Escuela de Ingeniería y Arquitectura;Redes neuronales electrónicas;Normal;Optativa;;;;1;1;1;1.00;29/04/2018
2016;Máster;Ingeniería de Telecomunicación;Zaragoza;Escuela de Ingeniería y Arquitectura;Tecnología electrónica biomédica;Normal;Optativa;;;;3;2;2;1.00;29/04/2018
2016;Máster;Ingeniería de Telecomunicación;Zaragoza;Escuela de Ingeniería y Arquitectura;Sistemas electrónicos para control de acceso y seguridad;Normal;Optativa;;;;1;1;1;1.00;29/04/2018
2016;Máster;Ingeniería de Telecomunicación;Zaragoza;Escuela de Ingeniería y Arquitectura;Redes de sensores electrónicos;Normal;Optativa;;;;2;2;2;1.00;29/04/2018
2016;Máster;Ingeniería de Telecomunicación;Zaragoza;Escuela de Ingeniería y Arquitectura;Sistemas de comunicaciones para misión crítica;Normal;Optativa;;;;2;2;2;1.00;29/04/2018
2016;Máster;Ingeniería de Telecomunicación;Zaragoza;Escuela de Ingeniería y Arquitectura;Sistemas de e-Health;Normal;Optativa;;;;2;2;2;1.00;29/04/2018
2016;Máster;Ingeniería de Telecomunicación;Zaragoza;Escuela de Ingeniería y Arquitectura;Manipulación y análisis de grandes volúmenes de datos;Normal;Optativa;;;;1;1;1;1.00;29/04/2018
2016;Máster;Iniciación a la Investigación en Ciencias de la Enfermería;Zaragoza;Facultad de Ciencias de la Salud;Nuevas perspectivas teóricas del cuidado;Normal;Obligatoria;100.00;95.83;95.83;24;23;23;1.00;29/04/2018
2016;Máster;Iniciación a la Investigación en Ciencias de la Enfermería;Zaragoza;Facultad de Ciencias de la Salud;Técnicas de investigación avanzada;Normal;Obligatoria;100.00;95.83;95.83;24;23;23;1.00;29/04/2018
2016;Máster;Iniciación a la Investigación en Ciencias de la Enfermería;Zaragoza;Facultad de Ciencias de la Salud;Bases documentales y legales, económicas, sociales y culturales de los cuidados a nivel Europeo;Normal;Obligatoria;100.00;95.83;95.83;24;23;23;1.00;29/04/2018
2016;Máster;Iniciación a la Investigación en Ciencias de la Enfermería;Zaragoza;Facultad de Ciencias de la Salud;Trabajo fin de Máster;Trabajo fin de máster;Trabajo fin de máster;100.00;90.48;90.48;21;19;19;1.00;29/04/2018
2016;Máster;Iniciación a la Investigación en Ciencias de la Enfermería;Zaragoza;Facultad de Ciencias de la Salud;Cuidados ecológicos y holísticos.;Normal;Optativa;95.24;86.96;91.30;23;20;21;1.00;29/04/2018
2016;Máster;Iniciación a la Investigación en Ciencias de la Enfermería;Zaragoza;Facultad de Ciencias de la Salud;Instrumentos de calidad de vida;Normal;Optativa;100.00;100.00;100.00;18;18;18;1.00;29/04/2018
2016;Máster;Iniciación a la Investigación en Ciencias de la Enfermería;Zaragoza;Facultad de Ciencias de la Salud;Autocuidados y calidad de vida en enfermos crónicos;Normal;Optativa;100.00;91.30;91.30;23;21;21;1.00;29/04/2018
2016;Máster;Iniciación a la Investigación en Ciencias de la Enfermería;Zaragoza;Facultad de Ciencias de la Salud;Autocuidados y calidad de vida en infancia y juventud;Normal;Optativa;100.00;91.30;91.30;23;21;21;1.00;29/04/2018
2016;Máster;Iniciación a la Investigación en Ciencias de la Enfermería;Zaragoza;Facultad de Ciencias de la Salud;Metodología educativa para el autocuidado;Normal;Optativa;100.00;94.74;94.74;19;18;18;1.00;29/04/2018
2016;Máster;Iniciación a la Investigación en Ciencias de la Enfermería;Zaragoza;Facultad de Ciencias de la Salud;Validación de cuestionarios;Normal;Optativa;100.00;71.43;71.43;7;5;5;1.00;29/04/2018
2016;Máster;Iniciación a la Investigación en Ciencias de la Enfermería;Zaragoza;Facultad de Ciencias de la Salud;Técnicas cualitativas y de investigación histórica;Normal;Optativa;100.00;100.00;100.00;1;1;1;1.00;29/04/2018
2016;Máster;Iniciación a la Investigación en Ciencias de la Enfermería;Zaragoza;Facultad de Ciencias de la Salud;Escritura científica en inglés;Normal;Optativa;100.00;100.00;100.00;2;2;2;1.00;29/04/2018
2016;Máster;Iniciación a la Investigación en Ciencias de la Enfermería;Zaragoza;Facultad de Ciencias de la Salud;Género y salud;Normal;Optativa;100.00;100.00;100.00;1;1;1;1.00;29/04/2018
2016;Máster;Iniciación a la Investigación en Ciencias de la Enfermería;Zaragoza;Facultad de Ciencias de la Salud;Historia de la asistencia sanitaria;Normal;Optativa;100.00;100.00;100.00;1;1;1;1.00;29/04/2018
2016;Máster;Iniciación a la Investigación en Ciencias de la Enfermería;Zaragoza;Facultad de Ciencias de la Salud;Historia de la enfermería;Normal;Optativa;100.00;100.00;100.00;1;1;1;1.00;29/04/2018
2016;Máster;Iniciación a la Investigación en Ciencias de la Enfermería;Zaragoza;Facultad de Ciencias de la Salud;Historia y filosofía de la ciencia;Normal;Optativa;100.00;100.00;100.00;1;1;1;1.00;29/04/2018
2016;Máster;Gerontología Social;Zaragoza;Facultad de Ciencias de la Salud;Fisioterapia;Normal;Optativa;100.00;100.00;100.00;30;30;30;1.00;29/04/2018
2016;Máster;Gerontología Social;Zaragoza;Facultad de Ciencias de la Salud;Otras terapéuticas;Normal;Optativa;100.00;100.00;100.00;35;35;35;1.00;29/04/2018
2016;Máster;Gerontología Social;Zaragoza;Facultad de Ciencias de la Salud;Trabajo en equipo;Normal;Optativa;100.00;100.00;100.00;7;7;7;1.00;29/04/2018
2016;Máster;Gerontología Social;Zaragoza;Facultad de Ciencias de la Salud;Psicosociología gerontológica;Normal;Obligatoria;100.00;100.00;100.00;36;36;36;1.00;29/04/2018
2016;Máster;Gerontología Social;Zaragoza;Facultad de Ciencias de la Salud;Trabajo social y política social en la tercera edad;Normal;Obligatoria;100.00;100.00;100.00;36;36;36;1.00;29/04/2018
2016;Máster;Gerontología Social;Zaragoza;Facultad de Ciencias de la Salud;Patologías físicas y mentales en el mayor: envejecimiento normal y patológico;Normal;Obligatoria;100.00;100.00;100.00;36;36;36;1.00;29/04/2018
2016;Máster;Gerontología Social;Zaragoza;Facultad de Ciencias de la Salud;Promoción de salud y aspectos terapéuticos en el mayor;Normal;Obligatoria;100.00;100.00;100.00;36;36;36;1.00;29/04/2018
2016;Máster;Gerontología Social;Zaragoza;Facultad de Ciencias de la Salud;Gestión gerontológica;Normal;Obligatoria;100.00;100.00;100.00;36;36;36;1.00;29/04/2018
2016;Máster;Gerontología Social;Zaragoza;Facultad de Ciencias de la Salud;Trabajo fin de Máster;Trabajo fin de máster;Obligatoria;100.00;97.30;97.30;37;36;36;1.00;29/04/2018
2016;Máster;Gerontología Social;Zaragoza;Facultad de Ciencias de la Salud;Prácticas externas;Prácticas externas;Obligatoria;100.00;100.00;100.00;36;36;36;1.00;29/04/2018
2016;Máster;Mundo Antiguo y Patrimonio Arqueológico;Zaragoza;Facultad de Filosofía y Letras;Cultura escrita y método epigráfico en el Mundo Antiguo;Normal;Obligatoria;100.00;100.00;100.00;6;6;6;1.00;29/04/2018
2016;Máster;Mundo Antiguo y Patrimonio Arqueológico;Zaragoza;Facultad de Filosofía y Letras;Fuentes y Métodos Filológicos;Normal;Obligatoria;100.00;100.00;100.00;6;6;6;1.00;29/04/2018
2016;Máster;Mundo Antiguo y Patrimonio Arqueológico;Zaragoza;Facultad de Filosofía y Letras;Gestión del patrimonio histórico arqueológico: métodos y técnicas;Normal;Obligatoria;100.00;100.00;100.00;6;6;6;1.00;29/04/2018
2016;Máster;Mundo Antiguo y Patrimonio Arqueológico;Zaragoza;Facultad de Filosofía y Letras;Tendencias metodológicas y de interpretación en Prehistoria y Arqueología;Normal;Obligatoria;100.00;100.00;100.00;6;6;6;1.00;29/04/2018
2016;Máster;Mundo Antiguo y Patrimonio Arqueológico;Zaragoza;Facultad de Filosofía y Letras;Instituciones y práctica política en la ciudad antigua;Normal;Optativa;100.00;100.00;100.00;2;2;2;1.00;29/04/2018
2016;Máster;Mundo Antiguo y Patrimonio Arqueológico;Zaragoza;Facultad de Filosofía y Letras;Literatura y cultura Helenística: de la polis a la ecúmene;Normal;Optativa;100.00;100.00;100.00;1;1;1;1.00;29/04/2018
2016;Máster;Mundo Antiguo y Patrimonio Arqueológico;Zaragoza;Facultad de Filosofía y Letras;Literatura y sociedad en Roma;Normal;Optativa;100.00;100.00;100.00;1;1;1;1.00;29/04/2018
2016;Máster;Mundo Antiguo y Patrimonio Arqueológico;Zaragoza;Facultad de Filosofía y Letras;Ideología y poder en la Roma imperial;Normal;Optativa;100.00;100.00;100.00;2;2;2;1.00;29/04/2018
2016;Máster;Mundo Antiguo y Patrimonio Arqueológico;Zaragoza;Facultad de Filosofía y Letras;Religiones en el Mundo Antiguo;Normal;Optativa;100.00;100.00;100.00;6;6;6;1.00;29/04/2018
2016;Máster;Mundo Antiguo y Patrimonio Arqueológico;Zaragoza;Facultad de Filosofía y Letras;Arqueología de la Hispania Antigua;Normal;Optativa;100.00;100.00;100.00;5;5;5;1.00;29/04/2018
2016;Máster;Mundo Antiguo y Patrimonio Arqueológico;Zaragoza;Facultad de Filosofía y Letras;Arqueología del paisaje;Normal;Optativa;100.00;100.00;100.00;4;4;4;1.00;29/04/2018
2016;Máster;Mundo Antiguo y Patrimonio Arqueológico;Zaragoza;Facultad de Filosofía y Letras;Arqueometría;Normal;Optativa;100.00;100.00;100.00;5;5;5;1.00;29/04/2018
2016;Máster;Mundo Antiguo y Patrimonio Arqueológico;Zaragoza;Facultad de Filosofía y Letras;Numismática;Normal;Optativa;100.00;100.00;100.00;1;1;1;1.00;29/04/2018
2016;Máster;Mundo Antiguo y Patrimonio Arqueológico;Zaragoza;Facultad de Filosofía y Letras;Paleotecnología y Arqueología experimental;Normal;Optativa;100.00;100.00;100.00;4;4;4;1.00;29/04/2018
2016;Máster;Mundo Antiguo y Patrimonio Arqueológico;Zaragoza;Facultad de Filosofía y Letras;Vida y muerte en la Prehistoria;Normal;Optativa;100.00;100.00;100.00;5;5;5;1.00;29/04/2018
2016;Máster;Mundo Antiguo y Patrimonio Arqueológico;Zaragoza;Facultad de Filosofía y Letras;Trabajo fin de Máster;Trabajo fin de máster;Trabajo fin de máster;100.00;100.00;100.00;6;6;6;1.00;29/04/2018
2016;Máster;Economía;Zaragoza;Facultad de Economía y Empresa;Trabajo fin de Máster;Trabajo fin de máster;Trabajo fin de máster;100.00;57.14;57.14;7;4;4;1.00;29/04/2018
2016;Máster;Economía;Zaragoza;Facultad de Economía y Empresa;Teoría económica;Normal;Obligatoria;100.00;80.00;80.00;5;4;4;1.00;29/04/2018
2016;Máster;Economía;Zaragoza;Facultad de Economía y Empresa;Econometría e instrumentos matemáticos;Normal;Obligatoria;100.00;60.00;60.00;5;3;3;1.00;29/04/2018
2016;Máster;Economía;Zaragoza;Facultad de Economía y Empresa;Temas de economía pública;Normal;Obligatoria;100.00;80.00;80.00;5;4;4;1.00;29/04/2018
2016;Máster;Economía;Zaragoza;Facultad de Economía y Empresa;Temas de entorno económico de España;Normal;Obligatoria;100.00;83.33;83.33;6;5;5;1.00;29/04/2018
2016;Máster;Economía;Zaragoza;Facultad de Economía y Empresa;Economía industrial;Normal;Optativa;100.00;100.00;100.00;3;3;3;1.00;29/04/2018
2016;Máster;Economía;Zaragoza;Facultad de Economía y Empresa;Medio ambiente, crecimiento y ecología industrial;Normal;Optativa;100.00;80.00;80.00;5;4;4;1.00;29/04/2018
2016;Máster;Economía;Zaragoza;Facultad de Economía y Empresa;Econometría: estudio de casos;Normal;Optativa;100.00;75.00;75.00;4;3;3;1.00;29/04/2018
2016;Máster;Economía;Zaragoza;Facultad de Economía y Empresa;Empleo, crédito y precios en perspectiva macroeconómica;Normal;Optativa;100.00;66.67;66.67;3;2;2;1.00;29/04/2018
2016;Máster;Economía;Zaragoza;Facultad de Economía y Empresa;Desarrollo económico en perspectiva histórica;Normal;Optativa;100.00;100.00;100.00;3;3;3;1.00;29/04/2018
2016;Máster;Economía;Zaragoza;Facultad de Economía y Empresa;Técnicas de análisis multivariante;Normal;Optativa;100.00;66.67;66.67;3;2;2;1.00;29/04/2018
2016;Máster;Economía;Zaragoza;Facultad de Economía y Empresa;Economía del tipo de cambio e integración monetaria;Normal;Optativa;100.00;80.00;80.00;5;4;4;1.00;29/04/2018
2016;Máster;Economía;Zaragoza;Facultad de Economía y Empresa;Crecimiento económico;Normal;Optativa;100.00;80.00;80.00;5;4;4;1.50;29/04/2018
2016;Máster;Economía;Zaragoza;Facultad de Economía y Empresa;Evaluación económica de políticas y servicios públicos;Normal;Optativa;;;;1;0;0;;29/04/2018
2016;Máster;Economía;Zaragoza;Facultad de Economía y Empresa;Economía del medioambiente y de los recursos naturales;Normal;Optativa;100.00;66.67;66.67;3;2;2;1.00;29/04/2018
2016;Máster;Economía;Zaragoza;Facultad de Economía y Empresa;Nuevos modelos macroeconométricos;Normal;Optativa;100.00;100.00;100.00;3;3;3;1.00;29/04/2018
2016;Máster;Contabilidad y finanzas;Zaragoza;Facultad de Economía y Empresa;Contabilidad creativa en las sociedades cotizadas;Normal;Optativa;100.00;100.00;100.00;11;11;11;1.00;29/04/2018
2016;Máster;Contabilidad y finanzas;Zaragoza;Facultad de Economía y Empresa;Información financiera avanzada y situaciones de dificultad financiera;Normal;Obligatoria;100.00;92.31;92.31;13;12;12;1.00;29/04/2018
2016;Máster;Contabilidad y finanzas;Zaragoza;Facultad de Economía y Empresa;Análisis económico y de gestión de empresas y administraciones públicas;Normal;Obligatoria;100.00;100.00;100.00;12;12;12;1.00;29/04/2018
2016;Máster;Contabilidad y finanzas;Zaragoza;Facultad de Economía y Empresa;Economía financiera: enfoques clásicos y nuevas tendencias;Normal;Obligatoria;100.00;100.00;100.00;13;13;13;1.08;29/04/2018
2016;Máster;Contabilidad y finanzas;Zaragoza;Facultad de Economía y Empresa;Mercados financieros y microfinancieros;Normal;Obligatoria;100.00;100.00;100.00;13;13;13;1.08;29/04/2018
2016;Máster;Contabilidad y finanzas;Zaragoza;Facultad de Economía y Empresa;Trabajo fin de Máster;Trabajo fin de máster;Trabajo fin de máster;100.00;76.47;76.47;17;13;13;1.00;29/04/2018
2016;Máster;Contabilidad y finanzas;Zaragoza;Facultad de Economía y Empresa;Metodología de investigación en contabilidad;Normal;Optativa;100.00;100.00;100.00;2;2;2;1.00;29/04/2018
2016;Máster;Contabilidad y finanzas;Zaragoza;Facultad de Economía y Empresa;Finanzas cuantitativas;Normal;Optativa;100.00;100.00;100.00;5;5;5;1.00;29/04/2018
2016;Máster;Contabilidad y finanzas;Zaragoza;Facultad de Economía y Empresa;Contabilidad e información sobre sostenibilidad;Normal;Optativa;100.00;100.00;100.00;8;8;8;1.00;29/04/2018
2016;Máster;Contabilidad y finanzas;Zaragoza;Facultad de Economía y Empresa;Información financiera internacional;Normal;Optativa;100.00;100.00;100.00;6;6;6;1.00;29/04/2018
2016;Máster;Contabilidad y finanzas;Zaragoza;Facultad de Economía y Empresa;Gestión financiera, ética y medio ambiente;Normal;Optativa;100.00;100.00;100.00;9;9;9;1.00;29/04/2018
2016;Máster;Contabilidad y finanzas;Zaragoza;Facultad de Economía y Empresa;Gobierno corporativo, divulgación de información y auditoría;Normal;Optativa;100.00;100.00;100.00;8;8;8;1.00;29/04/2018
2016;Máster;Contabilidad y finanzas;Zaragoza;Facultad de Economía y Empresa;Información financiera y análisis de la eficiencia socio-económica de las entidades no lucrativas;Normal;Optativa;100.00;100.00;100.00;4;4;4;1.00;29/04/2018
2016;Máster;Contabilidad y finanzas;Zaragoza;Facultad de Economía y Empresa;Consolidación de estados contables;Normal;Optativa;100.00;100.00;100.00;5;5;5;1.00;29/04/2018
2016;Máster;Contabilidad y finanzas;Zaragoza;Facultad de Economía y Empresa;Instrumentos financieros avanzados;Normal;Optativa;100.00;100.00;100.00;8;8;8;1.11;29/04/2018
2016;Máster;Contabilidad y finanzas;Zaragoza;Facultad de Economía y Empresa;Comportamiento del inversor y del gestor de carteras;Normal;Optativa;100.00;100.00;100.00;6;6;6;1.00;29/04/2018
2016;Máster;Auditoría;Zaragoza;Facultad de Economía y Empresa;Auditoría I;Normal;Obligatoria;100.00;100.00;100.00;28;28;28;1.00;29/04/2018
2016;Máster;Auditoría;Zaragoza;Facultad de Economía y Empresa;Auditoría II;Normal;Obligatoria;100.00;100.00;100.00;28;28;28;1.00;29/04/2018
2016;Máster;Auditoría;Zaragoza;Facultad de Economía y Empresa;Contabilidad financiera;Normal;Obligatoria;100.00;100.00;100.00;29;29;29;1.07;29/04/2018
2016;Máster;Auditoría;Zaragoza;Facultad de Economía y Empresa;Combinaciones de negocio. Consolidación;Normal;Obligatoria;100.00;100.00;100.00;29;29;29;1.00;29/04/2018
2016;Máster;Auditoría;Zaragoza;Facultad de Economía y Empresa;Contabilidad superior;Normal;Obligatoria;100.00;100.00;100.00;28;28;28;1.00;29/04/2018
2016;Máster;Auditoría;Zaragoza;Facultad de Economía y Empresa;Derecho civil, mercantil y de sociedades;Normal;Obligatoria;100.00;100.00;100.00;30;30;30;1.00;29/04/2018
2016;Máster;Auditoría;Zaragoza;Facultad de Economía y Empresa;Derecho fiscal y del trabajo;Normal;Obligatoria;100.00;100.00;100.00;30;30;30;1.00;29/04/2018
2016;Máster;Auditoría;Zaragoza;Facultad de Economía y Empresa;Tecnologías de la información y sistemas informáticos;Normal;Obligatoria;100.00;100.00;100.00;30;30;30;1.00;29/04/2018
2016;Máster;Auditoría;Zaragoza;Facultad de Economía y Empresa;Economía;Normal;Obligatoria;100.00;100.00;100.00;28;28;28;1.00;29/04/2018
2016;Máster;Auditoría;Zaragoza;Facultad de Economía y Empresa;Trabajo fin de Máster;Trabajo fin de máster;Trabajo fin de máster;100.00;90.63;90.63;32;29;29;1.00;29/04/2018
2016;Máster;Estudios Avanzados de Literatura y Cine en Lengua Inglesa;Zaragoza;Facultad de Filosofía y Letras;Métodos de investigación y comunicación académica;Normal;Obligatoria;100.00;100.00;100.00;11;11;11;1.00;29/04/2018
2016;Máster;Estudios Avanzados de Literatura y Cine en Lengua Inglesa;Zaragoza;Facultad de Filosofía y Letras;Teoría y práctica del texto literario;Normal;Obligatoria;100.00;100.00;100.00;11;11;11;1.00;29/04/2018
2016;Máster;Estudios Avanzados de Literatura y Cine en Lengua Inglesa;Zaragoza;Facultad de Filosofía y Letras;Nuevas literaturas en lengua inglesa;Normal;Optativa;100.00;100.00;100.00;6;6;6;1.00;29/04/2018
2016;Máster;Estudios Avanzados de Literatura y Cine en Lengua Inglesa;Zaragoza;Facultad de Filosofía y Letras;Tendencias de la narrativa inglesa contemporánea;Normal;Optativa;100.00;100.00;100.00;6;6;6;1.00;29/04/2018
2016;Máster;Estudios Avanzados de Literatura y Cine en Lengua Inglesa;Zaragoza;Facultad de Filosofía y Letras;Tendencias de la narrativa norteamericana contemporánea;Normal;Optativa;100.00;100.00;100.00;6;6;6;1.00;29/04/2018
2016;Máster;Estudios Avanzados de Literatura y Cine en Lengua Inglesa;Zaragoza;Facultad de Filosofía y Letras;Teoría y práctica del texto fílmico;Normal;Obligatoria;100.00;100.00;100.00;11;11;11;1.00;29/04/2018
2016;Máster;Estudios Avanzados de Literatura y Cine en Lengua Inglesa;Zaragoza;Facultad de Filosofía y Letras;Cine, cultura y sociedad: Análisis crítico de textos en lengua inglesa;Normal;Optativa;100.00;100.00;100.00;5;5;5;1.00;29/04/2018
2016;Máster;Estudios Avanzados de Literatura y Cine en Lengua Inglesa;Zaragoza;Facultad de Filosofía y Letras;La representación: Formas, métodos y problemas;Normal;Optativa;100.00;100.00;100.00;5;5;5;1.00;29/04/2018
2016;Máster;Estudios Avanzados de Literatura y Cine en Lengua Inglesa;Zaragoza;Facultad de Filosofía y Letras;Géneros cinematográficos ingleses y norteamericanos;Normal;Optativa;100.00;100.00;100.00;6;6;6;1.00;29/04/2018
2016;Máster;Estudios Avanzados de Literatura y Cine en Lengua Inglesa;Zaragoza;Facultad de Filosofía y Letras;Trabajo fin de Máster;Trabajo fin de máster;Trabajo fin de máster;100.00;73.33;73.33;15;11;11;1.09;29/04/2018
2016;Máster;Dirección, Estrategia y Marketing;Zaragoza;Facultad de Economía y Empresa;Dirección estratégica;Normal;Obligatoria;100.00;92.86;92.86;14;13;13;1.15;29/04/2018
2016;Máster;Dirección, Estrategia y Marketing;Zaragoza;Facultad de Economía y Empresa;Bases teóricas en dirección y organización de empresas;Normal;Obligatoria;100.00;93.33;93.33;15;14;14;1.00;29/04/2018
2016;Máster;Dirección, Estrategia y Marketing;Zaragoza;Facultad de Economía y Empresa;Bases teóricas en márketing;Normal;Obligatoria;100.00;92.31;92.31;13;12;12;1.00;29/04/2018
2016;Máster;Dirección, Estrategia y Marketing;Zaragoza;Facultad de Economía y Empresa;Nuevas herramientas metodológicas en investigación de los mercados;Normal;Obligatoria;100.00;93.33;93.33;15;14;14;1.00;29/04/2018
2016;Máster;Dirección, Estrategia y Marketing;Zaragoza;Facultad de Economía y Empresa;Comportamiento del consumidor;Normal;Optativa;100.00;90.91;90.91;11;10;10;1.00;29/04/2018
2016;Máster;Dirección, Estrategia y Marketing;Zaragoza;Facultad de Economía y Empresa;El consumidor y el procesamiento de la información comercial;Normal;Optativa;100.00;83.33;83.33;12;10;10;1.00;29/04/2018
2016;Máster;Dirección, Estrategia y Marketing;Zaragoza;Facultad de Economía y Empresa;Gestión de relaciones y valor del cliente;Normal;Optativa;100.00;90.00;90.00;10;9;9;1.00;29/04/2018
2016;Máster;Dirección, Estrategia y Marketing;Zaragoza;Facultad de Economía y Empresa;La dirección de marca en las organizaciones;Normal;Optativa;100.00;92.86;92.86;14;13;13;1.00;29/04/2018
2016;Máster;Dirección, Estrategia y Marketing;Zaragoza;Facultad de Economía y Empresa;Márketing medioambiental;Normal;Optativa;100.00;80.00;80.00;10;8;8;1.00;29/04/2018
2016;Máster;Dirección, Estrategia y Marketing;Zaragoza;Facultad de Economía y Empresa;Medios de comunicación no convencionales;Normal;Optativa;100.00;80.00;80.00;5;4;4;1.00;29/04/2018
2016;Máster;Dirección, Estrategia y Marketing;Zaragoza;Facultad de Economía y Empresa;Métodos de modelización;Normal;Optativa;100.00;66.67;66.67;3;2;2;1.00;29/04/2018
2016;Máster;Dirección, Estrategia y Marketing;Zaragoza;Facultad de Economía y Empresa;Particularidades del consumidor on-line;Normal;Optativa;100.00;90.00;90.00;10;9;9;1.00;29/04/2018
2016;Máster;Dirección, Estrategia y Marketing;Zaragoza;Facultad de Economía y Empresa;Resultados del márketing interno y externo;Normal;Optativa;100.00;87.50;87.50;8;7;7;1.00;29/04/2018
2016;Máster;Dirección, Estrategia y Marketing;Zaragoza;Facultad de Economía y Empresa;Tecnologías de la información y relaciones comerciales;Normal;Optativa;100.00;91.67;91.67;12;11;11;1.00;29/04/2018
2016;Máster;Dirección, Estrategia y Marketing;Zaragoza;Facultad de Economía y Empresa;Diseño organizativo;Normal;Optativa;100.00;100.00;100.00;4;4;4;1.00;29/04/2018
2016;Máster;Dirección, Estrategia y Marketing;Zaragoza;Facultad de Economía y Empresa;Gobierno corporativo en la empresa: familiar, gerencial y pública;Normal;Optativa;100.00;100.00;100.00;2;2;2;1.00;29/04/2018
2016;Máster;Dirección, Estrategia y Marketing;Zaragoza;Facultad de Economía y Empresa;Estrategia y valor de la empresa;Normal;Optativa;100.00;100.00;100.00;3;3;3;1.00;29/04/2018
2016;Máster;Dirección, Estrategia y Marketing;Zaragoza;Facultad de Economía y Empresa;Gestión de la innovación;Normal;Optativa;100.00;100.00;100.00;7;7;7;1.00;29/04/2018
2016;Máster;Dirección, Estrategia y Marketing;Zaragoza;Facultad de Economía y Empresa;Gestión flexible de las organizaciones;Normal;Optativa;100.00;100.00;100.00;1;1;1;1.00;29/04/2018
2016;Máster;Dirección, Estrategia y Marketing;Zaragoza;Facultad de Economía y Empresa;Gestión medioambiental y RSC;Normal;Optativa;100.00;100.00;100.00;2;2;2;1.00;29/04/2018
2016;Máster;Dirección, Estrategia y Marketing;Zaragoza;Facultad de Economía y Empresa;Modelos de gobierno y control de la empresa;Normal;Optativa;100.00;100.00;100.00;2;2;2;1.00;29/04/2018
2016;Máster;Dirección, Estrategia y Marketing;Zaragoza;Facultad de Economía y Empresa;Gestión de recursos humanos: un enfoque multidisciplinar;Normal;Optativa;100.00;100.00;100.00;2;2;2;1.00;29/04/2018
2016;Máster;Dirección, Estrategia y Marketing;Zaragoza;Facultad de Economía y Empresa;Trabajo fin de Máster;Trabajo fin de máster;Trabajo fin de máster;100.00;42.11;42.11;19;8;8;1.00;29/04/2018
2016;Máster;Ini. a la investigación en ciencias agrarias y del medio natural;Huesca;Escuela Politécnica Superior;Trabajo fin de Máster;Trabajo fin de máster;Obligatoria;100.00;100.00;100.00;3;3;3;1.00;29/04/2018
2016;Máster;Psicología General Sanitaria;Teruel;Facultad de Ciencias Sociales y Humanas de Teruel;Deontología y práctica profesional en Psicología Sanitaria;Normal;Obligatoria;100.00;100.00;100.00;30;30;30;1.00;29/04/2018
2016;Máster;Psicología General Sanitaria;Teruel;Facultad de Ciencias Sociales y Humanas de Teruel;Metodología aplicada a la Psicología General Sanitaria;Normal;Obligatoria;100.00;100.00;100.00;30;30;30;1.00;29/04/2018
2016;Máster;Psicología General Sanitaria;Teruel;Facultad de Ciencias Sociales y Humanas de Teruel;Entrenamiento en habilidades básicas del Psicólogo General Sanitario;Normal;Obligatoria;100.00;100.00;100.00;30;30;30;1.00;29/04/2018
2016;Máster;Psicología General Sanitaria;Teruel;Facultad de Ciencias Sociales y Humanas de Teruel;Neuropsicología clínica;Normal;Obligatoria;100.00;100.00;100.00;30;30;30;1.00;29/04/2018
2016;Máster;Psicología General Sanitaria;Teruel;Facultad de Ciencias Sociales y Humanas de Teruel;Psicopatología general aplicada a la Psicología General Sanitaria;Normal;Obligatoria;100.00;100.00;100.00;30;30;30;1.00;29/04/2018
2016;Máster;Psicología General Sanitaria;Teruel;Facultad de Ciencias Sociales y Humanas de Teruel;Tratamientos empíricamente validados en problemas de salud;Normal;Obligatoria;100.00;100.00;100.00;30;30;30;1.00;29/04/2018
2016;Máster;Psicología General Sanitaria;Teruel;Facultad de Ciencias Sociales y Humanas de Teruel;Prevención y promoción de la salud;Normal;Obligatoria;100.00;100.00;100.00;30;30;30;1.00;29/04/2018
2016;Máster;Psicología General Sanitaria;Teruel;Facultad de Ciencias Sociales y Humanas de Teruel;Psicofarmacología clínica;Normal;Obligatoria;100.00;100.00;100.00;30;30;30;1.00;29/04/2018
2016;Máster;Psicología General Sanitaria;Teruel;Facultad de Ciencias Sociales y Humanas de Teruel;Análisis de casos clínicos en contextos sanitarios;Normal;Obligatoria;100.00;100.00;100.00;30;30;30;1.00;29/04/2018
2016;Máster;Psicología General Sanitaria;Teruel;Facultad de Ciencias Sociales y Humanas de Teruel;Tratamientos psicológicos empíricamente validados en la infancia y adolescencia;Normal;Obligatoria;100.00;100.00;100.00;30;30;30;1.00;29/04/2018
2016;Máster;Psicología General Sanitaria;Teruel;Facultad de Ciencias Sociales y Humanas de Teruel;Tratamientos psicológicos empíricamente validados en adultos;Normal;Obligatoria;100.00;100.00;100.00;30;30;30;1.00;29/04/2018
2016;Máster;Psicología General Sanitaria;Teruel;Facultad de Ciencias Sociales y Humanas de Teruel;Evaluación y diagnóstico clínico;Normal;Obligatoria;100.00;100.00;100.00;31;31;31;1.03;29/04/2018
2016;Máster;Psicología General Sanitaria;Teruel;Facultad de Ciencias Sociales y Humanas de Teruel;Trastornos del neurodesarrollo;Normal;Optativa;100.00;100.00;100.00;11;11;11;1.00;29/04/2018
2016;Máster;Psicología General Sanitaria;Teruel;Facultad de Ciencias Sociales y Humanas de Teruel;Intervención integral en el ámbito infantojuvenil;Normal;Optativa;100.00;100.00;100.00;28;28;28;1.00;29/04/2018
2016;Máster;Psicología General Sanitaria;Teruel;Facultad de Ciencias Sociales y Humanas de Teruel;Técnicas avanzadas de intervención psicológica;Normal;Optativa;100.00;100.00;100.00;29;29;29;1.00;29/04/2018
2016;Máster;Psicología General Sanitaria;Teruel;Facultad de Ciencias Sociales y Humanas de Teruel;Personalidad, salud y vulnerabilidad a la psicopatología;Normal;Optativa;100.00;100.00;100.00;28;28;28;1.14;29/04/2018
2016;Máster;Psicología General Sanitaria;Teruel;Facultad de Ciencias Sociales y Humanas de Teruel;Envejecimiento, salud y calidad de vida;Normal;Optativa;100.00;100.00;100.00;19;19;19;1.00;29/04/2018
2016;Máster;Psicología General Sanitaria;Teruel;Facultad de Ciencias Sociales y Humanas de Teruel;Neruropsicología del envejecimiento;Normal;Optativa;100.00;100.00;100.00;6;6;6;1.00;29/04/2018
2016;Máster;Psicología General Sanitaria;Teruel;Facultad de Ciencias Sociales y Humanas de Teruel;Prácticas externas;Prácticas externas;Prácticas externas;100.00;96.67;96.67;30;29;29;1.00;29/04/2018
2016;Máster;Psicología General Sanitaria;Teruel;Facultad de Ciencias Sociales y Humanas de Teruel;Trabajo fin de Máster;Trabajo fin de máster;Trabajo fin de máster;100.00;82.76;82.76;29;24;24;1.00;29/04/2018
2016;Máster;Dirección y planificación del turismo;Huesca;Facultad de Empresa y Gestión Pública;Técnicas avanzadas de gestión de la información;Normal;Obligatoria;100.00;100.00;100.00;21;21;21;1.00;29/04/2018
2016;Máster;Dirección y planificación del turismo;Huesca;Facultad de Empresa y Gestión Pública;Gestión de empresas culturales y del medio natural;Normal;Obligatoria;94.12;84.21;89.47;21;18;19;1.00;29/04/2018
2016;Máster;Dirección y planificación del turismo;Huesca;Facultad de Empresa y Gestión Pública;Régimen jurídico de actividades y espacios turísticos;Normal;Obligatoria;88.89;76.19;85.71;21;16;18;1.12;29/04/2018
2016;Máster;Dirección y planificación del turismo;Huesca;Facultad de Empresa y Gestión Pública;Creación de productos turísticos;Normal;Obligatoria;88.24;78.95;89.47;21;17;19;1.11;29/04/2018
2016;Máster;Dirección y planificación del turismo;Huesca;Facultad de Empresa y Gestión Pública;Planificación y gestión del espacio turístico;Normal;Obligatoria;86.67;56.52;65.22;23;13;15;1.23;29/04/2018
2016;Máster;Dirección y planificación del turismo;Huesca;Facultad de Empresa y Gestión Pública;Gestión económica de un destino turístico;Normal;Obligatoria;77.27;77.27;100.00;22;17;22;1.11;29/04/2018
2016;Máster;Dirección y planificación del turismo;Huesca;Facultad de Empresa y Gestión Pública;Prácticas externas;Prácticas externas;Optativa;100.00;45.45;45.45;11;5;5;1.00;29/04/2018
2016;Máster;Dirección y planificación del turismo;Huesca;Facultad de Empresa y Gestión Pública;Habilidades directivas;Normal;Optativa;100.00;100.00;100.00;10;10;10;1.00;29/04/2018
2016;Máster;Dirección y planificación del turismo;Huesca;Facultad de Empresa y Gestión Pública;Inglés turístico;Normal;Optativa;100.00;94.12;94.12;19;18;18;1.00;29/04/2018
2016;Máster;Dirección y planificación del turismo;Huesca;Facultad de Empresa y Gestión Pública;Viabilidad económico - financiera de proyectos turísticos;Normal;Optativa;100.00;100.00;100.00;10;10;10;1.00;29/04/2018
2016;Máster;Dirección y planificación del turismo;Huesca;Facultad de Empresa y Gestión Pública;Turismo de nieve y de montaña;Normal;Optativa;100.00;100.00;100.00;13;13;13;1.00;29/04/2018
2016;Máster;Dirección y planificación del turismo;Huesca;Facultad de Empresa y Gestión Pública;Trabajo fin de máster;Trabajo fin de máster;Trabajo fin de máster;100.00;38.71;38.71;31;12;12;1.00;29/04/2018
2016;Máster;Nutrición animal;Zaragoza;Facultad de Veterinaria;Trabajo fin de Máster;Trabajo fin de máster;Obligatoria;100.00;94.44;94.44;18;17;17;1.00;29/04/2018
2016;Máster;Nutrición animal;Zaragoza;Facultad de Veterinaria;Introducción a la investigación;Normal;Obligatoria;100.00;94.44;94.44;18;17;17;1.00;29/04/2018
2016;Máster;Ingeniería Informática;Zaragoza;Escuela de Ingeniería y Arquitectura;Sistemas inteligentes;Normal;Obligatoria;100.00;75.00;75.00;4;3;3;1.00;29/04/2018
2016;Máster;Ingeniería Informática;Zaragoza;Escuela de Ingeniería y Arquitectura;Calidad en el desarrollo de software, servicios de infraestructuras TI;Normal;Obligatoria;100.00;80.00;80.00;10;8;8;1.00;29/04/2018
2016;Máster;Ingeniería Informática;Zaragoza;Escuela de Ingeniería y Arquitectura;Computación de altas prestaciones;Normal;Obligatoria;85.71;66.67;77.78;9;6;7;1.17;29/04/2018
2016;Máster;Ingeniería Informática;Zaragoza;Escuela de Ingeniería y Arquitectura;Redes y sistemas distribuidos;Normal;Obligatoria;100.00;66.67;66.67;6;4;4;1.00;29/04/2018
2016;Máster;Ingeniería Informática;Zaragoza;Escuela de Ingeniería y Arquitectura;Administración y dirección estratégica de empresas;Normal;Obligatoria;100.00;80.00;80.00;5;4;4;1.00;29/04/2018
2016;Máster;Ingeniería Informática;Zaragoza;Escuela de Ingeniería y Arquitectura;Manipulación y análisis de grandes volúmenes de datos;Normal;Obligatoria;100.00;83.33;83.33;6;5;5;1.00;29/04/2018
2016;Máster;Ingeniería Informática;Zaragoza;Escuela de Ingeniería y Arquitectura;Sistemas empotrados ubicuos;Normal;Obligatoria;100.00;81.82;81.82;11;9;9;1.00;29/04/2018
2016;Máster;Ingeniería Informática;Zaragoza;Escuela de Ingeniería y Arquitectura;Tecnologías y modelos para el desarrollo de aplicaciones distribuidas;Normal;Obligatoria;100.00;80.00;80.00;5;4;4;1.00;29/04/2018
2016;Máster;Ingeniería Informática;Zaragoza;Escuela de Ingeniería y Arquitectura;Computación gráfica-entornos inmersivos-multimedia;Normal;Obligatoria;100.00;77.78;77.78;9;7;7;1.29;29/04/2018
2016;Máster;Ingeniería Informática;Zaragoza;Escuela de Ingeniería y Arquitectura;Gestión a la innovación en tecnologías de la información;Normal;Obligatoria;100.00;90.91;90.91;11;10;10;1.00;29/04/2018
2016;Máster;Ingeniería Informática;Zaragoza;Escuela de Ingeniería y Arquitectura;Prácticas 1;Prácticas externas;Optativa;100.00;100.00;100.00;3;3;3;1.00;29/04/2018
2016;Máster;Ingeniería Informática;Zaragoza;Escuela de Ingeniería y Arquitectura;Prácticas 2;Prácticas externas;Optativa;100.00;100.00;100.00;3;3;3;1.00;29/04/2018
2016;Máster;Ingeniería Informática;Zaragoza;Escuela de Ingeniería y Arquitectura;Prácticas 3;Prácticas externas;Optativa;100.00;100.00;100.00;2;2;2;1.00;29/04/2018
2016;Máster;Ingeniería Informática;Zaragoza;Escuela de Ingeniería y Arquitectura;Trabajo fin de Máster;Trabajo fin de máster;Trabajo fin de máster;100.00;50.00;50.00;6;3;3;1.00;29/04/2018
2016;Máster;Ingeniería Informática;Zaragoza;Escuela de Ingeniería y Arquitectura;Machine learning for Big Data;Normal;Optativa;100.00;100.00;100.00;3;3;3;1.00;29/04/2018
2016;Máster;Ingeniería Informática;Zaragoza;Escuela de Ingeniería y Arquitectura;Sistemas bioinspirados e ingeniería de sistemas complejos;Normal;Optativa;100.00;87.50;87.50;8;7;7;1.00;29/04/2018
2016;Máster;Ingeniería Informática;Zaragoza;Escuela de Ingeniería y Arquitectura;Análisis avanzado de datos;Normal;Optativa;100.00;85.71;85.71;7;6;6;1.00;29/04/2018
2016;Máster;Estudios Avanzados sobre el Lenguaje, la Comunicación y sus Patologías;Huesca;Facultad de Ciencias Humanas y de la Educación;Bases biológicas del lenguaje;Normal;Optativa;100.00;100.00;100.00;5;5;5;1.00;29/04/2018
2016;Máster;Estudios Avanzados sobre el Lenguaje, la Comunicación y sus Patologías;Huesca;Facultad de Ciencias Humanas y de la Educación;La evaluación psicológica de las alteraciones del lenguaje y la comunicación;Normal;Optativa;100.00;100.00;100.00;7;7;7;1.00;29/04/2018
2016;Máster;Estudios Avanzados sobre el Lenguaje, la Comunicación y sus Patologías;Huesca;Facultad de Ciencias Humanas y de la Educación;Métodos y diseños en la investigación del lenguaje;Normal;Obligatoria;100.00;100.00;100.00;20;20;20;1.00;29/04/2018
2016;Máster;Estudios Avanzados sobre el Lenguaje, la Comunicación y sus Patologías;Huesca;Facultad de Ciencias Humanas y de la Educación;Evaluación de los problemas de comunicación y lenguaje en el T.E.A.;Normal;Optativa;100.00;100.00;100.00;15;15;15;1.00;29/04/2018
2016;Máster;Estudios Avanzados sobre el Lenguaje, la Comunicación y sus Patologías;Huesca;Facultad de Ciencias Humanas y de la Educación;Evaluación de los trastornos del lenguaje y audición desde la práctica clínica;Normal;Optativa;100.00;100.00;100.00;2;2;2;1.00;29/04/2018
2016;Máster;Estudios Avanzados sobre el Lenguaje, la Comunicación y sus Patologías;Huesca;Facultad de Ciencias Humanas y de la Educación;Propuestas de evaluación y diagnóstico de las dificultades en el aprendizaje de la lectura y escritura. El caso de la di;Normal;Optativa;100.00;100.00;100.00;8;8;8;1.00;29/04/2018
2016;Máster;Estudios Avanzados sobre el Lenguaje, la Comunicación y sus Patologías;Huesca;Facultad de Ciencias Humanas y de la Educación;Intervención en las alteraciones del lenguaje, habla, audición y voz: de la teoría a la práctica clínica;Normal;Obligatoria;100.00;100.00;100.00;20;20;20;1.00;29/04/2018
2016;Máster;Estudios Avanzados sobre el Lenguaje, la Comunicación y sus Patologías;Huesca;Facultad de Ciencias Humanas y de la Educación;Intervenc. en los problemas de comunicación y lenguaje en T.E.A. y algunas propuestas informáticas para la intervención;Normal;Optativa;100.00;100.00;100.00;12;12;12;1.00;29/04/2018
2016;Máster;Estudios Avanzados sobre el Lenguaje, la Comunicación y sus Patologías;Huesca;Facultad de Ciencias Humanas y de la Educación;Intervención en las alteraciones del aprendizaje de la lecto-escritura y aportaciones de las TIC;Normal;Optativa;100.00;100.00;100.00;1;1;1;1.00;29/04/2018
2016;Máster;Estudios Avanzados sobre el Lenguaje, la Comunicación y sus Patologías;Huesca;Facultad de Ciencias Humanas y de la Educación;El papel del contexto familiar en el tratamiento de las alteraciones de la comunicación y el lenguaje;Normal;Optativa;100.00;100.00;100.00;8;8;8;1.00;29/04/2018
2016;Máster;Estudios Avanzados sobre el Lenguaje, la Comunicación y sus Patologías;Huesca;Facultad de Ciencias Humanas y de la Educación;Practicum;Prácticas externas;Prácticas externas;100.00;100.00;100.00;21;21;21;1.05;29/04/2018
2016;Máster;Estudios Avanzados sobre el Lenguaje, la Comunicación y sus Patologías;Huesca;Facultad de Ciencias Humanas y de la Educación;Trabajo fin de Máster;Trabajo fin de máster;Trabajo fin de máster;100.00;95.83;95.83;24;23;23;1.00;29/04/2018
2016;Máster;Estudios Avanzados sobre el Lenguaje, la Comunicación y sus Patologías;Huesca;Facultad de Ciencias Humanas y de la Educación;Psicopatología del lenguaje y trastornos en el desarrollo del lenguaje de la comunicación;Normal;Obligatoria;100.00;100.00;100.00;20;20;20;1.00;29/04/2018
2016;Máster;Estudios Avanzados sobre el Lenguaje, la Comunicación y sus Patologías;Huesca;Facultad de Ciencias Humanas y de la Educación;Neurología del lenguaje;Normal;Optativa;100.00;100.00;100.00;5;5;5;1.00;29/04/2018
2016;Máster;Estudios Avanzados sobre el Lenguaje, la Comunicación y sus Patologías;Huesca;Facultad de Ciencias Humanas y de la Educación;El análisis de los discursos narrativos en las relaciones de apego;Normal;Optativa;100.00;100.00;100.00;6;6;6;1.00;29/04/2018
2016;Máster;Estudios Avanzados sobre el Lenguaje, la Comunicación y sus Patologías;Huesca;Facultad de Ciencias Humanas y de la Educación;El proceso de investigación en las dificultades del lenguaje: Orientaciones para el TFM;Normal;Optativa;100.00;100.00;100.00;7;7;7;1.00;29/04/2018
2016;Máster;Estudios Avanzados sobre el Lenguaje, la Comunicación y sus Patologías;Huesca;Facultad de Ciencias Humanas y de la Educación;El proceso de la investigación cualitativa en los estudios sobre el lenguaje, la comunicación y sus patologías;Normal;Optativa;100.00;100.00;100.00;4;4;4;1.00;29/04/2018
2016;Máster;Estudios Avanzados sobre el Lenguaje, la Comunicación y sus Patologías;Huesca;Facultad de Ciencias Humanas y de la Educación;La evaluación del desarrollo del lenguaje y la comunicación;Normal;Obligatoria;100.00;100.00;100.00;20;20;20;1.00;29/04/2018
2016;Máster;Estudios Avanzados sobre el Lenguaje, la Comunicación y sus Patologías;Huesca;Facultad de Ciencias Humanas y de la Educación;Técnicas e higiene vocal para el uso correcto de la voz;Normal;Optativa;100.00;100.00;100.00;4;4;4;1.00;29/04/2018
2016;Máster;Estudios Avanzados sobre el Lenguaje, la Comunicación y sus Patologías;Huesca;Facultad de Ciencias Humanas y de la Educación;Evaluación de los procesos cognitivo-lingüísticos implicados en el aprendizaje lecto-escritor;Normal;Obligatoria;100.00;100.00;100.00;20;20;20;1.00;29/04/2018
2016;Máster;Estudios Avanzados sobre el Lenguaje, la Comunicación y sus Patologías;Huesca;Facultad de Ciencias Humanas y de la Educación;Evaluación de la lectura en sordos. Hacia una educación inclusiva;Normal;Optativa;100.00;100.00;100.00;5;5;5;1.00;29/04/2018
2016;Máster;Estudios Avanzados sobre el Lenguaje, la Comunicación y sus Patologías;Huesca;Facultad de Ciencias Humanas y de la Educación;La intervención en trastornos específicos y derivados de otros procesos y alteraciones;Normal;Optativa;100.00;100.00;100.00;5;5;5;1.00;29/04/2018
2016;Máster;Estudios Avanzados sobre el Lenguaje, la Comunicación y sus Patologías;Huesca;Facultad de Ciencias Humanas y de la Educación;Prevención de las dificultades lecto-escritoras en el ámbito educativo;Normal;Obligatoria;100.00;100.00;100.00;20;20;20;1.00;29/04/2018
2016;Máster;Ingeniería de Diseño de Producto;Zaragoza;Escuela de Ingeniería y Arquitectura;Diseño de servicios;Normal;Obligatoria;100.00;100.00;100.00;12;12;12;1.00;29/04/2018
2016;Máster;Ingeniería de Diseño de Producto;Zaragoza;Escuela de Ingeniería y Arquitectura;Dirección de la creatividad en el entorno profesional;Normal;Obligatoria;100.00;100.00;100.00;12;12;12;1.00;29/04/2018
2016;Máster;Ingeniería de Diseño de Producto;Zaragoza;Escuela de Ingeniería y Arquitectura;Diseño y contexto social;Normal;Obligatoria;100.00;100.00;100.00;12;12;12;1.00;29/04/2018
2016;Máster;Ingeniería de Diseño de Producto;Zaragoza;Escuela de Ingeniería y Arquitectura;Desarrollo avanzado de producto;Normal;Obligatoria;100.00;100.00;100.00;13;13;13;1.00;29/04/2018
2016;Máster;Ingeniería de Diseño de Producto;Zaragoza;Escuela de Ingeniería y Arquitectura;Comunicación y presentación de producto;Normal;Obligatoria;100.00;92.86;92.86;14;13;13;1.00;29/04/2018
2016;Máster;Ingeniería de Diseño de Producto;Zaragoza;Escuela de Ingeniería y Arquitectura;Trabajo fin de Máster;Trabajo fin de máster;Trabajo fin de máster;100.00;66.67;66.67;18;12;12;1.00;29/04/2018
2016;Máster;Ingeniería de Diseño de Producto;Zaragoza;Escuela de Ingeniería y Arquitectura;Prácticas en empresas I;Prácticas externas;Optativa;100.00;100.00;100.00;1;1;1;1.00;29/04/2018
2016;Máster;Ingeniería de Diseño de Producto;Zaragoza;Escuela de Ingeniería y Arquitectura;Prácticas en empresas II;Prácticas externas;Optativa;100.00;100.00;100.00;6;6;6;1.00;29/04/2018
2016;Máster;Ingeniería de Diseño de Producto;Zaragoza;Escuela de Ingeniería y Arquitectura;Diseño y valor cultural;Normal;Optativa;100.00;100.00;100.00;5;5;5;1.00;29/04/2018
2016;Máster;Ingeniería de Diseño de Producto;Zaragoza;Escuela de Ingeniería y Arquitectura;Internet para las cosas;Normal;Optativa;100.00;100.00;100.00;6;6;6;1.00;29/04/2018
2016;Máster;Ingeniería de Diseño de Producto;Zaragoza;Escuela de Ingeniería y Arquitectura;Diseño de interacción digital;Normal;Optativa;100.00;100.00;100.00;6;6;6;1.00;29/04/2018
2016;Máster;Ingeniería de Diseño de Producto;Zaragoza;Escuela de Ingeniería y Arquitectura;Diseño de producto y percepción del usuario;Normal;Optativa;100.00;100.00;100.00;10;10;10;1.00;29/04/2018
2016;Máster;Ingeniería de Diseño de Producto;Zaragoza;Escuela de Ingeniería y Arquitectura;Modelado 3D con smart geometry;Normal;Optativa;100.00;100.00;100.00;3;3;3;1.00;29/04/2018
2016;Máster;Ingeniería de Diseño de Producto;Zaragoza;Escuela de Ingeniería y Arquitectura;Diseño para fabricación aditiva;Normal;Optativa;100.00;100.00;100.00;3;3;3;1.00;29/04/2018
2016;Máster;Ingeniería de Diseño de Producto;Zaragoza;Escuela de Ingeniería y Arquitectura;Mejora de diseño con técnicas de calidad;Normal;Optativa;100.00;100.00;100.00;4;4;4;1.00;29/04/2018
2016;Máster;Ingeniería de Diseño de Producto;Zaragoza;Escuela de Ingeniería y Arquitectura;Diseño para la sostenibilidad;Normal;Optativa;;;;1;1;1;1.00;29/04/2018
2016;Máster;Calidad, Seguridad y Tecnología de los Alimentos;Zaragoza;Facultad de Veterinaria;Escritura de textos académicos científicos en lengua inglesa;Normal;Obligatoria;100.00;100.00;100.00;22;22;22;1.00;29/04/2018
2016;Máster;Calidad, Seguridad y Tecnología de los Alimentos;Zaragoza;Facultad de Veterinaria;Elaboración de proyectos, presentación y comunicación de resultados;Normal;Obligatoria;100.00;95.45;95.45;22;21;21;1.00;29/04/2018
2016;Máster;Calidad, Seguridad y Tecnología de los Alimentos;Zaragoza;Facultad de Veterinaria;Fuentes de información y su aplicación al aseguramiento de la calidad de metodologías analíticas;Normal;Obligatoria;100.00;95.65;95.65;23;22;22;1.00;29/04/2018
2016;Máster;Calidad, Seguridad y Tecnología de los Alimentos;Zaragoza;Facultad de Veterinaria;Técnicas estadísticas, diseño de experimentos y modelización;Normal;Obligatoria;100.00;95.45;95.45;22;21;21;1.00;29/04/2018
2016;Máster;Calidad, Seguridad y Tecnología de los Alimentos;Zaragoza;Facultad de Veterinaria;Análisis sensorial de los alimentos;Normal;Optativa;100.00;100.00;100.00;10;10;10;1.00;29/04/2018
2016;Máster;Calidad, Seguridad y Tecnología de los Alimentos;Zaragoza;Facultad de Veterinaria;Detección y valoración de compuestos antimicrobianos en los alimentos;Normal;Optativa;100.00;100.00;100.00;15;15;15;1.00;29/04/2018
2016;Máster;Calidad, Seguridad y Tecnología de los Alimentos;Zaragoza;Facultad de Veterinaria;Enzimología alimentaria;Normal;Optativa;100.00;100.00;100.00;5;5;5;1.00;29/04/2018
2016;Máster;Calidad, Seguridad y Tecnología de los Alimentos;Zaragoza;Facultad de Veterinaria;Herramientas moleculares para la ciencia de los alimentos;Normal;Optativa;100.00;100.00;100.00;11;11;11;1.00;29/04/2018
2016;Máster;Calidad, Seguridad y Tecnología de los Alimentos;Zaragoza;Facultad de Veterinaria;Investigación de microorganismos en alimentos, agua y ambiente: técnicas tradicionales y moleculares;Normal;Optativa;100.00;100.00;100.00;13;13;13;1.00;29/04/2018
2016;Máster;Calidad, Seguridad y Tecnología de los Alimentos;Zaragoza;Facultad de Veterinaria;Investigación de mohos y micotoxinas en alimentos;Normal;Optativa;100.00;100.00;100.00;13;13;13;1.00;29/04/2018
2016;Máster;Calidad, Seguridad y Tecnología de los Alimentos;Zaragoza;Facultad de Veterinaria;Metodología para el estudio de  la inactivación y supervivencia microbiana;Normal;Optativa;100.00;100.00;100.00;11;11;11;1.00;29/04/2018
2016;Máster;Calidad, Seguridad y Tecnología de los Alimentos;Zaragoza;Facultad de Veterinaria;Metodología para la evaluación de los riesgos alimentarios;Normal;Optativa;100.00;100.00;100.00;9;9;9;1.00;29/04/2018
2016;Máster;Calidad, Seguridad y Tecnología de los Alimentos;Zaragoza;Facultad de Veterinaria;Reología y análisis de la textura de los alimentos;Normal;Optativa;100.00;100.00;100.00;9;9;9;1.00;29/04/2018
2016;Máster;Calidad, Seguridad y Tecnología de los Alimentos;Zaragoza;Facultad de Veterinaria;Técnicas inmunoquímicas aplicadas al control de calidad de los alimentos;Normal;Optativa;100.00;100.00;100.00;10;10;10;1.00;29/04/2018
2016;Máster;Calidad, Seguridad y Tecnología de los Alimentos;Zaragoza;Facultad de Veterinaria;Avances en la tecnología de los alimentos de origen vegetal;Normal;Optativa;100.00;87.50;87.50;8;7;7;1.00;29/04/2018
2016;Máster;Calidad, Seguridad y Tecnología de los Alimentos;Zaragoza;Facultad de Veterinaria;Avances y control de calidad de la carne y el pescado;Normal;Optativa;100.00;88.89;88.89;9;8;8;1.00;29/04/2018
2016;Máster;Calidad, Seguridad y Tecnología de los Alimentos;Zaragoza;Facultad de Veterinaria;Avances en la tecnología y el control de calidad de los productos lácteos;Normal;Optativa;100.00;88.89;88.89;9;8;8;1.00;29/04/2018
2016;Máster;Calidad, Seguridad y Tecnología de los Alimentos;Zaragoza;Facultad de Veterinaria;Avances en nutrición, alimentación y salud;Normal;Optativa;100.00;90.91;90.91;11;10;10;1.00;29/04/2018
2016;Máster;Calidad, Seguridad y Tecnología de los Alimentos;Zaragoza;Facultad de Veterinaria;Nuevas herramientas en seguridad alimentaria;Normal;Optativa;100.00;100.00;100.00;10;10;10;1.00;29/04/2018
2016;Máster;Calidad, Seguridad y Tecnología de los Alimentos;Zaragoza;Facultad de Veterinaria;Nuevas tecnologías de procesado de los alimentos;Normal;Optativa;100.00;100.00;100.00;11;11;11;1.00;29/04/2018
2016;Máster;Calidad, Seguridad y Tecnología de los Alimentos;Zaragoza;Facultad de Veterinaria;Peligros emergentes en la cadena alimentaria;Normal;Optativa;100.00;90.00;90.00;10;9;9;1.00;29/04/2018
2016;Máster;Calidad, Seguridad y Tecnología de los Alimentos;Zaragoza;Facultad de Veterinaria;Trabajo fin de Máster;Trabajo fin de máster;Trabajo fin de máster;100.00;82.61;82.61;23;19;19;1.00;29/04/2018
2016;Máster;Literaturas Hispánicas y Lengua Española: Tradición e Identidades;Zaragoza;Facultad de Filosofía y Letras;Tradición y canon en las literaturas hispánicas;Normal;Obligatoria;100.00;100.00;100.00;4;4;4;1.00;29/04/2018
2016;Máster;Literaturas Hispánicas y Lengua Española: Tradición e Identidades;Zaragoza;Facultad de Filosofía y Letras;Iniciación a la Investigación de la Literatura Española e Hispanoamericana;Normal;Obligatoria;100.00;100.00;100.00;4;4;4;1.00;29/04/2018
2016;Máster;Literaturas Hispánicas y Lengua Española: Tradición e Identidades;Zaragoza;Facultad de Filosofía y Letras;Iniciación a la Investigación en Lengua Española;Normal;Obligatoria;100.00;100.00;100.00;5;5;5;1.00;29/04/2018
2016;Máster;Literaturas Hispánicas y Lengua Española: Tradición e Identidades;Zaragoza;Facultad de Filosofía y Letras;La historia de la lengua española en sus textos;Normal;Obligatoria;100.00;100.00;100.00;3;3;3;1.00;29/04/2018
2016;Máster;Literaturas Hispánicas y Lengua Española: Tradición e Identidades;Zaragoza;Facultad de Filosofía y Letras;Literaturas hispánicas e identidades nacionales;Normal;Optativa;100.00;100.00;100.00;3;3;3;1.00;29/04/2018
2016;Máster;Literaturas Hispánicas y Lengua Española: Tradición e Identidades;Zaragoza;Facultad de Filosofía y Letras;Lengua e identidades nacionales en el mundo hispánico;Normal;Optativa;100.00;100.00;100.00;2;2;2;1.00;29/04/2018
2016;Máster;Literaturas Hispánicas y Lengua Española: Tradición e Identidades;Zaragoza;Facultad de Filosofía y Letras;La edición de textos literarios hispánicos. Teoría y práctica;Normal;Optativa;100.00;100.00;100.00;1;1;1;1.00;29/04/2018
2016;Máster;Literaturas Hispánicas y Lengua Española: Tradición e Identidades;Zaragoza;Facultad de Filosofía y Letras;Literatura e imagen: del grabado al cine;Normal;Optativa;100.00;100.00;100.00;3;3;3;1.00;29/04/2018
2016;Máster;Literaturas Hispánicas y Lengua Española: Tradición e Identidades;Zaragoza;Facultad de Filosofía y Letras;Literaturas hispánicas y mundo editorial;Normal;Optativa;100.00;100.00;100.00;2;2;2;1.00;29/04/2018
2016;Máster;Literaturas Hispánicas y Lengua Española: Tradición e Identidades;Zaragoza;Facultad de Filosofía y Letras;Gramática y norma en el español actual;Normal;Optativa;;;;0;0;0;1.00;29/04/2018
2016;Máster;Literaturas Hispánicas y Lengua Española: Tradición e Identidades;Zaragoza;Facultad de Filosofía y Letras;Pragmática y contextos de uso del español en el ámbito hispánico;Normal;Optativa;100.00;100.00;100.00;1;1;1;1.00;29/04/2018
2016;Máster;Literaturas Hispánicas y Lengua Española: Tradición e Identidades;Zaragoza;Facultad de Filosofía y Letras;Lenguas y tradiciones lingüísticas en el ámbito pirenaico;Normal;Optativa;100.00;100.00;100.00;2;2;2;1.00;29/04/2018
2016;Máster;Literaturas Hispánicas y Lengua Española: Tradición e Identidades;Zaragoza;Facultad de Filosofía y Letras;Trabajo fin de Máster;Trabajo fin de máster;Trabajo fin de máster;100.00;50.00;50.00;4;2;2;1.00;29/04/2018
2016;Máster;Consultoría de Información y Comunicación Digital;Zaragoza;Facultad de Filosofía y Letras;Gestión de proyectos en información y comunicación;Normal;Obligatoria;100.00;89.47;89.47;19;17;17;1.00;29/04/2018
2016;Máster;Consultoría de Información y Comunicación Digital;Zaragoza;Facultad de Filosofía y Letras;Métodos de análisis en información y comunicación;Normal;Obligatoria;93.33;77.78;83.33;18;14;15;1.07;29/04/2018
2016;Máster;Consultoría de Información y Comunicación Digital;Zaragoza;Facultad de Filosofía y Letras;Tecnologías de Información y Comunicación;Normal;Obligatoria;100.00;88.24;88.24;17;15;15;1.00;29/04/2018
2016;Máster;Consultoría de Información y Comunicación Digital;Zaragoza;Facultad de Filosofía y Letras;Sistemas de gestión de documentos;Normal;Obligatoria;100.00;94.44;94.44;18;17;17;1.00;29/04/2018
2016;Máster;Consultoría de Información y Comunicación Digital;Zaragoza;Facultad de Filosofía y Letras;Gestión de la comunicación estratégica;Normal;Obligatoria;100.00;83.33;83.33;18;15;15;1.00;29/04/2018
2016;Máster;Consultoría de Información y Comunicación Digital;Zaragoza;Facultad de Filosofía y Letras;Usos y consumos de información digital;Normal;Optativa;100.00;100.00;100.00;2;2;2;1.00;29/04/2018
2016;Máster;Consultoría de Información y Comunicación Digital;Zaragoza;Facultad de Filosofía y Letras;Evaluación de herramientas para la gestión de la información;Normal;Optativa;100.00;75.00;75.00;4;3;3;1.00;29/04/2018
2016;Máster;Consultoría de Información y Comunicación Digital;Zaragoza;Facultad de Filosofía y Letras;Auditoría de recursos de información;Normal;Optativa;100.00;80.00;80.00;5;4;4;1.00;29/04/2018
2016;Máster;Consultoría de Información y Comunicación Digital;Zaragoza;Facultad de Filosofía y Letras;Inteligencia estratégica y competitiva;Normal;Optativa;100.00;50.00;50.00;2;1;1;1.00;29/04/2018
2016;Máster;Consultoría de Información y Comunicación Digital;Zaragoza;Facultad de Filosofía y Letras;Gestión de contenidos, comunidades y redes sociales;Normal;Optativa;100.00;92.31;92.31;13;12;12;1.00;29/04/2018
2016;Máster;Consultoría de Información y Comunicación Digital;Zaragoza;Facultad de Filosofía y Letras;Marca corporativa digital;Normal;Optativa;100.00;84.62;84.62;13;11;11;1.00;29/04/2018
2016;Máster;Consultoría de Información y Comunicación Digital;Zaragoza;Facultad de Filosofía y Letras;Relaciones con los medios de comunicación;Normal;Optativa;100.00;100.00;100.00;9;9;9;1.00;29/04/2018
2016;Máster;Consultoría de Información y Comunicación Digital;Zaragoza;Facultad de Filosofía y Letras;Organización de eventos y protocolo.;Normal;Optativa;100.00;100.00;100.00;7;7;7;1.00;29/04/2018
2016;Máster;Consultoría de Información y Comunicación Digital;Zaragoza;Facultad de Filosofía y Letras;Prácticas externas;Prácticas externas;Prácticas externas;100.00;88.89;88.89;9;8;8;1.00;29/04/2018
2016;Máster;Consultoría de Información y Comunicación Digital;Zaragoza;Facultad de Filosofía y Letras;Trabajo fin de Máster;Trabajo fin de máster;Trabajo fin de máster;100.00;52.94;52.94;17;9;9;1.00;29/04/2018
2016;Máster;Aprendizaje a lo largo de la vida: Iniciación a la investigación;Zaragoza;Facultad de Educación;Fundamentación epistemológica y producción de conocimiento científico;Normal;Obligatoria;100.00;93.75;93.75;16;15;15;1.00;29/04/2018
2016;Máster;Aprendizaje a lo largo de la vida: Iniciación a la investigación;Zaragoza;Facultad de Educación;Diseño de investigación educativa I;Normal;Obligatoria;92.86;81.25;87.50;16;13;14;1.06;29/04/2018
2016;Máster;Aprendizaje a lo largo de la vida: Iniciación a la investigación;Zaragoza;Facultad de Educación;Diseño de investigación educativa II;Normal;Obligatoria;92.86;81.25;87.50;16;13;14;1.00;29/04/2018
2016;Máster;Aprendizaje a lo largo de la vida: Iniciación a la investigación;Zaragoza;Facultad de Educación;Tendencias en investigación educativa;Normal;Obligatoria;100.00;87.50;87.50;16;14;14;1.00;29/04/2018
2016;Máster;Aprendizaje a lo largo de la vida: Iniciación a la investigación;Zaragoza;Facultad de Educación;Trabajo fin de máster;Trabajo fin de máster;Trabajo fin de máster;100.00;76.92;76.92;13;10;10;1.00;29/04/2018
2016;Máster;Aprendizaje a lo largo de la vida: Iniciación a la investigación;Zaragoza;Facultad de Educación;Documentación y comunicación de resultados de investigación;Normal;Optativa;100.00;100.00;100.00;9;9;9;1.00;29/04/2018
2016;Máster;Aprendizaje a lo largo de la vida: Iniciación a la investigación;Zaragoza;Facultad de Educación;Profundización en documentación y comunicación de resultados de investigación;Normal;Optativa;100.00;100.00;100.00;7;7;7;1.00;29/04/2018
2016;Máster;Aprendizaje a lo largo de la vida: Iniciación a la investigación;Zaragoza;Facultad de Educación;Alfabetización en ciencias experimentales y matemáticas: enfoques de investigación educativa;Normal;Optativa;100.00;100.00;100.00;2;2;2;1.00;29/04/2018
2016;Máster;Aprendizaje a lo largo de la vida: Iniciación a la investigación;Zaragoza;Facultad de Educación;Competencias del formador;Normal;Optativa;100.00;87.50;87.50;8;7;7;1.00;29/04/2018
2016;Máster;Aprendizaje a lo largo de la vida: Iniciación a la investigación;Zaragoza;Facultad de Educación;Desarrollo social y personal: investigación sobre inteligencia emocional y optimismo;Normal;Optativa;100.00;100.00;100.00;14;14;14;1.00;29/04/2018
2016;Máster;Aprendizaje a lo largo de la vida: Iniciación a la investigación;Zaragoza;Facultad de Educación;Identidad y diversidad: creación de identidades culturales;Normal;Optativa;100.00;100.00;100.00;13;13;13;1.00;29/04/2018
2016;Máster;Aprendizaje a lo largo de la vida: Iniciación a la investigación;Zaragoza;Facultad de Educación;La formación de lectores. Modelos de investigación;Normal;Optativa;100.00;100.00;100.00;6;6;6;1.00;29/04/2018
2016;Máster;Aprendizaje a lo largo de la vida: Iniciación a la investigación;Zaragoza;Facultad de Educación;Nuevas realidades en educación no formal e informal;Normal;Optativa;100.00;100.00;100.00;6;6;6;1.00;29/04/2018
2016;Máster;Aprendizaje a lo largo de la vida: Iniciación a la investigación;Zaragoza;Facultad de Educación;Optimización de las competencias en el desarrollo infantil y juvenil;Normal;Optativa;100.00;100.00;100.00;4;4;4;1.00;29/04/2018
2016;Máster;Aprendizaje a lo largo de la vida: Iniciación a la investigación;Zaragoza;Facultad de Educación;Planificación y evaluación de las enseñanzas. Perspectivas innovadoras;Normal;Optativa;100.00;100.00;100.00;3;3;3;1.00;29/04/2018
2016;Máster;Aprendizaje a lo largo de la vida: Iniciación a la investigación;Zaragoza;Facultad de Educación;Análisis de materiales educativos digitales;Normal;Optativa;100.00;87.50;87.50;8;7;7;1.00;29/04/2018
2016;Máster;Aprendizaje a lo largo de la vida: Iniciación a la investigación;Zaragoza;Facultad de Educación;Educación física, promoción de la actividad física y calidad de vida;Normal;Optativa;100.00;100.00;100.00;8;8;8;1.00;29/04/2018
2016;Máster;Aprendizaje a lo largo de la vida: Iniciación a la investigación;Zaragoza;Facultad de Educación;Educación lingüística en una sociedad plurilingüe;Normal;Optativa;100.00;66.67;66.67;3;2;2;1.00;29/04/2018
2016;Máster;Aprendizaje a lo largo de la vida: Iniciación a la investigación;Zaragoza;Facultad de Educación;El desarrollo del lenguaje oral y escrito. Investigación en evaluación e intervención educativa;Normal;Optativa;100.00;100.00;100.00;6;6;6;1.00;29/04/2018
2016;Máster;Aprendizaje a lo largo de la vida: Iniciación a la investigación;Zaragoza;Facultad de Educación;E-learning;Normal;Optativa;100.00;75.00;75.00;8;6;6;1.00;29/04/2018
2016;Máster;Aprendizaje a lo largo de la vida: Iniciación a la investigación;Zaragoza;Facultad de Educación;Investigación en didáctica de la expresión artística;Normal;Optativa;100.00;100.00;100.00;4;4;4;1.00;29/04/2018
2016;Máster;Aprendizaje a lo largo de la vida: Iniciación a la investigación;Zaragoza;Facultad de Educación;Investigación en interacción didáctica;Normal;Optativa;100.00;80.00;80.00;5;4;4;1.00;29/04/2018
2016;Máster;Aprendizaje a lo largo de la vida: Iniciación a la investigación;Zaragoza;Facultad de Educación;Políticas y prácticas de inclusión;Normal;Optativa;100.00;75.00;75.00;4;3;3;1.00;29/04/2018
2016;Máster;Gestión Administrativa;Zaragoza;Facultad de Derecho;Derecho Constitucional;Normal;Obligatoria;100.00;100.00;100.00;12;12;12;1.00;29/04/2018
2016;Máster;Gestión Administrativa;Zaragoza;Facultad de Derecho;Gestión y sistema penal;Normal;Obligatoria;100.00;100.00;100.00;12;12;12;1.00;29/04/2018
2016;Máster;Gestión Administrativa;Zaragoza;Facultad de Derecho;Derecho Administrativo y Corporativo;Normal;Obligatoria;100.00;100.00;100.00;12;12;12;1.00;29/04/2018
2016;Máster;Gestión Administrativa;Zaragoza;Facultad de Derecho;Derecho Fiscal;Normal;Obligatoria;100.00;100.00;100.00;12;12;12;1.00;29/04/2018
2016;Máster;Gestión Administrativa;Zaragoza;Facultad de Derecho;La dinámica del Derecho civil en el ámbito personal y familiar;Normal;Obligatoria;100.00;100.00;100.00;12;12;12;1.00;29/04/2018
2016;Máster;Gestión Administrativa;Zaragoza;Facultad de Derecho;Derecho Civil Patrimonial;Normal;Obligatoria;100.00;100.00;100.00;12;12;12;1.00;29/04/2018
2016;Máster;Gestión Administrativa;Zaragoza;Facultad de Derecho;Regulación mercantil aplicada a la actividad de gestión administrativa de la empresa;Normal;Obligatoria;100.00;100.00;100.00;12;12;12;1.00;29/04/2018
2016;Máster;Gestión Administrativa;Zaragoza;Facultad de Derecho;Derecho Laboral;Normal;Obligatoria;100.00;100.00;100.00;12;12;12;1.00;29/04/2018
2016;Máster;Gestión Administrativa;Zaragoza;Facultad de Derecho;Prácticas externas;Prácticas externas;Prácticas externas;100.00;100.00;100.00;12;12;12;1.00;29/04/2018
2016;Máster;Gestión Administrativa;Zaragoza;Facultad de Derecho;Trabajo fin de Máster;Trabajo fin de máster;Trabajo fin de máster;100.00;91.67;91.67;12;11;11;1.00;29/04/2018
2016;Máster;Biología Molecular y Celular;Zaragoza;Facultad de Ciencias;Trabajo fin de Máster;Trabajo fin de máster;Trabajo fin de máster;100.00;100.00;100.00;26;26;26;1.00;29/04/2018
2016;Máster;Biología Molecular y Celular;Zaragoza;Facultad de Ciencias;Avances en Patología Molecular;Normal;Optativa;100.00;100.00;100.00;6;6;6;1.00;29/04/2018
2016;Máster;Biología Molecular y Celular;Zaragoza;Facultad de Ciencias;Genómica funcional;Normal;Optativa;100.00;100.00;100.00;15;15;15;1.00;29/04/2018
2016;Máster;Biología Molecular y Celular;Zaragoza;Facultad de Ciencias;Inmunología avanzada;Normal;Optativa;100.00;92.86;92.86;14;13;13;1.00;29/04/2018
2016;Máster;Biología Molecular y Celular;Zaragoza;Facultad de Ciencias;Separación Celular. Estudio de viabilidad celular;Normal;Optativa;100.00;94.44;94.44;18;17;17;1.00;29/04/2018
2016;Máster;Biología Molecular y Celular;Zaragoza;Facultad de Ciencias;Control de calidad y regulación en procesos biotecnológicos;Normal;Obligatoria;100.00;100.00;100.00;25;25;25;1.00;29/04/2018
2016;Máster;Biología Molecular y Celular;Zaragoza;Facultad de Ciencias;Técnicas avanzadas en biofísica;Normal;Obligatoria;100.00;96.15;96.15;26;25;25;1.00;29/04/2018
2016;Máster;Biología Molecular y Celular;Zaragoza;Facultad de Ciencias;Técnicas avanzadas en biología molecular y celular;Normal;Obligatoria;100.00;96.15;96.15;26;25;25;1.04;29/04/2018
2016;Máster;Materiales nanoestructurados para aplicaciones nanotecnológicas;Zaragoza;Facultad de Ciencias;Propiedades fundamentales de los materiales nanoestructurados;Normal;Obligatoria;100.00;100.00;100.00;21;21;21;1.00;29/04/2018
2016;Máster;Materiales nanoestructurados para aplicaciones nanotecnológicas;Zaragoza;Facultad de Ciencias;Caracterización II: Microscopias avanzadas;Normal;Obligatoria;100.00;95.45;95.45;22;21;21;1.00;29/04/2018
2016;Máster;Materiales nanoestructurados para aplicaciones nanotecnológicas;Zaragoza;Facultad de Ciencias;Ejemplos de aplicaciones industriales;Normal;Obligatoria;100.00;100.00;100.00;21;21;21;1.00;29/04/2018
2016;Máster;Materiales nanoestructurados para aplicaciones nanotecnológicas;Zaragoza;Facultad de Ciencias;Ensamblaje y fabricación de nanoestructuras;Normal;Obligatoria;100.00;100.00;100.00;21;21;21;1.00;29/04/2018
2016;Máster;Materiales nanoestructurados para aplicaciones nanotecnológicas;Zaragoza;Facultad de Ciencias;Preparación de materiales nanoestructurados;Normal;Obligatoria;100.00;95.45;95.45;22;21;21;1.00;29/04/2018
2016;Máster;Materiales nanoestructurados para aplicaciones nanotecnológicas;Zaragoza;Facultad de Ciencias;Introducción a la investigación en Nanociencia;Normal;Optativa;100.00;100.00;100.00;11;11;11;1.00;29/04/2018
2016;Máster;Materiales nanoestructurados para aplicaciones nanotecnológicas;Zaragoza;Facultad de Ciencias;Caracterización I: Técnicas físico-químicas;Normal;Obligatoria;100.00;95.45;95.45;22;21;21;1.00;29/04/2018
2016;Máster;Materiales nanoestructurados para aplicaciones nanotecnológicas;Zaragoza;Facultad de Ciencias;Trabajo multidisciplinar académicamente dirigido;Normal;Optativa;100.00;80.00;80.00;5;4;4;1.00;29/04/2018
2016;Máster;Materiales nanoestructurados para aplicaciones nanotecnológicas;Zaragoza;Facultad de Ciencias;Fabricación de micro y nanodispositivos;Normal;Optativa;100.00;100.00;100.00;16;16;16;1.00;29/04/2018
2016;Máster;Materiales nanoestructurados para aplicaciones nanotecnológicas;Zaragoza;Facultad de Ciencias;Prácticas externas en empresas;Prácticas externas;Optativa;100.00;100.00;100.00;10;10;10;1.00;29/04/2018
2016;Máster;Materiales nanoestructurados para aplicaciones nanotecnológicas;Zaragoza;Facultad de Ciencias;Trabajo fin de Máster;Trabajo fin de máster;Trabajo fin de máster;100.00;91.30;91.30;23;21;21;1.00;29/04/2018
2016;Máster;Ingeniería Química;Zaragoza;Escuela de Ingeniería y Arquitectura;Ampliación de procesos de separación;Normal;Obligatoria;100.00;94.44;94.44;18;17;17;1.00;29/04/2018
2016;Máster;Ingeniería Química;Zaragoza;Escuela de Ingeniería y Arquitectura;Diseño avanzado de reactores;Normal;Obligatoria;100.00;94.44;94.44;18;17;17;1.06;29/04/2018
2016;Máster;Ingeniería Química;Zaragoza;Escuela de Ingeniería y Arquitectura;Simulación y optimización de procesos químicos;Normal;Obligatoria;93.75;88.24;94.12;17;15;16;1.06;29/04/2018
2016;Máster;Ingeniería Química;Zaragoza;Escuela de Ingeniería y Arquitectura;Gestión ambiental en la industria;Normal;Obligatoria;100.00;89.47;89.47;20;18;18;1.00;29/04/2018
2016;Máster;Ingeniería Química;Zaragoza;Escuela de Ingeniería y Arquitectura;Economía y organización industrial;Normal;Obligatoria;100.00;93.75;93.75;17;16;16;1.00;29/04/2018
2016;Máster;Ingeniería Química;Zaragoza;Escuela de Ingeniería y Arquitectura;Seguridad y análisis de riesgos en la industria química;Normal;Obligatoria;100.00;94.12;94.12;17;16;16;1.12;29/04/2018
2016;Máster;Ingeniería Química;Zaragoza;Escuela de Ingeniería y Arquitectura;Gestión de la producción y calidad;Normal;Obligatoria;100.00;94.12;94.12;17;16;16;1.00;29/04/2018
2016;Máster;Ingeniería Química;Zaragoza;Escuela de Ingeniería y Arquitectura;El proceso de investigación en ingeniería química;Normal;Obligatoria;100.00;94.12;94.12;17;16;16;1.00;29/04/2018
2016;Máster;Ingeniería Química;Zaragoza;Escuela de Ingeniería y Arquitectura;Trabajo fin de Máster;Trabajo fin de máster;Trabajo fin de máster;100.00;90.00;90.00;22;20;20;1.00;29/04/2018
2016;Máster;Ingeniería Química;Zaragoza;Escuela de Ingeniería y Arquitectura;Ingeniería bioquímica;Normal;Optativa;100.00;75.00;75.00;4;3;3;1.00;29/04/2018
2016;Máster;Ingeniería Química;Zaragoza;Escuela de Ingeniería y Arquitectura;Técnicas de caracterización de sólidos;Normal;Optativa;100.00;100.00;100.00;7;7;7;1.00;29/04/2018
2016;Máster;Ingeniería Química;Zaragoza;Escuela de Ingeniería y Arquitectura;Materiales nanoestructurados;Normal;Optativa;100.00;87.50;87.50;8;7;7;1.00;29/04/2018
2016;Máster;Ingeniería Química;Zaragoza;Escuela de Ingeniería y Arquitectura;Calidad y tratamiento de aguas;Normal;Optativa;100.00;100.00;100.00;14;14;14;1.00;29/04/2018
2016;Máster;Ingeniería Química;Zaragoza;Escuela de Ingeniería y Arquitectura;Purificación de efluentes gaseosos;Normal;Optativa;100.00;66.67;66.67;3;2;2;1.00;29/04/2018
2016;Máster;Ingeniería Química;Zaragoza;Escuela de Ingeniería y Arquitectura;Optimización energética;Normal;Optativa;100.00;66.67;66.67;3;2;2;1.00;29/04/2018
2016;Máster;Ingeniería Química;Zaragoza;Escuela de Ingeniería y Arquitectura;Tecnología del papel;Normal;Optativa;100.00;100.00;100.00;10;10;10;1.00;29/04/2018
2016;Máster;Ingeniería Química;Zaragoza;Escuela de Ingeniería y Arquitectura;Valoración de residuos;Normal;Optativa;100.00;100.00;100.00;13;13;13;1.00;29/04/2018
2016;Máster;Ingeniería Química;Zaragoza;Escuela de Ingeniería y Arquitectura;Tecnologías alternativas para la depuración de aguas residuales industriales;Normal;Optativa;100.00;100.00;100.00;10;10;10;1.00;29/04/2018
2016;Máster;Ingeniería Química;Zaragoza;Escuela de Ingeniería y Arquitectura;Ampliación de estadística;Normal;Optativa;100.00;100.00;100.00;4;4;4;1.00;29/04/2018
2016;Máster;Ingeniería Química;Zaragoza;Escuela de Ingeniería y Arquitectura;Ciencia y tecnología de la combustión;Normal;Optativa;100.00;87.50;87.50;8;7;7;1.00;29/04/2018
2016;Máster;Ingeniería Química;Zaragoza;Escuela de Ingeniería y Arquitectura;Prácticas externas 1;Prácticas externas;Optativa;100.00;100.00;100.00;1;1;1;1.00;29/04/2018
2016;Máster;Ingeniería Química;Zaragoza;Escuela de Ingeniería y Arquitectura;Prácticas externas 3;Prácticas externas;Optativa;100.00;100.00;100.00;9;9;9;1.00;29/04/2018
2016;Máster;Energías Renovables y Eficiencia Energética;Zaragoza;Escuela de Ingeniería y Arquitectura;Trabajo fin de Máster (Sistemas térmicos);Trabajo fin de máster;Trabajo fin de máster;100.00;100.00;100.00;4;4;4;1.00;29/04/2018
2016;Máster;Energías Renovables y Eficiencia Energética;Zaragoza;Escuela de Ingeniería y Arquitectura;Hidrógeno y pilas de combustible;Normal;Optativa;100.00;85.71;85.71;7;6;6;1.00;29/04/2018
2016;Máster;Energías Renovables y Eficiencia Energética;Zaragoza;Escuela de Ingeniería y Arquitectura;Fundamentos de ingeniería eléctrica y energética;Normal;Obligatoria;100.00;100.00;100.00;10;10;10;1.00;29/04/2018
2016;Máster;Energías Renovables y Eficiencia Energética;Zaragoza;Escuela de Ingeniería y Arquitectura;Energía eólica e hidráulica;Normal;Obligatoria;100.00;92.31;92.31;11;10;10;1.00;29/04/2018
2016;Máster;Energías Renovables y Eficiencia Energética;Zaragoza;Escuela de Ingeniería y Arquitectura;Energía solar y de la biomasa;Normal;Obligatoria;100.00;100.00;100.00;10;10;10;1.00;29/04/2018
2016;Máster;Energías Renovables y Eficiencia Energética;Zaragoza;Escuela de Ingeniería y Arquitectura;Eficiencia energética;Normal;Obligatoria;100.00;100.00;100.00;11;11;11;1.00;29/04/2018
2016;Máster;Energías Renovables y Eficiencia Energética;Zaragoza;Escuela de Ingeniería y Arquitectura;Calidad de la energía y conexión a red;Normal;Optativa;100.00;50.00;50.00;6;3;3;1.00;29/04/2018
2016;Máster;Energías Renovables y Eficiencia Energética;Zaragoza;Escuela de Ingeniería y Arquitectura;Generación distribuida, redes inteligentes y movilidad;Normal;Optativa;100.00;80.00;80.00;5;4;4;1.00;29/04/2018
2016;Máster;Energías Renovables y Eficiencia Energética;Zaragoza;Escuela de Ingeniería y Arquitectura;Simulación avanzada de sistemas eléctricos con fuentes renovables;Normal;Optativa;100.00;50.00;50.00;2;1;1;1.00;29/04/2018
2016;Máster;Energías Renovables y Eficiencia Energética;Zaragoza;Escuela de Ingeniería y Arquitectura;Protección y control de sistemas eléctricos con fuentes renovables;Normal;Optativa;100.00;75.00;75.00;4;3;3;1.00;29/04/2018
2016;Máster;Energías Renovables y Eficiencia Energética;Zaragoza;Escuela de Ingeniería y Arquitectura;Generadores eléctricos para aplicaciones de energías renovables;Normal;Optativa;100.00;50.00;50.00;4;2;2;1.00;29/04/2018
2016;Máster;Energías Renovables y Eficiencia Energética;Zaragoza;Escuela de Ingeniería y Arquitectura;Control y diseño de convertidores eléctricos;Normal;Optativa;100.00;50.00;50.00;4;2;2;1.00;29/04/2018
2016;Máster;Energías Renovables y Eficiencia Energética;Zaragoza;Escuela de Ingeniería y Arquitectura;Ampliación de energía solar;Normal;Optativa;100.00;100.00;100.00;7;7;7;1.00;29/04/2018
2016;Máster;Energías Renovables y Eficiencia Energética;Zaragoza;Escuela de Ingeniería y Arquitectura;Ampliación de energía de la biomasa;Normal;Optativa;100.00;100.00;100.00;2;2;2;1.00;29/04/2018
2016;Máster;Energías Renovables y Eficiencia Energética;Zaragoza;Escuela de Ingeniería y Arquitectura;Eficiencia energética en la edificación;Normal;Optativa;100.00;100.00;100.00;6;6;6;1.00;29/04/2018
2016;Máster;Energías Renovables y Eficiencia Energética;Zaragoza;Escuela de Ingeniería y Arquitectura;Herramientas para el análisis energético industrial. Industrias intensivas en el consumo de energía;Normal;Optativa;100.00;100.00;100.00;6;6;6;1.00;29/04/2018
2016;Máster;Energías Renovables y Eficiencia Energética;Zaragoza;Escuela de Ingeniería y Arquitectura;Generación termoeléctrica avanzada. Plantas de emisiones cero. Comercio de emisiones;Normal;Optativa;100.00;100.00;100.00;5;5;5;1.00;29/04/2018
2016;Máster;Energías Renovables y Eficiencia Energética;Zaragoza;Escuela de Ingeniería y Arquitectura;Mercados energéticos;Normal;Optativa;100.00;100.00;100.00;9;9;9;1.00;29/04/2018
2016;Máster;Energías Renovables y Eficiencia Energética;Zaragoza;Escuela de Ingeniería y Arquitectura;Proyectos de instalaciones de energías renovables;Normal;Optativa;100.00;100.00;100.00;2;2;2;1.00;29/04/2018
2016;Máster;Energías Renovables y Eficiencia Energética;Zaragoza;Escuela de Ingeniería y Arquitectura;Prácticas externas;Prácticas externas;Optativa;100.00;66.67;66.67;3;2;2;1.00;29/04/2018
2016;Máster;Energías Renovables y Eficiencia Energética;Zaragoza;Escuela de Ingeniería y Arquitectura;Trabajo fin de Máster (Sistemas eléctricos);Trabajo fin de máster;Trabajo fin de máster;100.00;66.67;66.67;6;4;4;1.00;29/04/2018
2016;Máster;Energías Renovables y Eficiencia Energética;Zaragoza;Escuela de Ingeniería y Arquitectura;Trabajo fin de Máster (sin especialidad);Trabajo fin de máster;Trabajo fin de máster;100.00;71.43;71.43;7;5;5;1.00;29/04/2018
2016;Máster;Ingeniería Mecánica;Zaragoza;Escuela de Ingeniería y Arquitectura;Métodos numéricos y experimentales en Ingeniería Térmica;Normal;Obligatoria;100.00;100.00;100.00;10;10;10;1.00;29/04/2018
2016;Máster;Ingeniería Mecánica;Zaragoza;Escuela de Ingeniería y Arquitectura;Diseño y optimización de sistemas de fabricación;Normal;Obligatoria;100.00;100.00;100.00;10;10;10;1.00;29/04/2018
2016;Máster;Ingeniería Mecánica;Zaragoza;Escuela de Ingeniería y Arquitectura;Instrumentación y simulación del flujo de fluidos;Normal;Obligatoria;100.00;100.00;100.00;10;10;10;1.00;29/04/2018
2016;Máster;Ingeniería Mecánica;Zaragoza;Escuela de Ingeniería y Arquitectura;Métodos de análisis para mecánica estructural;Normal;Obligatoria;100.00;100.00;100.00;10;10;10;1.00;29/04/2018
2016;Máster;Ingeniería Mecánica;Zaragoza;Escuela de Ingeniería y Arquitectura;Deformación y fractura de materiales;Normal;Obligatoria;100.00;91.67;91.67;12;11;11;1.27;29/04/2018
2016;Máster;Ingeniería Mecánica;Zaragoza;Escuela de Ingeniería y Arquitectura;Urbanización y edificación de espacios públicos e industriales;Normal;Optativa;100.00;100.00;100.00;1;1;1;1.00;29/04/2018
2016;Máster;Ingeniería Mecánica;Zaragoza;Escuela de Ingeniería y Arquitectura;Diseño avanzado de estructuras;Normal;Optativa;100.00;100.00;100.00;3;3;3;1.00;29/04/2018
2016;Máster;Ingeniería Mecánica;Zaragoza;Escuela de Ingeniería y Arquitectura;Diseño de equipos e instalaciones térmicas;Normal;Optativa;100.00;100.00;100.00;2;2;2;1.00;29/04/2018
2016;Máster;Ingeniería Mecánica;Zaragoza;Escuela de Ingeniería y Arquitectura;Centrales hidraúlicas y eólicas;Normal;Optativa;100.00;100.00;100.00;3;3;3;1.00;29/04/2018
2016;Máster;Ingeniería Mecánica;Zaragoza;Escuela de Ingeniería y Arquitectura;Diseño avanzado de vehículos;Normal;Optativa;100.00;100.00;100.00;4;4;4;1.00;29/04/2018
2016;Máster;Ingeniería Mecánica;Zaragoza;Escuela de Ingeniería y Arquitectura;Diseño avanzado de electrodomésticos;Normal;Optativa;100.00;100.00;100.00;5;5;5;1.00;29/04/2018
2016;Máster;Ingeniería Mecánica;Zaragoza;Escuela de Ingeniería y Arquitectura;Diseño y desarrollo en Ingeniería de precisión;Normal;Optativa;100.00;100.00;100.00;1;1;1;1.00;29/04/2018
2016;Máster;Ingeniería Mecánica;Zaragoza;Escuela de Ingeniería y Arquitectura;Diseño y desarrollo en procesos industriales;Normal;Optativa;100.00;100.00;100.00;1;1;1;1.00;29/04/2018
2016;Máster;Ingeniería Mecánica;Zaragoza;Escuela de Ingeniería y Arquitectura;Materiales avanzados en Ingeniería Mecánica;Normal;Optativa;100.00;100.00;100.00;4;4;4;1.00;29/04/2018
2016;Máster;Ingeniería Mecánica;Zaragoza;Escuela de Ingeniería y Arquitectura;CAD mecánico avanzado;Normal;Optativa;100.00;100.00;100.00;4;4;4;1.00;29/04/2018
2016;Máster;Ingeniería Mecánica;Zaragoza;Escuela de Ingeniería y Arquitectura;Trabajo fin de Máster;Trabajo fin de máster;Trabajo fin de máster;100.00;58.33;58.33;12;7;7;1.00;29/04/2018
2016;Máster;Ingeniería Mecánica;Zaragoza;Escuela de Ingeniería y Arquitectura;Prácticas externas 2;Prácticas externas;Optativa;100.00;100.00;100.00;6;6;6;1.00;29/04/2018
2016;Máster;Estudios Hispánicos: lengua y literatura;Zaragoza;Facultad de Filosofía y Letras;Trabajo fin de Máster;Trabajo fin de máster;Obligatoria;;;;2;0;0;;29/04/2018
2016;Máster;Historia Contemporánea;Zaragoza;Facultad de Filosofía y Letras;Trabajo fin de Máster;Trabajo fin de máster;Obligatoria;100.00;87.50;87.50;8;7;7;1.00;29/04/2018
2016;Máster;Historia Contemporánea;Zaragoza;Facultad de Filosofía y Letras;Enseñanzas en red;Normal;Obligatoria;100.00;44.44;44.44;9;4;4;1.00;29/04/2018
2016;Máster;Historia Contemporánea;Zaragoza;Facultad de Filosofía y Letras;Protesta y movimientos sociales a partir de 1968;Normal;Optativa;100.00;85.71;85.71;7;6;6;1.00;29/04/2018
2016;Máster;Historia Contemporánea;Zaragoza;Facultad de Filosofía y Letras;Poder, saber y querer: la selección de las élites políticas en la España contemporánea;Normal;Optativa;100.00;100.00;100.00;1;1;1;1.00;29/04/2018
2016;Máster;Historia Contemporánea;Zaragoza;Facultad de Filosofía y Letras;Culturas políticas, políticas del pasado e historiografía: historia del nacionalismo español;Normal;Optativa;100.00;83.33;83.33;6;5;5;1.00;29/04/2018
2016;Máster;Historia Contemporánea;Zaragoza;Facultad de Filosofía y Letras;Europa en guerra: 1914-1945;Normal;Optativa;100.00;100.00;100.00;5;5;5;1.00;29/04/2018
2016;Máster;Historia Contemporánea;Zaragoza;Facultad de Filosofía y Letras;Laicismo y anticlericalismo en la España contemporánea;Normal;Optativa;100.00;100.00;100.00;2;2;2;1.00;29/04/2018
2016;Máster;Historia Contemporánea;Zaragoza;Facultad de Filosofía y Letras;Orígenes y evolución de la historiografía social francesa;Normal;Optativa;100.00;100.00;100.00;2;2;2;1.00;29/04/2018
2016;Máster;Historia Contemporánea;Zaragoza;Facultad de Filosofía y Letras;Biografía y autobiografía en la historiografía contemporánea;Normal;Optativa;100.00;100.00;100.00;2;2;2;1.00;29/04/2018
2016;Máster;Historia Contemporánea;Zaragoza;Facultad de Filosofía y Letras;Historia de las mujeres en la España contemporánea;Normal;Optativa;100.00;100.00;100.00;4;4;4;1.00;29/04/2018
2016;Máster;Historia Contemporánea;Zaragoza;Facultad de Filosofía y Letras;Historiografía y sociedad en la España contemporánea;Normal;Optativa;100.00;100.00;100.00;2;2;2;1.00;29/04/2018
2016;Máster;Historia Contemporánea;Zaragoza;Facultad de Filosofía y Letras;Medios de comunicación: fuente y documento;Normal;Optativa;100.00;100.00;100.00;3;3;3;1.00;29/04/2018
2016;Máster;Historia Contemporánea;Zaragoza;Facultad de Filosofía y Letras;Tiempos de Horror. Violencia y guerra en Europa durante el siglo XX;Normal;Optativa;100.00;83.33;83.33;6;5;5;1.00;29/04/2018
2016;Máster;Historia Contemporánea;Zaragoza;Facultad de Filosofía y Letras;Ciclo conferencias UIMP;Normal;Obligatoria;100.00;70.00;70.00;10;7;7;1.00;29/04/2018
2016;Máster;Historia Contemporánea;Zaragoza;Facultad de Filosofía y Letras;Diplomacia, guerra y paz en el siglo XX;Normal;Optativa;100.00;83.33;83.33;6;5;5;1.00;29/04/2018
2016;Máster;Historia Contemporánea;Zaragoza;Facultad de Filosofía y Letras;Dictadura y memoria en el siglo XX;Normal;Optativa;100.00;80.00;80.00;5;4;4;1.00;29/04/2018
2016;Máster;Ordenación Territorial y Medioambiental;Zaragoza;Facultad de Filosofía y Letras;Trabajo fin de Máster;Trabajo fin de máster;Obligatoria;100.00;100.00;100.00;17;17;17;1.00;29/04/2018
2016;Máster;Ordenación Territorial y Medioambiental;Zaragoza;Facultad de Filosofía y Letras;El diseño de la planificación: elementos y métodos;Normal;Obligatoria;100.00;100.00;100.00;16;16;16;1.00;29/04/2018
2016;Máster;Ordenación Territorial y Medioambiental;Zaragoza;Facultad de Filosofía y Letras;Ordenación territorial y medioambiental;Normal;Obligatoria;100.00;100.00;100.00;16;16;16;1.00;29/04/2018
2016;Máster;Ordenación Territorial y Medioambiental;Zaragoza;Facultad de Filosofía y Letras;Cartografía y nuevas tecnologías para la ordenación territorial y medioambiental;Normal;Obligatoria;100.00;100.00;100.00;16;16;16;1.00;29/04/2018
2016;Máster;Ordenación Territorial y Medioambiental;Zaragoza;Facultad de Filosofía y Letras;Cambio global y gestión de riesgos naturales;Normal;Optativa;100.00;100.00;100.00;13;13;13;1.00;29/04/2018
2016;Máster;Ordenación Territorial y Medioambiental;Zaragoza;Facultad de Filosofía y Letras;Desarrollo y sostenibilidad en un espacio rural multifuncional;Normal;Optativa;100.00;100.00;100.00;1;1;1;1.00;29/04/2018
2016;Máster;Ordenación Territorial y Medioambiental;Zaragoza;Facultad de Filosofía y Letras;El análisis y la planificación territorial de las actividades económicas;Normal;Optativa;100.00;100.00;100.00;1;1;1;1.00;29/04/2018
2016;Máster;Ordenación Territorial y Medioambiental;Zaragoza;Facultad de Filosofía y Letras;Evaluación de impactos y restauración ambiental;Normal;Optativa;100.00;100.00;100.00;13;13;13;1.00;29/04/2018
2016;Máster;Ordenación Territorial y Medioambiental;Zaragoza;Facultad de Filosofía y Letras;Gestión y conservación de espacios naturales y de la biodiversidad;Normal;Optativa;100.00;100.00;100.00;11;11;11;1.00;29/04/2018
2016;Máster;Ordenación Territorial y Medioambiental;Zaragoza;Facultad de Filosofía y Letras;Infraestructuras y equipamientos en la articulación del territorio;Normal;Optativa;100.00;100.00;100.00;4;4;4;1.00;29/04/2018
2016;Máster;Ordenación Territorial y Medioambiental;Zaragoza;Facultad de Filosofía y Letras;La población en la ordenación territorial y en el desarrollo local;Normal;Optativa;100.00;100.00;100.00;6;6;6;1.00;29/04/2018
2016;Máster;Ordenación Territorial y Medioambiental;Zaragoza;Facultad de Filosofía y Letras;Los sistemas inter e intraurbano en la planificación territorial;Normal;Optativa;100.00;100.00;100.00;4;4;4;1.00;29/04/2018
2016;Máster;Ordenación Territorial y Medioambiental;Zaragoza;Facultad de Filosofía y Letras;Técnicas de campo y resolución de casos en la planificación del medio natural;Normal;Optativa;100.00;100.00;100.00;10;10;10;1.00;29/04/2018
2016;Máster;Ordenación Territorial y Medioambiental;Zaragoza;Facultad de Filosofía y Letras;Cartografía aplicada a la resolución de problemas ambientales;Normal;Obligatoria;100.00;100.00;100.00;16;16;16;1.00;29/04/2018
2016;Máster;Traducción de textos especializados;Zaragoza;Facultad de Filosofía y Letras;Metodología de la traducción especializada;Normal;Obligatoria;100.00;90.00;90.00;10;9;9;1.00;29/04/2018
2016;Máster;Traducción de textos especializados;Zaragoza;Facultad de Filosofía y Letras;Técnicas de expresión escrita en español;Normal;Obligatoria;100.00;91.67;91.67;12;11;11;1.00;29/04/2018
2016;Máster;Traducción de textos especializados;Zaragoza;Facultad de Filosofía y Letras;Prácticas externas;Prácticas externas;Prácticas externas;100.00;81.82;81.82;11;9;9;1.00;29/04/2018
2016;Máster;Traducción de textos especializados;Zaragoza;Facultad de Filosofía y Letras;Trabajo fin de Máster;Trabajo fin de máster;Trabajo fin de máster;100.00;73.33;73.33;15;11;11;1.00;29/04/2018
2016;Máster;Traducción de textos especializados;Zaragoza;Facultad de Filosofía y Letras;Fundamentos lingüísticos y textuales aplicados a la traducción;Normal;Obligatoria;100.00;90.91;90.91;11;10;10;1.00;29/04/2018
2016;Máster;Traducción de textos especializados;Zaragoza;Facultad de Filosofía y Letras;Inglés: Traducción de textos legales;Normal;Obligatoria;91.67;91.67;100.00;12;11;12;1.09;29/04/2018
2016;Máster;Traducción de textos especializados;Zaragoza;Facultad de Filosofía y Letras;Inglés: Traducción de textos económico-empresariales;Normal;Optativa;100.00;100.00;100.00;9;9;9;1.00;29/04/2018
2016;Máster;Traducción de textos especializados;Zaragoza;Facultad de Filosofía y Letras;Inglés: Traducción de textos científicos, técnicos y biomédicos;Normal;Optativa;100.00;100.00;100.00;9;9;9;1.00;29/04/2018
2016;Máster;Traducción de textos especializados;Zaragoza;Facultad de Filosofía y Letras;Inglés: Traducción de textos audiovisuales;Normal;Optativa;100.00;87.50;87.50;8;7;7;1.00;29/04/2018
2016;Máster;Traducción de textos especializados;Zaragoza;Facultad de Filosofía y Letras;Inglés: Traducción de textos institucionales, periodísticos y publicitarios;Normal;Optativa;100.00;100.00;100.00;9;9;9;1.11;29/04/2018
2016;Máster;Traducción de textos especializados;Zaragoza;Facultad de Filosofía y Letras;Francés: Traducción de textos científicos, técnicos y biomédicos;Normal;Optativa;100.00;100.00;100.00;2;2;2;1.00;29/04/2018
2016;Máster;Traducción de textos especializados;Zaragoza;Facultad de Filosofía y Letras;Francés: Traducción de textos legales, administrativos  y económicos;Normal;Optativa;100.00;100.00;100.00;1;1;1;1.00;29/04/2018
2016;Máster;Ingeniería Electrónica;Zaragoza;Escuela de Ingeniería y Arquitectura;Trabajo fin de Máster;Trabajo fin de máster;Trabajo fin de máster;100.00;83.33;83.33;18;15;15;1.00;29/04/2018
2016;Máster;Ingeniería Electrónica;Zaragoza;Escuela de Ingeniería y Arquitectura;Sistemas electrónicos avanzados;Normal;Obligatoria;100.00;100.00;100.00;9;9;9;1.00;29/04/2018
2016;Máster;Ingeniería Electrónica;Zaragoza;Escuela de Ingeniería y Arquitectura;Diseño de sistemas electrónicos;Normal;Obligatoria;100.00;100.00;100.00;11;11;11;1.00;29/04/2018
2016;Máster;Ingeniería Electrónica;Zaragoza;Escuela de Ingeniería y Arquitectura;Seminarios de I+D+I;Normal;Obligatoria;100.00;100.00;100.00;10;10;10;1.00;29/04/2018
2016;Máster;Ingeniería Electrónica;Zaragoza;Escuela de Ingeniería y Arquitectura;Compatibilidad electromagnética y seguridad eléctrica;Normal;Optativa;100.00;100.00;100.00;6;6;6;1.00;29/04/2018
2016;Máster;Ingeniería Electrónica;Zaragoza;Escuela de Ingeniería y Arquitectura;Etapas electrónicas resonantes;Normal;Optativa;100.00;100.00;100.00;9;9;9;1.00;29/04/2018
2016;Máster;Ingeniería Electrónica;Zaragoza;Escuela de Ingeniería y Arquitectura;Control digital con FPGA de etapas de potencia;Normal;Optativa;100.00;100.00;100.00;7;7;7;1.00;29/04/2018
2016;Máster;Ingeniería Electrónica;Zaragoza;Escuela de Ingeniería y Arquitectura;Diseño magnético en sistemas electrónicos;Normal;Optativa;100.00;100.00;100.00;1;1;1;1.00;29/04/2018
2016;Máster;Ingeniería Electrónica;Zaragoza;Escuela de Ingeniería y Arquitectura;Modelado y control de sistemas electrónicos de potencia;Normal;Optativa;100.00;100.00;100.00;3;3;3;1.00;29/04/2018
2016;Máster;Ingeniería Electrónica;Zaragoza;Escuela de Ingeniería y Arquitectura;Redes neuronales electrónicas;Normal;Optativa;100.00;100.00;100.00;10;10;10;1.00;29/04/2018
2016;Máster;Ingeniería Electrónica;Zaragoza;Escuela de Ingeniería y Arquitectura;Tecnología electrónica biomédica;Normal;Optativa;100.00;100.00;100.00;6;6;6;1.00;29/04/2018
2016;Máster;Ingeniería Electrónica;Zaragoza;Escuela de Ingeniería y Arquitectura;Sistemas electrónicos para control de acceso y seguridad;Normal;Optativa;100.00;100.00;100.00;5;5;5;1.00;29/04/2018
2016;Máster;Ingeniería Electrónica;Zaragoza;Escuela de Ingeniería y Arquitectura;Redes de sensores electrónicos;Normal;Optativa;100.00;100.00;100.00;6;6;6;1.00;29/04/2018
2016;Máster;Ingeniería Electrónica;Zaragoza;Escuela de Ingeniería y Arquitectura;Diseño microelectrónico;Normal;Optativa;100.00;100.00;100.00;5;5;5;1.00;29/04/2018
2016;Máster;Aprendizaje a lo largo de la vida: Iniciación a la investigación;Zaragoza;Facultad de Educación;Trabajo fin de Máster;Trabajo fin de máster;Obligatoria;100.00;50.00;50.00;14;7;7;1.00;29/04/2018
2016;Máster;Aprendizaje a lo largo de la vida: Iniciación a la investigación;Zaragoza;Facultad de Educación;Bases epistemológicas y teorías científicas;Normal;Obligatoria;75.00;75.00;100.00;4;3;4;2.00;29/04/2018
2016;Máster;Aprendizaje a lo largo de la vida: Iniciación a la investigación;Zaragoza;Facultad de Educación;Metodologías cuantitativas en el tratamiento de datos;Normal;Obligatoria;100.00;50.00;50.00;4;2;2;3.00;29/04/2018
2016;Máster;Aprendizaje a lo largo de la vida: Iniciación a la investigación;Zaragoza;Facultad de Educación;Metodologías cualitativas en el tratamiento de datos;Normal;Obligatoria;100.00;50.00;50.00;4;2;2;2.00;29/04/2018
2016;Máster;Aprendizaje a lo largo de la vida: Iniciación a la investigación;Zaragoza;Facultad de Educación;Tecnologías para el tratamiento de datos en investigación;Normal;Obligatoria;66.67;33.33;50.00;7;3;4;1.00;29/04/2018
2016;Máster;Aprendizaje a lo largo de la vida: Iniciación a la investigación;Zaragoza;Facultad de Educación;Programas de desarrollo personal y social: Investigación, diseño y evaluación.;Normal;Optativa;;;;1;1;1;1.00;29/04/2018
2016;Máster;Aprendizaje a lo largo de la vida: Iniciación a la investigación;Zaragoza;Facultad de Educación;El desarrollo del lenguaje oral y escrito. Investigación en evaluación e intervención educativa.;Normal;Optativa;;;;3;1;1;1.00;29/04/2018
2016;Máster;Aprendizaje a lo largo de la vida: Iniciación a la investigación;Zaragoza;Facultad de Educación;Políticas y prácticas de inclusión;Normal;Optativa;;;;1;1;1;1.00;29/04/2018
2016;Máster;Aprendizaje a lo largo de la vida: Iniciación a la investigación;Zaragoza;Facultad de Educación;Educación y sostenibilidad en núcleos dispersos.;Normal;Optativa;;;;1;1;1;1.00;29/04/2018
2016;Máster;Aprendizaje a lo largo de la vida: Iniciación a la investigación;Zaragoza;Facultad de Educación;Tecnologías y educación permanente: e-learning;Normal;Optativa;100.00;100.00;100.00;1;1;1;1.00;29/04/2018
2016;Máster;Aprendizaje a lo largo de la vida: Iniciación a la investigación;Zaragoza;Facultad de Educación;Las competencias del formador;Normal;Optativa;100.00;100.00;100.00;1;1;1;1.00;29/04/2018
2016;Máster;Aprendizaje a lo largo de la vida: Iniciación a la investigación;Zaragoza;Facultad de Educación;Planificación y evaluación de las enseñanzas. Perspectivas innovadoras;Normal;Optativa;100.00;100.00;100.00;1;1;1;1.00;29/04/2018
2016;Máster;Aprendizaje a lo largo de la vida: Iniciación a la investigación;Zaragoza;Facultad de Educación;Competencias comunicativas e interacción didáctica.;Normal;Optativa;;;;2;0;0;;29/04/2018
2016;Máster;Aprendizaje a lo largo de la vida: Iniciación a la investigación;Zaragoza;Facultad de Educación;Materiales educativos con tecnologías;Normal;Optativa;100.00;100.00;100.00;1;1;1;1.00;29/04/2018
2016;Máster;Aprendizaje a lo largo de la vida: Iniciación a la investigación;Zaragoza;Facultad de Educación;Formación de formadores en  contextos específicos;Normal;Optativa;;;;2;1;1;1.00;29/04/2018
2016;Máster;Sociología de las Políticas Públicas y Sociales;Zaragoza;Facultad de Economía y Empresa;Metodología: investigación, análisis y evaluación de las políticas públicas;Normal;Obligatoria;100.00;81.82;81.82;11;9;9;1.00;29/04/2018
2016;Máster;Sociología de las Políticas Públicas y Sociales;Zaragoza;Facultad de Economía y Empresa;Economía política de la intervención pública;Normal;Obligatoria;100.00;100.00;100.00;12;12;12;1.15;29/04/2018
2016;Máster;Sociología de las Políticas Públicas y Sociales;Zaragoza;Facultad de Economía y Empresa;Sociología: construcción social del bienestar y del espacio público;Normal;Optativa;100.00;100.00;100.00;9;9;9;1.00;29/04/2018
2016;Máster;Sociología de las Políticas Públicas y Sociales;Zaragoza;Facultad de Economía y Empresa;Sociología de las Org. e Inst. Públicas:responsabilidad social y rendición de cuentas.Nuevo institucionalismo en Sgía.;Normal;Optativa;100.00;100.00;100.00;6;6;6;1.00;29/04/2018
2016;Máster;Sociología de las Políticas Públicas y Sociales;Zaragoza;Facultad de Economía y Empresa;Responsabilidad social corporativa: información y auditoria de las organizaciones;Normal;Optativa;;;;0;0;0;1.00;29/04/2018
2016;Máster;Sociología de las Políticas Públicas y Sociales;Zaragoza;Facultad de Economía y Empresa;Evaluación de la eficiencia y la calidad en las políticas públicas;Normal;Optativa;100.00;100.00;100.00;6;6;6;1.00;29/04/2018
2016;Máster;Sociología de las Políticas Públicas y Sociales;Zaragoza;Facultad de Economía y Empresa;Políticas y estrategias urbanas: ciudad y sociedad;Normal;Optativa;100.00;100.00;100.00;5;5;5;1.00;29/04/2018
2016;Máster;Sociología de las Políticas Públicas y Sociales;Zaragoza;Facultad de Economía y Empresa;Políticas migratorias (aspectos demográficos, culturales, jurídicos, ecónómicos y educativos);Normal;Optativa;100.00;85.71;85.71;7;6;6;1.00;29/04/2018
2016;Máster;Sociología de las Políticas Públicas y Sociales;Zaragoza;Facultad de Economía y Empresa;Políticas públicas de empleo;Normal;Optativa;100.00;83.33;83.33;6;5;5;1.00;29/04/2018
2016;Máster;Sociología de las Políticas Públicas y Sociales;Zaragoza;Facultad de Economía y Empresa;Política y administración educativas;Normal;Optativa;100.00;100.00;100.00;7;7;7;1.00;29/04/2018
2016;Máster;Sociología de las Políticas Públicas y Sociales;Zaragoza;Facultad de Economía y Empresa;Decisiones Públicas: e-participación y gestión del conocimiento;Normal;Optativa;100.00;100.00;100.00;7;7;7;1.00;29/04/2018
2016;Máster;Sociología de las Políticas Públicas y Sociales;Zaragoza;Facultad de Economía y Empresa;Sociología política: democracia, actores políticos e ideologías;Normal;Optativa;100.00;70.00;70.00;10;7;7;1.00;29/04/2018
2016;Máster;Sociología de las Políticas Públicas y Sociales;Zaragoza;Facultad de Economía y Empresa;Participación ciudadana, voluntariado y tercer sector;Normal;Optativa;100.00;100.00;100.00;7;7;7;1.14;29/04/2018
2016;Máster;Sociología de las Políticas Públicas y Sociales;Zaragoza;Facultad de Economía y Empresa;Familia, juventud y menores;Normal;Optativa;83.33;83.33;100.00;6;5;6;1.00;29/04/2018
2016;Máster;Sociología de las Políticas Públicas y Sociales;Zaragoza;Facultad de Economía y Empresa;Trabajo fin de Máster;Trabajo fin de máster;Trabajo fin de máster;100.00;68.75;68.75;16;11;11;1.00;29/04/2018
2016;Máster;Sociología de las Políticas Públicas y Sociales;Zaragoza;Facultad de Economía y Empresa;Prácticas;Prácticas externas;Prácticas externas;100.00;100.00;100.00;10;10;10;1.00;29/04/2018
2016;Máster;Sociología de las Políticas Públicas y Sociales;Zaragoza;Facultad de Economía y Empresa;El Derecho en las políticas públicas y sociales;Normal;Obligatoria;100.00;90.91;90.91;11;10;10;1.00;29/04/2018
2016;Máster;Sociología de las Políticas Públicas y Sociales;Zaragoza;Facultad de Economía y Empresa;Determinantes sociales de la salud y sus políticas públicas;Normal;Optativa;100.00;100.00;100.00;3;3;3;1.00;29/04/2018
2016;Máster;Unión Europea;Zaragoza;Facultad de Economía y Empresa;Prácticas en empresas e instituciones;Prácticas externas;Prácticas externas;100.00;85.71;85.71;7;6;6;1.00;29/04/2018
2016;Máster;Unión Europea;Zaragoza;Facultad de Economía y Empresa;Instituciones, derecho y proceso de toma de decisiones en la Unión Europea;Normal;Obligatoria;100.00;85.71;85.71;7;6;6;1.17;29/04/2018
2016;Máster;Unión Europea;Zaragoza;Facultad de Economía y Empresa;Derechos fundamentales y espacio europeo de libertad, seguridad y justicia;Normal;Optativa;100.00;100.00;100.00;5;5;5;1.00;29/04/2018
2016;Máster;Unión Europea;Zaragoza;Facultad de Economía y Empresa;Derecho de obligaciones y contratos de la Unión Europea;Normal;Optativa;100.00;75.00;75.00;4;3;3;1.00;29/04/2018
2016;Máster;Unión Europea;Zaragoza;Facultad de Economía y Empresa;Proyección exterior de la Unión Europea;Normal;Optativa;100.00;83.33;83.33;6;5;5;1.00;29/04/2018
2016;Máster;Unión Europea;Zaragoza;Facultad de Economía y Empresa;Derecho de sociedades de la Unión Europea;Normal;Optativa;100.00;66.67;66.67;3;2;2;1.00;29/04/2018
2016;Máster;Unión Europea;Zaragoza;Facultad de Economía y Empresa;Presupuesto y políticas de gasto de la Unión Europea;Normal;Obligatoria;100.00;85.71;85.71;7;6;6;1.00;29/04/2018
2016;Máster;Unión Europea;Zaragoza;Facultad de Economía y Empresa;Economía de la Unión Europea;Normal;Obligatoria;100.00;100.00;100.00;5;5;5;1.20;29/04/2018
2016;Máster;Unión Europea;Zaragoza;Facultad de Economía y Empresa;Contabilidad pública y presupuestaria de la Unión Europea;Normal;Optativa;100.00;100.00;100.00;1;1;1;1.00;29/04/2018
2016;Máster;Unión Europea;Zaragoza;Facultad de Economía y Empresa;Fiscalidad europea: armonización y competencia;Normal;Optativa;100.00;100.00;100.00;1;1;1;1.00;29/04/2018
2016;Máster;Unión Europea;Zaragoza;Facultad de Economía y Empresa;Política de empresa y estructura empresarial de la Unión Europea;Normal;Optativa;100.00;100.00;100.00;1;1;1;1.00;29/04/2018
2016;Máster;Unión Europea;Zaragoza;Facultad de Economía y Empresa;Integración monetaria europea;Normal;Optativa;100.00;80.00;80.00;5;4;4;1.00;29/04/2018
2016;Máster;Unión Europea;Zaragoza;Facultad de Economía y Empresa;Localización de la actividad económica y de la población en la Unión Europea;Normal;Optativa;100.00;100.00;100.00;1;1;1;1.00;29/04/2018
2016;Máster;Unión Europea;Zaragoza;Facultad de Economía y Empresa;Derecho de la Unión Europea y mercado interior: libertades y competencia;Normal;Obligatoria;100.00;100.00;100.00;6;6;6;1.00;29/04/2018
2016;Máster;Unión Europea;Zaragoza;Facultad de Economía y Empresa;Derecho social y políticas sociales de la Unión Europea;Normal;Optativa;100.00;75.00;75.00;4;3;3;1.00;29/04/2018
2016;Máster;Unión Europea;Zaragoza;Facultad de Economía y Empresa;Trabajo fin de Máster;Trabajo fin de máster;Trabajo fin de máster;100.00;66.67;66.67;9;6;6;1.00;29/04/2018
2016;Máster;Ciencias de la Antigüedad;Zaragoza;Facultad de Filosofía y Letras;Trabajo fin de Máster;Trabajo fin de máster;Obligatoria;100.00;100.00;100.00;1;1;1;1.00;29/04/2018
2016;Máster;Investigación y Estudios Avanzados en Historia;Zaragoza;Facultad de Filosofía y Letras;Trabajo fin de Máster;Trabajo fin de máster;Trabajo fin de máster;100.00;50.00;50.00;8;4;4;1.00;29/04/2018
2016;Máster;Investigación y Estudios Avanzados en Historia;Zaragoza;Facultad de Filosofía y Letras;Teoría de la Historia, escritura de historia e historiografía;Normal;Obligatoria;100.00;83.33;83.33;6;5;5;1.00;29/04/2018
2016;Máster;Investigación y Estudios Avanzados en Historia;Zaragoza;Facultad de Filosofía y Letras;Técnicas para leer y entender la Historia. Vestigios del pasado;Normal;Obligatoria;100.00;85.71;85.71;7;6;6;1.33;29/04/2018
2016;Máster;Investigación y Estudios Avanzados en Historia;Zaragoza;Facultad de Filosofía y Letras;Expresiones de alteridad: visiones del otro;Normal;Obligatoria;83.33;71.43;85.71;7;5;6;1.00;29/04/2018
2016;Máster;Investigación y Estudios Avanzados en Historia;Zaragoza;Facultad de Filosofía y Letras;Historia de la vida cotidiana;Normal;Obligatoria;80.00;57.14;71.43;7;4;5;1.00;29/04/2018
2016;Máster;Investigación y Estudios Avanzados en Historia;Zaragoza;Facultad de Filosofía y Letras;Ideologías y teoría política;Normal;Obligatoria;85.71;66.67;77.78;9;6;7;1.00;29/04/2018
2016;Máster;Investigación y Estudios Avanzados en Historia;Zaragoza;Facultad de Filosofía y Letras;Mujeres: textos y contextos;Normal;Optativa;100.00;50.00;50.00;2;1;1;1.00;29/04/2018
2016;Máster;Investigación y Estudios Avanzados en Historia;Zaragoza;Facultad de Filosofía y Letras;Migraciones y exilios;Normal;Optativa;100.00;75.00;75.00;4;3;3;1.00;29/04/2018
2016;Máster;Investigación y Estudios Avanzados en Historia;Zaragoza;Facultad de Filosofía y Letras;Transferencias culturales con Europa, América, mundo islámico, Asia oriental;Normal;Optativa;100.00;100.00;100.00;2;2;2;1.00;29/04/2018
2016;Máster;Investigación y Estudios Avanzados en Historia;Zaragoza;Facultad de Filosofía y Letras;La Historia en su lengua original. Herrramientas de interpretación;Normal;Optativa;100.00;100.00;100.00;1;1;1;1.00;29/04/2018
2016;Máster;Investigación y Estudios Avanzados en Historia;Zaragoza;Facultad de Filosofía y Letras;Poder, disidencia y represión;Normal;Optativa;100.00;60.00;60.00;5;3;3;1.00;29/04/2018
2016;Máster;Investigación y Estudios Avanzados en Historia;Zaragoza;Facultad de Filosofía y Letras;Violencia y guerra;Normal;Optativa;100.00;100.00;100.00;4;4;4;1.00;29/04/2018
2016;Máster;Estudios Avanzados en Historia del Arte;Zaragoza;Facultad de Filosofía y Letras;Trabajo fin de Máster;Trabajo fin de máster;Trabajo fin de máster;100.00;71.43;71.43;14;10;10;1.00;29/04/2018
2016;Máster;Estudios Avanzados en Historia del Arte;Zaragoza;Facultad de Filosofía y Letras;El trabajo de campo y la labor de catalogación:procedimientos, técnicas e instrumentos aux. en la inv. de la Hª del Arte;Normal;Obligatoria;100.00;100.00;100.00;10;10;10;1.00;29/04/2018
2016;Máster;Estudios Avanzados en Historia del Arte;Zaragoza;Facultad de Filosofía y Letras;La invest. en Hª del Arte: Historiografía, fines y objetos, actuales enfoques y metodologías, y deontología profesional;Normal;Obligatoria;100.00;75.00;75.00;12;9;9;1.00;29/04/2018
2016;Máster;Estudios Avanzados en Historia del Arte;Zaragoza;Facultad de Filosofía y Letras;Fuentes para la Historia del Arte Antiguo, Medieval y Moderno.;Normal;Obligatoria;100.00;100.00;100.00;12;12;12;1.00;29/04/2018
2016;Máster;Estudios Avanzados en Historia del Arte;Zaragoza;Facultad de Filosofía y Letras;Fuentes para la Historia del Arte Contemporáneo.;Normal;Obligatoria;100.00;100.00;100.00;12;12;12;1.00;29/04/2018
2016;Máster;Estudios Avanzados en Historia del Arte;Zaragoza;Facultad de Filosofía y Letras;Claves de la investigación del Arte Andalusí y Mudéjar;Normal;Optativa;100.00;100.00;100.00;6;6;6;1.00;29/04/2018
2016;Máster;Estudios Avanzados en Historia del Arte;Zaragoza;Facultad de Filosofía y Letras;Imágenes como relatos. De la pintura al videojuego;Normal;Optativa;100.00;100.00;100.00;7;7;7;1.00;29/04/2018
2016;Máster;Estudios Avanzados en Historia del Arte;Zaragoza;Facultad de Filosofía y Letras;Arte y sociedad en el mundo antiguo y medieval;Normal;Optativa;100.00;100.00;100.00;5;5;5;1.00;29/04/2018
2016;Máster;Estudios Avanzados en Historia del Arte;Zaragoza;Facultad de Filosofía y Letras;Fundamentos y revisión crítica del Arte del Renacimiento y del Barroco;Normal;Optativa;;;;0;0;0;1.00;29/04/2018
2016;Máster;Estudios Avanzados en Historia del Arte;Zaragoza;Facultad de Filosofía y Letras;El espacio doméstico. De la Edad Media a la Contemporánea;Normal;Optativa;100.00;100.00;100.00;7;7;7;1.00;29/04/2018
2016;Máster;Estudios Avanzados en Historia del Arte;Zaragoza;Facultad de Filosofía y Letras;Arte en el espacio público;Normal;Optativa;100.00;100.00;100.00;5;5;5;1.00;29/04/2018
2016;Máster;Estudios Avanzados en Historia del Arte;Zaragoza;Facultad de Filosofía y Letras;Teoría e Historia de la arquitectura contemporánea;Normal;Optativa;100.00;100.00;100.00;4;4;4;1.00;29/04/2018
2016;Máster;Estudios Avanzados en Historia del Arte;Zaragoza;Facultad de Filosofía y Letras;Teoría e Historia de la restauración arquitectónica. Del monumento al paisaje;Normal;Optativa;100.00;100.00;100.00;2;2;2;1.00;29/04/2018
2016;Máster;Estudios Avanzados en Historia del Arte;Zaragoza;Facultad de Filosofía y Letras;Arte e interculturalidad. Europa, América y Asia Oriental: recepción, relaciones e intercambios;Normal;Optativa;100.00;100.00;100.00;8;8;8;1.00;29/04/2018
2016;Máster;Estudios Avanzados en Historia del Arte;Zaragoza;Facultad de Filosofía y Letras;Arte y cultura audiovisual de Asia Oriental y su impacto en occidente;Normal;Optativa;100.00;100.00;100.00;8;8;8;1.00;29/04/2018
2016;Máster;Estudios Avanzados en Historia del Arte;Zaragoza;Facultad de Filosofía y Letras;Dramaturgia musical y narración cinematográfica. Principios y procesos del relato audiovisual.;Normal;Optativa;100.00;100.00;100.00;2;2;2;1.00;29/04/2018
2016;Máster;Iniciación a la investigación en Medicina;Zaragoza;Facultad de Medicina;Trabajo fin de Máster;Trabajo fin de máster;Obligatoria;100.00;100.00;100.00;1;1;1;1.00;29/04/2018
2016;Máster;Iniciación a la investigación en Medicina;Zaragoza;Facultad de Medicina;Método científico;Normal;Obligatoria;100.00;100.00;100.00;63;63;63;1.00;29/04/2018
2016;Máster;Iniciación a la investigación en Medicina;Zaragoza;Facultad de Medicina;Bioestadística. Epidemiología;Normal;Obligatoria;100.00;100.00;100.00;62;62;62;1.00;29/04/2018
2016;Máster;Iniciación a la investigación en Medicina;Zaragoza;Facultad de Medicina;Modelos de investigación médica;Normal;Obligatoria;100.00;100.00;100.00;64;64;64;1.00;29/04/2018
2016;Máster;Iniciación a la investigación en Medicina;Zaragoza;Facultad de Medicina;Investigación en medicina legal y toxicología;Normal;Optativa;100.00;97.62;97.62;42;41;41;1.00;29/04/2018
2016;Máster;Iniciación a la investigación en Medicina;Zaragoza;Facultad de Medicina;Investigación en radiología y medicina nuclear;Normal;Optativa;100.00;100.00;100.00;27;27;27;1.00;29/04/2018
2016;Máster;Iniciación a la investigación en Medicina;Zaragoza;Facultad de Medicina;Bioquímica clínica y farmacogenética;Normal;Optativa;100.00;100.00;100.00;7;7;7;1.00;29/04/2018
2016;Máster;Iniciación a la investigación en Medicina;Zaragoza;Facultad de Medicina;Morfología. Desarrollo. Biología;Normal;Optativa;100.00;100.00;100.00;52;52;52;1.00;29/04/2018
2016;Máster;Iniciación a la investigación en Medicina;Zaragoza;Facultad de Medicina;Investigación en microbiología, parasitología, inmunología;Normal;Optativa;100.00;94.44;94.44;18;17;17;1.00;29/04/2018
2016;Máster;Iniciación a la investigación en Medicina;Zaragoza;Facultad de Medicina;Cirugía oncológica;Normal;Optativa;100.00;100.00;100.00;8;8;8;1.00;29/04/2018
2016;Máster;Iniciación a la investigación en Medicina;Zaragoza;Facultad de Medicina;Iniciación a la investigación en microcirugía;Normal;Optativa;100.00;100.00;100.00;23;23;23;1.00;29/04/2018
2016;Máster;Iniciación a la investigación en Medicina;Zaragoza;Facultad de Medicina;Investigación en Ginecología y Reproducción Humana;Normal;Optativa;100.00;88.89;88.89;9;8;8;1.00;29/04/2018
2016;Máster;Iniciación a la investigación en Medicina;Zaragoza;Facultad de Medicina;Trabajo fin de Máster;Trabajo fin de máster;Trabajo fin de máster;100.00;85.33;85.33;75;64;64;1.00;29/04/2018
2016;Máster;Iniciación a la investigación en Medicina;Zaragoza;Facultad de Medicina;Investigación en especialidades  médicas;Normal;Obligatoria;100.00;95.31;95.31;64;61;61;1.00;29/04/2018
2016;Máster;Iniciación a la investigación en Medicina;Zaragoza;Facultad de Medicina;Iniciación a la investigación en pediatría;Normal;Optativa;100.00;100.00;100.00;6;6;6;1.00;29/04/2018
2016;Máster;Profesorado E.S.O., F.P. y Ens. Idiom, Art y Deport;Zaragoza;Facultad de Educación;Trabajo fin de Máster;Trabajo fin de máster;Trabajo fin de máster;99.53;86.76;87.17;491;426;428;1.02;29/04/2018
2016;Máster;Profesorado E.S.O., F.P. y Ens. Idiom, Art y Deport;Huesca;Facultad de Ciencias Humanas y de la Educación;Trabajo fin de Máster;Trabajo fin de máster;Trabajo fin de máster;100.00;84.21;84.21;19;16;16;1.12;29/04/2018
2016;Máster;Profesorado E.S.O., F.P. y Ens. Idiom, Art y Deport;Teruel;Facultad de Ciencias Sociales y Humanas de Teruel;Trabajo fin de Máster;Trabajo fin de máster;Trabajo fin de máster;100.00;100.00;100.00;12;12;12;1.00;29/04/2018
2016;Máster;Profesorado E.S.O., F.P. y Ens. Idiom, Art y Deport;Zaragoza;Facultad de Educación;Contexto de la actividad docente;Normal;Obligatoria;98.61;97.71;99.08;440;430;436;1.05;29/04/2018
2016;Máster;Profesorado E.S.O., F.P. y Ens. Idiom, Art y Deport;Huesca;Facultad de Ciencias Humanas y de la Educación;Contexto de la actividad docente;Normal;Obligatoria;100.00;100.00;100.00;18;18;18;1.00;29/04/2018
2016;Máster;Profesorado E.S.O., F.P. y Ens. Idiom, Art y Deport;Teruel;Facultad de Ciencias Sociales y Humanas de Teruel;Contexto de la actividad docente;Normal;Obligatoria;100.00;100.00;100.00;12;11;11;1.00;29/04/2018
2016;Máster;Profesorado E.S.O., F.P. y Ens. Idiom, Art y Deport;Zaragoza;Facultad de Educación;Interacción y convivencia en el aula;Normal;Obligatoria;100.00;99.32;99.32;443;440;440;1.04;29/04/2018
2016;Máster;Profesorado E.S.O., F.P. y Ens. Idiom, Art y Deport;Huesca;Facultad de Ciencias Humanas y de la Educación;Interacción y convivencia en el aula;Normal;Obligatoria;100.00;100.00;100.00;18;18;18;1.00;29/04/2018
2016;Máster;Profesorado E.S.O., F.P. y Ens. Idiom, Art y Deport;Teruel;Facultad de Ciencias Sociales y Humanas de Teruel;Interacción y convivencia en el aula;Normal;Obligatoria;100.00;100.00;100.00;12;11;11;1.00;29/04/2018
2016;Máster;Profesorado E.S.O., F.P. y Ens. Idiom, Art y Deport;Zaragoza;Facultad de Educación;Procesos de enseñanza-aprendizaje;Normal;Obligatoria;99.77;98.63;98.86;441;435;436;1.02;29/04/2018
2016;Máster;Profesorado E.S.O., F.P. y Ens. Idiom, Art y Deport;Huesca;Facultad de Ciencias Humanas y de la Educación;Procesos de enseñanza-aprendizaje;Normal;Obligatoria;100.00;100.00;100.00;18;18;18;1.00;29/04/2018
2016;Máster;Profesorado E.S.O., F.P. y Ens. Idiom, Art y Deport;Teruel;Facultad de Ciencias Sociales y Humanas de Teruel;Procesos de enseñanza-aprendizaje;Normal;Obligatoria;100.00;100.00;100.00;12;11;11;1.00;29/04/2018
2016;Máster;Profesorado E.S.O., F.P. y Ens. Idiom, Art y Deport;Zaragoza;Facultad de Educación;Practicum I. Integración y participación en el Centro y fundamentos del trabajo en el aula;Prácticas externas;Prácticas externas;100.00;99.30;99.30;427;424;424;1.00;29/04/2018
2016;Máster;Profesorado E.S.O., F.P. y Ens. Idiom, Art y Deport;Huesca;Facultad de Ciencias Humanas y de la Educación;Practicum I. Integración y participación en el Centro y fundamentos del trabajo en el aula;Prácticas externas;Prácticas externas;100.00;100.00;100.00;15;15;15;1.00;29/04/2018
2016;Máster;Profesorado E.S.O., F.P. y Ens. Idiom, Art y Deport;Teruel;Facultad de Ciencias Sociales y Humanas de Teruel;Practicum I. Integración y participación en el Centro y fundamentos del trabajo en el aula;Prácticas externas;Prácticas externas;100.00;90.91;90.91;11;10;10;1.00;29/04/2018
2016;Máster;Profesorado E.S.O., F.P. y Ens. Idiom, Art y Deport;Zaragoza;Facultad de Educación;Atención a los alumnos con necesidad específica de apoyo educativo;Normal;Optativa;100.00;100.00;100.00;110;110;110;1.01;29/04/2018
2016;Máster;Profesorado E.S.O., F.P. y Ens. Idiom, Art y Deport;Teruel;Facultad de Ciencias Sociales y Humanas de Teruel;Atención a los alumnos con necesidad específica de apoyo educativo;Normal;Optativa;;;;1;0;0;;29/04/2018
2016;Máster;Profesorado E.S.O., F.P. y Ens. Idiom, Art y Deport;Zaragoza;Facultad de Educación;Educación emocional en el profesorado;Normal;Optativa;100.00;99.30;99.30;143;142;142;1.00;29/04/2018
2016;Máster;Profesorado E.S.O., F.P. y Ens. Idiom, Art y Deport;Zaragoza;Facultad de Educación;Habilidades del pensamiento. Desarrollo en el proceso de enseñanza-aprendizaje;Normal;Optativa;100.00;100.00;100.00;33;33;33;1.15;29/04/2018
2016;Máster;Profesorado E.S.O., F.P. y Ens. Idiom, Art y Deport;Zaragoza;Facultad de Educación;Prevención y resolución de conflictos;Normal;Optativa;99.31;96.64;97.32;152;147;148;1.03;29/04/2018
2016;Máster;Profesorado E.S.O., F.P. y Ens. Idiom, Art y Deport;Huesca;Facultad de Ciencias Humanas y de la Educación;Prevención y resolución de conflictos;Normal;Optativa;100.00;100.00;100.00;18;18;18;1.00;29/04/2018
2016;Máster;Profesorado E.S.O., F.P. y Ens. Idiom, Art y Deport;Teruel;Facultad de Ciencias Sociales y Humanas de Teruel;Prevención y resolución de conflictos;Normal;Optativa;100.00;100.00;100.00;11;11;11;1.00;29/04/2018
2016;Máster;Profesorado E.S.O., F.P. y Ens. Idiom, Art y Deport;Teruel;Facultad de Ciencias Sociales y Humanas de Teruel;Diseño curricular de Dibujo y Artes Plásticas.;Normal;Obligatoria;100.00;91.67;91.67;12;11;11;1.00;29/04/2018
2016;Máster;Profesorado E.S.O., F.P. y Ens. Idiom, Art y Deport;Huesca;Facultad de Ciencias Humanas y de la Educación;Diseño curricular de Educación Física;Normal;Obligatoria;100.00;100.00;100.00;18;18;18;1.00;29/04/2018
2016;Máster;Profesorado E.S.O., F.P. y Ens. Idiom, Art y Deport;Zaragoza;Facultad de Educación;Diseño curricular de Filosofía, Geografía e Historia y Economía;Normal;Obligatoria;100.00;99.22;99.22;128;127;127;1.05;29/04/2018
2016;Máster;Profesorado E.S.O., F.P. y Ens. Idiom, Art y Deport;Zaragoza;Facultad de Educación;Diseño curricular de Física y Química y Biología y Geología;Normal;Obligatoria;98.21;96.49;98.25;57;55;56;1.02;29/04/2018
2016;Máster;Profesorado E.S.O., F.P. y Ens. Idiom, Art y Deport;Zaragoza;Facultad de Educación;Diseño curricular de Formación Profesional;Normal;Obligatoria;100.00;98.08;98.08;52;51;51;1.02;29/04/2018
2016;Máster;Profesorado E.S.O., F.P. y Ens. Idiom, Art y Deport;Zaragoza;Facultad de Educación;Diseño curricular de Lengua Castellana y Literatura y de Latín y Griego;Normal;Obligatoria;100.00;100.00;100.00;54;54;54;1.00;29/04/2018
2016;Máster;Profesorado E.S.O., F.P. y Ens. Idiom, Art y Deport;Zaragoza;Facultad de Educación;Diseño curricular de Lenguas Extranjeras.;Normal;Obligatoria;98.48;94.20;95.65;69;65;66;1.00;29/04/2018
2016;Máster;Profesorado E.S.O., F.P. y Ens. Idiom, Art y Deport;Zaragoza;Facultad de Educación;Diseño curricular de Matemáticas, Informática y Tecnología;Normal;Obligatoria;100.00;97.67;97.67;43;42;42;1.00;29/04/2018
2016;Máster;Profesorado E.S.O., F.P. y Ens. Idiom, Art y Deport;Zaragoza;Facultad de Educación;Diseño curricular de Música y Danza;Normal;Obligatoria;100.00;100.00;100.00;13;13;13;1.00;29/04/2018
2016;Máster;Profesorado E.S.O., F.P. y Ens. Idiom, Art y Deport;Zaragoza;Facultad de Educación;Diseño curricular de Orientación Educativa;Normal;Obligatoria;100.00;100.00;100.00;26;26;26;1.00;29/04/2018
2016;Máster;Profesorado E.S.O., F.P. y Ens. Idiom, Art y Deport;Zaragoza;Facultad de Educación;Contenidos disciplinares de biología;Normal;Obligatoria;100.00;100.00;100.00;8;8;8;1.00;29/04/2018
2016;Máster;Profesorado E.S.O., F.P. y Ens. Idiom, Art y Deport;Teruel;Facultad de Ciencias Sociales y Humanas de Teruel;Contenidos disciplinares de Dibujo y Artes Plásticas;Normal;Obligatoria;100.00;91.67;91.67;12;11;11;1.00;29/04/2018
2016;Máster;Profesorado E.S.O., F.P. y Ens. Idiom, Art y Deport;Zaragoza;Facultad de Educación;Contenidos disciplinares de Economía y Administración de Empresas;Normal;Obligatoria;100.00;96.30;96.30;27;26;26;1.00;29/04/2018
2016;Máster;Profesorado E.S.O., F.P. y Ens. Idiom, Art y Deport;Huesca;Facultad de Ciencias Humanas y de la Educación;Contenidos disciplinares de Educación Física en E.S.O. y Bachillerato de Educación Física;Normal;Obligatoria;100.00;100.00;100.00;18;18;18;1.00;29/04/2018
2016;Máster;Profesorado E.S.O., F.P. y Ens. Idiom, Art y Deport;Huesca;Facultad de Ciencias Humanas y de la Educación;Contenidos disciplinares de Educación Física en Formación Profesional y  Enseñanzas Deportivas;Normal;Optativa;100.00;100.00;100.00;12;12;12;1.00;29/04/2018
2016;Máster;Profesorado E.S.O., F.P. y Ens. Idiom, Art y Deport;Zaragoza;Facultad de Educación;Contenidos disciplinares de Filosofía;Normal;Obligatoria;100.00;100.00;100.00;16;16;16;1.00;29/04/2018
2016;Máster;Profesorado E.S.O., F.P. y Ens. Idiom, Art y Deport;Zaragoza;Facultad de Educación;Contenidos disciplinares de Física;Normal;Obligatoria;100.00;100.00;100.00;21;21;21;1.09;29/04/2018
2016;Máster;Profesorado E.S.O., F.P. y Ens. Idiom, Art y Deport;Zaragoza;Facultad de Educación;Contenidos disciplinares de Geografía;Normal;Obligatoria;100.00;100.00;100.00;26;26;26;1.00;29/04/2018
2016;Máster;Profesorado E.S.O., F.P. y Ens. Idiom, Art y Deport;Zaragoza;Facultad de Educación;Contenidos disciplinares de Geología;Normal;Obligatoria;100.00;100.00;100.00;16;16;16;1.00;29/04/2018
2016;Máster;Profesorado E.S.O., F.P. y Ens. Idiom, Art y Deport;Zaragoza;Facultad de Educación;Contenidos disciplinares de Historia;Normal;Obligatoria;100.00;100.00;100.00;13;13;13;1.00;29/04/2018
2016;Máster;Profesorado E.S.O., F.P. y Ens. Idiom, Art y Deport;Zaragoza;Facultad de Educación;Contenidos disciplinares de Historia del Arte;Normal;Obligatoria;100.00;100.00;100.00;49;49;49;1.00;29/04/2018
2016;Máster;Profesorado E.S.O., F.P. y Ens. Idiom, Art y Deport;Zaragoza;Facultad de Educación;Contenidos disciplinares de Informática;Normal;Obligatoria;100.00;100.00;100.00;5;5;5;1.00;29/04/2018
2016;Máster;Profesorado E.S.O., F.P. y Ens. Idiom, Art y Deport;Zaragoza;Facultad de Educación;Contenidos disciplinares de Lengua Castellana;Normal;Obligatoria;100.00;100.00;100.00;18;18;18;1.00;29/04/2018
2016;Máster;Profesorado E.S.O., F.P. y Ens. Idiom, Art y Deport;Zaragoza;Facultad de Educación;Contenidos disciplinares de Literatura;Normal;Obligatoria;100.00;100.00;100.00;35;35;35;1.00;29/04/2018
2016;Máster;Profesorado E.S.O., F.P. y Ens. Idiom, Art y Deport;Zaragoza;Facultad de Educación;Contenidos disciplinares de Matemáticas;Normal;Obligatoria;100.00;100.00;100.00;18;18;18;1.00;29/04/2018
2016;Máster;Profesorado E.S.O., F.P. y Ens. Idiom, Art y Deport;Zaragoza;Facultad de Educación;Contenidos disciplinares para materias de Música en esp. de E.S.O./Bach. de Música y Danza/Enseñanzas de Rég. Especial;Normal;Obligatoria;100.00;84.62;84.62;13;11;11;1.00;29/04/2018
2016;Máster;Profesorado E.S.O., F.P. y Ens. Idiom, Art y Deport;Zaragoza;Facultad de Educación;Contenidos disciplinares de Química;Normal;Obligatoria;100.00;100.00;100.00;10;10;10;1.00;29/04/2018
2016;Máster;Profesorado E.S.O., F.P. y Ens. Idiom, Art y Deport;Zaragoza;Facultad de Educación;Contenidos disciplinares de Tecnología;Normal;Obligatoria;100.00;95.00;95.00;20;19;19;1.00;29/04/2018
2016;Máster;Profesorado E.S.O., F.P. y Ens. Idiom, Art y Deport;Zaragoza;Facultad de Educación;La comunicación oral en lengua francesa;Normal;Obligatoria;100.00;94.44;94.44;18;17;17;1.00;29/04/2018
2016;Máster;Profesorado E.S.O., F.P. y Ens. Idiom, Art y Deport;Zaragoza;Facultad de Educación;La comunicación oral en lengua inglesa;Normal;Obligatoria;98.00;96.08;98.04;51;49;50;1.00;29/04/2018
2016;Máster;Profesorado E.S.O., F.P. y Ens. Idiom, Art y Deport;Zaragoza;Facultad de Educación;El orientador y sus funciones básicas;Normal;Obligatoria;100.00;92.59;92.59;27;25;25;1.00;29/04/2018
2016;Máster;Profesorado E.S.O., F.P. y Ens. Idiom, Art y Deport;Zaragoza;Facultad de Educación;El Sistema Nacional de Cualificaciones y Formación Profesional;Normal;Obligatoria;100.00;98.08;98.08;52;51;51;1.02;29/04/2018
2016;Máster;Profesorado E.S.O., F.P. y Ens. Idiom, Art y Deport;Teruel;Facultad de Ciencias Sociales y Humanas de Teruel;Fundamentos de diseño instruccional y metodologías de aprendizaje en la especialidad de Dibujo y Artes Plásticas;Normal;Obligatoria;100.00;91.67;91.67;12;11;11;1.00;29/04/2018
2016;Máster;Profesorado E.S.O., F.P. y Ens. Idiom, Art y Deport;Huesca;Facultad de Ciencias Humanas y de la Educación;Fundamentos de diseño instruccional y metodologías de aprendizaje en la especialidad de Educación Física;Normal;Obligatoria;100.00;100.00;100.00;18;18;18;1.00;29/04/2018
2016;Máster;Profesorado E.S.O., F.P. y Ens. Idiom, Art y Deport;Zaragoza;Facultad de Educación;Fundamentos de diseño instruccional y metodologías de aprendizaje en las esp. de Filosofía, Geografía e Hª/Eco.y Empresa;Normal;Obligatoria;99.21;98.43;99.21;127;125;126;1.03;29/04/2018
2016;Máster;Profesorado E.S.O., F.P. y Ens. Idiom, Art y Deport;Zaragoza;Facultad de Educación;Fundamentos de diseño instruccional y metodologías de aprendizaje en las esp. de Fisica y Química y Biología y Geología;Normal;Obligatoria;100.00;96.43;96.43;56;54;54;1.16;29/04/2018
2016;Máster;Profesorado E.S.O., F.P. y Ens. Idiom, Art y Deport;Zaragoza;Facultad de Educación;Fundamentos de diseño instruccional y metodologías de aprendizaje en las esp. Lengua Castellana y Lit./Latín y Griego;Normal;Obligatoria;100.00;100.00;100.00;54;54;54;1.00;29/04/2018
2016;Máster;Profesorado E.S.O., F.P. y Ens. Idiom, Art y Deport;Zaragoza;Facultad de Educación;Fundamentos de diseño instruccional y metodologías de aprendizaje en la especialidad de Lenguas Extranjeras;Normal;Obligatoria;98.53;97.10;98.55;69;67;68;1.01;29/04/2018
2016;Máster;Profesorado E.S.O., F.P. y Ens. Idiom, Art y Deport;Zaragoza;Facultad de Educación;Fundamentos de diseño instruccional y metodologías de aprendizaje en las esp. de Matemáticas/Tecnología e Informática;Normal;Obligatoria;100.00;97.62;97.62;42;41;41;1.00;29/04/2018
2016;Máster;Profesorado E.S.O., F.P. y Ens. Idiom, Art y Deport;Zaragoza;Facultad de Educación;Fundamentos de diseño instruccional y metodologías de aprendizaje en la especialidad de Música y Danza;Normal;Obligatoria;100.00;100.00;100.00;13;13;13;1.00;29/04/2018
2016;Máster;Profesorado E.S.O., F.P. y Ens. Idiom, Art y Deport;Zaragoza;Facultad de Educación;Fundamentos de diseño instruccional y metodologías de aprendizaje en la especialidad de Orientación Educativa;Normal;Obligatoria;100.00;100.00;100.00;25;25;25;1.02;29/04/2018
2016;Máster;Profesorado E.S.O., F.P. y Ens. Idiom, Art y Deport;Zaragoza;Facultad de Educación;Fundamentos de diseño instruccional y metodologías de aprendizaje en las especialidades de Formación Profesional;Normal;Obligatoria;100.00;98.15;98.15;54;53;53;1.00;29/04/2018
2016;Máster;Profesorado E.S.O., F.P. y Ens. Idiom, Art y Deport;Zaragoza;Facultad de Educación;Diseño, organización y desarrollo actividades para el aprendizaje de la Admón, Comercio, Hostelería, Informát y F.O.L.;Normal;Obligatoria;100.00;100.00;100.00;25;25;25;1.00;29/04/2018
2016;Máster;Profesorado E.S.O., F.P. y Ens. Idiom, Art y Deport;Zaragoza;Facultad de Educación;Diseño, organización y desarrollo de actividades para el aprendizaje de Biología y Geología;Normal;Obligatoria;100.00;100.00;100.00;25;25;25;1.00;29/04/2018
2016;Máster;Profesorado E.S.O., F.P. y Ens. Idiom, Art y Deport;Teruel;Facultad de Ciencias Sociales y Humanas de Teruel;Diseño, organización y desarrollo de actividades para el aprendizaje de Dibujo y Artes Plásticas;Normal;Obligatoria;100.00;91.67;91.67;12;11;11;1.00;29/04/2018
2016;Máster;Profesorado E.S.O., F.P. y Ens. Idiom, Art y Deport;Zaragoza;Facultad de Educación;Diseño, organización y desarrollo de actividades para el aprendizaje de Economía y la Empresa.;Normal;Obligatoria;100.00;96.15;96.15;26;25;25;1.00;29/04/2018
2016;Máster;Profesorado E.S.O., F.P. y Ens. Idiom, Art y Deport;Huesca;Facultad de Ciencias Humanas y de la Educación;Diseño, organización y desarrollo de actividades para el aprendizaje de Educación Física;Normal;Obligatoria;100.00;100.00;100.00;19;19;19;1.11;29/04/2018
2016;Máster;Profesorado E.S.O., F.P. y Ens. Idiom, Art y Deport;Zaragoza;Facultad de Educación;Diseño, organización y desarrollo de actividades para el aprendizaje de Filosofía;Normal;Obligatoria;100.00;100.00;100.00;16;16;16;1.00;29/04/2018
2016;Máster;Profesorado E.S.O., F.P. y Ens. Idiom, Art y Deport;Zaragoza;Facultad de Educación;Diseño, organización y desarrollo de actividades para el aprendizaje de Física y Química;Normal;Obligatoria;96.77;96.77;100.00;31;30;31;1.03;29/04/2018
2016;Máster;Profesorado E.S.O., F.P. y Ens. Idiom, Art y Deport;Zaragoza;Facultad de Educación;Diseño, organización y desarrollo de actividades para el aprendizaje de Francés;Normal;Obligatoria;100.00;94.44;94.44;18;17;17;1.00;29/04/2018
2016;Máster;Profesorado E.S.O., F.P. y Ens. Idiom, Art y Deport;Zaragoza;Facultad de Educación;Diseño, organización y desarrollo de actividades para el aprendizaje de Geografía e Historia;Normal;Obligatoria;96.55;95.45;98.86;88;84;87;1.01;29/04/2018
2016;Máster;Profesorado E.S.O., F.P. y Ens. Idiom, Art y Deport;Zaragoza;Facultad de Educación;Diseño, organización y desarrollo de actividades para el aprendizaje de Informática y Tecnología;Normal;Obligatoria;100.00;96.15;96.15;26;25;25;1.00;29/04/2018
2016;Máster;Profesorado E.S.O., F.P. y Ens. Idiom, Art y Deport;Zaragoza;Facultad de Educación;Diseño, organización y desarrollo de actividades para el aprendizaje de Inglés;Normal;Obligatoria;100.00;98.00;98.00;50;49;49;1.00;29/04/2018
2016;Máster;Profesorado E.S.O., F.P. y Ens. Idiom, Art y Deport;Zaragoza;Facultad de Educación;Diseño, organización y desarrollo de actividades para el aprendizaje de Lengua Castellana y Literatura;Normal;Obligatoria;98.15;98.15;100.00;54;53;54;1.00;29/04/2018
2016;Máster;Profesorado E.S.O., F.P. y Ens. Idiom, Art y Deport;Zaragoza;Facultad de Educación;Diseño, organización y desarrollo de actividades para el aprendizaje de Matemáticas;Normal;Obligatoria;100.00;100.00;100.00;18;18;18;1.00;29/04/2018
2016;Máster;Profesorado E.S.O., F.P. y Ens. Idiom, Art y Deport;Zaragoza;Facultad de Educación;Diseño, organización y desarrollo de actividades para el aprendizaje de Música en E.S.O. y Bachillerato;Normal;Obligatoria;100.00;84.62;84.62;13;11;11;1.00;29/04/2018
2016;Máster;Profesorado E.S.O., F.P. y Ens. Idiom, Art y Deport;Zaragoza;Facultad de Educación;Diseño, organización y desarrollo de actividades para el aprendizaje de Procesos Industriales;Normal;Obligatoria;100.00;100.00;100.00;11;11;11;1.00;29/04/2018
2016;Máster;Profesorado E.S.O., F.P. y Ens. Idiom, Art y Deport;Zaragoza;Facultad de Educación;Diseño, organización y desarrollo de actividades para el aprendizaje de los Procesos Químicos, Sanitarios, Agrarios...;Normal;Obligatoria;100.00;92.86;92.86;14;13;13;1.00;29/04/2018
2016;Máster;Profesorado E.S.O., F.P. y Ens. Idiom, Art y Deport;Zaragoza;Facultad de Educación;La orientación educativa: estrategias y procesos de trabajo;Normal;Obligatoria;100.00;96.00;96.00;25;24;24;1.00;29/04/2018
2016;Máster;Profesorado E.S.O., F.P. y Ens. Idiom, Art y Deport;Zaragoza;Facultad de Educación;El entorno productivo de Administración, Comercio, Hostelería e Informática;Normal;Obligatoria;100.00;100.00;100.00;27;27;27;1.04;29/04/2018
2016;Máster;Profesorado E.S.O., F.P. y Ens. Idiom, Art y Deport;Zaragoza;Facultad de Educación;El entorno productivo de Procesos Industriales;Normal;Obligatoria;100.00;100.00;100.00;11;11;11;1.00;29/04/2018
2016;Máster;Profesorado E.S.O., F.P. y Ens. Idiom, Art y Deport;Zaragoza;Facultad de Educación;El entorno productivo de los Procesos Químicos, Sanitarios, Agrarios...;Normal;Obligatoria;100.00;92.86;92.86;14;13;13;1.00;29/04/2018
2016;Máster;Profesorado E.S.O., F.P. y Ens. Idiom, Art y Deport;Zaragoza;Facultad de Educación;Evaluación e innovación docente e investigación educativa en Admón, Comercio, Hostelería, Informática y F.O.L.;Normal;Obligatoria;100.00;100.00;100.00;26;26;26;1.12;29/04/2018
2016;Máster;Profesorado E.S.O., F.P. y Ens. Idiom, Art y Deport;Zaragoza;Facultad de Educación;Evaluación e innovación docente e investigación educativa en Biología y Geología;Normal;Obligatoria;100.00;96.00;96.00;25;24;24;1.00;29/04/2018
2016;Máster;Profesorado E.S.O., F.P. y Ens. Idiom, Art y Deport;Teruel;Facultad de Ciencias Sociales y Humanas de Teruel;Evaluación e innovación docente e investigación educativa en Dibujo y Artes Plásticas;Normal;Obligatoria;100.00;92.31;92.31;13;12;12;1.00;29/04/2018
2016;Máster;Profesorado E.S.O., F.P. y Ens. Idiom, Art y Deport;Zaragoza;Facultad de Educación;Evaluación e innovación docente e investigación educativa en Economía y la Empresa;Normal;Obligatoria;100.00;96.15;96.15;26;25;25;1.00;29/04/2018
2016;Máster;Profesorado E.S.O., F.P. y Ens. Idiom, Art y Deport;Huesca;Facultad de Ciencias Humanas y de la Educación;Evaluación e innovación docente e investigación educativa en Educación Física;Normal;Obligatoria;100.00;100.00;100.00;19;19;19;1.05;29/04/2018
2016;Máster;Profesorado E.S.O., F.P. y Ens. Idiom, Art y Deport;Zaragoza;Facultad de Educación;Evaluación e innovación docente e investigación educativa en Filosofía;Normal;Obligatoria;100.00;100.00;100.00;16;16;16;1.00;29/04/2018
2016;Máster;Profesorado E.S.O., F.P. y Ens. Idiom, Art y Deport;Zaragoza;Facultad de Educación;Evaluación e innovación docente e investigación educativa en Física y Química;Normal;Obligatoria;100.00;93.94;93.94;33;31;31;1.00;29/04/2018
2016;Máster;Profesorado E.S.O., F.P. y Ens. Idiom, Art y Deport;Zaragoza;Facultad de Educación;Evaluación e innovación docente e investigación educativa en Francés;Normal;Obligatoria;100.00;94.44;94.44;18;17;17;1.00;29/04/2018
2016;Máster;Profesorado E.S.O., F.P. y Ens. Idiom, Art y Deport;Zaragoza;Facultad de Educación;Evaluación e innovación docente e investigación educativa en Geografía e Historia.;Normal;Obligatoria;95.65;93.62;97.87;94;88;92;1.14;29/04/2018
2016;Máster;Profesorado E.S.O., F.P. y Ens. Idiom, Art y Deport;Zaragoza;Facultad de Educación;Evaluación e innovación docente e investigación educativa en Informática y Tecnología;Normal;Obligatoria;100.00;96.00;96.00;25;24;24;1.00;29/04/2018
2016;Máster;Profesorado E.S.O., F.P. y Ens. Idiom, Art y Deport;Zaragoza;Facultad de Educación;Evaluación e innovación docente e investigación educativa en Inglés;Normal;Obligatoria;100.00;98.00;98.00;50;49;49;1.00;29/04/2018
2016;Máster;Profesorado E.S.O., F.P. y Ens. Idiom, Art y Deport;Zaragoza;Facultad de Educación;Evaluación e innovación docente e investigación educativa en Lengua Castellana y Literatura;Normal;Obligatoria;100.00;100.00;100.00;54;54;54;1.00;29/04/2018
2016;Máster;Profesorado E.S.O., F.P. y Ens. Idiom, Art y Deport;Zaragoza;Facultad de Educación;Evaluación e innovación docente e investigación educativa en Matemáticas;Normal;Obligatoria;100.00;94.74;94.74;19;18;18;1.00;29/04/2018
2016;Máster;Profesorado E.S.O., F.P. y Ens. Idiom, Art y Deport;Zaragoza;Facultad de Educación;Evaluación e innovación docente e investigación educativa en Música y Danza;Normal;Obligatoria;100.00;92.31;92.31;13;12;12;1.00;29/04/2018
2016;Máster;Profesorado E.S.O., F.P. y Ens. Idiom, Art y Deport;Zaragoza;Facultad de Educación;Evaluación e innovación docente e investigación educativa en Orientación Educativa;Normal;Obligatoria;100.00;92.86;92.86;28;26;26;1.00;29/04/2018
2016;Máster;Profesorado E.S.O., F.P. y Ens. Idiom, Art y Deport;Zaragoza;Facultad de Educación;Evaluación e innovación docente e investigación educativa en Procesos Industriales;Normal;Obligatoria;100.00;100.00;100.00;11;11;11;1.00;29/04/2018
2016;Máster;Profesorado E.S.O., F.P. y Ens. Idiom, Art y Deport;Zaragoza;Facultad de Educación;Evaluación e innovación docente e investigación educativa en ámbito de la esp. Procesos Químicos, Sanitarios, Agrarios..;Normal;Obligatoria;100.00;93.33;93.33;15;14;14;1.00;29/04/2018
2016;Máster;Profesorado E.S.O., F.P. y Ens. Idiom, Art y Deport;Zaragoza;Facultad de Educación;Diseño de materiales para la educación a distancia;Normal;Optativa;100.00;100.00;100.00;66;66;66;1.00;29/04/2018
2016;Máster;Profesorado E.S.O., F.P. y Ens. Idiom, Art y Deport;Zaragoza;Facultad de Educación;Educación secundaria para personas adultas;Normal;Optativa;100.00;97.22;97.22;36;35;35;1.00;29/04/2018
2016;Máster;Profesorado E.S.O., F.P. y Ens. Idiom, Art y Deport;Zaragoza;Facultad de Educación;Enseñanza del español como lengua de aprendizaje para alumnado inmigrante;Normal;Optativa;100.00;98.55;98.55;69;68;68;1.01;29/04/2018
2016;Máster;Profesorado E.S.O., F.P. y Ens. Idiom, Art y Deport;Zaragoza;Facultad de Educación;Habilidades comunicativas para profesores;Normal;Optativa;99.22;96.24;96.99;133;128;129;1.00;29/04/2018
2016;Máster;Profesorado E.S.O., F.P. y Ens. Idiom, Art y Deport;Huesca;Facultad de Ciencias Humanas y de la Educación;Habilidades comunicativas para profesores;Normal;Optativa;100.00;100.00;100.00;6;6;6;1.00;29/04/2018
2016;Máster;Profesorado E.S.O., F.P. y Ens. Idiom, Art y Deport;Teruel;Facultad de Ciencias Sociales y Humanas de Teruel;Habilidades comunicativas para profesores;Normal;Optativa;100.00;91.67;91.67;12;11;11;1.00;29/04/2018
2016;Máster;Profesorado E.S.O., F.P. y Ens. Idiom, Art y Deport;Zaragoza;Facultad de Educación;Recursos didácticos para la enseñanza de materias en lengua extranjera - Francés;Normal;Optativa;100.00;100.00;100.00;9;9;9;1.00;29/04/2018
2016;Máster;Profesorado E.S.O., F.P. y Ens. Idiom, Art y Deport;Zaragoza;Facultad de Educación;Recursos didácticos para la enseñanza de materias en lengua extranjera - Inglés;Normal;Optativa;100.00;91.94;91.94;62;57;57;1.00;29/04/2018
2016;Máster;Profesorado E.S.O., F.P. y Ens. Idiom, Art y Deport;Zaragoza;Facultad de Educación;Tecnologías de información y comunicación para el aprendizaje;Normal;Optativa;100.00;100.00;100.00;71;71;71;1.00;29/04/2018
2016;Máster;Profesorado E.S.O., F.P. y Ens. Idiom, Art y Deport;Zaragoza;Facultad de Educación;Practicum 2: Diseño curricular y actividades de aprendizaje en el ámbito de esp. Admón, Comercio, Host, Informat, FOL;Prácticas externas;Prácticas externas;100.00;100.00;100.00;23;23;23;1.00;29/04/2018
2016;Máster;Profesorado E.S.O., F.P. y Ens. Idiom, Art y Deport;Zaragoza;Facultad de Educación;Prácticum 2: Diseño curricular y actividades de aprendizaje en Biología y Geología;Prácticas externas;Prácticas externas;100.00;100.00;100.00;25;25;25;1.00;29/04/2018
2016;Máster;Profesorado E.S.O., F.P. y Ens. Idiom, Art y Deport;Teruel;Facultad de Ciencias Sociales y Humanas de Teruel;Prácticum 2: Diseño curricular y actividades de aprendizaje en Dibujo y Artes Plásticas;Prácticas externas;Prácticas externas;100.00;90.91;90.91;11;10;10;1.00;29/04/2018
2016;Máster;Profesorado E.S.O., F.P. y Ens. Idiom, Art y Deport;Zaragoza;Facultad de Educación;Prácticum 2: Diseño curricular y actividades de aprendizaje en Economía y Empresa;Prácticas externas;Prácticas externas;100.00;96.00;96.00;25;24;24;1.00;29/04/2018
2016;Máster;Profesorado E.S.O., F.P. y Ens. Idiom, Art y Deport;Huesca;Facultad de Ciencias Humanas y de la Educación;Prácticum 2: Diseño curricular y actividades de aprendizaje en Educación Física;Prácticas externas;Prácticas externas;100.00;100.00;100.00;18;18;18;1.00;29/04/2018
2016;Máster;Profesorado E.S.O., F.P. y Ens. Idiom, Art y Deport;Zaragoza;Facultad de Educación;Prácticum 2: Diseño curricular y actividades de aprendizaje en Filosofía;Prácticas externas;Prácticas externas;100.00;100.00;100.00;16;16;16;1.00;29/04/2018
2016;Máster;Profesorado E.S.O., F.P. y Ens. Idiom, Art y Deport;Zaragoza;Facultad de Educación;Prácticum 2: Diseño curricular y actividades de aprendizaje en Física y Química;Prácticas externas;Prácticas externas;100.00;96.88;96.88;32;31;31;1.00;29/04/2018
2016;Máster;Profesorado E.S.O., F.P. y Ens. Idiom, Art y Deport;Zaragoza;Facultad de Educación;Prácticum 2: Diseño curricular y actividades de aprendizaje en Geografía e Historia;Prácticas externas;Prácticas externas;100.00;98.86;98.86;88;87;87;1.00;29/04/2018
2016;Máster;Profesorado E.S.O., F.P. y Ens. Idiom, Art y Deport;Zaragoza;Facultad de Educación;Prácticum 2: Diseño curricular y actividades de aprendizaje en Lengua Castellana y Literatura;Prácticas externas;Prácticas externas;100.00;100.00;100.00;54;54;54;1.00;29/04/2018
2016;Máster;Profesorado E.S.O., F.P. y Ens. Idiom, Art y Deport;Zaragoza;Facultad de Educación;Prácticum 2: Diseño curricular y actividades de aprendizaje en Lenguas Extranjeras - Francés;Prácticas externas;Prácticas externas;100.00;93.75;93.75;16;15;15;1.00;29/04/2018
2016;Máster;Profesorado E.S.O., F.P. y Ens. Idiom, Art y Deport;Zaragoza;Facultad de Educación;Prácticum 2: Diseño curricular y actividades de aprendizaje en Lenguas Extranjeras - Inglés;Prácticas externas;Prácticas externas;97.87;95.83;97.92;48;46;47;1.08;29/04/2018
2016;Máster;Profesorado E.S.O., F.P. y Ens. Idiom, Art y Deport;Zaragoza;Facultad de Educación;Prácticum 2: Diseño curricular y actividades de aprendizaje en Matemáticas;Prácticas externas;Prácticas externas;100.00;95.00;95.00;20;19;19;1.00;29/04/2018
2016;Máster;Profesorado E.S.O., F.P. y Ens. Idiom, Art y Deport;Zaragoza;Facultad de Educación;Prácticum 2: Diseño curricular y actividades de aprendizaje en Música y Danza;Prácticas externas;Prácticas externas;100.00;91.67;91.67;12;11;11;1.00;29/04/2018
2016;Máster;Profesorado E.S.O., F.P. y Ens. Idiom, Art y Deport;Zaragoza;Facultad de Educación;Prácticum 2: Diseño curricular y actividades de aprendizaje en Orientación Educativa;Prácticas externas;Prácticas externas;100.00;96.00;96.00;25;24;24;1.00;29/04/2018
2016;Máster;Profesorado E.S.O., F.P. y Ens. Idiom, Art y Deport;Zaragoza;Facultad de Educación;Prácticum 2: Diseño curricular y actividades de aprendizaje en Procesos Industriales;Prácticas externas;Prácticas externas;100.00;100.00;100.00;11;11;11;1.00;29/04/2018
2016;Máster;Profesorado E.S.O., F.P. y Ens. Idiom, Art y Deport;Zaragoza;Facultad de Educación;Practicum 2: Diseño curricular y actividades de aprendizaje en el ámbito de esp. Procesos Químicos,Sanitarios,Agrarios..;Prácticas externas;Prácticas externas;100.00;92.31;92.31;13;12;12;1.00;29/04/2018
2016;Máster;Profesorado E.S.O., F.P. y Ens. Idiom, Art y Deport;Zaragoza;Facultad de Educación;Prácticum 2: Diseño curricular y actividades de aprendizaje en Tecnología e Informática;Prácticas externas;Prácticas externas;100.00;95.45;95.45;22;21;21;1.00;29/04/2018
2016;Máster;Profesorado E.S.O., F.P. y Ens. Idiom, Art y Deport;Zaragoza;Facultad de Educación;Practicum 3: Evalu. e innov. docencia e investigación educativa en ámbito esp. Admón, Comercio, Host, Inform. y FOL;Prácticas externas;Prácticas externas;100.00;100.00;100.00;24;24;24;1.00;29/04/2018
2016;Máster;Profesorado E.S.O., F.P. y Ens. Idiom, Art y Deport;Zaragoza;Facultad de Educación;Prácticum 3: Evaluación e innovación de la docencia e investigación educativa en Biología y Geología;Prácticas externas;Prácticas externas;100.00;100.00;100.00;25;25;25;1.00;29/04/2018
2016;Máster;Profesorado E.S.O., F.P. y Ens. Idiom, Art y Deport;Teruel;Facultad de Ciencias Sociales y Humanas de Teruel;Prácticum 3: Evaluación e innovación de la docencia e investigación educativa en Dibujo y Artes Plásticas;Prácticas externas;Prácticas externas;100.00;91.67;91.67;12;11;11;1.00;29/04/2018
2016;Máster;Profesorado E.S.O., F.P. y Ens. Idiom, Art y Deport;Zaragoza;Facultad de Educación;Prácticum 3: Evaluación e innovación de la docencia e investigación educativa en Economía y Empresa;Prácticas externas;Prácticas externas;100.00;96.00;96.00;25;24;24;1.00;29/04/2018
2016;Máster;Profesorado E.S.O., F.P. y Ens. Idiom, Art y Deport;Huesca;Facultad de Ciencias Humanas y de la Educación;Prácticum 3: Evaluación e innovación de la docencia e investigación educativa en Educación Física;Prácticas externas;Prácticas externas;100.00;100.00;100.00;18;18;18;1.00;29/04/2018
2016;Máster;Profesorado E.S.O., F.P. y Ens. Idiom, Art y Deport;Zaragoza;Facultad de Educación;Prácticum 3: Evaluación e innovación de la docencia e investigación educativa en Filosofía;Prácticas externas;Prácticas externas;100.00;100.00;100.00;16;16;16;1.00;29/04/2018
2016;Máster;Profesorado E.S.O., F.P. y Ens. Idiom, Art y Deport;Zaragoza;Facultad de Educación;Prácticum 3: Evaluación e innovación de la docencia e investigación educativa en Física y Química;Prácticas externas;Prácticas externas;100.00;96.97;96.97;33;32;32;1.00;29/04/2018
2016;Máster;Profesorado E.S.O., F.P. y Ens. Idiom, Art y Deport;Zaragoza;Facultad de Educación;Prácticum 3: Evaluación e innovación de la docencia e investigación educativa en Geografía e Historia;Prácticas externas;Prácticas externas;97.80;95.70;97.85;93;89;91;1.08;29/04/2018
2016;Máster;Profesorado E.S.O., F.P. y Ens. Idiom, Art y Deport;Zaragoza;Facultad de Educación;Prácticum 3: Evaluación e innovación de la docencia e investigación educativa en Lengua Castellana y Literatura;Prácticas externas;Prácticas externas;100.00;100.00;100.00;54;54;54;1.00;29/04/2018
2016;Máster;Profesorado E.S.O., F.P. y Ens. Idiom, Art y Deport;Zaragoza;Facultad de Educación;Prácticum 3: Evaluación e innovación de la docencia e investigación educativa en Lenguas Extranjeras - Francés;Prácticas externas;Prácticas externas;100.00;94.44;94.44;18;17;17;1.00;29/04/2018
2016;Máster;Profesorado E.S.O., F.P. y Ens. Idiom, Art y Deport;Zaragoza;Facultad de Educación;Prácticum 3: Evaluación e innovación de la docencia e investigación educativa en Lenguas Extranjeras - Inglés;Prácticas externas;Prácticas externas;98.00;96.08;98.04;51;49;50;1.08;29/04/2018
2016;Máster;Profesorado E.S.O., F.P. y Ens. Idiom, Art y Deport;Zaragoza;Facultad de Educación;Prácticum 3: Evaluación e innovación de la docencia e investigación educativa en Matemáticas;Prácticas externas;Prácticas externas;100.00;95.00;95.00;20;19;19;1.00;29/04/2018
2016;Máster;Profesorado E.S.O., F.P. y Ens. Idiom, Art y Deport;Zaragoza;Facultad de Educación;Prácticum 3: Evaluación e innovación de la docencia e investigación educativa en Música y Danza;Prácticas externas;Prácticas externas;100.00;91.67;91.67;12;11;11;1.00;29/04/2018
2016;Máster;Profesorado E.S.O., F.P. y Ens. Idiom, Art y Deport;Zaragoza;Facultad de Educación;Prácticum 3: Evaluación e innovación de la docencia e investigación educativa en Orientación Educativa;Prácticas externas;Prácticas externas;100.00;96.00;96.00;25;24;24;1.00;29/04/2018
2016;Máster;Profesorado E.S.O., F.P. y Ens. Idiom, Art y Deport;Zaragoza;Facultad de Educación;Prácticum 3: Evaluación e innovación de la docencia e investigación educativa en Procesos Industriales;Prácticas externas;Prácticas externas;100.00;100.00;100.00;11;11;11;1.00;29/04/2018
2016;Máster;Profesorado E.S.O., F.P. y Ens. Idiom, Art y Deport;Zaragoza;Facultad de Educación;Practicum 3: Evaluación e innovación de la docencia e invest. educativa en ámbito esp. Procesos Químicos, Sanitarios...;Prácticas externas;Prácticas externas;100.00;92.31;92.31;13;12;12;1.00;29/04/2018
2016;Máster;Profesorado E.S.O., F.P. y Ens. Idiom, Art y Deport;Zaragoza;Facultad de Educación;Prácticum 3: Evaluación e innovación de la docencia e investigación educativa en Tecnología e Informática;Prácticas externas;Prácticas externas;100.00;91.30;91.30;23;21;21;1.00;29/04/2018
2016;Máster;Salud pública;Zaragoza;Facultad de Medicina;Trabajo fin de Máster;Trabajo fin de máster;Trabajo fin de máster;100.00;82.76;82.76;29;24;24;1.00;29/04/2018
2016;Máster;Salud pública;Zaragoza;Facultad de Medicina;Introducción a la Salud Pública;Normal;Obligatoria;100.00;100.00;100.00;22;22;22;1.08;29/04/2018
2016;Máster;Salud pública;Zaragoza;Facultad de Medicina;Metodología en Salud Pública I;Normal;Obligatoria;100.00;95.45;95.45;22;21;21;1.12;29/04/2018
2016;Máster;Salud pública;Zaragoza;Facultad de Medicina;Metodología en Salud Pública II;Normal;Obligatoria;100.00;100.00;100.00;22;22;22;1.00;29/04/2018
2016;Máster;Salud pública;Zaragoza;Facultad de Medicina;Planificación, evaluación y gestión sanitaria;Normal;Obligatoria;100.00;100.00;100.00;22;22;22;1.00;29/04/2018
2016;Máster;Salud pública;Zaragoza;Facultad de Medicina;Prevención de la enfermedad, promoción y protección de la salud;Normal;Obligatoria;100.00;100.00;100.00;25;25;25;1.00;29/04/2018
2016;Máster;Salud pública;Zaragoza;Facultad de Medicina;Estadística avanzada;Normal;Optativa;100.00;100.00;100.00;17;17;17;1.00;29/04/2018
2016;Máster;Salud pública;Zaragoza;Facultad de Medicina;Epidemiología avanzada;Normal;Optativa;100.00;100.00;100.00;19;19;19;1.00;29/04/2018
2016;Máster;Salud pública;Zaragoza;Facultad de Medicina;Farmacoepidemiología;Normal;Optativa;100.00;100.00;100.00;8;8;8;1.00;29/04/2018
2016;Máster;Salud pública;Zaragoza;Facultad de Medicina;Farmacovigilancia y uso racional del medicamento;Normal;Optativa;100.00;100.00;100.00;10;10;10;1.00;29/04/2018
2016;Máster;Salud pública;Zaragoza;Facultad de Medicina;Sistemas de análisis y evaluación de los riesgos alimentarios;Normal;Optativa;100.00;100.00;100.00;12;12;12;1.00;29/04/2018
2016;Máster;Salud pública;Zaragoza;Facultad de Medicina;Evaluación de servicios sanitarios;Normal;Optativa;100.00;100.00;100.00;18;18;18;1.00;29/04/2018
2016;Máster;Salud pública;Zaragoza;Facultad de Medicina;Calidad y seguridad en los servicios sanitarios;Normal;Optativa;100.00;100.00;100.00;21;21;21;1.00;29/04/2018
2016;Máster;Salud pública;Zaragoza;Facultad de Medicina;Medicina preventiva;Normal;Optativa;100.00;100.00;100.00;18;18;18;1.00;29/04/2018
2016;Máster;Salud pública;Zaragoza;Facultad de Medicina;Herramientas cartográficas para los estudios epidemiológicos y de salud pública;Normal;Optativa;100.00;100.00;100.00;18;18;18;1.00;29/04/2018
2016;Máster;Salud pública;Zaragoza;Facultad de Medicina;Investigación cualitativa en salud pública;Normal;Optativa;100.00;100.00;100.00;20;20;20;1.00;29/04/2018
2016;Máster;Relaciones de Género;Zaragoza;Facultad de Ciencias Sociales y del Trabajo;La perspectiva de género;Normal;Obligatoria;100.00;100.00;100.00;20;20;20;1.00;29/04/2018
2016;Máster;Relaciones de Género;Zaragoza;Facultad de Ciencias Sociales y del Trabajo;Igualdad y no discriminación como principios jurídicos;Normal;Obligatoria;100.00;100.00;100.00;20;20;20;1.00;29/04/2018
2016;Máster;Relaciones de Género;Zaragoza;Facultad de Ciencias Sociales y del Trabajo;Teorías feministas contemporáneas;Normal;Obligatoria;100.00;100.00;100.00;20;20;20;1.00;29/04/2018
2016;Máster;Relaciones de Género;Zaragoza;Facultad de Ciencias Sociales y del Trabajo;Salud, sexualidad y relaciones de género en la familia;Normal;Obligatoria;100.00;100.00;100.00;20;20;20;1.00;29/04/2018
2016;Máster;Relaciones de Género;Zaragoza;Facultad de Ciencias Sociales y del Trabajo;Conceptos y categorias del pensamiento feminista;Normal;Obligatoria;100.00;90.91;90.91;11;10;10;1.00;29/04/2018
2016;Máster;Relaciones de Género;Zaragoza;Facultad de Ciencias Sociales y del Trabajo;Historia de las mujeres en Occidente;Normal;Obligatoria;100.00;100.00;100.00;11;11;11;1.09;29/04/2018
2016;Máster;Relaciones de Género;Zaragoza;Facultad de Ciencias Sociales y del Trabajo;Estudios de feminismo, literatura, artes y cine, desde la perspectiva de género;Normal;Obligatoria;100.00;90.91;90.91;11;10;10;1.00;29/04/2018
2016;Máster;Relaciones de Género;Zaragoza;Facultad de Ciencias Sociales y del Trabajo;Seminario de Técnicas de Investigación Género y Construcción (itinerario investigador);Normal;Obligatoria;100.00;100.00;100.00;11;11;11;1.00;29/04/2018
2016;Máster;Relaciones de Género;Zaragoza;Facultad de Ciencias Sociales y del Trabajo;Trabajo fin de Máster Género y Construcción (itinerario investigador);Trabajo fin de máster;Trabajo fin de máster;100.00;58.33;58.33;12;7;7;1.00;29/04/2018
2016;Máster;Relaciones de Género;Zaragoza;Facultad de Ciencias Sociales y del Trabajo;Trabajo fin de Máster Género y Construcción (itinerario profesional);Trabajo fin de máster;Trabajo fin de máster;100.00;50.00;50.00;2;1;1;1.00;29/04/2018
2016;Máster;Relaciones de Género;Zaragoza;Facultad de Ciencias Sociales y del Trabajo;La relación contractual de las mujeres y la negociación colectiva;Normal;Obligatoria;100.00;100.00;100.00;10;10;10;1.00;29/04/2018
2016;Máster;Relaciones de Género;Zaragoza;Facultad de Ciencias Sociales y del Trabajo;La situación de las mujeres en el mercado laboral;Normal;Obligatoria;100.00;100.00;100.00;10;10;10;1.00;29/04/2018
2016;Máster;Relaciones de Género;Zaragoza;Facultad de Ciencias Sociales y del Trabajo;Protección social;Normal;Obligatoria;100.00;100.00;100.00;10;10;10;1.00;29/04/2018
2016;Máster;Relaciones de Género;Zaragoza;Facultad de Ciencias Sociales y del Trabajo;Seminario de Técnicas de Investigación Género y Trabajo (itinerario investigador);Normal;Obligatoria;100.00;100.00;100.00;11;11;11;1.00;29/04/2018
2016;Máster;Relaciones de Género;Zaragoza;Facultad de Ciencias Sociales y del Trabajo;Trabajo fin de Máster Género y Trabajo (itinerario investigador);Trabajo fin de máster;Trabajo fin de máster;100.00;75.00;75.00;12;9;9;1.00;29/04/2018
2016;Máster;Prevención de riesgos laborales;Zaragoza;Facultad de Derecho;Técnicas de mejora de las condiciones de trabajo;Normal;Obligatoria;100.00;100.00;100.00;21;21;21;1.00;29/04/2018
2016;Máster;Prevención de riesgos laborales;Zaragoza;Facultad de Derecho;Seguridad en el trabajo;Normal;Obligatoria;100.00;100.00;100.00;21;21;21;1.00;29/04/2018
2016;Máster;Prevención de riesgos laborales;Zaragoza;Facultad de Derecho;Higiene industrial;Normal;Obligatoria;100.00;100.00;100.00;21;21;21;1.04;29/04/2018
2016;Máster;Prevención de riesgos laborales;Zaragoza;Facultad de Derecho;Prevención y salud;Normal;Obligatoria;100.00;100.00;100.00;21;21;21;1.00;29/04/2018
2016;Máster;Prevención de riesgos laborales;Zaragoza;Facultad de Derecho;Gestión de la prevención;Normal;Obligatoria;100.00;100.00;100.00;21;21;21;1.00;29/04/2018
2016;Máster;Prevención de riesgos laborales;Zaragoza;Facultad de Derecho;Ergonomía (especialidad de ergonomía y psicosociología aplicada);Normal;Optativa;100.00;100.00;100.00;18;18;18;1.00;29/04/2018
2016;Máster;Prevención de riesgos laborales;Zaragoza;Facultad de Derecho;Psicosociología aplicada (especialidad de ergonomía y psicosociología aplicada);Normal;Optativa;100.00;100.00;100.00;18;18;18;1.00;29/04/2018
2016;Máster;Prevención de riesgos laborales;Zaragoza;Facultad de Derecho;Especialidad de Higiene industrial;Normal;Optativa;100.00;94.44;94.44;18;17;17;1.00;29/04/2018
2016;Máster;Prevención de riesgos laborales;Zaragoza;Facultad de Derecho;Especialidad de Seguridad en el trabajo;Normal;Optativa;100.00;100.00;100.00;20;20;20;1.00;29/04/2018
2016;Máster;Prevención de riesgos laborales;Zaragoza;Facultad de Derecho;Prácticas externas;Prácticas externas;Obligatoria;100.00;94.74;94.74;19;18;18;1.00;29/04/2018
2016;Máster;Prevención de riesgos laborales;Zaragoza;Facultad de Derecho;Trabajo fin de Máster;Trabajo fin de máster;Trabajo fin de máster;95.45;80.77;84.62;26;21;22;1.05;29/04/2018
2016;Máster;Cond. genéticos, nutric. y amb. del crec. y desarrollo;Zaragoza;Facultad de Medicina;Trabajo fin de Máster;Trabajo fin de máster;Trabajo fin de máster;100.00;92.31;92.31;26;24;24;1.00;29/04/2018
2016;Máster;Cond. genéticos, nutric. y amb. del crec. y desarrollo;Zaragoza;Facultad de Medicina;Prácticas especializadas;Prácticas externas;Obligatoria;100.00;100.00;100.00;21;21;21;1.00;29/04/2018
2016;Máster;Cond. genéticos, nutric. y amb. del crec. y desarrollo;Zaragoza;Facultad de Medicina;Aspectos nutricionales de enfermedades de origen genético y síndromes malformativos;Normal;Optativa;100.00;100.00;100.00;13;13;13;1.00;29/04/2018
2016;Máster;Cond. genéticos, nutric. y amb. del crec. y desarrollo;Zaragoza;Facultad de Medicina;Bases moleculares del crecimiento y desarrollo;Normal;Obligatoria;100.00;100.00;100.00;14;14;14;1.00;29/04/2018
2016;Máster;Cond. genéticos, nutric. y amb. del crec. y desarrollo;Zaragoza;Facultad de Medicina;Conceptos básicos de Genética.Técnicas de diagnóstico.Asesoramiento y terapia génica.Tratamiento enfermedades metabólica;Normal;Obligatoria;100.00;100.00;100.00;21;21;21;1.00;29/04/2018
2016;Máster;Cond. genéticos, nutric. y amb. del crec. y desarrollo;Zaragoza;Facultad de Medicina;Nutrigenómica y nutrigenética en pediatría;Normal;Obligatoria;100.00;100.00;100.00;15;15;15;1.00;29/04/2018
2016;Máster;Cond. genéticos, nutric. y amb. del crec. y desarrollo;Zaragoza;Facultad de Medicina;Patología respiratoria crónica, genéticamente condicionada, y sus efectos sobre el desarrollo;Normal;Optativa;100.00;100.00;100.00;9;9;9;1.00;29/04/2018
2016;Máster;Cond. genéticos, nutric. y amb. del crec. y desarrollo;Zaragoza;Facultad de Medicina;Aspectos actuales teóricos y prácticos en el neurodesarrollo;Normal;Obligatoria;100.00;100.00;100.00;14;14;14;1.00;29/04/2018
2016;Máster;Cond. genéticos, nutric. y amb. del crec. y desarrollo;Zaragoza;Facultad de Medicina;Avances en el estudio de la talla baja y trastornos del crecimiento;Normal;Obligatoria;100.00;100.00;100.00;12;12;12;1.00;29/04/2018
2016;Máster;Cond. genéticos, nutric. y amb. del crec. y desarrollo;Zaragoza;Facultad de Medicina;Avances en el estudio de la pubertad;Normal;Optativa;100.00;100.00;100.00;13;13;13;1.00;29/04/2018
2016;Máster;Cond. genéticos, nutric. y amb. del crec. y desarrollo;Zaragoza;Facultad de Medicina;Condicionantes nutricionales del crecimiento y desarrollo;Normal;Optativa;100.00;100.00;100.00;21;21;21;1.00;29/04/2018
2016;Máster;Cond. genéticos, nutric. y amb. del crec. y desarrollo;Zaragoza;Facultad de Medicina;Efectos del cáncer y de su tratamiento en el crecimiento y desarrollo;Normal;Optativa;100.00;100.00;100.00;3;3;3;1.00;29/04/2018
2016;Máster;Cond. genéticos, nutric. y amb. del crec. y desarrollo;Zaragoza;Facultad de Medicina;Evaluación y tratamiento neuropsicológico del niño de alto riesgo;Normal;Optativa;100.00;100.00;100.00;12;12;12;1.00;29/04/2018
2016;Máster;Cond. genéticos, nutric. y amb. del crec. y desarrollo;Zaragoza;Facultad de Medicina;Medicina del adolescente;Normal;Optativa;100.00;100.00;100.00;14;14;14;1.00;29/04/2018
2016;Máster;Cond. genéticos, nutric. y amb. del crec. y desarrollo;Zaragoza;Facultad de Medicina;Patología del desarrollo;Normal;Optativa;100.00;100.00;100.00;14;14;14;1.00;29/04/2018
2016;Máster;Cond. genéticos, nutric. y amb. del crec. y desarrollo;Zaragoza;Facultad de Medicina;Alimentación y nutrición del niño sano y del niño enfermo;Normal;Optativa;100.00;100.00;100.00;20;20;20;1.00;29/04/2018
2016;Máster;Cond. genéticos, nutric. y amb. del crec. y desarrollo;Zaragoza;Facultad de Medicina;Alimentos funcionales o bioactivos en la edad pediátrica;Normal;Optativa;100.00;100.00;100.00;5;5;5;1.00;29/04/2018
2016;Máster;Cond. genéticos, nutric. y amb. del crec. y desarrollo;Zaragoza;Facultad de Medicina;Aspectos nutricionales de enfermedades endocrino-metabólicas;Normal;Optativa;100.00;100.00;100.00;24;24;24;1.00;29/04/2018
2016;Máster;Cond. genéticos, nutric. y amb. del crec. y desarrollo;Zaragoza;Facultad de Medicina;Avances en el diagnóstico precoz de la patología metabólica durante el periodo neonatal;Normal;Optativa;100.00;100.00;100.00;3;3;3;1.00;29/04/2018
2016;Máster;Cond. genéticos, nutric. y amb. del crec. y desarrollo;Zaragoza;Facultad de Medicina;Avances en el estudio del origen de las enfermedades de la infancia y del adulto en el periodo perineonatal;Normal;Optativa;100.00;100.00;100.00;2;2;2;1.00;29/04/2018
2016;Máster;Cond. genéticos, nutric. y amb. del crec. y desarrollo;Zaragoza;Facultad de Medicina;Características fisiopatológicas del síndrome metabólico en pediatría;Normal;Optativa;100.00;100.00;100.00;5;5;5;1.00;29/04/2018
2016;Máster;Cond. genéticos, nutric. y amb. del crec. y desarrollo;Zaragoza;Facultad de Medicina;Dieta atlántica. Beneficios en la prevención y el tratamiento del feto al anciano;Normal;Obligatoria;100.00;100.00;100.00;19;19;19;1.00;29/04/2018
2016;Máster;Cond. genéticos, nutric. y amb. del crec. y desarrollo;Zaragoza;Facultad de Medicina;Exploración del estado nutricional;Normal;Optativa;100.00;100.00;100.00;22;22;22;1.00;29/04/2018
2016;Máster;Cond. genéticos, nutric. y amb. del crec. y desarrollo;Zaragoza;Facultad de Medicina;La cirugía pediátrica en la patología del aparato digestivo y su repercusión nutricional;Normal;Optativa;100.00;100.00;100.00;12;12;12;1.00;29/04/2018
2016;Máster;Cond. genéticos, nutric. y amb. del crec. y desarrollo;Zaragoza;Facultad de Medicina;Nuevos aspectos de la alimentación del niño en la enfermedad;Normal;Obligatoria;100.00;100.00;100.00;4;4;4;1.00;29/04/2018
2016;Máster;Cond. genéticos, nutric. y amb. del crec. y desarrollo;Zaragoza;Facultad de Medicina;Nutrición infantil;Normal;Optativa;100.00;100.00;100.00;19;19;19;1.00;29/04/2018
2016;Máster;Cond. genéticos, nutric. y amb. del crec. y desarrollo;Zaragoza;Facultad de Medicina;Nutrición infantil e inmunidad;Normal;Optativa;100.00;100.00;100.00;9;9;9;1.00;29/04/2018
2016;Máster;Cond. genéticos, nutric. y amb. del crec. y desarrollo;Zaragoza;Facultad de Medicina;Nutrición perinatal / neonatal;Normal;Optativa;100.00;100.00;100.00;22;22;22;1.00;29/04/2018
2016;Máster;Cond. genéticos, nutric. y amb. del crec. y desarrollo;Zaragoza;Facultad de Medicina;Nutrición precoz y sus consecuencias metabólicas tardías;Normal;Obligatoria;100.00;100.00;100.00;12;12;12;1.00;29/04/2018
2016;Máster;Cond. genéticos, nutric. y amb. del crec. y desarrollo;Zaragoza;Facultad de Medicina;Nutrición y composición corporal;Normal;Optativa;100.00;100.00;100.00;5;5;5;1.00;29/04/2018
2016;Máster;Cond. genéticos, nutric. y amb. del crec. y desarrollo;Zaragoza;Facultad de Medicina;Papel de los nutrientes en etapas criticas del desarrollo en programación metabólica de enfermedades del niño y adulto;Normal;Obligatoria;100.00;100.00;100.00;10;10;10;1.00;29/04/2018
2016;Máster;Cond. genéticos, nutric. y amb. del crec. y desarrollo;Zaragoza;Facultad de Medicina;Actividad física y salud;Normal;Obligatoria;100.00;100.00;100.00;25;25;25;1.00;29/04/2018
2016;Máster;Cond. genéticos, nutric. y amb. del crec. y desarrollo;Zaragoza;Facultad de Medicina;Efectos de contaminantes medioambientales sobre el crecimiento y desarrollo;Normal;Obligatoria;100.00;100.00;100.00;5;5;5;1.00;29/04/2018
2016;Máster;Cond. genéticos, nutric. y amb. del crec. y desarrollo;Zaragoza;Facultad de Medicina;Influencias de la nutrición y los tóxicos en el desarrollo de enfermedades hepáticas en la infancia y adolescencia;Normal;Optativa;100.00;100.00;100.00;11;11;11;1.00;29/04/2018
2016;Máster;Cond. genéticos, nutric. y amb. del crec. y desarrollo;Zaragoza;Facultad de Medicina;Medicina del desarrollo. Factores ambientales: alimentación y nutrición;Normal;Optativa;100.00;100.00;100.00;13;13;13;1.00;29/04/2018
2016;Máster;Cond. genéticos, nutric. y amb. del crec. y desarrollo;Zaragoza;Facultad de Medicina;Nutrición comunitaria y su impacto en niños y adolescentes de países desarrollados.Escuelas infantiles y comedores escol;Normal;Optativa;100.00;100.00;100.00;15;15;15;1.00;29/04/2018
2016;Máster;Cond. genéticos, nutric. y amb. del crec. y desarrollo;Zaragoza;Facultad de Medicina;Actividad física y gasto energético en el niño y el adolescente;Normal;Optativa;100.00;93.33;93.33;15;14;14;1.00;29/04/2018
2016;Máster;Cond. genéticos, nutric. y amb. del crec. y desarrollo;Zaragoza;Facultad de Medicina;Recién nacidos de alto riesgo: influencia de la lesiones orgánicas, del entorno socioambiental y de la nutrición;Normal;Optativa;100.00;100.00;100.00;15;15;15;1.00;29/04/2018
2016;Máster;Cond. genéticos, nutric. y amb. del crec. y desarrollo;Zaragoza;Facultad de Medicina;Ética de la investigación en pediatría;Normal;Optativa;100.00;100.00;100.00;15;15;15;1.00;29/04/2018
2016;Máster;Cond. genéticos, nutric. y amb. del crec. y desarrollo;Zaragoza;Facultad de Medicina;Medicina basada en la evidencia;Normal;Optativa;100.00;100.00;100.00;10;10;10;1.00;29/04/2018
2016;Máster;Cond. genéticos, nutric. y amb. del crec. y desarrollo;Zaragoza;Facultad de Medicina;Metodología y gestión de los recursos de investigación;Normal;Optativa;100.00;100.00;100.00;2;2;2;1.00;29/04/2018
2016;Máster;Cond. genéticos, nutric. y amb. del crec. y desarrollo;Zaragoza;Facultad de Medicina;Tratamiento y análisis de datos mediante un paquete estadístico;Normal;Obligatoria;100.00;100.00;100.00;25;25;25;1.00;29/04/2018
2016;Máster;Cond. genéticos, nutric. y amb. del crec. y desarrollo;Zaragoza;Facultad de Medicina;Epidemiología clínica y poblacional;Normal;Optativa;100.00;100.00;100.00;3;3;3;1.00;29/04/2018
2016;Máster;Erasmus Mundus en Ingeniería de Membranas;Zaragoza;Facultad de Ciencias;Caracterización de materiales porosos;Normal;Obligatoria;;;;0;0;0;1.00;29/04/2018
2016;Máster;Erasmus Mundus en Ingeniería de Membranas;Zaragoza;Facultad de Ciencias;Ingenieria coloidal y de superficies;Normal;Optativa;;;;0;0;0;1.00;29/04/2018
2016;Máster;Erasmus Mundus en Ingeniería de Membranas;Zaragoza;Facultad de Ciencias;Caracterización estructural de los sólidos;Normal;Optativa;;;;0;0;0;1.00;29/04/2018
2016;Máster;Erasmus Mundus en Ingeniería de Membranas;Zaragoza;Facultad de Ciencias;Materiales inorgánicos;Normal;Optativa;;;;0;0;0;1.00;29/04/2018
2016;Máster;Erasmus Mundus en Ingeniería de Membranas;Zaragoza;Facultad de Ciencias;Materiales polímeros;Normal;Optativa;;;;0;0;0;1.00;29/04/2018
2016;Máster;Erasmus Mundus en Ingeniería de Membranas;Zaragoza;Facultad de Ciencias;Materiales híbridos y compuestos;Normal;Optativa;;;;0;0;0;1.00;29/04/2018
2016;Máster;Erasmus Mundus en Ingeniería de Membranas;Zaragoza;Facultad de Ciencias;Materiales para reacciones químicas/catálisis heterogéneas;Normal;Optativa;;;;0;0;0;1.00;29/04/2018
2016;Máster;Erasmus Mundus en Ingeniería de Membranas;Zaragoza;Facultad de Ciencias;Fenómenos de transporte;Normal;Optativa;;;;0;0;0;1.00;29/04/2018
2016;Máster;Erasmus Mundus en Ingeniería de Membranas;Zaragoza;Facultad de Ciencias;Termodinámica, cinética y radioactividad;Normal;Optativa;;;;0;0;0;1.00;29/04/2018
2016;Máster;Erasmus Mundus en Ingeniería de Membranas;Zaragoza;Facultad de Ciencias;Química general y métodos analíticos físico-químicos;Normal;Optativa;;;;0;0;0;1.00;29/04/2018
2016;Máster;Erasmus Mundus en Ingeniería de Membranas;Zaragoza;Facultad de Ciencias;Ciencia de separación;Normal;Optativa;;;;0;0;0;1.00;29/04/2018
2016;Máster;Erasmus Mundus en Ingeniería de Membranas;Zaragoza;Facultad de Ciencias;Proyecto individual (estudio bibliográfico y experimental);Normal;Obligatoria;;;;0;0;0;1.00;29/04/2018
2016;Máster;Erasmus Mundus en Ingeniería de Membranas;Zaragoza;Facultad de Ciencias;Seguridad, sanidad y legislación medioambiental;Normal;Obligatoria;;;;0;0;0;1.00;29/04/2018
2016;Máster;Erasmus Mundus en Ingeniería de Membranas;Zaragoza;Facultad de Ciencias;Control de calidad y prácticas de laboratorio;Normal;Obligatoria;;;;0;0;0;1.00;29/04/2018
2016;Máster;Erasmus Mundus en Ingeniería de Membranas;Zaragoza;Facultad de Ciencias;Ley de trabajo internacional y europea;Normal;Obligatoria;;;;0;0;0;1.00;29/04/2018
2016;Máster;Erasmus Mundus en Ingeniería de Membranas;Zaragoza;Facultad de Ciencias;Procesos de membrana;Normal;Obligatoria;;;;0;0;0;1.00;29/04/2018
2016;Máster;Erasmus Mundus en Ingeniería de Membranas;Zaragoza;Facultad de Ciencias;Diseño de procesos;Normal;Obligatoria;;;;0;0;0;1.00;29/04/2018
2016;Máster;Erasmus Mundus en Ingeniería de Membranas;Zaragoza;Facultad de Ciencias;Cinética de reacción aplicada;Normal;Obligatoria;;;;0;0;0;1.00;29/04/2018
2016;Máster;Erasmus Mundus en Ingeniería de Membranas;Zaragoza;Facultad de Ciencias;Tecnología de separación;Normal;Obligatoria;;;;0;0;0;1.00;29/04/2018
2016;Máster;Erasmus Mundus en Ingeniería de Membranas;Zaragoza;Facultad de Ciencias;Proyecto individual (estudio bibliográfico y experimental);Normal;Obligatoria;;;;0;0;0;1.00;29/04/2018
2016;Máster;Erasmus Mundus en Ingeniería de Membranas;Zaragoza;Facultad de Ciencias;Gestión del capital intelectual;Normal;Obligatoria;;;;0;0;0;1.00;29/04/2018
2016;Máster;Erasmus Mundus en Ingeniería de Membranas;Zaragoza;Facultad de Ciencias;Valorización, comercialización e iniciativa empresarial;Normal;Obligatoria;;;;0;0;0;1.00;29/04/2018
2016;Máster;Erasmus Mundus en Ingeniería de Membranas;Zaragoza;Facultad de Ciencias;Propiedades fundamentales de materiales nanoestructurados;Normal;Optativa;100.00;100.00;100.00;3;3;3;1.00;29/04/2018
2016;Máster;Erasmus Mundus en Ingeniería de Membranas;Zaragoza;Facultad de Ciencias;Preparación de materiales nanoestructurados;Normal;Optativa;100.00;100.00;100.00;3;3;3;1.00;29/04/2018
2016;Máster;Erasmus Mundus en Ingeniería de Membranas;Zaragoza;Facultad de Ciencias;Montaje y fabricación de nanoestructuras;Normal;Optativa;100.00;100.00;100.00;3;3;3;1.00;29/04/2018
2016;Máster;Erasmus Mundus en Ingeniería de Membranas;Zaragoza;Facultad de Ciencias;Casos prácticos de aplicaciones industriales;Normal;Optativa;100.00;100.00;100.00;3;3;3;1.00;29/04/2018
2016;Máster;Erasmus Mundus en Ingeniería de Membranas;Zaragoza;Facultad de Ciencias;Proyecto individual (estudio bibliográfico y experimental);Normal;Optativa;100.00;100.00;100.00;3;3;3;1.00;29/04/2018
2016;Máster;Erasmus Mundus en Ingeniería de Membranas;Zaragoza;Facultad de Ciencias;Lengua y cultura españolas;Normal;Obligatoria;;;;0;0;0;1.00;29/04/2018
2016;Máster;Erasmus Mundus en Ingeniería de Membranas;Zaragoza;Facultad de Ciencias;Trabajo fin de máster;Trabajo fin de máster;Trabajo fin de máster;100.00;100.00;100.00;3;3;3;1.00;29/04/2018
2016;Máster;Arquitectura;Zaragoza;Escuela de Ingeniería y Arquitectura;Técnica y materia: generación del proyecto y rehabilitación;Normal;Obligatoria;100.00;100.00;100.00;48;48;48;1.00;29/04/2018
2016;Máster;Arquitectura;Zaragoza;Escuela de Ingeniería y Arquitectura;Proyectos de urbanización;Normal;Obligatoria;100.00;95.74;95.74;50;48;48;1.00;29/04/2018
2016;Máster;Arquitectura;Zaragoza;Escuela de Ingeniería y Arquitectura;Proyectos arquitectónicos avanzados;Normal;Obligatoria;95.56;95.56;100.00;48;46;48;1.20;29/04/2018
2016;Máster;Arquitectura;Zaragoza;Escuela de Ingeniería y Arquitectura;Proyectos urbanos y paisajísticos integrados;Normal;Obligatoria;100.00;100.00;100.00;49;49;49;1.00;29/04/2018
2016;Máster;Arquitectura;Zaragoza;Escuela de Ingeniería y Arquitectura;Trabajo fin de Máster;Trabajo fin de máster;Trabajo fin de máster;100.00;63.51;63.51;74;47;47;1.00;29/04/2018
2016;Máster;Arquitectura;Zaragoza;Escuela de Ingeniería y Arquitectura;Materiales innovadores en la Arquitectura;Normal;Optativa;100.00;100.00;100.00;15;15;15;1.00;29/04/2018
2016;Máster;Arquitectura;Zaragoza;Escuela de Ingeniería y Arquitectura;La ciudad como paisaje cultural. Construir sobre lo construido;Normal;Optativa;100.00;100.00;100.00;9;9;9;1.00;29/04/2018
2016;Máster;Arquitectura;Zaragoza;Escuela de Ingeniería y Arquitectura;Gestión urbanística y paisajística;Normal;Optativa;100.00;100.00;100.00;7;7;7;1.00;29/04/2018
2016;Máster;Arquitectura;Zaragoza;Escuela de Ingeniería y Arquitectura;Proyecto arquitectónico y materia: visiones integradas;Normal;Optativa;100.00;95.65;95.65;48;46;46;1.00;29/04/2018
2016;Máster;Arquitectura;Zaragoza;Escuela de Ingeniería y Arquitectura;Prácticas externas;Prácticas externas;Optativa;100.00;100.00;100.00;22;22;22;1.00;29/04/2018
2016;Máster;Arquitectura;Zaragoza;Escuela de Ingeniería y Arquitectura;Domótica e instalaciones eléctricas inteligentes;Normal;Optativa;;;;1;1;1;1.00;29/04/2018
2016;Máster;Modelización e Investigación Matemática, Estadística y Computación;Zaragoza;Facultad de Ciencias;Análisis funcional y de fourier;Normal;Optativa;100.00;75.00;75.00;4;3;3;1.00;29/04/2018
2016;Máster;Modelización e Investigación Matemática, Estadística y Computación;Zaragoza;Facultad de Ciencias;Bases de datos y programación orientada a objetos;Normal;Optativa;100.00;100.00;100.00;7;7;7;1.00;29/04/2018
2016;Máster;Modelización e Investigación Matemática, Estadística y Computación;Zaragoza;Facultad de Ciencias;Ecuaciones en derivadas parciales;Normal;Optativa;100.00;100.00;100.00;4;4;4;1.00;29/04/2018
2016;Máster;Modelización e Investigación Matemática, Estadística y Computación;Zaragoza;Facultad de Ciencias;Modelización estadística;Normal;Optativa;100.00;90.91;90.91;11;10;10;1.00;29/04/2018
2016;Máster;Modelización e Investigación Matemática, Estadística y Computación;Zaragoza;Facultad de Ciencias;Modelos de logística;Normal;Optativa;100.00;88.89;88.89;9;8;8;1.00;29/04/2018
2016;Máster;Modelización e Investigación Matemática, Estadística y Computación;Zaragoza;Facultad de Ciencias;Métodos numéricos en física e ingeniería;Normal;Optativa;100.00;66.67;66.67;4;3;3;1.00;29/04/2018
2016;Máster;Modelización e Investigación Matemática, Estadística y Computación;Zaragoza;Facultad de Ciencias;Series temporales;Normal;Optativa;100.00;66.67;66.67;9;6;6;1.00;29/04/2018
2016;Máster;Modelización e Investigación Matemática, Estadística y Computación;Zaragoza;Facultad de Ciencias;Teoría de control;Normal;Optativa;100.00;100.00;100.00;7;7;7;1.00;29/04/2018
2016;Máster;Modelización e Investigación Matemática, Estadística y Computación;Zaragoza;Facultad de Ciencias;Técnicas clásicas de optimización;Normal;Optativa;100.00;88.89;88.89;9;8;8;1.00;29/04/2018
2016;Máster;Modelización e Investigación Matemática, Estadística y Computación;Zaragoza;Facultad de Ciencias;Algoritmos bioinspirados y técnicas de computación evolutiva;Normal;Optativa;100.00;91.67;91.67;12;11;11;1.00;29/04/2018
2016;Máster;Modelización e Investigación Matemática, Estadística y Computación;Zaragoza;Facultad de Ciencias;Codificación y criptografía;Normal;Optativa;100.00;66.67;66.67;3;2;2;1.00;29/04/2018
2016;Máster;Modelización e Investigación Matemática, Estadística y Computación;Zaragoza;Facultad de Ciencias;Dinámica no lineal y aplicaciones;Normal;Optativa;100.00;85.71;85.71;7;6;6;1.00;29/04/2018
2016;Máster;Modelización e Investigación Matemática, Estadística y Computación;Zaragoza;Facultad de Ciencias;Diseño geométrico asistido por ordenador;Normal;Optativa;100.00;100.00;100.00;4;4;4;1.00;29/04/2018
2016;Máster;Modelización e Investigación Matemática, Estadística y Computación;Zaragoza;Facultad de Ciencias;Geometría de variedades;Normal;Optativa;100.00;100.00;100.00;2;2;2;1.00;29/04/2018
2016;Máster;Modelización e Investigación Matemática, Estadística y Computación;Zaragoza;Facultad de Ciencias;Grupos y representaciones;Normal;Optativa;100.00;100.00;100.00;1;1;1;1.00;29/04/2018
2016;Máster;Modelización e Investigación Matemática, Estadística y Computación;Zaragoza;Facultad de Ciencias;Introducción a la minería de datos;Normal;Optativa;100.00;90.91;90.91;11;10;10;1.00;29/04/2018
2016;Máster;Modelización e Investigación Matemática, Estadística y Computación;Zaragoza;Facultad de Ciencias;Procesamiento de la señal y de la imagen;Normal;Optativa;100.00;83.33;83.33;6;5;5;1.00;29/04/2018
2016;Máster;Modelización e Investigación Matemática, Estadística y Computación;Zaragoza;Facultad de Ciencias;Procesos estocásticos y probabilidad;Normal;Optativa;100.00;90.00;90.00;11;10;10;1.00;29/04/2018
2016;Máster;Modelización e Investigación Matemática, Estadística y Computación;Zaragoza;Facultad de Ciencias;Programación científica y álgebra computacional;Normal;Optativa;100.00;100.00;100.00;4;4;4;1.00;29/04/2018
2016;Máster;Modelización e Investigación Matemática, Estadística y Computación;Zaragoza;Facultad de Ciencias;Topología algebraica;Normal;Optativa;100.00;100.00;100.00;1;1;1;1.00;29/04/2018
2016;Máster;Modelización e Investigación Matemática, Estadística y Computación;Zaragoza;Facultad de Ciencias;Trabajo fin de Máster;Trabajo fin de máster;Trabajo fin de máster;100.00;64.71;64.71;17;11;11;1.00;29/04/2018
2016;Máster;Ingeniería biomédica;Zaragoza;Escuela de Ingeniería y Arquitectura;Fundamentos de anatomía, fisiología, patología y terapéutica;Normal;Obligatoria;100.00;94.44;94.44;18;17;17;1.14;29/04/2018
2016;Máster;Ingeniería biomédica;Zaragoza;Escuela de Ingeniería y Arquitectura;Bioestadística y simulación numérica en ingeniería biomédica;Normal;Obligatoria;100.00;89.47;89.47;19;17;17;1.05;29/04/2018
2016;Máster;Ingeniería biomédica;Zaragoza;Escuela de Ingeniería y Arquitectura;Biomecánica y biomateriales;Normal;Obligatoria;94.74;90.00;95.00;20;18;19;1.05;29/04/2018
2016;Máster;Ingeniería biomédica;Zaragoza;Escuela de Ingeniería y Arquitectura;Tratamiento de señales e imágenes biomédicas;Normal;Obligatoria;94.74;81.82;86.36;22;18;19;1.20;29/04/2018
2016;Máster;Ingeniería biomédica;Zaragoza;Escuela de Ingeniería y Arquitectura;Diseño de prótesis e implantes mediante herramientas computacionales;Normal;Optativa;100.00;100.00;100.00;7;7;7;1.00;29/04/2018
2016;Máster;Ingeniería biomédica;Zaragoza;Escuela de Ingeniería y Arquitectura;Ingeniería de tejidos y andamiajes;Normal;Optativa;100.00;100.00;100.00;11;11;11;1.00;29/04/2018
2016;Máster;Ingeniería biomédica;Zaragoza;Escuela de Ingeniería y Arquitectura;Modelado del comportamiento de tejidos músculo-esqueléticos;Normal;Optativa;90.91;83.33;91.67;12;10;11;1.09;29/04/2018
2016;Máster;Ingeniería biomédica;Zaragoza;Escuela de Ingeniería y Arquitectura;Materiales y tratamientos superficiales para prótesis e implantes;Normal;Optativa;100.00;100.00;100.00;10;10;10;1.00;29/04/2018
2016;Máster;Ingeniería biomédica;Zaragoza;Escuela de Ingeniería y Arquitectura;Ergonomía y evaluación de la capacidad funcional;Normal;Optativa;75.00;75.00;100.00;8;6;8;1.17;29/04/2018
2016;Máster;Ingeniería biomédica;Zaragoza;Escuela de Ingeniería y Arquitectura;Captura y caracterización del movimiento;Normal;Optativa;100.00;100.00;100.00;19;19;19;1.05;29/04/2018
2016;Máster;Ingeniería biomédica;Zaragoza;Escuela de Ingeniería y Arquitectura;Modelado biomecánico del sistema cardiovascular;Normal;Optativa;100.00;88.89;88.89;9;8;8;1.00;29/04/2018
2016;Máster;Ingeniería biomédica;Zaragoza;Escuela de Ingeniería y Arquitectura;Mecanobiología celular;Normal;Optativa;100.00;100.00;100.00;14;14;14;1.00;29/04/2018
2016;Máster;Ingeniería biomédica;Zaragoza;Escuela de Ingeniería y Arquitectura;Nanobiomedicina: Fundamentos y aplicaciones;Normal;Optativa;100.00;100.00;100.00;14;14;14;1.27;29/04/2018
2016;Máster;Ingeniería biomédica;Zaragoza;Escuela de Ingeniería y Arquitectura;Nanoterapia;Normal;Optativa;100.00;100.00;100.00;6;6;6;1.00;29/04/2018
2016;Máster;Ingeniería biomédica;Zaragoza;Escuela de Ingeniería y Arquitectura;Nanodiagnóstico;Normal;Optativa;100.00;85.71;85.71;7;6;6;1.00;29/04/2018
2016;Máster;Ingeniería biomédica;Zaragoza;Escuela de Ingeniería y Arquitectura;Sistemas de e-Health;Normal;Optativa;100.00;100.00;100.00;6;6;6;1.14;29/04/2018
2016;Máster;Ingeniería biomédica;Zaragoza;Escuela de Ingeniería y Arquitectura;Modelos y sistemas de control fisiológico;Normal;Optativa;100.00;100.00;100.00;7;7;7;1.00;29/04/2018
2016;Máster;Ingeniería biomédica;Zaragoza;Escuela de Ingeniería y Arquitectura;Percepción y visión por computador;Normal;Optativa;100.00;100.00;100.00;10;10;10;1.00;29/04/2018
2016;Máster;Ingeniería biomédica;Zaragoza;Escuela de Ingeniería y Arquitectura;Robótica médica y exoesqueletos robotizados;Normal;Optativa;100.00;91.67;91.67;12;11;11;1.00;29/04/2018
2016;Máster;Ingeniería biomédica;Zaragoza;Escuela de Ingeniería y Arquitectura;Análisis de imágenes médicas;Normal;Optativa;100.00;100.00;100.00;4;4;4;1.00;29/04/2018
2016;Máster;Ingeniería biomédica;Zaragoza;Escuela de Ingeniería y Arquitectura;Tratamiento avanzado de señales biomédicas;Normal;Optativa;87.50;87.50;100.00;8;7;8;1.00;29/04/2018
2016;Máster;Ingeniería biomédica;Zaragoza;Escuela de Ingeniería y Arquitectura;Técnicas de reconocimiento de patrones;Normal;Optativa;100.00;100.00;100.00;9;9;9;1.00;29/04/2018
2016;Máster;Ingeniería biomédica;Zaragoza;Escuela de Ingeniería y Arquitectura;Sistemas de información en Medicina;Normal;Optativa;;;;0;0;0;1.00;29/04/2018
2016;Máster;Ingeniería biomédica;Zaragoza;Escuela de Ingeniería y Arquitectura;Seminario interdisciplinar;Normal;Optativa;100.00;100.00;100.00;11;11;11;1.00;29/04/2018
2016;Máster;Ingeniería biomédica;Zaragoza;Escuela de Ingeniería y Arquitectura;Técnicas de visualización y representación científica;Normal;Optativa;100.00;100.00;100.00;5;5;5;1.00;29/04/2018
2016;Máster;Ingeniería biomédica;Zaragoza;Escuela de Ingeniería y Arquitectura;Tecnologías de captación de imágenes médicas;Normal;Optativa;100.00;100.00;100.00;5;5;5;1.00;29/04/2018
2016;Máster;Ingeniería biomédica;Zaragoza;Escuela de Ingeniería y Arquitectura;Tecnologías de radioterapia;Normal;Optativa;100.00;100.00;100.00;4;4;4;1.00;29/04/2018
2016;Máster;Ingeniería biomédica;Zaragoza;Escuela de Ingeniería y Arquitectura;Bioelectricidad y electrofisiología;Normal;Optativa;100.00;100.00;100.00;5;5;5;1.00;29/04/2018
2016;Máster;Ingeniería biomédica;Zaragoza;Escuela de Ingeniería y Arquitectura;Tecnologías ópticas en Biomedicina;Normal;Optativa;100.00;100.00;100.00;2;2;2;1.00;29/04/2018
2016;Máster;Ingeniería biomédica;Zaragoza;Escuela de Ingeniería y Arquitectura;Trabajo fin de Máster (Biomecánica y biomateriales  avanzados);Trabajo fin de máster;Trabajo fin de máster;100.00;92.86;92.86;14;13;13;1.00;29/04/2018
2016;Máster;Ingeniería biomédica;Zaragoza;Escuela de Ingeniería y Arquitectura;Trabajo fin de Máster (Tecnologías de la información y las comunicaciones en ingeniería biomédica);Trabajo fin de máster;Trabajo fin de máster;100.00;83.33;83.33;6;5;5;1.00;29/04/2018
2016;Máster;Ingeniería biomédica;Zaragoza;Escuela de Ingeniería y Arquitectura;Trabajo fin de Máster (sin especialidad);Trabajo fin de máster;Trabajo fin de máster;100.00;66.67;66.67;3;2;2;1.00;29/04/2018
2016;Máster;Ingeniería biomédica;Zaragoza;Escuela de Ingeniería y Arquitectura;Prácticas externas 1;Prácticas externas;Optativa;100.00;100.00;100.00;1;1;1;1.00;29/04/2018
2016;Máster;Ingeniería biomédica;Zaragoza;Escuela de Ingeniería y Arquitectura;Prácticas externas 2;Prácticas externas;Optativa;100.00;100.00;100.00;5;5;5;1.00;29/04/2018
2016;Doctorado;Medicina;Zaragoza;Escuela de Doctorado;Tutela académica de doctorado;Tutela académica de doctorado;Optativa;;;;25;0;25;;29/04/2018
2016;Doctorado;Calidad, seguridad y tecnología de los alimentos;Zaragoza;Escuela de Doctorado;Tutela académica de doctorado;Tutela académica de doctorado;Optativa;;;;2;0;2;;29/04/2018
2016;Doctorado;Medicina y sanidad animal;Zaragoza;Escuela de Doctorado;Tutela académica de doctorado;Tutela académica de doctorado;Optativa;;;;7;0;7;;29/04/2018
2016;Doctorado;Producción animal;Zaragoza;Escuela de Doctorado;Tutela académica de doctorado;Tutela académica de doctorado;Optativa;;;;3;0;3;;29/04/2018
2016;Doctorado;Ciencias agrarias y del medio natural;Zaragoza;Escuela de Doctorado;Tutela académica de doctorado;Tutela académica de doctorado;Optativa;;;;3;0;3;;29/04/2018
2016;Doctorado;Ciencias de la Salud;Zaragoza;Escuela de Doctorado;Tutela académica de doctorado;Tutela académica de doctorado;Optativa;;;;12;0;12;;29/04/2018
2016;Doctorado;Relaciones de Género;Zaragoza;Escuela de Doctorado;Tutela académica de doctorado;Tutela académica de doctorado;Optativa;;;;3;0;3;;29/04/2018
2016;Doctorado;Bioquímica y biología molecular;Zaragoza;Escuela de Doctorado;Tutela académica de doctorado;Tutela académica de doctorado;Optativa;;;;9;0;9;;29/04/2018
2016;Doctorado;Física;Zaragoza;Escuela de Doctorado;Tutela académica de doctorado;Tutela académica de doctorado;Optativa;;;;4;0;4;;29/04/2018
2016;Doctorado;Geología;Zaragoza;Escuela de Doctorado;Tutela académica de doctorado;Tutela académica de doctorado;Optativa;;;;4;0;4;;29/04/2018
2016;Doctorado;Métodos matemáticos y sus aplicaciones;Zaragoza;Escuela de Doctorado;Tutela académica de doctorado;Tutela académica de doctorado;Optativa;;;;1;0;1;;29/04/2018
2016;Doctorado;Ciencia analítica en química;Zaragoza;Escuela de Doctorado;Tutela académica de doctorado;Tutela académica de doctorado;Optativa;;;;3;0;3;;29/04/2018
2016;Doctorado;Ingeniería química y del medio ambiente;Zaragoza;Escuela de Doctorado;Tutela académica de doctorado;Tutela académica de doctorado;Optativa;;;;11;0;11;;29/04/2018
2016;Doctorado;Química física;Zaragoza;Escuela de Doctorado;Tutela académica de doctorado;Tutela académica de doctorado;Optativa;;;;1;0;1;;29/04/2018
2016;Doctorado;Química orgánica;Zaragoza;Escuela de Doctorado;Tutela académica de doctorado;Tutela académica de doctorado;Optativa;;;;4;0;4;;29/04/2018
2016;Doctorado;Química inorgánica;Zaragoza;Escuela de Doctorado;Tutela académica de doctorado;Tutela académica de doctorado;Optativa;;;;2;0;2;;29/04/2018
2016;Doctorado;Estudios ingleses;Zaragoza;Escuela de Doctorado;Tutela académica de doctorado;Tutela académica de doctorado;Optativa;;;;3;0;3;;29/04/2018
2016;Doctorado;Información y documentación;Zaragoza;Escuela de Doctorado;Tutela académica de doctorado;Tutela académica de doctorado;Optativa;;;;4;0;4;;29/04/2018
2016;Doctorado;Ordenación del territorio y medio ambiente;Zaragoza;Escuela de Doctorado;Tutela académica de doctorado;Tutela académica de doctorado;Optativa;;;;4;0;4;;29/04/2018
2016;Doctorado;Lingüística y lengua española;Zaragoza;Escuela de Doctorado;Tutela académica de doctorado;Tutela académica de doctorado;Optativa;;;;1;0;1;;29/04/2018
2016;Doctorado;Historia contemporánea;Zaragoza;Escuela de Doctorado;Tutela académica de doctorado;Tutela académica de doctorado;Optativa;;;;4;0;4;;29/04/2018
2016;Doctorado;Historia moderna;Zaragoza;Escuela de Doctorado;Tutela académica de doctorado;Tutela académica de doctorado;Optativa;;;;2;0;2;;29/04/2018
2016;Doctorado;Ciencias de la antigüedad;Zaragoza;Escuela de Doctorado;Tutela académica de doctorado;Tutela académica de doctorado;Optativa;;;;3;0;3;;29/04/2018
2016;Doctorado;Filología hispánica;Zaragoza;Escuela de Doctorado;Tutela académica de doctorado;Tutela académica de doctorado;Optativa;;;;1;0;1;;29/04/2018
2016;Doctorado;Historia del arte;Zaragoza;Escuela de Doctorado;Tutela académica de doctorado;Tutela académica de doctorado;Optativa;;;;4;0;4;;29/04/2018
2016;Doctorado;Historia Medieval;Zaragoza;Escuela de Doctorado;Tutela académica de doctorado;Tutela académica de doctorado;Optativa;;;;1;0;1;;29/04/2018
2016;Doctorado;Economía;Zaragoza;Escuela de Doctorado;Tutela académica de doctorado;Tutela académica de doctorado;Optativa;;;;3;0;3;;29/04/2018
2016;Doctorado;Contabilidad y finanzas;Zaragoza;Escuela de Doctorado;Tutela académica de doctorado;Tutela académica de doctorado;Optativa;;;;1;0;1;;29/04/2018
2016;Doctorado;Economía y gestión de las organizaciones;Zaragoza;Escuela de Doctorado;Tutela académica de doctorado;Tutela académica de doctorado;Optativa;;;;5;0;5;;29/04/2018
2016;Doctorado;Sociología de las políticas públicas y sociales;Zaragoza;Escuela de Doctorado;Tutela académica de doctorado;Tutela académica de doctorado;Optativa;;;;2;0;2;;29/04/2018
2016;Doctorado;Ciencias biomédicas y biotecnológicas;Zaragoza;Escuela de Doctorado;Tutela académica de doctorado;Tutela académica de doctorado;Optativa;;;;5;0;5;;29/04/2018
2016;Doctorado;Condicionantes genéticos, nutricionales y ambientales del crec.;Zaragoza;Escuela de Doctorado;Tutela académica de doctorado;Tutela académica de doctorado;Optativa;;;;4;0;4;;29/04/2018
2016;Doctorado;Tecnologías de la información y comunicaciones en redes móviles;Zaragoza;Escuela de Doctorado;Tutela académica de doctorado;Tutela académica de doctorado;Optativa;;;;1;0;1;;29/04/2018
2016;Doctorado;Ingeniería electrónica;Zaragoza;Escuela de Doctorado;Tutela académica de doctorado;Tutela académica de doctorado;Optativa;;;;2;0;2;;29/04/2018
2016;Doctorado;Ingeniería de sistemas e informática;Zaragoza;Escuela de Doctorado;Tutela académica de doctorado;Tutela académica de doctorado;Optativa;;;;4;0;4;;29/04/2018
2016;Doctorado;Ingeniería biomédica;Zaragoza;Escuela de Doctorado;Tutela académica de doctorado;Tutela académica de doctorado;Optativa;;;;5;0;5;;29/04/2018
2016;Doctorado;Ingeniería de diseño y fabricación;Zaragoza;Escuela de Doctorado;Tutela académica de doctorado;Tutela académica de doctorado;Optativa;;;;1;0;1;;29/04/2018
2016;Doctorado;Mecánica de fluidos;Zaragoza;Escuela de Doctorado;Tutela académica de doctorado;Tutela académica de doctorado;Optativa;;;;1;0;1;;29/04/2018
2016;Doctorado;Mecánica computacional;Zaragoza;Escuela de Doctorado;Tutela académica de doctorado;Tutela académica de doctorado;Optativa;;;;2;0;2;;29/04/2018
2016;Doctorado;Derecho;Zaragoza;Escuela de Doctorado;Tutela académica de doctorado;Tutela académica de doctorado;Optativa;;;;9;0;9;;29/04/2018
2016;Doctorado;Educación;Zaragoza;Escuela de Doctorado;Tutela académica de doctorado;Tutela académica de doctorado;Optativa;;;;10;0;10;;29/04/2018
2016;Doctorado;Medicina;Zaragoza;Escuela de Doctorado;Tesis doctoral;Tesis doctoral;Obligatoria;;;;25;25;25;1.00;29/04/2018
2016;Doctorado;Calidad, seguridad y tecnología de los alimentos;Zaragoza;Escuela de Doctorado;Tesis doctoral;Tesis doctoral;Obligatoria;;;;2;2;2;1.00;29/04/2018
2016;Doctorado;Medicina y sanidad animal;Zaragoza;Escuela de Doctorado;Tesis doctoral;Tesis doctoral;Obligatoria;;;;7;7;7;1.00;29/04/2018
2016;Doctorado;Producción animal;Zaragoza;Escuela de Doctorado;Tesis doctoral;Tesis doctoral;Obligatoria;;;;3;3;3;1.00;29/04/2018
2016;Doctorado;Ciencias agrarias y del medio natural;Zaragoza;Escuela de Doctorado;Tesis doctoral;Tesis doctoral;Obligatoria;;;;3;3;3;1.00;29/04/2018
2016;Doctorado;Ciencias de la Salud;Zaragoza;Escuela de Doctorado;Tesis doctoral;Tesis doctoral;Obligatoria;;;;12;12;12;1.00;29/04/2018
2016;Doctorado;Relaciones de Género;Zaragoza;Escuela de Doctorado;Tesis doctoral;Tesis doctoral;Obligatoria;;;;3;3;3;1.00;29/04/2018
2016;Doctorado;Bioquímica y biología molecular;Zaragoza;Escuela de Doctorado;Tesis doctoral;Tesis doctoral;Obligatoria;;;;9;9;9;1.00;29/04/2018
2016;Doctorado;Física;Zaragoza;Escuela de Doctorado;Tesis doctoral;Tesis doctoral;Obligatoria;;;;4;4;4;1.00;29/04/2018
2016;Doctorado;Geología;Zaragoza;Escuela de Doctorado;Tesis doctoral;Tesis doctoral;Obligatoria;;;;4;4;4;1.00;29/04/2018
2016;Doctorado;Métodos matemáticos y sus aplicaciones;Zaragoza;Escuela de Doctorado;Tesis doctoral;Tesis doctoral;Obligatoria;;;;1;1;1;1.00;29/04/2018
2016;Doctorado;Ciencia analítica en química;Zaragoza;Escuela de Doctorado;Tesis doctoral;Tesis doctoral;Obligatoria;;;;3;3;3;1.00;29/04/2018
2016;Doctorado;Ingeniería química y del medio ambiente;Zaragoza;Escuela de Doctorado;Tesis doctoral;Tesis doctoral;Obligatoria;;;;11;11;11;1.00;29/04/2018
2016;Doctorado;Química física;Zaragoza;Escuela de Doctorado;Tesis doctoral;Tesis doctoral;Obligatoria;;;;1;1;1;1.00;29/04/2018
2016;Doctorado;Química orgánica;Zaragoza;Escuela de Doctorado;Tesis doctoral;Tesis doctoral;Obligatoria;;;;4;4;4;1.00;29/04/2018
2016;Doctorado;Química inorgánica;Zaragoza;Escuela de Doctorado;Tesis doctoral;Tesis doctoral;Obligatoria;;;;2;2;2;1.00;29/04/2018
2016;Doctorado;Estudios ingleses;Zaragoza;Escuela de Doctorado;Tesis doctoral;Tesis doctoral;Obligatoria;;;;3;3;3;1.00;29/04/2018
2016;Doctorado;Información y documentación;Zaragoza;Escuela de Doctorado;Tesis doctoral;Tesis doctoral;Obligatoria;;;;4;4;4;1.00;29/04/2018
2016;Doctorado;Ordenación del territorio y medio ambiente;Zaragoza;Escuela de Doctorado;Tesis doctoral;Tesis doctoral;Obligatoria;;;;4;4;4;1.00;29/04/2018
2016;Doctorado;Lingüística y lengua española;Zaragoza;Escuela de Doctorado;Tesis doctoral;Tesis doctoral;Obligatoria;;;;1;1;1;1.00;29/04/2018
2016;Doctorado;Historia contemporánea;Zaragoza;Escuela de Doctorado;Tesis doctoral;Tesis doctoral;Obligatoria;;;;4;4;4;1.00;29/04/2018
2016;Doctorado;Historia moderna;Zaragoza;Escuela de Doctorado;Tesis doctoral;Tesis doctoral;Obligatoria;;;;2;2;2;1.00;29/04/2018
2016;Doctorado;Ciencias de la antigüedad;Zaragoza;Escuela de Doctorado;Tesis doctoral;Tesis doctoral;Obligatoria;;;;3;3;3;1.00;29/04/2018
2016;Doctorado;Filología hispánica;Zaragoza;Escuela de Doctorado;Tesis doctoral;Tesis doctoral;Obligatoria;;;;1;1;1;1.00;29/04/2018
2016;Doctorado;Historia del arte;Zaragoza;Escuela de Doctorado;Tesis doctoral;Tesis doctoral;Obligatoria;;;;4;4;4;1.00;29/04/2018
2016;Doctorado;Historia Medieval;Zaragoza;Escuela de Doctorado;Tesis doctoral;Tesis doctoral;Obligatoria;;;;1;1;1;1.00;29/04/2018
2016;Doctorado;Economía;Zaragoza;Escuela de Doctorado;Tesis doctoral;Tesis doctoral;Obligatoria;;;;3;3;3;1.00;29/04/2018
2016;Doctorado;Contabilidad y finanzas;Zaragoza;Escuela de Doctorado;Tesis doctoral;Tesis doctoral;Obligatoria;;;;1;1;1;1.00;29/04/2018
2016;Doctorado;Economía y gestión de las organizaciones;Zaragoza;Escuela de Doctorado;Tesis doctoral;Tesis doctoral;Obligatoria;;;;5;5;5;1.00;29/04/2018
2016;Doctorado;Sociología de las políticas públicas y sociales;Zaragoza;Escuela de Doctorado;Tesis doctoral;Tesis doctoral;Obligatoria;;;;2;2;2;1.00;29/04/2018
2016;Doctorado;Ciencias biomédicas y biotecnológicas;Zaragoza;Escuela de Doctorado;Tesis doctoral;Tesis doctoral;Obligatoria;;;;5;5;5;1.00;29/04/2018
2016;Doctorado;Condicionantes genéticos, nutricionales y ambientales del crec.;Zaragoza;Escuela de Doctorado;Tesis doctoral;Tesis doctoral;Obligatoria;;;;4;4;4;1.00;29/04/2018
2016;Doctorado;Tecnologías de la información y comunicaciones en redes móviles;Zaragoza;Escuela de Doctorado;Tesis doctoral;Tesis doctoral;Obligatoria;;;;1;1;1;1.00;29/04/2018
2016;Doctorado;Ingeniería electrónica;Zaragoza;Escuela de Doctorado;Tesis doctoral;Tesis doctoral;Obligatoria;;;;2;2;2;1.00;29/04/2018
2016;Doctorado;Ingeniería de sistemas e informática;Zaragoza;Escuela de Doctorado;Tesis doctoral;Tesis doctoral;Obligatoria;;;;4;4;4;1.00;29/04/2018
2016;Doctorado;Ingeniería biomédica;Zaragoza;Escuela de Doctorado;Tesis doctoral;Tesis doctoral;Obligatoria;;;;5;5;5;1.00;29/04/2018
2016;Doctorado;Ingeniería de diseño y fabricación;Zaragoza;Escuela de Doctorado;Tesis doctoral;Tesis doctoral;Obligatoria;;;;1;1;1;1.00;29/04/2018
2016;Doctorado;Mecánica de fluidos;Zaragoza;Escuela de Doctorado;Tesis doctoral;Tesis doctoral;Obligatoria;;;;1;1;1;1.00;29/04/2018
2016;Doctorado;Mecánica computacional;Zaragoza;Escuela de Doctorado;Tesis doctoral;Tesis doctoral;Obligatoria;;;;2;2;2;1.00;29/04/2018
2016;Doctorado;Derecho;Zaragoza;Escuela de Doctorado;Tesis doctoral;Tesis doctoral;Obligatoria;;;;9;9;9;1.00;29/04/2018
2016;Doctorado;Educación;Zaragoza;Escuela de Doctorado;Tesis doctoral;Tesis doctoral;Obligatoria;;;;10;10;10;1.00;29/04/2018
2016;Doctorado;PD en Ciencias de la antigüedad;Zaragoza;Escuela de Doctorado;Tesis doctoral;Tesis doctoral;Investigación;;;;7;7;7;1.00;29/04/2018
2016;Doctorado;PD Estudios ingleses;Zaragoza;Escuela de Doctorado;Tesis doctoral;Tesis doctoral;Investigación;;;;3;3;3;1.00;29/04/2018
2016;Doctorado;PD Literaturas hispánicas;Zaragoza;Escuela de Doctorado;Tesis doctoral;Tesis doctoral;Investigación;;;;1;1;1;1.00;29/04/2018
2016;Doctorado;PD Filosofía;Zaragoza;Escuela de Doctorado;Tesis doctoral;Tesis doctoral;Investigación;;;;1;1;1;1.00;29/04/2018
2016;Doctorado;PD Historia contemporánea;Zaragoza;Escuela de Doctorado;Tesis doctoral;Tesis doctoral;Investigación;;;;3;3;3;1.00;29/04/2018
2016;Doctorado;PD Historia del arte;Zaragoza;Escuela de Doctorado;Tesis doctoral;Tesis doctoral;Investigación;;;;4;4;4;1.00;29/04/2018
2016;Doctorado;PD Lingüística hispánica;Zaragoza;Escuela de Doctorado;Tesis doctoral;Tesis doctoral;Investigación;;;;3;3;3;1.00;29/04/2018
2016;Doctorado;PD Bioquímica y biología molecular;Zaragoza;Escuela de Doctorado;Tesis doctoral;Tesis doctoral;Investigación;;;;8;8;8;1.00;29/04/2018
2016;Doctorado;PD Calidad, seguridad y tecnología de los alimentos;Zaragoza;Escuela de Doctorado;Tesis doctoral;Tesis doctoral;Investigación;;;;2;2;2;1.00;29/04/2018
2016;Doctorado;PD Ciencia analítica en química;Zaragoza;Escuela de Doctorado;Tesis doctoral;Tesis doctoral;Investigación;;;;2;2;2;1.00;29/04/2018
2016;Doctorado;PD Física;Zaragoza;Escuela de Doctorado;Tesis doctoral;Tesis doctoral;Investigación;;;;6;6;6;1.00;29/04/2018
2016;Doctorado;PD Geología;Zaragoza;Escuela de Doctorado;Tesis doctoral;Tesis doctoral;Investigación;;;;1;1;1;1.00;29/04/2018
2016;Doctorado;PD Producción animal;Zaragoza;Escuela de Doctorado;Tesis doctoral;Tesis doctoral;Investigación;;;;3;3;3;1.00;29/04/2018
2016;Doctorado;PD Química inorgánica;Zaragoza;Escuela de Doctorado;Tesis doctoral;Tesis doctoral;Investigación;;;;3;3;3;1.00;29/04/2018
2016;Doctorado;PD Química orgánica;Zaragoza;Escuela de Doctorado;Tesis doctoral;Tesis doctoral;Investigación;;;;2;2;2;1.00;29/04/2018
2016;Doctorado;PD Ciencias biomédicas y biotecnológicas;Zaragoza;Escuela de Doctorado;Tesis doctoral;Tesis doctoral;Investigación;;;;5;5;5;1.00;29/04/2018
2016;Doctorado;PD Ciencias de la salud y del deporte;Zaragoza;Escuela de Doctorado;Tesis doctoral;Tesis doctoral;Investigación;;;;6;6;6;1.00;29/04/2018
2016;Doctorado;PD Medicina;Zaragoza;Escuela de Doctorado;Tesis doctoral;Tesis doctoral;Investigación;;;;35;35;35;1.00;29/04/2018
2016;Doctorado;PD Medicina y sanidad animal;Zaragoza;Escuela de Doctorado;Tesis doctoral;Tesis doctoral;Investigación;;;;6;6;6;1.00;29/04/2018
2016;Doctorado;PD Contabilidad y finanzas;Zaragoza;Escuela de Doctorado;Tesis doctoral;Tesis doctoral;Investigación;;;;6;6;6;1.00;29/04/2018
2016;Doctorado;PD Derecho;Zaragoza;Escuela de Doctorado;Tesis doctoral;Tesis doctoral;Investigación;;;;4;4;4;1.00;29/04/2018
2016;Doctorado;PD Economía y gestión de las organizaciones;Zaragoza;Escuela de Doctorado;Tesis doctoral;Tesis doctoral;Investigación;;;;5;5;5;1.00;29/04/2018
2016;Doctorado;PD Educación;Zaragoza;Escuela de Doctorado;Tesis doctoral;Tesis doctoral;Investigación;;;;9;9;9;1.00;29/04/2018
2016;Doctorado;PD Ordenación del territorio y medio ambiente;Zaragoza;Escuela de Doctorado;Tesis doctoral;Tesis doctoral;Investigación;;;;4;4;4;1.00;29/04/2018
2016;Doctorado;PD Sociología de las políticas públicas y sociales;Zaragoza;Escuela de Doctorado;Tesis doctoral;Tesis doctoral;Investigación;;;;1;1;1;1.00;29/04/2018
2016;Doctorado;PD Ciencias agrarias y del medio natural;Zaragoza;Escuela de Doctorado;Tesis doctoral;Tesis doctoral;Investigación;;;;3;3;3;1.00;29/04/2018
2016;Doctorado;PD Energías renovables y eficiencia energética;Zaragoza;Escuela de Doctorado;Tesis doctoral;Tesis doctoral;Investigación;;;;4;4;4;1.00;29/04/2018
2016;Doctorado;PD Ingeniería biomédica;Zaragoza;Escuela de Doctorado;Tesis doctoral;Tesis doctoral;Investigación;;;;3;3;3;1.00;29/04/2018
2016;Doctorado;PD Ingeniería de sistemas e informática;Zaragoza;Escuela de Doctorado;Tesis doctoral;Tesis doctoral;Investigación;;;;5;5;5;1.00;29/04/2018
2016;Doctorado;PD Ingeniería mecánica;Zaragoza;Escuela de Doctorado;Tesis doctoral;Tesis doctoral;Investigación;;;;7;7;7;1.00;29/04/2018
2016;Doctorado;PD Ingeniería química y del medio ambiente;Zaragoza;Escuela de Doctorado;Tesis doctoral;Tesis doctoral;Investigación;;;;8;8;8;1.00;29/04/2018
2016;Doctorado;PD Nuevos territorios en la arquitectura;Zaragoza;Escuela de Doctorado;Tesis doctoral;Tesis doctoral;Investigación;;;;1;1;1;1.00;29/04/2018
2016;Doctorado;PD Información y Comunicación;Zaragoza;Escuela de Doctorado;Tesis doctoral;Tesis doctoral;Investigación;;;;1;1;1;1.00;29/04/2018
2016;Doctorado;PD en Ciencias de la antigüedad;Zaragoza;Escuela de Doctorado;Tutela (primer año);Tutela académica de doctorado;Investigación;;;;16;15;16;0.00;29/04/2018
2016;Doctorado;PD Estudios ingleses;Zaragoza;Escuela de Doctorado;Tutela (primer año);Tutela académica de doctorado;Investigación;;;;11;11;11;0.00;29/04/2018
2016;Doctorado;PD Literaturas hispánicas;Zaragoza;Escuela de Doctorado;Tutela (primer año);Tutela académica de doctorado;Investigación;;;;6;5;6;0.00;29/04/2018
2016;Doctorado;PD Filosofía;Zaragoza;Escuela de Doctorado;Tutela (primer año);Tutela académica de doctorado;Investigación;;;;1;1;1;0.00;29/04/2018
2016;Doctorado;PD Historia contemporánea;Zaragoza;Escuela de Doctorado;Tutela (primer año);Tutela académica de doctorado;Investigación;;;;9;9;9;0.00;29/04/2018
2016;Doctorado;PD Historia del arte;Zaragoza;Escuela de Doctorado;Tutela (primer año);Tutela académica de doctorado;Investigación;;;;11;10;11;0.00;29/04/2018
2016;Doctorado;PD Historia, sociedad y cultura: épocas medieval y moderna;Zaragoza;Escuela de Doctorado;Tutela (primer año);Tutela académica de doctorado;Investigación;;;;4;3;4;0.00;29/04/2018
2016;Doctorado;PD Lingüística hispánica;Zaragoza;Escuela de Doctorado;Tutela (primer año);Tutela académica de doctorado;Investigación;;;;9;8;9;0.00;29/04/2018
2016;Doctorado;PD Bioquímica y biología molecular;Zaragoza;Escuela de Doctorado;Tutela (primer año);Tutela académica de doctorado;Investigación;;;;21;20;21;0.00;29/04/2018
2016;Doctorado;PD Calidad, seguridad y tecnología de los alimentos;Zaragoza;Escuela de Doctorado;Tutela (primer año);Tutela académica de doctorado;Investigación;;;;14;14;14;0.00;29/04/2018
2016;Doctorado;PD Ciencia analítica en química;Zaragoza;Escuela de Doctorado;Tutela (primer año);Tutela académica de doctorado;Investigación;;;;10;9;10;0.00;29/04/2018
2016;Doctorado;PD Física;Zaragoza;Escuela de Doctorado;Tutela (primer año);Tutela académica de doctorado;Investigación;;;;18;18;18;0.00;29/04/2018
2016;Doctorado;PD Geología;Zaragoza;Escuela de Doctorado;Tutela (primer año);Tutela académica de doctorado;Investigación;;;;10;9;10;0.00;29/04/2018
2016;Doctorado;PD Matemáticas y estadística;Zaragoza;Escuela de Doctorado;Tutela (primer año);Tutela académica de doctorado;Investigación;;;;1;1;1;0.00;29/04/2018
2016;Doctorado;PD Producción animal;Zaragoza;Escuela de Doctorado;Tutela (primer año);Tutela académica de doctorado;Investigación;;;;2;2;2;0.00;29/04/2018
2016;Doctorado;PD Química física;Zaragoza;Escuela de Doctorado;Tutela (primer año);Tutela académica de doctorado;Investigación;;;;3;3;3;0.00;29/04/2018
2016;Doctorado;PD Química inorgánica;Zaragoza;Escuela de Doctorado;Tutela (primer año);Tutela académica de doctorado;Investigación;;;;17;17;17;0.00;29/04/2018
2016;Doctorado;PD Química orgánica;Zaragoza;Escuela de Doctorado;Tutela (primer año);Tutela académica de doctorado;Investigación;;;;6;6;6;0.00;29/04/2018
2016;Doctorado;PD Ciencias biomédicas y biotecnológicas;Zaragoza;Escuela de Doctorado;Tutela (primer año);Tutela académica de doctorado;Investigación;;;;8;8;8;0.00;29/04/2018
2016;Doctorado;PD Ciencias de la salud y del deporte;Zaragoza;Escuela de Doctorado;Tutela (primer año);Tutela académica de doctorado;Investigación;;;;33;33;33;0.00;29/04/2018
2016;Doctorado;PD Medicina;Zaragoza;Escuela de Doctorado;Tutela (primer año);Tutela académica de doctorado;Investigación;;;;74;72;74;0.00;29/04/2018
2016;Doctorado;PD Medicina y sanidad animal;Zaragoza;Escuela de Doctorado;Tutela (primer año);Tutela académica de doctorado;Investigación;;;;23;21;23;0.00;29/04/2018
2016;Doctorado;PD Contabilidad y finanzas;Zaragoza;Escuela de Doctorado;Tutela (primer año);Tutela académica de doctorado;Investigación;;;;8;7;8;0.00;29/04/2018
2016;Doctorado;PD Derecho;Zaragoza;Escuela de Doctorado;Tutela (primer año);Tutela académica de doctorado;Investigación;;;;23;16;23;0.00;29/04/2018
2016;Doctorado;PD Derechos humanos y libertades fundamentales;Zaragoza;Escuela de Doctorado;Tutela (primer año);Tutela académica de doctorado;Investigación;;;;11;10;11;0.00;29/04/2018
2016;Doctorado;PD Economía;Zaragoza;Escuela de Doctorado;Tutela (primer año);Tutela académica de doctorado;Investigación;;;;20;19;20;0.00;29/04/2018
2016;Doctorado;PD Economía y gestión de las organizaciones;Zaragoza;Escuela de Doctorado;Tutela (primer año);Tutela académica de doctorado;Investigación;;;;8;8;8;0.00;29/04/2018
2016;Doctorado;PD Educación;Zaragoza;Escuela de Doctorado;Tutela (primer año);Tutela académica de doctorado;Investigación;;;;30;25;30;0.00;29/04/2018
2016;Doctorado;PD Ordenación del territorio y medio ambiente;Zaragoza;Escuela de Doctorado;Tutela (primer año);Tutela académica de doctorado;Investigación;;;;10;9;10;0.00;29/04/2018
2016;Doctorado;PD Relaciones de género y estudios feministas;Zaragoza;Escuela de Doctorado;Tutela (primer año);Tutela académica de doctorado;Investigación;;;;5;4;5;0.00;29/04/2018
2016;Doctorado;PD Sociología de las políticas públicas y sociales;Zaragoza;Escuela de Doctorado;Tutela (primer año);Tutela académica de doctorado;Investigación;;;;16;14;16;0.00;29/04/2018
2016;Doctorado;PD Ciencias agrarias y del medio natural;Zaragoza;Escuela de Doctorado;Tutela (primer año);Tutela académica de doctorado;Investigación;;;;2;2;2;0.00;29/04/2018
2016;Doctorado;PD Energías renovables y eficiencia energética;Zaragoza;Escuela de Doctorado;Tutela (primer año);Tutela académica de doctorado;Investigación;;;;12;12;12;0.00;29/04/2018
2016;Doctorado;PD Ingeniería biomédica;Zaragoza;Escuela de Doctorado;Tutela (primer año);Tutela académica de doctorado;Investigación;;;;13;12;13;0.00;29/04/2018
2016;Doctorado;PD Ingeniería de diseño y fabricación;Zaragoza;Escuela de Doctorado;Tutela (primer año);Tutela académica de doctorado;Investigación;;;;8;7;8;0.00;29/04/2018
2016;Doctorado;PD Ingeniería de sistemas e informática;Zaragoza;Escuela de Doctorado;Tutela (primer año);Tutela académica de doctorado;Investigación;;;;13;11;13;0.00;29/04/2018
2016;Doctorado;PD Ingeniería electrónica;Zaragoza;Escuela de Doctorado;Tutela (primer año);Tutela académica de doctorado;Investigación;;;;7;7;7;0.00;29/04/2018
2016;Doctorado;PD Ingeniería mecánica;Zaragoza;Escuela de Doctorado;Tutela (primer año);Tutela académica de doctorado;Investigación;;;;10;8;10;0.00;29/04/2018
2016;Doctorado;PD Ingeniería química y del medio ambiente;Zaragoza;Escuela de Doctorado;Tutela (primer año);Tutela académica de doctorado;Investigación;;;;19;18;19;0.00;29/04/2018
2016;Doctorado;PD Mecánica de fluídos;Zaragoza;Escuela de Doctorado;Tutela (primer año);Tutela académica de doctorado;Investigación;;;;2;2;2;0.00;29/04/2018
2016;Doctorado;PD Nuevos territorios en la arquitectura;Zaragoza;Escuela de Doctorado;Tutela (primer año);Tutela académica de doctorado;Investigación;;;;10;10;10;0.00;29/04/2018
2016;Doctorado;PD Tecnologías de la información y comunicaciones en redes moviles;Zaragoza;Escuela de Doctorado;Tutela (primer año);Tutela académica de doctorado;Investigación;;;;8;8;8;0.00;29/04/2018
2016;Doctorado;PD Información y Comunicación;Zaragoza;Escuela de Doctorado;Tutela (primer año);Tutela académica de doctorado;Investigación;;;;6;6;6;0.00;29/04/2018
2016;Doctorado;PD Patrimonio, Sociedades y Espacios de Frontera;Zaragoza;Escuela de Doctorado;Tutela (primer año);Tutela académica de doctorado;Investigación;;;;4;4;4;0.00;29/04/2018
2016;Doctorado;PD Logística y gestión de la cadena de suministro;Zaragoza;Escuela de Doctorado;Tutela (primer año);Tutela académica de doctorado;Investigación;;;;2;2;2;0.00;29/04/2018
2016;Doctorado;PD en Ciencias de la antigüedad;Zaragoza;Escuela de Doctorado;Tutela (segundo año);Tutela académica de doctorado;Investigación;;;;20;20;20;0.00;29/04/2018
2016;Doctorado;PD Estudios ingleses;Zaragoza;Escuela de Doctorado;Tutela (segundo año);Tutela académica de doctorado;Investigación;;;;6;6;6;0.00;29/04/2018
2016;Doctorado;PD Literaturas hispánicas;Zaragoza;Escuela de Doctorado;Tutela (segundo año);Tutela académica de doctorado;Investigación;;;;15;14;15;0.00;29/04/2018
2016;Doctorado;PD Filosofía;Zaragoza;Escuela de Doctorado;Tutela (segundo año);Tutela académica de doctorado;Investigación;;;;2;2;2;0.00;29/04/2018
2016;Doctorado;PD Historia contemporánea;Zaragoza;Escuela de Doctorado;Tutela (segundo año);Tutela académica de doctorado;Investigación;;;;19;19;19;0.00;29/04/2018
2016;Doctorado;PD Historia del arte;Zaragoza;Escuela de Doctorado;Tutela (segundo año);Tutela académica de doctorado;Investigación;;;;30;28;30;0.00;29/04/2018
2016;Doctorado;PD Historia, sociedad y cultura: épocas medieval y moderna;Zaragoza;Escuela de Doctorado;Tutela (segundo año);Tutela académica de doctorado;Investigación;;;;14;13;14;0.00;29/04/2018
2016;Doctorado;PD Lingüística hispánica;Zaragoza;Escuela de Doctorado;Tutela (segundo año);Tutela académica de doctorado;Investigación;;;;15;15;15;0.00;29/04/2018
2016;Doctorado;PD Bioquímica y biología molecular;Zaragoza;Escuela de Doctorado;Tutela (segundo año);Tutela académica de doctorado;Investigación;;;;27;27;27;0.00;29/04/2018
2016;Doctorado;PD Calidad, seguridad y tecnología de los alimentos;Zaragoza;Escuela de Doctorado;Tutela (segundo año);Tutela académica de doctorado;Investigación;;;;3;3;3;0.00;29/04/2018
2016;Doctorado;PD Ciencia analítica en química;Zaragoza;Escuela de Doctorado;Tutela (segundo año);Tutela académica de doctorado;Investigación;;;;6;5;6;0.00;29/04/2018
2016;Doctorado;PD Física;Zaragoza;Escuela de Doctorado;Tutela (segundo año);Tutela académica de doctorado;Investigación;;;;15;15;15;0.00;29/04/2018
2016;Doctorado;PD Geología;Zaragoza;Escuela de Doctorado;Tutela (segundo año);Tutela académica de doctorado;Investigación;;;;11;11;11;0.00;29/04/2018
2016;Doctorado;PD Matemáticas y estadística;Zaragoza;Escuela de Doctorado;Tutela (segundo año);Tutela académica de doctorado;Investigación;;;;3;3;3;0.00;29/04/2018
2016;Doctorado;PD Producción animal;Zaragoza;Escuela de Doctorado;Tutela (segundo año);Tutela académica de doctorado;Investigación;;;;6;6;6;0.00;29/04/2018
2016;Doctorado;PD Química física;Zaragoza;Escuela de Doctorado;Tutela (segundo año);Tutela académica de doctorado;Investigación;;;;2;2;2;0.00;29/04/2018
2016;Doctorado;PD Química inorgánica;Zaragoza;Escuela de Doctorado;Tutela (segundo año);Tutela académica de doctorado;Investigación;;;;10;10;10;0.00;29/04/2018
2016;Doctorado;PD Química orgánica;Zaragoza;Escuela de Doctorado;Tutela (segundo año);Tutela académica de doctorado;Investigación;;;;4;4;4;0.00;29/04/2018
2016;Doctorado;PD Ciencias biomédicas y biotecnológicas;Zaragoza;Escuela de Doctorado;Tutela (segundo año);Tutela académica de doctorado;Investigación;;;;6;6;6;0.00;29/04/2018
2016;Doctorado;PD Ciencias de la salud y del deporte;Zaragoza;Escuela de Doctorado;Tutela (segundo año);Tutela académica de doctorado;Investigación;;;;26;26;26;0.00;29/04/2018
2016;Doctorado;PD Medicina;Zaragoza;Escuela de Doctorado;Tutela (segundo año);Tutela académica de doctorado;Investigación;;;;75;71;75;0.00;29/04/2018
2016;Doctorado;PD Medicina y sanidad animal;Zaragoza;Escuela de Doctorado;Tutela (segundo año);Tutela académica de doctorado;Investigación;;;;12;12;12;0.00;29/04/2018
2016;Doctorado;PD Contabilidad y finanzas;Zaragoza;Escuela de Doctorado;Tutela (segundo año);Tutela académica de doctorado;Investigación;;;;13;13;13;0.00;29/04/2018
2016;Doctorado;PD Derecho;Zaragoza;Escuela de Doctorado;Tutela (segundo año);Tutela académica de doctorado;Investigación;;;;33;23;33;0.00;29/04/2018
2016;Doctorado;PD Derechos humanos y libertades fundamentales;Zaragoza;Escuela de Doctorado;Tutela (segundo año);Tutela académica de doctorado;Investigación;;;;11;11;11;0.00;29/04/2018
2016;Doctorado;PD Economía;Zaragoza;Escuela de Doctorado;Tutela (segundo año);Tutela académica de doctorado;Investigación;;;;13;13;13;0.00;29/04/2018
2016;Doctorado;PD Economía y gestión de las organizaciones;Zaragoza;Escuela de Doctorado;Tutela (segundo año);Tutela académica de doctorado;Investigación;;;;10;7;10;0.00;29/04/2018
2016;Doctorado;PD Educación;Zaragoza;Escuela de Doctorado;Tutela (segundo año);Tutela académica de doctorado;Investigación;;;;27;25;27;0.00;29/04/2018
2016;Doctorado;PD Ordenación del territorio y medio ambiente;Zaragoza;Escuela de Doctorado;Tutela (segundo año);Tutela académica de doctorado;Investigación;;;;8;6;8;0.00;29/04/2018
2016;Doctorado;PD Relaciones de género y estudios feministas;Zaragoza;Escuela de Doctorado;Tutela (segundo año);Tutela académica de doctorado;Investigación;;;;2;2;2;0.00;29/04/2018
2016;Doctorado;PD Sociología de las políticas públicas y sociales;Zaragoza;Escuela de Doctorado;Tutela (segundo año);Tutela académica de doctorado;Investigación;;;;17;13;17;0.00;29/04/2018
2016;Doctorado;PD Ciencias agrarias y del medio natural;Zaragoza;Escuela de Doctorado;Tutela (segundo año);Tutela académica de doctorado;Investigación;;;;10;10;10;0.00;29/04/2018
2016;Doctorado;PD Energías renovables y eficiencia energética;Zaragoza;Escuela de Doctorado;Tutela (segundo año);Tutela académica de doctorado;Investigación;;;;23;22;23;0.00;29/04/2018
2016;Doctorado;PD Ingeniería biomédica;Zaragoza;Escuela de Doctorado;Tutela (segundo año);Tutela académica de doctorado;Investigación;;;;8;8;8;0.00;29/04/2018
2016;Doctorado;PD Ingeniería de diseño y fabricación;Zaragoza;Escuela de Doctorado;Tutela (segundo año);Tutela académica de doctorado;Investigación;;;;11;11;11;0.00;29/04/2018
2016;Doctorado;PD Ingeniería de sistemas e informática;Zaragoza;Escuela de Doctorado;Tutela (segundo año);Tutela académica de doctorado;Investigación;;;;12;12;12;0.00;29/04/2018
2016;Doctorado;PD Ingeniería electrónica;Zaragoza;Escuela de Doctorado;Tutela (segundo año);Tutela académica de doctorado;Investigación;;;;6;6;6;0.00;29/04/2018
2016;Doctorado;PD Ingeniería mecánica;Zaragoza;Escuela de Doctorado;Tutela (segundo año);Tutela académica de doctorado;Investigación;;;;11;8;11;0.00;29/04/2018
2016;Doctorado;PD Ingeniería química y del medio ambiente;Zaragoza;Escuela de Doctorado;Tutela (segundo año);Tutela académica de doctorado;Investigación;;;;14;14;14;0.00;29/04/2018
2016;Doctorado;PD Mecánica de fluídos;Zaragoza;Escuela de Doctorado;Tutela (segundo año);Tutela académica de doctorado;Investigación;;;;5;5;5;0.00;29/04/2018
2016;Doctorado;PD Nuevos territorios en la arquitectura;Zaragoza;Escuela de Doctorado;Tutela (segundo año);Tutela académica de doctorado;Investigación;;;;10;9;10;0.00;29/04/2018
2016;Doctorado;PD Tecnologías de la información y comunicaciones en redes moviles;Zaragoza;Escuela de Doctorado;Tutela (segundo año);Tutela académica de doctorado;Investigación;;;;2;2;2;0.00;29/04/2018
2016;Doctorado;PD Información y Comunicación;Zaragoza;Escuela de Doctorado;Tutela (segundo año);Tutela académica de doctorado;Investigación;;;;10;9;10;0.00;29/04/2018
2016;Doctorado;PD en Ciencias de la antigüedad;Zaragoza;Escuela de Doctorado;Tutela (tercer año);Tutela académica de doctorado;Investigación;;;;17;17;17;0.00;29/04/2018
2016;Doctorado;PD Estudios ingleses;Zaragoza;Escuela de Doctorado;Tutela (tercer año);Tutela académica de doctorado;Investigación;;;;3;3;3;0.00;29/04/2018
2016;Doctorado;PD Literaturas hispánicas;Zaragoza;Escuela de Doctorado;Tutela (tercer año);Tutela académica de doctorado;Investigación;;;;2;2;2;0.00;29/04/2018
2016;Doctorado;PD Filosofía;Zaragoza;Escuela de Doctorado;Tutela (tercer año);Tutela académica de doctorado;Investigación;;;;5;5;5;0.00;29/04/2018
2016;Doctorado;PD Historia contemporánea;Zaragoza;Escuela de Doctorado;Tutela (tercer año);Tutela académica de doctorado;Investigación;;;;8;8;8;0.00;29/04/2018
2016;Doctorado;PD Historia del arte;Zaragoza;Escuela de Doctorado;Tutela (tercer año);Tutela académica de doctorado;Investigación;;;;5;5;5;0.00;29/04/2018
2016;Doctorado;PD Historia, sociedad y cultura: épocas medieval y moderna;Zaragoza;Escuela de Doctorado;Tutela (tercer año);Tutela académica de doctorado;Investigación;;;;5;5;5;0.00;29/04/2018
2016;Doctorado;PD Lingüística hispánica;Zaragoza;Escuela de Doctorado;Tutela (tercer año);Tutela académica de doctorado;Investigación;;;;10;9;10;0.00;29/04/2018
2016;Doctorado;PD Bioquímica y biología molecular;Zaragoza;Escuela de Doctorado;Tutela (tercer año);Tutela académica de doctorado;Investigación;;;;14;14;14;0.00;29/04/2018
2016;Doctorado;PD Calidad, seguridad y tecnología de los alimentos;Zaragoza;Escuela de Doctorado;Tutela (tercer año);Tutela académica de doctorado;Investigación;;;;8;8;8;0.00;29/04/2018
2016;Doctorado;PD Ciencia analítica en química;Zaragoza;Escuela de Doctorado;Tutela (tercer año);Tutela académica de doctorado;Investigación;;;;3;3;3;0.00;29/04/2018
2016;Doctorado;PD Física;Zaragoza;Escuela de Doctorado;Tutela (tercer año);Tutela académica de doctorado;Investigación;;;;13;10;13;0.00;29/04/2018
2016;Doctorado;PD Geología;Zaragoza;Escuela de Doctorado;Tutela (tercer año);Tutela académica de doctorado;Investigación;;;;6;6;6;0.00;29/04/2018
2016;Doctorado;PD Matemáticas y estadística;Zaragoza;Escuela de Doctorado;Tutela (tercer año);Tutela académica de doctorado;Investigación;;;;5;5;5;0.00;29/04/2018
2016;Doctorado;PD Producción animal;Zaragoza;Escuela de Doctorado;Tutela (tercer año);Tutela académica de doctorado;Investigación;;;;4;4;4;0.00;29/04/2018
2016;Doctorado;PD Química física;Zaragoza;Escuela de Doctorado;Tutela (tercer año);Tutela académica de doctorado;Investigación;;;;2;2;2;0.00;29/04/2018
2016;Doctorado;PD Química inorgánica;Zaragoza;Escuela de Doctorado;Tutela (tercer año);Tutela académica de doctorado;Investigación;;;;8;7;8;0.00;29/04/2018
2016;Doctorado;PD Química orgánica;Zaragoza;Escuela de Doctorado;Tutela (tercer año);Tutela académica de doctorado;Investigación;;;;9;9;9;0.00;29/04/2018
2016;Doctorado;PD Ciencias biomédicas y biotecnológicas;Zaragoza;Escuela de Doctorado;Tutela (tercer año);Tutela académica de doctorado;Investigación;;;;7;7;7;0.00;29/04/2018
2016;Doctorado;PD Ciencias de la salud y del deporte;Zaragoza;Escuela de Doctorado;Tutela (tercer año);Tutela académica de doctorado;Investigación;;;;28;23;28;0.00;29/04/2018
2016;Doctorado;PD Medicina;Zaragoza;Escuela de Doctorado;Tutela (tercer año);Tutela académica de doctorado;Investigación;;;;51;50;51;0.00;29/04/2018
2016;Doctorado;PD Medicina y sanidad animal;Zaragoza;Escuela de Doctorado;Tutela (tercer año);Tutela académica de doctorado;Investigación;;;;9;9;9;0.00;29/04/2018
2016;Doctorado;PD Contabilidad y finanzas;Zaragoza;Escuela de Doctorado;Tutela (tercer año);Tutela académica de doctorado;Investigación;;;;8;8;8;0.00;29/04/2018
2016;Doctorado;PD Derecho;Zaragoza;Escuela de Doctorado;Tutela (tercer año);Tutela académica de doctorado;Investigación;;;;18;13;18;0.00;29/04/2018
2016;Doctorado;PD Derechos humanos y libertades fundamentales;Zaragoza;Escuela de Doctorado;Tutela (tercer año);Tutela académica de doctorado;Investigación;;;;10;10;10;0.00;29/04/2018
2016;Doctorado;PD Economía;Zaragoza;Escuela de Doctorado;Tutela (tercer año);Tutela académica de doctorado;Investigación;;;;6;6;6;0.00;29/04/2018
2016;Doctorado;PD Economía y gestión de las organizaciones;Zaragoza;Escuela de Doctorado;Tutela (tercer año);Tutela académica de doctorado;Investigación;;;;8;8;8;0.00;29/04/2018
2016;Doctorado;PD Educación;Zaragoza;Escuela de Doctorado;Tutela (tercer año);Tutela académica de doctorado;Investigación;;;;19;18;19;0.00;29/04/2018
2016;Doctorado;PD Ordenación del territorio y medio ambiente;Zaragoza;Escuela de Doctorado;Tutela (tercer año);Tutela académica de doctorado;Investigación;;;;12;11;12;0.00;29/04/2018
2016;Doctorado;PD Relaciones de género y estudios feministas;Zaragoza;Escuela de Doctorado;Tutela (tercer año);Tutela académica de doctorado;Investigación;;;;2;2;2;0.00;29/04/2018
2016;Doctorado;PD Sociología de las políticas públicas y sociales;Zaragoza;Escuela de Doctorado;Tutela (tercer año);Tutela académica de doctorado;Investigación;;;;9;5;9;0.00;29/04/2018
2016;Doctorado;PD Ciencias agrarias y del medio natural;Zaragoza;Escuela de Doctorado;Tutela (tercer año);Tutela académica de doctorado;Investigación;;;;9;9;9;0.00;29/04/2018
2016;Doctorado;PD Energías renovables y eficiencia energética;Zaragoza;Escuela de Doctorado;Tutela (tercer año);Tutela académica de doctorado;Investigación;;;;14;13;14;0.00;29/04/2018
2016;Doctorado;PD Ingeniería biomédica;Zaragoza;Escuela de Doctorado;Tutela (tercer año);Tutela académica de doctorado;Investigación;;;;7;7;7;0.00;29/04/2018
2016;Doctorado;PD Ingeniería de diseño y fabricación;Zaragoza;Escuela de Doctorado;Tutela (tercer año);Tutela académica de doctorado;Investigación;;;;8;8;8;0.00;29/04/2018
2016;Doctorado;PD Ingeniería de sistemas e informática;Zaragoza;Escuela de Doctorado;Tutela (tercer año);Tutela académica de doctorado;Investigación;;;;8;8;8;0.00;29/04/2018
2016;Doctorado;PD Ingeniería electrónica;Zaragoza;Escuela de Doctorado;Tutela (tercer año);Tutela académica de doctorado;Investigación;;;;3;3;3;0.00;29/04/2018
2016;Doctorado;PD Ingeniería mecánica;Zaragoza;Escuela de Doctorado;Tutela (tercer año);Tutela académica de doctorado;Investigación;;;;18;17;18;0.00;29/04/2018
2016;Doctorado;PD Ingeniería química y del medio ambiente;Zaragoza;Escuela de Doctorado;Tutela (tercer año);Tutela académica de doctorado;Investigación;;;;23;22;23;0.00;29/04/2018
2016;Doctorado;PD Nuevos territorios en la arquitectura;Zaragoza;Escuela de Doctorado;Tutela (tercer año);Tutela académica de doctorado;Investigación;;;;6;6;6;0.00;29/04/2018
2016;Doctorado;PD Tecnologías de la información y comunicaciones en redes moviles;Zaragoza;Escuela de Doctorado;Tutela (tercer año);Tutela académica de doctorado;Investigación;;;;2;2;2;0.00;29/04/2018
2016;Doctorado;PD Información y Comunicación;Zaragoza;Escuela de Doctorado;Tutela (tercer año);Tutela académica de doctorado;Investigación;;;;6;6;6;0.00;29/04/2018
2016;Doctorado;PD en Ciencias de la antigüedad;Zaragoza;Escuela de Doctorado;Tutela (cuarto año);Tutela académica de doctorado;Investigación;;;;7;7;7;0.00;29/04/2018
2016;Doctorado;PD Estudios ingleses;Zaragoza;Escuela de Doctorado;Tutela (cuarto año);Tutela académica de doctorado;Investigación;;;;4;3;4;0.00;29/04/2018
2016;Doctorado;PD Literaturas hispánicas;Zaragoza;Escuela de Doctorado;Tutela (cuarto año);Tutela académica de doctorado;Investigación;;;;2;2;2;0.00;29/04/2018
2016;Doctorado;PD Filosofía;Zaragoza;Escuela de Doctorado;Tutela (cuarto año);Tutela académica de doctorado;Investigación;;;;5;4;5;0.00;29/04/2018
2016;Doctorado;PD Historia del arte;Zaragoza;Escuela de Doctorado;Tutela (cuarto año);Tutela académica de doctorado;Investigación;;;;9;8;9;0.00;29/04/2018
2016;Doctorado;PD Lingüística hispánica;Zaragoza;Escuela de Doctorado;Tutela (cuarto año);Tutela académica de doctorado;Investigación;;;;6;6;6;0.00;29/04/2018
2016;Doctorado;PD Bioquímica y biología molecular;Zaragoza;Escuela de Doctorado;Tutela (cuarto año);Tutela académica de doctorado;Investigación;;;;9;9;9;0.00;29/04/2018
2016;Doctorado;PD Calidad, seguridad y tecnología de los alimentos;Zaragoza;Escuela de Doctorado;Tutela (cuarto año);Tutela académica de doctorado;Investigación;;;;4;4;4;0.00;29/04/2018
2016;Doctorado;PD Ciencia analítica en química;Zaragoza;Escuela de Doctorado;Tutela (cuarto año);Tutela académica de doctorado;Investigación;;;;4;4;4;0.00;29/04/2018
2016;Doctorado;PD Física;Zaragoza;Escuela de Doctorado;Tutela (cuarto año);Tutela académica de doctorado;Investigación;;;;10;10;10;0.00;29/04/2018
2016;Doctorado;PD Geología;Zaragoza;Escuela de Doctorado;Tutela (cuarto año);Tutela académica de doctorado;Investigación;;;;10;9;10;0.00;29/04/2018
2016;Doctorado;PD Matemáticas y estadística;Zaragoza;Escuela de Doctorado;Tutela (cuarto año);Tutela académica de doctorado;Investigación;;;;1;1;1;0.00;29/04/2018
2016;Doctorado;PD Producción animal;Zaragoza;Escuela de Doctorado;Tutela (cuarto año);Tutela académica de doctorado;Investigación;;;;2;2;2;0.00;29/04/2018
2016;Doctorado;PD Química física;Zaragoza;Escuela de Doctorado;Tutela (cuarto año);Tutela académica de doctorado;Investigación;;;;1;1;1;0.00;29/04/2018
2016;Doctorado;PD Química inorgánica;Zaragoza;Escuela de Doctorado;Tutela (cuarto año);Tutela académica de doctorado;Investigación;;;;5;5;5;0.00;29/04/2018
2016;Doctorado;PD Química orgánica;Zaragoza;Escuela de Doctorado;Tutela (cuarto año);Tutela académica de doctorado;Investigación;;;;6;6;6;0.00;29/04/2018
2016;Doctorado;PD Ciencias biomédicas y biotecnológicas;Zaragoza;Escuela de Doctorado;Tutela (cuarto año);Tutela académica de doctorado;Investigación;;;;1;1;1;0.00;29/04/2018
2016;Doctorado;PD Ciencias de la salud y del deporte;Zaragoza;Escuela de Doctorado;Tutela (cuarto año);Tutela académica de doctorado;Investigación;;;;10;10;10;0.00;29/04/2018
2016;Doctorado;PD Medicina;Zaragoza;Escuela de Doctorado;Tutela (cuarto año);Tutela académica de doctorado;Investigación;;;;42;38;42;0.00;29/04/2018
2016;Doctorado;PD Medicina y sanidad animal;Zaragoza;Escuela de Doctorado;Tutela (cuarto año);Tutela académica de doctorado;Investigación;;;;3;3;3;0.00;29/04/2018
2016;Doctorado;PD Contabilidad y finanzas;Zaragoza;Escuela de Doctorado;Tutela (cuarto año);Tutela académica de doctorado;Investigación;;;;6;6;6;0.00;29/04/2018
2016;Doctorado;PD Derecho;Zaragoza;Escuela de Doctorado;Tutela (cuarto año);Tutela académica de doctorado;Investigación;;;;15;11;15;0.00;29/04/2018
2016;Doctorado;PD Derechos humanos y libertades fundamentales;Zaragoza;Escuela de Doctorado;Tutela (cuarto año);Tutela académica de doctorado;Investigación;;;;1;1;1;0.00;29/04/2018
2016;Doctorado;PD Economía;Zaragoza;Escuela de Doctorado;Tutela (cuarto año);Tutela académica de doctorado;Investigación;;;;6;6;6;0.00;29/04/2018
2016;Doctorado;PD Economía y gestión de las organizaciones;Zaragoza;Escuela de Doctorado;Tutela (cuarto año);Tutela académica de doctorado;Investigación;;;;7;5;7;0.00;29/04/2018
2016;Doctorado;PD Educación;Zaragoza;Escuela de Doctorado;Tutela (cuarto año);Tutela académica de doctorado;Investigación;;;;9;9;9;0.00;29/04/2018
2016;Doctorado;PD Ordenación del territorio y medio ambiente;Zaragoza;Escuela de Doctorado;Tutela (cuarto año);Tutela académica de doctorado;Investigación;;;;11;11;11;0.00;29/04/2018
2016;Doctorado;PD Relaciones de género y estudios feministas;Zaragoza;Escuela de Doctorado;Tutela (cuarto año);Tutela académica de doctorado;Investigación;;;;1;1;1;0.00;29/04/2018
2016;Doctorado;PD Sociología de las políticas públicas y sociales;Zaragoza;Escuela de Doctorado;Tutela (cuarto año);Tutela académica de doctorado;Investigación;;;;11;11;11;0.00;29/04/2018
2016;Doctorado;PD Ciencias agrarias y del medio natural;Zaragoza;Escuela de Doctorado;Tutela (cuarto año);Tutela académica de doctorado;Investigación;;;;5;5;5;0.00;29/04/2018
2016;Doctorado;PD Energías renovables y eficiencia energética;Zaragoza;Escuela de Doctorado;Tutela (cuarto año);Tutela académica de doctorado;Investigación;;;;2;2;2;0.00;29/04/2018
2016;Doctorado;PD Ingeniería biomédica;Zaragoza;Escuela de Doctorado;Tutela (cuarto año);Tutela académica de doctorado;Investigación;;;;5;5;5;0.00;29/04/2018
2016;Doctorado;PD Ingeniería de diseño y fabricación;Zaragoza;Escuela de Doctorado;Tutela (cuarto año);Tutela académica de doctorado;Investigación;;;;1;1;1;0.00;29/04/2018
2016;Doctorado;PD Ingeniería de sistemas e informática;Zaragoza;Escuela de Doctorado;Tutela (cuarto año);Tutela académica de doctorado;Investigación;;;;12;12;12;0.00;29/04/2018
2016;Doctorado;PD Ingeniería electrónica;Zaragoza;Escuela de Doctorado;Tutela (cuarto año);Tutela académica de doctorado;Investigación;;;;1;1;1;0.00;29/04/2018
2016;Doctorado;PD Ingeniería mecánica;Zaragoza;Escuela de Doctorado;Tutela (cuarto año);Tutela académica de doctorado;Investigación;;;;3;3;3;0.00;29/04/2018
2016;Doctorado;PD Ingeniería química y del medio ambiente;Zaragoza;Escuela de Doctorado;Tutela (cuarto año);Tutela académica de doctorado;Investigación;;;;10;10;10;0.00;29/04/2018
2016;Doctorado;PD Nuevos territorios en la arquitectura;Zaragoza;Escuela de Doctorado;Tutela (cuarto año);Tutela académica de doctorado;Investigación;;;;9;9;9;0.00;29/04/2018
