CURSO_ACADEMICO;TIPO_ESTUDIO;ESTUDIO;LOCALIDAD;CENTRO;ASIGNATURA;TIPO_ASIGNATURA;CLASE_ASIGNATURA;TASA_EXITO;TASA_RENDIMIENTO;TASA_EVALUACION;ALUMNOS_EVALUADOS;ALUMNOS_SUPERADOS;ALUMNOS_PRESENTADOS;MEDIA_CONVOCATORIAS_CONSUMIDAS;FECHA_ACTUALIZACION
2018;Grado;Grado: Administración y Dirección de Empresas;Zaragoza;Facultad de Economía y Empresa;Idioma moderno Portugués B1;Normal;Obligatoria;;;;0;0;0;1.00;27/09/2020
2018;Grado;Grado: Bellas Artes;Teruel;Facultad de Ciencias Sociales y Humanas de Teruel;Dibujo I;Normal;Formación básica;100.00;98.00;98.00;50;49;49;1.00;27/09/2020
2018;Grado;Grado: Bellas Artes;Teruel;Facultad de Ciencias Sociales y Humanas de Teruel;Color I;Normal;Formación básica;100.00;96.00;96.00;50;48;48;1.00;27/09/2020
2018;Grado;Grado: Bellas Artes;Teruel;Facultad de Ciencias Sociales y Humanas de Teruel;Volumen I;Normal;Formación básica;100.00;92.31;92.31;52;48;48;1.00;27/09/2020
2018;Grado;Grado: Bellas Artes;Teruel;Facultad de Ciencias Sociales y Humanas de Teruel;Técnicas pictóricas, materiales y procedimientos;Normal;Obligatoria;100.00;98.00;98.00;50;49;49;1.00;27/09/2020
2018;Grado;Grado: Bellas Artes;Teruel;Facultad de Ciencias Sociales y Humanas de Teruel;Técnicas escultóricas, materiales y procedimientos;Normal;Obligatoria;100.00;98.00;98.00;50;49;49;1.00;27/09/2020
2018;Grado;Grado: Bellas Artes;Teruel;Facultad de Ciencias Sociales y Humanas de Teruel;Sistemas de representación I;Normal;Formación básica;100.00;92.98;92.98;57;53;53;1.22;27/09/2020
2018;Grado;Grado: Bellas Artes;Teruel;Facultad de Ciencias Sociales y Humanas de Teruel;Análisis de la imagen y de la forma;Normal;Formación básica;100.00;96.08;96.08;51;49;49;1.00;27/09/2020
2018;Grado;Grado: Bellas Artes;Teruel;Facultad de Ciencias Sociales y Humanas de Teruel;Teoría e historia del arte;Normal;Formación básica;98.04;92.59;94.44;54;50;51;1.16;27/09/2020
2018;Grado;Grado: Bellas Artes;Teruel;Facultad de Ciencias Sociales y Humanas de Teruel;Dibujo II;Normal;Obligatoria;100.00;96.15;96.15;27;26;26;1.26;27/09/2020
2018;Grado;Grado: Bellas Artes;Teruel;Facultad de Ciencias Sociales y Humanas de Teruel;Color II;Normal;Obligatoria;100.00;86.67;86.67;31;27;27;1.18;27/09/2020
2018;Grado;Grado: Bellas Artes;Teruel;Facultad de Ciencias Sociales y Humanas de Teruel;Volumen II;Normal;Obligatoria;100.00;85.19;85.19;29;25;25;1.00;27/09/2020
2018;Grado;Grado: Bellas Artes;Teruel;Facultad de Ciencias Sociales y Humanas de Teruel;Sistemas de representación II;Normal;Obligatoria;100.00;85.00;85.00;73;63;64;1.53;27/09/2020
2018;Grado;Grado: Bellas Artes;Teruel;Facultad de Ciencias Sociales y Humanas de Teruel;Imagen y lenguaje audiovisual;Normal;Formación básica;91.67;88.00;96.00;25;22;24;1.00;27/09/2020
2018;Grado;Grado: Bellas Artes;Teruel;Facultad de Ciencias Sociales y Humanas de Teruel;Teoría e historia del arte del siglo XX;Normal;Formación básica;100.00;92.00;92.00;25;23;23;1.00;27/09/2020
2018;Grado;Grado: Bellas Artes;Teruel;Facultad de Ciencias Sociales y Humanas de Teruel;Metodología de proyectos. Imagen;Normal;Obligatoria;100.00;100.00;100.00;46;42;43;1.05;27/09/2020
2018;Grado;Grado: Bellas Artes;Teruel;Facultad de Ciencias Sociales y Humanas de Teruel;Metodología de proyectos. Espacio;Normal;Obligatoria;96.15;83.33;86.67;53;47;48;1.00;27/09/2020
2018;Grado;Grado: Bellas Artes;Teruel;Facultad de Ciencias Sociales y Humanas de Teruel;Arte y pensamiento. Estética;Normal;Obligatoria;100.00;92.86;92.86;50;44;47;1.04;27/09/2020
2018;Grado;Grado: Bellas Artes;Teruel;Facultad de Ciencias Sociales y Humanas de Teruel;Construcción del discurso artístico;Normal;Obligatoria;100.00;87.88;87.88;40;36;36;1.00;27/09/2020
2018;Grado;Grado: Bellas Artes;Teruel;Facultad de Ciencias Sociales y Humanas de Teruel;Últimas tendencias artísticas;Normal;Obligatoria;96.00;92.31;96.15;33;31;32;1.06;27/09/2020
2018;Grado;Grado: Bellas Artes;Teruel;Facultad de Ciencias Sociales y Humanas de Teruel;Trabajo fin de Grado;Trabajo fin de grado;Trabajo fin de Grado;100.00;80.95;80.95;42;34;34;1.00;27/09/2020
2018;Grado;Grado: Bellas Artes;Teruel;Facultad de Ciencias Sociales y Humanas de Teruel;Técnicas de reproducción gráfica;Normal;Optativa;95.00;90.48;95.24;22;20;21;1.10;27/09/2020
2018;Grado;Grado: Bellas Artes;Teruel;Facultad de Ciencias Sociales y Humanas de Teruel;Infografía;Normal;Optativa;94.12;94.12;100.00;17;16;17;1.06;27/09/2020
2018;Grado;Grado: Bellas Artes;Teruel;Facultad de Ciencias Sociales y Humanas de Teruel;Introducción al diseño;Normal;Optativa;87.50;87.50;100.00;9;8;9;1.00;27/09/2020
2018;Grado;Grado: Bellas Artes;Teruel;Facultad de Ciencias Sociales y Humanas de Teruel;Historia de las ideas estéticas;Normal;Optativa;100.00;100.00;100.00;5;5;5;1.17;27/09/2020
2018;Grado;Grado: Bellas Artes;Teruel;Facultad de Ciencias Sociales y Humanas de Teruel;Arte y sociedad contemporánea;Normal;Optativa;100.00;100.00;100.00;4;4;4;1.00;27/09/2020
2018;Grado;Grado: Bellas Artes;Teruel;Facultad de Ciencias Sociales y Humanas de Teruel;Taller de dibujo;Normal;Optativa;100.00;93.75;93.75;20;19;19;1.05;27/09/2020
2018;Grado;Grado: Bellas Artes;Teruel;Facultad de Ciencias Sociales y Humanas de Teruel;Taller de pintura;Normal;Optativa;100.00;90.00;90.00;25;23;23;1.00;27/09/2020
2018;Grado;Grado: Bellas Artes;Teruel;Facultad de Ciencias Sociales y Humanas de Teruel;Taller de escultura;Normal;Optativa;100.00;100.00;100.00;19;18;19;1.00;27/09/2020
2018;Grado;Grado: Bellas Artes;Teruel;Facultad de Ciencias Sociales y Humanas de Teruel;Taller de grabado I;Normal;Optativa;100.00;81.82;81.82;29;25;25;1.00;27/09/2020
2018;Grado;Grado: Bellas Artes;Teruel;Facultad de Ciencias Sociales y Humanas de Teruel;Taller de grabado II;Normal;Optativa;100.00;85.71;85.71;11;10;10;1.00;27/09/2020
2018;Grado;Grado: Bellas Artes;Teruel;Facultad de Ciencias Sociales y Humanas de Teruel;Taller de diseño gráfico I;Normal;Optativa;90.91;83.33;91.67;21;19;20;1.00;27/09/2020
2018;Grado;Grado: Bellas Artes;Teruel;Facultad de Ciencias Sociales y Humanas de Teruel;Taller de diseño gráfico II;Normal;Optativa;100.00;92.31;92.31;13;12;12;1.00;27/09/2020
2018;Grado;Grado: Bellas Artes;Teruel;Facultad de Ciencias Sociales y Humanas de Teruel;Taller de fotografía e imagen digital;Normal;Optativa;96.30;89.66;93.10;39;35;37;1.11;27/09/2020
2018;Grado;Grado: Bellas Artes;Teruel;Facultad de Ciencias Sociales y Humanas de Teruel;Taller de ilustración;Normal;Optativa;100.00;90.91;90.91;42;39;39;1.10;27/09/2020
2018;Grado;Grado: Bellas Artes;Teruel;Facultad de Ciencias Sociales y Humanas de Teruel;Instalaciones;Normal;Optativa;100.00;87.50;87.50;15;13;13;1.00;27/09/2020
2018;Grado;Grado: Bellas Artes;Teruel;Facultad de Ciencias Sociales y Humanas de Teruel;Arte, entorno y espacio público;Normal;Optativa;100.00;80.00;80.00;28;24;24;1.00;27/09/2020
2018;Grado;Grado: Bellas Artes;Teruel;Facultad de Ciencias Sociales y Humanas de Teruel;Arte de acción;Normal;Optativa;87.50;87.50;100.00;15;13;14;1.00;27/09/2020
2018;Grado;Grado: Bellas Artes;Teruel;Facultad de Ciencias Sociales y Humanas de Teruel;Tratamiento digital de la imagen;Normal;Optativa;65.00;65.00;100.00;30;23;30;1.08;27/09/2020
2018;Grado;Grado: Bellas Artes;Teruel;Facultad de Ciencias Sociales y Humanas de Teruel;Animación en 2 y 3D;Normal;Optativa;100.00;75.00;75.00;24;19;19;1.05;27/09/2020
2018;Grado;Grado: Bellas Artes;Teruel;Facultad de Ciencias Sociales y Humanas de Teruel;Taller de sonido;Normal;Optativa;;;;3;3;3;1.00;27/09/2020
2018;Grado;Grado: Bellas Artes;Teruel;Facultad de Ciencias Sociales y Humanas de Teruel;Diseño web;Normal;Optativa;90.91;76.92;84.62;21;17;18;1.06;27/09/2020
2018;Grado;Grado: Bellas Artes;Teruel;Facultad de Ciencias Sociales y Humanas de Teruel;Recursos intermedia;Normal;Optativa;100.00;100.00;100.00;22;22;22;1.00;27/09/2020
2018;Grado;Grado: Bellas Artes;Teruel;Facultad de Ciencias Sociales y Humanas de Teruel;Taller de videoarte;Normal;Optativa;100.00;90.00;90.00;20;18;18;1.05;27/09/2020
2018;Grado;Grado: Bellas Artes;Teruel;Facultad de Ciencias Sociales y Humanas de Teruel;Net Arte;Normal;Optativa;;;;3;3;3;1.00;27/09/2020
2018;Grado;Grado: Bellas Artes;Teruel;Facultad de Ciencias Sociales y Humanas de Teruel;Historia de la fotografía, cine y otros medios audiovisuales;Normal;Optativa;100.00;100.00;100.00;15;15;15;1.06;27/09/2020
2018;Grado;Grado: Bellas Artes;Teruel;Facultad de Ciencias Sociales y Humanas de Teruel;Industria cultural. Legislación, difusión y mercado artístico;Normal;Optativa;;;;2;2;2;1.00;27/09/2020
2018;Grado;Grado: Bellas Artes;Teruel;Facultad de Ciencias Sociales y Humanas de Teruel;Diseño y gestión del espacio expositivo;Normal;Optativa;88.24;83.33;94.44;24;21;23;1.00;27/09/2020
2018;Grado;Grado: Bellas Artes;Teruel;Facultad de Ciencias Sociales y Humanas de Teruel;Prácticas externas;Prácticas externas;Optativa;100.00;90.00;90.00;11;10;10;1.00;27/09/2020
2018;Grado;Grado: Bellas Artes;Teruel;Facultad de Ciencias Sociales y Humanas de Teruel;Psicología del arte;Normal;Optativa;100.00;100.00;100.00;5;5;5;1.00;27/09/2020
2018;Grado;Grado: Ciencias Ambientales;Huesca;Escuela Politécnica Superior;Bases químicas del medio ambiente;Normal;Formación básica;60.42;55.77;92.31;52;29;48;1.88;27/09/2020
2018;Grado;Grado: Ciencias Ambientales;Huesca;Escuela Politécnica Superior;Biología;Normal;Formación básica;35.59;28.77;80.82;73;21;59;2.38;27/09/2020
2018;Grado;Grado: Ciencias Ambientales;Huesca;Escuela Politécnica Superior;Fundamentos de geología para el estudio del medio ambiente;Normal;Formación básica;84.62;78.57;92.86;42;33;39;1.14;27/09/2020
2018;Grado;Grado: Ciencias Ambientales;Huesca;Escuela Politécnica Superior;Fundamentos matemáticos para el estudio del medio ambiente;Normal;Formación básica;44.23;28.40;64.20;82;23;52;1.42;27/09/2020
2018;Grado;Grado: Ciencias Ambientales;Huesca;Escuela Politécnica Superior;Economía aplicada;Normal;Formación básica;93.55;85.29;91.18;34;29;31;1.38;27/09/2020
2018;Grado;Grado: Ciencias Ambientales;Huesca;Escuela Politécnica Superior;Administración y legislación ambiental;Normal;Formación básica;72.97;60.00;82.22;45;27;37;1.68;27/09/2020
2018;Grado;Grado: Ciencias Ambientales;Huesca;Escuela Politécnica Superior;Bases físicas del medio ambiente;Normal;Formación básica;66.67;45.24;67.86;84;38;57;1.80;27/09/2020
2018;Grado;Grado: Ciencias Ambientales;Huesca;Escuela Politécnica Superior;Edafología;Normal;Formación básica;60.00;47.73;79.55;44;21;35;1.76;27/09/2020
2018;Grado;Grado: Ciencias Ambientales;Huesca;Escuela Politécnica Superior;Estadística;Normal;Formación básica;96.30;86.67;90.00;30;26;27;1.21;27/09/2020
2018;Grado;Grado: Ciencias Ambientales;Huesca;Escuela Politécnica Superior;Bases de la ingeniería ambiental;Normal;Obligatoria;92.86;78.79;84.85;36;28;30;1.83;27/09/2020
2018;Grado;Grado: Ciencias Ambientales;Huesca;Escuela Politécnica Superior;Ecología I;Normal;Obligatoria;97.14;97.14;100.00;35;34;35;1.21;27/09/2020
2018;Grado;Grado: Ciencias Ambientales;Huesca;Escuela Politécnica Superior;Sociedad y territorio;Normal;Obligatoria;100.00;50.00;50.00;2;1;1;2.00;27/09/2020
2018;Grado;Grado: Ciencias Ambientales;Huesca;Escuela Politécnica Superior;Cartografía y sistemas de información geográfica;Normal;Obligatoria;100.00;50.00;50.00;2;1;1;1.00;27/09/2020
2018;Grado;Grado: Ciencias Ambientales;Huesca;Escuela Politécnica Superior;Meteorología y climatología;Normal;Obligatoria;81.82;72.58;88.71;62;45;55;1.41;27/09/2020
2018;Grado;Grado: Ciencias Ambientales;Huesca;Escuela Politécnica Superior;Ecología II;Normal;Obligatoria;93.94;91.18;97.06;34;31;33;1.00;27/09/2020
2018;Grado;Grado: Ciencias Ambientales;Huesca;Escuela Politécnica Superior;Análisis instrumental en el medio ambiente;Normal;Obligatoria;100.00;75.00;75.00;5;4;4;3.00;27/09/2020
2018;Grado;Grado: Ciencias Ambientales;Huesca;Escuela Politécnica Superior;Toxicología ambiental  y salud pública;Normal;Obligatoria;100.00;50.00;50.00;3;2;2;1.00;27/09/2020
2018;Grado;Grado: Ciencias Ambientales;Huesca;Escuela Politécnica Superior;Degradación y contaminación de suelos;Normal;Obligatoria;88.37;84.44;95.56;45;38;43;1.47;27/09/2020
2018;Grado;Grado: Ciencias Ambientales;Huesca;Escuela Politécnica Superior;Contaminación atmosférica;Normal;Obligatoria;81.40;71.43;87.76;50;36;44;1.47;27/09/2020
2018;Grado;Grado: Ciencias Ambientales;Huesca;Escuela Politécnica Superior;Riesgos naturales;Normal;Obligatoria;100.00;93.33;93.33;30;28;28;1.18;27/09/2020
2018;Grado;Grado: Ciencias Ambientales;Huesca;Escuela Politécnica Superior;Educación ambiental;Normal;Obligatoria;100.00;60.00;60.00;5;3;3;1.00;27/09/2020
2018;Grado;Grado: Ciencias Ambientales;Huesca;Escuela Politécnica Superior;Tecnologías limpias. Energías renovables;Normal;Obligatoria;80.49;67.35;83.67;53;36;44;2.03;27/09/2020
2018;Grado;Grado: Ciencias Ambientales;Huesca;Escuela Politécnica Superior;Actividad agrosilvopastoral y medio ambiente;Normal;Obligatoria;63.89;62.16;97.30;38;24;37;1.74;27/09/2020
2018;Grado;Grado: Ciencias Ambientales;Huesca;Escuela Politécnica Superior;Contaminación de aguas;Normal;Obligatoria;80.00;78.43;98.04;54;42;52;1.39;27/09/2020
2018;Grado;Grado: Ciencias Ambientales;Huesca;Escuela Politécnica Superior;Gestión y conservación de flora y fauna;Normal;Obligatoria;78.57;71.74;91.30;49;35;44;1.21;27/09/2020
2018;Grado;Grado: Ciencias Ambientales;Huesca;Escuela Politécnica Superior;Gestión, tratamiento y recuperación de residuos;Normal;Obligatoria;72.50;64.44;88.89;50;33;44;1.53;27/09/2020
2018;Grado;Grado: Ciencias Ambientales;Huesca;Escuela Politécnica Superior;Espacios naturales;Normal;Obligatoria;100.00;50.00;50.00;6;3;3;4.00;27/09/2020
2018;Grado;Grado: Ciencias Ambientales;Huesca;Escuela Politécnica Superior;Ordenación del territorio y urbanismo;Normal;Obligatoria;53.66;51.16;95.35;45;24;43;1.96;27/09/2020
2018;Grado;Grado: Ciencias Ambientales;Huesca;Escuela Politécnica Superior;Proyectos y sistemas de gestión ambiental;Normal;Obligatoria;100.00;100.00;100.00;28;28;28;1.00;27/09/2020
2018;Grado;Grado: Ciencias Ambientales;Huesca;Escuela Politécnica Superior;Evaluación de impacto ambiental;Normal;Obligatoria;96.97;96.97;100.00;35;34;35;1.14;27/09/2020
2018;Grado;Grado: Ciencias Ambientales;Huesca;Escuela Politécnica Superior;Auditorías ambientales;Normal;Obligatoria;100.00;100.00;100.00;33;32;33;1.09;27/09/2020
2018;Grado;Grado: Ciencias Ambientales;Huesca;Escuela Politécnica Superior;Trabajo fin de Grado;Trabajo fin de grado;Trabajo fin de Grado;100.00;74.47;74.47;47;35;35;1.00;27/09/2020
2018;Grado;Grado: Ciencias Ambientales;Huesca;Escuela Politécnica Superior;Prácticas externas;Prácticas externas;Prácticas externas;100.00;78.57;78.57;15;12;12;1.00;27/09/2020
2018;Grado;Grado: Ciencias Ambientales;Huesca;Escuela Politécnica Superior;Documentación científica y técnica;Normal;Optativa;100.00;100.00;100.00;14;14;14;1.00;27/09/2020
2018;Grado;Grado: Ciencias Ambientales;Huesca;Escuela Politécnica Superior;Contaminación radiactiva, acústica y por vibraciones;Normal;Optativa;100.00;84.21;84.21;19;16;16;1.00;27/09/2020
2018;Grado;Grado: Ciencias Ambientales;Huesca;Escuela Politécnica Superior;Tecnología analítica en la detección de contaminantes;Normal;Optativa;83.33;71.43;85.71;7;5;6;1.20;27/09/2020
2018;Grado;Grado: Ciencias Ambientales;Huesca;Escuela Politécnica Superior;Química ambiental;Normal;Optativa;100.00;66.67;66.67;3;2;2;1.00;27/09/2020
2018;Grado;Grado: Ciencias Ambientales;Huesca;Escuela Politécnica Superior;Biotecnología y conservación de recursos;Normal;Optativa;100.00;50.00;50.00;2;1;1;1.00;27/09/2020
2018;Grado;Grado: Ciencias Ambientales;Huesca;Escuela Politécnica Superior;Biogeografía y geobotánica;Normal;Optativa;100.00;100.00;100.00;3;3;3;1.00;27/09/2020
2018;Grado;Grado: Ciencias Ambientales;Huesca;Escuela Politécnica Superior;Teledetección ambiental y SIG;Normal;Optativa;100.00;100.00;100.00;11;11;11;1.00;27/09/2020
2018;Grado;Grado: Ciencias Ambientales;Huesca;Escuela Politécnica Superior;Análisis e interpretación del paisaje;Normal;Optativa;100.00;100.00;100.00;2;2;2;1.00;27/09/2020
2018;Grado;Grado: Ciencias Ambientales;Huesca;Escuela Politécnica Superior;Evaluación de suelos;Normal;Optativa;100.00;100.00;100.00;8;8;8;1.00;27/09/2020
2018;Grado;Grado: Ciencias Ambientales;Huesca;Escuela Politécnica Superior;Hidrogeología ambiental;Normal;Optativa;100.00;100.00;100.00;19;19;19;1.00;27/09/2020
2018;Grado;Grado: Ciencias Ambientales;Huesca;Escuela Politécnica Superior;Ecosistemas fluviales;Normal;Optativa;100.00;100.00;100.00;14;14;14;1.00;27/09/2020
2018;Grado;Grado: Ciencias Ambientales;Huesca;Escuela Politécnica Superior;Actividades clasificadas;Normal;Optativa;100.00;100.00;100.00;6;6;6;1.00;27/09/2020
2018;Grado;Grado: Ciencias Ambientales;Huesca;Escuela Politécnica Superior;Medio ambiente y sostenibilidad;Normal;Obligatoria;97.67;95.45;97.73;44;42;43;1.00;27/09/2020
2018;Grado;Grado: Ciencias Ambientales;Huesca;Escuela Politécnica Superior;Botánica;Normal;Formación básica;77.78;68.85;88.52;61;42;54;2.11;27/09/2020
2018;Grado;Grado: Ciencias Ambientales;Huesca;Escuela Politécnica Superior;Zoología;Normal;Formación básica;86.05;78.72;91.49;47;37;43;1.00;27/09/2020
2018;Grado;Grado: Ciencias Ambientales;Huesca;Escuela Politécnica Superior;Sociedad y territorio;Normal;Obligatoria;94.74;94.74;100.00;38;36;38;1.30;27/09/2020
2018;Grado;Grado: Ciencias Ambientales;Huesca;Escuela Politécnica Superior;Cartografía y sistemas de información geográfica;Normal;Obligatoria;97.44;82.61;84.78;46;38;39;1.13;27/09/2020
2018;Grado;Grado: Ciencias Ambientales;Huesca;Escuela Politécnica Superior;Análisis Químico en el medio ambiente;Normal;Obligatoria;55.32;47.27;85.45;56;27;48;1.64;27/09/2020
2018;Grado;Grado: Ciencias Ambientales;Huesca;Escuela Politécnica Superior;Toxicología y salud pública;Normal;Obligatoria;100.00;96.43;96.43;28;27;27;1.03;27/09/2020
2018;Grado;Grado: Ciencias Ambientales;Huesca;Escuela Politécnica Superior;Sistemas de gestión y Auditorías ambientales;Normal;Obligatoria;;;;0;0;0;1.00;27/09/2020
2018;Grado;Grado: Ciencias Ambientales;Huesca;Escuela Politécnica Superior;Áreas Protegidas;Normal;Obligatoria;;;;0;0;0;1.00;27/09/2020
2018;Grado;Grado: Ciencias Ambientales;Huesca;Escuela Politécnica Superior;Proyectos ambientales;Normal;Obligatoria;;;;0;0;0;1.00;27/09/2020
2018;Grado;Grado: Ciencias Ambientales;Huesca;Escuela Politécnica Superior;Aplicación de residuos al suelo y fertilidad;Normal;Optativa;100.00;100.00;100.00;1;1;1;1.00;27/09/2020
2018;Grado;Grado: Ciencias Ambientales;Huesca;Escuela Politécnica Superior;Acreditación y normas de calidad en laboratorios ambientales;Normal;Optativa;100.00;100.00;100.00;3;3;3;1.00;27/09/2020
2018;Grado;Grado: Ciencias Ambientales;Huesca;Escuela Politécnica Superior;Prácticas externas;Prácticas externas;Optativa;;;;0;0;0;1.00;27/09/2020
2018;Grado;Grado: Ciencias Ambientales;Huesca;Escuela Politécnica Superior;Restauración de ecosistemas;Normal;Optativa;;;;0;0;0;1.00;27/09/2020
2018;Grado;Grado: Periodismo;Zaragoza;Facultad de Filosofía y Letras;Lengua española;Normal;Formación básica;98.39;93.85;95.38;65;61;62;1.03;27/09/2020
2018;Grado;Grado: Periodismo;Zaragoza;Facultad de Filosofía y Letras;Documentación informativa;Normal;Obligatoria;100.00;100.00;100.00;60;60;60;1.00;27/09/2020
2018;Grado;Grado: Periodismo;Zaragoza;Facultad de Filosofía y Letras;Sociología del mundo actual;Normal;Formación básica;100.00;96.88;96.88;64;62;62;1.05;27/09/2020
2018;Grado;Grado: Periodismo;Zaragoza;Facultad de Filosofía y Letras;Derecho y deontología de la información (parte I): Derecho;Normal;Obligatoria;100.00;100.00;100.00;63;63;63;1.02;27/09/2020
2018;Grado;Grado: Periodismo;Zaragoza;Facultad de Filosofía y Letras;Géneros y redacción periodística I;Normal;Obligatoria;100.00;96.88;96.88;64;62;62;1.05;27/09/2020
2018;Grado;Grado: Periodismo;Zaragoza;Facultad de Filosofía y Letras;Historia del mundo actual;Normal;Formación básica;100.00;98.33;98.33;60;59;59;1.00;27/09/2020
2018;Grado;Grado: Periodismo;Zaragoza;Facultad de Filosofía y Letras;Instituciones políticas y administrativas contemporáneas;Normal;Formación básica;94.92;84.85;89.39;66;56;59;1.22;27/09/2020
2018;Grado;Grado: Periodismo;Zaragoza;Facultad de Filosofía y Letras;Relaciones internacionales;Normal;Formación básica;96.77;92.31;95.38;65;60;62;1.02;27/09/2020
2018;Grado;Grado: Periodismo;Zaragoza;Facultad de Filosofía y Letras;Derecho y deontología de la información (Parte 2): Deontología;Normal;Obligatoria;100.00;96.92;96.92;65;63;63;1.00;27/09/2020
2018;Grado;Grado: Periodismo;Zaragoza;Facultad de Filosofía y Letras;Géneros y redacción periodística II;Normal;Obligatoria;100.00;96.77;96.77;62;60;60;1.00;27/09/2020
2018;Grado;Grado: Periodismo;Zaragoza;Facultad de Filosofía y Letras;Fundamentos de economía;Normal;Formación básica;79.31;69.70;87.88;66;46;58;1.29;27/09/2020
2018;Grado;Grado: Periodismo;Zaragoza;Facultad de Filosofía y Letras;Estructura de la comunicación;Normal;Formación básica;96.83;93.85;96.92;65;61;63;1.24;27/09/2020
2018;Grado;Grado: Periodismo;Zaragoza;Facultad de Filosofía y Letras;Géneros informativos en radio;Normal;Obligatoria;98.39;93.85;95.38;65;61;62;1.08;27/09/2020
2018;Grado;Grado: Periodismo;Zaragoza;Facultad de Filosofía y Letras;Producción de informativos en radio;Normal;Obligatoria;98.36;96.77;98.39;62;60;61;1.06;27/09/2020
2018;Grado;Grado: Periodismo;Zaragoza;Facultad de Filosofía y Letras;Bases culturales de la comunicación: Corrientes artísticas contemporáneas;Normal;Obligatoria;100.00;100.00;100.00;4;4;4;1.00;27/09/2020
2018;Grado;Grado: Periodismo;Zaragoza;Facultad de Filosofía y Letras;Bases culturales de la comunicación: Historia del cine y otros medios audiovisuales;Normal;Obligatoria;97.78;95.65;97.83;46;44;45;1.02;27/09/2020
2018;Grado;Grado: Periodismo;Zaragoza;Facultad de Filosofía y Letras;Bases culturales de la comunicación: Geografía y medio-ambiente;Normal;Obligatoria;100.00;100.00;100.00;8;8;8;1.00;27/09/2020
2018;Grado;Grado: Periodismo;Zaragoza;Facultad de Filosofía y Letras;Pragmática y teoría de la argumentación;Normal;Formación básica;98.33;95.16;96.77;62;59;60;1.17;27/09/2020
2018;Grado;Grado: Periodismo;Zaragoza;Facultad de Filosofía y Letras;La empresa de comunicación;Normal;Formación básica;85.25;81.25;95.31;64;52;61;1.31;27/09/2020
2018;Grado;Grado: Periodismo;Zaragoza;Facultad de Filosofía y Letras;Géneros informativos en TV;Normal;Obligatoria;98.28;91.94;93.55;62;57;58;1.09;27/09/2020
2018;Grado;Grado: Periodismo;Zaragoza;Facultad de Filosofía y Letras;Producción de informativos en TV;Normal;Obligatoria;96.72;90.77;93.85;65;59;61;1.11;27/09/2020
2018;Grado;Grado: Periodismo;Zaragoza;Facultad de Filosofía y Letras;Técnicas de expresión oral y escrita (parte 1): Expresión oral;Normal;Obligatoria;100.00;100.00;100.00;68;68;68;1.01;27/09/2020
2018;Grado;Grado: Periodismo;Zaragoza;Facultad de Filosofía y Letras;Narrativa audiovisual: reportaje y documental;Normal;Obligatoria;100.00;96.00;96.00;55;53;53;1.02;27/09/2020
2018;Grado;Grado: Periodismo;Zaragoza;Facultad de Filosofía y Letras;Realización audiovisual: reportaje y documental;Normal;Obligatoria;95.08;90.63;95.31;68;62;65;1.32;27/09/2020
2018;Grado;Grado: Periodismo;Zaragoza;Facultad de Filosofía y Letras;Proyecto de comunicación audiovisual;Normal;Obligatoria;100.00;93.10;93.10;63;59;59;1.00;27/09/2020
2018;Grado;Grado: Periodismo;Zaragoza;Facultad de Filosofía y Letras;Técnicas de expresión oral y escrita (Parte 2): Expresión escrita;Normal;Obligatoria;100.00;100.00;100.00;67;67;67;1.04;27/09/2020
2018;Grado;Grado: Periodismo;Zaragoza;Facultad de Filosofía y Letras;Teoría de la información y de la comunicación;Normal;Obligatoria;100.00;96.15;96.15;59;57;57;1.00;27/09/2020
2018;Grado;Grado: Periodismo;Zaragoza;Facultad de Filosofía y Letras;Diseño y edición de publicaciones impresas;Normal;Obligatoria;100.00;96.61;96.61;67;65;65;1.00;27/09/2020
2018;Grado;Grado: Periodismo;Zaragoza;Facultad de Filosofía y Letras;Proyecto de comunicación en prensa;Normal;Obligatoria;96.55;91.80;95.08;67;62;64;1.00;27/09/2020
2018;Grado;Grado: Periodismo;Zaragoza;Facultad de Filosofía y Letras;Historia del periodismo;Normal;Obligatoria;94.34;92.59;98.15;62;57;60;1.03;27/09/2020
2018;Grado;Grado: Periodismo;Zaragoza;Facultad de Filosofía y Letras;Comunicación e información digital;Normal;Obligatoria;100.00;98.08;98.08;59;58;58;1.02;27/09/2020
2018;Grado;Grado: Periodismo;Zaragoza;Facultad de Filosofía y Letras;Proyecto de comunicación digital;Normal;Obligatoria;100.00;100.00;100.00;60;60;60;1.00;27/09/2020
2018;Grado;Grado: Periodismo;Zaragoza;Facultad de Filosofía y Letras;Elementos de publicidad y relaciones públicas;Normal;Obligatoria;100.00;100.00;100.00;55;55;55;1.02;27/09/2020
2018;Grado;Grado: Periodismo;Zaragoza;Facultad de Filosofía y Letras;Opinión pública;Normal;Obligatoria;96.30;92.86;96.43;61;57;59;1.00;27/09/2020
2018;Grado;Grado: Periodismo;Zaragoza;Facultad de Filosofía y Letras;Proyectos de comunicación especializada: Magazine radiofónico;Normal;Obligatoria;100.00;100.00;100.00;26;26;26;1.00;27/09/2020
2018;Grado;Grado: Periodismo;Zaragoza;Facultad de Filosofía y Letras;Proyectos de comunicación especializada: Comunicación corporativa;Normal;Obligatoria;88.89;72.73;81.82;11;8;9;1.00;27/09/2020
2018;Grado;Grado: Periodismo;Zaragoza;Facultad de Filosofía y Letras;Proyectos de comunicación especializada: Suplemento/revista especializada;Normal;Obligatoria;100.00;100.00;100.00;13;13;13;1.00;27/09/2020
2018;Grado;Grado: Periodismo;Zaragoza;Facultad de Filosofía y Letras;Proyectos de comunicación especializada: Documental audiovisual (formato largo);Normal;Obligatoria;100.00;100.00;100.00;6;6;6;1.00;27/09/2020
2018;Grado;Grado: Periodismo;Zaragoza;Facultad de Filosofía y Letras;Comunicación e identidad corporativa;Normal;Optativa;100.00;100.00;100.00;25;24;25;1.00;27/09/2020
2018;Grado;Grado: Periodismo;Zaragoza;Facultad de Filosofía y Letras;Periodismo deportivo;Normal;Optativa;100.00;92.31;92.31;13;12;12;1.00;27/09/2020
2018;Grado;Grado: Periodismo;Zaragoza;Facultad de Filosofía y Letras;Periodismo científico;Normal;Optativa;100.00;93.75;93.75;16;15;15;1.13;27/09/2020
2018;Grado;Grado: Periodismo;Zaragoza;Facultad de Filosofía y Letras;Comunicación política y electoral;Normal;Optativa;100.00;83.33;83.33;6;5;5;1.00;27/09/2020
2018;Grado;Grado: Periodismo;Zaragoza;Facultad de Filosofía y Letras;Periodismo de investigación y precisión;Normal;Optativa;100.00;96.43;96.43;28;27;27;1.00;27/09/2020
2018;Grado;Grado: Periodismo;Zaragoza;Facultad de Filosofía y Letras;Reporterismo radiofónico;Normal;Optativa;100.00;100.00;100.00;15;15;15;1.00;27/09/2020
2018;Grado;Grado: Periodismo;Zaragoza;Facultad de Filosofía y Letras;Fotoperiodismo y técnica de la imagen;Normal;Optativa;100.00;100.00;100.00;17;17;17;1.06;27/09/2020
2018;Grado;Grado: Periodismo;Zaragoza;Facultad de Filosofía y Letras;Teoría de la cultura de masas;Normal;Optativa;100.00;93.33;93.33;19;17;17;1.00;27/09/2020
2018;Grado;Grado: Periodismo;Zaragoza;Facultad de Filosofía y Letras;Practicum;Prácticas externas;Optativa;100.00;98.48;98.48;68;67;67;1.00;27/09/2020
2018;Grado;Grado: Periodismo;Zaragoza;Facultad de Filosofía y Letras;Diseño gráfico e infografía;Normal;Optativa;100.00;100.00;100.00;14;14;14;1.00;27/09/2020
2018;Grado;Grado: Periodismo;Zaragoza;Facultad de Filosofía y Letras;Periodismo local;Normal;Optativa;100.00;100.00;100.00;12;12;12;1.00;27/09/2020
2018;Grado;Grado: Periodismo;Zaragoza;Facultad de Filosofía y Letras;Trabajo fin de Grado;Trabajo fin de grado;Trabajo fin de Grado;100.00;69.86;69.86;73;51;51;1.02;27/09/2020
2018;Grado;Grado: Periodismo;Zaragoza;Facultad de Filosofía y Letras;Lengua moderna I (Francés);Normal;Formación básica;100.00;100.00;100.00;3;3;3;1.00;27/09/2020
2018;Grado;Grado: Periodismo;Zaragoza;Facultad de Filosofía y Letras;Lengua moderna I (Inglés);Normal;Formación básica;62.16;44.23;71.15;55;26;40;1.13;27/09/2020
2018;Grado;Grado: Enfermería;Zaragoza;Facultad de Ciencias de la Salud;Anatomía humana;Normal;Formación básica;98.19;95.32;97.08;171;163;166;1.12;27/09/2020
2018;Grado;Grado: Enfermería;Huesca;Escuela Universitaria de Enfermería San Jorge de Huesca;Anatomía humana;Normal;Formación básica;90.00;83.33;92.59;54;45;50;1.24;27/09/2020
2018;Grado;Grado: Enfermería;Teruel;Escuela Universitaria de Enfermería de Teruel;Anatomía humana;Normal;Formación básica;100.00;96.88;96.88;32;31;31;1.09;27/09/2020
2018;Grado;Grado: Enfermería;Zaragoza;Facultad de Ciencias de la Salud;Fundamentos de enfermería;Normal;Obligatoria;89.47;80.95;90.48;168;136;152;1.18;27/09/2020
2018;Grado;Grado: Enfermería;Huesca;Escuela Universitaria de Enfermería San Jorge de Huesca;Fundamentos de enfermería;Normal;Obligatoria;98.18;98.18;100.00;55;54;55;1.18;27/09/2020
2018;Grado;Grado: Enfermería;Teruel;Escuela Universitaria de Enfermería de Teruel;Fundamentos de enfermería;Normal;Obligatoria;96.97;94.12;97.06;34;32;33;1.00;27/09/2020
2018;Grado;Grado: Enfermería;Zaragoza;Facultad de Ciencias de la Salud;Estadística aplicada a ciencias de la salud;Normal;Formación básica;97.45;94.44;96.91;162;153;157;1.04;27/09/2020
2018;Grado;Grado: Enfermería;Huesca;Escuela Universitaria de Enfermería San Jorge de Huesca;Estadística aplicada a ciencias de la salud;Normal;Formación básica;100.00;100.00;100.00;51;51;51;1.02;27/09/2020
2018;Grado;Grado: Enfermería;Teruel;Escuela Universitaria de Enfermería de Teruel;Estadística aplicada a ciencias de la salud;Normal;Formación básica;100.00;100.00;100.00;32;32;32;1.06;27/09/2020
2018;Grado;Grado: Enfermería;Teruel;Escuela Universitaria de Enfermería de Teruel;Enfermería clínica II;Normal;Obligatoria;100.00;100.00;100.00;2;2;2;4.00;27/09/2020
2018;Grado;Grado: Enfermería;Zaragoza;Facultad de Ciencias de la Salud;Estancias clínicas II;Prácticas externas;Prácticas externas;100.00;100.00;100.00;137;137;137;1.01;27/09/2020
2018;Grado;Grado: Enfermería;Huesca;Escuela Universitaria de Enfermería San Jorge de Huesca;Estancias clínicas II;Prácticas externas;Prácticas externas;100.00;100.00;100.00;49;49;49;1.04;27/09/2020
2018;Grado;Grado: Enfermería;Teruel;Escuela Universitaria de Enfermería de Teruel;Estancias clínicas II;Prácticas externas;Prácticas externas;100.00;100.00;100.00;33;33;33;1.00;27/09/2020
2018;Grado;Grado: Enfermería;Zaragoza;Facultad de Ciencias de la Salud;Enfermería comunitaria II;Normal;Obligatoria;100.00;100.00;100.00;135;135;135;1.09;27/09/2020
2018;Grado;Grado: Enfermería;Huesca;Escuela Universitaria de Enfermería San Jorge de Huesca;Enfermería comunitaria II;Normal;Obligatoria;91.84;91.84;100.00;49;45;49;1.20;27/09/2020
2018;Grado;Grado: Enfermería;Teruel;Escuela Universitaria de Enfermería de Teruel;Enfermería comunitaria II;Normal;Obligatoria;97.30;97.30;100.00;37;36;37;1.17;27/09/2020
2018;Grado;Grado: Enfermería;Zaragoza;Facultad de Ciencias de la Salud;Enfermería psicosocial y de salud mental;Normal;Obligatoria;100.00;100.00;100.00;1;1;1;3.00;27/09/2020
2018;Grado;Grado: Enfermería;Zaragoza;Facultad de Ciencias de la Salud;Practicum;Prácticas externas;Obligatoria;100.00;100.00;100.00;5;5;5;1.40;27/09/2020
2018;Grado;Grado: Enfermería;Huesca;Escuela Universitaria de Enfermería San Jorge de Huesca;Practicum;Prácticas externas;Obligatoria;100.00;100.00;100.00;2;2;2;1.00;27/09/2020
2018;Grado;Grado: Enfermería;Teruel;Escuela Universitaria de Enfermería de Teruel;Practicum;Prácticas externas;Obligatoria;100.00;100.00;100.00;2;2;2;1.00;27/09/2020
2018;Grado;Grado: Enfermería;Zaragoza;Facultad de Ciencias de la Salud;Enfermería clínica III;Normal;Obligatoria;100.00;100.00;100.00;2;2;2;2.00;27/09/2020
2018;Grado;Grado: Enfermería;Huesca;Escuela Universitaria de Enfermería San Jorge de Huesca;Enfermería clínica III;Normal;Obligatoria;100.00;100.00;100.00;1;1;1;2.00;27/09/2020
2018;Grado;Grado: Enfermería;Teruel;Escuela Universitaria de Enfermería de Teruel;Enfermería clínica III;Normal;Obligatoria;100.00;100.00;100.00;2;2;2;2.00;27/09/2020
2018;Grado;Grado: Enfermería;Teruel;Escuela Universitaria de Enfermería de Teruel;Gestión de enfermería;Normal;Obligatoria;100.00;100.00;100.00;1;1;1;3.00;27/09/2020
2018;Grado;Grado: Enfermería;Zaragoza;Facultad de Ciencias de la Salud;Trabajo fin de Grado;Trabajo fin de grado;Trabajo fin de Grado;100.00;94.44;94.44;144;136;136;1.00;27/09/2020
2018;Grado;Grado: Enfermería;Huesca;Escuela Universitaria de Enfermería San Jorge de Huesca;Trabajo fin de Grado;Trabajo fin de grado;Trabajo fin de Grado;100.00;100.00;100.00;49;49;49;1.00;27/09/2020
2018;Grado;Grado: Enfermería;Teruel;Escuela Universitaria de Enfermería de Teruel;Trabajo fin de Grado;Trabajo fin de grado;Trabajo fin de Grado;97.06;94.29;97.14;35;33;34;1.00;27/09/2020
2018;Grado;Grado: Enfermería;Zaragoza;Facultad de Ciencias de la Salud;Técnicas diagnósticas por la imagen;Normal;Optativa;100.00;98.72;98.72;79;78;78;1.00;27/09/2020
2018;Grado;Grado: Enfermería;Huesca;Escuela Universitaria de Enfermería San Jorge de Huesca;Técnicas diagnósticas por la imagen;Normal;Optativa;100.00;100.00;100.00;13;13;13;1.00;27/09/2020
2018;Grado;Grado: Enfermería;Teruel;Escuela Universitaria de Enfermería de Teruel;Técnicas diagnósticas por la imagen;Normal;Optativa;100.00;100.00;100.00;5;5;5;1.00;27/09/2020
2018;Grado;Grado: Enfermería;Zaragoza;Facultad de Ciencias de la Salud;Diagnóstico y tratamiento de las patologías de la comunicación;Normal;Optativa;100.00;100.00;100.00;12;12;12;1.00;27/09/2020
2018;Grado;Grado: Enfermería;Zaragoza;Facultad de Ciencias de la Salud;Ciencias psicosociales, culturales y habilidades de comunicación;Normal;Formación básica;94.12;93.51;99.35;154;144;153;1.30;27/09/2020
2018;Grado;Grado: Enfermería;Huesca;Escuela Universitaria de Enfermería San Jorge de Huesca;Ciencias psicosociales, culturales y habilidades de comunicación;Normal;Formación básica;98.08;98.08;100.00;52;51;52;1.05;27/09/2020
2018;Grado;Grado: Enfermería;Teruel;Escuela Universitaria de Enfermería de Teruel;Ciencias psicosociales, culturales y habilidades de comunicación;Normal;Formación básica;100.00;100.00;100.00;33;33;33;1.00;27/09/2020
2018;Grado;Grado: Enfermería;Zaragoza;Facultad de Ciencias de la Salud;Fisiología general y descriptiva;Normal;Formación básica;98.76;95.21;96.41;167;159;161;1.10;27/09/2020
2018;Grado;Grado: Enfermería;Huesca;Escuela Universitaria de Enfermería San Jorge de Huesca;Fisiología general y descriptiva;Normal;Formación básica;80.95;75.00;92.65;68;51;63;1.42;27/09/2020
2018;Grado;Grado: Enfermería;Teruel;Escuela Universitaria de Enfermería de Teruel;Fisiología general y descriptiva;Normal;Formación básica;93.55;90.63;96.88;32;29;31;1.03;27/09/2020
2018;Grado;Grado: Enfermería;Zaragoza;Facultad de Ciencias de la Salud;Bases celulares y moleculares de la fisiopatología humana;Normal;Formación básica;95.29;93.64;98.27;173;162;170;1.17;27/09/2020
2018;Grado;Grado: Enfermería;Huesca;Escuela Universitaria de Enfermería San Jorge de Huesca;Bases celulares y moleculares de la fisiopatología humana;Normal;Formación básica;98.39;96.83;98.41;63;61;62;1.12;27/09/2020
2018;Grado;Grado: Enfermería;Teruel;Escuela Universitaria de Enfermería de Teruel;Bases celulares y moleculares de la fisiopatología humana;Normal;Formación básica;97.14;97.14;100.00;35;34;35;1.09;27/09/2020
2018;Grado;Grado: Enfermería;Zaragoza;Facultad de Ciencias de la Salud;Metodología de investigación en ciencias de la salud. Sistemas de información y nuevas tecnologías;Normal;Formación básica;95.27;88.13;92.50;160;141;148;1.09;27/09/2020
2018;Grado;Grado: Enfermería;Huesca;Escuela Universitaria de Enfermería San Jorge de Huesca;Metodología de investigación en ciencias de la salud. Sistemas de información y nuevas tecnologías;Normal;Formación básica;98.11;98.11;100.00;53;52;53;1.08;27/09/2020
2018;Grado;Grado: Enfermería;Teruel;Escuela Universitaria de Enfermería de Teruel;Metodología de investigación en ciencias de la salud. Sistemas de información y nuevas tecnologías;Normal;Formación básica;100.00;100.00;100.00;33;33;33;1.00;27/09/2020
2018;Grado;Grado: Enfermería;Zaragoza;Facultad de Ciencias de la Salud;Bases fisiológicas de la nutrición y de los fármacos;Normal;Formación básica;75.14;68.69;91.41;198;136;181;1.52;27/09/2020
2018;Grado;Grado: Enfermería;Huesca;Escuela Universitaria de Enfermería San Jorge de Huesca;Bases fisiológicas de la nutrición y de los fármacos;Normal;Formación básica;93.48;93.48;100.00;46;43;46;1.21;27/09/2020
2018;Grado;Grado: Enfermería;Teruel;Escuela Universitaria de Enfermería de Teruel;Bases fisiológicas de la nutrición y de los fármacos;Normal;Formación básica;96.88;96.88;100.00;32;31;32;1.00;27/09/2020
2018;Grado;Grado: Enfermería;Zaragoza;Facultad de Ciencias de la Salud;Ética y legislación sanitaria;Normal;Formación básica;98.62;97.28;98.64;147;143;145;1.02;27/09/2020
2018;Grado;Grado: Enfermería;Huesca;Escuela Universitaria de Enfermería San Jorge de Huesca;Ética y legislación sanitaria;Normal;Formación básica;100.00;100.00;100.00;45;45;45;1.17;27/09/2020
2018;Grado;Grado: Enfermería;Teruel;Escuela Universitaria de Enfermería de Teruel;Ética y legislación sanitaria;Normal;Formación básica;100.00;96.77;96.77;31;30;30;1.00;27/09/2020
2018;Grado;Grado: Enfermería;Zaragoza;Facultad de Ciencias de la Salud;Enfermería geriátrica;Normal;Obligatoria;100.00;98.08;98.08;156;153;153;1.01;27/09/2020
2018;Grado;Grado: Enfermería;Huesca;Escuela Universitaria de Enfermería San Jorge de Huesca;Enfermería geriátrica;Normal;Obligatoria;100.00;100.00;100.00;51;51;51;1.10;27/09/2020
2018;Grado;Grado: Enfermería;Teruel;Escuela Universitaria de Enfermería de Teruel;Enfermería geriátrica;Normal;Obligatoria;90.91;88.24;97.06;34;30;33;1.06;27/09/2020
2018;Grado;Grado: Enfermería;Zaragoza;Facultad de Ciencias de la Salud;Enfermería comunitaria I;Normal;Obligatoria;94.12;90.00;95.63;160;144;153;1.32;27/09/2020
2018;Grado;Grado: Enfermería;Huesca;Escuela Universitaria de Enfermería San Jorge de Huesca;Enfermería comunitaria I;Normal;Obligatoria;100.00;100.00;100.00;46;46;46;1.14;27/09/2020
2018;Grado;Grado: Enfermería;Teruel;Escuela Universitaria de Enfermería de Teruel;Enfermería comunitaria I;Normal;Obligatoria;81.82;81.82;100.00;33;27;33;1.18;27/09/2020
2018;Grado;Grado: Enfermería;Zaragoza;Facultad de Ciencias de la Salud;Enfermería clínica I;Normal;Obligatoria;99.35;96.25;96.88;160;154;155;1.04;27/09/2020
2018;Grado;Grado: Enfermería;Huesca;Escuela Universitaria de Enfermería San Jorge de Huesca;Enfermería clínica I;Normal;Obligatoria;95.65;95.65;100.00;46;44;46;1.10;27/09/2020
2018;Grado;Grado: Enfermería;Teruel;Escuela Universitaria de Enfermería de Teruel;Enfermería clínica I;Normal;Obligatoria;96.77;96.77;100.00;31;30;31;1.03;27/09/2020
2018;Grado;Grado: Enfermería;Zaragoza;Facultad de Ciencias de la Salud;Enfermería clínica II;Normal;Obligatoria;100.00;94.94;94.94;158;150;150;1.04;27/09/2020
2018;Grado;Grado: Enfermería;Huesca;Escuela Universitaria de Enfermería San Jorge de Huesca;Enfermería clínica II;Normal;Obligatoria;92.45;92.45;100.00;53;49;53;1.14;27/09/2020
2018;Grado;Grado: Enfermería;Teruel;Escuela Universitaria de Enfermería de Teruel;Enfermería clínica II;Normal;Obligatoria;96.88;96.88;100.00;32;31;32;1.03;27/09/2020
2018;Grado;Grado: Enfermería;Zaragoza;Facultad de Ciencias de la Salud;Estancias clínicas I;Prácticas externas;Prácticas externas;100.00;99.32;99.32;148;147;147;1.00;27/09/2020
2018;Grado;Grado: Enfermería;Huesca;Escuela Universitaria de Enfermería San Jorge de Huesca;Estancias clínicas I;Prácticas externas;Prácticas externas;100.00;100.00;100.00;43;43;43;1.00;27/09/2020
2018;Grado;Grado: Enfermería;Teruel;Escuela Universitaria de Enfermería de Teruel;Estancias clínicas I;Prácticas externas;Prácticas externas;100.00;100.00;100.00;31;31;31;1.00;27/09/2020
2018;Grado;Grado: Enfermería;Zaragoza;Facultad de Ciencias de la Salud;Enfermería materno-infantil;Normal;Obligatoria;100.00;100.00;100.00;136;136;136;1.00;27/09/2020
2018;Grado;Grado: Enfermería;Huesca;Escuela Universitaria de Enfermería San Jorge de Huesca;Enfermería materno-infantil;Normal;Obligatoria;100.00;100.00;100.00;50;50;50;1.20;27/09/2020
2018;Grado;Grado: Enfermería;Teruel;Escuela Universitaria de Enfermería de Teruel;Enfermería materno-infantil;Normal;Obligatoria;97.06;94.29;97.14;35;33;34;1.06;27/09/2020
2018;Grado;Grado: Enfermería;Zaragoza;Facultad de Ciencias de la Salud;Farmacoterapia y dietoterapia;Normal;Obligatoria;90.41;86.27;95.42;153;132;146;1.23;27/09/2020
2018;Grado;Grado: Enfermería;Huesca;Escuela Universitaria de Enfermería San Jorge de Huesca;Farmacoterapia y dietoterapia;Normal;Obligatoria;93.48;93.48;100.00;46;43;46;1.10;27/09/2020
2018;Grado;Grado: Enfermería;Teruel;Escuela Universitaria de Enfermería de Teruel;Farmacoterapia y dietoterapia;Normal;Obligatoria;100.00;97.14;97.14;35;34;34;1.00;27/09/2020
2018;Grado;Grado: Enfermería;Zaragoza;Facultad de Ciencias de la Salud;Ciencias psicosociales aplicadas y enfermería de salud mental;Normal;Obligatoria;99.25;99.25;100.00;134;133;134;1.00;27/09/2020
2018;Grado;Grado: Enfermería;Huesca;Escuela Universitaria de Enfermería San Jorge de Huesca;Ciencias psicosociales aplicadas y enfermería de salud mental;Normal;Obligatoria;100.00;100.00;100.00;46;46;46;1.00;27/09/2020
2018;Grado;Grado: Enfermería;Teruel;Escuela Universitaria de Enfermería de Teruel;Ciencias psicosociales aplicadas y enfermería de salud mental;Normal;Obligatoria;100.00;97.14;97.14;35;34;34;1.00;27/09/2020
2018;Grado;Grado: Enfermería;Zaragoza;Facultad de Ciencias de la Salud;Enfermería clínica III;Normal;Obligatoria;98.51;95.65;97.10;139;133;135;1.01;27/09/2020
2018;Grado;Grado: Enfermería;Huesca;Escuela Universitaria de Enfermería San Jorge de Huesca;Enfermería clínica III;Normal;Obligatoria;97.92;95.92;97.96;49;47;48;1.30;27/09/2020
2018;Grado;Grado: Enfermería;Teruel;Escuela Universitaria de Enfermería de Teruel;Enfermería clínica III;Normal;Obligatoria;93.75;90.91;96.97;33;30;32;1.03;27/09/2020
2018;Grado;Grado: Enfermería;Zaragoza;Facultad de Ciencias de la Salud;Prácticum;Prácticas externas;Prácticas externas;99.26;99.26;100.00;135;134;135;1.00;27/09/2020
2018;Grado;Grado: Enfermería;Huesca;Escuela Universitaria de Enfermería San Jorge de Huesca;Prácticum;Prácticas externas;Prácticas externas;100.00;100.00;100.00;47;47;47;1.00;27/09/2020
2018;Grado;Grado: Enfermería;Teruel;Escuela Universitaria de Enfermería de Teruel;Prácticum;Prácticas externas;Prácticas externas;100.00;100.00;100.00;29;29;29;1.00;27/09/2020
2018;Grado;Grado: Enfermería;Zaragoza;Facultad de Ciencias de la Salud;Enfermería clínica IV;Normal;Obligatoria;97.04;95.62;98.54;137;131;135;1.23;27/09/2020
2018;Grado;Grado: Enfermería;Huesca;Escuela Universitaria de Enfermería San Jorge de Huesca;Enfermería clínica IV;Normal;Obligatoria;100.00;100.00;100.00;47;47;47;1.17;27/09/2020
2018;Grado;Grado: Enfermería;Teruel;Escuela Universitaria de Enfermería de Teruel;Enfermería clínica IV;Normal;Obligatoria;100.00;100.00;100.00;29;29;29;1.00;27/09/2020
2018;Grado;Grado: Enfermería;Zaragoza;Facultad de Ciencias de la Salud;Administración y gestión de enfermería;Normal;Obligatoria;100.00;100.00;100.00;137;137;137;1.00;27/09/2020
2018;Grado;Grado: Enfermería;Huesca;Escuela Universitaria de Enfermería San Jorge de Huesca;Administración y gestión de enfermería;Normal;Obligatoria;100.00;100.00;100.00;46;46;46;1.07;27/09/2020
2018;Grado;Grado: Enfermería;Teruel;Escuela Universitaria de Enfermería de Teruel;Administración y gestión de enfermería;Normal;Obligatoria;100.00;100.00;100.00;28;28;28;1.00;27/09/2020
2018;Grado;Grado: Enfermería;Zaragoza;Facultad de Ciencias de la Salud;Inglés científico para enfermería;Normal;Optativa;100.00;100.00;100.00;43;43;43;1.04;27/09/2020
2018;Grado;Grado: Enfermería;Huesca;Escuela Universitaria de Enfermería San Jorge de Huesca;Inglés científico para enfermería;Normal;Optativa;100.00;100.00;100.00;29;29;29;1.00;27/09/2020
2018;Grado;Grado: Enfermería;Teruel;Escuela Universitaria de Enfermería de Teruel;Inglés científico para enfermería;Normal;Optativa;100.00;100.00;100.00;21;21;21;1.04;27/09/2020
2018;Grado;Grado: Filosofía;Zaragoza;Facultad de Filosofía y Letras;Filosofía y política en el mundo contemporáneo;Normal;Formación básica;100.00;76.19;76.19;63;48;48;1.00;27/09/2020
2018;Grado;Grado: Filosofía;Zaragoza;Facultad de Filosofía y Letras;Antropología filosófica;Normal;Formación básica;88.64;59.09;66.67;66;39;44;1.34;27/09/2020
2018;Grado;Grado: Filosofía;Zaragoza;Facultad de Filosofía y Letras;Introducción a los problemas filosóficos;Normal;Formación básica;92.16;79.66;86.44;59;47;51;1.04;27/09/2020
2018;Grado;Grado: Filosofía;Zaragoza;Facultad de Filosofía y Letras;Teorías éticas;Normal;Formación básica;72.92;47.95;65.75;73;35;48;1.37;27/09/2020
2018;Grado;Grado: Filosofía;Zaragoza;Facultad de Filosofía y Letras;Filosofía de la cultura;Normal;Formación básica;81.13;62.32;76.81;69;43;53;1.18;27/09/2020
2018;Grado;Grado: Filosofía;Zaragoza;Facultad de Filosofía y Letras;Pensamiento feminista;Normal;Formación básica;91.30;62.69;68.66;67;42;46;1.04;27/09/2020
2018;Grado;Grado: Filosofía;Zaragoza;Facultad de Filosofía y Letras;Epistemología de las ciencias humanas;Normal;Formación básica;91.30;67.74;74.19;62;42;46;1.07;27/09/2020
2018;Grado;Grado: Filosofía;Zaragoza;Facultad de Filosofía y Letras;Introducción a la lógica;Normal;Formación básica;86.15;64.37;74.71;87;56;65;1.59;27/09/2020
2018;Grado;Grado: Filosofía;Zaragoza;Facultad de Filosofía y Letras;Teorías filosóficas de la ciudadanía;Normal;Formación básica;91.67;60.27;65.75;73;44;48;1.33;27/09/2020
2018;Grado;Grado: Filosofía;Zaragoza;Facultad de Filosofía y Letras;Filosofía de la imagen;Normal;Formación básica;88.89;51.95;58.44;77;40;45;1.34;27/09/2020
2018;Grado;Grado: Filosofía;Zaragoza;Facultad de Filosofía y Letras;Lógica formal;Normal;Obligatoria;97.78;62.86;64.29;72;46;47;1.50;27/09/2020
2018;Grado;Grado: Filosofía;Zaragoza;Facultad de Filosofía y Letras;Teoría del conocimiento;Normal;Obligatoria;84.85;66.67;78.57;42;28;33;1.24;27/09/2020
2018;Grado;Grado: Filosofía;Zaragoza;Facultad de Filosofía y Letras;Filosofía política I;Normal;Obligatoria;100.00;93.18;93.18;44;41;41;1.02;27/09/2020
2018;Grado;Grado: Filosofía;Zaragoza;Facultad de Filosofía y Letras;Historia de la filosofía antigua I;Normal;Obligatoria;92.50;80.43;86.96;46;37;40;1.10;27/09/2020
2018;Grado;Grado: Filosofía;Zaragoza;Facultad de Filosofía y Letras;Historia de la filosofía medieval;Normal;Obligatoria;100.00;85.11;85.11;47;40;40;1.10;27/09/2020
2018;Grado;Grado: Filosofía;Zaragoza;Facultad de Filosofía y Letras;Filosofía del lenguaje;Normal;Obligatoria;65.00;49.06;75.47;53;26;40;1.23;27/09/2020
2018;Grado;Grado: Filosofía;Zaragoza;Facultad de Filosofía y Letras;Filosofía política II;Normal;Obligatoria;100.00;84.44;84.44;45;38;38;1.00;27/09/2020
2018;Grado;Grado: Filosofía;Zaragoza;Facultad de Filosofía y Letras;Historia de la filosofía antigua II;Normal;Obligatoria;97.56;85.11;87.23;47;40;41;1.07;27/09/2020
2018;Grado;Grado: Filosofía;Zaragoza;Facultad de Filosofía y Letras;Estética I;Normal;Obligatoria;90.00;66.67;74.07;28;19;21;1.25;27/09/2020
2018;Grado;Grado: Filosofía;Zaragoza;Facultad de Filosofía y Letras;Historia de la filosofía moderna I;Normal;Obligatoria;90.91;68.97;75.86;31;21;23;1.00;27/09/2020
2018;Grado;Grado: Filosofía;Zaragoza;Facultad de Filosofía y Letras;Filosofía social;Normal;Obligatoria;85.00;44.74;52.63;42;21;24;1.26;27/09/2020
2018;Grado;Grado: Filosofía;Zaragoza;Facultad de Filosofía y Letras;Filosofia de la ciencia;Normal;Obligatoria;62.96;31.48;50.00;58;21;31;1.14;27/09/2020
2018;Grado;Grado: Filosofía;Zaragoza;Facultad de Filosofía y Letras;Estética II;Normal;Obligatoria;100.00;60.00;60.00;40;24;24;1.08;27/09/2020
2018;Grado;Grado: Filosofía;Zaragoza;Facultad de Filosofía y Letras;Historia de la filosofía moderna II;Normal;Obligatoria;88.46;79.31;89.66;32;25;28;1.16;27/09/2020
2018;Grado;Grado: Filosofía;Zaragoza;Facultad de Filosofía y Letras;Historia de la filosofía del siglo XIX;Normal;Obligatoria;94.44;50.00;52.94;35;18;19;1.11;27/09/2020
2018;Grado;Grado: Filosofía;Zaragoza;Facultad de Filosofía y Letras;Corrientes actuales de la filosofía I;Normal;Obligatoria;95.83;85.19;88.89;30;26;27;1.08;27/09/2020
2018;Grado;Grado: Filosofía;Zaragoza;Facultad de Filosofía y Letras;Problemas fundamentales de la filosofía contemporánea;Normal;Obligatoria;95.65;75.86;79.31;32;25;26;1.12;27/09/2020
2018;Grado;Grado: Filosofía;Zaragoza;Facultad de Filosofía y Letras;Metafísica;Normal;Obligatoria;81.48;70.97;87.10;32;23;28;1.48;27/09/2020
2018;Grado;Grado: Filosofía;Zaragoza;Facultad de Filosofía y Letras;Corrientes actuales de la filosofía II;Normal;Obligatoria;95.65;84.62;88.46;29;25;26;1.24;27/09/2020
2018;Grado;Grado: Filosofía;Zaragoza;Facultad de Filosofía y Letras;Trabajo fin de Grado;Trabajo fin de grado;Trabajo fin de Grado;100.00;58.70;58.70;46;27;27;1.00;27/09/2020
2018;Grado;Grado: Filosofía;Zaragoza;Facultad de Filosofía y Letras;Textos clásicos y problemas de la filosofía griega;Normal;Optativa;100.00;100.00;100.00;6;6;6;1.00;27/09/2020
2018;Grado;Grado: Filosofía;Zaragoza;Facultad de Filosofía y Letras;Textos y problemas de filosofía moderna;Normal;Optativa;100.00;66.67;66.67;7;5;5;1.00;27/09/2020
2018;Grado;Grado: Filosofía;Zaragoza;Facultad de Filosofía y Letras;Textos y problemas de la filosofía del siglo XIX;Normal;Optativa;90.91;90.91;100.00;23;21;23;1.05;27/09/2020
2018;Grado;Grado: Filosofía;Zaragoza;Facultad de Filosofía y Letras;Textos y problemas de la filosofía contemporánea;Normal;Optativa;100.00;100.00;100.00;15;15;15;1.00;27/09/2020
2018;Grado;Grado: Filosofía;Zaragoza;Facultad de Filosofía y Letras;Textos y problemas de la filosofía política contemporánea;Normal;Optativa;100.00;81.82;81.82;11;9;9;1.00;27/09/2020
2018;Grado;Grado: Filosofía;Zaragoza;Facultad de Filosofía y Letras;Textos y problemas de la filosofía feminista;Normal;Optativa;100.00;63.64;63.64;11;7;7;1.00;27/09/2020
2018;Grado;Grado: Filosofía;Zaragoza;Facultad de Filosofía y Letras;Filosofía de la historia;Normal;Optativa;100.00;78.95;78.95;21;17;17;1.06;27/09/2020
2018;Grado;Grado: Filosofía;Zaragoza;Facultad de Filosofía y Letras;Filosofía española e iberoamericana;Normal;Optativa;100.00;70.59;70.59;17;12;12;1.08;27/09/2020
2018;Grado;Grado: Filosofía;Zaragoza;Facultad de Filosofía y Letras;Filosofía del cuerpo;Normal;Optativa;100.00;58.33;58.33;12;7;7;1.00;27/09/2020
2018;Grado;Grado: Filosofía;Zaragoza;Facultad de Filosofía y Letras;Bioética;Normal;Optativa;100.00;66.67;66.67;14;10;10;1.00;27/09/2020
2018;Grado;Grado: Filosofía;Zaragoza;Facultad de Filosofía y Letras;Filosofía y cine;Normal;Optativa;100.00;100.00;100.00;19;18;18;1.00;27/09/2020
2018;Grado;Grado: Filosofía;Zaragoza;Facultad de Filosofía y Letras;Filosofía del arte contemporáneo;Normal;Optativa;100.00;66.67;66.67;6;4;4;1.00;27/09/2020
2018;Grado;Grado: Filosofía;Zaragoza;Facultad de Filosofía y Letras;Ciencia, tecnología y sociedad;Normal;Optativa;87.50;70.00;80.00;11;8;9;1.00;27/09/2020
2018;Grado;Grado: Filosofía;Zaragoza;Facultad de Filosofía y Letras;Filosofía de la mente;Normal;Optativa;100.00;46.15;46.15;14;6;6;1.00;27/09/2020
2018;Grado;Grado: Filosofía;Zaragoza;Facultad de Filosofía y Letras;Ontología del presente;Normal;Optativa;95.24;90.91;95.45;22;20;21;1.00;27/09/2020
2018;Grado;Grado: Filosofía;Zaragoza;Facultad de Filosofía y Letras;Filosofía helenística y romana;Normal;Optativa;100.00;50.00;50.00;10;5;5;1.20;27/09/2020
2018;Grado;Grado: Filosofía;Zaragoza;Facultad de Filosofía y Letras;Filosofía comparada: oriente y occidente;Normal;Optativa;95.45;65.63;68.75;35;24;25;1.00;27/09/2020
2018;Grado;Grado: Filosofía;Zaragoza;Facultad de Filosofía y Letras;Pensamiento musulmán y judío;Normal;Optativa;100.00;71.43;71.43;16;12;12;1.00;27/09/2020
2018;Grado;Grado: Filosofía;Zaragoza;Facultad de Filosofía y Letras;Pensamiento postcolonial;Normal;Optativa;100.00;66.67;66.67;21;14;14;1.00;27/09/2020
2018;Grado;Grado: Filosofía;Zaragoza;Facultad de Filosofía y Letras;Lengua griega;Normal;Optativa;100.00;80.00;80.00;5;4;4;1.00;27/09/2020
2018;Grado;Grado: Filosofía;Zaragoza;Facultad de Filosofía y Letras;Historia del mundo contemporáneo (siglo XIX);Normal;Optativa;100.00;100.00;100.00;5;5;5;1.00;27/09/2020
2018;Grado;Grado: Filosofía;Zaragoza;Facultad de Filosofía y Letras;Lengua moderna para Filosofía (alemán);Normal;Optativa;100.00;100.00;100.00;1;1;1;1.00;27/09/2020
2018;Grado;Grado: Filosofía;Zaragoza;Facultad de Filosofía y Letras;Lengua moderna para Filosofía (inglés);Normal;Optativa;100.00;92.31;92.31;15;14;14;1.06;27/09/2020
2018;Grado;Grado: Filosofía;Zaragoza;Facultad de Filosofía y Letras;Introducción a los problemas filosóficos;Normal;Formación básica;;;;0;0;0;1.00;27/09/2020
2018;Grado;Grado: Fisioterapia;Zaragoza;Facultad de Ciencias de la Salud;Anatomía I. Anatomía general y del movimiento;Normal;Formación básica;89.83;79.10;88.06;67;53;59;1.19;27/09/2020
2018;Grado;Grado: Fisioterapia;Zaragoza;Facultad de Ciencias de la Salud;Inglés científico;Normal;Formación básica;94.44;92.73;98.18;55;51;54;1.16;27/09/2020
2018;Grado;Grado: Fisioterapia;Zaragoza;Facultad de Ciencias de la Salud;Francés científico;Normal;Formación básica;100.00;100.00;100.00;3;3;3;1.00;27/09/2020
2018;Grado;Grado: Fisioterapia;Zaragoza;Facultad de Ciencias de la Salud;Metodología de investigación;Normal;Formación básica;96.61;95.00;98.33;60;57;59;1.10;27/09/2020
2018;Grado;Grado: Fisioterapia;Zaragoza;Facultad de Ciencias de la Salud;Fundamentos de fisioterapia;Normal;Obligatoria;96.72;96.72;100.00;61;59;61;1.21;27/09/2020
2018;Grado;Grado: Fisioterapia;Zaragoza;Facultad de Ciencias de la Salud;Anatomía II. Anatomía de aparatos y sistemas;Normal;Formación básica;88.68;74.60;84.13;63;47;53;1.31;27/09/2020
2018;Grado;Grado: Fisioterapia;Zaragoza;Facultad de Ciencias de la Salud;Fisiología humana;Normal;Formación básica;94.12;85.71;91.07;56;48;51;1.02;27/09/2020
2018;Grado;Grado: Fisioterapia;Zaragoza;Facultad de Ciencias de la Salud;Cinesiología;Normal;Formación básica;80.95;73.91;91.30;69;51;63;1.31;27/09/2020
2018;Grado;Grado: Fisioterapia;Zaragoza;Facultad de Ciencias de la Salud;Salud pública y fisioterapia comunitaria;Normal;Obligatoria;92.98;85.48;91.94;62;53;57;1.24;27/09/2020
2018;Grado;Grado: Fisioterapia;Zaragoza;Facultad de Ciencias de la Salud;Valoración en fisioterapia I;Normal;Obligatoria;96.61;91.94;95.16;62;57;59;1.00;27/09/2020
2018;Grado;Grado: Fisioterapia;Zaragoza;Facultad de Ciencias de la Salud;Biomecánica y análisis del movimiento;Normal;Formación básica;82.76;76.19;92.06;63;48;58;1.21;27/09/2020
2018;Grado;Grado: Fisioterapia;Zaragoza;Facultad de Ciencias de la Salud;Psicosociología de la salud;Normal;Formación básica;98.08;98.08;100.00;52;51;52;1.07;27/09/2020
2018;Grado;Grado: Fisioterapia;Zaragoza;Facultad de Ciencias de la Salud;Procedimientos generales de intervención en fisioterapia I;Normal;Obligatoria;100.00;100.00;100.00;52;52;52;1.00;27/09/2020
2018;Grado;Grado: Fisioterapia;Zaragoza;Facultad de Ciencias de la Salud;Cinesiterapia;Normal;Obligatoria;98.25;93.33;95.00;60;56;57;1.19;27/09/2020
2018;Grado;Grado: Fisioterapia;Zaragoza;Facultad de Ciencias de la Salud;Procedimientos generales de intervención en fisioterapia II;Normal;Obligatoria;100.00;100.00;100.00;55;55;55;1.00;27/09/2020
2018;Grado;Grado: Fisioterapia;Zaragoza;Facultad de Ciencias de la Salud;Valoración en fisioterapia II;Normal;Obligatoria;98.18;96.43;98.21;56;54;55;1.05;27/09/2020
2018;Grado;Grado: Fisioterapia;Zaragoza;Facultad de Ciencias de la Salud;Patología general en el campo de la fisioterapia;Normal;Obligatoria;98.11;96.30;98.15;54;52;53;1.02;27/09/2020
2018;Grado;Grado: Fisioterapia;Zaragoza;Facultad de Ciencias de la Salud;Métodos específicos de intervención en fisioterapia I;Normal;Obligatoria;100.00;100.00;100.00;54;54;54;1.00;27/09/2020
2018;Grado;Grado: Fisioterapia;Zaragoza;Facultad de Ciencias de la Salud;Métodos específicos de intervención en fisioterapia II;Normal;Obligatoria;100.00;98.28;98.28;59;58;58;1.02;27/09/2020
2018;Grado;Grado: Fisioterapia;Zaragoza;Facultad de Ciencias de la Salud;Métodos específicos de intervención en fisioterapia III;Normal;Obligatoria;98.36;96.77;98.39;63;60;62;1.15;27/09/2020
2018;Grado;Grado: Fisioterapia;Zaragoza;Facultad de Ciencias de la Salud;Fisioterapia en especialidades clínicas I;Normal;Obligatoria;100.00;100.00;100.00;56;56;56;1.09;27/09/2020
2018;Grado;Grado: Fisioterapia;Zaragoza;Facultad de Ciencias de la Salud;Afecciones médico quirúrgicas I;Normal;Obligatoria;91.67;87.30;95.24;64;56;61;1.18;27/09/2020
2018;Grado;Grado: Fisioterapia;Zaragoza;Facultad de Ciencias de la Salud;Legislación y deontología sanitaria;Normal;Obligatoria;100.00;100.00;100.00;54;54;54;1.00;27/09/2020
2018;Grado;Grado: Fisioterapia;Zaragoza;Facultad de Ciencias de la Salud;Métodos específicos de intervención en fisioterapia IV;Normal;Obligatoria;95.16;92.19;96.88;65;59;63;1.51;27/09/2020
2018;Grado;Grado: Fisioterapia;Zaragoza;Facultad de Ciencias de la Salud;Fisioterapia en especialidades clínicas II;Normal;Obligatoria;100.00;100.00;100.00;56;56;56;1.07;27/09/2020
2018;Grado;Grado: Fisioterapia;Zaragoza;Facultad de Ciencias de la Salud;Fisioterapia en especialidades clínicas III;Normal;Obligatoria;96.55;96.55;100.00;59;57;59;1.11;27/09/2020
2018;Grado;Grado: Fisioterapia;Zaragoza;Facultad de Ciencias de la Salud;Afecciones médico quirúrgicas II;Normal;Obligatoria;91.67;82.09;89.55;68;55;61;1.18;27/09/2020
2018;Grado;Grado: Fisioterapia;Zaragoza;Facultad de Ciencias de la Salud;Fisioterapia en especialidades clínicas IV;Normal;Obligatoria;100.00;100.00;100.00;60;60;60;1.02;27/09/2020
2018;Grado;Grado: Fisioterapia;Zaragoza;Facultad de Ciencias de la Salud;Practicum;Prácticas externas;Prácticas externas;100.00;100.00;100.00;58;58;58;1.00;27/09/2020
2018;Grado;Grado: Fisioterapia;Zaragoza;Facultad de Ciencias de la Salud;Trabajo fin de Grado;Trabajo fin de grado;Trabajo fin de Grado;100.00;96.72;96.72;61;59;59;1.03;27/09/2020
2018;Grado;Grado: Fisioterapia;Zaragoza;Facultad de Ciencias de la Salud;Farmacología fundamental;Normal;Optativa;100.00;100.00;100.00;37;37;37;1.00;27/09/2020
2018;Grado;Grado: Fisioterapia;Zaragoza;Facultad de Ciencias de la Salud;Diagnóstico y tratamiento de las patologías de la comunicación;Normal;Optativa;100.00;100.00;100.00;23;23;23;1.00;27/09/2020
2018;Grado;Grado: Fisioterapia;Zaragoza;Facultad de Ciencias de la Salud;Bases fundamentales de la osteopatía estructural, visceral y craneal;Normal;Optativa;100.00;100.00;100.00;8;8;8;1.00;27/09/2020
2018;Grado;Grado: Fisioterapia;Zaragoza;Facultad de Ciencias de la Salud;Fisiología clínica del ejercicio para profesionales sanitarios;Normal;Optativa;100.00;100.00;100.00;40;40;40;1.00;27/09/2020
2018;Grado;Grado: Información y Documentación;Zaragoza;Facultad de Filosofía y Letras;Edición digital;Normal;Obligatoria;76.47;61.90;80.95;21;13;17;1.15;27/09/2020
2018;Grado;Grado: Información y Documentación;Zaragoza;Facultad de Filosofía y Letras;Organización y gestión de archivos;Normal;Obligatoria;63.64;33.33;52.38;21;7;11;1.14;27/09/2020
2018;Grado;Grado: Información y Documentación;Zaragoza;Facultad de Filosofía y Letras;Fundamentos de ciencias de la información y la documentación;Normal;Formación básica;100.00;78.95;78.95;19;15;15;1.00;27/09/2020
2018;Grado;Grado: Información y Documentación;Zaragoza;Facultad de Filosofía y Letras;Gestión bibliográfica;Normal;Formación básica;53.85;48.28;89.66;29;14;26;1.93;27/09/2020
2018;Grado;Grado: Información y Documentación;Zaragoza;Facultad de Filosofía y Letras;Formación, desarrollo y mantenimiento de colecciones bibliotecarias;Normal;Obligatoria;40.91;29.03;70.97;31;9;22;1.89;27/09/2020
2018;Grado;Grado: Información y Documentación;Zaragoza;Facultad de Filosofía y Letras;Historia de las instituciones españolas hasta el siglo XX;Normal;Formación básica;91.67;64.71;70.59;17;11;12;1.00;27/09/2020
2018;Grado;Grado: Información y Documentación;Zaragoza;Facultad de Filosofía y Letras;Ciencias y técnicas historiográficas;Normal;Formación básica;84.62;55.00;65.00;20;11;13;1.00;27/09/2020
2018;Grado;Grado: Información y Documentación;Zaragoza;Facultad de Filosofía y Letras;Fundamentos de recuperación de información;Normal;Formación básica;50.00;29.63;59.26;27;8;16;1.75;27/09/2020
2018;Grado;Grado: Información y Documentación;Zaragoza;Facultad de Filosofía y Letras;Fundamentos de indización;Normal;Obligatoria;84.62;57.89;68.42;19;11;13;1.00;27/09/2020
2018;Grado;Grado: Información y Documentación;Zaragoza;Facultad de Filosofía y Letras;Catalogación;Normal;Obligatoria;78.57;61.11;77.78;18;11;14;1.00;27/09/2020
2018;Grado;Grado: Información y Documentación;Zaragoza;Facultad de Filosofía y Letras;Indización precoordinada y clasificación bibliográfica;Normal;Obligatoria;94.44;89.47;94.74;19;17;18;1.39;27/09/2020
2018;Grado;Grado: Información y Documentación;Zaragoza;Facultad de Filosofía y Letras;Derecho aplicado a la información y la documentación;Normal;Formación básica;94.12;94.12;100.00;17;16;17;1.00;27/09/2020
2018;Grado;Grado: Información y Documentación;Zaragoza;Facultad de Filosofía y Letras;Las bibliotecas y sus servicios;Normal;Obligatoria;93.33;82.35;88.24;17;14;15;1.47;27/09/2020
2018;Grado;Grado: Información y Documentación;Zaragoza;Facultad de Filosofía y Letras;Fuentes generales de información;Normal;Obligatoria;56.52;52.00;92.00;25;13;23;1.85;27/09/2020
2018;Grado;Grado: Información y Documentación;Zaragoza;Facultad de Filosofía y Letras;Fundamentos de bases de datos;Normal;Formación básica;87.50;70.00;80.00;20;14;16;1.21;27/09/2020
2018;Grado;Grado: Información y Documentación;Zaragoza;Facultad de Filosofía y Letras;Dirección de unidades de información;Normal;Formación básica;100.00;100.00;100.00;13;13;13;1.00;27/09/2020
2018;Grado;Grado: Información y Documentación;Zaragoza;Facultad de Filosofía y Letras;Técnicas cuantitativas aplicadas a la información y documentación;Normal;Formación básica;90.48;82.61;91.30;23;19;21;1.37;27/09/2020
2018;Grado;Grado: Información y Documentación;Zaragoza;Facultad de Filosofía y Letras;Instituciones españolas y europeas actuales;Normal;Formación básica;100.00;94.44;94.44;18;17;17;1.00;27/09/2020
2018;Grado;Grado: Información y Documentación;Zaragoza;Facultad de Filosofía y Letras;Conservación preventiva en archivos y bibliotecas;Normal;Obligatoria;100.00;100.00;100.00;12;12;12;1.08;27/09/2020
2018;Grado;Grado: Información y Documentación;Zaragoza;Facultad de Filosofía y Letras;Descripción de documentos de archivo;Normal;Obligatoria;90.91;90.91;100.00;13;12;13;1.25;27/09/2020
2018;Grado;Grado: Información y Documentación;Zaragoza;Facultad de Filosofía y Letras;Sistemas integrados para unidades de información;Normal;Obligatoria;90.91;90.91;100.00;13;12;13;1.08;27/09/2020
2018;Grado;Grado: Información y Documentación;Zaragoza;Facultad de Filosofía y Letras;Estudios de usuarios;Normal;Obligatoria;100.00;100.00;100.00;13;13;13;1.00;27/09/2020
2018;Grado;Grado: Información y Documentación;Zaragoza;Facultad de Filosofía y Letras;Aplicaciones para recursos de información digital;Normal;Obligatoria;92.31;92.31;100.00;15;14;15;1.57;27/09/2020
2018;Grado;Grado: Información y Documentación;Zaragoza;Facultad de Filosofía y Letras;Planificación y evaluación para unidades de información;Normal;Obligatoria;100.00;94.12;94.12;17;16;16;1.00;27/09/2020
2018;Grado;Grado: Información y Documentación;Zaragoza;Facultad de Filosofía y Letras;Practicum;Prácticas externas;Prácticas externas;100.00;100.00;100.00;7;7;7;1.00;27/09/2020
2018;Grado;Grado: Información y Documentación;Zaragoza;Facultad de Filosofía y Letras;Trabajo fin de Grado;Trabajo fin de grado;Trabajo fin de Grado;100.00;45.83;45.83;24;11;11;1.09;27/09/2020
2018;Grado;Grado: Información y Documentación;Zaragoza;Facultad de Filosofía y Letras;Alfabetización informacional;Normal;Optativa;100.00;100.00;100.00;8;8;8;1.00;27/09/2020
2018;Grado;Grado: Información y Documentación;Zaragoza;Facultad de Filosofía y Letras;Construcción y evaluación de tesauros;Normal;Optativa;100.00;100.00;100.00;8;8;8;1.00;27/09/2020
2018;Grado;Grado: Información y Documentación;Zaragoza;Facultad de Filosofía y Letras;Fuentes de información biosanitarias y científico-técnicas;Normal;Optativa;100.00;100.00;100.00;4;4;4;1.25;27/09/2020
2018;Grado;Grado: Información y Documentación;Zaragoza;Facultad de Filosofía y Letras;Fuentes de información en humanidades y ciencias sociales;Normal;Optativa;100.00;100.00;100.00;7;7;7;1.00;27/09/2020
2018;Grado;Grado: Información y Documentación;Zaragoza;Facultad de Filosofía y Letras;Gestión de contenidos;Normal;Optativa;100.00;100.00;100.00;7;7;7;1.14;27/09/2020
2018;Grado;Grado: Información y Documentación;Zaragoza;Facultad de Filosofía y Letras;Historia de la información y la documentación;Normal;Optativa;100.00;100.00;100.00;16;16;16;1.00;27/09/2020
2018;Grado;Grado: Información y Documentación;Zaragoza;Facultad de Filosofía y Letras;La información en la Unión Europea;Normal;Optativa;87.50;87.50;100.00;9;8;9;1.00;27/09/2020
2018;Grado;Grado: Información y Documentación;Zaragoza;Facultad de Filosofía y Letras;Paleografía general;Normal;Optativa;100.00;100.00;100.00;14;14;14;1.00;27/09/2020
2018;Grado;Grado: Información y Documentación;Zaragoza;Facultad de Filosofía y Letras;Producción y comercio del libro;Normal;Optativa;100.00;100.00;100.00;13;13;13;1.00;27/09/2020
2018;Grado;Grado: Información y Documentación;Zaragoza;Facultad de Filosofía y Letras;Promoción y animación a la lectura;Normal;Optativa;100.00;90.91;90.91;12;11;11;1.00;27/09/2020
2018;Grado;Grado: Información y Documentación;Zaragoza;Facultad de Filosofía y Letras;Restauración de documentos en soporte tradicional;Normal;Optativa;100.00;100.00;100.00;11;11;11;1.00;27/09/2020
2018;Grado;Grado: Información y Documentación;Zaragoza;Facultad de Filosofía y Letras;Idioma moderno I para Información y Documentación (francés);Normal;Optativa;100.00;100.00;100.00;1;1;1;1.00;27/09/2020
2018;Grado;Grado: Información y Documentación;Zaragoza;Facultad de Filosofía y Letras;Idioma moderno I para Información y Documentación (inglés);Normal;Optativa;50.00;33.33;66.67;3;1;2;1.00;27/09/2020
2018;Grado;Grado: Información y Documentación;Zaragoza;Facultad de Filosofía y Letras;Idioma moderno I para Información y Documentación (árabe moderno);Normal;Optativa;50.00;50.00;100.00;2;1;2;1.00;27/09/2020
2018;Grado;Grado: Información y Documentación;Zaragoza;Facultad de Filosofía y Letras;Idioma moderno II para Información y Documentación (francés);Normal;Optativa;100.00;100.00;100.00;1;1;1;1.00;27/09/2020
2018;Grado;Grado: Información y Documentación;Zaragoza;Facultad de Filosofía y Letras;Idioma moderno II para Información y Documentación (inglés);Normal;Optativa;100.00;100.00;100.00;1;1;1;1.00;27/09/2020
2018;Grado;Grado: Información y Documentación;Zaragoza;Facultad de Filosofía y Letras;Idioma moderno II para Información y Documentación (árabe moderno);Normal;Optativa;100.00;100.00;100.00;1;1;1;1.00;27/09/2020
2018;Grado;Grado: Ingeniero en Diseño Industrial y Desarrollo de Producto;Zaragoza;Escuela de Ingeniería y Arquitectura;Informática;Normal;Formación básica;62.16;54.76;88.10;126;69;111;1.95;27/09/2020
2018;Grado;Grado: Ingeniero en Diseño Industrial y Desarrollo de Producto;Zaragoza;Escuela de Ingeniería y Arquitectura;Materiales;Normal;Obligatoria;89.41;82.61;92.39;92;76;85;1.47;27/09/2020
2018;Grado;Grado: Ingeniero en Diseño Industrial y Desarrollo de Producto;Zaragoza;Escuela de Ingeniería y Arquitectura;Expresión gráfica II;Normal;Obligatoria;62.50;51.02;81.63;98;50;80;1.80;27/09/2020
2018;Grado;Grado: Ingeniero en Diseño Industrial y Desarrollo de Producto;Zaragoza;Escuela de Ingeniería y Arquitectura;Estadística y fiabilidad de producto;Normal;Formación básica;93.15;86.08;92.41;79;68;73;1.19;27/09/2020
2018;Grado;Grado: Ingeniero en Diseño Industrial y Desarrollo de Producto;Zaragoza;Escuela de Ingeniería y Arquitectura;Aspectos económicos y empresariales del diseño;Normal;Formación básica;90.00;86.75;96.39;83;72;80;1.17;27/09/2020
2018;Grado;Grado: Ingeniero en Diseño Industrial y Desarrollo de Producto;Zaragoza;Escuela de Ingeniería y Arquitectura;Tecnología eléctrica y electrónica;Normal;Obligatoria;95.12;88.64;93.18;89;79;83;1.18;27/09/2020
2018;Grado;Grado: Ingeniero en Diseño Industrial y Desarrollo de Producto;Zaragoza;Escuela de Ingeniería y Arquitectura;Procesos de fabricación;Normal;Obligatoria;100.00;100.00;100.00;3;3;3;2.67;27/09/2020
2018;Grado;Grado: Ingeniero en Diseño Industrial y Desarrollo de Producto;Zaragoza;Escuela de Ingeniería y Arquitectura;Taller de diseño III;Normal;Obligatoria;100.00;100.00;100.00;1;1;1;2.00;27/09/2020
2018;Grado;Grado: Ingeniero en Diseño Industrial y Desarrollo de Producto;Zaragoza;Escuela de Ingeniería y Arquitectura;Oficina técnica;Normal;Obligatoria;93.65;92.19;98.44;72;66;71;1.18;27/09/2020
2018;Grado;Grado: Ingeniero en Diseño Industrial y Desarrollo de Producto;Zaragoza;Escuela de Ingeniería y Arquitectura;Trabajo fin de Grado;Trabajo fin de grado;Trabajo fin de Grado;100.00;84.21;84.21;19;16;16;1.00;27/09/2020
2018;Grado;Grado: Ingeniero en Diseño Industrial y Desarrollo de Producto;Zaragoza;Escuela de Ingeniería y Arquitectura;Análisis de valor;Normal;Optativa;;;;1;0;0;;27/09/2020
2018;Grado;Grado: Ingeniero en Diseño Industrial y Desarrollo de Producto;Zaragoza;Escuela de Ingeniería y Arquitectura;Estética e Historia del Diseño;Normal;Obligatoria;91.46;88.24;96.47;85;75;82;1.28;27/09/2020
2018;Grado;Grado: Ingeniero en Diseño Industrial y Desarrollo de Producto;Zaragoza;Escuela de Ingeniería y Arquitectura;Expresión Artística I;Normal;Formación básica;97.44;96.20;98.73;79;76;78;1.05;27/09/2020
2018;Grado;Grado: Ingeniero en Diseño Industrial y Desarrollo de Producto;Zaragoza;Escuela de Ingeniería y Arquitectura;Física I;Normal;Formación básica;78.89;68.93;87.38;103;71;90;1.79;27/09/2020
2018;Grado;Grado: Ingeniero en Diseño Industrial y Desarrollo de Producto;Zaragoza;Escuela de Ingeniería y Arquitectura;Matemáticas I;Normal;Formación básica;78.72;74.00;94.00;100;74;94;1.51;27/09/2020
2018;Grado;Grado: Ingeniero en Diseño Industrial y Desarrollo de Producto;Zaragoza;Escuela de Ingeniería y Arquitectura;Expresión Gráfica I;Normal;Formación básica;85.06;82.22;96.67;90;74;87;1.36;27/09/2020
2018;Grado;Grado: Ingeniero en Diseño Industrial y Desarrollo de Producto;Zaragoza;Escuela de Ingeniería y Arquitectura;Física II;Normal;Formación básica;72.00;56.84;78.95;95;54;75;1.18;27/09/2020
2018;Grado;Grado: Ingeniero en Diseño Industrial y Desarrollo de Producto;Zaragoza;Escuela de Ingeniería y Arquitectura;Matemáticas II;Normal;Formación básica;61.05;56.86;93.14;102;58;95;1.60;27/09/2020
2018;Grado;Grado: Ingeniero en Diseño Industrial y Desarrollo de Producto;Zaragoza;Escuela de Ingeniería y Arquitectura;Taller de Diseño I: Fundamentos y Comunicación de Producto;Normal;Obligatoria;90.91;86.02;94.62;93;80;88;1.52;27/09/2020
2018;Grado;Grado: Ingeniero en Diseño Industrial y Desarrollo de Producto;Zaragoza;Escuela de Ingeniería y Arquitectura;Diseño Asistido por Ordenador I;Normal;Obligatoria;72.15;56.44;78.22;102;57;79;1.49;27/09/2020
2018;Grado;Grado: Ingeniero en Diseño Industrial y Desarrollo de Producto;Zaragoza;Escuela de Ingeniería y Arquitectura;Diseño de mecanismos;Normal;Obligatoria;71.76;67.78;94.44;90;61;85;1.46;27/09/2020
2018;Grado;Grado: Ingeniero en Diseño Industrial y Desarrollo de Producto;Zaragoza;Escuela de Ingeniería y Arquitectura;Expresión Artística II;Normal;Formación básica;98.70;95.00;96.25;80;76;77;1.14;27/09/2020
2018;Grado;Grado: Ingeniero en Diseño Industrial y Desarrollo de Producto;Zaragoza;Escuela de Ingeniería y Arquitectura;Taller de Diseño II: Métodos y Proceso de Diseño;Normal;Obligatoria;100.00;100.00;100.00;73;73;73;1.00;27/09/2020
2018;Grado;Grado: Ingeniero en Diseño Industrial y Desarrollo de Producto;Zaragoza;Escuela de Ingeniería y Arquitectura;Diseño Gráfico Aplicado a Producto;Normal;Obligatoria;100.00;97.26;97.26;73;71;71;1.00;27/09/2020
2018;Grado;Grado: Ingeniero en Diseño Industrial y Desarrollo de Producto;Zaragoza;Escuela de Ingeniería y Arquitectura;Taller de Diseño III: Creatividad;Normal;Obligatoria;95.77;91.89;95.95;74;68;71;1.03;27/09/2020
2018;Grado;Grado: Ingeniero en Diseño Industrial y Desarrollo de Producto;Zaragoza;Escuela de Ingeniería y Arquitectura;Diseño Asistido por Ordenador II;Normal;Obligatoria;67.21;59.42;88.41;73;45;65;1.46;27/09/2020
2018;Grado;Grado: Ingeniero en Diseño Industrial y Desarrollo de Producto;Zaragoza;Escuela de Ingeniería y Arquitectura;Ergonomía;Normal;Obligatoria;89.61;89.61;100.00;77;69;77;1.84;27/09/2020
2018;Grado;Grado: Ingeniero en Diseño Industrial y Desarrollo de Producto;Zaragoza;Escuela de Ingeniería y Arquitectura;Procesos de Fabricación;Normal;Obligatoria;87.14;83.56;95.89;75;63;72;1.46;27/09/2020
2018;Grado;Grado: Ingeniero en Diseño Industrial y Desarrollo de Producto;Zaragoza;Escuela de Ingeniería y Arquitectura;Resistencia de Materiales;Normal;Obligatoria;70.77;59.74;84.42;79;48;67;1.39;27/09/2020
2018;Grado;Grado: Ingeniero en Diseño Industrial y Desarrollo de Producto;Zaragoza;Escuela de Ingeniería y Arquitectura;Taller de Diseño IV: Desarrollo de Producto;Normal;Obligatoria;97.06;95.65;98.55;71;68;70;1.17;27/09/2020
2018;Grado;Grado: Ingeniero en Diseño Industrial y Desarrollo de Producto;Zaragoza;Escuela de Ingeniería y Arquitectura;Ampliación de Materiales y Procesos;Normal;Obligatoria;98.46;94.12;95.59;68;64;65;1.06;27/09/2020
2018;Grado;Grado: Ingeniero en Diseño Industrial y Desarrollo de Producto;Zaragoza;Escuela de Ingeniería y Arquitectura;Gestión de Mercadotecnia y Aspectos Legales del Diseño;Normal;Obligatoria;94.92;88.89;93.65;64;57;60;1.23;27/09/2020
2018;Grado;Grado: Ingeniero en Diseño Industrial y Desarrollo de Producto;Zaragoza;Escuela de Ingeniería y Arquitectura;Gestión de Proyectos de Diseño;Normal;Obligatoria;76.62;74.68;97.47;79;59;77;1.80;27/09/2020
2018;Grado;Grado: Ingeniero en Diseño Industrial y Desarrollo de Producto;Zaragoza;Escuela de Ingeniería y Arquitectura;Interacción Usuario Producto;Normal;Obligatoria;95.38;95.38;100.00;67;64;67;1.34;27/09/2020
2018;Grado;Grado: Ingeniero en Diseño Industrial y Desarrollo de Producto;Zaragoza;Escuela de Ingeniería y Arquitectura;Taller de Diseño V: Producto y Servicio;Normal;Obligatoria;100.00;98.48;98.48;67;66;66;1.00;27/09/2020
2018;Grado;Grado: Ingeniero en Diseño Industrial y Desarrollo de Producto;Zaragoza;Escuela de Ingeniería y Arquitectura;Fotografía, Composición y Edición de Imágenes;Normal;Obligatoria;100.00;98.21;98.21;66;65;65;1.07;27/09/2020
2018;Grado;Grado: Ingeniero en Diseño Industrial y Desarrollo de Producto;Zaragoza;Escuela de Ingeniería y Arquitectura;Taller de Diseño VI: Práctica Profesional;Normal;Obligatoria;98.08;98.08;100.00;70;68;70;1.00;27/09/2020
2018;Grado;Grado: Ingeniero en Diseño Industrial y Desarrollo de Producto;Zaragoza;Escuela de Ingeniería y Arquitectura;Trabajo fin de Grado;Trabajo fin de grado;Trabajo fin de Grado;100.00;89.58;89.58;53;48;48;1.00;27/09/2020
2018;Grado;Grado: Ingeniero en Diseño Industrial y Desarrollo de Producto;Zaragoza;Escuela de Ingeniería y Arquitectura;Diseño bioinspirado;Normal;Optativa;100.00;100.00;100.00;33;33;33;1.00;27/09/2020
2018;Grado;Grado: Ingeniero en Diseño Industrial y Desarrollo de Producto;Zaragoza;Escuela de Ingeniería y Arquitectura;Envase y embalaje;Normal;Optativa;100.00;95.74;95.74;49;47;47;1.00;27/09/2020
2018;Grado;Grado: Ingeniero en Diseño Industrial y Desarrollo de Producto;Zaragoza;Escuela de Ingeniería y Arquitectura;Análisis técnico de propuestas de diseño;Normal;Optativa;100.00;92.86;92.86;22;21;21;1.00;27/09/2020
2018;Grado;Grado: Ingeniero en Diseño Industrial y Desarrollo de Producto;Zaragoza;Escuela de Ingeniería y Arquitectura;Tecnologías avanzadas de prototipado e ingeniería inversa;Normal;Optativa;100.00;100.00;100.00;27;27;27;1.00;27/09/2020
2018;Grado;Grado: Ingeniero en Diseño Industrial y Desarrollo de Producto;Zaragoza;Escuela de Ingeniería y Arquitectura;Imagen corporativa;Normal;Optativa;100.00;100.00;100.00;33;33;33;1.00;27/09/2020
2018;Grado;Grado: Ingeniero en Diseño Industrial y Desarrollo de Producto;Zaragoza;Escuela de Ingeniería y Arquitectura;Entornos interactivos 3D;Normal;Optativa;100.00;79.07;79.07;49;40;40;1.05;27/09/2020
2018;Grado;Grado: Ingeniero en Diseño Industrial y Desarrollo de Producto;Zaragoza;Escuela de Ingeniería y Arquitectura;Gestión de productos;Normal;Optativa;100.00;100.00;100.00;17;17;17;1.00;27/09/2020
2018;Grado;Grado: Ingeniero en Diseño Industrial y Desarrollo de Producto;Zaragoza;Escuela de Ingeniería y Arquitectura;Dirección estratégica del diseño y RR.HH.;Normal;Optativa;100.00;100.00;100.00;10;10;10;1.00;27/09/2020
2018;Grado;Grado: Psicología;Teruel;Facultad de Ciencias Sociales y Humanas de Teruel;Psicología del desarrollo I;Normal;Formación básica;91.01;88.04;96.74;92;81;89;1.33;27/09/2020
2018;Grado;Grado: Psicología;Teruel;Facultad de Ciencias Sociales y Humanas de Teruel;Fundamentos biológicos I;Normal;Formación básica;69.72;64.96;93.16;117;76;109;1.94;27/09/2020
2018;Grado;Grado: Psicología;Teruel;Facultad de Ciencias Sociales y Humanas de Teruel;Psicología de la atención, percepción y memoria;Normal;Formación básica;91.67;88.00;96.00;100;88;96;1.38;27/09/2020
2018;Grado;Grado: Psicología;Teruel;Facultad de Ciencias Sociales y Humanas de Teruel;Psicología de la motivación y de la emoción;Normal;Formación básica;70.71;66.67;94.29;105;70;99;1.78;27/09/2020
2018;Grado;Grado: Psicología;Teruel;Facultad de Ciencias Sociales y Humanas de Teruel;Lingüística aplicada a las ciencias sociales;Normal;Formación básica;86.05;80.43;93.48;92;74;86;1.17;27/09/2020
2018;Grado;Grado: Psicología;Teruel;Facultad de Ciencias Sociales y Humanas de Teruel;Filosofía y ciencias sociales;Normal;Formación básica;89.66;84.78;94.57;92;78;87;1.09;27/09/2020
2018;Grado;Grado: Psicología;Teruel;Facultad de Ciencias Sociales y Humanas de Teruel;Metodología de la investigación I;Normal;Formación básica;63.41;61.90;97.62;126;78;123;1.88;27/09/2020
2018;Grado;Grado: Psicología;Teruel;Facultad de Ciencias Sociales y Humanas de Teruel;Historia de la psicología;Normal;Formación básica;93.26;90.22;96.74;92;83;89;1.59;27/09/2020
2018;Grado;Grado: Psicología;Teruel;Facultad de Ciencias Sociales y Humanas de Teruel;Antropología psicológica;Normal;Formación básica;100.00;95.74;95.74;94;90;90;1.08;27/09/2020
2018;Grado;Grado: Psicología;Teruel;Facultad de Ciencias Sociales y Humanas de Teruel;Psicología del aprendizaje;Normal;Formación básica;91.58;86.14;94.06;101;87;95;1.27;27/09/2020
2018;Grado;Grado: Psicología;Teruel;Facultad de Ciencias Sociales y Humanas de Teruel;Psicología social I;Normal;Obligatoria;98.57;98.57;100.00;70;69;70;1.11;27/09/2020
2018;Grado;Grado: Psicología;Teruel;Facultad de Ciencias Sociales y Humanas de Teruel;Fundamentos biológicos II;Normal;Obligatoria;70.83;67.33;95.05;106;71;100;1.96;27/09/2020
2018;Grado;Grado: Psicología;Teruel;Facultad de Ciencias Sociales y Humanas de Teruel;Metodología de la investigación II;Normal;Obligatoria;89.69;86.14;96.04;102;87;98;1.87;27/09/2020
2018;Grado;Grado: Psicología;Teruel;Facultad de Ciencias Sociales y Humanas de Teruel;Neuropsicología;Normal;Obligatoria;85.42;82.83;96.97;102;85;99;1.85;27/09/2020
2018;Grado;Grado: Psicología;Teruel;Facultad de Ciencias Sociales y Humanas de Teruel;Psicología del desarrollo II;Normal;Obligatoria;96.00;92.31;96.15;78;72;75;1.14;27/09/2020
2018;Grado;Grado: Psicología;Teruel;Facultad de Ciencias Sociales y Humanas de Teruel;Metodología de la investigación III;Normal;Obligatoria;77.78;67.31;86.54;109;75;95;1.92;27/09/2020
2018;Grado;Grado: Psicología;Teruel;Facultad de Ciencias Sociales y Humanas de Teruel;Fundamentos de psicoterapia;Normal;Obligatoria;74.68;72.84;97.53;83;61;81;1.70;27/09/2020
2018;Grado;Grado: Psicología;Teruel;Facultad de Ciencias Sociales y Humanas de Teruel;Psicología de la personalidad I;Normal;Obligatoria;95.12;95.12;100.00;82;78;82;1.22;27/09/2020
2018;Grado;Grado: Psicología;Teruel;Facultad de Ciencias Sociales y Humanas de Teruel;Psicología social II;Normal;Obligatoria;95.59;92.86;97.14;70;65;68;1.20;27/09/2020
2018;Grado;Grado: Psicología;Teruel;Facultad de Ciencias Sociales y Humanas de Teruel;Psicopatología y técnicas de intervención I;Normal;Obligatoria;80.00;73.85;92.31;99;77;93;1.74;27/09/2020
2018;Grado;Grado: Psicología;Teruel;Facultad de Ciencias Sociales y Humanas de Teruel;Psicología de la educación;Normal;Obligatoria;89.36;89.36;100.00;75;68;75;1.24;27/09/2020
2018;Grado;Grado: Psicología;Teruel;Facultad de Ciencias Sociales y Humanas de Teruel;Psicología del pensamiento y del lenguaje;Normal;Obligatoria;93.62;89.80;95.92;79;73;77;1.19;27/09/2020
2018;Grado;Grado: Psicología;Teruel;Facultad de Ciencias Sociales y Humanas de Teruel;Psicopatología y técnicas de intervención II;Normal;Obligatoria;88.24;82.19;93.15;90;77;85;1.44;27/09/2020
2018;Grado;Grado: Psicología;Teruel;Facultad de Ciencias Sociales y Humanas de Teruel;Psicología de los grupos y de las organizaciones;Normal;Obligatoria;100.00;87.10;87.10;74;66;66;1.00;27/09/2020
2018;Grado;Grado: Psicología;Teruel;Facultad de Ciencias Sociales y Humanas de Teruel;Psicología de la personalidad II;Normal;Obligatoria;78.57;78.57;100.00;85;69;84;1.50;27/09/2020
2018;Grado;Grado: Psicología;Teruel;Facultad de Ciencias Sociales y Humanas de Teruel;Nuevos enfoques de inteligencia y creatividad;Normal;Obligatoria;97.06;97.06;100.00;85;83;85;1.14;27/09/2020
2018;Grado;Grado: Psicología;Teruel;Facultad de Ciencias Sociales y Humanas de Teruel;Psicología social aplicada;Normal;Obligatoria;100.00;100.00;100.00;72;71;72;1.04;27/09/2020
2018;Grado;Grado: Psicología;Teruel;Facultad de Ciencias Sociales y Humanas de Teruel;Psicología de la comunicación;Normal;Obligatoria;98.41;96.88;98.44;74;71;73;1.07;27/09/2020
2018;Grado;Grado: Psicología;Teruel;Facultad de Ciencias Sociales y Humanas de Teruel;Practicum;Prácticas externas;Prácticas externas;100.00;100.00;100.00;80;80;80;1.02;27/09/2020
2018;Grado;Grado: Psicología;Teruel;Facultad de Ciencias Sociales y Humanas de Teruel;Trabajo fin de Grado;Trabajo fin de grado;Trabajo fin de Grado;100.00;82.35;82.35;103;85;85;1.00;27/09/2020
2018;Grado;Grado: Psicología;Teruel;Facultad de Ciencias Sociales y Humanas de Teruel;Interacción social y comportamiento alimentario;Normal;Optativa;100.00;98.15;98.15;58;56;56;1.04;27/09/2020
2018;Grado;Grado: Psicología;Teruel;Facultad de Ciencias Sociales y Humanas de Teruel;Psicología social de la salud;Normal;Optativa;100.00;97.87;97.87;54;53;53;1.02;27/09/2020
2018;Grado;Grado: Psicología;Teruel;Facultad de Ciencias Sociales y Humanas de Teruel;Psicología comunitaria e intervención psicosocial;Normal;Optativa;100.00;100.00;100.00;33;32;33;1.00;27/09/2020
2018;Grado;Grado: Psicología;Teruel;Facultad de Ciencias Sociales y Humanas de Teruel;Psicología social del deporte y del ejercicio físico;Normal;Optativa;100.00;100.00;100.00;15;15;15;1.00;27/09/2020
2018;Grado;Grado: Psicología;Teruel;Facultad de Ciencias Sociales y Humanas de Teruel;Recursos humanos;Normal;Optativa;100.00;100.00;100.00;27;26;27;1.19;27/09/2020
2018;Grado;Grado: Psicología;Teruel;Facultad de Ciencias Sociales y Humanas de Teruel;Psicología del trabajo;Normal;Optativa;100.00;94.12;94.12;41;39;39;1.05;27/09/2020
2018;Grado;Grado: Psicología;Teruel;Facultad de Ciencias Sociales y Humanas de Teruel;Conflictos y negociación en las organizaciones;Normal;Optativa;;;;0;0;0;1.00;27/09/2020
2018;Grado;Grado: Psicología;Teruel;Facultad de Ciencias Sociales y Humanas de Teruel;Psicopatología del ciclo vital;Normal;Optativa;100.00;100.00;100.00;72;72;72;1.03;27/09/2020
2018;Grado;Grado: Psicología;Teruel;Facultad de Ciencias Sociales y Humanas de Teruel;Evaluación y tratamiento de problemas clínicos;Normal;Optativa;100.00;96.67;96.67;45;42;44;1.05;27/09/2020
2018;Grado;Grado: Psicología;Teruel;Facultad de Ciencias Sociales y Humanas de Teruel;Investigación en psicopatología;Normal;Optativa;100.00;100.00;100.00;45;45;45;1.04;27/09/2020
2018;Grado;Grado: Psicología;Teruel;Facultad de Ciencias Sociales y Humanas de Teruel;Terapias cognitivas y conductuales;Normal;Optativa;100.00;98.11;98.11;62;60;61;1.03;27/09/2020
2018;Grado;Grado: Psicología;Teruel;Facultad de Ciencias Sociales y Humanas de Teruel;Terapias sistémicas, familiar;Normal;Optativa;98.00;96.08;98.04;67;65;66;1.03;27/09/2020
2018;Grado;Grado: Psicología;Teruel;Facultad de Ciencias Sociales y Humanas de Teruel;Terapias humanistas;Normal;Optativa;100.00;100.00;100.00;71;71;71;1.03;27/09/2020
2018;Grado;Grado: Psicología;Teruel;Facultad de Ciencias Sociales y Humanas de Teruel;Terapias psicoanalíticas;Normal;Optativa;;;;1;1;1;1.00;27/09/2020
2018;Grado;Grado: Psicología;Teruel;Facultad de Ciencias Sociales y Humanas de Teruel;Psicología de la orientación escolar e intervención psicoeducativa;Normal;Optativa;100.00;100.00;100.00;7;7;7;1.11;27/09/2020
2018;Grado;Grado: Psicología;Teruel;Facultad de Ciencias Sociales y Humanas de Teruel;Procesos psicológicos de la lectoescritura;Normal;Optativa;100.00;100.00;100.00;10;9;10;1.00;27/09/2020
2018;Grado;Grado: Psicología;Teruel;Facultad de Ciencias Sociales y Humanas de Teruel;Programas y técnicas de intervención temprana;Normal;Optativa;100.00;100.00;100.00;18;18;18;1.05;27/09/2020
2018;Grado;Grado: Psicología;Teruel;Facultad de Ciencias Sociales y Humanas de Teruel;Dificultades del aprendizaje escolar: diagnóstico e intervención;Normal;Optativa;100.00;100.00;100.00;13;13;13;1.06;27/09/2020
2018;Grado;Grado: Psicología;Teruel;Facultad de Ciencias Sociales y Humanas de Teruel;Psicomotricidad;Normal;Optativa;;;;0;0;0;1.00;27/09/2020
2018;Grado;Grado: Psicología;Teruel;Facultad de Ciencias Sociales y Humanas de Teruel;Psicología de los alumnos con necesidades educativas especiales;Normal;Optativa;100.00;100.00;100.00;12;12;12;1.00;27/09/2020
2018;Grado;Grado: Psicología;Teruel;Facultad de Ciencias Sociales y Humanas de Teruel;Psicología de la instrucción;Normal;Optativa;;;;0;0;0;1.00;27/09/2020
2018;Grado;Grado: Terapia Ocupacional;Zaragoza;Facultad de Ciencias de la Salud;Anatomía humana;Normal;Formación básica;72.84;62.77;86.17;94;59;81;1.12;27/09/2020
2018;Grado;Grado: Terapia Ocupacional;Zaragoza;Facultad de Ciencias de la Salud;Cinesiología y biomecánica humana;Normal;Formación básica;92.11;81.40;88.37;86;70;76;1.23;27/09/2020
2018;Grado;Grado: Terapia Ocupacional;Zaragoza;Facultad de Ciencias de la Salud;Fisiología humana;Normal;Formación básica;100.00;94.81;94.81;77;73;73;1.04;27/09/2020
2018;Grado;Grado: Terapia Ocupacional;Zaragoza;Facultad de Ciencias de la Salud;Psicología I;Normal;Formación básica;80.82;74.68;92.41;79;59;73;1.30;27/09/2020
2018;Grado;Grado: Terapia Ocupacional;Zaragoza;Facultad de Ciencias de la Salud;Sociología de la salud;Normal;Formación básica;84.81;74.44;87.78;90;67;79;1.62;27/09/2020
2018;Grado;Grado: Terapia Ocupacional;Zaragoza;Facultad de Ciencias de la Salud;Inglés científico I;Normal;Formación básica;93.75;89.29;95.24;84;75;80;1.05;27/09/2020
2018;Grado;Grado: Terapia Ocupacional;Zaragoza;Facultad de Ciencias de la Salud;Teoría y técnicas de la terapia ocupacional I;Normal;Obligatoria;88.16;76.14;86.36;88;67;76;1.40;27/09/2020
2018;Grado;Grado: Terapia Ocupacional;Zaragoza;Facultad de Ciencias de la Salud;Actividades para la independencia funcional I. Introducción a la independencia funcional;Normal;Obligatoria;100.00;90.79;90.79;76;69;69;1.00;27/09/2020
2018;Grado;Grado: Terapia Ocupacional;Zaragoza;Facultad de Ciencias de la Salud;Psicología II;Normal;Formación básica;98.39;96.83;98.41;63;61;62;1.11;27/09/2020
2018;Grado;Grado: Terapia Ocupacional;Zaragoza;Facultad de Ciencias de la Salud;Sociología aplicada a la discapacidad;Normal;Formación básica;98.44;92.65;94.12;68;63;64;1.03;27/09/2020
2018;Grado;Grado: Terapia Ocupacional;Zaragoza;Facultad de Ciencias de la Salud;Inglés científico II;Normal;Formación básica;92.06;80.56;87.50;72;58;63;1.36;27/09/2020
2018;Grado;Grado: Terapia Ocupacional;Zaragoza;Facultad de Ciencias de la Salud;Deontología y legislación sanitaria;Normal;Formación básica;100.00;96.88;96.88;64;62;62;1.00;27/09/2020
2018;Grado;Grado: Terapia Ocupacional;Zaragoza;Facultad de Ciencias de la Salud;Teoría y técnicas de la terapia ocupacional II;Normal;Obligatoria;89.47;73.12;81.72;93;68;76;1.49;27/09/2020
2018;Grado;Grado: Terapia Ocupacional;Zaragoza;Facultad de Ciencias de la Salud;Afecciones médico quirúrgicas I;Normal;Obligatoria;89.06;78.08;87.67;73;57;64;1.09;27/09/2020
2018;Grado;Grado: Terapia Ocupacional;Zaragoza;Facultad de Ciencias de la Salud;Actividades para la independencia funcional II.  Desempeño ocupacional en la vida diaria;Normal;Obligatoria;98.41;93.94;95.45;66;62;63;1.05;27/09/2020
2018;Grado;Grado: Terapia Ocupacional;Zaragoza;Facultad de Ciencias de la Salud;Teoría y técnicas de la terapia ocupacional III;Normal;Obligatoria;100.00;97.30;97.30;74;72;72;1.04;27/09/2020
2018;Grado;Grado: Terapia Ocupacional;Zaragoza;Facultad de Ciencias de la Salud;Afecciones médico  quirúrgicas II;Normal;Obligatoria;100.00;97.37;97.37;76;74;74;1.08;27/09/2020
2018;Grado;Grado: Terapia Ocupacional;Zaragoza;Facultad de Ciencias de la Salud;Actividades para la independencia funcional III. Desempeño ocupacional en educación, juego y ocio.;Normal;Obligatoria;98.59;97.22;98.61;72;70;71;1.21;27/09/2020
2018;Grado;Grado: Terapia Ocupacional;Zaragoza;Facultad de Ciencias de la Salud;Actividades para la independencia funcional IV. Entorno y desempeño ocupacional;Normal;Obligatoria;100.00;98.57;98.57;70;69;69;1.00;27/09/2020
2018;Grado;Grado: Terapia Ocupacional;Zaragoza;Facultad de Ciencias de la Salud;Psiquiatría;Normal;Obligatoria;100.00;93.24;93.24;74;69;69;1.10;27/09/2020
2018;Grado;Grado: Terapia Ocupacional;Zaragoza;Facultad de Ciencias de la Salud;Salud pública;Normal;Obligatoria;92.75;87.67;94.52;73;64;69;1.17;27/09/2020
2018;Grado;Grado: Terapia Ocupacional;Zaragoza;Facultad de Ciencias de la Salud;Prácticas externas I;Prácticas externas;Prácticas externas;100.00;100.00;100.00;69;69;69;1.00;27/09/2020
2018;Grado;Grado: Terapia Ocupacional;Zaragoza;Facultad de Ciencias de la Salud;Prácticas externas II;Prácticas externas;Prácticas externas;100.00;98.36;98.36;63;62;62;1.00;27/09/2020
2018;Grado;Grado: Terapia Ocupacional;Zaragoza;Facultad de Ciencias de la Salud;Actividades para la independencia funcional V: Desempeño ocupacional en la comunidad;Normal;Obligatoria;98.44;96.92;98.46;65;63;64;1.05;27/09/2020
2018;Grado;Grado: Terapia Ocupacional;Zaragoza;Facultad de Ciencias de la Salud;Actividades para la independencia funcional VI: Desempeño ocupacional e inserción laboral;Normal;Obligatoria;91.94;91.94;100.00;62;57;62;1.07;27/09/2020
2018;Grado;Grado: Terapia Ocupacional;Zaragoza;Facultad de Ciencias de la Salud;Geriatría;Normal;Obligatoria;98.31;96.67;98.33;60;58;59;1.00;27/09/2020
2018;Grado;Grado: Terapia Ocupacional;Zaragoza;Facultad de Ciencias de la Salud;Ortoprótesis en terapia ocupacional;Normal;Obligatoria;100.00;98.28;98.28;58;57;57;1.00;27/09/2020
2018;Grado;Grado: Terapia Ocupacional;Zaragoza;Facultad de Ciencias de la Salud;Trabajo fin de Grado;Trabajo fin de grado;Trabajo fin de Grado;100.00;82.89;82.89;76;63;63;1.00;27/09/2020
2018;Grado;Grado: Terapia Ocupacional;Zaragoza;Facultad de Ciencias de la Salud;Academic writing for occupational therapy;Normal;Optativa;100.00;90.91;90.91;11;10;10;1.00;27/09/2020
2018;Grado;Grado: Terapia Ocupacional;Zaragoza;Facultad de Ciencias de la Salud;Sociología de la exclusión social;Normal;Optativa;;;;0;0;0;1.00;27/09/2020
2018;Grado;Grado: Terapia Ocupacional;Zaragoza;Facultad de Ciencias de la Salud;Terapéutica de las patologías de la comunicación;Normal;Optativa;96.30;89.66;93.10;58;52;54;1.09;27/09/2020
2018;Grado;Grado: Terapia Ocupacional;Zaragoza;Facultad de Ciencias de la Salud;Técnicas de liderazgo y dinámica grupal;Normal;Optativa;100.00;100.00;100.00;26;26;26;1.00;27/09/2020
2018;Grado;Grado: Terapia Ocupacional;Zaragoza;Facultad de Ciencias de la Salud;Terapia asistida con animales;Normal;Optativa;100.00;100.00;100.00;25;25;25;1.00;27/09/2020
2018;Grado;Grado: Terapia Ocupacional;Zaragoza;Facultad de Ciencias de la Salud;Fisiología clínica del ejercicio para profesionales sanitarios;Normal;Optativa;85.71;75.00;87.50;8;6;7;1.33;27/09/2020
2018;Grado;Grado: Trabajo Social;Zaragoza;Facultad de Ciencias Sociales y del Trabajo;Introducción al trabajo social;Normal;Obligatoria;89.20;83.07;93.12;189;157;176;1.07;27/09/2020
2018;Grado;Grado: Trabajo Social;Zaragoza;Facultad de Ciencias Sociales y del Trabajo;Fundamentos del comportamiento humano;Normal;Formación básica;86.74;80.10;92.35;196;157;181;1.17;27/09/2020
2018;Grado;Grado: Trabajo Social;Zaragoza;Facultad de Ciencias Sociales y del Trabajo;Economía aplicada al trabajo social;Normal;Formación básica;97.14;90.43;93.09;188;170;175;1.08;27/09/2020
2018;Grado;Grado: Trabajo Social;Zaragoza;Facultad de Ciencias Sociales y del Trabajo;Sociología general;Normal;Formación básica;75.65;70.19;92.79;208;146;193;1.35;27/09/2020
2018;Grado;Grado: Trabajo Social;Zaragoza;Facultad de Ciencias Sociales y del Trabajo;Introducción a la política social;Normal;Formación básica;91.24;79.73;87.39;222;177;194;1.33;27/09/2020
2018;Grado;Grado: Trabajo Social;Zaragoza;Facultad de Ciencias Sociales y del Trabajo;Conceptos, teorías y métodos en trabajo social;Normal;Obligatoria;90.91;78.05;85.85;205;160;176;1.12;27/09/2020
2018;Grado;Grado: Trabajo Social;Zaragoza;Facultad de Ciencias Sociales y del Trabajo;Habilidades sociales y de comunicación;Normal;Formación básica;96.91;87.71;90.50;179;157;162;1.16;27/09/2020
2018;Grado;Grado: Trabajo Social;Zaragoza;Facultad de Ciencias Sociales y del Trabajo;Desarrollo humano en el ciclo vital y en el medio social;Normal;Formación básica;88.52;81.41;91.96;199;162;183;1.31;27/09/2020
2018;Grado;Grado: Trabajo Social;Zaragoza;Facultad de Ciencias Sociales y del Trabajo;Antropología social y cultural;Normal;Formación básica;98.25;87.50;89.06;192;168;171;1.08;27/09/2020
2018;Grado;Grado: Trabajo Social;Zaragoza;Facultad de Ciencias Sociales y del Trabajo;Fundamentos jurídicos;Normal;Formación básica;72.96;61.11;83.76;235;144;197;1.36;27/09/2020
2018;Grado;Grado: Trabajo Social;Zaragoza;Facultad de Ciencias Sociales y del Trabajo;Trabajo social con individuos y familias;Normal;Obligatoria;94.64;89.33;94.38;178;159;168;1.40;27/09/2020
2018;Grado;Grado: Trabajo Social;Zaragoza;Facultad de Ciencias Sociales y del Trabajo;Métodos y técnicas de investigación en trabajo social;Normal;Obligatoria;81.61;78.45;96.13;181;142;174;1.56;27/09/2020
2018;Grado;Grado: Trabajo Social;Zaragoza;Facultad de Ciencias Sociales y del Trabajo;Procesos de interacción: el individuo en el grupo y en su contexto social;Normal;Obligatoria;95.51;93.13;97.50;160;149;156;1.04;27/09/2020
2018;Grado;Grado: Trabajo Social;Zaragoza;Facultad de Ciencias Sociales y del Trabajo;Derecho, ciudadanía y trabajo social;Normal;Formación básica;100.00;92.44;92.44;172;159;159;1.07;27/09/2020
2018;Grado;Grado: Trabajo Social;Zaragoza;Facultad de Ciencias Sociales y del Trabajo;Sistemas de bienestar social;Normal;Obligatoria;72.73;67.37;92.63;190;128;176;1.45;27/09/2020
2018;Grado;Grado: Trabajo Social;Zaragoza;Facultad de Ciencias Sociales y del Trabajo;Trabajo social con grupos;Normal;Obligatoria;99.38;94.71;95.29;170;161;162;1.04;27/09/2020
2018;Grado;Grado: Trabajo Social;Zaragoza;Facultad de Ciencias Sociales y del Trabajo;Trabajo social con comunidades;Normal;Obligatoria;97.04;92.66;95.48;177;164;169;1.08;27/09/2020
2018;Grado;Grado: Trabajo Social;Zaragoza;Facultad de Ciencias Sociales y del Trabajo;Habilidades de comunicación en el trabajo social;Normal;Obligatoria;95.15;91.28;95.93;172;157;165;1.13;27/09/2020
2018;Grado;Grado: Trabajo Social;Zaragoza;Facultad de Ciencias Sociales y del Trabajo;Salud, dependencia y vulnerabilidad social;Normal;Formación básica;77.84;68.02;87.39;223;152;195;1.73;27/09/2020
2018;Grado;Grado: Trabajo Social;Zaragoza;Facultad de Ciencias Sociales y del Trabajo;Estructura social;Normal;Obligatoria;72.02;63.35;87.96;191;121;168;1.65;27/09/2020
2018;Grado;Grado: Trabajo Social;Zaragoza;Facultad de Ciencias Sociales y del Trabajo;Ética y trabajo social;Normal;Obligatoria;93.43;88.89;95.14;159;141;150;1.09;27/09/2020
2018;Grado;Grado: Trabajo Social;Zaragoza;Facultad de Ciencias Sociales y del Trabajo;Estadística aplicada a la investigación social;Normal;Obligatoria;98.41;89.86;91.30;150;133;135;1.07;27/09/2020
2018;Grado;Grado: Trabajo Social;Zaragoza;Facultad de Ciencias Sociales y del Trabajo;Procesos sociales;Normal;Obligatoria;87.31;78.52;89.93;165;130;150;1.20;27/09/2020
2018;Grado;Grado: Trabajo Social;Zaragoza;Facultad de Ciencias Sociales y del Trabajo;Políticas sociales en España;Normal;Obligatoria;90.97;80.37;88.34;172;139;152;1.15;27/09/2020
2018;Grado;Grado: Trabajo Social;Zaragoza;Facultad de Ciencias Sociales y del Trabajo;Organización de los servicios sociales;Normal;Obligatoria;98.47;92.81;94.24;152;141;144;1.09;27/09/2020
2018;Grado;Grado: Trabajo Social;Zaragoza;Facultad de Ciencias Sociales y del Trabajo;Prácticum de investigación;Prácticas externas;Prácticas externas;100.00;97.97;97.97;151;148;148;1.00;27/09/2020
2018;Movilidad de entrada;Movilidad para 1º y 2º ciclo y grado;Zaragoza;Facultad de Ciencias Sociales y del Trabajo;Prácticum de investigación;Prácticas externas;Optativa;;;;3;3;3;1.00;27/09/2020
2018;Grado;Grado: Trabajo Social;Zaragoza;Facultad de Ciencias Sociales y del Trabajo;Gestión de organizaciones;Normal;Obligatoria;79.61;69.94;87.86;182;130;161;1.30;27/09/2020
2018;Grado;Grado: Trabajo Social;Zaragoza;Facultad de Ciencias Sociales y del Trabajo;Programas y prestaciones de los servicios sociales;Normal;Obligatoria;91.28;83.95;91.98;171;145;158;1.17;27/09/2020
2018;Grado;Grado: Trabajo Social;Zaragoza;Facultad de Ciencias Sociales y del Trabajo;Practicum de intervención;Prácticas externas;Prácticas externas;100.00;98.65;98.65;155;153;153;1.00;27/09/2020
2018;Grado;Grado: Trabajo Social;Zaragoza;Facultad de Ciencias Sociales y del Trabajo;Trabajo fin de Grado;Trabajo fin de grado;Trabajo fin de Grado;97.87;75.00;76.63;184;138;141;1.04;27/09/2020
2018;Grado;Grado: Trabajo Social;Zaragoza;Facultad de Ciencias Sociales y del Trabajo;Análisis de datos sociales;Normal;Optativa;100.00;94.12;94.12;22;21;21;1.00;27/09/2020
2018;Grado;Grado: Trabajo Social;Zaragoza;Facultad de Ciencias Sociales y del Trabajo;Concepciones del ser humano;Normal;Optativa;100.00;100.00;100.00;79;77;78;1.03;27/09/2020
2018;Grado;Grado: Trabajo Social;Zaragoza;Facultad de Ciencias Sociales y del Trabajo;Diseño de proyectos sociales;Normal;Optativa;97.50;97.50;100.00;49;48;49;1.04;27/09/2020
2018;Grado;Grado: Trabajo Social;Zaragoza;Facultad de Ciencias Sociales y del Trabajo;Gestión y administración de la calidad en la prestación de servicios sociales;Normal;Optativa;100.00;85.71;85.71;10;9;9;1.18;27/09/2020
2018;Grado;Grado: Trabajo Social;Zaragoza;Facultad de Ciencias Sociales y del Trabajo;Inglés específico para trabajo social I;Normal;Optativa;93.02;86.96;93.48;54;48;51;1.12;27/09/2020
2018;Grado;Grado: Trabajo Social;Zaragoza;Facultad de Ciencias Sociales y del Trabajo;Inmigración;Normal;Optativa;100.00;90.91;90.91;65;60;60;1.00;27/09/2020
2018;Grado;Grado: Trabajo Social;Zaragoza;Facultad de Ciencias Sociales y del Trabajo;Métodos y técnicas de investigación cualitativa aplicados a trabajo social;Normal;Optativa;93.55;90.63;96.88;39;36;38;1.08;27/09/2020
2018;Grado;Grado: Trabajo Social;Zaragoza;Facultad de Ciencias Sociales y del Trabajo;Tecnologías aplicadas a la gestión de la información en el contexto de las ciencias sociales;Normal;Optativa;98.84;94.44;95.56;93;88;89;1.01;27/09/2020
2018;Grado;Grado: Trabajo Social;Zaragoza;Facultad de Ciencias Sociales y del Trabajo;Trabajo social con colectivos en situación de dependencia;Normal;Optativa;100.00;96.97;96.97;75;73;73;1.00;27/09/2020
2018;Grado;Grado: Trabajo Social;Zaragoza;Facultad de Ciencias Sociales y del Trabajo;Trabajo social en el ámbito de la justicia;Normal;Optativa;99.01;97.09;98.06;105;102;103;1.06;27/09/2020
2018;Grado;Grado: Trabajo Social;Zaragoza;Facultad de Ciencias Sociales y del Trabajo;Trabajo social en el ámbito de la mediación;Normal;Optativa;98.77;93.02;94.19;97;91;92;1.00;27/09/2020
2018;Grado;Grado: Trabajo Social;Zaragoza;Facultad de Ciencias Sociales y del Trabajo;Trabajo social en el ámbito de la salud;Normal;Optativa;96.55;90.32;93.55;38;34;35;1.18;27/09/2020
2018;Grado;Grado: Trabajo Social;Zaragoza;Facultad de Ciencias Sociales y del Trabajo;Trabajo, derechos sociales y movimientos sociales en la sociedad contemporánea (siglos XIX y XX);Normal;Optativa;100.00;87.10;87.10;34;30;30;1.00;27/09/2020
2018;Grado;Grado: Trabajo Social;Zaragoza;Facultad de Ciencias Sociales y del Trabajo;Trabajo fin de Grado/Curso adaptación;Trabajo fin de grado;Trabajo fin de Grado;;;;2;0;0;;27/09/2020
2018;Grado;Grado: Ciencia y Tecnología de los Alimentos;Zaragoza;Facultad de Veterinaria;Tecnología de los alimentos I;Normal;Obligatoria;66.67;66.67;100.00;3;2;3;4.00;27/09/2020
2018;Grado;Grado: Ciencia y Tecnología de los Alimentos;Zaragoza;Facultad de Veterinaria;Higiene alimentaria general;Normal;Obligatoria;100.00;100.00;100.00;1;1;1;5.00;27/09/2020
2018;Grado;Grado: Ciencia y Tecnología de los Alimentos;Zaragoza;Facultad de Veterinaria;Gestión integral de la calidad en la industria alimentaria;Normal;Obligatoria;100.00;100.00;100.00;1;1;1;4.00;27/09/2020
2018;Grado;Grado: Ciencia y Tecnología de los Alimentos;Zaragoza;Facultad de Veterinaria;Higiene alimentaria aplicada;Normal;Obligatoria;;;;1;0;0;;27/09/2020
2018;Grado;Grado: Ciencia y Tecnología de los Alimentos;Zaragoza;Facultad de Veterinaria;Diseño industrial y gestión medioambiental;Normal;Obligatoria;;;;2;0;0;;27/09/2020
2018;Grado;Grado: Ciencia y Tecnología de los Alimentos;Zaragoza;Facultad de Veterinaria;Legislación alimentaria;Normal;Obligatoria;100.00;100.00;100.00;1;1;1;3.00;27/09/2020
2018;Grado;Grado: Ciencia y Tecnología de los Alimentos;Zaragoza;Facultad de Veterinaria;Tecnología de la leche y de ovoproductos;Normal;Obligatoria;100.00;100.00;100.00;1;1;1;3.00;27/09/2020
2018;Grado;Grado: Ciencia y Tecnología de los Alimentos;Zaragoza;Facultad de Veterinaria;Gestión de la seguridad alimentaria;Normal;Obligatoria;100.00;60.00;60.00;5;3;3;4.00;27/09/2020
2018;Grado;Grado: Ciencia y Tecnología de los Alimentos;Zaragoza;Facultad de Veterinaria;Trabajo fin de Grado;Trabajo fin de grado;Trabajo fin de Grado;100.00;66.67;66.67;6;4;4;1.00;27/09/2020
2018;Grado;Grado: Ciencia y Tecnología de los Alimentos;Zaragoza;Facultad de Veterinaria;Intensificación en el sector del aceite, azúcar y productos derivados del cereal;Normal;Optativa;;;;1;0;0;;27/09/2020
2018;Grado;Grado: Ciencias de la Actividad Física y del Deporte;Huesca;Facultad de Ciencias de la Salud y del Deporte;Actividades corporales de expresión;Normal;Obligatoria;98.57;97.18;98.59;71;69;70;1.06;27/09/2020
2018;Grado;Grado: Ciencias de la Actividad Física y del Deporte;Huesca;Facultad de Ciencias de la Salud y del Deporte;Deportes rítmico-gimnásticos;Normal;Obligatoria;97.18;90.79;93.42;76;69;71;1.21;27/09/2020
2018;Grado;Grado: Ciencias de la Actividad Física y del Deporte;Huesca;Facultad de Ciencias de la Salud y del Deporte;Deportes y actividades acuáticas;Normal;Obligatoria;97.22;97.22;100.00;72;70;72;1.10;27/09/2020
2018;Grado;Grado: Ciencias de la Actividad Física y del Deporte;Huesca;Facultad de Ciencias de la Salud y del Deporte;Estadística;Normal;Formación básica;86.11;79.49;92.31;79;63;73;1.16;27/09/2020
2018;Grado;Grado: Ciencias de la Actividad Física y del Deporte;Huesca;Facultad de Ciencias de la Salud y del Deporte;Fundamentos anatómicos, cinesiológicos y biomecánicos en la actividad física y el deporte;Normal;Formación básica;87.32;83.78;95.95;74;62;71;1.35;27/09/2020
2018;Grado;Grado: Ciencias de la Actividad Física y del Deporte;Huesca;Facultad de Ciencias de la Salud y del Deporte;Fundamentos y manifestaciones básicas de la motricidad;Normal;Obligatoria;98.57;95.83;97.22;72;69;70;1.14;27/09/2020
2018;Grado;Grado: Ciencias de la Actividad Física y del Deporte;Huesca;Facultad de Ciencias de la Salud y del Deporte;Juegos motores;Normal;Obligatoria;100.00;97.26;97.26;73;71;71;1.62;27/09/2020
2018;Grado;Grado: Ciencias de la Actividad Física y del Deporte;Huesca;Facultad de Ciencias de la Salud y del Deporte;Procesos de enseñanza-aprendizaje en la actividad física y el deporte;Normal;Formación básica;98.57;95.83;97.22;72;69;70;1.06;27/09/2020
2018;Grado;Grado: Ciencias de la Actividad Física y del Deporte;Huesca;Facultad de Ciencias de la Salud y del Deporte;Sociología de la actividad física y el deporte;Normal;Formación básica;100.00;98.57;98.57;70;69;69;1.00;27/09/2020
2018;Grado;Grado: Ciencias de la Actividad Física y del Deporte;Huesca;Facultad de Ciencias de la Salud y del Deporte;Deportes de colaboración-oposición (colectivos);Normal;Obligatoria;100.00;96.92;96.92;65;63;63;1.02;27/09/2020
2018;Grado;Grado: Ciencias de la Actividad Física y del Deporte;Huesca;Facultad de Ciencias de la Salud y del Deporte;Deportes en la naturaleza;Normal;Obligatoria;98.48;97.01;98.51;67;65;66;1.06;27/09/2020
2018;Grado;Grado: Ciencias de la Actividad Física y del Deporte;Huesca;Facultad de Ciencias de la Salud y del Deporte;Teoría e historia de la actividad física y del deporte;Normal;Formación básica;100.00;92.54;92.54;67;62;62;1.00;27/09/2020
2018;Grado;Grado: Ciencias de la Actividad Física y del Deporte;Huesca;Facultad de Ciencias de la Salud y del Deporte;Deportes individuales;Normal;Obligatoria;100.00;98.00;98.00;50;49;49;1.13;27/09/2020
2018;Grado;Grado: Ciencias de la Actividad Física y del Deporte;Huesca;Facultad de Ciencias de la Salud y del Deporte;Fundamentos fisiológicos en la actividad física y el deporte;Normal;Formación básica;97.26;94.67;97.33;77;72;75;1.18;27/09/2020
2018;Grado;Grado: Ciencias de la Actividad Física y del Deporte;Huesca;Facultad de Ciencias de la Salud y del Deporte;Psicología de la actividad física y el deporte;Normal;Formación básica;75.32;73.42;97.47;79;58;77;1.59;27/09/2020
2018;Grado;Grado: Ciencias de la Actividad Física y del Deporte;Huesca;Facultad de Ciencias de la Salud y del Deporte;Deportes de lucha y de adversario;Normal;Obligatoria;96.92;95.45;98.48;66;63;65;1.30;27/09/2020
2018;Grado;Grado: Ciencias de la Actividad Física y del Deporte;Huesca;Facultad de Ciencias de la Salud y del Deporte;Organización de las actividades deportivas;Normal;Obligatoria;95.00;88.37;93.02;48;43;45;1.09;27/09/2020
2018;Grado;Grado: Ciencias de la Actividad Física y del Deporte;Huesca;Facultad de Ciencias de la Salud y del Deporte;Actividad física y salud;Normal;Obligatoria;81.16;81.16;100.00;74;61;74;1.39;27/09/2020
2018;Grado;Grado: Ciencias de la Actividad Física y del Deporte;Huesca;Facultad de Ciencias de la Salud y del Deporte;Acción docente en actividades físicas y deportivas;Normal;Obligatoria;96.67;90.63;93.75;69;63;65;1.06;27/09/2020
2018;Grado;Grado: Ciencias de la Actividad Física y del Deporte;Huesca;Facultad de Ciencias de la Salud y del Deporte;Teoría y práctica del entrenamiento deportivo;Normal;Obligatoria;55.29;53.41;96.59;99;56;96;2.14;27/09/2020
2018;Grado;Grado: Ciencias de la Actividad Física y del Deporte;Huesca;Facultad de Ciencias de la Salud y del Deporte;Recreación deportiva;Normal;Obligatoria;98.41;92.54;94.03;73;68;69;1.10;27/09/2020
2018;Grado;Grado: Ciencias de la Actividad Física y del Deporte;Huesca;Facultad de Ciencias de la Salud y del Deporte;Actividad física y poblaciones específicas;Normal;Obligatoria;67.21;64.06;95.31;69;46;66;1.39;27/09/2020
2018;Grado;Grado: Ciencias de la Actividad Física y del Deporte;Huesca;Facultad de Ciencias de la Salud y del Deporte;Diseño y evaluación en la enseñanza de la actividad física y del deporte;Normal;Obligatoria;100.00;95.16;95.16;68;65;65;1.02;27/09/2020
2018;Grado;Grado: Ciencias de la Actividad Física y del Deporte;Huesca;Facultad de Ciencias de la Salud y del Deporte;Actividades físico-deportivas en la naturaleza;Normal;Obligatoria;98.46;94.12;95.59;72;68;69;1.37;27/09/2020
2018;Grado;Grado: Ciencias de la Actividad Física y del Deporte;Huesca;Facultad de Ciencias de la Salud y del Deporte;Entrenamiento en distintas etapas evolutivas;Normal;Obligatoria;87.10;84.38;96.88;79;68;76;1.47;27/09/2020
2018;Grado;Grado: Ciencias de la Actividad Física y del Deporte;Huesca;Facultad de Ciencias de la Salud y del Deporte;Gestión y legislación deportivas;Normal;Obligatoria;100.00;100.00;100.00;63;62;62;1.05;27/09/2020
2018;Grado;Grado: Ciencias de la Actividad Física y del Deporte;Huesca;Facultad de Ciencias de la Salud y del Deporte;Prácticas externas (Practicum);Prácticas externas;Prácticas externas;100.00;93.85;93.85;66;62;62;1.02;27/09/2020
2018;Grado;Grado: Ciencias de la Actividad Física y del Deporte;Huesca;Facultad de Ciencias de la Salud y del Deporte;Trabajo fin de Grado;Trabajo fin de grado;Trabajo fin de Grado;100.00;65.96;65.96;95;63;63;1.02;27/09/2020
2018;Grado;Grado: Ciencias de la Actividad Física y del Deporte;Huesca;Facultad de Ciencias de la Salud y del Deporte;Actividad física y deporte adaptado a personas con discapacidad;Normal;Optativa;100.00;95.65;95.65;30;29;29;1.00;27/09/2020
2018;Grado;Grado: Ciencias de la Actividad Física y del Deporte;Huesca;Facultad de Ciencias de la Salud y del Deporte;Actividad física y personas mayores;Normal;Optativa;100.00;100.00;100.00;23;23;23;1.13;27/09/2020
2018;Grado;Grado: Ciencias de la Actividad Física y del Deporte;Huesca;Facultad de Ciencias de la Salud y del Deporte;Deportes aéreos;Normal;Optativa;100.00;100.00;100.00;16;16;16;1.00;27/09/2020
2018;Grado;Grado: Ciencias de la Actividad Física y del Deporte;Huesca;Facultad de Ciencias de la Salud y del Deporte;Farmacología aplicada a la actividad física y el deporte;Normal;Optativa;100.00;100.00;100.00;36;35;35;1.00;27/09/2020
2018;Grado;Grado: Ciencias de la Actividad Física y del Deporte;Huesca;Facultad de Ciencias de la Salud y del Deporte;Gestión y administración de empresas deportivas;Normal;Optativa;100.00;100.00;100.00;32;32;32;1.02;27/09/2020
2018;Grado;Grado: Ciencias de la Actividad Física y del Deporte;Huesca;Facultad de Ciencias de la Salud y del Deporte;Juegos y deportes tradicionales aragoneses;Normal;Optativa;100.00;97.06;97.06;37;35;36;1.03;27/09/2020
2018;Grado;Grado: Ciencias de la Actividad Física y del Deporte;Huesca;Facultad de Ciencias de la Salud y del Deporte;Lenguaje corporal;Normal;Optativa;100.00;100.00;100.00;16;15;16;1.00;27/09/2020
2018;Grado;Grado: Ciencias de la Actividad Física y del Deporte;Huesca;Facultad de Ciencias de la Salud y del Deporte;Nuevas tendencias del fitness y wellness;Normal;Optativa;100.00;95.83;95.83;28;27;27;1.00;27/09/2020
2018;Grado;Grado: Ciencias de la Actividad Física y del Deporte;Huesca;Facultad de Ciencias de la Salud y del Deporte;Nutrición y actividad física;Normal;Optativa;97.14;97.14;100.00;38;36;37;1.11;27/09/2020
2018;Grado;Grado: Ciencias de la Actividad Física y del Deporte;Huesca;Facultad de Ciencias de la Salud y del Deporte;Observación de la intervención y del comportamiento motor;Normal;Optativa;100.00;83.33;83.33;11;9;10;1.00;27/09/2020
2018;Grado;Grado: Ciencias de la Actividad Física y del Deporte;Huesca;Facultad de Ciencias de la Salud y del Deporte;Organización y gestión del asociacionismo deportivo;Normal;Optativa;100.00;100.00;100.00;22;22;22;1.00;27/09/2020
2018;Grado;Grado: Ciencias de la Actividad Física y del Deporte;Huesca;Facultad de Ciencias de la Salud y del Deporte;Optimización del rendimiento en las distintas modalidades deportivas;Normal;Optativa;100.00;93.33;93.33;19;17;18;1.00;27/09/2020
2018;Grado;Grado: Ciencias de la Actividad Física y del Deporte;Huesca;Facultad de Ciencias de la Salud y del Deporte;Orientación y bicicleta todo terreno;Normal;Optativa;100.00;100.00;100.00;15;15;15;1.00;27/09/2020
2018;Grado;Grado: Ciencias de la Actividad Física y del Deporte;Huesca;Facultad de Ciencias de la Salud y del Deporte;Seguridad, prevención y primeros auxilios en la práctica físico-deportiva;Normal;Optativa;100.00;100.00;100.00;34;34;34;1.00;27/09/2020
2018;Grado;Grado: Ciencias de la Actividad Física y del Deporte;Huesca;Facultad de Ciencias de la Salud y del Deporte;Turismo activo, desarrollo sostenible y actividad física y deporte;Normal;Optativa;100.00;100.00;100.00;19;18;19;1.00;27/09/2020
2018;Grado;Grado: Geología;Zaragoza;Facultad de Ciencias;Análisis estratigráfico;Normal;Obligatoria;65.12;50.91;78.18;55;28;43;1.97;27/09/2020
2018;Grado;Grado: Geología;Zaragoza;Facultad de Ciencias;Biología;Normal;Formación básica;44.00;40.00;90.91;55;22;50;1.39;27/09/2020
2018;Grado;Grado: Geología;Zaragoza;Facultad de Ciencias;Cristalografía;Normal;Formación básica;56.10;36.51;65.08;63;23;41;1.70;27/09/2020
2018;Grado;Grado: Geología;Zaragoza;Facultad de Ciencias;Física;Normal;Formación básica;74.00;48.68;65.79;76;37;50;2.18;27/09/2020
2018;Grado;Grado: Geología;Zaragoza;Facultad de Ciencias;Fundamentos de geología y cartografía;Normal;Formación básica;82.22;75.51;91.84;49;37;45;1.11;27/09/2020
2018;Grado;Grado: Geología;Zaragoza;Facultad de Ciencias;Matemáticas;Normal;Formación básica;76.19;58.18;76.36;55;32;42;1.56;27/09/2020
2018;Grado;Grado: Geología;Zaragoza;Facultad de Ciencias;Paleontología básica y marina;Normal;Formación básica;90.00;69.23;76.92;52;36;40;1.41;27/09/2020
2018;Grado;Grado: Geología;Zaragoza;Facultad de Ciencias;Química;Normal;Formación básica;47.17;40.98;86.89;61;25;53;1.35;27/09/2020
2018;Grado;Grado: Geología;Zaragoza;Facultad de Ciencias;Geología estructural;Normal;Obligatoria;84.21;84.21;100.00;19;16;19;1.65;27/09/2020
2018;Grado;Grado: Geología;Zaragoza;Facultad de Ciencias;Geomorfología;Normal;Obligatoria;83.33;71.43;85.71;28;20;24;1.19;27/09/2020
2018;Grado;Grado: Geología;Zaragoza;Facultad de Ciencias;Hidrogeología;Normal;Obligatoria;82.76;82.76;100.00;29;24;29;1.42;27/09/2020
2018;Grado;Grado: Geología;Zaragoza;Facultad de Ciencias;Mineralogía;Normal;Obligatoria;80.00;70.59;88.24;34;24;30;1.83;27/09/2020
2018;Grado;Grado: Geología;Zaragoza;Facultad de Ciencias;Paleontología continental;Normal;Obligatoria;57.89;57.89;100.00;19;11;19;1.23;27/09/2020
2018;Grado;Grado: Geología;Zaragoza;Facultad de Ciencias;Petrología exógena;Normal;Obligatoria;91.67;88.00;96.00;25;22;24;1.43;27/09/2020
2018;Grado;Grado: Geología;Zaragoza;Facultad de Ciencias;Procesos y medios sedimentarios;Normal;Obligatoria;100.00;100.00;100.00;18;18;18;1.21;27/09/2020
2018;Grado;Grado: Geología;Zaragoza;Facultad de Ciencias;Tratamiento estadístico e informático de datos geológicos;Normal;Formación básica;85.71;72.73;84.85;33;24;28;1.68;27/09/2020
2018;Grado;Grado: Geología;Zaragoza;Facultad de Ciencias;Cartografía geológica;Normal;Obligatoria;100.00;95.45;95.45;24;23;23;1.46;27/09/2020
2018;Grado;Grado: Geología;Zaragoza;Facultad de Ciencias;Correlación y síntesis estratigráfica;Normal;Obligatoria;100.00;100.00;100.00;29;29;29;1.37;27/09/2020
2018;Grado;Grado: Geología;Zaragoza;Facultad de Ciencias;Geofísica y tectónica global;Normal;Obligatoria;79.17;57.58;72.73;36;22;27;1.27;27/09/2020
2018;Grado;Grado: Geología;Zaragoza;Facultad de Ciencias;Geología histórica, regional y de España;Normal;Obligatoria;95.83;92.00;96.00;27;25;26;1.08;27/09/2020
2018;Grado;Grado: Geología;Zaragoza;Facultad de Ciencias;Geoquímica;Normal;Obligatoria;56.52;40.63;71.88;34;15;25;1.56;27/09/2020
2018;Grado;Grado: Geología;Zaragoza;Facultad de Ciencias;Micropaleontología;Normal;Obligatoria;86.96;80.00;92.00;27;22;25;1.30;27/09/2020
2018;Grado;Grado: Geología;Zaragoza;Facultad de Ciencias;Petrología endógena;Normal;Obligatoria;80.77;75.00;92.86;30;23;28;1.33;27/09/2020
2018;Grado;Grado: Geología;Zaragoza;Facultad de Ciencias;Recursos minerales y energéticos;Normal;Obligatoria;92.86;92.86;100.00;30;28;30;1.41;27/09/2020
2018;Grado;Grado: Geología;Zaragoza;Facultad de Ciencias;Geología ambiental;Normal;Obligatoria;88.00;81.48;92.59;29;23;26;1.91;27/09/2020
2018;Grado;Grado: Geología;Zaragoza;Facultad de Ciencias;Geotecnia y prospección geofísica;Normal;Obligatoria;100.00;93.75;93.75;18;17;17;1.12;27/09/2020
2018;Grado;Grado: Geología;Zaragoza;Facultad de Ciencias;Proyectos y legislación en geología;Normal;Obligatoria;94.74;94.74;100.00;20;18;19;1.00;27/09/2020
2018;Grado;Grado: Geología;Zaragoza;Facultad de Ciencias;Riesgos geológicos;Normal;Obligatoria;100.00;100.00;100.00;21;21;21;1.19;27/09/2020
2018;Grado;Grado: Geología;Zaragoza;Facultad de Ciencias;Trabajo fin de Grado;Trabajo fin de grado;Trabajo fin de Grado;100.00;75.00;75.00;32;24;24;1.00;27/09/2020
2018;Grado;Grado: Geología;Zaragoza;Facultad de Ciencias;Análisis de cuencas;Normal;Optativa;100.00;100.00;100.00;12;11;11;1.08;27/09/2020
2018;Grado;Grado: Geología;Zaragoza;Facultad de Ciencias;Análisis estructural: técnicas y aplicaciones;Normal;Optativa;;;;0;0;0;1.00;27/09/2020
2018;Grado;Grado: Geología;Zaragoza;Facultad de Ciencias;Cartografía geomorfológica y geoambiental;Normal;Optativa;100.00;100.00;100.00;10;10;10;1.00;27/09/2020
2018;Grado;Grado: Geología;Zaragoza;Facultad de Ciencias;Geología de arcillas;Normal;Optativa;100.00;100.00;100.00;16;15;15;1.00;27/09/2020
2018;Grado;Grado: Geología;Zaragoza;Facultad de Ciencias;Ingeniería geológica;Normal;Optativa;100.00;91.67;91.67;13;11;11;1.00;27/09/2020
2018;Grado;Grado: Geología;Zaragoza;Facultad de Ciencias;Paleobiología de vertebrados y humana;Normal;Optativa;100.00;100.00;100.00;8;8;8;1.00;27/09/2020
2018;Grado;Grado: Geología;Zaragoza;Facultad de Ciencias;Paleontología técnica;Normal;Optativa;100.00;100.00;100.00;14;14;14;1.07;27/09/2020
2018;Grado;Grado: Geología;Zaragoza;Facultad de Ciencias;Rocas y minerales industriales;Normal;Optativa;100.00;100.00;100.00;12;12;12;1.00;27/09/2020
2018;Grado;Grado: Geología;Zaragoza;Facultad de Ciencias;Sedimentología aplicada y geología del carbón y del petróleo;Normal;Optativa;100.00;88.89;88.89;11;10;10;1.10;27/09/2020
2018;Grado;Grado: Geología;Zaragoza;Facultad de Ciencias;Tectónica: cuencas y orógenos;Normal;Optativa;100.00;100.00;100.00;11;11;11;1.00;27/09/2020
2018;Grado;Grado: Geología;Zaragoza;Facultad de Ciencias;Yacimientos minerales;Normal;Optativa;100.00;100.00;100.00;7;6;6;1.17;27/09/2020
2018;Grado;Grado: Geología;Zaragoza;Facultad de Ciencias;Structural Geology;Normal;Obligatoria;80.00;80.00;100.00;10;8;10;1.88;27/09/2020
2018;Grado;Grado: Magisterio en Educación Infantil;Zaragoza;Facultad de Educación;Lengua castellana;Normal;Formación básica;93.44;87.69;93.85;130;114;122;1.30;27/09/2020
2018;Grado;Grado: Magisterio en Educación Infantil;Huesca;Facultad de Ciencias Humanas y de la Educación;Lengua castellana;Normal;Formación básica;93.75;90.23;96.24;133;120;128;1.10;27/09/2020
2018;Grado;Grado: Magisterio en Educación Infantil;Teruel;Facultad de Ciencias Sociales y Humanas de Teruel;Lengua castellana;Normal;Formación básica;67.96;63.06;92.79;111;70;103;1.21;27/09/2020
2018;Grado;Grado: Magisterio en Educación Infantil;Zaragoza;Facultad de Educación;Psicología del desarrollo I;Normal;Formación básica;94.85;92.93;97.98;99;92;97;1.19;27/09/2020
2018;Grado;Grado: Magisterio en Educación Infantil;Huesca;Facultad de Ciencias Humanas y de la Educación;Psicología del desarrollo I;Normal;Formación básica;62.50;54.05;86.49;111;60;96;1.26;27/09/2020
2018;Grado;Grado: Magisterio en Educación Infantil;Teruel;Facultad de Ciencias Sociales y Humanas de Teruel;Psicología del desarrollo I;Normal;Formación básica;63.29;61.73;97.53;81;50;79;1.38;27/09/2020
2018;Grado;Grado: Magisterio en Educación Infantil;Zaragoza;Facultad de Educación;Sociología y psicología social de la educación;Normal;Formación básica;96.84;94.85;97.94;97;92;95;1.15;27/09/2020
2018;Grado;Grado: Magisterio en Educación Infantil;Huesca;Facultad de Ciencias Humanas y de la Educación;Sociología y psicología social de la educación;Normal;Formación básica;96.20;95.00;98.75;80;76;79;1.13;27/09/2020
2018;Grado;Grado: Magisterio en Educación Infantil;Teruel;Facultad de Ciencias Sociales y Humanas de Teruel;Sociología y psicología social de la educación;Normal;Formación básica;82.35;76.71;93.15;73;56;68;1.16;27/09/2020
2018;Grado;Grado: Magisterio en Educación Infantil;Zaragoza;Facultad de Educación;La escuela infantil como espacio educativo;Normal;Formación básica;84.85;81.55;96.12;103;84;99;1.32;27/09/2020
2018;Grado;Grado: Magisterio en Educación Infantil;Huesca;Facultad de Ciencias Humanas y de la Educación;La escuela infantil como espacio educativo;Normal;Formación básica;83.54;80.49;96.34;82;66;79;1.37;27/09/2020
2018;Grado;Grado: Magisterio en Educación Infantil;Teruel;Facultad de Ciencias Sociales y Humanas de Teruel;La escuela infantil como espacio educativo;Normal;Formación básica;84.09;79.57;94.62;93;74;88;1.61;27/09/2020
2018;Grado;Grado: Magisterio en Educación Infantil;Zaragoza;Facultad de Educación;Observación en la escuela;Normal;Formación básica;87.23;83.11;95.27;148;123;141;1.69;27/09/2020
2018;Grado;Grado: Magisterio en Educación Infantil;Huesca;Facultad de Ciencias Humanas y de la Educación;Observación en la escuela;Normal;Formación básica;95.08;94.31;99.19;123;116;122;1.21;27/09/2020
2018;Grado;Grado: Magisterio en Educación Infantil;Teruel;Facultad de Ciencias Sociales y Humanas de Teruel;Observación en la escuela;Normal;Formación básica;98.94;96.88;97.92;96;93;94;1.00;27/09/2020
2018;Grado;Grado: Magisterio en Educación Infantil;Zaragoza;Facultad de Educación;Evaluación de contextos;Normal;Formación básica;98.21;94.02;95.73;117;110;112;1.04;27/09/2020
2018;Grado;Grado: Magisterio en Educación Infantil;Huesca;Facultad de Ciencias Humanas y de la Educación;Evaluación de contextos;Normal;Formación básica;96.88;96.12;99.22;129;124;128;1.03;27/09/2020
2018;Grado;Grado: Magisterio en Educación Infantil;Teruel;Facultad de Ciencias Sociales y Humanas de Teruel;Evaluación de contextos;Normal;Formación básica;89.22;84.26;94.44;108;91;102;1.31;27/09/2020
2018;Grado;Grado: Magisterio en Educación Infantil;Zaragoza;Facultad de Educación;Psicología del desarrollo II;Normal;Formación básica;90.10;88.35;98.06;103;91;101;1.26;27/09/2020
2018;Grado;Grado: Magisterio en Educación Infantil;Huesca;Facultad de Ciencias Humanas y de la Educación;Psicología del desarrollo II;Normal;Formación básica;86.67;85.53;98.68;76;65;75;1.08;27/09/2020
2018;Grado;Grado: Magisterio en Educación Infantil;Teruel;Facultad de Ciencias Sociales y Humanas de Teruel;Psicología del desarrollo II;Normal;Formación básica;85.71;80.60;94.03;67;54;63;1.22;27/09/2020
2018;Grado;Grado: Magisterio en Educación Infantil;Zaragoza;Facultad de Educación;Educación social e intercultural;Normal;Formación básica;98.17;93.04;94.78;115;107;109;1.14;27/09/2020
2018;Grado;Grado: Magisterio en Educación Infantil;Huesca;Facultad de Ciencias Humanas y de la Educación;Educación social e intercultural;Normal;Formación básica;54.55;44.44;81.48;163;73;133;1.60;27/09/2020
2018;Grado;Grado: Magisterio en Educación Infantil;Teruel;Facultad de Ciencias Sociales y Humanas de Teruel;Educación social e intercultural;Normal;Formación básica;80.17;77.50;96.67;120;93;116;1.75;27/09/2020
2018;Grado;Grado: Magisterio en Educación Infantil;Zaragoza;Facultad de Educación;Psicología de la educación;Normal;Formación básica;100.00;96.55;96.55;116;112;112;1.02;27/09/2020
2018;Grado;Grado: Magisterio en Educación Infantil;Huesca;Facultad de Ciencias Humanas y de la Educación;Psicología de la educación;Normal;Formación básica;90.00;85.40;94.89;137;117;130;1.41;27/09/2020
2018;Grado;Grado: Magisterio en Educación Infantil;Teruel;Facultad de Ciencias Sociales y Humanas de Teruel;Psicología de la educación;Normal;Formación básica;70.27;66.10;94.07;118;78;111;1.58;27/09/2020
2018;Grado;Grado: Magisterio en Educación Infantil;Zaragoza;Facultad de Educación;Francés en educación infantil I;Normal;Formación básica;100.00;75.00;75.00;4;3;3;1.00;27/09/2020
2018;Grado;Grado: Magisterio en Educación Infantil;Huesca;Facultad de Ciencias Humanas y de la Educación;Francés en educación infantil I;Normal;Formación básica;50.00;11.11;22.22;9;1;2;2.00;27/09/2020
2018;Grado;Grado: Magisterio en Educación Infantil;Teruel;Facultad de Ciencias Sociales y Humanas de Teruel;Francés en educación infantil I;Normal;Formación básica;100.00;77.78;77.78;9;7;7;1.57;27/09/2020
2018;Grado;Grado: Magisterio en Educación Infantil;Zaragoza;Facultad de Educación;Inglés en educación infantil I;Normal;Formación básica;89.90;85.58;95.19;104;89;99;1.17;27/09/2020
2018;Grado;Grado: Magisterio en Educación Infantil;Huesca;Facultad de Ciencias Humanas y de la Educación;Inglés en educación infantil I;Normal;Formación básica;71.57;64.04;89.47;114;73;102;1.65;27/09/2020
2018;Grado;Grado: Magisterio en Educación Infantil;Teruel;Facultad de Ciencias Sociales y Humanas de Teruel;Inglés en educación infantil I;Normal;Formación básica;61.00;52.14;85.47;117;61;100;2.26;27/09/2020
2018;Grado;Grado: Magisterio en Educación Infantil;Zaragoza;Facultad de Educación;Prevención de las dificultades de aprendizaje;Normal;Obligatoria;90.99;89.38;98.23;113;101;111;1.19;27/09/2020
2018;Grado;Grado: Magisterio en Educación Infantil;Huesca;Facultad de Ciencias Humanas y de la Educación;Prevención de las dificultades de aprendizaje;Normal;Obligatoria;93.02;85.11;91.49;141;120;129;1.55;27/09/2020
2018;Grado;Grado: Magisterio en Educación Infantil;Teruel;Facultad de Ciencias Sociales y Humanas de Teruel;Prevención de las dificultades de aprendizaje;Normal;Obligatoria;92.86;88.64;95.45;88;78;84;1.24;27/09/2020
2018;Grado;Grado: Magisterio en Educación Infantil;Zaragoza;Facultad de Educación;El maestro en la escuela infantil;Normal;Obligatoria;97.12;95.28;98.11;106;101;104;1.07;27/09/2020
2018;Grado;Grado: Magisterio en Educación Infantil;Huesca;Facultad de Ciencias Humanas y de la Educación;El maestro en la escuela infantil;Normal;Obligatoria;91.87;90.40;98.40;126;114;124;1.19;27/09/2020
2018;Grado;Grado: Magisterio en Educación Infantil;Teruel;Facultad de Ciencias Sociales y Humanas de Teruel;El maestro en la escuela infantil;Normal;Obligatoria;96.47;92.13;95.51;89;82;85;1.07;27/09/2020
2018;Grado;Grado: Magisterio en Educación Infantil;Zaragoza;Facultad de Educación;Infancia, salud y alimentación;Normal;Obligatoria;96.77;96.77;100.00;93;90;93;1.12;27/09/2020
2018;Grado;Grado: Magisterio en Educación Infantil;Huesca;Facultad de Ciencias Humanas y de la Educación;Infancia, salud y alimentación;Normal;Obligatoria;95.38;95.38;100.00;65;62;65;1.16;27/09/2020
2018;Grado;Grado: Magisterio en Educación Infantil;Teruel;Facultad de Ciencias Sociales y Humanas de Teruel;Infancia, salud y alimentación;Normal;Obligatoria;87.69;80.28;91.55;71;57;65;1.61;27/09/2020
2018;Grado;Grado: Magisterio en Educación Infantil;Zaragoza;Facultad de Educación;Literatura infantil y educación literaria;Normal;Obligatoria;94.59;92.11;97.37;114;105;111;1.13;27/09/2020
2018;Grado;Grado: Magisterio en Educación Infantil;Huesca;Facultad de Ciencias Humanas y de la Educación;Literatura infantil y educación literaria;Normal;Obligatoria;77.78;70.00;90.00;130;91;117;1.67;27/09/2020
2018;Grado;Grado: Magisterio en Educación Infantil;Teruel;Facultad de Ciencias Sociales y Humanas de Teruel;Literatura infantil y educación literaria;Normal;Obligatoria;93.98;88.64;94.32;88;78;83;1.33;27/09/2020
2018;Grado;Grado: Magisterio en Educación Infantil;Zaragoza;Facultad de Educación;Prácticas escolares I;Prácticas externas;Prácticas externas;100.00;100.00;100.00;87;87;87;1.00;27/09/2020
2018;Grado;Grado: Magisterio en Educación Infantil;Huesca;Facultad de Ciencias Humanas y de la Educación;Prácticas escolares I;Prácticas externas;Prácticas externas;100.00;100.00;100.00;68;68;68;1.00;27/09/2020
2018;Grado;Grado: Magisterio en Educación Infantil;Teruel;Facultad de Ciencias Sociales y Humanas de Teruel;Prácticas escolares I;Prácticas externas;Prácticas externas;100.00;100.00;100.00;49;49;49;1.01;27/09/2020
2018;Grado;Grado: Magisterio en Educación Infantil;Zaragoza;Facultad de Educación;Trastornos del desarrollo;Normal;Obligatoria;86.29;81.06;93.94;132;107;124;1.28;27/09/2020
2018;Grado;Grado: Magisterio en Educación Infantil;Huesca;Facultad de Ciencias Humanas y de la Educación;Trastornos del desarrollo;Normal;Obligatoria;92.00;90.55;98.43;128;116;126;1.29;27/09/2020
2018;Grado;Grado: Magisterio en Educación Infantil;Teruel;Facultad de Ciencias Sociales y Humanas de Teruel;Trastornos del desarrollo;Normal;Obligatoria;100.00;95.18;95.18;83;79;79;1.00;27/09/2020
2018;Grado;Grado: Magisterio en Educación Infantil;Zaragoza;Facultad de Educación;Las ciencias de la naturaleza en la educación infantil;Normal;Obligatoria;93.75;90.52;96.55;116;105;112;1.21;27/09/2020
2018;Grado;Grado: Magisterio en Educación Infantil;Huesca;Facultad de Ciencias Humanas y de la Educación;Las ciencias de la naturaleza en la educación infantil;Normal;Obligatoria;94.83;90.91;95.87;121;110;116;1.26;27/09/2020
2018;Grado;Grado: Magisterio en Educación Infantil;Teruel;Facultad de Ciencias Sociales y Humanas de Teruel;Las ciencias de la naturaleza en la educación infantil;Normal;Obligatoria;93.85;88.41;94.20;69;61;65;1.31;27/09/2020
2018;Grado;Grado: Magisterio en Educación Infantil;Zaragoza;Facultad de Educación;Materiales y recursos didácticos;Normal;Obligatoria;100.00;99.11;99.11;112;111;111;1.03;27/09/2020
2018;Grado;Grado: Magisterio en Educación Infantil;Huesca;Facultad de Ciencias Humanas y de la Educación;Materiales y recursos didácticos;Normal;Obligatoria;91.74;86.96;94.78;116;100;110;1.23;27/09/2020
2018;Grado;Grado: Magisterio en Educación Infantil;Teruel;Facultad de Ciencias Sociales y Humanas de Teruel;Materiales y recursos didácticos;Normal;Obligatoria;96.15;93.75;97.50;80;75;78;1.01;27/09/2020
2018;Grado;Grado: Magisterio en Educación Infantil;Zaragoza;Facultad de Educación;Didáctica de las matemáticas;Normal;Obligatoria;88.52;83.72;94.57;129;108;122;1.25;27/09/2020
2018;Grado;Grado: Magisterio en Educación Infantil;Huesca;Facultad de Ciencias Humanas y de la Educación;Didáctica de las matemáticas;Normal;Obligatoria;80.00;71.72;89.66;147;106;132;1.59;27/09/2020
2018;Grado;Grado: Magisterio en Educación Infantil;Teruel;Facultad de Ciencias Sociales y Humanas de Teruel;Didáctica de las matemáticas;Normal;Obligatoria;98.36;95.24;96.83;63;60;61;1.12;27/09/2020
2018;Grado;Grado: Magisterio en Educación Infantil;Zaragoza;Facultad de Educación;Francés en educación infantil II;Normal;Obligatoria;100.00;100.00;100.00;5;5;5;1.00;27/09/2020
2018;Grado;Grado: Magisterio en Educación Infantil;Huesca;Facultad de Ciencias Humanas y de la Educación;Francés en educación infantil II;Normal;Obligatoria;100.00;50.00;50.00;4;2;2;1.50;27/09/2020
2018;Grado;Grado: Magisterio en Educación Infantil;Teruel;Facultad de Ciencias Sociales y Humanas de Teruel;Francés en educación infantil II;Normal;Obligatoria;66.67;33.33;50.00;6;2;3;3.00;27/09/2020
2018;Grado;Grado: Magisterio en Educación Infantil;Zaragoza;Facultad de Educación;Inglés en educación infantil II;Normal;Obligatoria;78.81;72.09;91.47;129;93;118;1.43;27/09/2020
2018;Grado;Grado: Magisterio en Educación Infantil;Huesca;Facultad de Ciencias Humanas y de la Educación;Inglés en educación infantil II;Normal;Obligatoria;70.00;61.76;88.24;170;105;150;1.94;27/09/2020
2018;Grado;Grado: Magisterio en Educación Infantil;Teruel;Facultad de Ciencias Sociales y Humanas de Teruel;Inglés en educación infantil II;Normal;Obligatoria;46.90;43.59;92.95;156;68;145;2.66;27/09/2020
2018;Grado;Grado: Magisterio en Educación Infantil;Zaragoza;Facultad de Educación;La escuela de educación infantil;Normal;Obligatoria;95.33;89.47;93.86;121;109;114;1.12;27/09/2020
2018;Grado;Grado: Magisterio en Educación Infantil;Huesca;Facultad de Ciencias Humanas y de la Educación;La escuela de educación infantil;Normal;Obligatoria;96.15;94.34;98.11;109;103;107;1.14;27/09/2020
2018;Grado;Grado: Magisterio en Educación Infantil;Teruel;Facultad de Ciencias Sociales y Humanas de Teruel;La escuela de educación infantil;Normal;Obligatoria;93.59;89.02;95.12;82;73;78;1.37;27/09/2020
2018;Grado;Grado: Magisterio en Educación Infantil;Zaragoza;Facultad de Educación;Didáctica de las ciencias sociales;Normal;Obligatoria;99.07;99.07;100.00;112;111;112;1.00;27/09/2020
2018;Grado;Grado: Magisterio en Educación Infantil;Huesca;Facultad de Ciencias Humanas y de la Educación;Didáctica de las ciencias sociales;Normal;Obligatoria;78.95;77.59;98.28;119;93;117;1.57;27/09/2020
2018;Grado;Grado: Magisterio en Educación Infantil;Teruel;Facultad de Ciencias Sociales y Humanas de Teruel;Didáctica de las ciencias sociales;Normal;Obligatoria;92.42;83.56;90.41;73;61;66;1.36;27/09/2020
2018;Grado;Grado: Magisterio en Educación Infantil;Zaragoza;Facultad de Educación;Didáctica de la lengua castellana en infantil;Normal;Obligatoria;89.17;86.99;97.56;130;114;127;1.20;27/09/2020
2018;Grado;Grado: Magisterio en Educación Infantil;Huesca;Facultad de Ciencias Humanas y de la Educación;Didáctica de la lengua castellana en infantil;Normal;Obligatoria;72.97;64.29;88.10;129;84;114;1.52;27/09/2020
2018;Grado;Grado: Magisterio en Educación Infantil;Teruel;Facultad de Ciencias Sociales y Humanas de Teruel;Didáctica de la lengua castellana en infantil;Normal;Obligatoria;74.63;73.53;98.53;68;50;67;1.36;27/09/2020
2018;Grado;Grado: Magisterio en Educación Infantil;Zaragoza;Facultad de Educación;Prácticas escolares II;Prácticas externas;Prácticas externas;100.00;100.00;100.00;81;81;81;1.00;27/09/2020
2018;Grado;Grado: Magisterio en Educación Infantil;Huesca;Facultad de Ciencias Humanas y de la Educación;Prácticas escolares II;Prácticas externas;Prácticas externas;100.00;100.00;100.00;56;56;56;1.00;27/09/2020
2018;Grado;Grado: Magisterio en Educación Infantil;Teruel;Facultad de Ciencias Sociales y Humanas de Teruel;Prácticas escolares II;Prácticas externas;Prácticas externas;100.00;100.00;100.00;53;53;53;1.06;27/09/2020
2018;Movilidad de entrada;Movilidad para 1º y 2º ciclo y grado;Zaragoza;Facultad de Educación;Prácticas escolares II;Prácticas externas;Optativa;;;;6;6;6;1.00;27/09/2020
2018;Grado;Grado: Magisterio en Educación Infantil;Zaragoza;Facultad de Educación;Psicología y salud infantil;Normal;Obligatoria;98.63;98.63;100.00;77;76;77;1.04;27/09/2020
2018;Grado;Grado: Magisterio en Educación Infantil;Huesca;Facultad de Ciencias Humanas y de la Educación;Psicología y salud infantil;Normal;Obligatoria;100.00;96.36;96.36;57;55;55;1.00;27/09/2020
2018;Grado;Grado: Magisterio en Educación Infantil;Teruel;Facultad de Ciencias Sociales y Humanas de Teruel;Psicología y salud infantil;Normal;Obligatoria;100.00;98.08;98.08;52;51;51;1.00;27/09/2020
2018;Grado;Grado: Magisterio en Educación Infantil;Zaragoza;Facultad de Educación;Educación física en educación infantil;Normal;Obligatoria;99.09;98.20;99.10;115;113;114;1.16;27/09/2020
2018;Grado;Grado: Magisterio en Educación Infantil;Huesca;Facultad de Ciencias Humanas y de la Educación;Educación física en educación infantil;Normal;Obligatoria;90.20;87.62;97.14;109;96;106;1.28;27/09/2020
2018;Grado;Grado: Magisterio en Educación Infantil;Teruel;Facultad de Ciencias Sociales y Humanas de Teruel;Educación física en educación infantil;Normal;Obligatoria;94.20;92.86;98.57;70;65;69;1.26;27/09/2020
2018;Grado;Grado: Magisterio en Educación Infantil;Zaragoza;Facultad de Educación;Educación visual y plástica;Normal;Obligatoria;100.00;99.04;99.04;108;107;107;1.00;27/09/2020
2018;Grado;Grado: Magisterio en Educación Infantil;Huesca;Facultad de Ciencias Humanas y de la Educación;Educación visual y plástica;Normal;Obligatoria;97.94;96.94;98.98;101;98;100;1.10;27/09/2020
2018;Grado;Grado: Magisterio en Educación Infantil;Teruel;Facultad de Ciencias Sociales y Humanas de Teruel;Educación visual y plástica;Normal;Obligatoria;100.00;97.01;97.01;67;65;65;1.03;27/09/2020
2018;Grado;Grado: Magisterio en Educación Infantil;Zaragoza;Facultad de Educación;Desarrollo de la expresión musical;Normal;Obligatoria;99.07;98.15;99.07;112;110;111;1.01;27/09/2020
2018;Grado;Grado: Magisterio en Educación Infantil;Huesca;Facultad de Ciencias Humanas y de la Educación;Desarrollo de la expresión musical;Normal;Obligatoria;99.03;95.33;96.26;110;105;106;1.02;27/09/2020
2018;Grado;Grado: Magisterio en Educación Infantil;Teruel;Facultad de Ciencias Sociales y Humanas de Teruel;Desarrollo de la expresión musical;Normal;Obligatoria;94.81;91.25;96.25;80;73;77;1.03;27/09/2020
2018;Grado;Grado: Magisterio en Educación Infantil;Zaragoza;Facultad de Educación;Prácticas escolares III;Prácticas externas;Prácticas externas;100.00;99.18;99.18;123;122;122;1.00;27/09/2020
2018;Grado;Grado: Magisterio en Educación Infantil;Huesca;Facultad de Ciencias Humanas y de la Educación;Prácticas escolares III;Prácticas externas;Prácticas externas;100.00;100.00;100.00;104;104;104;1.00;27/09/2020
2018;Grado;Grado: Magisterio en Educación Infantil;Teruel;Facultad de Ciencias Sociales y Humanas de Teruel;Prácticas escolares III;Prácticas externas;Prácticas externas;100.00;98.63;98.63;82;81;81;1.04;27/09/2020
2018;Grado;Grado: Magisterio en Educación Infantil;Zaragoza;Facultad de Educación;Trabajo fin de Grado;Trabajo fin de grado;Trabajo fin de Grado;100.00;77.64;77.64;161;125;125;1.00;27/09/2020
2018;Grado;Grado: Magisterio en Educación Infantil;Huesca;Facultad de Ciencias Humanas y de la Educación;Trabajo fin de Grado;Trabajo fin de grado;Trabajo fin de Grado;98.95;62.67;63.33;150;94;95;1.00;27/09/2020
2018;Grado;Grado: Magisterio en Educación Infantil;Teruel;Facultad de Ciencias Sociales y Humanas de Teruel;Trabajo fin de Grado;Trabajo fin de grado;Trabajo fin de Grado;100.00;66.10;66.10;120;80;80;1.00;27/09/2020
2018;Grado;Grado: Magisterio en Educación Infantil;Zaragoza;Facultad de Educación;Atención temprana;Normal;Optativa;100.00;98.53;98.53;73;72;72;1.07;27/09/2020
2018;Grado;Grado: Magisterio en Educación Infantil;Huesca;Facultad de Ciencias Humanas y de la Educación;Atención temprana;Normal;Optativa;98.65;98.65;100.00;78;77;78;1.06;27/09/2020
2018;Grado;Grado: Magisterio en Educación Infantil;Teruel;Facultad de Ciencias Sociales y Humanas de Teruel;Atención temprana;Normal;Optativa;100.00;100.00;100.00;63;63;63;1.06;27/09/2020
2018;Grado;Grado: Magisterio en Educación Infantil;Zaragoza;Facultad de Educación;Innovación en la escuela inclusiva;Normal;Optativa;100.00;98.77;98.77;86;85;85;1.01;27/09/2020
2018;Grado;Grado: Magisterio en Educación Infantil;Huesca;Facultad de Ciencias Humanas y de la Educación;Innovación en la escuela inclusiva;Normal;Optativa;98.57;95.83;97.22;76;73;74;1.08;27/09/2020
2018;Grado;Grado: Magisterio en Educación Infantil;Teruel;Facultad de Ciencias Sociales y Humanas de Teruel;Innovación en la escuela inclusiva;Normal;Optativa;100.00;100.00;100.00;49;48;48;1.16;27/09/2020
2018;Grado;Grado: Magisterio en Educación Infantil;Zaragoza;Facultad de Educación;Respuestas educativas a necesidades específicas;Normal;Optativa;93.51;88.89;95.06;86;77;82;1.21;27/09/2020
2018;Grado;Grado: Magisterio en Educación Infantil;Huesca;Facultad de Ciencias Humanas y de la Educación;Respuestas educativas a necesidades específicas;Normal;Optativa;95.24;95.24;100.00;46;44;46;1.13;27/09/2020
2018;Grado;Grado: Magisterio en Educación Infantil;Teruel;Facultad de Ciencias Sociales y Humanas de Teruel;Respuestas educativas a necesidades específicas;Normal;Optativa;100.00;100.00;100.00;64;64;64;1.09;27/09/2020
2018;Grado;Grado: Magisterio en Educación Infantil;Zaragoza;Facultad de Educación;Prácticas escolares en atención a la diversidad;Prácticas externas;Prácticas externas;100.00;100.00;100.00;84;84;84;1.00;27/09/2020
2018;Grado;Grado: Magisterio en Educación Infantil;Huesca;Facultad de Ciencias Humanas y de la Educación;Prácticas escolares en atención a la diversidad;Prácticas externas;Prácticas externas;100.00;100.00;100.00;79;79;79;1.00;27/09/2020
2018;Grado;Grado: Magisterio en Educación Infantil;Teruel;Facultad de Ciencias Sociales y Humanas de Teruel;Prácticas escolares en atención a la diversidad;Prácticas externas;Prácticas externas;100.00;100.00;100.00;68;68;68;1.00;27/09/2020
2018;Grado;Grado: Magisterio en Educación Infantil;Zaragoza;Facultad de Educación;Content and language integrated learning (CLIL);Normal;Optativa;100.00;100.00;100.00;36;36;36;1.03;27/09/2020
2018;Grado;Grado: Magisterio en Educación Infantil;Huesca;Facultad de Ciencias Humanas y de la Educación;Content and language integrated learning (CLIL);Normal;Optativa;100.00;100.00;100.00;13;13;13;1.00;27/09/2020
2018;Grado;Grado: Magisterio en Educación Infantil;Teruel;Facultad de Ciencias Sociales y Humanas de Teruel;Content and language integrated learning (CLIL);Normal;Optativa;85.71;66.67;77.78;11;8;9;1.50;27/09/2020
2018;Grado;Grado: Magisterio en Educación Infantil;Zaragoza;Facultad de Educación;Language and communication in the bilingual classroom;Normal;Optativa;100.00;96.30;96.30;37;36;36;1.00;27/09/2020
2018;Grado;Grado: Magisterio en Educación Infantil;Huesca;Facultad de Ciencias Humanas y de la Educación;Language and communication in the bilingual classroom;Normal;Optativa;100.00;100.00;100.00;14;14;14;1.21;27/09/2020
2018;Grado;Grado: Magisterio en Educación Infantil;Teruel;Facultad de Ciencias Sociales y Humanas de Teruel;Language and communication in the bilingual classroom;Normal;Optativa;88.89;88.89;100.00;11;10;11;1.00;27/09/2020
2018;Grado;Grado: Magisterio en Educación Infantil;Zaragoza;Facultad de Educación;Prácticas escolares en educación bilingüe;Prácticas externas;Prácticas externas;100.00;100.00;100.00;41;41;41;1.00;27/09/2020
2018;Grado;Grado: Magisterio en Educación Infantil;Huesca;Facultad de Ciencias Humanas y de la Educación;Prácticas escolares en educación bilingüe;Prácticas externas;Prácticas externas;100.00;100.00;100.00;21;21;21;1.00;27/09/2020
2018;Grado;Grado: Magisterio en Educación Infantil;Teruel;Facultad de Ciencias Sociales y Humanas de Teruel;Prácticas escolares en educación bilingüe;Prácticas externas;Prácticas externas;100.00;90.00;90.00;12;11;11;1.00;27/09/2020
2018;Grado;Grado: Magisterio en Educación Infantil;Zaragoza;Facultad de Educación;Learning and teaching EFL;Normal;Optativa;100.00;100.00;100.00;36;36;36;1.00;27/09/2020
2018;Grado;Grado: Magisterio en Educación Infantil;Huesca;Facultad de Ciencias Humanas y de la Educación;Learning and teaching EFL;Normal;Optativa;95.45;91.30;95.65;23;21;22;1.33;27/09/2020
2018;Grado;Grado: Magisterio en Educación Infantil;Teruel;Facultad de Ciencias Sociales y Humanas de Teruel;Learning and teaching EFL;Normal;Optativa;100.00;100.00;100.00;10;10;10;1.00;27/09/2020
2018;Grado;Grado: Magisterio en Educación Infantil;Zaragoza;Facultad de Educación;Resources for EFL in infant school;Normal;Optativa;100.00;96.77;96.77;41;40;40;1.00;27/09/2020
2018;Grado;Grado: Magisterio en Educación Infantil;Huesca;Facultad de Ciencias Humanas y de la Educación;Resources for EFL in infant school;Normal;Optativa;100.00;91.30;91.30;23;21;21;1.27;27/09/2020
2018;Grado;Grado: Magisterio en Educación Infantil;Teruel;Facultad de Ciencias Sociales y Humanas de Teruel;Resources for EFL in infant school;Normal;Optativa;100.00;100.00;100.00;12;12;12;1.08;27/09/2020
2018;Grado;Grado: Magisterio en Educación Infantil;Zaragoza;Facultad de Educación;Religión;Normal;Optativa;100.00;94.29;94.29;70;66;66;1.00;27/09/2020
2018;Grado;Grado: Magisterio en Educación Infantil;Huesca;Facultad de Ciencias Humanas y de la Educación;Religión;Normal;Optativa;100.00;98.80;98.80;84;83;83;1.00;27/09/2020
2018;Grado;Grado: Magisterio en Educación Infantil;Teruel;Facultad de Ciencias Sociales y Humanas de Teruel;Religión;Normal;Optativa;100.00;100.00;100.00;56;56;56;1.00;27/09/2020
2018;Grado;Grado: Magisterio en Educación Infantil;Zaragoza;Facultad de Educación;Psicopatología infantil;Normal;Optativa;100.00;100.00;100.00;84;84;84;1.04;27/09/2020
2018;Grado;Grado: Magisterio en Educación Infantil;Huesca;Facultad de Ciencias Humanas y de la Educación;Psicopatología infantil;Normal;Optativa;97.33;96.05;98.68;79;76;78;1.09;27/09/2020
2018;Grado;Grado: Magisterio en Educación Infantil;Teruel;Facultad de Ciencias Sociales y Humanas de Teruel;Psicopatología infantil;Normal;Optativa;100.00;100.00;100.00;62;62;62;1.00;27/09/2020
2018;Grado;Grado: Magisterio en Educación Infantil;Zaragoza;Facultad de Educación;Trastornos del lenguaje y la comunicación;Normal;Optativa;95.35;91.11;95.56;50;46;48;1.19;27/09/2020
2018;Grado;Grado: Magisterio en Educación Infantil;Huesca;Facultad de Ciencias Humanas y de la Educación;Trastornos del lenguaje y la comunicación;Normal;Optativa;97.37;97.37;100.00;80;78;80;1.18;27/09/2020
2018;Grado;Grado: Magisterio en Educación Infantil;Teruel;Facultad de Ciencias Sociales y Humanas de Teruel;Trastornos del lenguaje y la comunicación;Normal;Optativa;87.30;87.30;100.00;66;58;66;1.19;27/09/2020
2018;Grado;Grado: Magisterio en Educación Infantil;Zaragoza;Facultad de Educación;English in infant education III;Normal;Optativa;100.00;97.06;97.06;44;43;43;1.33;27/09/2020
2018;Grado;Grado: Magisterio en Educación Infantil;Huesca;Facultad de Ciencias Humanas y de la Educación;English in infant education III;Normal;Optativa;88.24;88.24;100.00;17;15;17;1.87;27/09/2020
2018;Grado;Grado: Magisterio en Educación Infantil;Teruel;Facultad de Ciencias Sociales y Humanas de Teruel;English in infant education III;Normal;Optativa;88.89;88.89;100.00;12;11;12;1.82;27/09/2020
2018;Grado;Grado: Magisterio en Educación Primaria;Zaragoza;Facultad de Educación;Psicología de la educación;Normal;Formación básica;95.42;92.71;97.17;247;229;240;1.18;27/09/2020
2018;Grado;Grado: Magisterio en Educación Primaria;Huesca;Facultad de Ciencias Humanas y de la Educación;Psicología de la educación;Normal;Formación básica;96.92;96.18;99.24;131;126;130;1.09;27/09/2020
2018;Grado;Grado: Magisterio en Educación Primaria;Teruel;Facultad de Ciencias Sociales y Humanas de Teruel;Psicología de la educación;Normal;Formación básica;70.80;69.57;98.26;115;80;113;1.27;27/09/2020
2018;Grado;Grado: Magisterio en Educación Primaria;Zaragoza;Facultad de Educación;Currículo en contextos diversos;Normal;Formación básica;73.65;69.86;94.86;292;204;277;1.51;27/09/2020
2018;Grado;Grado: Magisterio en Educación Primaria;Huesca;Facultad de Ciencias Humanas y de la Educación;Currículo en contextos diversos;Normal;Formación básica;99.18;95.28;96.06;127;121;122;1.12;27/09/2020
2018;Grado;Grado: Magisterio en Educación Primaria;Teruel;Facultad de Ciencias Sociales y Humanas de Teruel;Currículo en contextos diversos;Normal;Formación básica;86.23;78.29;90.79;152;119;138;1.75;27/09/2020
2018;Grado;Grado: Magisterio en Educación Primaria;Zaragoza;Facultad de Educación;Educación social e intercultural;Normal;Formación básica;97.52;89.73;92.02;263;236;242;1.19;27/09/2020
2018;Grado;Grado: Magisterio en Educación Primaria;Huesca;Facultad de Ciencias Humanas y de la Educación;Educación social e intercultural;Normal;Formación básica;89.36;80.77;90.38;156;126;141;1.46;27/09/2020
2018;Grado;Grado: Magisterio en Educación Primaria;Teruel;Facultad de Ciencias Sociales y Humanas de Teruel;Educación social e intercultural;Normal;Formación básica;85.09;77.60;91.20;125;97;114;1.54;27/09/2020
2018;Grado;Grado: Magisterio en Educación Primaria;Zaragoza;Facultad de Educación;La escuela como espacio educativo;Normal;Formación básica;87.65;82.24;93.82;259;213;243;1.31;27/09/2020
2018;Grado;Grado: Magisterio en Educación Primaria;Huesca;Facultad de Ciencias Humanas y de la Educación;La escuela como espacio educativo;Normal;Formación básica;76.12;71.83;94.37;142;102;134;1.75;27/09/2020
2018;Grado;Grado: Magisterio en Educación Primaria;Teruel;Facultad de Ciencias Sociales y Humanas de Teruel;La escuela como espacio educativo;Normal;Formación básica;73.95;68.75;92.97;128;88;119;1.52;27/09/2020
2018;Grado;Grado: Magisterio en Educación Primaria;Zaragoza;Facultad de Educación;Maestro y relación educativa;Normal;Formación básica;87.12;81.85;93.95;281;230;264;1.42;27/09/2020
2018;Grado;Grado: Magisterio en Educación Primaria;Huesca;Facultad de Ciencias Humanas y de la Educación;Maestro y relación educativa;Normal;Formación básica;97.66;93.98;96.24;133;125;128;1.09;27/09/2020
2018;Grado;Grado: Magisterio en Educación Primaria;Teruel;Facultad de Ciencias Sociales y Humanas de Teruel;Maestro y relación educativa;Normal;Formación básica;100.00;93.97;93.97;116;109;109;1.08;27/09/2020
2018;Grado;Grado: Magisterio en Educación Primaria;Zaragoza;Facultad de Educación;La educación en la sociedad del conocimiento;Normal;Formación básica;99.14;92.40;93.20;250;231;233;1.06;27/09/2020
2018;Grado;Grado: Magisterio en Educación Primaria;Huesca;Facultad de Ciencias Humanas y de la Educación;La educación en la sociedad del conocimiento;Normal;Formación básica;95.90;88.64;92.42;132;117;122;1.14;27/09/2020
2018;Grado;Grado: Magisterio en Educación Primaria;Teruel;Facultad de Ciencias Sociales y Humanas de Teruel;La educación en la sociedad del conocimiento;Normal;Formación básica;99.05;92.04;92.92;113;104;105;1.03;27/09/2020
2018;Grado;Grado: Magisterio en Educación Primaria;Zaragoza;Facultad de Educación;Psicología del desarrollo;Normal;Formación básica;97.00;92.62;95.49;244;226;233;1.16;27/09/2020
2018;Grado;Grado: Magisterio en Educación Primaria;Huesca;Facultad de Ciencias Humanas y de la Educación;Psicología del desarrollo;Normal;Formación básica;98.35;95.20;96.80;125;119;121;1.01;27/09/2020
2018;Grado;Grado: Magisterio en Educación Primaria;Teruel;Facultad de Ciencias Sociales y Humanas de Teruel;Psicología del desarrollo;Normal;Formación básica;93.33;86.73;92.92;113;98;105;1.14;27/09/2020
2018;Grado;Grado: Magisterio en Educación Primaria;Zaragoza;Facultad de Educación;Sociología y psicología social de la educación;Normal;Formación básica;97.39;94.51;97.05;237;224;230;1.12;27/09/2020
2018;Grado;Grado: Magisterio en Educación Primaria;Huesca;Facultad de Ciencias Humanas y de la Educación;Sociología y psicología social de la educación;Normal;Formación básica;99.20;94.66;95.42;131;124;125;1.44;27/09/2020
2018;Grado;Grado: Magisterio en Educación Primaria;Teruel;Facultad de Ciencias Sociales y Humanas de Teruel;Sociología y psicología social de la educación;Normal;Formación básica;84.68;83.19;98.23;113;94;111;1.23;27/09/2020
2018;Grado;Grado: Magisterio en Educación Primaria;Zaragoza;Facultad de Educación;Lengua castellana;Normal;Formación básica;88.51;83.87;94.76;248;208;235;1.22;27/09/2020
2018;Grado;Grado: Magisterio en Educación Primaria;Huesca;Facultad de Ciencias Humanas y de la Educación;Lengua castellana;Normal;Formación básica;85.50;76.19;89.12;147;112;131;1.21;27/09/2020
2018;Grado;Grado: Magisterio en Educación Primaria;Teruel;Facultad de Ciencias Sociales y Humanas de Teruel;Lengua castellana;Normal;Formación básica;90.18;86.32;95.73;117;101;112;1.14;27/09/2020
2018;Grado;Grado: Magisterio en Educación Primaria;Zaragoza;Facultad de Educación;Francés en educación primaria I;Normal;Formación básica;100.00;78.95;78.95;19;15;15;1.05;27/09/2020
2018;Grado;Grado: Magisterio en Educación Primaria;Huesca;Facultad de Ciencias Humanas y de la Educación;Francés en educación primaria I;Normal;Formación básica;73.33;61.11;83.33;18;11;15;1.14;27/09/2020
2018;Grado;Grado: Magisterio en Educación Primaria;Teruel;Facultad de Ciencias Sociales y Humanas de Teruel;Francés en educación primaria I;Normal;Formación básica;75.00;42.86;57.14;7;3;4;1.67;27/09/2020
2018;Grado;Grado: Magisterio en Educación Primaria;Zaragoza;Facultad de Educación;Inglés en educación primaria I;Normal;Formación básica;86.75;79.61;91.76;255;203;234;1.42;27/09/2020
2018;Grado;Grado: Magisterio en Educación Primaria;Huesca;Facultad de Ciencias Humanas y de la Educación;Inglés en educación primaria I;Normal;Formación básica;78.43;67.04;85.47;180;121;154;1.94;27/09/2020
2018;Grado;Grado: Magisterio en Educación Primaria;Teruel;Facultad de Ciencias Sociales y Humanas de Teruel;Inglés en educación primaria I;Normal;Formación básica;67.89;59.45;87.56;217;129;190;3.00;27/09/2020
2018;Grado;Grado: Magisterio en Educación Primaria;Zaragoza;Facultad de Educación;Procesos evolutivos y diversidad;Normal;Obligatoria;94.19;91.16;96.79;249;227;241;1.20;27/09/2020
2018;Grado;Grado: Magisterio en Educación Primaria;Huesca;Facultad de Ciencias Humanas y de la Educación;Procesos evolutivos y diversidad;Normal;Obligatoria;82.26;80.31;97.64;127;102;124;1.40;27/09/2020
2018;Grado;Grado: Magisterio en Educación Primaria;Teruel;Facultad de Ciencias Sociales y Humanas de Teruel;Procesos evolutivos y diversidad;Normal;Obligatoria;64.94;63.29;97.47;79;50;77;1.33;27/09/2020
2018;Grado;Grado: Magisterio en Educación Primaria;Zaragoza;Facultad de Educación;Educación visual y plástica;Normal;Obligatoria;97.45;96.22;98.74;238;229;235;1.03;27/09/2020
2018;Grado;Grado: Magisterio en Educación Primaria;Huesca;Facultad de Ciencias Humanas y de la Educación;Educación visual y plástica;Normal;Obligatoria;99.09;95.61;96.49;114;109;110;1.12;27/09/2020
2018;Grado;Grado: Magisterio en Educación Primaria;Teruel;Facultad de Ciencias Sociales y Humanas de Teruel;Educación visual y plástica;Normal;Obligatoria;100.00;96.00;96.00;75;72;72;1.08;27/09/2020
2018;Grado;Grado: Magisterio en Educación Primaria;Zaragoza;Facultad de Educación;Fundamentos de literatura española;Normal;Obligatoria;95.83;92.74;96.77;248;230;240;1.26;27/09/2020
2018;Grado;Grado: Magisterio en Educación Primaria;Huesca;Facultad de Ciencias Humanas y de la Educación;Fundamentos de literatura española;Normal;Obligatoria;98.26;91.87;93.50;123;113;115;1.08;27/09/2020
2018;Grado;Grado: Magisterio en Educación Primaria;Teruel;Facultad de Ciencias Sociales y Humanas de Teruel;Fundamentos de literatura española;Normal;Obligatoria;92.77;89.53;96.51;86;77;83;1.46;27/09/2020
2018;Grado;Grado: Magisterio en Educación Primaria;Zaragoza;Facultad de Educación;Didáctica del medio físico y químico;Normal;Obligatoria;97.53;95.18;97.59;249;237;243;1.19;27/09/2020
2018;Grado;Grado: Magisterio en Educación Primaria;Huesca;Facultad de Ciencias Humanas y de la Educación;Didáctica del medio físico y químico;Normal;Obligatoria;73.05;65.19;89.24;159;103;142;1.85;27/09/2020
2018;Grado;Grado: Magisterio en Educación Primaria;Teruel;Facultad de Ciencias Sociales y Humanas de Teruel;Didáctica del medio físico y químico;Normal;Obligatoria;75.00;72.22;96.30;108;78;104;2.12;27/09/2020
2018;Grado;Grado: Magisterio en Educación Primaria;Zaragoza;Facultad de Educación;Prácticas escolares I;Prácticas externas;Prácticas externas;99.12;98.68;99.56;227;224;226;1.01;27/09/2020
2018;Grado;Grado: Magisterio en Educación Primaria;Huesca;Facultad de Ciencias Humanas y de la Educación;Prácticas escolares I;Prácticas externas;Prácticas externas;100.00;99.04;99.04;104;103;103;1.01;27/09/2020
2018;Grado;Grado: Magisterio en Educación Primaria;Teruel;Facultad de Ciencias Sociales y Humanas de Teruel;Prácticas escolares I;Prácticas externas;Prácticas externas;100.00;93.24;93.24;74;69;69;1.04;27/09/2020
2018;Movilidad de entrada;Movilidad para 1º y 2º ciclo y grado;Zaragoza;Facultad de Educación;Prácticas escolares I;Prácticas externas;Optativa;;;;1;0;0;;27/09/2020
2018;Grado;Grado: Magisterio en Educación Primaria;Zaragoza;Facultad de Educación;Atención a la diversidad;Normal;Obligatoria;93.57;89.96;96.14;259;233;249;1.23;27/09/2020
2018;Grado;Grado: Magisterio en Educación Primaria;Huesca;Facultad de Ciencias Humanas y de la Educación;Atención a la diversidad;Normal;Obligatoria;87.38;76.92;88.03;117;90;103;1.20;27/09/2020
2018;Grado;Grado: Magisterio en Educación Primaria;Teruel;Facultad de Ciencias Sociales y Humanas de Teruel;Atención a la diversidad;Normal;Obligatoria;97.01;92.86;95.71;70;65;67;1.09;27/09/2020
2018;Grado;Grado: Magisterio en Educación Primaria;Zaragoza;Facultad de Educación;Literatura infantil y juvenil;Normal;Obligatoria;99.58;93.00;93.39;257;239;240;1.09;27/09/2020
2018;Grado;Grado: Magisterio en Educación Primaria;Huesca;Facultad de Ciencias Humanas y de la Educación;Literatura infantil y juvenil;Normal;Obligatoria;78.15;67.39;86.23;138;93;119;1.38;27/09/2020
2018;Grado;Grado: Magisterio en Educación Primaria;Teruel;Facultad de Ciencias Sociales y Humanas de Teruel;Literatura infantil y juvenil;Normal;Obligatoria;90.53;84.31;93.14;102;86;95;1.57;27/09/2020
2018;Grado;Grado: Magisterio en Educación Primaria;Zaragoza;Facultad de Educación;Didáctica de las ciencias sociales I;Normal;Obligatoria;94.92;92.56;97.52;242;224;236;1.17;27/09/2020
2018;Grado;Grado: Magisterio en Educación Primaria;Huesca;Facultad de Ciencias Humanas y de la Educación;Didáctica de las ciencias sociales I;Normal;Obligatoria;95.00;84.82;89.29;112;95;100;1.16;27/09/2020
2018;Grado;Grado: Magisterio en Educación Primaria;Teruel;Facultad de Ciencias Sociales y Humanas de Teruel;Didáctica de las ciencias sociales I;Normal;Obligatoria;92.75;74.42;80.23;86;64;69;1.28;27/09/2020
2018;Grado;Grado: Magisterio en Educación Primaria;Zaragoza;Facultad de Educación;Didáctica de la aritmética I;Normal;Obligatoria;84.25;77.26;91.70;277;214;254;1.33;27/09/2020
2018;Grado;Grado: Magisterio en Educación Primaria;Huesca;Facultad de Ciencias Humanas y de la Educación;Didáctica de la aritmética I;Normal;Obligatoria;80.99;70.55;87.12;164;116;143;1.87;27/09/2020
2018;Grado;Grado: Magisterio en Educación Primaria;Teruel;Facultad de Ciencias Sociales y Humanas de Teruel;Didáctica de la aritmética I;Normal;Obligatoria;73.61;63.86;86.75;83;53;72;1.30;27/09/2020
2018;Grado;Grado: Magisterio en Educación Primaria;Zaragoza;Facultad de Educación;Francés en educación primaria II;Normal;Obligatoria;100.00;94.12;94.12;17;16;16;1.13;27/09/2020
2018;Grado;Grado: Magisterio en Educación Primaria;Huesca;Facultad de Ciencias Humanas y de la Educación;Francés en educación primaria II;Normal;Obligatoria;92.31;75.00;81.25;16;12;13;1.15;27/09/2020
2018;Grado;Grado: Magisterio en Educación Primaria;Teruel;Facultad de Ciencias Sociales y Humanas de Teruel;Francés en educación primaria II;Normal;Obligatoria;100.00;77.78;77.78;9;7;7;1.00;27/09/2020
2018;Grado;Grado: Magisterio en Educación Primaria;Zaragoza;Facultad de Educación;Inglés en educación primaria II;Normal;Obligatoria;76.71;72.08;93.96;265;191;249;1.54;27/09/2020
2018;Grado;Grado: Magisterio en Educación Primaria;Huesca;Facultad de Ciencias Humanas y de la Educación;Inglés en educación primaria II;Normal;Obligatoria;81.30;70.42;86.62;145;102;126;1.67;27/09/2020
2018;Grado;Grado: Magisterio en Educación Primaria;Teruel;Facultad de Ciencias Sociales y Humanas de Teruel;Inglés en educación primaria II;Normal;Obligatoria;65.57;59.70;91.04;134;80;122;2.48;27/09/2020
2018;Grado;Grado: Magisterio en Educación Primaria;Zaragoza;Facultad de Educación;Educación física en educación primaria;Normal;Obligatoria;87.04;84.68;97.30;234;200;228;1.19;27/09/2020
2018;Grado;Grado: Magisterio en Educación Primaria;Huesca;Facultad de Ciencias Humanas y de la Educación;Educación física en educación primaria;Normal;Obligatoria;78.15;70.99;90.84;143;105;131;1.94;27/09/2020
2018;Grado;Grado: Magisterio en Educación Primaria;Teruel;Facultad de Ciencias Sociales y Humanas de Teruel;Educación física en educación primaria;Normal;Obligatoria;97.18;87.34;89.87;81;71;73;1.27;27/09/2020
2018;Grado;Grado: Magisterio en Educación Primaria;Zaragoza;Facultad de Educación;Didáctica de la lengua castellana en primaria;Normal;Obligatoria;99.07;95.09;95.98;237;226;228;1.17;27/09/2020
2018;Grado;Grado: Magisterio en Educación Primaria;Huesca;Facultad de Ciencias Humanas y de la Educación;Didáctica de la lengua castellana en primaria;Normal;Obligatoria;82.61;69.85;84.56;144;102;123;1.82;27/09/2020
2018;Grado;Grado: Magisterio en Educación Primaria;Teruel;Facultad de Ciencias Sociales y Humanas de Teruel;Didáctica de la lengua castellana en primaria;Normal;Obligatoria;65.85;65.85;100.00;83;55;83;1.68;27/09/2020
2018;Grado;Grado: Magisterio en Educación Primaria;Zaragoza;Facultad de Educación;Didáctica de la aritmética II;Normal;Obligatoria;85.66;81.64;95.31;269;222;257;1.32;27/09/2020
2018;Grado;Grado: Magisterio en Educación Primaria;Huesca;Facultad de Ciencias Humanas y de la Educación;Didáctica de la aritmética II;Normal;Obligatoria;78.18;72.27;92.44;128;94;119;1.43;27/09/2020
2018;Grado;Grado: Magisterio en Educación Primaria;Teruel;Facultad de Ciencias Sociales y Humanas de Teruel;Didáctica de la aritmética II;Normal;Obligatoria;94.94;92.59;97.53;82;75;80;1.20;27/09/2020
2018;Grado;Grado: Magisterio en Educación Primaria;Zaragoza;Facultad de Educación;Prácticas escolares II;Prácticas externas;Prácticas externas;100.00;100.00;100.00;223;223;223;1.00;27/09/2020
2018;Grado;Grado: Magisterio en Educación Primaria;Huesca;Facultad de Ciencias Humanas y de la Educación;Prácticas escolares II;Prácticas externas;Prácticas externas;98.95;96.91;97.94;105;102;103;1.01;27/09/2020
2018;Grado;Grado: Magisterio en Educación Primaria;Teruel;Facultad de Ciencias Sociales y Humanas de Teruel;Prácticas escolares II;Prácticas externas;Prácticas externas;100.00;100.00;100.00;71;71;71;1.03;27/09/2020
2018;Grado;Grado: Magisterio en Educación Primaria;Zaragoza;Facultad de Educación;Fundamentos de educación musical;Normal;Obligatoria;99.54;95.98;96.43;233;224;225;1.10;27/09/2020
2018;Grado;Grado: Magisterio en Educación Primaria;Huesca;Facultad de Ciencias Humanas y de la Educación;Fundamentos de educación musical;Normal;Obligatoria;97.89;92.08;94.06;114;106;108;1.02;27/09/2020
2018;Grado;Grado: Magisterio en Educación Primaria;Teruel;Facultad de Ciencias Sociales y Humanas de Teruel;Fundamentos de educación musical;Normal;Obligatoria;94.67;88.75;93.75;81;72;76;1.07;27/09/2020
2018;Grado;Grado: Magisterio en Educación Primaria;Zaragoza;Facultad de Educación;Didáctica de la geometría;Normal;Obligatoria;87.07;79.53;91.34;263;211;241;1.32;27/09/2020
2018;Grado;Grado: Magisterio en Educación Primaria;Huesca;Facultad de Ciencias Humanas y de la Educación;Didáctica de la geometría;Normal;Obligatoria;77.61;68.87;88.74;167;120;150;1.58;27/09/2020
2018;Grado;Grado: Magisterio en Educación Primaria;Teruel;Facultad de Ciencias Sociales y Humanas de Teruel;Didáctica de la geometría;Normal;Obligatoria;82.72;76.14;92.05;89;68;82;1.57;27/09/2020
2018;Grado;Grado: Magisterio en Educación Primaria;Zaragoza;Facultad de Educación;Didáctica de las ciencias sociales II;Normal;Obligatoria;98.21;95.22;96.96;239;228;232;1.11;27/09/2020
2018;Grado;Grado: Magisterio en Educación Primaria;Huesca;Facultad de Ciencias Humanas y de la Educación;Didáctica de las ciencias sociales II;Normal;Obligatoria;93.81;85.85;91.51;121;106;112;1.16;27/09/2020
2018;Grado;Grado: Magisterio en Educación Primaria;Teruel;Facultad de Ciencias Sociales y Humanas de Teruel;Didáctica de las ciencias sociales II;Normal;Obligatoria;91.89;88.31;96.10;78;69;75;1.23;27/09/2020
2018;Grado;Grado: Magisterio en Educación Primaria;Zaragoza;Facultad de Educación;Didáctica del medio biológico y geológico;Normal;Obligatoria;88.09;84.15;95.53;255;215;243;1.23;27/09/2020
2018;Grado;Grado: Magisterio en Educación Primaria;Huesca;Facultad de Ciencias Humanas y de la Educación;Didáctica del medio biológico y geológico;Normal;Obligatoria;83.50;77.48;92.79;126;100;118;1.51;27/09/2020
2018;Grado;Grado: Magisterio en Educación Primaria;Teruel;Facultad de Ciencias Sociales y Humanas de Teruel;Didáctica del medio biológico y geológico;Normal;Obligatoria;97.40;92.59;95.06;83;77;79;1.31;27/09/2020
2018;Grado;Grado: Magisterio en Educación Primaria;Zaragoza;Facultad de Educación;Prácticas escolares III;Prácticas externas;Prácticas externas;100.00;98.88;98.88;201;199;199;1.00;27/09/2020
2018;Grado;Grado: Magisterio en Educación Primaria;Huesca;Facultad de Ciencias Humanas y de la Educación;Prácticas escolares III;Prácticas externas;Prácticas externas;100.00;96.88;96.88;99;96;96;1.00;27/09/2020
2018;Grado;Grado: Magisterio en Educación Primaria;Teruel;Facultad de Ciencias Sociales y Humanas de Teruel;Prácticas escolares III;Prácticas externas;Prácticas externas;100.00;96.83;96.83;65;63;63;1.00;27/09/2020
2018;Grado;Grado: Magisterio en Educación Primaria;Zaragoza;Facultad de Educación;Trabajo fin de Grado;Trabajo fin de grado;Trabajo fin de Grado;99.55;65.68;65.98;338;222;223;1.00;27/09/2020
2018;Grado;Grado: Magisterio en Educación Primaria;Huesca;Facultad de Ciencias Humanas y de la Educación;Trabajo fin de Grado;Trabajo fin de grado;Trabajo fin de Grado;100.00;68.71;68.71;163;112;112;1.01;27/09/2020
2018;Grado;Grado: Magisterio en Educación Primaria;Teruel;Facultad de Ciencias Sociales y Humanas de Teruel;Trabajo fin de Grado;Trabajo fin de grado;Trabajo fin de Grado;100.00;70.64;70.64;109;77;77;1.01;27/09/2020
2018;Grado;Grado: Magisterio en Educación Primaria;Zaragoza;Facultad de Educación;Atención temprana;Normal;Optativa;93.94;92.54;98.51;73;68;72;1.07;27/09/2020
2018;Grado;Grado: Magisterio en Educación Primaria;Huesca;Facultad de Ciencias Humanas y de la Educación;Atención temprana;Normal;Optativa;100.00;95.83;95.83;51;49;49;1.00;27/09/2020
2018;Grado;Grado: Magisterio en Educación Primaria;Teruel;Facultad de Ciencias Sociales y Humanas de Teruel;Atención temprana;Normal;Optativa;100.00;91.67;91.67;36;33;33;1.06;27/09/2020
2018;Grado;Grado: Magisterio en Educación Primaria;Zaragoza;Facultad de Educación;Didáctica de la lengua en la diversidad;Normal;Optativa;100.00;100.00;100.00;8;7;7;1.00;27/09/2020
2018;Grado;Grado: Magisterio en Educación Primaria;Huesca;Facultad de Ciencias Humanas y de la Educación;Didáctica de la lengua en la diversidad;Normal;Optativa;100.00;96.97;96.97;33;32;32;1.00;27/09/2020
2018;Grado;Grado: Magisterio en Educación Primaria;Zaragoza;Facultad de Educación;Dificultades de aprendizaje en matemáticas;Normal;Optativa;100.00;100.00;100.00;41;41;41;1.05;27/09/2020
2018;Grado;Grado: Magisterio en Educación Primaria;Zaragoza;Facultad de Educación;Innovación en la escuela inclusiva;Normal;Optativa;95.24;83.33;87.50;29;25;26;1.15;27/09/2020
2018;Grado;Grado: Magisterio en Educación Primaria;Huesca;Facultad de Ciencias Humanas y de la Educación;Innovación en la escuela inclusiva;Normal;Optativa;100.00;100.00;100.00;11;11;11;1.08;27/09/2020
2018;Grado;Grado: Magisterio en Educación Primaria;Teruel;Facultad de Ciencias Sociales y Humanas de Teruel;Innovación en la escuela inclusiva;Normal;Optativa;96.30;96.30;100.00;27;26;27;1.04;27/09/2020
2018;Grado;Grado: Magisterio en Educación Primaria;Zaragoza;Facultad de Educación;Psicopatología infantil y juvenil;Normal;Optativa;100.00;98.00;98.00;55;54;54;1.09;27/09/2020
2018;Grado;Grado: Magisterio en Educación Primaria;Huesca;Facultad de Ciencias Humanas y de la Educación;Psicopatología infantil y juvenil;Normal;Optativa;100.00;100.00;100.00;40;40;40;1.00;27/09/2020
2018;Grado;Grado: Magisterio en Educación Primaria;Teruel;Facultad de Ciencias Sociales y Humanas de Teruel;Psicopatología infantil y juvenil;Normal;Optativa;100.00;100.00;100.00;28;28;28;1.00;27/09/2020
2018;Grado;Grado: Magisterio en Educación Primaria;Zaragoza;Facultad de Educación;Respuestas educativas a necesidades específicas;Normal;Optativa;93.85;89.71;95.59;74;67;71;1.07;27/09/2020
2018;Grado;Grado: Magisterio en Educación Primaria;Huesca;Facultad de Ciencias Humanas y de la Educación;Respuestas educativas a necesidades específicas;Normal;Optativa;100.00;97.73;97.73;48;47;47;1.10;27/09/2020
2018;Grado;Grado: Magisterio en Educación Primaria;Teruel;Facultad de Ciencias Sociales y Humanas de Teruel;Respuestas educativas a necesidades específicas;Normal;Optativa;100.00;89.19;89.19;37;33;33;1.00;27/09/2020
2018;Grado;Grado: Magisterio en Educación Primaria;Zaragoza;Facultad de Educación;Actividades físicas artístico expresivas;Normal;Optativa;94.23;92.45;98.11;56;52;55;1.27;27/09/2020
2018;Grado;Grado: Magisterio en Educación Primaria;Huesca;Facultad de Ciencias Humanas y de la Educación;Actividades físicas artístico expresivas;Normal;Optativa;92.31;92.31;100.00;27;25;27;1.19;27/09/2020
2018;Grado;Grado: Magisterio en Educación Primaria;Teruel;Facultad de Ciencias Sociales y Humanas de Teruel;Actividades físicas artístico expresivas;Normal;Optativa;100.00;100.00;100.00;21;21;21;1.10;27/09/2020
2018;Grado;Grado: Magisterio en Educación Primaria;Zaragoza;Facultad de Educación;Actividades físicas colectivas;Normal;Optativa;98.08;98.08;100.00;55;54;55;1.27;27/09/2020
2018;Grado;Grado: Magisterio en Educación Primaria;Huesca;Facultad de Ciencias Humanas y de la Educación;Actividades físicas colectivas;Normal;Optativa;91.67;91.67;100.00;37;34;37;1.22;27/09/2020
2018;Grado;Grado: Magisterio en Educación Primaria;Teruel;Facultad de Ciencias Sociales y Humanas de Teruel;Actividades físicas colectivas;Normal;Optativa;100.00;100.00;100.00;18;18;18;1.00;27/09/2020
2018;Grado;Grado: Magisterio en Educación Primaria;Zaragoza;Facultad de Educación;Actividades físicas de oposición y cooperación;Normal;Optativa;100.00;100.00;100.00;60;60;60;1.00;27/09/2020
2018;Grado;Grado: Magisterio en Educación Primaria;Huesca;Facultad de Ciencias Humanas y de la Educación;Actividades físicas de oposición y cooperación;Normal;Optativa;100.00;100.00;100.00;46;46;46;1.12;27/09/2020
2018;Grado;Grado: Magisterio en Educación Primaria;Teruel;Facultad de Ciencias Sociales y Humanas de Teruel;Actividades físicas de oposición y cooperación;Normal;Optativa;100.00;100.00;100.00;19;19;19;1.21;27/09/2020
2018;Grado;Grado: Magisterio en Educación Primaria;Zaragoza;Facultad de Educación;Actividades físicas en el medio natural;Normal;Optativa;100.00;98.21;98.21;59;58;58;1.14;27/09/2020
2018;Grado;Grado: Magisterio en Educación Primaria;Huesca;Facultad de Ciencias Humanas y de la Educación;Actividades físicas en el medio natural;Normal;Optativa;89.13;89.13;100.00;48;43;48;1.33;27/09/2020
2018;Grado;Grado: Magisterio en Educación Primaria;Teruel;Facultad de Ciencias Sociales y Humanas de Teruel;Actividades físicas en el medio natural;Normal;Optativa;100.00;100.00;100.00;19;19;19;1.00;27/09/2020
2018;Grado;Grado: Magisterio en Educación Primaria;Zaragoza;Facultad de Educación;Actividades físicas individuales;Normal;Optativa;86.27;86.27;100.00;54;47;54;1.33;27/09/2020
2018;Grado;Grado: Magisterio en Educación Primaria;Huesca;Facultad de Ciencias Humanas y de la Educación;Actividades físicas individuales;Normal;Optativa;100.00;100.00;100.00;35;35;35;1.02;27/09/2020
2018;Grado;Grado: Magisterio en Educación Primaria;Teruel;Facultad de Ciencias Sociales y Humanas de Teruel;Actividades físicas individuales;Normal;Optativa;94.12;94.12;100.00;17;16;17;1.00;27/09/2020
2018;Grado;Grado: Magisterio en Educación Primaria;Zaragoza;Facultad de Educación;Prácticas escolares en educación física;Prácticas externas;Prácticas externas;100.00;100.00;100.00;58;58;58;1.08;27/09/2020
2018;Grado;Grado: Magisterio en Educación Primaria;Huesca;Facultad de Ciencias Humanas y de la Educación;Prácticas escolares en educación física;Prácticas externas;Prácticas externas;97.62;95.35;97.67;44;42;43;1.14;27/09/2020
2018;Grado;Grado: Magisterio en Educación Primaria;Teruel;Facultad de Ciencias Sociales y Humanas de Teruel;Prácticas escolares en educación física;Prácticas externas;Prácticas externas;100.00;100.00;100.00;23;23;23;1.13;27/09/2020
2018;Grado;Grado: Magisterio en Educación Primaria;Zaragoza;Facultad de Educación;Audición musical activa;Normal;Optativa;92.86;86.67;93.33;15;13;14;1.07;27/09/2020
2018;Grado;Grado: Magisterio en Educación Primaria;Zaragoza;Facultad de Educación;Formación instrumental;Normal;Optativa;100.00;100.00;100.00;16;16;16;1.06;27/09/2020
2018;Grado;Grado: Magisterio en Educación Primaria;Zaragoza;Facultad de Educación;Formación vocal y auditiva;Normal;Optativa;92.86;81.25;87.50;16;13;14;1.00;27/09/2020
2018;Grado;Grado: Magisterio en Educación Primaria;Zaragoza;Facultad de Educación;Lenguajes de la música;Normal;Optativa;80.00;80.00;100.00;15;12;15;1.31;27/09/2020
2018;Grado;Grado: Magisterio en Educación Primaria;Zaragoza;Facultad de Educación;Música y movimiento expresivo;Normal;Optativa;93.75;88.24;94.12;17;15;16;1.00;27/09/2020
2018;Grado;Grado: Magisterio en Educación Primaria;Zaragoza;Facultad de Educación;Prácticas escolares en educación musical;Prácticas externas;Prácticas externas;100.00;100.00;100.00;15;15;15;1.00;27/09/2020
2018;Grado;Grado: Magisterio en Educación Primaria;Zaragoza;Facultad de Educación;Acquisition et apprentissage du FLE;Normal;Optativa;88.89;88.89;100.00;9;8;9;1.00;27/09/2020
2018;Grado;Grado: Magisterio en Educación Primaria;Zaragoza;Facultad de Educación;Communication orale et écrite;Normal;Optativa;88.89;80.00;90.00;10;8;9;1.00;27/09/2020
2018;Grado;Grado: Magisterio en Educación Primaria;Zaragoza;Facultad de Educación;Français avancé;Normal;Optativa;88.89;88.89;100.00;9;8;9;1.00;27/09/2020
2018;Grado;Grado: Magisterio en Educación Primaria;Zaragoza;Facultad de Educación;FLE ressources pour le primaire;Normal;Optativa;100.00;100.00;100.00;10;10;10;1.00;27/09/2020
2018;Grado;Grado: Magisterio en Educación Primaria;Zaragoza;Facultad de Educación;Planification curriculaire du FLE;Normal;Optativa;80.00;80.00;100.00;10;8;10;1.00;27/09/2020
2018;Grado;Grado: Magisterio en Educación Primaria;Zaragoza;Facultad de Educación;Prácticas escolares en lengua francesa;Prácticas externas;Prácticas externas;100.00;90.00;90.00;10;9;9;1.00;27/09/2020
2018;Grado;Grado: Magisterio en Educación Primaria;Zaragoza;Facultad de Educación;Learning and teaching EFL;Normal;Optativa;95.00;92.68;97.56;51;48;50;1.18;27/09/2020
2018;Grado;Grado: Magisterio en Educación Primaria;Huesca;Facultad de Ciencias Humanas y de la Educación;Learning and teaching EFL;Normal;Optativa;100.00;87.50;87.50;9;8;8;2.12;27/09/2020
2018;Grado;Grado: Magisterio en Educación Primaria;Teruel;Facultad de Ciencias Sociales y Humanas de Teruel;Learning and teaching EFL;Normal;Optativa;83.33;83.33;100.00;15;12;15;1.08;27/09/2020
2018;Grado;Grado: Magisterio en Educación Primaria;Zaragoza;Facultad de Educación;Oral communication;Normal;Optativa;100.00;100.00;100.00;56;56;56;1.19;27/09/2020
2018;Grado;Grado: Magisterio en Educación Primaria;Huesca;Facultad de Ciencias Humanas y de la Educación;Oral communication;Normal;Optativa;100.00;92.86;92.86;15;14;14;1.27;27/09/2020
2018;Grado;Grado: Magisterio en Educación Primaria;Teruel;Facultad de Ciencias Sociales y Humanas de Teruel;Oral communication;Normal;Optativa;60.00;42.86;71.43;10;5;8;1.20;27/09/2020
2018;Grado;Grado: Magisterio en Educación Primaria;Zaragoza;Facultad de Educación;Planning effective teaching;Normal;Optativa;97.50;95.12;97.56;51;49;50;1.02;27/09/2020
2018;Grado;Grado: Magisterio en Educación Primaria;Huesca;Facultad de Ciencias Humanas y de la Educación;Planning effective teaching;Normal;Optativa;100.00;92.86;92.86;15;14;14;1.21;27/09/2020
2018;Grado;Grado: Magisterio en Educación Primaria;Teruel;Facultad de Ciencias Sociales y Humanas de Teruel;Planning effective teaching;Normal;Optativa;100.00;100.00;100.00;11;11;11;1.09;27/09/2020
2018;Grado;Grado: Magisterio en Educación Primaria;Zaragoza;Facultad de Educación;Resources for EFL in primary school;Normal;Optativa;93.48;93.48;100.00;56;53;56;1.13;27/09/2020
2018;Grado;Grado: Magisterio en Educación Primaria;Huesca;Facultad de Ciencias Humanas y de la Educación;Resources for EFL in primary school;Normal;Optativa;100.00;92.86;92.86;15;14;14;1.21;27/09/2020
2018;Grado;Grado: Magisterio en Educación Primaria;Teruel;Facultad de Ciencias Sociales y Humanas de Teruel;Resources for EFL in primary school;Normal;Optativa;91.67;91.67;100.00;15;13;15;1.00;27/09/2020
2018;Grado;Grado: Magisterio en Educación Primaria;Zaragoza;Facultad de Educación;Prácticas escolares en lengua inglesa;Prácticas externas;Prácticas externas;100.00;98.04;98.04;56;55;55;1.08;27/09/2020
2018;Grado;Grado: Magisterio en Educación Primaria;Huesca;Facultad de Ciencias Humanas y de la Educación;Prácticas escolares en lengua inglesa;Prácticas externas;Prácticas externas;100.00;100.00;100.00;15;15;15;1.12;27/09/2020
2018;Grado;Grado: Magisterio en Educación Primaria;Teruel;Facultad de Ciencias Sociales y Humanas de Teruel;Prácticas escolares en lengua inglesa;Prácticas externas;Prácticas externas;100.00;81.82;81.82;13;11;11;1.00;27/09/2020
2018;Grado;Grado: Magisterio en Educación Primaria;Zaragoza;Facultad de Educación;Religión;Normal;Optativa;100.00;94.44;94.44;90;85;85;1.00;27/09/2020
2018;Grado;Grado: Magisterio en Educación Primaria;Huesca;Facultad de Ciencias Humanas y de la Educación;Religión;Normal;Optativa;100.00;98.08;98.08;54;52;53;1.00;27/09/2020
2018;Grado;Grado: Magisterio en Educación Primaria;Teruel;Facultad de Ciencias Sociales y Humanas de Teruel;Religión;Normal;Optativa;100.00;100.00;100.00;37;37;37;1.00;27/09/2020
2018;Grado;Grado: Magisterio en Educación Primaria;Zaragoza;Facultad de Educación;Tratamiento de los trastornos del lenguaje y la audición;Normal;Optativa;94.44;85.00;90.00;22;19;20;1.21;27/09/2020
2018;Grado;Grado: Magisterio en Educación Primaria;Huesca;Facultad de Ciencias Humanas y de la Educación;Tratamiento de los trastornos del lenguaje y la audición;Normal;Optativa;100.00;94.12;94.12;20;19;19;1.05;27/09/2020
2018;Grado;Grado: Magisterio en Educación Primaria;Teruel;Facultad de Ciencias Sociales y Humanas de Teruel;Tratamiento de los trastornos del lenguaje y la audición;Normal;Optativa;100.00;100.00;100.00;14;14;14;1.43;27/09/2020
2018;Grado;Grado: Magisterio en Educación Primaria;Zaragoza;Facultad de Educación;Tratamiento de los trastornos del habla y la voz;Normal;Optativa;100.00;73.68;73.68;19;14;14;1.00;27/09/2020
2018;Grado;Grado: Magisterio en Educación Primaria;Teruel;Facultad de Ciencias Sociales y Humanas de Teruel;Tratamiento de los trastornos del habla y la voz;Normal;Optativa;100.00;85.71;85.71;7;6;6;1.00;27/09/2020
2018;Grado;Grado: Magisterio en Educación Primaria;Zaragoza;Facultad de Educación;Tratamiento de los trastornos de la lectura y escritura;Normal;Optativa;95.00;86.36;90.91;71;62;65;1.24;27/09/2020
2018;Grado;Grado: Magisterio en Educación Primaria;Huesca;Facultad de Ciencias Humanas y de la Educación;Tratamiento de los trastornos de la lectura y escritura;Normal;Optativa;90.70;88.64;97.73;47;42;46;1.09;27/09/2020
2018;Grado;Grado: Magisterio en Educación Primaria;Teruel;Facultad de Ciencias Sociales y Humanas de Teruel;Tratamiento de los trastornos de la lectura y escritura;Normal;Optativa;100.00;92.50;92.50;40;37;37;1.00;27/09/2020
2018;Grado;Grado: Magisterio en Educación Primaria;Zaragoza;Facultad de Educación;Prácticas escolares en audición y lenguaje;Prácticas externas;Prácticas externas;100.00;100.00;100.00;29;29;29;1.00;27/09/2020
2018;Grado;Grado: Magisterio en Educación Primaria;Huesca;Facultad de Ciencias Humanas y de la Educación;Prácticas escolares en audición y lenguaje;Prácticas externas;Prácticas externas;100.00;95.65;95.65;48;46;46;1.00;27/09/2020
2018;Grado;Grado: Magisterio en Educación Primaria;Teruel;Facultad de Ciencias Sociales y Humanas de Teruel;Prácticas escolares en audición y lenguaje;Prácticas externas;Prácticas externas;100.00;88.89;88.89;9;8;8;1.00;27/09/2020
2018;Grado;Grado: Magisterio en Educación Primaria;Zaragoza;Facultad de Educación;Prácticas escolares en pedagogía terapéutica;Prácticas externas;Prácticas externas;100.00;100.00;100.00;77;77;77;1.00;27/09/2020
2018;Grado;Grado: Magisterio en Educación Primaria;Huesca;Facultad de Ciencias Humanas y de la Educación;Prácticas escolares en pedagogía terapéutica;Prácticas externas;Prácticas externas;97.73;97.73;100.00;46;45;46;1.00;27/09/2020
2018;Grado;Grado: Magisterio en Educación Primaria;Teruel;Facultad de Ciencias Sociales y Humanas de Teruel;Prácticas escolares en pedagogía terapéutica;Prácticas externas;Prácticas externas;100.00;100.00;100.00;34;34;34;1.00;27/09/2020
2018;Grado;Grado: Magisterio en Educación Primaria;Zaragoza;Facultad de Educación;English in primary education III;Normal;Optativa;93.88;93.88;100.00;59;56;59;1.28;27/09/2020
2018;Grado;Grado: Magisterio en Educación Primaria;Huesca;Facultad de Ciencias Humanas y de la Educación;English in primary education III;Normal;Optativa;100.00;100.00;100.00;14;14;14;1.29;27/09/2020
2018;Grado;Grado: Magisterio en Educación Primaria;Teruel;Facultad de Ciencias Sociales y Humanas de Teruel;English in primary education III;Normal;Optativa;75.00;75.00;100.00;15;12;15;1.42;27/09/2020
2018;Grado;Grado: Magisterio en Educación Primaria;Zaragoza;Facultad de Educación;Prácticas escolares;Prácticas externas;Prácticas externas;100.00;100.00;100.00;2;2;2;1.00;27/09/2020
2018;Grado;Grado: Magisterio en Educación Primaria;Zaragoza;Facultad de Educación;Prácticas escolares (modalidad PT);Prácticas externas;Prácticas externas;100.00;100.00;100.00;2;2;2;1.00;27/09/2020
2018;Grado;Grado: Medicina;Zaragoza;Facultad de Medicina;Bioestadística;Normal;Formación básica;94.12;89.89;95.51;178;160;170;1.07;27/09/2020
2018;Grado;Grado: Medicina;Huesca;Facultad de Ciencias de la Salud y del Deporte;Bioestadística;Normal;Formación básica;100.00;100.00;100.00;41;41;41;1.00;27/09/2020
2018;Grado;Grado: Medicina;Zaragoza;Facultad de Medicina;Biología;Normal;Formación básica;93.37;84.24;90.22;184;155;166;1.06;27/09/2020
2018;Grado;Grado: Medicina;Huesca;Facultad de Ciencias de la Salud y del Deporte;Biología;Normal;Formación básica;95.35;93.18;97.73;44;41;43;1.00;27/09/2020
2018;Grado;Grado: Medicina;Zaragoza;Facultad de Medicina;Bioquímica humana;Normal;Formación básica;95.78;92.44;96.51;172;159;166;1.09;27/09/2020
2018;Grado;Grado: Medicina;Huesca;Facultad de Ciencias de la Salud y del Deporte;Bioquímica humana;Normal;Formación básica;100.00;100.00;100.00;48;48;48;1.17;27/09/2020
2018;Grado;Grado: Medicina;Zaragoza;Facultad de Medicina;Inglés científico para medicina;Normal;Obligatoria;98.34;95.19;96.79;187;178;181;1.07;27/09/2020
2018;Grado;Grado: Medicina;Huesca;Facultad de Ciencias de la Salud y del Deporte;Inglés científico para medicina;Normal;Obligatoria;95.56;93.48;97.83;46;43;45;1.07;27/09/2020
2018;Grado;Grado: Medicina;Zaragoza;Facultad de Medicina;Investigación y nuevas tecnologías;Normal;Formación básica;99.43;99.43;100.00;176;175;176;1.01;27/09/2020
2018;Grado;Grado: Medicina;Huesca;Facultad de Ciencias de la Salud y del Deporte;Investigación y nuevas tecnologías;Normal;Formación básica;100.00;100.00;100.00;46;46;46;1.06;27/09/2020
2018;Grado;Grado: Medicina;Zaragoza;Facultad de Medicina;Procedimientos diagnósticos y terapéuticos microbiológicos;Normal;Obligatoria;90.00;77.73;86.36;220;171;190;1.27;27/09/2020
2018;Grado;Grado: Medicina;Huesca;Facultad de Ciencias de la Salud y del Deporte;Procedimientos diagnósticos y terapéuticos microbiológicos;Normal;Obligatoria;100.00;97.44;97.44;39;38;38;1.05;27/09/2020
2018;Grado;Grado: Medicina;Zaragoza;Facultad de Medicina;Procedimientos diagnósticos y terapéuticos físicos I;Normal;Obligatoria;98.94;97.89;98.95;190;186;188;1.09;27/09/2020
2018;Grado;Grado: Medicina;Huesca;Facultad de Ciencias de la Salud y del Deporte;Procedimientos diagnósticos y terapéuticos físicos I;Normal;Obligatoria;100.00;100.00;100.00;40;40;40;1.00;27/09/2020
2018;Grado;Grado: Medicina;Zaragoza;Facultad de Medicina;Semiología y fundamentos de fisiopatología;Normal;Obligatoria;94.18;88.56;94.03;202;179;190;1.29;27/09/2020
2018;Grado;Grado: Medicina;Huesca;Facultad de Ciencias de la Salud y del Deporte;Semiología y fundamentos de fisiopatología;Normal;Obligatoria;100.00;100.00;100.00;42;42;42;1.02;27/09/2020
2018;Grado;Grado: Medicina;Zaragoza;Facultad de Medicina;Psicología médica;Normal;Formación básica;100.00;98.16;98.16;163;160;160;1.00;27/09/2020
2018;Grado;Grado: Medicina;Huesca;Facultad de Ciencias de la Salud y del Deporte;Psicología médica;Normal;Formación básica;100.00;97.30;97.30;37;36;36;1.00;27/09/2020
2018;Grado;Grado: Medicina;Zaragoza;Facultad de Medicina;Psiquiatría;Normal;Obligatoria;100.00;97.66;97.66;215;210;210;1.01;27/09/2020
2018;Grado;Grado: Medicina;Zaragoza;Facultad de Medicina;Procedimientos diagnósticos y terapéuticos farmacológicos y dietéticos I;Normal;Obligatoria;97.55;93.43;95.77;215;201;206;1.07;27/09/2020
2018;Grado;Grado: Medicina;Zaragoza;Facultad de Medicina;Procedimientos diagnósticos y terapéuticos anatomo-patológicos;Normal;Obligatoria;95.22;90.05;94.57;223;201;211;1.08;27/09/2020
2018;Grado;Grado: Medicina;Zaragoza;Facultad de Medicina;Comunicación asistencial, ética médica y legislación I;Normal;Obligatoria;99.50;98.05;98.54;206;202;203;1.06;27/09/2020
2018;Grado;Grado: Medicina;Zaragoza;Facultad de Medicina;Procedimientos diagnósticos y terapéuticos quirúrgicos;Normal;Obligatoria;96.52;93.27;96.63;208;194;201;1.22;27/09/2020
2018;Grado;Grado: Medicina;Zaragoza;Facultad de Medicina;Medicina preventiva y salud pública;Normal;Obligatoria;97.75;95.08;97.27;232;223;227;1.07;27/09/2020
2018;Grado;Grado: Medicina;Zaragoza;Facultad de Medicina;Procedimientos diagnósticos y terapéuticos físicos II;Normal;Obligatoria;100.00;97.81;97.81;232;228;228;1.16;27/09/2020
2018;Grado;Grado: Medicina;Zaragoza;Facultad de Medicina;Comunicación asistencial, ética médica y legislación II;Normal;Obligatoria;100.00;98.43;98.43;225;222;222;1.00;27/09/2020
2018;Grado;Grado: Medicina;Zaragoza;Facultad de Medicina;Procedimientos diagnósticos y terapéuticos farmacológicos y dietéticos II;Normal;Obligatoria;100.00;97.46;97.46;229;224;224;1.00;27/09/2020
2018;Grado;Grado: Medicina;Zaragoza;Facultad de Medicina;Prácticas tuteladas;Prácticas externas;Obligatoria;100.00;100.00;100.00;232;232;232;1.00;27/09/2020
2018;Grado;Grado: Medicina;Zaragoza;Facultad de Medicina;Prácticas tuteladas;Prácticas externas;Obligatoria;100.00;100.00;100.00;232;232;232;1.00;27/09/2020
2018;Grado;Grado: Medicina;Zaragoza;Facultad de Medicina;Trabajo fin de Grado;Trabajo fin de grado;Trabajo fin de Grado;100.00;100.00;100.00;232;232;232;1.00;27/09/2020
2018;Grado;Grado: Medicina;Zaragoza;Facultad de Medicina;Bases anatomo-fisiológicas de la acupuntura;Normal;Optativa;100.00;88.89;88.89;27;24;24;1.00;27/09/2020
2018;Grado;Grado: Medicina;Zaragoza;Facultad de Medicina;Bioantropología médica y forense;Normal;Optativa;100.00;93.24;93.24;75;70;70;1.00;27/09/2020
2018;Grado;Grado: Medicina;Zaragoza;Facultad de Medicina;Enfermedades raras en el niño;Normal;Optativa;100.00;91.18;91.18;35;32;32;1.00;27/09/2020
2018;Grado;Grado: Medicina;Zaragoza;Facultad de Medicina;Medicina transfusional;Normal;Optativa;100.00;97.06;97.06;36;35;35;1.00;27/09/2020
2018;Grado;Grado: Medicina;Zaragoza;Facultad de Medicina;Créditos a reconocer;Normal;Optativa;100.00;75.32;75.32;77;58;58;1.00;27/09/2020
2018;Grado;Grado: Medicina;Huesca;Facultad de Ciencias de la Salud y del Deporte;Créditos a reconocer;Normal;Optativa;100.00;91.11;91.11;45;41;41;1.00;27/09/2020
2018;Grado;Grado: Medicina;Zaragoza;Facultad de Medicina;Anatomía general y Embriología humana;Normal;Formación básica;96.75;94.30;97.47;158;149;154;1.03;27/09/2020
2018;Grado;Grado: Medicina;Huesca;Facultad de Ciencias de la Salud y del Deporte;Anatomía general y Embriología humana;Normal;Formación básica;100.00;100.00;100.00;41;41;41;1.04;27/09/2020
2018;Grado;Grado: Medicina;Zaragoza;Facultad de Medicina;Fisiología I;Normal;Formación básica;96.30;92.86;96.43;168;156;162;1.12;27/09/2020
2018;Grado;Grado: Medicina;Huesca;Facultad de Ciencias de la Salud y del Deporte;Fisiología I;Normal;Formación básica;100.00;100.00;100.00;41;41;41;1.00;27/09/2020
2018;Grado;Grado: Medicina;Zaragoza;Facultad de Medicina;Histología I (Histología general);Normal;Formación básica;95.56;90.53;94.74;190;172;180;1.08;27/09/2020
2018;Grado;Grado: Medicina;Huesca;Facultad de Ciencias de la Salud y del Deporte;Histología I (Histología general);Normal;Formación básica;100.00;100.00;100.00;48;48;48;1.00;27/09/2020
2018;Grado;Grado: Medicina;Zaragoza;Facultad de Medicina;Anatomía humana I (Aparato locomotor);Normal;Formación básica;98.11;93.41;95.21;167;156;159;1.06;27/09/2020
2018;Grado;Grado: Medicina;Huesca;Facultad de Ciencias de la Salud y del Deporte;Anatomía humana I (Aparato locomotor);Normal;Formación básica;100.00;100.00;100.00;42;42;42;1.15;27/09/2020
2018;Grado;Grado: Medicina;Zaragoza;Facultad de Medicina;Fisiología II;Normal;Formación básica;97.71;95.53;97.77;179;171;175;1.03;27/09/2020
2018;Grado;Grado: Medicina;Huesca;Facultad de Ciencias de la Salud y del Deporte;Fisiología II;Normal;Formación básica;100.00;100.00;100.00;48;48;48;1.02;27/09/2020
2018;Grado;Grado: Medicina;Zaragoza;Facultad de Medicina;Histología II (Histología especial);Normal;Obligatoria;89.95;80.57;89.57;211;170;189;1.21;27/09/2020
2018;Grado;Grado: Medicina;Huesca;Facultad de Ciencias de la Salud y del Deporte;Histología II (Histología especial);Normal;Obligatoria;97.50;97.50;100.00;40;39;40;1.15;27/09/2020
2018;Grado;Grado: Medicina;Zaragoza;Facultad de Medicina;Anatomía humana II (Esplacnología);Normal;Obligatoria;97.31;96.28;98.94;188;181;186;1.02;27/09/2020
2018;Grado;Grado: Medicina;Huesca;Facultad de Ciencias de la Salud y del Deporte;Anatomía humana II (Esplacnología);Normal;Obligatoria;100.00;97.56;97.56;41;40;40;1.00;27/09/2020
2018;Grado;Grado: Medicina;Zaragoza;Facultad de Medicina;Fisiología III;Normal;Obligatoria;93.51;90.58;96.86;191;173;185;1.06;27/09/2020
2018;Grado;Grado: Medicina;Huesca;Facultad de Ciencias de la Salud y del Deporte;Fisiología III;Normal;Obligatoria;97.67;97.67;100.00;43;42;43;1.00;27/09/2020
2018;Grado;Grado: Medicina;Zaragoza;Facultad de Medicina;Neuroanatomía;Normal;Obligatoria;100.00;97.77;97.77;179;175;175;1.09;27/09/2020
2018;Grado;Grado: Medicina;Huesca;Facultad de Ciencias de la Salud y del Deporte;Neuroanatomía;Normal;Obligatoria;100.00;100.00;100.00;45;45;45;1.20;27/09/2020
2018;Grado;Grado: Medicina;Zaragoza;Facultad de Medicina;Fisiología IV;Normal;Obligatoria;98.84;97.16;98.30;176;171;173;1.00;27/09/2020
2018;Grado;Grado: Medicina;Huesca;Facultad de Ciencias de la Salud y del Deporte;Fisiología IV;Normal;Obligatoria;97.56;97.56;100.00;41;40;41;1.00;27/09/2020
2018;Grado;Grado: Medicina;Zaragoza;Facultad de Medicina;Especialidades médicas (Hematología y Oncología);Normal;Obligatoria;97.66;96.31;98.62;217;209;214;1.14;27/09/2020
2018;Grado;Grado: Medicina;Zaragoza;Facultad de Medicina;Especialidades quirúrgicas (Oftalmología y Otorrinolaringología);Normal;Obligatoria;97.06;91.67;94.44;218;200;206;1.16;27/09/2020
2018;Grado;Grado: Medicina;Zaragoza;Facultad de Medicina;Dermatología, Inmunopatología y Toxicología;Normal;Obligatoria;95.17;93.81;98.57;211;198;208;1.10;27/09/2020
2018;Grado;Grado: Medicina;Zaragoza;Facultad de Medicina;Patología infecciosa, geriatría y urgencias;Normal;Obligatoria;98.50;92.92;94.34;213;198;201;1.12;27/09/2020
2018;Grado;Grado: Medicina;Zaragoza;Facultad de Medicina;Sistemas cardiovascular y endocrinología y nutrición;Normal;Obligatoria;96.35;93.43;96.97;247;234;241;1.25;27/09/2020
2018;Grado;Grado: Medicina;Zaragoza;Facultad de Medicina;Aparato respiratorio y sistema nervioso;Normal;Obligatoria;90.38;87.85;97.20;264;238;258;1.44;27/09/2020
2018;Grado;Grado: Medicina;Zaragoza;Facultad de Medicina;Gastroenterología y Hepatología;Normal;Obligatoria;96.37;94.90;98.47;245;235;242;1.27;27/09/2020
2018;Grado;Grado: Medicina;Zaragoza;Facultad de Medicina;Aparato locomotor y Nefrourología;Normal;Obligatoria;98.94;97.91;98.95;239;235;237;1.22;27/09/2020
2018;Grado;Grado: Medicina;Zaragoza;Facultad de Medicina;Cuidados paliativos;Normal;Optativa;100.00;97.37;97.37;38;37;37;1.00;27/09/2020
2018;Grado;Grado: Medicina;Zaragoza;Facultad de Medicina;Psiquiatría psicosomática y de enlace;Normal;Optativa;100.00;94.74;94.74;20;19;19;1.00;27/09/2020
2018;Grado;Grado: Medicina;Zaragoza;Facultad de Medicina;Enfermedades parasitarias tropicales;Normal;Optativa;100.00;88.89;88.89;19;17;17;1.00;27/09/2020
2018;Grado;Grado: Medicina;Zaragoza;Facultad de Medicina;Obstetricia, ginecología y medicina de familia;Normal;Obligatoria;99.46;97.87;98.40;206;202;203;1.02;27/09/2020
2018;Grado;Grado: Medicina;Zaragoza;Facultad de Medicina;Pediatría y medicina materno-infantil;Normal;Obligatoria;92.00;90.64;98.52;226;206;222;1.24;27/09/2020
2018;Grado;Grado: Medicina;Zaragoza;Facultad de Medicina;Prácticas tuteladas;Prácticas externas;Obligatoria;100.00;100.00;100.00;207;207;207;1.00;27/09/2020
2018;Grado;Grado: Medicina;Zaragoza;Facultad de Medicina;Principios básicos de anestesia y reanimación. Atención urgente al paciente crítico;Normal;Optativa;100.00;97.44;97.44;47;45;45;1.00;27/09/2020
2018;Grado;Grado: Medicina;Zaragoza;Facultad de Medicina;Genética médica;Normal;Optativa;100.00;100.00;100.00;13;13;13;1.00;27/09/2020
2018;Grado;Grado: Medicina;Zaragoza;Facultad de Medicina;Medicina del trabajo;Normal;Optativa;100.00;93.55;93.55;96;90;90;1.00;27/09/2020
2018;Grado;Grado: Medicina;Zaragoza;Facultad de Medicina;Aprendizaje y mejora del razonamiento clínico;Normal;Optativa;100.00;100.00;100.00;36;36;36;1.00;27/09/2020
2018;Grado;Grado: Óptica y Optometría;Zaragoza;Facultad de Ciencias;Anatomía e histología;Normal;Formación básica;83.64;63.01;75.34;73;46;55;1.22;27/09/2020
2018;Grado;Grado: Óptica y Optometría;Zaragoza;Facultad de Ciencias;Física;Normal;Formación básica;83.05;58.33;70.24;84;49;59;1.84;27/09/2020
2018;Grado;Grado: Óptica y Optometría;Zaragoza;Facultad de Ciencias;Fisiología ocular y del sistema visual;Normal;Formación básica;90.38;75.81;83.87;62;47;52;1.26;27/09/2020
2018;Grado;Grado: Óptica y Optometría;Zaragoza;Facultad de Ciencias;Matemáticas;Normal;Formación básica;77.36;56.16;72.60;73;41;53;1.30;27/09/2020
2018;Grado;Grado: Óptica y Optometría;Zaragoza;Facultad de Ciencias;Óptica visual I;Normal;Formación básica;69.44;53.76;77.42;93;50;72;1.82;27/09/2020
2018;Grado;Grado: Óptica y Optometría;Zaragoza;Facultad de Ciencias;Química y materiales ópticos;Normal;Formación básica;94.12;70.59;75.00;68;48;51;1.35;27/09/2020
2018;Grado;Grado: Óptica y Optometría;Zaragoza;Facultad de Ciencias;Tecnología óptica I;Normal;Obligatoria;97.96;78.69;80.33;61;48;49;1.00;27/09/2020
2018;Grado;Grado: Óptica y Optometría;Zaragoza;Facultad de Ciencias;Instrumentos ópticos y optométricos;Normal;Obligatoria;97.67;84.00;86.00;50;42;43;1.62;27/09/2020
2018;Grado;Grado: Óptica y Optometría;Zaragoza;Facultad de Ciencias;Laboratorio de optometría;Normal;Obligatoria;91.49;91.49;100.00;47;43;47;1.02;27/09/2020
2018;Grado;Grado: Óptica y Optometría;Zaragoza;Facultad de Ciencias;Óptica Física;Normal;Obligatoria;63.93;60.00;93.85;65;39;61;1.26;27/09/2020
2018;Grado;Grado: Óptica y Optometría;Zaragoza;Facultad de Ciencias;Óptica Visual II;Normal;Obligatoria;80.43;78.72;97.87;47;37;46;1.62;27/09/2020
2018;Grado;Grado: Óptica y Optometría;Zaragoza;Facultad de Ciencias;Optometría I;Normal;Obligatoria;85.42;82.00;96.00;50;41;48;1.32;27/09/2020
2018;Grado;Grado: Óptica y Optometría;Zaragoza;Facultad de Ciencias;Biología;Normal;Formación básica;92.16;92.16;100.00;51;47;51;1.38;27/09/2020
2018;Grado;Grado: Óptica y Optometría;Zaragoza;Facultad de Ciencias;Métodos estadísticos para óptica y optometría;Normal;Formación básica;63.46;56.90;89.66;58;33;52;1.68;27/09/2020
2018;Grado;Grado: Óptica y Optometría;Zaragoza;Facultad de Ciencias;Optometría II;Normal;Obligatoria;55.74;49.28;88.41;69;34;61;1.82;27/09/2020
2018;Grado;Grado: Óptica y Optometría;Zaragoza;Facultad de Ciencias;Patología y farmacología ocular;Normal;Obligatoria;97.83;97.83;100.00;50;49;50;1.06;27/09/2020
2018;Grado;Grado: Óptica y Optometría;Zaragoza;Facultad de Ciencias;Optometría clínica;Normal;Obligatoria;98.08;98.08;100.00;52;51;52;1.18;27/09/2020
2018;Grado;Grado: Óptica y Optometría;Zaragoza;Facultad de Ciencias;Contactología;Normal;Obligatoria;86.27;86.27;100.00;55;48;55;1.19;27/09/2020
2018;Grado;Grado: Óptica y Optometría;Zaragoza;Facultad de Ciencias;Tecnología óptica II;Normal;Obligatoria;100.00;100.00;100.00;46;46;46;1.00;27/09/2020
2018;Grado;Grado: Óptica y Optometría;Zaragoza;Facultad de Ciencias;Terapia y rehabilitación visual;Normal;Obligatoria;95.74;93.75;97.92;48;45;47;1.27;27/09/2020
2018;Grado;Grado: Óptica y Optometría;Zaragoza;Facultad de Ciencias;Tecnología óptica III;Normal;Obligatoria;69.64;65.00;93.33;64;43;60;1.70;27/09/2020
2018;Grado;Grado: Óptica y Optometría;Zaragoza;Facultad de Ciencias;Actuación optométrica en cirugía oftálmica;Normal;Obligatoria;97.62;97.62;100.00;50;49;50;1.22;27/09/2020
2018;Grado;Grado: Óptica y Optometría;Zaragoza;Facultad de Ciencias;Optometría pediátrica;Normal;Obligatoria;100.00;100.00;100.00;44;44;44;1.05;27/09/2020
2018;Grado;Grado: Óptica y Optometría;Zaragoza;Facultad de Ciencias;Baja visión;Normal;Obligatoria;90.91;88.89;97.78;49;44;48;1.20;27/09/2020
2018;Grado;Grado: Óptica y Optometría;Zaragoza;Facultad de Ciencias;Prácticas tuteladas;Prácticas externas;Obligatoria;100.00;97.56;97.56;45;44;44;1.00;27/09/2020
2018;Grado;Grado: Óptica y Optometría;Zaragoza;Facultad de Ciencias;Trabajo fin de Grado;Trabajo fin de grado;Trabajo fin de Grado;100.00;76.79;76.79;57;44;44;1.07;27/09/2020
2018;Grado;Grado: Óptica y Optometría;Zaragoza;Facultad de Ciencias;Ampliación de optometría geriátrica;Normal;Optativa;100.00;100.00;100.00;19;19;19;1.05;27/09/2020
2018;Grado;Grado: Óptica y Optometría;Zaragoza;Facultad de Ciencias;Audiometría y prótesis auditivas;Normal;Optativa;100.00;100.00;100.00;28;28;28;1.00;27/09/2020
2018;Grado;Grado: Óptica y Optometría;Zaragoza;Facultad de Ciencias;Gestión, iniciativa empresarial y marketing;Normal;Optativa;100.00;100.00;100.00;31;31;31;1.00;27/09/2020
2018;Grado;Grado: Óptica y Optometría;Zaragoza;Facultad de Ciencias;Herramientas gráficas y diseño óptico;Normal;Optativa;100.00;100.00;100.00;4;3;3;1.00;27/09/2020
2018;Grado;Grado: Óptica y Optometría;Zaragoza;Facultad de Ciencias;Materiales para la industria óptica y oftálmica;Normal;Optativa;100.00;100.00;100.00;8;8;8;1.00;27/09/2020
2018;Grado;Grado: Óptica y Optometría;Zaragoza;Facultad de Ciencias;Prevención ocular y ergonomía en el trabajo y el deporte;Normal;Optativa;100.00;100.00;100.00;31;31;31;1.00;27/09/2020
2018;Grado;Grado: Óptica y Optometría;Zaragoza;Facultad de Ciencias;Radiometría, fotometría, color y fotografía;Normal;Optativa;100.00;100.00;100.00;16;16;16;1.00;27/09/2020
2018;Grado;Grado: Física;Zaragoza;Facultad de Ciencias;Fundamentos de física I;Normal;Formación básica;63.54;56.48;88.89;108;61;96;2.02;27/09/2020
2018;Grado;Grado: Física;Zaragoza;Facultad de Ciencias;Química;Normal;Formación básica;96.10;93.67;97.47;79;74;77;1.11;27/09/2020
2018;Grado;Grado: Física;Zaragoza;Facultad de Ciencias;Álgebra I;Normal;Formación básica;52.11;34.58;66.36;107;37;71;1.79;27/09/2020
2018;Grado;Grado: Física;Zaragoza;Facultad de Ciencias;Análisis matemático;Normal;Formación básica;92.00;88.46;96.15;78;69;75;1.28;27/09/2020
2018;Grado;Grado: Física;Zaragoza;Facultad de Ciencias;Informática;Normal;Formación básica;81.82;75.90;92.77;83;63;77;1.32;27/09/2020
2018;Grado;Grado: Física;Zaragoza;Facultad de Ciencias;Fundamentos de física II;Normal;Formación básica;78.08;62.64;80.22;91;57;73;1.21;27/09/2020
2018;Grado;Grado: Física;Zaragoza;Facultad de Ciencias;Laboratorio de física;Normal;Formación básica;100.00;97.37;97.37;76;74;74;1.00;27/09/2020
2018;Grado;Grado: Física;Zaragoza;Facultad de Ciencias;Álgebra II;Normal;Formación básica;82.86;65.91;79.55;88;58;70;1.37;27/09/2020
2018;Grado;Grado: Física;Zaragoza;Facultad de Ciencias;Cálculo diferencial;Normal;Formación básica;90.91;79.21;87.13;101;80;88;1.36;27/09/2020
2018;Grado;Grado: Física;Zaragoza;Facultad de Ciencias;Biología;Normal;Optativa;86.79;79.31;91.38;58;46;53;1.29;27/09/2020
2018;Grado;Grado: Física;Zaragoza;Facultad de Ciencias;Geología;Normal;Optativa;100.00;100.00;100.00;25;25;25;1.04;27/09/2020
2018;Grado;Grado: Física;Zaragoza;Facultad de Ciencias;Técnicas físicas I;Normal;Obligatoria;87.95;84.88;96.51;86;73;83;1.72;27/09/2020
2018;Grado;Grado: Física;Zaragoza;Facultad de Ciencias;Mecánica clásica I;Normal;Obligatoria;80.23;71.13;88.66;97;69;86;1.62;27/09/2020
2018;Grado;Grado: Física;Zaragoza;Facultad de Ciencias;Cálculo integral y geometría;Normal;Formación básica;93.94;83.78;89.19;74;62;66;1.16;27/09/2020
2018;Grado;Grado: Física;Zaragoza;Facultad de Ciencias;Ecuaciones diferenciales;Normal;Obligatoria;100.00;96.55;96.55;58;56;56;1.03;27/09/2020
2018;Grado;Grado: Física;Zaragoza;Facultad de Ciencias;Electromagnetismo;Normal;Obligatoria;82.35;71.43;86.73;98;70;85;1.67;27/09/2020
2018;Grado;Grado: Física;Zaragoza;Facultad de Ciencias;Mecánica clásica II;Normal;Obligatoria;85.00;75.56;88.89;90;68;80;1.35;27/09/2020
2018;Grado;Grado: Física;Zaragoza;Facultad de Ciencias;Métodos matemáticos para la física;Normal;Obligatoria;94.20;82.28;87.34;79;65;69;1.50;27/09/2020
2018;Grado;Grado: Física;Zaragoza;Facultad de Ciencias;Física computacional;Normal;Obligatoria;86.05;68.52;79.63;109;75;87;1.75;27/09/2020
2018;Grado;Grado: Física;Zaragoza;Facultad de Ciencias;Ondas electromagnéticas;Normal;Obligatoria;86.36;72.15;83.54;79;57;66;1.37;27/09/2020
2018;Grado;Grado: Física;Zaragoza;Facultad de Ciencias;Técnicas físicas II;Normal;Obligatoria;100.00;98.41;98.41;66;65;65;1.11;27/09/2020
2018;Grado;Grado: Física;Zaragoza;Facultad de Ciencias;Física cuántica I;Normal;Obligatoria;92.65;84.00;90.67;79;65;71;1.17;27/09/2020
2018;Grado;Grado: Física;Zaragoza;Facultad de Ciencias;Termodinámica;Normal;Obligatoria;88.06;80.82;91.78;80;65;73;1.12;27/09/2020
2018;Grado;Grado: Física;Zaragoza;Facultad de Ciencias;Óptica;Normal;Obligatoria;93.44;82.61;88.41;74;62;66;1.50;27/09/2020
2018;Grado;Grado: Física;Zaragoza;Facultad de Ciencias;Física cuántica II;Normal;Obligatoria;88.71;68.75;77.50;85;59;66;1.78;27/09/2020
2018;Grado;Grado: Física;Zaragoza;Facultad de Ciencias;Física estadística;Normal;Obligatoria;85.25;73.24;85.92;78;58;67;1.52;27/09/2020
2018;Grado;Grado: Física;Zaragoza;Facultad de Ciencias;Estado sólido I;Normal;Obligatoria;96.88;86.11;88.89;48;43;44;1.05;27/09/2020
2018;Grado;Grado: Física;Zaragoza;Facultad de Ciencias;Técnicas físicas III;Normal;Obligatoria;100.00;100.00;100.00;53;53;53;1.00;27/09/2020
2018;Grado;Grado: Física;Zaragoza;Facultad de Ciencias;Electrónica física;Normal;Obligatoria;87.18;82.93;95.12;54;47;52;1.13;27/09/2020
2018;Grado;Grado: Física;Zaragoza;Facultad de Ciencias;Física nuclear y partículas;Normal;Obligatoria;90.24;88.10;97.62;56;50;54;1.16;27/09/2020
2018;Grado;Grado: Física;Zaragoza;Facultad de Ciencias;Estado sólido II;Normal;Obligatoria;94.87;92.50;97.50;51;47;49;1.04;27/09/2020
2018;Grado;Grado: Física;Zaragoza;Facultad de Ciencias;Trabajo fin de Grado;Trabajo fin de grado;Trabajo fin de Grado;100.00;82.61;82.61;51;43;43;1.00;27/09/2020
2018;Grado;Grado: Física;Zaragoza;Facultad de Ciencias;Astronomía y astrofísica;Normal;Optativa;100.00;100.00;100.00;33;32;32;1.00;27/09/2020
2018;Grado;Grado: Física;Zaragoza;Facultad de Ciencias;Caos y sistemas dinámicos no lineales;Normal;Optativa;100.00;100.00;100.00;45;45;45;1.00;27/09/2020
2018;Grado;Grado: Física;Zaragoza;Facultad de Ciencias;Física de fluidos;Normal;Optativa;100.00;96.43;96.43;34;32;32;1.00;27/09/2020
2018;Grado;Grado: Física;Zaragoza;Facultad de Ciencias;Gravitación y cosmología;Normal;Optativa;100.00;100.00;100.00;54;54;54;1.00;27/09/2020
2018;Grado;Grado: Física;Zaragoza;Facultad de Ciencias;Historia de la ciencia;Normal;Optativa;100.00;100.00;100.00;17;17;17;1.00;27/09/2020
2018;Grado;Grado: Física;Zaragoza;Facultad de Ciencias;Iluminación y colorimetría;Normal;Optativa;100.00;100.00;100.00;4;4;4;1.00;27/09/2020
2018;Grado;Grado: Física;Zaragoza;Facultad de Ciencias;Láser y aplicaciones;Normal;Optativa;100.00;100.00;100.00;8;8;8;1.00;27/09/2020
2018;Grado;Grado: Física;Zaragoza;Facultad de Ciencias;Micro y nano sistemas;Normal;Optativa;100.00;93.75;93.75;17;16;16;1.00;27/09/2020
2018;Grado;Grado: Física;Zaragoza;Facultad de Ciencias;Microondas: propagación y antenas;Normal;Optativa;100.00;100.00;100.00;14;12;12;1.17;27/09/2020
2018;Grado;Grado: Física;Zaragoza;Facultad de Ciencias;Dispositivos y sistemas fotónicos;Normal;Optativa;100.00;100.00;100.00;17;16;16;1.00;27/09/2020
2018;Grado;Grado: Física;Zaragoza;Facultad de Ciencias;Dosimetría y radioprotección;Normal;Optativa;100.00;100.00;100.00;18;18;18;1.00;27/09/2020
2018;Grado;Grado: Física;Zaragoza;Facultad de Ciencias;Espectroscopia;Normal;Optativa;100.00;100.00;100.00;5;3;3;1.00;27/09/2020
2018;Grado;Grado: Física;Zaragoza;Facultad de Ciencias;Física biológica;Normal;Optativa;100.00;100.00;100.00;28;27;27;1.00;27/09/2020
2018;Grado;Grado: Física;Zaragoza;Facultad de Ciencias;Física de altas energías;Normal;Optativa;100.00;100.00;100.00;26;26;26;1.00;27/09/2020
2018;Grado;Grado: Física;Zaragoza;Facultad de Ciencias;Física y tecnología nuclear;Normal;Optativa;100.00;100.00;100.00;30;29;30;1.00;27/09/2020
2018;Grado;Grado: Física;Zaragoza;Facultad de Ciencias;Geofísica;Normal;Optativa;100.00;100.00;100.00;11;11;11;1.00;27/09/2020
2018;Grado;Grado: Física;Zaragoza;Facultad de Ciencias;Mecánica cuántica;Normal;Optativa;100.00;100.00;100.00;23;23;23;1.00;27/09/2020
2018;Grado;Grado: Matemáticas;Zaragoza;Facultad de Ciencias;Álgebra lineal;Normal;Formación básica;79.22;56.48;71.30;108;61;77;1.55;27/09/2020
2018;Grado;Grado: Matemáticas;Zaragoza;Facultad de Ciencias;Análisis matemático I;Normal;Formación básica;80.28;66.28;82.56;86;57;71;1.68;27/09/2020
2018;Grado;Grado: Matemáticas;Zaragoza;Facultad de Ciencias;Física general;Normal;Formación básica;75.95;73.17;96.34;82;60;79;1.66;27/09/2020
2018;Grado;Grado: Matemáticas;Zaragoza;Facultad de Ciencias;Informática I;Normal;Formación básica;98.48;98.48;100.00;66;65;66;1.09;27/09/2020
2018;Grado;Grado: Matemáticas;Zaragoza;Facultad de Ciencias;Números y conjuntos;Normal;Formación básica;97.06;92.96;95.77;71;66;68;1.07;27/09/2020
2018;Grado;Grado: Matemáticas;Zaragoza;Facultad de Ciencias;Grafos y combinatoria;Normal;Obligatoria;87.84;80.25;91.36;81;65;74;1.43;27/09/2020
2018;Grado;Grado: Matemáticas;Zaragoza;Facultad de Ciencias;Análisis matemático II;Normal;Obligatoria;83.64;71.88;85.94;64;46;55;1.94;27/09/2020
2018;Grado;Grado: Matemáticas;Zaragoza;Facultad de Ciencias;Análisis numérico I;Normal;Obligatoria;76.47;49.37;64.56;79;39;51;1.29;27/09/2020
2018;Grado;Grado: Matemáticas;Zaragoza;Facultad de Ciencias;Topología general;Normal;Obligatoria;87.69;67.86;77.38;85;58;66;1.39;27/09/2020
2018;Grado;Grado: Matemáticas;Zaragoza;Facultad de Ciencias;Ecuaciones diferenciales ordinarias;Normal;Obligatoria;77.78;50.00;64.29;70;35;45;1.35;27/09/2020
2018;Grado;Grado: Matemáticas;Zaragoza;Facultad de Ciencias;Geometría lineal;Normal;Obligatoria;87.50;76.56;87.50;64;49;56;1.32;27/09/2020
2018;Grado;Grado: Matemáticas;Zaragoza;Facultad de Ciencias;Estructuras algebraicas;Normal;Obligatoria;81.25;59.09;72.73;88;52;64;1.30;27/09/2020
2018;Grado;Grado: Matemáticas;Zaragoza;Facultad de Ciencias;Introducción a la probabilidad y la estadística;Normal;Formación básica;79.25;63.64;80.30;66;42;53;1.40;27/09/2020
2018;Grado;Grado: Matemáticas;Zaragoza;Facultad de Ciencias;Geometría de curvas y superficies;Normal;Obligatoria;100.00;91.89;91.89;40;37;37;1.05;27/09/2020
2018;Grado;Grado: Matemáticas;Zaragoza;Facultad de Ciencias;Variable compleja;Normal;Obligatoria;95.12;84.78;89.13;46;39;41;1.25;27/09/2020
2018;Grado;Grado: Matemáticas;Zaragoza;Facultad de Ciencias;Análisis numérico II;Normal;Obligatoria;92.31;87.80;95.12;41;36;39;1.08;27/09/2020
2018;Grado;Grado: Matemáticas;Zaragoza;Facultad de Ciencias;Cálculo de probabilidades;Normal;Obligatoria;90.24;86.05;95.35;45;39;43;1.12;27/09/2020
2018;Grado;Grado: Matemáticas;Zaragoza;Facultad de Ciencias;Teoría de Galois;Normal;Obligatoria;93.33;75.68;81.08;38;29;31;1.28;27/09/2020
2018;Grado;Grado: Matemáticas;Zaragoza;Facultad de Ciencias;Investigación operativa;Normal;Obligatoria;92.86;84.78;91.30;47;40;43;1.20;27/09/2020
2018;Grado;Grado: Matemáticas;Zaragoza;Facultad de Ciencias;Estadística matemática;Normal;Obligatoria;83.78;70.45;84.09;47;33;40;1.82;27/09/2020
2018;Grado;Grado: Matemáticas;Zaragoza;Facultad de Ciencias;Ecuaciones en derivadas parciales;Normal;Obligatoria;86.84;76.74;88.37;44;34;39;1.09;27/09/2020
2018;Grado;Grado: Matemáticas;Zaragoza;Facultad de Ciencias;Integral de Lebesgue;Normal;Obligatoria;93.33;90.32;96.77;37;34;36;1.44;27/09/2020
2018;Grado;Grado: Matemáticas;Zaragoza;Facultad de Ciencias;Modelización matemática;Normal;Obligatoria;100.00;100.00;100.00;27;27;27;1.00;27/09/2020
2018;Grado;Grado: Matemáticas;Zaragoza;Facultad de Ciencias;Trabajo fin de Grado;Trabajo fin de grado;Trabajo fin de Grado;100.00;85.00;85.00;41;35;35;1.00;27/09/2020
2018;Grado;Grado: Matemáticas;Zaragoza;Facultad de Ciencias;Informática II;Normal;Optativa;100.00;100.00;100.00;13;12;13;1.17;27/09/2020
2018;Grado;Grado: Matemáticas;Zaragoza;Facultad de Ciencias;Bases de datos I;Normal;Optativa;100.00;100.00;100.00;18;16;17;1.00;27/09/2020
2018;Grado;Grado: Matemáticas;Zaragoza;Facultad de Ciencias;Optimización estocástica;Normal;Optativa;100.00;100.00;100.00;18;17;18;1.00;27/09/2020
2018;Grado;Grado: Matemáticas;Zaragoza;Facultad de Ciencias;Tratamiento numérico de las ecuaciones en derivadas parciales;Normal;Optativa;100.00;100.00;100.00;14;14;14;1.00;27/09/2020
2018;Grado;Grado: Matemáticas;Zaragoza;Facultad de Ciencias;Sistemas dinámicos;Normal;Optativa;100.00;100.00;100.00;11;11;11;1.00;27/09/2020
2018;Grado;Grado: Matemáticas;Zaragoza;Facultad de Ciencias;Teoría de la probabilidad;Normal;Optativa;100.00;100.00;100.00;8;8;8;1.11;27/09/2020
2018;Grado;Grado: Matemáticas;Zaragoza;Facultad de Ciencias;Técnicas de regresión;Normal;Optativa;100.00;100.00;100.00;13;12;13;1.00;27/09/2020
2018;Grado;Grado: Matemáticas;Zaragoza;Facultad de Ciencias;Análisis funcional;Normal;Optativa;100.00;100.00;100.00;13;13;13;1.00;27/09/2020
2018;Grado;Grado: Matemáticas;Zaragoza;Facultad de Ciencias;Análisis de Fourier;Normal;Optativa;100.00;100.00;100.00;16;16;16;1.00;27/09/2020
2018;Grado;Grado: Matemáticas;Zaragoza;Facultad de Ciencias;Mecánica celeste;Normal;Optativa;100.00;100.00;100.00;2;2;2;1.00;27/09/2020
2018;Grado;Grado: Matemáticas;Zaragoza;Facultad de Ciencias;Historia de las matemáticas;Normal;Optativa;100.00;100.00;100.00;12;11;11;1.00;27/09/2020
2018;Grado;Grado: Matemáticas;Zaragoza;Facultad de Ciencias;Topología de superficies;Normal;Optativa;100.00;100.00;100.00;9;9;9;1.00;27/09/2020
2018;Grado;Grado: Matemáticas;Zaragoza;Facultad de Ciencias;Variedades diferenciables;Normal;Optativa;100.00;100.00;100.00;9;9;9;1.00;27/09/2020
2018;Grado;Grado: Matemáticas;Zaragoza;Facultad de Ciencias;Curvas algebraicas;Normal;Optativa;100.00;100.00;100.00;7;7;7;1.00;27/09/2020
2018;Grado;Grado: Matemáticas;Zaragoza;Facultad de Ciencias;Álgebra aplicada y computacional;Normal;Optativa;100.00;100.00;100.00;12;12;12;1.00;27/09/2020
2018;Grado;Grado: Biotecnología;Zaragoza;Facultad de Ciencias;Química general;Normal;Formación básica;92.31;86.96;94.20;69;60;65;1.10;27/09/2020
2018;Grado;Grado: Biotecnología;Zaragoza;Facultad de Ciencias;Matemáticas;Normal;Formación básica;68.42;65.00;95.00;80;52;76;1.64;27/09/2020
2018;Grado;Grado: Biotecnología;Zaragoza;Facultad de Ciencias;Física;Normal;Formación básica;100.00;95.45;95.45;66;63;63;1.10;27/09/2020
2018;Grado;Grado: Biotecnología;Zaragoza;Facultad de Ciencias;Biología general;Normal;Formación básica;96.88;91.18;94.12;68;62;64;1.07;27/09/2020
2018;Grado;Grado: Biotecnología;Zaragoza;Facultad de Ciencias;Fisiologia;Normal;Formación básica;96.72;90.77;93.85;65;59;61;1.03;27/09/2020
2018;Grado;Grado: Biotecnología;Zaragoza;Facultad de Ciencias;Genética;Normal;Formación básica;93.33;88.61;94.94;79;70;75;1.11;27/09/2020
2018;Grado;Grado: Biotecnología;Zaragoza;Facultad de Ciencias;Estadística;Normal;Formación básica;94.29;90.41;95.89;73;66;70;1.20;27/09/2020
2018;Grado;Grado: Biotecnología;Zaragoza;Facultad de Ciencias;Técnicas instrumentales en biotecnología;Normal;Obligatoria;98.59;94.59;95.95;74;70;71;1.10;27/09/2020
2018;Grado;Grado: Biotecnología;Zaragoza;Facultad de Ciencias;Bioquímica;Normal;Obligatoria;79.22;78.21;98.72;78;61;77;1.57;27/09/2020
2018;Grado;Grado: Biotecnología;Zaragoza;Facultad de Ciencias;Microbiología;Normal;Obligatoria;98.59;93.33;94.67;75;70;71;1.16;27/09/2020
2018;Grado;Grado: Biotecnología;Zaragoza;Facultad de Ciencias;Química física;Normal;Obligatoria;82.14;76.67;93.33;90;69;84;1.67;27/09/2020
2018;Grado;Grado: Biotecnología;Zaragoza;Facultad de Ciencias;Química orgánica;Normal;Obligatoria;87.91;77.67;88.35;103;80;91;1.69;27/09/2020
2018;Grado;Grado: Biotecnología;Zaragoza;Facultad de Ciencias;Inmunología;Normal;Obligatoria;100.00;97.14;97.14;70;68;68;1.12;27/09/2020
2018;Grado;Grado: Biotecnología;Zaragoza;Facultad de Ciencias;Estructuras de macromoléculas;Normal;Obligatoria;94.52;93.24;98.65;74;69;73;1.10;27/09/2020
2018;Grado;Grado: Biotecnología;Zaragoza;Facultad de Ciencias;Fisiología vegetal;Normal;Obligatoria;97.33;93.59;96.15;78;73;75;1.19;27/09/2020
2018;Grado;Grado: Biotecnología;Zaragoza;Facultad de Ciencias;Ingeniería química;Normal;Obligatoria;93.33;86.15;92.31;66;57;61;1.10;27/09/2020
2018;Grado;Grado: Biotecnología;Zaragoza;Facultad de Ciencias;Biotecnología clínica;Normal;Obligatoria;100.00;100.00;100.00;56;56;56;1.00;27/09/2020
2018;Grado;Grado: Biotecnología;Zaragoza;Facultad de Ciencias;Biología molecular;Normal;Obligatoria;100.00;93.10;93.10;58;54;54;1.04;27/09/2020
2018;Grado;Grado: Biotecnología;Zaragoza;Facultad de Ciencias;Cultivos celulares;Normal;Obligatoria;100.00;100.00;100.00;57;57;57;1.02;27/09/2020
2018;Grado;Grado: Biotecnología;Zaragoza;Facultad de Ciencias;Introducción a los sistemas de gestión;Normal;Obligatoria;100.00;98.25;98.25;57;56;56;1.00;27/09/2020
2018;Grado;Grado: Biotecnología;Zaragoza;Facultad de Ciencias;Aspectos sociales y legales;Normal;Obligatoria;100.00;100.00;100.00;57;57;57;1.00;27/09/2020
2018;Grado;Grado: Biotecnología;Zaragoza;Facultad de Ciencias;Ingeniería genética;Normal;Obligatoria;89.06;82.61;92.75;71;59;66;1.67;27/09/2020
2018;Grado;Grado: Biotecnología;Zaragoza;Facultad de Ciencias;Introducción a la biología de sistemas;Normal;Obligatoria;100.00;100.00;100.00;70;70;70;1.00;27/09/2020
2018;Grado;Grado: Biotecnología;Zaragoza;Facultad de Ciencias;Bioinformática;Normal;Obligatoria;95.83;93.88;97.96;49;46;48;1.09;27/09/2020
2018;Grado;Grado: Biotecnología;Zaragoza;Facultad de Ciencias;Biorreactores;Normal;Obligatoria;95.45;89.36;93.62;71;66;68;1.11;27/09/2020
2018;Grado;Grado: Biotecnología;Zaragoza;Facultad de Ciencias;Biotecnología vegetal;Normal;Obligatoria;100.00;95.56;95.56;68;66;66;1.01;27/09/2020
2018;Grado;Grado: Biotecnología;Zaragoza;Facultad de Ciencias;Biotecnología del medio ambiente;Normal;Obligatoria;96.49;93.22;96.61;59;55;57;1.13;27/09/2020
2018;Grado;Grado: Biotecnología;Zaragoza;Facultad de Ciencias;Biotecnología animal;Normal;Obligatoria;100.00;97.78;97.78;68;67;67;1.00;27/09/2020
2018;Grado;Grado: Biotecnología;Zaragoza;Facultad de Ciencias;Biotecnología microbiana;Normal;Obligatoria;100.00;95.56;95.56;69;67;67;1.03;27/09/2020
2018;Grado;Grado: Biotecnología;Zaragoza;Facultad de Ciencias;Trabajo fin de Grado;Trabajo fin de grado;Trabajo fin de Grado;100.00;92.45;92.45;74;70;70;1.00;27/09/2020
2018;Grado;Grado: Biotecnología;Zaragoza;Facultad de Ciencias;Bioquímica de la nutrición;Normal;Optativa;100.00;100.00;100.00;14;14;14;1.00;27/09/2020
2018;Grado;Grado: Biotecnología;Zaragoza;Facultad de Ciencias;Bioquímica y microbiología enológicas;Normal;Optativa;100.00;100.00;100.00;13;13;13;1.00;27/09/2020
2018;Grado;Grado: Biotecnología;Zaragoza;Facultad de Ciencias;Biotecnología alimentaria;Normal;Optativa;100.00;94.74;94.74;21;20;20;1.05;27/09/2020
2018;Grado;Grado: Biotecnología;Zaragoza;Facultad de Ciencias;Biotecnología aplicada a la inmunología y a la microbiología;Normal;Optativa;100.00;100.00;100.00;39;39;39;1.00;27/09/2020
2018;Grado;Grado: Biotecnología;Zaragoza;Facultad de Ciencias;Biotecnología veterinaria;Normal;Optativa;100.00;100.00;100.00;13;13;13;1.00;27/09/2020
2018;Grado;Grado: Biotecnología;Zaragoza;Facultad de Ciencias;Farmacología;Normal;Optativa;100.00;100.00;100.00;42;42;42;1.00;27/09/2020
2018;Grado;Grado: Biotecnología;Zaragoza;Facultad de Ciencias;Base molecular de la comunicación celular y el cáncer;Normal;Optativa;95.83;95.83;100.00;44;43;44;1.00;27/09/2020
2018;Grado;Grado: Química;Zaragoza;Facultad de Ciencias;Química General;Normal;Formación básica;73.68;65.63;89.06;192;126;171;1.62;27/09/2020
2018;Grado;Grado: Química;Zaragoza;Facultad de Ciencias;Introducción al laboratorio químico;Normal;Formación básica;96.58;94.63;97.99;149;141;146;1.00;27/09/2020
2018;Grado;Grado: Química;Zaragoza;Facultad de Ciencias;Matemáticas;Normal;Formación básica;69.88;57.14;81.77;203;116;166;1.50;27/09/2020
2018;Grado;Grado: Química;Zaragoza;Facultad de Ciencias;Física;Normal;Formación básica;73.94;58.65;79.33;208;122;165;1.56;27/09/2020
2018;Grado;Grado: Química;Zaragoza;Facultad de Ciencias;Biología;Normal;Formación básica;75.56;70.10;92.78;194;136;180;1.75;27/09/2020
2018;Grado;Grado: Química;Zaragoza;Facultad de Ciencias;Geología;Normal;Formación básica;86.06;79.78;92.70;178;142;165;1.32;27/09/2020
2018;Grado;Grado: Química;Zaragoza;Facultad de Ciencias;Química analítica I;Normal;Obligatoria;67.80;57.97;85.51;138;80;118;1.74;27/09/2020
2018;Grado;Grado: Química;Zaragoza;Facultad de Ciencias;Química física I;Normal;Obligatoria;59.38;49.22;82.90;194;96;161;2.80;27/09/2020
2018;Grado;Grado: Química;Zaragoza;Facultad de Ciencias;Química inorgánica I;Normal;Obligatoria;80.34;73.44;91.41;128;94;117;1.63;27/09/2020
2018;Grado;Grado: Química;Zaragoza;Facultad de Ciencias;Química orgánica I;Normal;Obligatoria;68.42;52.00;76.00;151;78;115;1.87;27/09/2020
2018;Grado;Grado: Química;Zaragoza;Facultad de Ciencias;Laboratorio de química;Normal;Obligatoria;98.96;95.00;96.00;100;95;96;1.04;27/09/2020
2018;Grado;Grado: Química;Zaragoza;Facultad de Ciencias;Estadística e informática;Normal;Formación básica;80.00;73.02;91.27;126;92;115;1.33;27/09/2020
2018;Grado;Grado: Química;Zaragoza;Facultad de Ciencias;Química analítica II;Normal;Obligatoria;75.00;62.31;83.08;135;86;113;2.10;27/09/2020
2018;Grado;Grado: Química;Zaragoza;Facultad de Ciencias;Química física II;Normal;Obligatoria;80.00;74.34;92.92;120;91;112;1.66;27/09/2020
2018;Grado;Grado: Química;Zaragoza;Facultad de Ciencias;Química inorgánica II;Normal;Obligatoria;82.20;65.54;79.73;153;102;123;1.96;27/09/2020
2018;Grado;Grado: Química;Zaragoza;Facultad de Ciencias;Química orgánica II;Normal;Obligatoria;98.35;95.97;97.58;128;123;125;1.25;27/09/2020
2018;Grado;Grado: Química;Zaragoza;Facultad de Ciencias;Fundamentos de ingeniería química;Normal;Obligatoria;88.57;79.49;89.74;117;93;105;1.68;27/09/2020
2018;Grado;Grado: Química;Zaragoza;Facultad de Ciencias;Bioquímica;Normal;Obligatoria;86.11;77.50;90.00;122;95;110;1.49;27/09/2020
2018;Grado;Grado: Química;Zaragoza;Facultad de Ciencias;Ciencia de materiales;Normal;Obligatoria;93.85;91.04;97.01;94;88;92;1.06;27/09/2020
2018;Grado;Grado: Química;Zaragoza;Facultad de Ciencias;Determinación estructural;Normal;Obligatoria;97.14;95.77;98.59;99;96;98;1.12;27/09/2020
2018;Grado;Grado: Química;Zaragoza;Facultad de Ciencias;Metodología y control de calidad en el laboratorio;Normal;Obligatoria;97.40;97.40;100.00;105;103;105;1.16;27/09/2020
2018;Grado;Grado: Química;Zaragoza;Facultad de Ciencias;Espectroscopia y propiedades moleculares;Normal;Obligatoria;91.46;90.36;98.80;113;104;111;1.23;27/09/2020
2018;Grado;Grado: Química;Zaragoza;Facultad de Ciencias;Procesos, higiene y seguridad en la industria química;Normal;Obligatoria;92.86;85.53;92.11;100;89;94;1.19;27/09/2020
2018;Grado;Grado: Química;Zaragoza;Facultad de Ciencias;Trabajo fin de Grado;Trabajo fin de grado;Trabajo fin de Grado;100.00;87.34;87.34;90;80;80;1.00;27/09/2020
2018;Movilidad de entrada;Movilidad para 1º y 2º ciclo y grado;Zaragoza;Facultad de Ciencias;Trabajo fin de Grado;Trabajo fin de grado;Optativa;;;;1;0;0;;27/09/2020
2018;Grado;Grado: Química;Zaragoza;Facultad de Ciencias;Historia de la ciencia;Normal;Optativa;95.24;90.91;95.45;22;20;21;1.00;27/09/2020
2018;Grado;Grado: Química;Zaragoza;Facultad de Ciencias;Introducción a los sistemas de gestión;Normal;Optativa;100.00;100.00;100.00;79;79;79;1.01;27/09/2020
2018;Grado;Grado: Química;Zaragoza;Facultad de Ciencias;Análisis medioambiental y de tóxicos;Normal;Optativa;100.00;100.00;100.00;58;58;58;1.00;27/09/2020
2018;Grado;Grado: Química;Zaragoza;Facultad de Ciencias;Métodos analíticos de respuesta rápida;Normal;Optativa;100.00;100.00;100.00;30;30;30;1.00;27/09/2020
2018;Grado;Grado: Química;Zaragoza;Facultad de Ciencias;Introducción al modelado molecular;Normal;Optativa;100.00;100.00;100.00;10;9;10;1.00;27/09/2020
2018;Grado;Grado: Química;Zaragoza;Facultad de Ciencias;Química nuclear. Propiedades fisico-químicas de los fármacos y radiofarmacia;Normal;Optativa;96.30;96.30;100.00;36;35;36;1.14;27/09/2020
2018;Grado;Grado: Química;Zaragoza;Facultad de Ciencias;Catálisis homogénea;Normal;Optativa;100.00;100.00;100.00;43;43;43;1.00;27/09/2020
2018;Grado;Grado: Química;Zaragoza;Facultad de Ciencias;Química organometálica;Normal;Optativa;100.00;100.00;100.00;21;20;20;1.00;27/09/2020
2018;Grado;Grado: Química;Zaragoza;Facultad de Ciencias;Ampliación de química orgánica;Normal;Optativa;100.00;90.91;90.91;20;19;19;1.00;27/09/2020
2018;Grado;Grado: Química;Zaragoza;Facultad de Ciencias;Química orgánica industrial;Normal;Optativa;100.00;85.71;85.71;12;11;11;1.00;27/09/2020
2018;Grado;Grado: Química;Zaragoza;Facultad de Ciencias;Tecnologías del medio ambiente;Normal;Optativa;100.00;97.22;97.22;41;40;40;1.00;27/09/2020
2018;Grado;Grado: Química;Zaragoza;Facultad de Ciencias;Actividad biológica de los compuestos químicos;Normal;Optativa;100.00;100.00;100.00;79;79;79;1.00;27/09/2020
2018;Grado;Grado: Química;Zaragoza;Facultad de Ciencias;Prácticas externas;Prácticas externas;Optativa;;;;0;0;0;1.00;27/09/2020
2018;Grado;Grado: Administración y Dirección de Empresas;Zaragoza;Facultad de Economía y Empresa;Fundamentos de administración y dirección de empresas;Normal;Formación básica;77.11;64.18;83.23;483;310;402;1.49;27/09/2020
2018;Grado;Grado: Administración y Dirección de Empresas;Huesca;Facultad de Empresa y Gestión Pública;Fundamentos de administración y dirección de empresas;Normal;Formación básica;62.50;45.45;72.73;44;20;32;1.46;27/09/2020
2018;Grado;Grado: Administración y Dirección de Empresas;Teruel;Facultad de Ciencias Sociales y Humanas de Teruel;Fundamentos de administración y dirección de empresas;Normal;Formación básica;75.00;58.06;77.42;31;18;24;1.37;27/09/2020
2018;Grado;Grado: Administración y Dirección de Empresas;Zaragoza;Facultad de Economía y Empresa;Contabilidad financiera I;Normal;Formación básica;61.87;51.82;83.75;523;271;438;1.69;27/09/2020
2018;Grado;Grado: Administración y Dirección de Empresas;Huesca;Facultad de Empresa y Gestión Pública;Contabilidad financiera I;Normal;Formación básica;63.33;48.72;76.92;39;19;30;1.43;27/09/2020
2018;Grado;Grado: Administración y Dirección de Empresas;Teruel;Facultad de Ciencias Sociales y Humanas de Teruel;Contabilidad financiera I;Normal;Formación básica;62.50;51.72;82.76;29;15;24;1.19;27/09/2020
2018;Grado;Grado: Administración y Dirección de Empresas;Zaragoza;Facultad de Economía y Empresa;Matemáticas I;Normal;Formación básica;59.13;47.26;79.93;548;259;438;1.70;27/09/2020
2018;Grado;Grado: Administración y Dirección de Empresas;Huesca;Facultad de Empresa y Gestión Pública;Matemáticas I;Normal;Formación básica;51.92;35.53;68.42;76;27;52;2.75;27/09/2020
2018;Grado;Grado: Administración y Dirección de Empresas;Teruel;Facultad de Ciencias Sociales y Humanas de Teruel;Matemáticas I;Normal;Formación básica;78.13;59.52;76.19;42;25;32;2.00;27/09/2020
2018;Grado;Grado: Administración y Dirección de Empresas;Zaragoza;Facultad de Economía y Empresa;Introducción al márketing;Normal;Formación básica;79.30;73.44;92.61;433;318;401;1.29;27/09/2020
2018;Grado;Grado: Administración y Dirección de Empresas;Huesca;Facultad de Empresa y Gestión Pública;Introducción al márketing;Normal;Formación básica;77.42;60.00;77.50;40;24;31;1.44;27/09/2020
2018;Grado;Grado: Administración y Dirección de Empresas;Teruel;Facultad de Ciencias Sociales y Humanas de Teruel;Introducción al márketing;Normal;Formación básica;77.78;72.41;93.10;29;21;27;1.23;27/09/2020
2018;Grado;Grado: Administración y Dirección de Empresas;Zaragoza;Facultad de Economía y Empresa;Introducción al derecho;Normal;Formación básica;87.15;80.47;92.33;430;346;397;1.26;27/09/2020
2018;Grado;Grado: Administración y Dirección de Empresas;Huesca;Facultad de Empresa y Gestión Pública;Introducción al derecho;Normal;Formación básica;93.55;74.36;79.49;39;29;31;1.24;27/09/2020
2018;Grado;Grado: Administración y Dirección de Empresas;Teruel;Facultad de Ciencias Sociales y Humanas de Teruel;Introducción al derecho;Normal;Formación básica;100.00;92.59;92.59;27;25;25;1.08;27/09/2020
2018;Grado;Grado: Administración y Dirección de Empresas;Zaragoza;Facultad de Economía y Empresa;Historia económica y economía mundial;Normal;Formación básica;61.90;49.68;80.25;471;234;378;1.46;27/09/2020
2018;Grado;Grado: Administración y Dirección de Empresas;Huesca;Facultad de Empresa y Gestión Pública;Historia económica y economía mundial;Normal;Formación básica;80.43;59.68;74.19;62;37;46;1.80;27/09/2020
2018;Grado;Grado: Administración y Dirección de Empresas;Teruel;Facultad de Ciencias Sociales y Humanas de Teruel;Historia económica y economía mundial;Normal;Formación básica;72.73;41.03;56.41;39;16;22;1.82;27/09/2020
2018;Grado;Grado: Administración y Dirección de Empresas;Zaragoza;Facultad de Economía y Empresa;Contabilidad financiera II;Normal;Formación básica;62.78;41.68;66.39;595;248;395;1.63;27/09/2020
2018;Grado;Grado: Administración y Dirección de Empresas;Huesca;Facultad de Empresa y Gestión Pública;Contabilidad financiera II;Normal;Formación básica;83.33;39.22;47.06;51;20;24;1.35;27/09/2020
2018;Grado;Grado: Administración y Dirección de Empresas;Teruel;Facultad de Ciencias Sociales y Humanas de Teruel;Contabilidad financiera II;Normal;Formación básica;79.31;50.00;63.04;46;23;29;1.25;27/09/2020
2018;Grado;Grado: Administración y Dirección de Empresas;Zaragoza;Facultad de Economía y Empresa;Microeconomía I;Normal;Formación básica;61.86;45.59;73.69;612;279;451;1.96;27/09/2020
2018;Grado;Grado: Administración y Dirección de Empresas;Huesca;Facultad de Empresa y Gestión Pública;Microeconomía I;Normal;Formación básica;63.64;42.42;66.67;66;28;44;2.36;27/09/2020
2018;Grado;Grado: Administración y Dirección de Empresas;Teruel;Facultad de Ciencias Sociales y Humanas de Teruel;Microeconomía I;Normal;Formación básica;55.17;36.36;65.91;44;16;29;1.59;27/09/2020
2018;Grado;Grado: Administración y Dirección de Empresas;Zaragoza;Facultad de Economía y Empresa;Matemáticas II;Normal;Formación básica;53.48;36.90;68.99;645;238;445;1.95;27/09/2020
2018;Grado;Grado: Administración y Dirección de Empresas;Huesca;Facultad de Empresa y Gestión Pública;Matemáticas II;Normal;Formación básica;58.62;26.15;44.62;65;17;29;1.71;27/09/2020
2018;Grado;Grado: Administración y Dirección de Empresas;Teruel;Facultad de Ciencias Sociales y Humanas de Teruel;Matemáticas II;Normal;Formación básica;68.97;51.28;74.36;39;20;29;1.43;27/09/2020
2018;Grado;Grado: Administración y Dirección de Empresas;Zaragoza;Facultad de Economía y Empresa;Estadística I;Normal;Formación básica;61.77;45.23;73.23;493;223;361;1.53;27/09/2020
2018;Grado;Grado: Administración y Dirección de Empresas;Huesca;Facultad de Empresa y Gestión Pública;Estadística I;Normal;Formación básica;62.50;33.33;53.33;45;15;24;1.37;27/09/2020
2018;Grado;Grado: Administración y Dirección de Empresas;Teruel;Facultad de Ciencias Sociales y Humanas de Teruel;Estadística I;Normal;Formación básica;77.78;46.67;60.00;30;14;18;1.20;27/09/2020
2018;Grado;Grado: Administración y Dirección de Empresas;Zaragoza;Facultad de Economía y Empresa;Estadística II;Normal;Obligatoria;71.55;60.37;84.38;429;259;362;1.40;27/09/2020
2018;Grado;Grado: Administración y Dirección de Empresas;Huesca;Facultad de Empresa y Gestión Pública;Estadística II;Normal;Obligatoria;84.62;64.71;76.47;34;22;26;1.46;27/09/2020
2018;Grado;Grado: Administración y Dirección de Empresas;Teruel;Facultad de Ciencias Sociales y Humanas de Teruel;Estadística II;Normal;Obligatoria;75.00;51.72;68.97;29;15;20;1.19;27/09/2020
2018;Grado;Grado: Administración y Dirección de Empresas;Zaragoza;Facultad de Economía y Empresa;Fiscalidad de la empresa;Normal;Obligatoria;71.25;57.43;80.60;397;228;320;1.38;27/09/2020
2018;Grado;Grado: Administración y Dirección de Empresas;Huesca;Facultad de Empresa y Gestión Pública;Fiscalidad de la empresa;Normal;Obligatoria;88.46;82.14;92.86;28;23;26;1.31;27/09/2020
2018;Grado;Grado: Administración y Dirección de Empresas;Teruel;Facultad de Ciencias Sociales y Humanas de Teruel;Fiscalidad de la empresa;Normal;Obligatoria;77.42;60.00;77.50;41;24;31;1.32;27/09/2020
2018;Grado;Grado: Administración y Dirección de Empresas;Zaragoza;Facultad de Economía y Empresa;Macroeconomía I;Normal;Obligatoria;71.67;55.12;76.90;381;210;293;1.40;27/09/2020
2018;Grado;Grado: Administración y Dirección de Empresas;Huesca;Facultad de Empresa y Gestión Pública;Macroeconomía I;Normal;Obligatoria;58.33;45.65;78.26;48;23;38;1.46;27/09/2020
2018;Grado;Grado: Administración y Dirección de Empresas;Teruel;Facultad de Ciencias Sociales y Humanas de Teruel;Macroeconomía I;Normal;Obligatoria;78.05;68.09;87.23;47;32;41;1.44;27/09/2020
2018;Grado;Grado: Administración y Dirección de Empresas;Zaragoza;Facultad de Economía y Empresa;Microeconomia II;Normal;Obligatoria;69.15;59.20;85.61;424;251;363;1.58;27/09/2020
2018;Grado;Grado: Administración y Dirección de Empresas;Huesca;Facultad de Empresa y Gestión Pública;Microeconomia II;Normal;Obligatoria;69.77;62.50;89.58;48;30;43;2.09;27/09/2020
2018;Grado;Grado: Administración y Dirección de Empresas;Teruel;Facultad de Ciencias Sociales y Humanas de Teruel;Microeconomia II;Normal;Obligatoria;70.37;55.88;79.41;34;19;27;1.50;27/09/2020
2018;Grado;Grado: Administración y Dirección de Empresas;Zaragoza;Facultad de Economía y Empresa;Organización y gestión interna;Normal;Obligatoria;68.22;59.54;87.28;393;234;343;1.41;27/09/2020
2018;Grado;Grado: Administración y Dirección de Empresas;Huesca;Facultad de Empresa y Gestión Pública;Organización y gestión interna;Normal;Obligatoria;48.39;34.88;72.09;43;15;31;1.71;27/09/2020
2018;Grado;Grado: Administración y Dirección de Empresas;Teruel;Facultad de Ciencias Sociales y Humanas de Teruel;Organización y gestión interna;Normal;Obligatoria;71.88;60.53;84.21;38;23;32;1.78;27/09/2020
2018;Grado;Grado: Administración y Dirección de Empresas;Zaragoza;Facultad de Economía y Empresa;Análisis y valoración de las operaciones financieras;Normal;Obligatoria;70.55;56.91;80.66;362;206;292;1.33;27/09/2020
2018;Grado;Grado: Administración y Dirección de Empresas;Huesca;Facultad de Empresa y Gestión Pública;Análisis y valoración de las operaciones financieras;Normal;Obligatoria;82.14;52.27;63.64;49;28;33;1.87;27/09/2020
2018;Grado;Grado: Administración y Dirección de Empresas;Teruel;Facultad de Ciencias Sociales y Humanas de Teruel;Análisis y valoración de las operaciones financieras;Normal;Obligatoria;74.07;55.56;75.00;37;20;27;1.81;27/09/2020
2018;Grado;Grado: Administración y Dirección de Empresas;Zaragoza;Facultad de Economía y Empresa;Economía española;Normal;Obligatoria;78.59;70.49;89.68;349;246;313;1.42;27/09/2020
2018;Grado;Grado: Administración y Dirección de Empresas;Huesca;Facultad de Empresa y Gestión Pública;Economía española;Normal;Obligatoria;70.00;65.63;93.75;32;21;30;1.29;27/09/2020
2018;Grado;Grado: Administración y Dirección de Empresas;Teruel;Facultad de Ciencias Sociales y Humanas de Teruel;Economía española;Normal;Obligatoria;85.00;77.27;90.91;23;17;21;1.11;27/09/2020
2018;Grado;Grado: Administración y Dirección de Empresas;Zaragoza;Facultad de Economía y Empresa;Estados financieros;Normal;Obligatoria;70.03;55.76;79.62;373;208;297;1.53;27/09/2020
2018;Grado;Grado: Administración y Dirección de Empresas;Huesca;Facultad de Empresa y Gestión Pública;Estados financieros;Normal;Obligatoria;92.00;79.31;86.21;29;23;25;1.32;27/09/2020
2018;Grado;Grado: Administración y Dirección de Empresas;Teruel;Facultad de Ciencias Sociales y Humanas de Teruel;Estados financieros;Normal;Obligatoria;96.30;78.79;81.82;33;26;27;1.41;27/09/2020
2018;Grado;Grado: Administración y Dirección de Empresas;Zaragoza;Facultad de Economía y Empresa;Introducción a la investigación de mercados;Normal;Obligatoria;82.39;77.48;94.04;302;234;284;1.30;27/09/2020
2018;Grado;Grado: Administración y Dirección de Empresas;Huesca;Facultad de Empresa y Gestión Pública;Introducción a la investigación de mercados;Normal;Obligatoria;80.95;68.00;84.00;25;17;21;1.25;27/09/2020
2018;Grado;Grado: Administración y Dirección de Empresas;Teruel;Facultad de Ciencias Sociales y Humanas de Teruel;Introducción a la investigación de mercados;Normal;Obligatoria;80.95;65.38;80.77;26;17;21;1.12;27/09/2020
2018;Grado;Grado: Administración y Dirección de Empresas;Zaragoza;Facultad de Economía y Empresa;Macroeconomía II;Normal;Obligatoria;82.61;66.47;80.47;343;228;276;1.21;27/09/2020
2018;Grado;Grado: Administración y Dirección de Empresas;Huesca;Facultad de Empresa y Gestión Pública;Macroeconomía II;Normal;Obligatoria;81.58;50.82;62.30;64;33;40;1.80;27/09/2020
2018;Grado;Grado: Administración y Dirección de Empresas;Teruel;Facultad de Ciencias Sociales y Humanas de Teruel;Macroeconomía II;Normal;Obligatoria;93.75;75.00;80.00;40;30;32;1.37;27/09/2020
2018;Grado;Grado: Administración y Dirección de Empresas;Zaragoza;Facultad de Economía y Empresa;Análisis de estados financieros;Normal;Obligatoria;85.83;77.30;90.07;302;237;273;1.63;27/09/2020
2018;Grado;Grado: Administración y Dirección de Empresas;Huesca;Facultad de Empresa y Gestión Pública;Análisis de estados financieros;Normal;Obligatoria;100.00;100.00;100.00;25;25;25;1.11;27/09/2020
2018;Grado;Grado: Administración y Dirección de Empresas;Teruel;Facultad de Ciencias Sociales y Humanas de Teruel;Análisis de estados financieros;Normal;Obligatoria;63.16;50.00;79.17;24;12;19;1.29;27/09/2020
2018;Grado;Grado: Administración y Dirección de Empresas;Zaragoza;Facultad de Economía y Empresa;Dirección comercial I;Normal;Obligatoria;86.74;84.91;97.89;302;259;296;1.45;27/09/2020
2018;Grado;Grado: Administración y Dirección de Empresas;Huesca;Facultad de Empresa y Gestión Pública;Dirección comercial I;Normal;Obligatoria;100.00;100.00;100.00;28;27;27;1.10;27/09/2020
2018;Grado;Grado: Administración y Dirección de Empresas;Teruel;Facultad de Ciencias Sociales y Humanas de Teruel;Dirección comercial I;Normal;Obligatoria;74.07;74.07;100.00;28;21;28;1.36;27/09/2020
2018;Grado;Grado: Administración y Dirección de Empresas;Zaragoza;Facultad de Economía y Empresa;Dirección estratégica;Normal;Obligatoria;87.96;83.39;94.81;310;259;295;1.43;27/09/2020
2018;Grado;Grado: Administración y Dirección de Empresas;Huesca;Facultad de Empresa y Gestión Pública;Dirección estratégica;Normal;Obligatoria;58.06;50.00;86.11;39;21;34;1.57;27/09/2020
2018;Grado;Grado: Administración y Dirección de Empresas;Teruel;Facultad de Ciencias Sociales y Humanas de Teruel;Dirección estratégica;Normal;Obligatoria;63.64;56.76;89.19;38;22;34;1.91;27/09/2020
2018;Grado;Grado: Administración y Dirección de Empresas;Zaragoza;Facultad de Economía y Empresa;Dirección financiera;Normal;Obligatoria;86.13;82.33;95.58;271;224;260;1.22;27/09/2020
2018;Grado;Grado: Administración y Dirección de Empresas;Huesca;Facultad de Empresa y Gestión Pública;Dirección financiera;Normal;Obligatoria;100.00;95.83;95.83;25;23;23;1.12;27/09/2020
2018;Grado;Grado: Administración y Dirección de Empresas;Teruel;Facultad de Ciencias Sociales y Humanas de Teruel;Dirección financiera;Normal;Obligatoria;63.64;60.87;95.65;24;14;22;1.36;27/09/2020
2018;Grado;Grado: Administración y Dirección de Empresas;Zaragoza;Facultad de Economía y Empresa;Econometría;Normal;Obligatoria;90.26;81.97;90.82;312;256;285;1.24;27/09/2020
2018;Grado;Grado: Administración y Dirección de Empresas;Huesca;Facultad de Empresa y Gestión Pública;Econometría;Normal;Obligatoria;51.52;42.50;82.50;43;19;35;1.59;27/09/2020
2018;Grado;Grado: Administración y Dirección de Empresas;Teruel;Facultad de Ciencias Sociales y Humanas de Teruel;Econometría;Normal;Obligatoria;71.43;64.52;90.32;32;20;28;1.73;27/09/2020
2018;Grado;Grado: Administración y Dirección de Empresas;Zaragoza;Facultad de Economía y Empresa;Contabilidad directiva;Normal;Obligatoria;94.32;83.08;88.08;283;233;250;1.20;27/09/2020
2018;Grado;Grado: Administración y Dirección de Empresas;Huesca;Facultad de Empresa y Gestión Pública;Contabilidad directiva;Normal;Obligatoria;100.00;100.00;100.00;16;16;16;1.05;27/09/2020
2018;Grado;Grado: Administración y Dirección de Empresas;Teruel;Facultad de Ciencias Sociales y Humanas de Teruel;Contabilidad directiva;Normal;Obligatoria;83.33;65.22;78.26;25;15;18;1.31;27/09/2020
2018;Grado;Grado: Administración y Dirección de Empresas;Zaragoza;Facultad de Economía y Empresa;Dirección de la producción;Normal;Obligatoria;77.27;72.08;93.29;316;235;297;1.44;27/09/2020
2018;Grado;Grado: Administración y Dirección de Empresas;Huesca;Facultad de Empresa y Gestión Pública;Dirección de la producción;Normal;Obligatoria;90.00;90.00;100.00;22;19;21;1.09;27/09/2020
2018;Grado;Grado: Administración y Dirección de Empresas;Teruel;Facultad de Ciencias Sociales y Humanas de Teruel;Dirección de la producción;Normal;Obligatoria;100.00;100.00;100.00;18;18;18;1.21;27/09/2020
2018;Grado;Grado: Administración y Dirección de Empresas;Zaragoza;Facultad de Economía y Empresa;Dirección de recursos humanos;Normal;Obligatoria;93.28;89.16;95.58;271;242;259;1.12;27/09/2020
2018;Grado;Grado: Administración y Dirección de Empresas;Huesca;Facultad de Empresa y Gestión Pública;Dirección de recursos humanos;Normal;Obligatoria;100.00;92.86;92.86;29;26;26;1.00;27/09/2020
2018;Grado;Grado: Administración y Dirección de Empresas;Teruel;Facultad de Ciencias Sociales y Humanas de Teruel;Dirección de recursos humanos;Normal;Obligatoria;68.18;50.00;73.33;31;15;23;1.27;27/09/2020
2018;Grado;Grado: Administración y Dirección de Empresas;Zaragoza;Facultad de Economía y Empresa;Gestión de riesgos financieros;Normal;Obligatoria;88.75;79.48;89.55;291;234;262;1.13;27/09/2020
2018;Grado;Grado: Administración y Dirección de Empresas;Huesca;Facultad de Empresa y Gestión Pública;Gestión de riesgos financieros;Normal;Obligatoria;76.47;65.00;85.00;25;18;22;1.16;27/09/2020
2018;Grado;Grado: Administración y Dirección de Empresas;Teruel;Facultad de Ciencias Sociales y Humanas de Teruel;Gestión de riesgos financieros;Normal;Obligatoria;68.00;60.71;89.29;28;17;25;1.50;27/09/2020
2018;Grado;Grado: Administración y Dirección de Empresas;Zaragoza;Facultad de Economía y Empresa;Política de la empresa;Normal;Obligatoria;82.64;76.53;92.60;336;263;313;1.50;27/09/2020
2018;Grado;Grado: Administración y Dirección de Empresas;Huesca;Facultad de Empresa y Gestión Pública;Política de la empresa;Normal;Obligatoria;87.50;80.00;91.43;39;31;35;1.06;27/09/2020
2018;Grado;Grado: Administración y Dirección de Empresas;Teruel;Facultad de Ciencias Sociales y Humanas de Teruel;Política de la empresa;Normal;Obligatoria;91.30;84.00;92.00;26;22;24;1.48;27/09/2020
2018;Grado;Grado: Administración y Dirección de Empresas;Zaragoza;Facultad de Economía y Empresa;Contabilidad de combinaciones de negocios;Normal;Obligatoria;78.45;74.75;95.29;338;263;324;1.46;27/09/2020
2018;Grado;Grado: Administración y Dirección de Empresas;Huesca;Facultad de Empresa y Gestión Pública;Contabilidad de combinaciones de negocios;Normal;Obligatoria;58.33;38.89;66.67;25;14;19;1.00;27/09/2020
2018;Grado;Grado: Administración y Dirección de Empresas;Teruel;Facultad de Ciencias Sociales y Humanas de Teruel;Contabilidad de combinaciones de negocios;Normal;Obligatoria;79.17;61.29;77.42;32;20;25;2.15;27/09/2020
2018;Grado;Grado: Administración y Dirección de Empresas;Zaragoza;Facultad de Economía y Empresa;Trabajo fin de Grado;Trabajo fin de grado;Trabajo fin de Grado;99.65;74.67;74.93;379;283;284;1.00;27/09/2020
2018;Grado;Grado: Administración y Dirección de Empresas;Huesca;Facultad de Empresa y Gestión Pública;Trabajo fin de Grado;Trabajo fin de grado;Trabajo fin de Grado;100.00;50.91;50.91;55;28;28;1.00;27/09/2020
2018;Grado;Grado: Administración y Dirección de Empresas;Teruel;Facultad de Ciencias Sociales y Humanas de Teruel;Trabajo fin de Grado;Trabajo fin de grado;Trabajo fin de Grado;100.00;50.00;50.00;44;22;22;1.00;27/09/2020
2018;Movilidad de entrada;Movilidad para 1º y 2º ciclo y grado;Zaragoza;Facultad de Economía y Empresa;Trabajo fin de Grado;Trabajo fin de grado;Optativa;;;;1;1;1;1.00;27/09/2020
2018;Grado;Grado: Administración y Dirección de Empresas;Zaragoza;Facultad de Economía y Empresa;Aplicaciones econometricas de la empresa;Normal;Optativa;100.00;100.00;100.00;24;24;24;1.00;27/09/2020
2018;Grado;Grado: Administración y Dirección de Empresas;Huesca;Facultad de Empresa y Gestión Pública;Aplicaciones econometricas de la empresa;Normal;Optativa;;;;0;0;0;1.00;27/09/2020
2018;Grado;Grado: Administración y Dirección de Empresas;Zaragoza;Facultad de Economía y Empresa;Contabilidad pública;Normal;Optativa;98.00;94.23;96.15;60;57;58;1.02;27/09/2020
2018;Grado;Grado: Administración y Dirección de Empresas;Huesca;Facultad de Empresa y Gestión Pública;Contabilidad pública;Normal;Optativa;;;;0;0;0;1.00;27/09/2020
2018;Grado;Grado: Administración y Dirección de Empresas;Teruel;Facultad de Ciencias Sociales y Humanas de Teruel;Contabilidad pública;Normal;Optativa;;;;0;0;0;1.00;27/09/2020
2018;Grado;Grado: Administración y Dirección de Empresas;Zaragoza;Facultad de Economía y Empresa;Decisiones comerciales;Normal;Optativa;100.00;100.00;100.00;175;174;174;1.00;27/09/2020
2018;Grado;Grado: Administración y Dirección de Empresas;Huesca;Facultad de Empresa y Gestión Pública;Decisiones comerciales;Normal;Optativa;100.00;100.00;100.00;14;14;14;1.00;27/09/2020
2018;Grado;Grado: Administración y Dirección de Empresas;Zaragoza;Facultad de Economía y Empresa;Derecho mercantil;Normal;Optativa;100.00;90.00;90.00;58;53;53;1.09;27/09/2020
2018;Grado;Grado: Administración y Dirección de Empresas;Huesca;Facultad de Empresa y Gestión Pública;Derecho mercantil;Normal;Optativa;100.00;83.33;83.33;6;5;5;1.00;27/09/2020
2018;Grado;Grado: Administración y Dirección de Empresas;Teruel;Facultad de Ciencias Sociales y Humanas de Teruel;Derecho mercantil;Normal;Optativa;100.00;100.00;100.00;2;2;2;1.00;27/09/2020
2018;Grado;Grado: Administración y Dirección de Empresas;Zaragoza;Facultad de Economía y Empresa;Dirección de entidades de economía social;Normal;Optativa;100.00;97.44;97.44;49;48;48;1.00;27/09/2020
2018;Grado;Grado: Administración y Dirección de Empresas;Teruel;Facultad de Ciencias Sociales y Humanas de Teruel;Dirección de entidades de economía social;Normal;Optativa;100.00;100.00;100.00;6;6;6;1.00;27/09/2020
2018;Grado;Grado: Administración y Dirección de Empresas;Zaragoza;Facultad de Economía y Empresa;Dirección de la empresa internacional;Normal;Optativa;93.75;92.31;98.46;97;91;96;1.08;27/09/2020
2018;Grado;Grado: Administración y Dirección de Empresas;Huesca;Facultad de Empresa y Gestión Pública;Dirección de la empresa internacional;Normal;Optativa;62.50;50.00;80.00;13;8;11;1.00;27/09/2020
2018;Grado;Grado: Administración y Dirección de Empresas;Teruel;Facultad de Ciencias Sociales y Humanas de Teruel;Dirección de la empresa internacional;Normal;Optativa;100.00;100.00;100.00;6;6;6;1.00;27/09/2020
2018;Grado;Grado: Administración y Dirección de Empresas;Zaragoza;Facultad de Economía y Empresa;Innovación y cambio tecnológico de la empresa;Normal;Optativa;100.00;97.56;97.56;57;56;56;1.00;27/09/2020
2018;Grado;Grado: Administración y Dirección de Empresas;Teruel;Facultad de Ciencias Sociales y Humanas de Teruel;Innovación y cambio tecnológico de la empresa;Normal;Optativa;100.00;100.00;100.00;7;7;7;1.00;27/09/2020
2018;Grado;Grado: Administración y Dirección de Empresas;Zaragoza;Facultad de Economía y Empresa;Investigación operativa;Normal;Optativa;100.00;89.29;89.29;31;28;28;1.00;27/09/2020
2018;Grado;Grado: Administración y Dirección de Empresas;Zaragoza;Facultad de Economía y Empresa;Logística y cadena de suministro;Normal;Optativa;96.00;92.31;96.15;42;40;41;1.00;27/09/2020
2018;Grado;Grado: Administración y Dirección de Empresas;Huesca;Facultad de Empresa y Gestión Pública;Logística y cadena de suministro;Normal;Optativa;;;;0;0;0;1.00;27/09/2020
2018;Grado;Grado: Administración y Dirección de Empresas;Teruel;Facultad de Ciencias Sociales y Humanas de Teruel;Logística y cadena de suministro;Normal;Optativa;100.00;100.00;100.00;9;9;9;1.00;27/09/2020
2018;Grado;Grado: Administración y Dirección de Empresas;Zaragoza;Facultad de Economía y Empresa;Mercados financieros;Normal;Optativa;94.81;91.25;96.25;104;94;100;1.06;27/09/2020
2018;Grado;Grado: Administración y Dirección de Empresas;Huesca;Facultad de Empresa y Gestión Pública;Mercados financieros;Normal;Optativa;100.00;70.00;70.00;13;10;10;1.18;27/09/2020
2018;Grado;Grado: Administración y Dirección de Empresas;Teruel;Facultad de Ciencias Sociales y Humanas de Teruel;Mercados financieros;Normal;Optativa;100.00;100.00;100.00;10;10;10;1.20;27/09/2020
2018;Grado;Grado: Administración y Dirección de Empresas;Zaragoza;Facultad de Economía y Empresa;Control de gestión;Normal;Optativa;96.67;93.55;96.77;143;134;139;1.00;27/09/2020
2018;Grado;Grado: Administración y Dirección de Empresas;Huesca;Facultad de Empresa y Gestión Pública;Control de gestión;Normal;Optativa;100.00;81.82;81.82;13;11;11;1.00;27/09/2020
2018;Grado;Grado: Administración y Dirección de Empresas;Zaragoza;Facultad de Economía y Empresa;Las TIC en la empresa;Normal;Optativa;99.23;96.99;97.74;150;146;147;1.00;27/09/2020
2018;Grado;Grado: Administración y Dirección de Empresas;Huesca;Facultad de Empresa y Gestión Pública;Las TIC en la empresa;Normal;Optativa;100.00;94.74;94.74;21;20;20;1.00;27/09/2020
2018;Grado;Grado: Administración y Dirección de Empresas;Teruel;Facultad de Ciencias Sociales y Humanas de Teruel;Las TIC en la empresa;Normal;Optativa;;;;1;1;1;1.00;27/09/2020
2018;Grado;Grado: Administración y Dirección de Empresas;Zaragoza;Facultad de Economía y Empresa;Lengua extranjera empresarial (Inglés);Normal;Optativa;84.69;79.05;93.33;106;84;99;1.15;27/09/2020
2018;Grado;Grado: Administración y Dirección de Empresas;Huesca;Facultad de Empresa y Gestión Pública;Lengua extranjera empresarial (Inglés);Normal;Optativa;96.00;82.76;86.21;31;26;27;1.31;27/09/2020
2018;Grado;Grado: Administración y Dirección de Empresas;Zaragoza;Facultad de Economía y Empresa;Lengua extranjera empresarial (Francés);Normal;Optativa;100.00;100.00;100.00;10;10;10;1.00;27/09/2020
2018;Grado;Grado: Administración y Dirección de Empresas;Huesca;Facultad de Empresa y Gestión Pública;Lengua extranjera empresarial (Francés);Normal;Optativa;100.00;100.00;100.00;2;2;2;1.00;27/09/2020
2018;Grado;Grado: Administración y Dirección de Empresas;Teruel;Facultad de Ciencias Sociales y Humanas de Teruel;Lengua extranjera empresarial (Francés);Normal;Optativa;;;;1;1;1;1.00;27/09/2020
2018;Grado;Grado: Administración y Dirección de Empresas;Zaragoza;Facultad de Economía y Empresa;Lengua extranjera empresarial (Alemán);Normal;Optativa;100.00;100.00;100.00;12;11;12;1.00;27/09/2020
2018;Grado;Grado: Administración y Dirección de Empresas;Zaragoza;Facultad de Economía y Empresa;Prácticas en empresa I;Prácticas externas;Optativa;100.00;100.00;100.00;17;17;17;1.00;27/09/2020
2018;Grado;Grado: Administración y Dirección de Empresas;Teruel;Facultad de Ciencias Sociales y Humanas de Teruel;Prácticas en empresa I;Prácticas externas;Optativa;;;;1;1;1;1.00;27/09/2020
2018;Grado;Grado: Administración y Dirección de Empresas;Zaragoza;Facultad de Economía y Empresa;Creación y gestión de pymes;Normal;Optativa;98.25;94.92;96.61;68;65;66;1.03;27/09/2020
2018;Grado;Grado: Administración y Dirección de Empresas;Huesca;Facultad de Empresa y Gestión Pública;Creación y gestión de pymes;Normal;Optativa;83.33;83.33;100.00;8;7;8;1.00;27/09/2020
2018;Grado;Grado: Administración y Dirección de Empresas;Teruel;Facultad de Ciencias Sociales y Humanas de Teruel;Creación y gestión de pymes;Normal;Optativa;100.00;100.00;100.00;7;6;6;1.00;27/09/2020
2018;Grado;Grado: Administración y Dirección de Empresas;Zaragoza;Facultad de Economía y Empresa;Dirección comercial II;Normal;Optativa;100.00;98.89;98.89;126;124;124;1.06;27/09/2020
2018;Grado;Grado: Administración y Dirección de Empresas;Huesca;Facultad de Empresa y Gestión Pública;Dirección comercial II;Normal;Optativa;100.00;88.89;88.89;13;12;12;1.00;27/09/2020
2018;Grado;Grado: Administración y Dirección de Empresas;Teruel;Facultad de Ciencias Sociales y Humanas de Teruel;Dirección comercial II;Normal;Optativa;92.31;85.71;92.86;17;15;16;1.12;27/09/2020
2018;Grado;Grado: Administración y Dirección de Empresas;Zaragoza;Facultad de Economía y Empresa;Dirección financiera internacional;Normal;Optativa;95.08;90.63;95.31;85;79;82;1.04;27/09/2020
2018;Grado;Grado: Administración y Dirección de Empresas;Teruel;Facultad de Ciencias Sociales y Humanas de Teruel;Dirección financiera internacional;Normal;Optativa;;;;1;1;1;1.00;27/09/2020
2018;Grado;Grado: Administración y Dirección de Empresas;Zaragoza;Facultad de Economía y Empresa;Gestión de tesorería;Normal;Optativa;96.67;87.88;90.91;42;38;39;1.10;27/09/2020
2018;Grado;Grado: Administración y Dirección de Empresas;Huesca;Facultad de Empresa y Gestión Pública;Gestión de tesorería;Normal;Optativa;100.00;100.00;100.00;13;13;13;1.00;27/09/2020
2018;Grado;Grado: Administración y Dirección de Empresas;Zaragoza;Facultad de Economía y Empresa;Gestión integrada y creación de valor;Normal;Optativa;97.22;93.33;96.00;92;87;89;1.06;27/09/2020
2018;Grado;Grado: Administración y Dirección de Empresas;Huesca;Facultad de Empresa y Gestión Pública;Gestión integrada y creación de valor;Normal;Optativa;100.00;100.00;100.00;12;12;12;1.00;27/09/2020
2018;Grado;Grado: Administración y Dirección de Empresas;Teruel;Facultad de Ciencias Sociales y Humanas de Teruel;Gestión integrada y creación de valor;Normal;Optativa;100.00;100.00;100.00;12;12;12;1.23;27/09/2020
2018;Grado;Grado: Administración y Dirección de Empresas;Zaragoza;Facultad de Economía y Empresa;Gestión medioambiental;Normal;Optativa;100.00;98.35;98.35;132;130;130;1.01;27/09/2020
2018;Grado;Grado: Administración y Dirección de Empresas;Teruel;Facultad de Ciencias Sociales y Humanas de Teruel;Gestión medioambiental;Normal;Optativa;;;;1;1;1;1.00;27/09/2020
2018;Grado;Grado: Administración y Dirección de Empresas;Zaragoza;Facultad de Economía y Empresa;Información financiera internacional;Normal;Optativa;100.00;71.43;71.43;18;14;14;1.00;27/09/2020
2018;Grado;Grado: Administración y Dirección de Empresas;Teruel;Facultad de Ciencias Sociales y Humanas de Teruel;Información financiera internacional;Normal;Optativa;100.00;100.00;100.00;8;8;8;1.00;27/09/2020
2018;Grado;Grado: Administración y Dirección de Empresas;Zaragoza;Facultad de Economía y Empresa;Modelos de excelencia y calidad en la gestión;Normal;Optativa;85.71;66.67;77.78;29;21;23;1.00;27/09/2020
2018;Grado;Grado: Administración y Dirección de Empresas;Zaragoza;Facultad de Economía y Empresa;Política económica;Normal;Optativa;100.00;90.48;90.48;28;26;26;1.03;27/09/2020
2018;Grado;Grado: Administración y Dirección de Empresas;Huesca;Facultad de Empresa y Gestión Pública;Política económica;Normal;Optativa;100.00;100.00;100.00;7;7;7;1.00;27/09/2020
2018;Grado;Grado: Administración y Dirección de Empresas;Teruel;Facultad de Ciencias Sociales y Humanas de Teruel;Política económica;Normal;Optativa;100.00;66.67;66.67;6;3;3;1.00;27/09/2020
2018;Grado;Grado: Administración y Dirección de Empresas;Zaragoza;Facultad de Economía y Empresa;Régimen laboral de la empresa;Normal;Optativa;100.00;78.57;78.57;54;45;45;1.00;27/09/2020
2018;Grado;Grado: Administración y Dirección de Empresas;Huesca;Facultad de Empresa y Gestión Pública;Régimen laboral de la empresa;Normal;Optativa;100.00;100.00;100.00;4;4;4;1.00;27/09/2020
2018;Grado;Grado: Administración y Dirección de Empresas;Teruel;Facultad de Ciencias Sociales y Humanas de Teruel;Régimen laboral de la empresa;Normal;Optativa;100.00;100.00;100.00;2;2;2;1.00;27/09/2020
2018;Grado;Grado: Administración y Dirección de Empresas;Zaragoza;Facultad de Economía y Empresa;Sociología de las organizaciones;Normal;Optativa;97.18;93.24;95.95;95;90;92;1.01;27/09/2020
2018;Grado;Grado: Administración y Dirección de Empresas;Huesca;Facultad de Empresa y Gestión Pública;Sociología de las organizaciones;Normal;Optativa;100.00;94.74;94.74;21;20;20;1.00;27/09/2020
2018;Grado;Grado: Administración y Dirección de Empresas;Teruel;Facultad de Ciencias Sociales y Humanas de Teruel;Sociología de las organizaciones;Normal;Optativa;100.00;50.00;50.00;3;2;2;1.00;27/09/2020
2018;Grado;Grado: Administración y Dirección de Empresas;Zaragoza;Facultad de Economía y Empresa;Prácticas en empresa II;Prácticas externas;Optativa;100.00;88.89;88.89;18;16;16;1.00;27/09/2020
2018;Grado;Grado: Administración y Dirección de Empresas;Zaragoza;Facultad de Economía y Empresa;Prácticas en empresa;Prácticas externas;Optativa;100.00;99.37;99.37;158;157;157;1.00;27/09/2020
2018;Grado;Grado: Administración y Dirección de Empresas;Huesca;Facultad de Empresa y Gestión Pública;Prácticas en empresa;Prácticas externas;Optativa;100.00;100.00;100.00;17;17;17;1.00;27/09/2020
2018;Grado;Grado: Administración y Dirección de Empresas;Teruel;Facultad de Ciencias Sociales y Humanas de Teruel;Prácticas en empresa;Prácticas externas;Optativa;100.00;100.00;100.00;10;10;10;1.00;27/09/2020
2018;Grado;Grado: Economía;Zaragoza;Facultad de Economía y Empresa;Principios de economía;Normal;Formación básica;67.19;56.58;84.21;228;129;192;1.34;27/09/2020
2018;Grado;Grado: Economía;Zaragoza;Facultad de Economía y Empresa;Economía de la empresa;Normal;Formación básica;66.15;53.97;81.59;239;129;195;1.61;27/09/2020
2018;Grado;Grado: Economía;Zaragoza;Facultad de Economía y Empresa;Matemáticas I;Normal;Formación básica;53.96;39.21;72.66;278;109;202;1.77;27/09/2020
2018;Grado;Grado: Economía;Zaragoza;Facultad de Economía y Empresa;Estadística I;Normal;Formación básica;62.22;46.09;74.07;243;112;180;1.52;27/09/2020
2018;Grado;Grado: Economía;Zaragoza;Facultad de Economía y Empresa;Principios de derecho y derecho mercantil;Normal;Formación básica;87.06;70.81;81.34;209;148;170;1.28;27/09/2020
2018;Grado;Grado: Economía;Zaragoza;Facultad de Economía y Empresa;Introducción a la economía aplicada;Normal;Formación básica;61.62;44.02;71.43;259;114;185;1.57;27/09/2020
2018;Grado;Grado: Economía;Zaragoza;Facultad de Economía y Empresa;Historia económica mundial;Normal;Formación básica;71.60;51.27;71.61;236;121;169;1.46;27/09/2020
2018;Grado;Grado: Economía;Zaragoza;Facultad de Economía y Empresa;Introducción a las finanzas;Normal;Formación básica;82.53;60.35;73.13;227;137;166;1.22;27/09/2020
2018;Grado;Grado: Economía;Zaragoza;Facultad de Economía y Empresa;Matemáticas II;Normal;Formación básica;45.51;27.94;61.40;272;76;167;1.53;27/09/2020
2018;Grado;Grado: Economía;Zaragoza;Facultad de Economía y Empresa;Fundamentos de márketing;Normal;Formación básica;85.71;66.35;77.40;208;138;161;1.31;27/09/2020
2018;Grado;Grado: Economía;Zaragoza;Facultad de Economía y Empresa;Microeconomia I;Normal;Obligatoria;63.23;51.58;81.58;190;98;155;1.78;27/09/2020
2018;Grado;Grado: Economía;Zaragoza;Facultad de Economía y Empresa;Macroeconomia I;Normal;Obligatoria;58.27;45.76;78.53;178;82;140;1.78;27/09/2020
2018;Grado;Grado: Economía;Zaragoza;Facultad de Economía y Empresa;Economía mundial;Normal;Obligatoria;80.27;73.75;91.88;160;118;147;1.55;27/09/2020
2018;Grado;Grado: Economía;Zaragoza;Facultad de Economía y Empresa;Historia económica de España;Normal;Obligatoria;73.72;65.34;88.64;176;115;156;1.60;27/09/2020
2018;Grado;Grado: Economía;Zaragoza;Facultad de Economía y Empresa;Introducción a la contabilidad;Normal;Obligatoria;60.14;46.11;76.67;180;83;138;1.87;27/09/2020
2018;Grado;Grado: Economía;Zaragoza;Facultad de Economía y Empresa;Microeconomia II;Normal;Obligatoria;71.01;57.31;80.70;172;98;138;1.54;27/09/2020
2018;Grado;Grado: Economía;Zaragoza;Facultad de Economía y Empresa;Macroeconomía II;Normal;Obligatoria;79.53;60.12;75.60;168;101;127;1.35;27/09/2020
2018;Grado;Grado: Economía;Zaragoza;Facultad de Economía y Empresa;Economía española;Normal;Obligatoria;74.83;62.78;83.89;180;113;151;1.69;27/09/2020
2018;Grado;Grado: Economía;Zaragoza;Facultad de Economía y Empresa;Economía pública I;Normal;Obligatoria;74.80;57.14;76.40;162;93;124;1.24;27/09/2020
2018;Grado;Grado: Economía;Zaragoza;Facultad de Economía y Empresa;Estadística II;Normal;Obligatoria;82.89;64.05;77.27;243;155;188;1.76;27/09/2020
2018;Grado;Grado: Economía;Zaragoza;Facultad de Economía y Empresa;Microeconomía III;Normal;Obligatoria;71.63;56.74;79.21;184;105;145;1.80;27/09/2020
2018;Grado;Grado: Economía;Zaragoza;Facultad de Economía y Empresa;Economía pública II;Normal;Obligatoria;88.99;78.23;87.90;129;102;114;1.38;27/09/2020
2018;Grado;Grado: Economía;Zaragoza;Facultad de Economía y Empresa;Política económica I;Normal;Obligatoria;71.57;65.77;91.89;117;79;108;1.23;27/09/2020
2018;Grado;Grado: Economía;Zaragoza;Facultad de Economía y Empresa;Econometría I;Normal;Obligatoria;83.48;68.09;81.56;148;101;121;1.48;27/09/2020
2018;Grado;Grado: Economía;Zaragoza;Facultad de Economía y Empresa;Microeconomia IV;Normal;Obligatoria;84.00;70.00;83.33;126;88;105;1.20;27/09/2020
2018;Grado;Grado: Economía;Zaragoza;Facultad de Economía y Empresa;Sistema fiscal español I;Normal;Obligatoria;81.48;72.13;88.52;123;89;109;1.12;27/09/2020
2018;Grado;Grado: Economía;Zaragoza;Facultad de Economía y Empresa;Política económica II;Normal;Obligatoria;92.55;79.09;85.45;115;91;98;1.12;27/09/2020
2018;Grado;Grado: Economía;Zaragoza;Facultad de Economía y Empresa;Econometría II;Normal;Obligatoria;74.22;57.58;77.58;172;100;135;1.46;27/09/2020
2018;Grado;Grado: Economía;Zaragoza;Facultad de Economía y Empresa;Macroeconomía III;Normal;Obligatoria;88.54;72.65;82.05;126;93;105;1.26;27/09/2020
2018;Grado;Grado: Economía;Zaragoza;Facultad de Economía y Empresa;Econometría III;Normal;Obligatoria;59.38;50.44;84.96;119;62;102;1.59;27/09/2020
2018;Grado;Grado: Economía;Zaragoza;Facultad de Economía y Empresa;Macroeconomia IV;Normal;Obligatoria;94.79;81.98;86.49;118;96;103;1.24;27/09/2020
2018;Grado;Grado: Economía;Zaragoza;Facultad de Economía y Empresa;Trabajo fin de Grado;Trabajo fin de grado;Trabajo fin de Grado;98.92;59.35;60.00;155;92;93;1.02;27/09/2020
2018;Grado;Grado: Economía;Zaragoza;Facultad de Economía y Empresa;Economia laboral;Normal;Optativa;75.00;64.86;86.49;40;27;35;1.04;27/09/2020
2018;Grado;Grado: Economía;Zaragoza;Facultad de Economía y Empresa;Comercio internacional;Normal;Optativa;64.29;56.25;87.50;21;13;19;1.15;27/09/2020
2018;Grado;Grado: Economía;Zaragoza;Facultad de Economía y Empresa;Contabilidad de las administraciones públicas;Normal;Optativa;87.30;84.62;96.92;66;56;64;1.07;27/09/2020
2018;Grado;Grado: Economía;Zaragoza;Facultad de Economía y Empresa;Decisión y juegos;Normal;Optativa;100.00;85.71;85.71;25;22;22;1.14;27/09/2020
2018;Grado;Grado: Economía;Zaragoza;Facultad de Economía y Empresa;Presupuesto y gasto público;Normal;Optativa;89.80;83.02;92.45;56;47;52;1.19;27/09/2020
2018;Grado;Grado: Economía;Zaragoza;Facultad de Economía y Empresa;Economia de las organizaciones;Normal;Optativa;95.00;82.61;86.96;26;22;23;1.12;27/09/2020
2018;Grado;Grado: Economía;Zaragoza;Facultad de Economía y Empresa;Globalización, desarrollo e historia;Normal;Optativa;77.78;53.85;69.23;17;11;13;1.18;27/09/2020
2018;Grado;Grado: Economía;Zaragoza;Facultad de Economía y Empresa;Hacienda autonómica y local;Normal;Optativa;100.00;95.00;95.00;22;20;20;1.05;27/09/2020
2018;Grado;Grado: Economía;Zaragoza;Facultad de Economía y Empresa;Dirección de márketing;Normal;Optativa;100.00;100.00;100.00;69;68;68;1.01;27/09/2020
2018;Grado;Grado: Economía;Zaragoza;Facultad de Economía y Empresa;Análisis contable;Normal;Optativa;86.96;80.00;92.00;28;23;26;1.12;27/09/2020
2018;Grado;Grado: Economía;Zaragoza;Facultad de Economía y Empresa;Derecho público de la economía;Normal;Optativa;91.67;78.57;85.71;16;12;14;1.08;27/09/2020
2018;Grado;Grado: Economía;Zaragoza;Facultad de Economía y Empresa;Aplicaciones econométricas;Normal;Optativa;100.00;100.00;100.00;16;16;16;1.00;27/09/2020
2018;Grado;Grado: Economía;Zaragoza;Facultad de Economía y Empresa;Pensamiento económico;Normal;Optativa;86.21;83.33;96.67;66;55;64;1.16;27/09/2020
2018;Grado;Grado: Economía;Zaragoza;Facultad de Economía y Empresa;Sistema fiscal español II;Normal;Optativa;100.00;95.83;95.83;24;23;23;1.00;27/09/2020
2018;Grado;Grado: Economía;Zaragoza;Facultad de Economía y Empresa;Economía regional;Normal;Optativa;77.78;73.68;94.74;21;15;19;1.13;27/09/2020
2018;Grado;Grado: Economía;Zaragoza;Facultad de Economía y Empresa;Sistemas informáticos de ayuda a la decisión;Normal;Optativa;96.30;92.86;96.43;30;28;29;1.00;27/09/2020
2018;Grado;Grado: Economía;Zaragoza;Facultad de Economía y Empresa;Sistema monetario internacional;Normal;Optativa;96.55;87.50;90.63;36;32;33;1.03;27/09/2020
2018;Grado;Grado: Economía;Zaragoza;Facultad de Economía y Empresa;Innovación, crecimiento y sostenibilidad;Normal;Optativa;100.00;96.36;96.36;60;58;58;1.00;27/09/2020
2018;Grado;Grado: Economía;Zaragoza;Facultad de Economía y Empresa;Banca y mercados financieros;Normal;Optativa;95.65;91.67;95.83;31;29;30;1.03;27/09/2020
2018;Grado;Grado: Economía;Zaragoza;Facultad de Economía y Empresa;Sociología;Normal;Optativa;97.22;92.11;94.74;47;44;45;1.04;27/09/2020
2018;Grado;Grado: Economía;Zaragoza;Facultad de Economía y Empresa;Inglés para economistas;Normal;Optativa;73.44;67.14;91.43;71;48;65;1.43;27/09/2020
2018;Grado;Grado: Economía;Zaragoza;Facultad de Economía y Empresa;Coyuntura económica;Normal;Optativa;100.00;92.31;92.31;28;26;26;1.12;27/09/2020
2018;Grado;Grado: Economía;Zaragoza;Facultad de Economía y Empresa;Técnicas de predicción;Normal;Optativa;100.00;90.48;90.48;26;23;23;1.00;27/09/2020
2018;Grado;Grado: Economía;Zaragoza;Facultad de Economía y Empresa;Gestión pública;Normal;Optativa;100.00;100.00;100.00;18;16;16;1.00;27/09/2020
2018;Grado;Grado: Economía;Zaragoza;Facultad de Economía y Empresa;Gobierno electrónico y decisiones públicas;Normal;Optativa;85.71;75.00;87.50;12;9;10;1.00;27/09/2020
2018;Grado;Grado: Economía;Zaragoza;Facultad de Economía y Empresa;Prácticas en empresa I;Prácticas externas;Optativa;100.00;85.71;85.71;7;6;6;1.00;27/09/2020
2018;Grado;Grado: Economía;Zaragoza;Facultad de Economía y Empresa;Prácticas en empresa II;Prácticas externas;Optativa;100.00;100.00;100.00;3;3;3;1.00;27/09/2020
2018;Grado;Grado: Economía;Zaragoza;Facultad de Economía y Empresa;Prácticas en empresa;Prácticas externas;Optativa;100.00;98.33;98.33;60;59;59;1.00;27/09/2020
2018;Grado;Grado: Finanzas y Contabilidad;Zaragoza;Facultad de Economía y Empresa;Fundamentos de administración de empresas;Normal;Formación básica;72.22;56.93;78.83;137;78;108;1.21;27/09/2020
2018;Grado;Grado: Finanzas y Contabilidad;Zaragoza;Facultad de Economía y Empresa;Contabilidad financiera I;Normal;Formación básica;49.59;39.47;79.61;152;60;121;1.49;27/09/2020
2018;Grado;Grado: Finanzas y Contabilidad;Zaragoza;Facultad de Economía y Empresa;Matemáticas I;Normal;Formación básica;55.56;35.91;64.64;181;65;117;1.84;27/09/2020
2018;Grado;Grado: Finanzas y Contabilidad;Zaragoza;Facultad de Economía y Empresa;Introducción al márketing;Normal;Formación básica;73.55;67.94;92.37;131;89;121;1.24;27/09/2020
2018;Grado;Grado: Finanzas y Contabilidad;Zaragoza;Facultad de Economía y Empresa;Introducción al derecho;Normal;Formación básica;84.55;71.72;84.83;145;104;123;1.21;27/09/2020
2018;Grado;Grado: Finanzas y Contabilidad;Zaragoza;Facultad de Economía y Empresa;Historia económica y economía mundial;Normal;Formación básica;60.91;47.52;78.01;141;67;110;1.32;27/09/2020
2018;Grado;Grado: Finanzas y Contabilidad;Zaragoza;Facultad de Economía y Empresa;Contabilidad financiera II;Normal;Formación básica;58.27;35.75;61.35;207;74;127;2.04;27/09/2020
2018;Grado;Grado: Finanzas y Contabilidad;Zaragoza;Facultad de Economía y Empresa;Microeconomía I;Normal;Formación básica;58.82;35.09;59.65;171;60;102;1.72;27/09/2020
2018;Grado;Grado: Finanzas y Contabilidad;Zaragoza;Facultad de Economía y Empresa;Matemáticas II;Normal;Formación básica;58.97;25.99;44.07;177;46;78;1.30;27/09/2020
2018;Grado;Grado: Finanzas y Contabilidad;Zaragoza;Facultad de Economía y Empresa;Estadística I;Normal;Formación básica;56.84;34.18;60.13;158;54;95;1.46;27/09/2020
2018;Grado;Grado: Finanzas y Contabilidad;Zaragoza;Facultad de Economía y Empresa;Estadística II;Normal;Obligatoria;59.41;42.25;71.13;142;60;101;1.75;27/09/2020
2018;Grado;Grado: Finanzas y Contabilidad;Zaragoza;Facultad de Economía y Empresa;Fiscalidad de la empresa;Normal;Obligatoria;73.24;54.17;73.96;96;52;71;1.21;27/09/2020
2018;Grado;Grado: Finanzas y Contabilidad;Zaragoza;Facultad de Economía y Empresa;Macroeconomia I;Normal;Obligatoria;74.12;57.80;77.98;109;63;85;1.27;27/09/2020
2018;Grado;Grado: Finanzas y Contabilidad;Zaragoza;Facultad de Economía y Empresa;Microeconomia II;Normal;Obligatoria;77.27;65.38;84.62;104;68;88;1.54;27/09/2020
2018;Grado;Grado: Finanzas y Contabilidad;Zaragoza;Facultad de Economía y Empresa;Organización y gestión interna;Normal;Obligatoria;74.76;65.81;88.03;117;77;103;1.75;27/09/2020
2018;Grado;Grado: Finanzas y Contabilidad;Zaragoza;Facultad de Economía y Empresa;Análisis y valoración de las operaciones financieras;Normal;Obligatoria;75.95;60.61;79.80;99;60;79;1.30;27/09/2020
2018;Grado;Grado: Finanzas y Contabilidad;Zaragoza;Facultad de Economía y Empresa;Economia española;Normal;Obligatoria;51.00;43.59;85.47;117;51;100;2.04;27/09/2020
2018;Grado;Grado: Finanzas y Contabilidad;Zaragoza;Facultad de Economía y Empresa;Estados financieros;Normal;Obligatoria;75.86;65.35;86.14;101;66;87;1.41;27/09/2020
2018;Grado;Grado: Finanzas y Contabilidad;Zaragoza;Facultad de Economía y Empresa;Introducción a la investigación de mercados;Normal;Obligatoria;97.10;89.33;92.00;75;67;69;1.01;27/09/2020
2018;Grado;Grado: Finanzas y Contabilidad;Zaragoza;Facultad de Economía y Empresa;Macroeconomía II;Normal;Obligatoria;83.87;61.90;73.81;126;78;93;1.49;27/09/2020
2018;Grado;Grado: Finanzas y Contabilidad;Zaragoza;Facultad de Economía y Empresa;Análisis financiero;Normal;Obligatoria;76.40;70.83;92.71;99;71;92;1.69;27/09/2020
2018;Grado;Grado: Finanzas y Contabilidad;Zaragoza;Facultad de Economía y Empresa;Planificación estratégica;Normal;Obligatoria;83.08;72.97;87.84;75;55;66;1.25;27/09/2020
2018;Grado;Grado: Finanzas y Contabilidad;Zaragoza;Facultad de Economía y Empresa;Análisis econométrico;Normal;Obligatoria;84.72;70.93;83.72;86;61;72;1.13;27/09/2020
2018;Grado;Grado: Finanzas y Contabilidad;Zaragoza;Facultad de Economía y Empresa;Renta fija y derivados;Normal;Obligatoria;82.35;75.68;91.89;111;84;102;1.64;27/09/2020
2018;Grado;Grado: Finanzas y Contabilidad;Zaragoza;Facultad de Economía y Empresa;Gestión financiera;Normal;Obligatoria;90.82;85.58;94.23;106;91;100;1.14;27/09/2020
2018;Grado;Grado: Finanzas y Contabilidad;Zaragoza;Facultad de Economía y Empresa;Consolidación de estados financieros;Normal;Obligatoria;71.88;61.06;84.96;116;71;99;1.82;27/09/2020
2018;Grado;Grado: Finanzas y Contabilidad;Zaragoza;Facultad de Economía y Empresa;Contabilidad analítica;Normal;Obligatoria;90.91;76.92;84.62;79;60;67;1.20;27/09/2020
2018;Grado;Grado: Finanzas y Contabilidad;Zaragoza;Facultad de Economía y Empresa;Planificación fiscal de la empresa;Normal;Obligatoria;94.44;88.54;93.75;99;88;93;1.28;27/09/2020
2018;Grado;Grado: Finanzas y Contabilidad;Zaragoza;Facultad de Economía y Empresa;Bolsa y análisis bursátil;Normal;Obligatoria;98.78;88.04;89.13;93;81;83;1.14;27/09/2020
2018;Grado;Grado: Finanzas y Contabilidad;Zaragoza;Facultad de Economía y Empresa;Valoración de empresas;Normal;Obligatoria;90.48;87.69;96.92;69;60;66;1.07;27/09/2020
2018;Grado;Grado: Finanzas y Contabilidad;Zaragoza;Facultad de Economía y Empresa;Auditoría de estados financieros;Normal;Obligatoria;64.71;55.00;85.00;64;37;55;1.27;27/09/2020
2018;Grado;Grado: Finanzas y Contabilidad;Zaragoza;Facultad de Economía y Empresa;Trabajo fin de Grado;Trabajo fin de grado;Trabajo fin de Grado;100.00;69.07;69.07;97;67;67;1.01;27/09/2020
2018;Grado;Grado: Finanzas y Contabilidad;Zaragoza;Facultad de Economía y Empresa;Sistemas informativos contables;Normal;Optativa;100.00;96.49;96.49;58;56;56;1.00;27/09/2020
2018;Grado;Grado: Finanzas y Contabilidad;Zaragoza;Facultad de Economía y Empresa;Entidades bancarias y sus operaciones;Normal;Optativa;94.74;90.00;95.00;41;37;39;1.00;27/09/2020
2018;Grado;Grado: Finanzas y Contabilidad;Zaragoza;Facultad de Economía y Empresa;Gestión de procesos productivos;Normal;Optativa;100.00;100.00;100.00;16;16;16;1.00;27/09/2020
2018;Grado;Grado: Finanzas y Contabilidad;Zaragoza;Facultad de Economía y Empresa;Gobierno corporativo y RSC;Normal;Optativa;100.00;100.00;100.00;15;15;15;1.00;27/09/2020
2018;Grado;Grado: Finanzas y Contabilidad;Zaragoza;Facultad de Economía y Empresa;Sistemas decisionales;Normal;Optativa;95.24;90.91;95.45;24;22;23;1.00;27/09/2020
2018;Grado;Grado: Finanzas y Contabilidad;Zaragoza;Facultad de Economía y Empresa;Sistemas de información para el marketing;Normal;Optativa;100.00;100.00;100.00;24;22;24;1.05;27/09/2020
2018;Grado;Grado: Finanzas y Contabilidad;Zaragoza;Facultad de Economía y Empresa;Operaciones actuariales y de seguros;Normal;Optativa;97.14;97.14;100.00;40;38;39;1.03;27/09/2020
2018;Grado;Grado: Finanzas y Contabilidad;Zaragoza;Facultad de Economía y Empresa;Análisis contable de las administraciones públicas;Normal;Optativa;95.00;95.00;100.00;24;23;24;1.04;27/09/2020
2018;Grado;Grado: Finanzas y Contabilidad;Zaragoza;Facultad de Economía y Empresa;Derecho financiero;Normal;Optativa;100.00;100.00;100.00;8;8;8;1.00;27/09/2020
2018;Grado;Grado: Finanzas y Contabilidad;Zaragoza;Facultad de Economía y Empresa;Información para empresas con actividad exterior;Normal;Optativa;92.86;92.86;100.00;18;16;17;1.00;27/09/2020
2018;Grado;Grado: Finanzas y Contabilidad;Zaragoza;Facultad de Economía y Empresa;Prácticas en empresa I;Prácticas externas;Optativa;100.00;100.00;100.00;1;1;1;1.00;27/09/2020
2018;Grado;Grado: Finanzas y Contabilidad;Zaragoza;Facultad de Economía y Empresa;Análisis estadístico en finanzas;Normal;Optativa;100.00;100.00;100.00;19;19;19;1.00;27/09/2020
2018;Grado;Grado: Finanzas y Contabilidad;Zaragoza;Facultad de Economía y Empresa;Contabilidad y finanzas sociales;Normal;Optativa;100.00;100.00;100.00;17;16;16;1.00;27/09/2020
2018;Grado;Grado: Finanzas y Contabilidad;Zaragoza;Facultad de Economía y Empresa;Gestión de carteras;Normal;Optativa;100.00;91.43;91.43;39;35;35;1.00;27/09/2020
2018;Grado;Grado: Finanzas y Contabilidad;Zaragoza;Facultad de Economía y Empresa;Ingeniería financiera;Normal;Optativa;100.00;91.67;91.67;26;24;24;1.00;27/09/2020
2018;Grado;Grado: Finanzas y Contabilidad;Zaragoza;Facultad de Economía y Empresa;Derecho concursal;Normal;Optativa;100.00;100.00;100.00;10;10;10;1.00;27/09/2020
2018;Grado;Grado: Finanzas y Contabilidad;Zaragoza;Facultad de Economía y Empresa;Coyuntura económica;Normal;Optativa;100.00;100.00;100.00;8;7;7;1.00;27/09/2020
2018;Grado;Grado: Finanzas y Contabilidad;Zaragoza;Facultad de Economía y Empresa;Lengua extranjera para finanzas y contabilidad (inglés);Normal;Optativa;84.09;72.55;86.27;51;37;44;1.25;27/09/2020
2018;Grado;Grado: Finanzas y Contabilidad;Zaragoza;Facultad de Economía y Empresa;Lengua extranjera para finanzas y contabilidad (francés);Normal;Optativa;100.00;50.00;50.00;2;1;1;1.00;27/09/2020
2018;Grado;Grado: Finanzas y Contabilidad;Zaragoza;Facultad de Economía y Empresa;Derecho de sociedades;Normal;Optativa;100.00;75.00;75.00;6;5;5;1.00;27/09/2020
2018;Grado;Grado: Finanzas y Contabilidad;Zaragoza;Facultad de Economía y Empresa;Contabilidad de sociedades y otras entidades;Normal;Optativa;88.89;88.89;100.00;10;8;10;1.00;27/09/2020
2018;Grado;Grado: Finanzas y Contabilidad;Zaragoza;Facultad de Economía y Empresa;Prácticas en empresa II;Prácticas externas;Optativa;100.00;100.00;100.00;2;2;2;1.00;27/09/2020
2018;Grado;Grado: Finanzas y Contabilidad;Zaragoza;Facultad de Economía y Empresa;Prácticas en empresa;Prácticas externas;Optativa;100.00;96.88;96.88;32;31;31;1.00;27/09/2020
2018;Grado;Grado: Marketing e Investigación de Mercados;Zaragoza;Facultad de Economía y Empresa;Fundamentos de administración y direccion de empresas;Normal;Formación básica;82.43;75.78;91.93;161;122;148;1.26;27/09/2020
2018;Grado;Grado: Marketing e Investigación de Mercados;Zaragoza;Facultad de Economía y Empresa;Contabilidad financiera I;Normal;Formación básica;68.95;63.59;92.23;206;131;190;1.85;27/09/2020
2018;Grado;Grado: Marketing e Investigación de Mercados;Zaragoza;Facultad de Economía y Empresa;Matemáticas I;Normal;Formación básica;60.00;47.37;78.95;228;108;180;1.83;27/09/2020
2018;Grado;Grado: Marketing e Investigación de Mercados;Zaragoza;Facultad de Economía y Empresa;Introducción al márketing;Normal;Formación básica;93.01;89.86;96.62;148;133;143;1.23;27/09/2020
2018;Grado;Grado: Marketing e Investigación de Mercados;Zaragoza;Facultad de Economía y Empresa;Introducción al derecho;Normal;Formación básica;94.33;87.50;92.76;152;133;141;1.11;27/09/2020
2018;Grado;Grado: Marketing e Investigación de Mercados;Zaragoza;Facultad de Economía y Empresa;Historia económica y economía mundial;Normal;Formación básica;82.67;69.27;83.80;179;124;150;1.31;27/09/2020
2018;Grado;Grado: Marketing e Investigación de Mercados;Zaragoza;Facultad de Economía y Empresa;Contabilidad financiera II;Normal;Formación básica;59.01;41.30;70.00;230;95;161;1.77;27/09/2020
2018;Grado;Grado: Marketing e Investigación de Mercados;Zaragoza;Facultad de Economía y Empresa;Microeconomia I;Normal;Formación básica;67.61;53.13;78.57;224;119;176;1.71;27/09/2020
2018;Grado;Grado: Marketing e Investigación de Mercados;Zaragoza;Facultad de Economía y Empresa;Matemáticas II;Normal;Formación básica;55.80;38.69;69.35;199;77;138;1.53;27/09/2020
2018;Grado;Grado: Marketing e Investigación de Mercados;Zaragoza;Facultad de Economía y Empresa;Estadística I;Normal;Formación básica;64.66;41.95;64.88;205;86;133;1.73;27/09/2020
2018;Grado;Grado: Marketing e Investigación de Mercados;Zaragoza;Facultad de Economía y Empresa;Estadística II;Normal;Obligatoria;82.01;67.86;82.74;168;114;139;1.91;27/09/2020
2018;Grado;Grado: Marketing e Investigación de Mercados;Zaragoza;Facultad de Economía y Empresa;Fiscalidad de la empresa;Normal;Obligatoria;88.46;77.18;87.25;149;115;130;1.21;27/09/2020
2018;Grado;Grado: Marketing e Investigación de Mercados;Zaragoza;Facultad de Economía y Empresa;Macroeconomía I;Normal;Obligatoria;73.45;51.23;69.75;162;83;113;1.49;27/09/2020
2018;Grado;Grado: Marketing e Investigación de Mercados;Zaragoza;Facultad de Economía y Empresa;Microeconomia II;Normal;Obligatoria;71.90;64.44;89.63;136;87;122;1.53;27/09/2020
2018;Grado;Grado: Marketing e Investigación de Mercados;Zaragoza;Facultad de Economía y Empresa;Organización y gestión interna;Normal;Obligatoria;75.68;67.47;89.16;166;112;148;1.66;27/09/2020
2018;Grado;Grado: Marketing e Investigación de Mercados;Zaragoza;Facultad de Economía y Empresa;Análisis y valoración de las operaciones financieras;Normal;Obligatoria;60.66;46.54;76.73;159;74;122;1.55;27/09/2020
2018;Grado;Grado: Marketing e Investigación de Mercados;Zaragoza;Facultad de Economía y Empresa;Economia española;Normal;Obligatoria;61.74;48.97;79.31;145;71;115;1.65;27/09/2020
2018;Grado;Grado: Marketing e Investigación de Mercados;Zaragoza;Facultad de Economía y Empresa;Estados financieros;Normal;Obligatoria;73.98;65.94;89.13;138;91;123;1.38;27/09/2020
2018;Grado;Grado: Marketing e Investigación de Mercados;Zaragoza;Facultad de Economía y Empresa;Introducción a la investigación de mercados;Normal;Obligatoria;100.00;96.36;96.36;110;106;106;1.01;27/09/2020
2018;Grado;Grado: Marketing e Investigación de Mercados;Zaragoza;Facultad de Economía y Empresa;Macroeconomía II;Normal;Obligatoria;74.76;53.85;72.03;143;77;103;1.25;27/09/2020
2018;Grado;Grado: Marketing e Investigación de Mercados;Zaragoza;Facultad de Economía y Empresa;Investigación de mercados I;Normal;Obligatoria;95.77;93.15;97.26;73;68;71;1.16;27/09/2020
2018;Grado;Grado: Marketing e Investigación de Mercados;Zaragoza;Facultad de Economía y Empresa;Análisis de datos y técnicas multivariantes;Normal;Obligatoria;95.18;87.78;92.22;92;80;84;1.07;27/09/2020
2018;Grado;Grado: Marketing e Investigación de Mercados;Zaragoza;Facultad de Economía y Empresa;Comportamiento del cliente;Normal;Obligatoria;79.35;75.26;94.85;98;74;93;1.89;27/09/2020
2018;Grado;Grado: Marketing e Investigación de Mercados;Zaragoza;Facultad de Economía y Empresa;Sociología del consumo;Normal;Obligatoria;87.36;82.61;94.57;92;76;87;1.11;27/09/2020
2018;Grado;Grado: Marketing e Investigación de Mercados;Zaragoza;Facultad de Economía y Empresa;Decisiones sobre producto y marca;Normal;Obligatoria;98.67;94.87;96.15;78;74;75;1.28;27/09/2020
2018;Grado;Grado: Marketing e Investigación de Mercados;Zaragoza;Facultad de Economía y Empresa;Investigación de mercados II;Normal;Obligatoria;95.18;91.86;96.51;88;81;85;1.19;27/09/2020
2018;Grado;Grado: Marketing e Investigación de Mercados;Zaragoza;Facultad de Economía y Empresa;Decisiones sobre distribución comercial;Normal;Obligatoria;100.00;96.74;96.74;94;91;91;1.10;27/09/2020
2018;Grado;Grado: Marketing e Investigación de Mercados;Zaragoza;Facultad de Economía y Empresa;Decisiones sobre gestión comercial de precios;Normal;Obligatoria;96.91;94.95;97.98;100;95;98;1.47;27/09/2020
2018;Grado;Grado: Marketing e Investigación de Mercados;Zaragoza;Facultad de Economía y Empresa;Decisiones sobre comunicación comercial;Normal;Obligatoria;100.00;100.00;100.00;76;76;76;1.06;27/09/2020
2018;Grado;Grado: Marketing e Investigación de Mercados;Zaragoza;Facultad de Economía y Empresa;Econometría;Normal;Obligatoria;100.00;95.40;95.40;89;84;84;1.04;27/09/2020
2018;Grado;Grado: Marketing e Investigación de Mercados;Zaragoza;Facultad de Economía y Empresa;Plan de marketing;Normal;Obligatoria;94.87;93.67;98.73;97;92;96;1.21;27/09/2020
2018;Grado;Grado: Marketing e Investigación de Mercados;Zaragoza;Facultad de Economía y Empresa;Dirección de equipos;Normal;Obligatoria;100.00;97.33;97.33;92;89;90;1.00;27/09/2020
2018;Grado;Grado: Marketing e Investigación de Mercados;Zaragoza;Facultad de Economía y Empresa;Trabajo fin de Grado;Trabajo fin de grado;Trabajo fin de Grado;100.00;70.87;70.87;127;90;90;1.01;27/09/2020
2018;Grado;Grado: Marketing e Investigación de Mercados;Zaragoza;Facultad de Economía y Empresa;Marketing estratégico;Normal;Optativa;95.45;95.45;100.00;40;39;40;1.03;27/09/2020
2018;Grado;Grado: Marketing e Investigación de Mercados;Zaragoza;Facultad de Economía y Empresa;Comunicación corporativa;Normal;Optativa;100.00;97.62;97.62;54;53;53;1.00;27/09/2020
2018;Grado;Grado: Marketing e Investigación de Mercados;Zaragoza;Facultad de Economía y Empresa;Dirección de ventas;Normal;Optativa;100.00;100.00;100.00;41;41;41;1.05;27/09/2020
2018;Grado;Grado: Marketing e Investigación de Mercados;Zaragoza;Facultad de Economía y Empresa;Marketing de organizaciones de servicios;Normal;Optativa;93.55;90.63;96.88;41;38;40;1.03;27/09/2020
2018;Grado;Grado: Marketing e Investigación de Mercados;Zaragoza;Facultad de Economía y Empresa;Márketing público y no lucrativo;Normal;Optativa;100.00;100.00;100.00;32;32;32;1.00;27/09/2020
2018;Grado;Grado: Marketing e Investigación de Mercados;Zaragoza;Facultad de Economía y Empresa;Marketing y responsabilidad social corporativa;Normal;Optativa;100.00;94.44;94.44;28;27;27;1.07;27/09/2020
2018;Grado;Grado: Marketing e Investigación de Mercados;Zaragoza;Facultad de Economía y Empresa;e-Márketing;Normal;Optativa;98.33;98.33;100.00;73;71;72;1.01;27/09/2020
2018;Grado;Grado: Marketing e Investigación de Mercados;Zaragoza;Facultad de Economía y Empresa;Las TIC y su aplicación al márketing;Normal;Optativa;100.00;98.39;98.39;72;70;70;1.00;27/09/2020
2018;Grado;Grado: Marketing e Investigación de Mercados;Zaragoza;Facultad de Economía y Empresa;Técnicas sociológicas de negociación comercial;Normal;Optativa;100.00;100.00;100.00;41;41;41;1.00;27/09/2020
2018;Grado;Grado: Marketing e Investigación de Mercados;Zaragoza;Facultad de Economía y Empresa;Políticas de comercio internacional;Normal;Optativa;100.00;100.00;100.00;21;21;21;1.00;27/09/2020
2018;Grado;Grado: Marketing e Investigación de Mercados;Zaragoza;Facultad de Economía y Empresa;Plan de internacionalización de la empresa;Normal;Optativa;100.00;100.00;100.00;23;23;23;1.00;27/09/2020
2018;Grado;Grado: Marketing e Investigación de Mercados;Zaragoza;Facultad de Economía y Empresa;Estrategias de crecimiento empresarial;Normal;Optativa;100.00;95.83;95.83;39;37;38;1.00;27/09/2020
2018;Grado;Grado: Marketing e Investigación de Mercados;Zaragoza;Facultad de Economía y Empresa;Métodos estadísticos en investigación de mercados;Normal;Optativa;100.00;88.89;88.89;9;8;8;1.00;27/09/2020
2018;Grado;Grado: Marketing e Investigación de Mercados;Zaragoza;Facultad de Economía y Empresa;Prácticas en empresa I;Prácticas externas;Optativa;100.00;100.00;100.00;14;14;14;1.00;27/09/2020
2018;Grado;Grado: Marketing e Investigación de Mercados;Zaragoza;Facultad de Economía y Empresa;Simulación comercial;Normal;Optativa;100.00;100.00;100.00;29;29;29;1.03;27/09/2020
2018;Grado;Grado: Marketing e Investigación de Mercados;Zaragoza;Facultad de Economía y Empresa;Marketing internacional;Normal;Optativa;100.00;100.00;100.00;28;28;28;1.00;27/09/2020
2018;Grado;Grado: Marketing e Investigación de Mercados;Zaragoza;Facultad de Economía y Empresa;Sistemas de información y bases de datos;Normal;Optativa;100.00;100.00;100.00;5;5;5;1.00;27/09/2020
2018;Grado;Grado: Marketing e Investigación de Mercados;Zaragoza;Facultad de Economía y Empresa;Gestión de la innovación;Normal;Optativa;100.00;100.00;100.00;11;11;11;1.18;27/09/2020
2018;Grado;Grado: Marketing e Investigación de Mercados;Zaragoza;Facultad de Economía y Empresa;Lengua extranjera para marketing (inglés);Normal;Optativa;76.92;74.07;96.30;28;21;27;1.16;27/09/2020
2018;Grado;Grado: Marketing e Investigación de Mercados;Zaragoza;Facultad de Economía y Empresa;Lengua extranjera para márketing (francés);Normal;Optativa;;;;4;4;4;1.00;27/09/2020
2018;Grado;Grado: Marketing e Investigación de Mercados;Zaragoza;Facultad de Economía y Empresa;Prácticas en empresa II;Prácticas externas;Optativa;100.00;100.00;100.00;10;10;10;1.00;27/09/2020
2018;Grado;Grado: Marketing e Investigación de Mercados;Zaragoza;Facultad de Economía y Empresa;Prácticas en empresa;Prácticas externas;Optativa;100.00;100.00;100.00;28;28;28;1.00;27/09/2020
2018;Grado;Grado: Derecho;Zaragoza;Facultad de Derecho;Formación histórica del Derecho en España;Normal;Formación básica;79.54;69.87;87.85;395;276;347;1.45;27/09/2020
2018;Grado;Grado: Derecho;Zaragoza;Facultad de Derecho;Derecho romano;Normal;Formación básica;94.90;90.58;95.44;329;298;314;1.12;27/09/2020
2018;Grado;Grado: Derecho;Zaragoza;Facultad de Derecho;Introducción a la economía;Normal;Formación básica;80.66;75.00;92.98;356;267;331;1.42;27/09/2020
2018;Grado;Grado: Derecho;Zaragoza;Facultad de Derecho;Fundamentos de Derecho constitucional;Normal;Formación básica;93.29;90.68;97.20;322;292;313;1.14;27/09/2020
2018;Grado;Grado: Derecho;Zaragoza;Facultad de Derecho;Teoría del Derecho;Normal;Formación básica;80.00;74.65;93.31;359;268;335;1.42;27/09/2020
2018;Grado;Grado: Derecho;Zaragoza;Facultad de Derecho;Derecho civil: persona y bienes;Normal;Formación básica;80.85;75.13;92.93;382;287;355;1.39;27/09/2020
2018;Grado;Grado: Derecho;Zaragoza;Facultad de Derecho;Derecho internacional público;Normal;Formación básica;87.27;77.01;88.24;374;288;330;1.43;27/09/2020
2018;Grado;Grado: Derecho;Zaragoza;Facultad de Derecho;Derecho constitucional I;Normal;Formación básica;88.18;81.90;92.88;337;276;313;1.21;27/09/2020
2018;Grado;Grado: Derecho;Zaragoza;Facultad de Derecho;Libertad de creencias e interculturalidad;Normal;Optativa;87.18;78.16;89.66;174;136;156;1.33;27/09/2020
2018;Grado;Grado: Derecho;Zaragoza;Facultad de Derecho;Instituciones de la Unión Europea;Normal;Formación básica;87.63;80.12;91.44;327;262;299;1.24;27/09/2020
2018;Grado;Grado: Derecho;Zaragoza;Facultad de Derecho;Derecho penal. Parte general;Normal;Obligatoria;71.43;65.68;91.96;373;245;343;1.70;27/09/2020
2018;Grado;Grado: Derecho;Zaragoza;Facultad de Derecho;Derecho constitucional II;Normal;Obligatoria;70.03;60.15;85.89;407;246;350;1.69;27/09/2020
2018;Grado;Grado: Derecho;Zaragoza;Facultad de Derecho;Derecho civil: obligaciones y contratos;Normal;Obligatoria;85.03;79.62;93.63;314;250;294;1.29;27/09/2020
2018;Grado;Grado: Derecho;Zaragoza;Facultad de Derecho;Derecho penal. Parte especial;Normal;Obligatoria;84.26;77.88;92.42;331;258;306;1.36;27/09/2020
2018;Grado;Grado: Derecho;Zaragoza;Facultad de Derecho;Derecho administrativo general;Normal;Obligatoria;77.08;65.17;84.55;357;233;302;1.52;27/09/2020
2018;Grado;Grado: Derecho;Zaragoza;Facultad de Derecho;Derecho individual y colectivo del trabajo;Normal;Obligatoria;66.95;60.05;89.70;399;240;358;1.77;27/09/2020
2018;Grado;Grado: Derecho;Zaragoza;Facultad de Derecho;Derecho de la protección social;Normal;Obligatoria;84.88;76.57;90.21;305;238;277;1.36;27/09/2020
2018;Grado;Grado: Derecho;Zaragoza;Facultad de Derecho;Derecho procesal I;Normal;Obligatoria;70.28;58.77;83.63;367;221;307;1.65;27/09/2020
2018;Grado;Grado: Derecho;Zaragoza;Facultad de Derecho;Derecho mercantil I;Normal;Obligatoria;79.15;74.28;93.84;297;225;280;1.32;27/09/2020
2018;Grado;Grado: Derecho;Zaragoza;Facultad de Derecho;Derecho de familia y sucesiones;Normal;Obligatoria;91.35;86.48;94.66;299;260;284;1.44;27/09/2020
2018;Grado;Grado: Derecho;Zaragoza;Facultad de Derecho;Derecho financiero y tributario;Normal;Obligatoria;93.08;87.68;94.20;297;262;281;1.28;27/09/2020
2018;Grado;Grado: Derecho;Zaragoza;Facultad de Derecho;Derecho administrativo. Parte especial;Normal;Obligatoria;89.80;83.97;93.51;285;243;268;1.16;27/09/2020
2018;Grado;Grado: Derecho;Zaragoza;Facultad de Derecho;Derecho mercantil II;Normal;Obligatoria;85.98;79.09;91.99;306;243;281;1.30;27/09/2020
2018;Grado;Grado: Derecho;Zaragoza;Facultad de Derecho;Derecho civil aragonés;Normal;Obligatoria;89.11;85.66;96.12;271;234;261;1.16;27/09/2020
2018;Grado;Grado: Derecho;Zaragoza;Facultad de Derecho;Derecho y ética;Normal;Obligatoria;89.85;83.89;93.36;258;219;243;1.14;27/09/2020
2018;Grado;Grado: Derecho;Zaragoza;Facultad de Derecho;Derecho financiero y tributario II;Normal;Obligatoria;88.02;82.84;94.12;258;219;242;1.23;27/09/2020
2018;Grado;Grado: Derecho;Zaragoza;Facultad de Derecho;Derecho procesal II;Normal;Obligatoria;87.63;81.34;92.82;261;218;244;1.43;27/09/2020
2018;Grado;Grado: Derecho;Zaragoza;Facultad de Derecho;Derecho ambiental;Normal;Optativa;81.43;71.25;87.50;197;149;175;1.20;27/09/2020
2018;Grado;Grado: Derecho;Zaragoza;Facultad de Derecho;Derecho administrativo territorial económico;Normal;Optativa;77.94;72.60;93.15;85;65;80;1.20;27/09/2020
2018;Grado;Grado: Derecho;Zaragoza;Facultad de Derecho;Derecho internacional privado;Normal;Obligatoria;89.73;85.90;95.73;267;231;255;1.26;27/09/2020
2018;Grado;Grado: Derecho;Zaragoza;Facultad de Derecho;Técnicas económicas para juristas;Normal;Optativa;97.54;96.75;99.19;132;127;130;1.04;27/09/2020
2018;Grado;Grado: Derecho;Zaragoza;Facultad de Derecho;Contabilidad para juristas;Normal;Optativa;100.00;94.03;94.03;75;71;71;1.12;27/09/2020
2018;Grado;Grado: Derecho;Zaragoza;Facultad de Derecho;Derecho de la competencia;Normal;Optativa;97.30;92.31;94.87;46;43;44;1.05;27/09/2020
2018;Grado;Grado: Derecho;Zaragoza;Facultad de Derecho;Sociología jurídica;Normal;Optativa;100.00;97.10;97.10;89;86;86;1.02;27/09/2020
2018;Grado;Grado: Derecho;Zaragoza;Facultad de Derecho;Interpretación y argumentación jurídicas;Normal;Optativa;92.16;83.93;91.07;61;52;56;1.19;27/09/2020
2018;Grado;Grado: Derecho;Zaragoza;Facultad de Derecho;Técnicas de comunicación y expresión para juristas;Normal;Optativa;100.00;88.00;88.00;56;49;49;1.08;27/09/2020
2018;Grado;Grado: Derecho;Zaragoza;Facultad de Derecho;Prácticum;Prácticas externas;Obligatoria;100.00;95.16;95.16;249;237;237;1.00;27/09/2020
2018;Grado;Grado: Derecho;Zaragoza;Facultad de Derecho;Trabajo fin de Grado;Trabajo fin de grado;Trabajo fin de Grado;99.05;65.11;65.73;321;209;211;1.02;27/09/2020
2018;Grado;Grado: Derecho;Zaragoza;Facultad de Derecho;Derecho eclesiástico del Estado;Normal;Optativa;86.83;79.67;91.76;182;145;167;1.29;27/09/2020
2018;Grado;Grado: Derecho;Zaragoza;Facultad de Derecho;Fundamentals of Law;Normal;Optativa;100.00;100.00;100.00;4;4;4;1.25;27/09/2020
2018;Grado;Grado: Estudios Ingleses;Zaragoza;Facultad de Filosofía y Letras;Lengua inglesa I;Normal;Formación básica;78.16;72.34;92.55;94;68;87;1.14;27/09/2020
2018;Grado;Grado: Estudios Ingleses;Zaragoza;Facultad de Filosofía y Letras;Segunda lengua I: francés;Normal;Formación básica;90.00;81.82;90.91;44;36;40;1.00;27/09/2020
2018;Grado;Grado: Estudios Ingleses;Zaragoza;Facultad de Filosofía y Letras;Segunda lengua I: alemán;Normal;No Informado;96.67;93.55;96.77;31;29;30;1.03;27/09/2020
2018;Grado;Grado: Estudios Ingleses;Zaragoza;Facultad de Filosofía y Letras;Segunda lengua I: italiano;Normal;Optativa;71.43;50.00;70.00;20;10;14;1.10;27/09/2020
2018;Grado;Grado: Estudios Ingleses;Zaragoza;Facultad de Filosofía y Letras;Segunda lengua I: catalán;Normal;Formación básica;75.00;75.00;100.00;4;3;4;1.00;27/09/2020
2018;Grado;Grado: Estudios Ingleses;Zaragoza;Facultad de Filosofía y Letras;Segunda lengua I: árabe moderno;Normal;Formación básica;100.00;100.00;100.00;3;3;3;1.33;27/09/2020
2018;Grado;Grado: Estudios Ingleses;Zaragoza;Facultad de Filosofía y Letras;Comentario de textos literarios en lengua inglesa;Normal;Formación básica;70.18;62.02;88.37;129;80;114;1.48;27/09/2020
2018;Grado;Grado: Estudios Ingleses;Zaragoza;Facultad de Filosofía y Letras;Gramática inglesa I;Normal;Obligatoria;81.25;69.64;85.71;112;78;96;1.08;27/09/2020
2018;Grado;Grado: Estudios Ingleses;Zaragoza;Facultad de Filosofía y Letras;Historia y cultura del Reino Unido;Normal;Obligatoria;66.67;61.68;92.52;107;66;99;1.29;27/09/2020
2018;Grado;Grado: Estudios Ingleses;Zaragoza;Facultad de Filosofía y Letras;Lengua inglesa II;Normal;Formación básica;87.37;74.11;84.82;112;83;95;1.31;27/09/2020
2018;Grado;Grado: Estudios Ingleses;Zaragoza;Facultad de Filosofía y Letras;Segunda lengua II: francés;Normal;Formación básica;80.56;64.44;80.00;45;29;36;1.03;27/09/2020
2018;Grado;Grado: Estudios Ingleses;Zaragoza;Facultad de Filosofía y Letras;Segunda lengua II: alemán;Normal;No Informado;96.15;78.13;81.25;32;25;26;1.04;27/09/2020
2018;Grado;Grado: Estudios Ingleses;Zaragoza;Facultad de Filosofía y Letras;Segunda lengua II: italiano;Normal;Optativa;76.92;41.67;54.17;24;10;13;1.60;27/09/2020
2018;Grado;Grado: Estudios Ingleses;Zaragoza;Facultad de Filosofía y Letras;Segunda lengua II: catalán;Normal;Formación básica;100.00;100.00;100.00;4;4;4;1.00;27/09/2020
2018;Grado;Grado: Estudios Ingleses;Zaragoza;Facultad de Filosofía y Letras;Segunda lengua II: árabe moderno;Normal;Formación básica;100.00;100.00;100.00;3;3;3;1.00;27/09/2020
2018;Grado;Grado: Estudios Ingleses;Zaragoza;Facultad de Filosofía y Letras;Literatura inglesa I;Normal;Obligatoria;72.22;54.62;75.63;119;65;90;1.24;27/09/2020
2018;Grado;Grado: Estudios Ingleses;Zaragoza;Facultad de Filosofía y Letras;Fonética y fonología del inglés I;Normal;Obligatoria;75.24;60.77;80.77;130;79;105;1.62;27/09/2020
2018;Grado;Grado: Estudios Ingleses;Zaragoza;Facultad de Filosofía y Letras;Lengua española;Normal;Formación básica;83.52;64.96;77.78;117;76;91;1.47;27/09/2020
2018;Grado;Grado: Estudios Ingleses;Zaragoza;Facultad de Filosofía y Letras;Inglés académico I;Normal;Formación básica;87.78;84.95;96.77;94;80;91;1.70;27/09/2020
2018;Grado;Grado: Estudios Ingleses;Zaragoza;Facultad de Filosofía y Letras;Comentario de textos audiovisuales en lengua inglesa I;Normal;Formación básica;90.00;86.75;96.39;83;72;80;1.26;27/09/2020
2018;Grado;Grado: Estudios Ingleses;Zaragoza;Facultad de Filosofía y Letras;Literatura inglesa II;Normal;Obligatoria;74.07;70.59;95.29;86;61;82;1.34;27/09/2020
2018;Grado;Grado: Estudios Ingleses;Zaragoza;Facultad de Filosofía y Letras;Fonética y fonología del inglés II;Normal;Obligatoria;78.02;70.30;90.10;102;71;92;1.45;27/09/2020
2018;Grado;Grado: Estudios Ingleses;Zaragoza;Facultad de Filosofía y Letras;Historia y cultura de Estados Unidos;Normal;Obligatoria;57.14;46.02;80.53;124;63;102;1.65;27/09/2020
2018;Grado;Grado: Estudios Ingleses;Zaragoza;Facultad de Filosofía y Letras;Literatura contemporánea en español;Normal;Formación básica;90.36;84.27;93.26;89;75;83;1.13;27/09/2020
2018;Grado;Grado: Estudios Ingleses;Zaragoza;Facultad de Filosofía y Letras;Lengua inglesa III;Normal;Formación básica;87.01;78.82;90.59;85;67;77;1.18;27/09/2020
2018;Grado;Grado: Estudios Ingleses;Zaragoza;Facultad de Filosofía y Letras;Gramática inglesa II;Normal;Obligatoria;80.65;75.00;93.00;100;75;93;1.40;27/09/2020
2018;Grado;Grado: Estudios Ingleses;Zaragoza;Facultad de Filosofía y Letras;Literatura norteamericana I;Normal;Obligatoria;78.21;65.59;83.87;95;63;80;1.38;27/09/2020
2018;Grado;Grado: Estudios Ingleses;Zaragoza;Facultad de Filosofía y Letras;Comentario de textos audiovisuales en lengua inglesa II;Normal;Obligatoria;74.42;71.91;96.63;89;64;86;1.28;27/09/2020
2018;Grado;Grado: Estudios Ingleses;Zaragoza;Facultad de Filosofía y Letras;Inglés académico II;Normal;Obligatoria;82.00;75.93;92.59;88;75;84;1.13;27/09/2020
2018;Grado;Grado: Estudios Ingleses;Zaragoza;Facultad de Filosofía y Letras;Aprendizaje y adquisición del inglés como lengua extranjera;Normal;Obligatoria;59.02;56.25;95.31;98;70;95;1.39;27/09/2020
2018;Grado;Grado: Estudios Ingleses;Zaragoza;Facultad de Filosofía y Letras;Literatura inglesa III;Normal;Obligatoria;82.98;68.42;82.46;90;70;79;1.16;27/09/2020
2018;Grado;Grado: Estudios Ingleses;Zaragoza;Facultad de Filosofía y Letras;Literatura norteamericana II;Normal;Obligatoria;68.97;65.57;95.08;93;72;90;1.26;27/09/2020
2018;Grado;Grado: Estudios Ingleses;Zaragoza;Facultad de Filosofía y Letras;Lengua inglesa IV;Normal;Obligatoria;84.62;80.00;94.55;79;68;76;1.04;27/09/2020
2018;Grado;Grado: Estudios Ingleses;Zaragoza;Facultad de Filosofía y Letras;Literatura inglesa IV;Normal;Obligatoria;80.33;71.01;88.41;99;79;91;1.58;27/09/2020
2018;Grado;Grado: Estudios Ingleses;Zaragoza;Facultad de Filosofía y Letras;Literatura norteamericana III;Normal;Obligatoria;77.78;65.63;84.38;94;71;83;1.32;27/09/2020
2018;Grado;Grado: Estudios Ingleses;Zaragoza;Facultad de Filosofía y Letras;Historia de la lengua inglesa;Normal;Obligatoria;83.61;76.12;91.04;96;79;89;1.54;27/09/2020
2018;Grado;Grado: Estudios Ingleses;Zaragoza;Facultad de Filosofía y Letras;Lengua inglesa V;Normal;Obligatoria;93.85;92.42;98.48;82;77;81;1.12;27/09/2020
2018;Grado;Grado: Estudios Ingleses;Zaragoza;Facultad de Filosofía y Letras;Literatura inglesa V;Normal;Obligatoria;89.66;81.25;90.63;85;70;78;1.31;27/09/2020
2018;Grado;Grado: Estudios Ingleses;Zaragoza;Facultad de Filosofía y Letras;Literatura norteamericana IV;Normal;Obligatoria;83.33;81.82;98.18;73;63;72;1.08;27/09/2020
2018;Grado;Grado: Estudios Ingleses;Zaragoza;Facultad de Filosofía y Letras;Lengua inglesa VI;Normal;Obligatoria;98.53;97.10;98.55;81;79;80;1.09;27/09/2020
2018;Grado;Grado: Estudios Ingleses;Zaragoza;Facultad de Filosofía y Letras;Otras literaturas en lengua inglesa;Normal;Obligatoria;91.94;89.06;96.88;77;70;75;1.20;27/09/2020
2018;Grado;Grado: Estudios Ingleses;Zaragoza;Facultad de Filosofía y Letras;Trabajo fin de Grado;Trabajo fin de grado;Trabajo fin de Grado;100.00;65.43;65.43;81;53;53;1.02;27/09/2020
2018;Grado;Grado: Estudios Ingleses;Zaragoza;Facultad de Filosofía y Letras;Cultura popular en los países de habla inglesa;Normal;Optativa;92.86;86.67;93.33;30;28;29;1.00;27/09/2020
2018;Grado;Grado: Estudios Ingleses;Zaragoza;Facultad de Filosofía y Letras;Géneros literarios en la literatura inglesa I;Normal;Optativa;80.00;57.14;71.43;18;15;16;1.00;27/09/2020
2018;Movilidad de entrada;Movilidad para 1º y 2º ciclo y grado;Zaragoza;Facultad de Filosofía y Letras;Géneros literarios en la literatura inglesa I;Normal;Optativa;;;;3;1;1;1.00;27/09/2020
2018;Grado;Grado: Estudios Ingleses;Zaragoza;Facultad de Filosofía y Letras;Inglés moderno;Normal;Optativa;80.00;66.67;83.33;13;10;11;1.00;27/09/2020
2018;Grado;Grado: Estudios Ingleses;Zaragoza;Facultad de Filosofía y Letras;Lingüística contrastiva aplicada a la traducción;Normal;Optativa;95.83;95.83;100.00;54;52;54;1.04;27/09/2020
2018;Grado;Grado: Estudios Ingleses;Zaragoza;Facultad de Filosofía y Letras;Pragmática de la comunicación;Normal;Optativa;88.00;88.00;100.00;38;35;38;1.09;27/09/2020
2018;Grado;Grado: Estudios Ingleses;Zaragoza;Facultad de Filosofía y Letras;Tendencias y contextos del cine en lengua inglesa I;Normal;Optativa;95.24;90.91;95.45;33;31;32;1.10;27/09/2020
2018;Grado;Grado: Estudios Ingleses;Zaragoza;Facultad de Filosofía y Letras;Traducción de textos literarios y audiovisuales;Normal;Optativa;97.22;97.22;100.00;46;44;45;1.09;27/09/2020
2018;Grado;Grado: Estudios Ingleses;Zaragoza;Facultad de Filosofía y Letras;Comunicación académica y lingüística intercultural;Normal;Optativa;88.89;84.21;94.74;27;24;26;1.04;27/09/2020
2018;Grado;Grado: Estudios Ingleses;Zaragoza;Facultad de Filosofía y Letras;Diseño de actividades de aprendizaje del inglés como lengua extranjera;Normal;Optativa;88.00;84.62;96.15;36;32;35;1.03;27/09/2020
2018;Grado;Grado: Estudios Ingleses;Zaragoza;Facultad de Filosofía y Letras;Géneros literarios en la literatura inglesa II;Normal;Optativa;100.00;90.91;90.91;19;18;18;1.11;27/09/2020
2018;Grado;Grado: Estudios Ingleses;Zaragoza;Facultad de Filosofía y Letras;Literatura irlandesa;Normal;Optativa;;;;1;1;1;1.00;27/09/2020
2018;Grado;Grado: Estudios Ingleses;Zaragoza;Facultad de Filosofía y Letras;Narrativa norteamericana contemporánea;Normal;Optativa;91.67;78.57;85.71;20;17;18;1.00;27/09/2020
2018;Grado;Grado: Estudios Ingleses;Zaragoza;Facultad de Filosofía y Letras;Tendencias y contextos del cine en lengua inglesa II;Normal;Optativa;96.55;93.33;96.67;35;33;34;1.09;27/09/2020
2018;Grado;Grado: Estudios Ingleses;Zaragoza;Facultad de Filosofía y Letras;Traducción de textos profesionales y académicos;Normal;Optativa;94.55;94.55;100.00;60;56;59;1.16;27/09/2020
2018;Grado;Grado: Estudios Ingleses;Zaragoza;Facultad de Filosofía y Letras;Variedades geográficas de la lengua inglesa;Normal;Optativa;96.67;96.67;100.00;39;38;39;1.03;27/09/2020
2018;Grado;Grado: Estudios Clásicos;Zaragoza;Facultad de Filosofía y Letras;Introducción a la lengua latina;Normal;Formación básica;;;100.00;1;0;1;;27/09/2020
2018;Grado;Grado: Estudios Clásicos;Zaragoza;Facultad de Filosofía y Letras;Técnicas de análisis e interpretación de textos;Normal;Formación básica;50.00;50.00;100.00;2;1;2;3.00;27/09/2020
2018;Grado;Grado: Estudios Clásicos;Zaragoza;Facultad de Filosofía y Letras;Teoría de la literatura;Normal;Formación básica;100.00;100.00;100.00;5;5;5;3.40;27/09/2020
2018;Grado;Grado: Estudios Clásicos;Zaragoza;Facultad de Filosofía y Letras;Introducción a la literatura latina;Normal;Formación básica;100.00;100.00;100.00;1;1;1;4.00;27/09/2020
2018;Grado;Grado: Estudios Clásicos;Zaragoza;Facultad de Filosofía y Letras;Literatura comparada;Normal;Formación básica;;;;1;0;0;;27/09/2020
2018;Grado;Grado: Estudios Clásicos;Zaragoza;Facultad de Filosofía y Letras;Literatura en Aragón;Normal;Obligatoria;100.00;85.71;85.71;14;12;12;1.08;27/09/2020
2018;Grado;Grado: Estudios Clásicos;Zaragoza;Facultad de Filosofía y Letras;Literatura española en la Edad Media I;Normal;Obligatoria;63.64;46.67;73.33;15;7;11;1.29;27/09/2020
2018;Grado;Grado: Estudios Clásicos;Zaragoza;Facultad de Filosofía y Letras;Fonética y fonología del español;Normal;Obligatoria;71.43;58.82;82.35;17;10;14;1.90;27/09/2020
2018;Grado;Grado: Estudios Clásicos;Zaragoza;Facultad de Filosofía y Letras;Lengua y literatura griega I;Normal;Obligatoria;100.00;100.00;100.00;10;10;10;1.00;27/09/2020
2018;Grado;Grado: Estudios Clásicos;Zaragoza;Facultad de Filosofía y Letras;Lengua y literatura latina I;Normal;Obligatoria;50.00;47.37;94.74;19;9;18;2.89;27/09/2020
2018;Grado;Grado: Estudios Clásicos;Zaragoza;Facultad de Filosofía y Letras;Historia para filología hispánica;Normal;Obligatoria;;;;1;0;0;;27/09/2020
2018;Grado;Grado: Estudios Clásicos;Zaragoza;Facultad de Filosofía y Letras;Literatura de la segunda lengua (Literatura alemana);Normal;Obligatoria;100.00;100.00;100.00;1;1;1;1.00;27/09/2020
2018;Grado;Grado: Estudios Clásicos;Zaragoza;Facultad de Filosofía y Letras;Literatura de la segunda lengua (Literatura árabe);Normal;Obligatoria;100.00;100.00;100.00;1;1;1;1.00;27/09/2020
2018;Grado;Grado: Estudios Clásicos;Zaragoza;Facultad de Filosofía y Letras;Morfología del español;Normal;Obligatoria;69.23;60.00;86.67;15;9;13;1.56;27/09/2020
2018;Grado;Grado: Estudios Clásicos;Zaragoza;Facultad de Filosofía y Letras;Literatura española en la Edad Media II;Normal;Obligatoria;69.23;64.29;92.86;14;9;13;1.11;27/09/2020
2018;Grado;Grado: Estudios Clásicos;Zaragoza;Facultad de Filosofía y Letras;Semántica y pragmática del español;Normal;Obligatoria;85.71;75.00;87.50;16;12;14;1.15;27/09/2020
2018;Grado;Grado: Estudios Clásicos;Zaragoza;Facultad de Filosofía y Letras;Lengua y literatura griega II;Normal;Obligatoria;45.45;29.41;64.71;17;5;11;1.80;27/09/2020
2018;Grado;Grado: Estudios Clásicos;Zaragoza;Facultad de Filosofía y Letras;Lengua y literatura latina II;Normal;Obligatoria;100.00;81.25;81.25;16;13;13;2.08;27/09/2020
2018;Grado;Grado: Estudios Clásicos;Zaragoza;Facultad de Filosofía y Letras;Filosofía para filología hispánica;Normal;Obligatoria;100.00;50.00;50.00;2;1;1;1.00;27/09/2020
2018;Grado;Grado: Estudios Clásicos;Zaragoza;Facultad de Filosofía y Letras;Arte para filología hispánica;Normal;Obligatoria;50.00;50.00;100.00;2;1;2;1.00;27/09/2020
2018;Grado;Grado: Estudios Clásicos;Zaragoza;Facultad de Filosofía y Letras;Textos griegos I;Normal;Obligatoria;100.00;100.00;100.00;8;6;6;1.00;27/09/2020
2018;Grado;Grado: Estudios Clásicos;Zaragoza;Facultad de Filosofía y Letras;Textos latinos I;Normal;Obligatoria;60.00;60.00;100.00;13;7;11;2.00;27/09/2020
2018;Grado;Grado: Estudios Clásicos;Zaragoza;Facultad de Filosofía y Letras;Literatura griega;Normal;Obligatoria;100.00;75.00;75.00;11;9;9;1.00;27/09/2020
2018;Grado;Grado: Estudios Clásicos;Zaragoza;Facultad de Filosofía y Letras;Historia y civilización clásica: Grecia;Normal;Obligatoria;100.00;62.50;62.50;11;8;8;1.12;27/09/2020
2018;Grado;Grado: Estudios Clásicos;Zaragoza;Facultad de Filosofía y Letras;Lingüística indoeuropea I;Normal;Obligatoria;80.00;80.00;100.00;6;4;5;1.00;27/09/2020
2018;Grado;Grado: Estudios Clásicos;Zaragoza;Facultad de Filosofía y Letras;Textos griegos II;Normal;Obligatoria;100.00;50.00;50.00;8;4;4;2.25;27/09/2020
2018;Grado;Grado: Estudios Clásicos;Zaragoza;Facultad de Filosofía y Letras;Textos latinos II;Normal;Obligatoria;40.00;40.00;100.00;8;4;7;1.00;27/09/2020
2018;Grado;Grado: Estudios Clásicos;Zaragoza;Facultad de Filosofía y Letras;Literatura latina;Normal;Obligatoria;100.00;80.00;80.00;8;5;5;1.00;27/09/2020
2018;Grado;Grado: Estudios Clásicos;Zaragoza;Facultad de Filosofía y Letras;Historia y civilización clásica: Roma;Normal;Obligatoria;100.00;100.00;100.00;9;8;8;1.25;27/09/2020
2018;Grado;Grado: Estudios Clásicos;Zaragoza;Facultad de Filosofía y Letras;Textos griegos III;Normal;Obligatoria;50.00;50.00;100.00;10;5;10;1.80;27/09/2020
2018;Grado;Grado: Estudios Clásicos;Zaragoza;Facultad de Filosofía y Letras;Textos latinos III;Normal;Obligatoria;100.00;50.00;50.00;9;4;4;1.75;27/09/2020
2018;Grado;Grado: Estudios Clásicos;Zaragoza;Facultad de Filosofía y Letras;Historia de la lengua griega;Normal;Obligatoria;100.00;88.89;88.89;9;8;8;1.62;27/09/2020
2018;Grado;Grado: Estudios Clásicos;Zaragoza;Facultad de Filosofía y Letras;Historia de la lengua latina;Normal;Obligatoria;83.33;55.56;66.67;10;5;6;1.80;27/09/2020
2018;Grado;Grado: Estudios Clásicos;Zaragoza;Facultad de Filosofía y Letras;Textos griegos IV;Normal;Obligatoria;83.33;62.50;75.00;8;5;6;1.00;27/09/2020
2018;Grado;Grado: Estudios Clásicos;Zaragoza;Facultad de Filosofía y Letras;Textos latinos IV;Normal;Obligatoria;100.00;62.50;62.50;9;6;6;1.00;27/09/2020
2018;Grado;Grado: Estudios Clásicos;Zaragoza;Facultad de Filosofía y Letras;Humanismo y tradición clásica;Normal;Optativa;100.00;50.00;50.00;2;1;1;1.00;27/09/2020
2018;Grado;Grado: Estudios Clásicos;Zaragoza;Facultad de Filosofía y Letras;Lingüística indoeuropea II;Normal;Optativa;100.00;100.00;100.00;3;3;3;1.00;27/09/2020
2018;Grado;Grado: Estudios Clásicos;Zaragoza;Facultad de Filosofía y Letras;Mitología clásica;Normal;Optativa;100.00;87.50;87.50;8;7;7;1.71;27/09/2020
2018;Grado;Grado: Estudios Clásicos;Zaragoza;Facultad de Filosofía y Letras;Transmisión de los textos greco-latinos y crítica textual;Normal;Optativa;100.00;80.00;80.00;7;5;5;1.00;27/09/2020
2018;Grado;Grado: Estudios Clásicos;Zaragoza;Facultad de Filosofía y Letras;Segunda lengua I (griego);Normal;Formación básica;76.47;61.90;80.95;21;13;17;1.00;27/09/2020
2018;Grado;Grado: Estudios Clásicos;Zaragoza;Facultad de Filosofía y Letras;Segunda lengua II (griego);Normal;Formación básica;93.75;62.50;66.67;24;15;16;1.00;27/09/2020
2018;Grado;Grado: Estudios Clásicos;Zaragoza;Facultad de Filosofía y Letras;Segunda lengua I (catalán);Normal;Formación básica;100.00;100.00;100.00;1;1;1;1.00;27/09/2020
2018;Grado;Grado: Estudios Clásicos;Zaragoza;Facultad de Filosofía y Letras;Segunda lengua II (catalán);Normal;Formación básica;100.00;100.00;100.00;1;1;1;1.00;27/09/2020
2018;Grado;Grado: Estudios Clásicos;Zaragoza;Facultad de Filosofía y Letras;Segunda lengua I (francés);Normal;Formación básica;;;;0;0;0;1.00;27/09/2020
2018;Grado;Grado: Estudios Clásicos;Zaragoza;Facultad de Filosofía y Letras;Segunda lengua II (francés);Normal;Formación básica;;;;0;0;0;1.00;27/09/2020
2018;Grado;Grado: Estudios Clásicos;Zaragoza;Facultad de Filosofía y Letras;Segunda lengua I (inglés);Normal;Formación básica;66.67;50.00;75.00;4;2;3;1.00;27/09/2020
2018;Grado;Grado: Estudios Clásicos;Zaragoza;Facultad de Filosofía y Letras;Segunda lengua II (inglés);Normal;Formación básica;100.00;50.00;50.00;4;2;2;1.50;27/09/2020
2018;Grado;Grado: Estudios Clásicos;Zaragoza;Facultad de Filosofía y Letras;Segunda lengua I (italiano);Normal;Formación básica;;;100.00;1;0;1;;27/09/2020
2018;Grado;Grado: Estudios Clásicos;Zaragoza;Facultad de Filosofía y Letras;Segunda lengua II (italiano);Normal;Formación básica;;;;1;0;0;;27/09/2020
2018;Grado;Grado: Estudios Clásicos;Zaragoza;Facultad de Filosofía y Letras;Lingüística general I;Normal;Formación básica;60.00;48.39;80.65;31;15;25;1.53;27/09/2020
2018;Grado;Grado: Estudios Clásicos;Zaragoza;Facultad de Filosofía y Letras;Lingüística general II;Normal;Formación básica;83.33;57.69;69.23;26;15;18;1.12;27/09/2020
2018;Grado;Grado: Estudios Clásicos;Zaragoza;Facultad de Filosofía y Letras;Comentario de textos griegos;Normal;Optativa;100.00;75.00;75.00;4;3;3;1.00;27/09/2020
2018;Grado;Grado: Estudios Clásicos;Zaragoza;Facultad de Filosofía y Letras;Trabajo fin de Grado;Trabajo fin de grado;Trabajo fin de Grado;100.00;21.43;21.43;14;3;3;1.00;27/09/2020
2018;Grado;Grado: Estudios Clásicos;Zaragoza;Facultad de Filosofía y Letras;Roma, su lengua y su literatura I;Normal;Formación básica;88.00;78.57;89.29;28;22;25;1.00;27/09/2020
2018;Grado;Grado: Estudios Clásicos;Zaragoza;Facultad de Filosofía y Letras;Literatura española en la Edad Media I;Normal;Formación básica;90.48;70.37;77.78;27;19;21;1.20;27/09/2020
2018;Grado;Grado: Estudios Clásicos;Zaragoza;Facultad de Filosofía y Letras;Fonética y fonología del español;Normal;Formación básica;42.86;36.00;84.00;25;9;21;1.00;27/09/2020
2018;Grado;Grado: Estudios Clásicos;Zaragoza;Facultad de Filosofía y Letras;Roma, su lengua y su literatura II;Normal;Formación básica;95.45;75.00;78.57;28;21;22;1.14;27/09/2020
2018;Grado;Grado: Estudios Clásicos;Zaragoza;Facultad de Filosofía y Letras;Morfología del español;Normal;Formación básica;72.22;52.00;72.00;25;13;18;1.12;27/09/2020
2018;Grado;Grado: Estudios Clásicos;Zaragoza;Facultad de Filosofía y Letras;Literatura española en la Edad Media II;Normal;Formación básica;86.36;70.37;81.48;27;19;22;1.05;27/09/2020
2018;Grado;Grado: Estudios Clásicos;Zaragoza;Facultad de Filosofía y Letras;Teoría de la literatura;Normal;Obligatoria;;;;0;0;0;3.00;27/09/2020
2018;Grado;Grado: Estudios Clásicos;Zaragoza;Facultad de Filosofía y Letras;Lengua y literatura griega I: época arcaica;Normal;Obligatoria;;;;0;0;0;1.00;27/09/2020
2018;Grado;Grado: Estudios Clásicos;Zaragoza;Facultad de Filosofía y Letras;Lengua y literatura latina I: prosa tardorepublicana;Normal;No Informado;;;;0;0;0;1.00;27/09/2020
2018;Grado;Grado: Estudios Clásicos;Zaragoza;Facultad de Filosofía y Letras;Sintaxis del español I;Normal;Obligatoria;;;;0;0;0;1.00;27/09/2020
2018;Grado;Grado: Estudios Clásicos;Zaragoza;Facultad de Filosofía y Letras;Lengua y literatura latina II: comedia;Normal;No Informado;;;;0;0;0;3.00;27/09/2020
2018;Grado;Grado: Estudios Clásicos;Zaragoza;Facultad de Filosofía y Letras;Literatura Española del Siglo de Oro II;Normal;Obligatoria;;;;0;0;0;1.00;27/09/2020
2018;Grado;Grado: Filología Hispánica;Zaragoza;Facultad de Filosofía y Letras;Técnicas de análisis e interpretación de textos;Normal;Formación básica;100.00;66.67;66.67;3;2;2;1.38;27/09/2020
2018;Grado;Grado: Filología Hispánica;Zaragoza;Facultad de Filosofía y Letras;Introducción a la lengua latina;Normal;Formación básica;40.00;18.18;45.45;11;2;5;1.11;27/09/2020
2018;Grado;Grado: Filología Hispánica;Zaragoza;Facultad de Filosofía y Letras;Teoría de la literatura;Normal;Formación básica;100.00;75.00;75.00;12;9;9;1.67;27/09/2020
2018;Grado;Grado: Filología Hispánica;Zaragoza;Facultad de Filosofía y Letras;Introducción a la literatura latina;Normal;Formación básica;57.14;30.77;53.85;13;4;7;1.60;27/09/2020
2018;Grado;Grado: Filología Hispánica;Zaragoza;Facultad de Filosofía y Letras;Literatura comparada;Normal;Formación básica;100.00;40.00;40.00;5;2;2;1.00;27/09/2020
2018;Grado;Grado: Filología Hispánica;Zaragoza;Facultad de Filosofía y Letras;Introducción a las literaturas hispánicas: edición y nuevas tecnologías;Normal;Formación básica;100.00;57.14;57.14;7;4;4;1.00;27/09/2020
2018;Grado;Grado: Filología Hispánica;Zaragoza;Facultad de Filosofía y Letras;Literatura en Aragón;Normal;Obligatoria;97.83;88.24;90.20;51;45;46;1.06;27/09/2020
2018;Grado;Grado: Filología Hispánica;Zaragoza;Facultad de Filosofía y Letras;Literatura española de la Edad Media I;Normal;Obligatoria;93.02;81.63;87.76;49;40;43;1.24;27/09/2020
2018;Grado;Grado: Filología Hispánica;Zaragoza;Facultad de Filosofía y Letras;Fonética y fonología del español;Normal;Obligatoria;80.70;71.88;89.06;64;46;57;1.75;27/09/2020
2018;Grado;Grado: Filología Hispánica;Zaragoza;Facultad de Filosofía y Letras;Historia para filología hispánica;Normal;Obligatoria;86.00;71.67;83.33;60;43;50;1.40;27/09/2020
2018;Grado;Grado: Filología Hispánica;Zaragoza;Facultad de Filosofía y Letras;Literatura de la segunda lengua (Literatura alemana);Normal;Obligatoria;94.44;89.47;94.74;19;17;18;1.00;27/09/2020
2018;Grado;Grado: Filología Hispánica;Zaragoza;Facultad de Filosofía y Letras;Literatura de la segunda lengua (Literatura árabe);Normal;Obligatoria;85.71;85.71;100.00;7;6;7;1.25;27/09/2020
2018;Grado;Grado: Filología Hispánica;Zaragoza;Facultad de Filosofía y Letras;Literatura de la segunda lengua (Literatura catalana);Normal;Obligatoria;100.00;100.00;100.00;6;6;6;1.00;27/09/2020
2018;Grado;Grado: Filología Hispánica;Zaragoza;Facultad de Filosofía y Letras;Literatura de la segunda lengua (Literatura francesa);Normal;Obligatoria;100.00;100.00;100.00;1;1;1;1.00;27/09/2020
2018;Grado;Grado: Filología Hispánica;Zaragoza;Facultad de Filosofía y Letras;Literatura de la segunda lengua (Literatura inglesa);Normal;Obligatoria;68.75;68.75;100.00;16;11;16;1.15;27/09/2020
2018;Grado;Grado: Filología Hispánica;Zaragoza;Facultad de Filosofía y Letras;Lengua y literatura griega I;Normal;Obligatoria;100.00;100.00;100.00;2;2;2;1.00;27/09/2020
2018;Grado;Grado: Filología Hispánica;Zaragoza;Facultad de Filosofía y Letras;Lengua y literatura latina I;Normal;Obligatoria;100.00;50.00;50.00;2;1;1;1.00;27/09/2020
2018;Grado;Grado: Filología Hispánica;Zaragoza;Facultad de Filosofía y Letras;Morfología del español;Normal;Obligatoria;79.17;74.51;94.12;51;38;48;1.42;27/09/2020
2018;Grado;Grado: Filología Hispánica;Zaragoza;Facultad de Filosofía y Letras;Literatura española de la Edad Media II;Normal;Obligatoria;90.91;83.33;91.67;48;40;44;1.11;27/09/2020
2018;Grado;Grado: Filología Hispánica;Zaragoza;Facultad de Filosofía y Letras;Semántica y pragmática del español;Normal;Obligatoria;100.00;93.75;93.75;48;45;45;1.02;27/09/2020
2018;Grado;Grado: Filología Hispánica;Zaragoza;Facultad de Filosofía y Letras;Filosofía para filología hispánica;Normal;Obligatoria;77.27;68.00;88.00;50;34;44;1.14;27/09/2020
2018;Grado;Grado: Filología Hispánica;Zaragoza;Facultad de Filosofía y Letras;Arte para filología hispánica;Normal;Obligatoria;95.56;91.49;95.74;47;43;45;1.16;27/09/2020
2018;Grado;Grado: Filología Hispánica;Zaragoza;Facultad de Filosofía y Letras;Lengua y literatura griega II;Normal;Obligatoria;100.00;66.67;66.67;3;2;2;1.00;27/09/2020
2018;Grado;Grado: Filología Hispánica;Zaragoza;Facultad de Filosofía y Letras;Lengua y literatura latina II;Normal;Obligatoria;100.00;50.00;50.00;2;1;1;1.00;27/09/2020
2018;Grado;Grado: Filología Hispánica;Zaragoza;Facultad de Filosofía y Letras;Historia de la lengua española;Normal;Obligatoria;82.76;70.59;85.29;68;48;58;1.38;27/09/2020
2018;Grado;Grado: Filología Hispánica;Zaragoza;Facultad de Filosofía y Letras;Literatura española del Siglo de Oro I;Normal;Obligatoria;92.00;76.67;83.33;66;52;56;1.12;27/09/2020
2018;Grado;Grado: Filología Hispánica;Zaragoza;Facultad de Filosofía y Letras;Literatura española contemporánea I;Normal;Obligatoria;92.68;61.29;66.13;68;44;47;1.27;27/09/2020
2018;Grado;Grado: Filología Hispánica;Zaragoza;Facultad de Filosofía y Letras;Variedades del español actual;Normal;Obligatoria;87.04;77.05;88.52;61;47;54;1.17;27/09/2020
2018;Grado;Grado: Filología Hispánica;Zaragoza;Facultad de Filosofía y Letras;Literatura española del Siglo de Oro II;Normal;Obligatoria;88.24;69.23;78.46;67;47;53;1.14;27/09/2020
2018;Grado;Grado: Filología Hispánica;Zaragoza;Facultad de Filosofía y Letras;Literatura española contemporánea II;Normal;Obligatoria;82.61;64.41;77.97;65;44;52;1.38;27/09/2020
2018;Grado;Grado: Filología Hispánica;Zaragoza;Facultad de Filosofía y Letras;Literatura hispanoamericana I;Normal;Obligatoria;95.12;88.64;93.18;49;44;46;1.07;27/09/2020
2018;Grado;Grado: Filología Hispánica;Zaragoza;Facultad de Filosofía y Letras;Literatura hispanoamericana II;Normal;Obligatoria;82.93;73.91;89.13;51;39;46;1.13;27/09/2020
2018;Grado;Grado: Filología Hispánica;Zaragoza;Facultad de Filosofía y Letras;Trabajo fin de Grado;Trabajo fin de grado;Trabajo fin de Grado;100.00;62.12;62.12;66;41;41;1.00;27/09/2020
2018;Grado;Grado: Filología Hispánica;Zaragoza;Facultad de Filosofía y Letras;Lenguaje y comunicación;Normal;Optativa;100.00;100.00;100.00;18;18;18;1.00;27/09/2020
2018;Grado;Grado: Filología Hispánica;Zaragoza;Facultad de Filosofía y Letras;Biolingüística: lenguaje, mente y cerebro;Normal;Optativa;100.00;95.24;95.24;45;43;43;1.00;27/09/2020
2018;Grado;Grado: Filología Hispánica;Zaragoza;Facultad de Filosofía y Letras;Análisis del discurso en español;Normal;Optativa;94.12;84.21;89.47;22;19;20;1.21;27/09/2020
2018;Grado;Grado: Filología Hispánica;Zaragoza;Facultad de Filosofía y Letras;Sociolingüística del español;Normal;Optativa;92.31;92.31;100.00;16;15;16;1.13;27/09/2020
2018;Grado;Grado: Filología Hispánica;Zaragoza;Facultad de Filosofía y Letras;El español en América;Normal;Optativa;92.86;86.67;93.33;16;14;15;1.00;27/09/2020
2018;Grado;Grado: Filología Hispánica;Zaragoza;Facultad de Filosofía y Letras;El léxico español;Normal;Optativa;100.00;100.00;100.00;24;24;24;1.00;27/09/2020
2018;Grado;Grado: Filología Hispánica;Zaragoza;Facultad de Filosofía y Letras;Gramática del español como lengua extranjera;Normal;Optativa;92.59;86.21;93.10;33;29;31;1.07;27/09/2020
2018;Grado;Grado: Filología Hispánica;Zaragoza;Facultad de Filosofía y Letras;Filología aragonesa;Normal;Optativa;85.71;85.71;100.00;14;12;14;1.00;27/09/2020
2018;Grado;Grado: Filología Hispánica;Zaragoza;Facultad de Filosofía y Letras;El catalán en Aragón;Normal;Optativa;100.00;100.00;100.00;5;5;5;1.00;27/09/2020
2018;Grado;Grado: Filología Hispánica;Zaragoza;Facultad de Filosofía y Letras;Pensamiento literario contemporáneo;Normal;Optativa;100.00;86.67;86.67;17;15;15;1.00;27/09/2020
2018;Grado;Grado: Filología Hispánica;Zaragoza;Facultad de Filosofía y Letras;Estética literaria;Normal;Optativa;100.00;100.00;100.00;16;16;16;1.00;27/09/2020
2018;Grado;Grado: Filología Hispánica;Zaragoza;Facultad de Filosofía y Letras;Temas y géneros de la poesía hispánica I;Normal;Optativa;84.21;80.00;95.00;21;17;20;1.06;27/09/2020
2018;Grado;Grado: Filología Hispánica;Zaragoza;Facultad de Filosofía y Letras;Temas y géneros de la poesía hispánica II;Normal;Optativa;93.33;87.50;93.75;17;15;16;1.07;27/09/2020
2018;Grado;Grado: Filología Hispánica;Zaragoza;Facultad de Filosofía y Letras;Temas y géneros de la narrativa hispánica I;Normal;Optativa;93.55;87.88;93.94;38;34;36;1.03;27/09/2020
2018;Grado;Grado: Filología Hispánica;Zaragoza;Facultad de Filosofía y Letras;Temas y géneros de la narrativa hispánica II;Normal;Optativa;87.50;87.50;100.00;9;8;9;1.12;27/09/2020
2018;Grado;Grado: Filología Hispánica;Zaragoza;Facultad de Filosofía y Letras;Temas y géneros del teatro hispánico I;Normal;Optativa;100.00;100.00;100.00;9;9;9;1.00;27/09/2020
2018;Grado;Grado: Filología Hispánica;Zaragoza;Facultad de Filosofía y Letras;Temas y géneros del teatro hispánico II;Normal;Optativa;100.00;100.00;100.00;13;13;13;1.00;27/09/2020
2018;Grado;Grado: Filología Hispánica;Zaragoza;Facultad de Filosofía y Letras;Estudios de género y literaturas hispánicas;Normal;Optativa;100.00;100.00;100.00;17;17;17;1.00;27/09/2020
2018;Grado;Grado: Filología Hispánica;Zaragoza;Facultad de Filosofía y Letras;Segunda lengua I (alemán);Normal;Formación básica;100.00;66.67;66.67;3;2;2;1.00;27/09/2020
2018;Grado;Grado: Filología Hispánica;Zaragoza;Facultad de Filosofía y Letras;Segunda lengua II (alemán);Normal;Formación básica;100.00;66.67;66.67;3;2;2;1.00;27/09/2020
2018;Grado;Grado: Filología Hispánica;Zaragoza;Facultad de Filosofía y Letras;Segunda lengua I (catalán);Normal;Formación básica;100.00;100.00;100.00;2;2;2;1.00;27/09/2020
2018;Grado;Grado: Filología Hispánica;Zaragoza;Facultad de Filosofía y Letras;Segunda lengua II (catalán);Normal;Formación básica;100.00;100.00;100.00;2;2;2;1.00;27/09/2020
2018;Grado;Grado: Filología Hispánica;Zaragoza;Facultad de Filosofía y Letras;Segunda lengua I (francés);Normal;Formación básica;88.89;72.73;81.82;11;8;9;1.00;27/09/2020
2018;Grado;Grado: Filología Hispánica;Zaragoza;Facultad de Filosofía y Letras;Segunda lengua II (francés);Normal;Formación básica;87.50;70.00;80.00;10;7;8;1.00;27/09/2020
2018;Grado;Grado: Filología Hispánica;Zaragoza;Facultad de Filosofía y Letras;Segunda lengua I (inglés);Normal;Optativa;92.31;80.00;86.67;30;24;26;1.19;27/09/2020
2018;Grado;Grado: Filología Hispánica;Zaragoza;Facultad de Filosofía y Letras;Segunda lengua II (inglés);Normal;No Informado;86.96;62.50;71.88;32;20;23;1.23;27/09/2020
2018;Grado;Grado: Filología Hispánica;Zaragoza;Facultad de Filosofía y Letras;Segunda lengua I (italiano);Normal;Formación básica;70.00;58.33;83.33;12;7;10;1.29;27/09/2020
2018;Grado;Grado: Filología Hispánica;Zaragoza;Facultad de Filosofía y Letras;Segunda lengua II (italiano);Normal;Formación básica;87.50;58.33;66.67;12;7;8;1.57;27/09/2020
2018;Grado;Grado: Filología Hispánica;Zaragoza;Facultad de Filosofía y Letras;Segunda lengua I (griego);Normal;Formación básica;100.00;64.29;64.29;14;9;9;1.00;27/09/2020
2018;Grado;Grado: Filología Hispánica;Zaragoza;Facultad de Filosofía y Letras;Segunda lengua II (griego);Normal;Formación básica;100.00;60.00;60.00;15;9;9;1.07;27/09/2020
2018;Grado;Grado: Filología Hispánica;Zaragoza;Facultad de Filosofía y Letras;Lingüística general I;Normal;Optativa;80.95;67.11;82.89;76;51;63;1.26;27/09/2020
2018;Grado;Grado: Filología Hispánica;Zaragoza;Facultad de Filosofía y Letras;Lingúística general II;Normal;Formación básica;76.27;62.50;81.94;72;45;59;1.12;27/09/2020
2018;Grado;Grado: Filología Hispánica;Zaragoza;Facultad de Filosofía y Letras;Sintaxis del español I;Normal;Obligatoria;75.00;66.10;88.14;59;39;52;1.69;27/09/2020
2018;Grado;Grado: Filología Hispánica;Zaragoza;Facultad de Filosofía y Letras;Sintaxis del español II;Normal;Obligatoria;89.29;74.63;83.58;67;50;56;1.34;27/09/2020
2018;Grado;Grado: Filología Hispánica;Zaragoza;Facultad de Filosofía y Letras;Gramática histórica del español I;Normal;Obligatoria;81.25;79.59;97.96;49;39;48;1.49;27/09/2020
2018;Grado;Grado: Filología Hispánica;Zaragoza;Facultad de Filosofía y Letras;Gramática histórica del español II;Normal;Obligatoria;86.36;79.17;91.67;48;38;44;1.24;27/09/2020
2018;Grado;Grado: Filología Hispánica;Zaragoza;Facultad de Filosofía y Letras;Literatura española de la Edad Media I;Normal;Formación básica;90.00;80.60;89.55;67;54;60;1.05;27/09/2020
2018;Grado;Grado: Filología Hispánica;Zaragoza;Facultad de Filosofía y Letras;Fonética y fonología del español;Normal;Formación básica;64.29;55.38;86.15;65;36;56;1.03;27/09/2020
2018;Grado;Grado: Filología Hispánica;Zaragoza;Facultad de Filosofía y Letras;Roma, su lengua y su literatura I;Normal;Formación básica;84.62;72.13;85.25;61;44;52;1.09;27/09/2020
2018;Grado;Grado: Filología Hispánica;Zaragoza;Facultad de Filosofía y Letras;Literatura española de la Edad Media II;Normal;Formación básica;91.23;78.79;86.36;66;52;57;1.00;27/09/2020
2018;Grado;Grado: Filología Hispánica;Zaragoza;Facultad de Filosofía y Letras;Morfología del español;Normal;Formación básica;84.91;67.16;79.10;67;45;53;1.06;27/09/2020
2018;Grado;Grado: Filología Hispánica;Zaragoza;Facultad de Filosofía y Letras;Roma, su lengua y su literatura II;Normal;Formación básica;91.30;67.74;74.19;62;42;46;1.07;27/09/2020
2018;Grado;Grado: Filología Hispánica;Zaragoza;Facultad de Filosofía y Letras;Teoría de la literatura;Normal;Obligatoria;;;;0;0;0;1.67;27/09/2020
2018;Grado;Grado: Filología Hispánica;Zaragoza;Facultad de Filosofía y Letras;Historia para Filología Hispánica: España Moderna y Contemporánea;Normal;No Informado;;;;0;0;0;1.00;27/09/2020
2018;Grado;Grado: Filología Hispánica;Zaragoza;Facultad de Filosofía y Letras;Literatura comparada;Normal;No Informado;;;;0;0;0;1.00;27/09/2020
2018;Grado;Grado: Filología Hispánica;Zaragoza;Facultad de Filosofía y Letras;Comentario lingüístico de textos españoles;Normal;Obligatoria;;;;0;0;0;2.50;27/09/2020
2018;Grado;Grado: Historia;Zaragoza;Facultad de Filosofía y Letras;Pensamiento social;Normal;Formación básica;83.33;68.35;82.01;139;95;114;1.12;27/09/2020
2018;Grado;Grado: Historia;Zaragoza;Facultad de Filosofía y Letras;Fundamentos de historia del arte;Normal;Formación básica;82.64;64.10;77.56;156;100;121;1.37;27/09/2020
2018;Grado;Grado: Historia;Zaragoza;Facultad de Filosofía y Letras;Historia y ciencias sociales;Normal;Formación básica;80.67;60.38;74.84;159;96;119;1.16;27/09/2020
2018;Grado;Grado: Historia;Zaragoza;Facultad de Filosofía y Letras;La formación de las sociedades complejas;Normal;Formación básica;79.20;66.44;83.89;149;99;125;1.24;27/09/2020
2018;Grado;Grado: Historia;Zaragoza;Facultad de Filosofía y Letras;Otras culturas: introducción a la etnoarqueología;Normal;Formación básica;88.00;75.86;86.21;145;110;125;1.24;27/09/2020
2018;Grado;Grado: Historia;Zaragoza;Facultad de Filosofía y Letras;Literaturas hispánicas;Normal;Formación básica;84.75;62.89;74.21;159;100;118;1.28;27/09/2020
2018;Grado;Grado: Historia;Zaragoza;Facultad de Filosofía y Letras;Fundamentos de geografía;Normal;Formación básica;88.98;72.44;81.41;156;113;127;1.23;27/09/2020
2018;Grado;Grado: Historia;Zaragoza;Facultad de Filosofía y Letras;Fundamentos de historia;Normal;Formación básica;93.97;73.15;77.85;149;109;116;1.12;27/09/2020
2018;Grado;Grado: Historia;Zaragoza;Facultad de Filosofía y Letras;Mundo actual;Normal;Formación básica;92.73;71.83;77.46;142;102;110;1.06;27/09/2020
2018;Grado;Grado: Historia;Zaragoza;Facultad de Filosofía y Letras;Prehistoria: cazadores recolectores;Normal;Obligatoria;84.82;57.23;67.47;166;95;112;1.33;27/09/2020
2018;Grado;Grado: Historia;Zaragoza;Facultad de Filosofía y Letras;Introducción a la arqueología;Normal;Formación básica;93.40;86.84;92.98;114;99;106;1.09;27/09/2020
2018;Grado;Grado: Historia;Zaragoza;Facultad de Filosofía y Letras;Prehistoria: agricultores, pastores y metalúrgicos;Normal;Obligatoria;88.18;82.91;94.02;117;97;110;1.02;27/09/2020
2018;Grado;Grado: Historia;Zaragoza;Facultad de Filosofía y Letras;Historia antigua: siglos VII-II a.E.;Normal;Obligatoria;70.99;50.82;71.58;186;96;134;1.92;27/09/2020
2018;Grado;Grado: Historia;Zaragoza;Facultad de Filosofía y Letras;Historia de la alta Edad Media: siglos V-XII;Normal;Obligatoria;76.85;54.61;71.05;154;84;110;1.44;27/09/2020
2018;Grado;Grado: Historia;Zaragoza;Facultad de Filosofía y Letras;Historia moderna: siglo XVI;Normal;Obligatoria;89.26;78.83;88.32;137;108;121;1.12;27/09/2020
2018;Grado;Grado: Historia;Zaragoza;Facultad de Filosofía y Letras;Escritura y sociedad;Normal;Formación básica;95.28;78.29;82.17;129;101;106;1.28;27/09/2020
2018;Grado;Grado: Historia;Zaragoza;Facultad de Filosofía y Letras;Historia antigua: siglos II a E.-V d.E;Normal;Obligatoria;71.09;55.49;78.05;166;93;130;1.60;27/09/2020
2018;Grado;Grado: Historia;Zaragoza;Facultad de Filosofía y Letras;Historia de la baja Edad Media: siglos XIII-XV;Normal;Obligatoria;96.81;80.53;83.19;113;91;94;1.09;27/09/2020
2018;Grado;Grado: Historia;Zaragoza;Facultad de Filosofía y Letras;América indígena y colonial;Normal;Obligatoria;93.22;79.14;84.89;139;110;118;1.21;27/09/2020
2018;Grado;Grado: Historia;Zaragoza;Facultad de Filosofía y Letras;Historia contemporánea universal;Normal;Obligatoria;87.83;72.66;82.73;139;101;115;1.29;27/09/2020
2018;Grado;Grado: Historia;Zaragoza;Facultad de Filosofía y Letras;Protohistoria: de la plena metalurgia y la transición al Estado;Normal;Obligatoria;87.64;82.11;93.68;105;87;98;1.21;27/09/2020
2018;Grado;Grado: Historia;Zaragoza;Facultad de Filosofía y Letras;Hispania antigua;Normal;Obligatoria;83.33;72.16;86.60;106;79;93;1.27;27/09/2020
2018;Grado;Grado: Historia;Zaragoza;Facultad de Filosofía y Letras;España medieval;Normal;Obligatoria;98.61;78.89;80.00;103;81;83;1.14;27/09/2020
2018;Grado;Grado: Historia;Zaragoza;Facultad de Filosofía y Letras;Historia moderna: siglos XVII y XVIII;Normal;Obligatoria;93.75;79.79;85.11;108;87;92;1.09;27/09/2020
2018;Grado;Grado: Historia;Zaragoza;Facultad de Filosofía y Letras;América contemporánea;Normal;Obligatoria;95.12;81.25;85.42;108;89;93;1.22;27/09/2020
2018;Grado;Grado: Historia;Zaragoza;Facultad de Filosofía y Letras;Historia de España contemporánea: siglo XIX;Normal;Obligatoria;97.22;85.37;87.80;94;81;83;1.10;27/09/2020
2018;Grado;Grado: Historia;Zaragoza;Facultad de Filosofía y Letras;España moderna;Normal;Obligatoria;93.14;79.83;85.71;130;105;112;1.12;27/09/2020
2018;Grado;Grado: Historia;Zaragoza;Facultad de Filosofía y Letras;Historia de Aragón;Normal;Obligatoria;95.19;88.39;92.86;120;106;112;1.02;27/09/2020
2018;Grado;Grado: Historia;Zaragoza;Facultad de Filosofía y Letras;Historia de España contemporánea: siglo XX;Normal;Obligatoria;84.26;80.53;95.58;122;98;115;1.22;27/09/2020
2018;Grado;Grado: Historia;Zaragoza;Facultad de Filosofía y Letras;Trabajo fin de Grado;Trabajo fin de grado;Trabajo fin de Grado;100.00;68.03;68.03;147;100;100;1.00;27/09/2020
2018;Grado;Grado: Historia;Zaragoza;Facultad de Filosofía y Letras;Historia de las religiones;Normal;Optativa;93.44;85.07;91.04;72;62;66;1.16;27/09/2020
2018;Grado;Grado: Historia;Zaragoza;Facultad de Filosofía y Letras;Historiografía;Normal;Optativa;96.88;88.57;91.43;39;35;36;1.17;27/09/2020
2018;Grado;Grado: Historia;Zaragoza;Facultad de Filosofía y Letras;Recuperación del patrimonio histórico-arqueológico;Normal;Optativa;100.00;95.65;95.65;26;24;24;1.00;27/09/2020
2018;Grado;Grado: Historia;Zaragoza;Facultad de Filosofía y Letras;Paleografía;Normal;Optativa;76.00;76.00;100.00;26;20;26;1.10;27/09/2020
2018;Grado;Grado: Historia;Zaragoza;Facultad de Filosofía y Letras;Historia de las mujeres;Normal;Optativa;93.75;86.54;92.31;55;48;51;1.17;27/09/2020
2018;Grado;Grado: Historia;Zaragoza;Facultad de Filosofía y Letras;Historia cultural;Normal;Optativa;90.00;79.41;88.24;41;33;36;1.03;27/09/2020
2018;Movilidad de entrada;Movilidad para 1º y 2º ciclo y grado;Zaragoza;Facultad de Filosofía y Letras;Historia cultural;Normal;Optativa;;;;12;10;11;1.10;27/09/2020
2018;Grado;Grado: Historia;Zaragoza;Facultad de Filosofía y Letras;Prehistoria y arqueología: teoría, métodos y práctica;Normal;Optativa;92.31;92.31;100.00;13;12;13;1.00;27/09/2020
2018;Grado;Grado: Historia;Zaragoza;Facultad de Filosofía y Letras;Lenguas clásicas: Latín;Normal;Optativa;91.67;61.11;66.67;21;14;15;1.00;27/09/2020
2018;Grado;Grado: Historia;Zaragoza;Facultad de Filosofía y Letras;Lenguas clásicas: Griego;Normal;Optativa;100.00;100.00;100.00;3;3;3;1.00;27/09/2020
2018;Grado;Grado: Historia;Zaragoza;Facultad de Filosofía y Letras;Lenguas clásicas: Árabe;Normal;Optativa;80.00;66.67;83.33;8;6;7;1.17;27/09/2020
2018;Grado;Grado: Historia;Zaragoza;Facultad de Filosofía y Letras;La ciudad clásica;Normal;Optativa;73.68;73.68;100.00;22;16;22;1.25;27/09/2020
2018;Grado;Grado: Historia;Zaragoza;Facultad de Filosofía y Letras;Roma y su Imperio;Normal;Optativa;92.50;84.09;90.91;45;37;40;1.35;27/09/2020
2018;Grado;Grado: Historia;Zaragoza;Facultad de Filosofía y Letras;Arqueología clásica;Normal;Optativa;92.31;85.71;92.86;15;13;14;1.00;27/09/2020
2018;Grado;Grado: Historia;Zaragoza;Facultad de Filosofía y Letras;Símbolos, artes y creencias en la Prehistoria;Normal;Optativa;96.15;89.29;92.86;28;25;26;1.04;27/09/2020
2018;Grado;Grado: Historia;Zaragoza;Facultad de Filosofía y Letras;El origen del hombre;Normal;Optativa;95.45;87.50;91.67;24;21;22;1.10;27/09/2020
2018;Grado;Grado: Historia;Zaragoza;Facultad de Filosofía y Letras;Historia económica y social de la Edad Media;Normal;Optativa;95.92;95.92;100.00;54;51;53;1.04;27/09/2020
2018;Grado;Grado: Historia;Zaragoza;Facultad de Filosofía y Letras;Culturas medievales europeas;Normal;Optativa;93.22;90.16;96.72;63;57;61;1.04;27/09/2020
2018;Grado;Grado: Historia;Zaragoza;Facultad de Filosofía y Letras;Historia del Islam;Normal;Optativa;100.00;100.00;100.00;93;93;93;1.04;27/09/2020
2018;Grado;Grado: Historia;Zaragoza;Facultad de Filosofía y Letras;Diplomática medieval;Normal;Optativa;100.00;93.33;93.33;30;28;28;1.00;27/09/2020
2018;Grado;Grado: Historia;Zaragoza;Facultad de Filosofía y Letras;Patrimonio histórico-documental;Normal;Optativa;100.00;100.00;100.00;32;32;32;1.00;27/09/2020
2018;Grado;Grado: Historia;Zaragoza;Facultad de Filosofía y Letras;Historia económica y social de la Edad Moderna;Normal;Optativa;81.82;78.26;95.65;27;22;26;1.05;27/09/2020
2018;Grado;Grado: Historia;Zaragoza;Facultad de Filosofía y Letras;Culturas modernas europeas;Normal;Optativa;96.77;95.24;98.41;67;64;66;1.08;27/09/2020
2018;Grado;Grado: Historia;Zaragoza;Facultad de Filosofía y Letras;Historia económica del mundo contemporáneo;Normal;Optativa;97.62;89.13;91.30;50;45;46;1.02;27/09/2020
2018;Grado;Grado: Historia;Zaragoza;Facultad de Filosofía y Letras;Historia de los movimientos sociales contemporáneos;Normal;Optativa;98.41;95.38;96.92;68;65;66;1.05;27/09/2020
2018;Grado;Grado: Historia;Zaragoza;Facultad de Filosofía y Letras;Historia de las ideas políticas;Normal;Optativa;100.00;89.39;89.39;69;62;62;1.00;27/09/2020
2018;Grado;Grado: Historia del Arte;Zaragoza;Facultad de Filosofía y Letras;Arte de la Antigüedad;Normal;Formación básica;91.23;65.82;72.15;79;52;57;1.07;27/09/2020
2018;Grado;Grado: Historia del Arte;Zaragoza;Facultad de Filosofía y Letras;Historia Universal;Normal;Formación básica;54.84;32.08;58.49;106;34;62;1.66;27/09/2020
2018;Grado;Grado: Historia del Arte;Zaragoza;Facultad de Filosofía y Letras;Teoría del Arte y metodologías;Normal;Formación básica;77.05;61.84;80.26;76;47;61;1.22;27/09/2020
2018;Grado;Grado: Historia del Arte;Zaragoza;Facultad de Filosofía y Letras;Arte desde Antigüedad tardía hasta el año 1000;Normal;Obligatoria;98.57;84.15;85.37;82;69;70;1.07;27/09/2020
2018;Grado;Grado: Historia del Arte;Zaragoza;Facultad de Filosofía y Letras;Literatura y arte;Normal;Formación básica;78.00;44.32;56.82;88;39;50;1.61;27/09/2020
2018;Grado;Grado: Historia del Arte;Zaragoza;Facultad de Filosofía y Letras;Técnicas artísticas;Normal;Formación básica;83.87;62.65;74.70;83;52;62;1.29;27/09/2020
2018;Grado;Grado: Historia del Arte;Zaragoza;Facultad de Filosofía y Letras;Arte de la época del Románico;Normal;Obligatoria;80.00;45.98;57.47;87;40;50;1.30;27/09/2020
2018;Grado;Grado: Historia del Arte;Zaragoza;Facultad de Filosofía y Letras;Arte de la época del Gótico;Normal;Obligatoria;75.00;50.00;66.67;90;45;60;1.45;27/09/2020
2018;Grado;Grado: Historia del Arte;Zaragoza;Facultad de Filosofía y Letras;Pensamiento y estética;Normal;Formación básica;92.73;83.61;90.16;61;51;55;1.19;27/09/2020
2018;Grado;Grado: Historia del Arte;Zaragoza;Facultad de Filosofía y Letras;Arte del renacimiento;Normal;Obligatoria;85.94;70.51;82.05;79;56;65;1.50;27/09/2020
2018;Grado;Grado: Historia del Arte;Zaragoza;Facultad de Filosofía y Letras;Arte Americano: precolombino e hispánico;Normal;Obligatoria;83.02;74.58;89.83;60;45;54;1.13;27/09/2020
2018;Grado;Grado: Historia del Arte;Zaragoza;Facultad de Filosofía y Letras;Historia de la música;Normal;Formación básica;62.07;42.86;69.05;86;38;60;1.58;27/09/2020
2018;Grado;Grado: Historia del Arte;Zaragoza;Facultad de Filosofía y Letras;Conservación y restauración del patrimonio artístico;Normal;Obligatoria;80.77;68.85;85.25;61;42;52;1.27;27/09/2020
2018;Grado;Grado: Historia del Arte;Zaragoza;Facultad de Filosofía y Letras;Arte del barroco y de la ilustración;Normal;Obligatoria;88.64;71.56;80.73;110;79;89;1.66;27/09/2020
2018;Grado;Grado: Historia del Arte;Zaragoza;Facultad de Filosofía y Letras;Arte islámico;Normal;Obligatoria;100.00;95.08;95.08;61;58;58;1.02;27/09/2020
2018;Grado;Grado: Historia del Arte;Zaragoza;Facultad de Filosofía y Letras;Arte del siglo XIX;Normal;Obligatoria;90.91;83.33;91.67;50;42;46;1.09;27/09/2020
2018;Grado;Grado: Historia del Arte;Zaragoza;Facultad de Filosofía y Letras;Museología y museografía;Normal;Obligatoria;100.00;94.44;94.44;39;36;36;1.00;27/09/2020
2018;Grado;Grado: Historia del Arte;Zaragoza;Facultad de Filosofía y Letras;Arte del siglo XX y últimas tendencias;Normal;Obligatoria;86.84;73.33;84.44;49;37;42;1.26;27/09/2020
2018;Grado;Grado: Historia del Arte;Zaragoza;Facultad de Filosofía y Letras;Cine y otros medios audiovisuales;Normal;Obligatoria;86.67;70.91;81.82;57;41;47;1.37;27/09/2020
2018;Grado;Grado: Historia del Arte;Zaragoza;Facultad de Filosofía y Letras;Arte de Asia oriental;Normal;Obligatoria;92.68;90.48;97.62;42;38;41;1.10;27/09/2020
2018;Grado;Grado: Historia del Arte;Zaragoza;Facultad de Filosofía y Letras;Arte antiguo y medieval en la península Ibérica;Normal;Obligatoria;58.33;44.30;75.95;87;43;68;1.98;27/09/2020
2018;Grado;Grado: Historia del Arte;Zaragoza;Facultad de Filosofía y Letras;Arte español de la Edad Moderna;Normal;Obligatoria;89.66;83.87;93.55;66;56;62;1.33;27/09/2020
2018;Grado;Grado: Historia del Arte;Zaragoza;Facultad de Filosofía y Letras;Arte español de la Edad Contemporánea;Normal;Obligatoria;80.70;77.97;96.61;61;48;59;1.47;27/09/2020
2018;Grado;Grado: Historia del Arte;Zaragoza;Facultad de Filosofía y Letras;Mercado de arte, catalogación y gestión de colecciones;Normal;Obligatoria;100.00;96.36;96.36;59;57;57;1.00;27/09/2020
2018;Grado;Grado: Historia del Arte;Zaragoza;Facultad de Filosofía y Letras;Trabajo fin de Grado;Trabajo fin de grado;Trabajo fin de Grado;100.00;64.63;64.63;82;53;53;1.00;27/09/2020
2018;Grado;Grado: Historia del Arte;Zaragoza;Facultad de Filosofía y Letras;Iconografía;Normal;Optativa;86.21;78.13;90.63;35;28;32;1.13;27/09/2020
2018;Grado;Grado: Historia del Arte;Zaragoza;Facultad de Filosofía y Letras;Artes decorativas;Normal;Optativa;100.00;96.97;96.97;36;34;34;1.00;27/09/2020
2018;Grado;Grado: Historia del Arte;Zaragoza;Facultad de Filosofía y Letras;Arte gráfico;Normal;Optativa;100.00;100.00;100.00;12;12;12;1.00;27/09/2020
2018;Grado;Grado: Historia del Arte;Zaragoza;Facultad de Filosofía y Letras;Teoría e historia del urbanismo;Normal;Optativa;100.00;75.00;75.00;18;14;14;1.00;27/09/2020
2018;Grado;Grado: Historia del Arte;Zaragoza;Facultad de Filosofía y Letras;Arte y cultura de masas;Normal;Optativa;92.86;81.25;87.50;17;14;15;1.00;27/09/2020
2018;Grado;Grado: Historia del Arte;Zaragoza;Facultad de Filosofía y Letras;Historia de la fotografía;Normal;Optativa;100.00;84.21;84.21;20;17;17;1.06;27/09/2020
2018;Grado;Grado: Historia del Arte;Zaragoza;Facultad de Filosofía y Letras;Arte de África;Normal;Optativa;96.30;92.86;96.43;30;28;29;1.14;27/09/2020
2018;Grado;Grado: Historia del Arte;Zaragoza;Facultad de Filosofía y Letras;Arte iberoamericano contemporáneo;Normal;Optativa;100.00;100.00;100.00;7;7;7;1.00;27/09/2020
2018;Grado;Grado: Historia del Arte;Zaragoza;Facultad de Filosofía y Letras;Arte aragonés;Normal;Optativa;100.00;60.00;60.00;6;4;4;1.00;27/09/2020
2018;Grado;Grado: Historia del Arte;Zaragoza;Facultad de Filosofía y Letras;Arte mudéjar;Normal;Optativa;87.50;77.78;88.89;9;7;8;1.00;27/09/2020
2018;Grado;Grado: Historia del Arte;Zaragoza;Facultad de Filosofía y Letras;Música en la sociedad actual;Normal;Optativa;90.91;90.91;100.00;13;12;13;1.42;27/09/2020
2018;Grado;Grado: Historia del Arte;Zaragoza;Facultad de Filosofía y Letras;Géneros audiovisuales;Normal;Optativa;95.65;84.62;88.46;26;22;23;1.13;27/09/2020
2018;Grado;Grado: Historia del Arte;Zaragoza;Facultad de Filosofía y Letras;Cine español;Normal;Optativa;92.00;85.19;92.59;28;24;26;1.00;27/09/2020
2018;Grado;Grado: Historia del Arte;Zaragoza;Facultad de Filosofía y Letras;Instrumentos para el ejercicio profesional del historiador del arte;Normal;Optativa;100.00;97.73;97.73;46;45;45;1.02;27/09/2020
2018;Grado;Grado: Historia del Arte;Zaragoza;Facultad de Filosofía y Letras;Prácticas externas;Prácticas externas;Optativa;100.00;96.67;96.67;30;29;29;1.00;27/09/2020
2018;Grado;Grado: Geografía y Ordenación del Territorio;Zaragoza;Facultad de Filosofía y Letras;Geografía humana: estructura y procesos territoriales I;Normal;Formación básica;96.00;82.76;86.21;29;24;25;1.00;27/09/2020
2018;Grado;Grado: Geografía y Ordenación del Territorio;Zaragoza;Facultad de Filosofía y Letras;Fundamentos históricos de la organización del territorio;Normal;Formación básica;92.31;77.42;83.87;31;24;26;1.52;27/09/2020
2018;Grado;Grado: Geografía y Ordenación del Territorio;Zaragoza;Facultad de Filosofía y Letras;Geomorfología;Normal;Formación básica;88.46;74.19;83.87;31;23;26;1.04;27/09/2020
2018;Grado;Grado: Geografía y Ordenación del Territorio;Zaragoza;Facultad de Filosofía y Letras;El pensamiento geográfico: evolución conceptual y metodológica;Normal;Obligatoria;92.31;77.42;83.87;31;24;26;1.08;27/09/2020
2018;Grado;Grado: Geografía y Ordenación del Territorio;Zaragoza;Facultad de Filosofía y Letras;Cartografía general;Normal;Obligatoria;92.00;74.19;80.65;31;23;25;1.35;27/09/2020
2018;Grado;Grado: Geografía y Ordenación del Territorio;Zaragoza;Facultad de Filosofía y Letras;Introducción a la economía;Normal;Formación básica;100.00;83.87;83.87;31;26;26;1.29;27/09/2020
2018;Grado;Grado: Geografía y Ordenación del Territorio;Zaragoza;Facultad de Filosofía y Letras;Grandes conjuntos regionales del mundo;Normal;Formación básica;95.65;75.86;79.31;29;22;23;1.14;27/09/2020
2018;Grado;Grado: Geografía y Ordenación del Territorio;Zaragoza;Facultad de Filosofía y Letras;Climatología;Normal;Formación básica;87.50;70.00;80.00;40;28;32;1.50;27/09/2020
2018;Grado;Grado: Geografía y Ordenación del Territorio;Zaragoza;Facultad de Filosofía y Letras;Cartografía temática;Normal;Obligatoria;100.00;76.67;76.67;30;23;23;1.12;27/09/2020
2018;Grado;Grado: Geografía y Ordenación del Territorio;Zaragoza;Facultad de Filosofía y Letras;Geografía humana: estructura y procesos territoriales II;Normal;Formación básica;100.00;79.49;79.49;39;31;31;1.55;27/09/2020
2018;Grado;Grado: Geografía y Ordenación del Territorio;Zaragoza;Facultad de Filosofía y Letras;Biogeografía;Normal;Obligatoria;94.59;89.74;94.87;39;35;37;1.11;27/09/2020
2018;Grado;Grado: Geografía y Ordenación del Territorio;Zaragoza;Facultad de Filosofía y Letras;Geografía de la población;Normal;Obligatoria;91.89;89.47;97.37;38;34;37;1.00;27/09/2020
2018;Grado;Grado: Geografía y Ordenación del Territorio;Zaragoza;Facultad de Filosofía y Letras;Geografía de Europa;Normal;Obligatoria;97.37;97.37;100.00;38;37;38;1.00;27/09/2020
2018;Grado;Grado: Geografía y Ordenación del Territorio;Zaragoza;Facultad de Filosofía y Letras;Tratamiento de la información en Geografía;Normal;Obligatoria;87.10;61.36;70.45;44;27;31;1.52;27/09/2020
2018;Grado;Grado: Geografía y Ordenación del Territorio;Zaragoza;Facultad de Filosofía y Letras;Fundamentos jurídicos y sociales para la ordenación territorial y medioambiental;Normal;Formación básica;94.12;86.49;91.89;37;32;34;1.12;27/09/2020
2018;Grado;Grado: Geografía y Ordenación del Territorio;Zaragoza;Facultad de Filosofía y Letras;Geografía de España: estructura y organización territorial;Normal;Formación básica;74.36;72.50;97.50;40;29;39;1.47;27/09/2020
2018;Grado;Grado: Geografía y Ordenación del Territorio;Zaragoza;Facultad de Filosofía y Letras;Geografía física aplicada a la ordenación del territorio I: el relieve y los seres vivos;Normal;Obligatoria;94.12;74.42;79.07;43;32;34;1.28;27/09/2020
2018;Grado;Grado: Geografía y Ordenación del Territorio;Zaragoza;Facultad de Filosofía y Letras;Sistemas de información geográfica;Normal;Obligatoria;88.89;66.67;75.00;48;32;36;1.34;27/09/2020
2018;Grado;Grado: Geografía y Ordenación del Territorio;Zaragoza;Facultad de Filosofía y Letras;Edafogeografía;Normal;Formación básica;84.62;76.74;90.70;43;33;39;1.12;27/09/2020
2018;Grado;Grado: Geografía y Ordenación del Territorio;Zaragoza;Facultad de Filosofía y Letras;Teledetección;Normal;Obligatoria;88.00;84.62;96.15;27;23;26;1.30;27/09/2020
2018;Grado;Grado: Geografía y Ordenación del Territorio;Zaragoza;Facultad de Filosofía y Letras;Hidrogeografía;Normal;Obligatoria;100.00;91.67;91.67;25;23;23;1.13;27/09/2020
2018;Grado;Grado: Geografía y Ordenación del Territorio;Zaragoza;Facultad de Filosofía y Letras;Políticas territoriales en las regiones españolas;Normal;Obligatoria;100.00;100.00;100.00;24;24;24;1.04;27/09/2020
2018;Grado;Grado: Geografía y Ordenación del Territorio;Zaragoza;Facultad de Filosofía y Letras;Geografía económica: procesos y territorios;Normal;Obligatoria;95.00;95.00;100.00;22;21;22;1.00;27/09/2020
2018;Grado;Grado: Geografía y Ordenación del Territorio;Zaragoza;Facultad de Filosofía y Letras;Geografía de Aragón;Normal;Obligatoria;100.00;87.50;87.50;26;23;23;1.00;27/09/2020
2018;Grado;Grado: Geografía y Ordenación del Territorio;Zaragoza;Facultad de Filosofía y Letras;Geografía física aplicada a la ordenación del territorio II: el clima y el agua;Normal;Obligatoria;100.00;80.77;80.77;28;23;23;1.22;27/09/2020
2018;Grado;Grado: Geografía y Ordenación del Territorio;Zaragoza;Facultad de Filosofía y Letras;Los espacios urbanos: procesos y organización territorial;Normal;Obligatoria;79.31;63.89;80.56;38;25;31;1.81;27/09/2020
2018;Grado;Grado: Geografía y Ordenación del Territorio;Zaragoza;Facultad de Filosofía y Letras;Los espacios rurales: diversidad y estrategias para el desarrollo;Normal;Obligatoria;100.00;95.00;95.00;22;21;21;1.10;27/09/2020
2018;Grado;Grado: Geografía y Ordenación del Territorio;Zaragoza;Facultad de Filosofía y Letras;Ordenación del territorio: factores y escalas (I);Normal;Obligatoria;96.77;93.75;96.88;34;32;33;1.41;27/09/2020
2018;Grado;Grado: Geografía y Ordenación del Territorio;Zaragoza;Facultad de Filosofía y Letras;Geografía y medioambiente;Normal;Obligatoria;96.77;96.77;100.00;32;31;32;1.06;27/09/2020
2018;Grado;Grado: Geografía y Ordenación del Territorio;Zaragoza;Facultad de Filosofía y Letras;Análisis integrado del medio natural;Normal;Obligatoria;93.55;90.63;96.88;34;31;33;1.10;27/09/2020
2018;Grado;Grado: Geografía y Ordenación del Territorio;Zaragoza;Facultad de Filosofía y Letras;El paisaje en la ordenación del territorio;Normal;Obligatoria;100.00;100.00;100.00;31;31;31;1.00;27/09/2020
2018;Grado;Grado: Geografía y Ordenación del Territorio;Zaragoza;Facultad de Filosofía y Letras;Ordenación del territorio: factores y escalas (II);Normal;Obligatoria;96.77;96.77;100.00;33;32;33;1.12;27/09/2020
2018;Grado;Grado: Geografía y Ordenación del Territorio;Zaragoza;Facultad de Filosofía y Letras;Geografía social y cultural: procesos y patrones territoriales;Normal;Obligatoria;100.00;96.97;96.97;35;34;34;1.00;27/09/2020
2018;Grado;Grado: Geografía y Ordenación del Territorio;Zaragoza;Facultad de Filosofía y Letras;Políticas y estrategias territoriales de la Unión Europea;Normal;Obligatoria;100.00;100.00;100.00;31;31;31;1.00;27/09/2020
2018;Grado;Grado: Geografía y Ordenación del Territorio;Zaragoza;Facultad de Filosofía y Letras;Trabajo fin de Grado;Trabajo fin de grado;Trabajo fin de Grado;100.00;75.68;75.68;37;28;28;1.00;27/09/2020
2018;Grado;Grado: Geografía y Ordenación del Territorio;Zaragoza;Facultad de Filosofía y Letras;Análisis de riesgos naturales;Normal;Optativa;100.00;100.00;100.00;9;9;9;1.00;27/09/2020
2018;Grado;Grado: Geografía y Ordenación del Territorio;Zaragoza;Facultad de Filosofía y Letras;Evaluación de impacto ambiental;Normal;Optativa;100.00;100.00;100.00;9;9;9;1.00;27/09/2020
2018;Grado;Grado: Geografía y Ordenación del Territorio;Zaragoza;Facultad de Filosofía y Letras;Métodos para la reconstrucción de paleoambientes;Normal;Optativa;96.43;96.43;100.00;30;29;30;1.24;27/09/2020
2018;Grado;Grado: Geografía y Ordenación del Territorio;Zaragoza;Facultad de Filosofía y Letras;Geografía para el desarrollo y la cooperación territorial;Normal;Optativa;100.00;100.00;100.00;3;3;3;1.00;27/09/2020
2018;Grado;Grado: Geografía y Ordenación del Territorio;Zaragoza;Facultad de Filosofía y Letras;Geopolítica y globalización;Normal;Optativa;100.00;100.00;100.00;14;14;14;1.00;27/09/2020
2018;Movilidad de entrada;Movilidad para 1º y 2º ciclo y grado;Zaragoza;Facultad de Filosofía y Letras;Geopolítica y globalización;Normal;Optativa;;;;7;6;6;1.00;27/09/2020
2018;Grado;Grado: Geografía y Ordenación del Territorio;Zaragoza;Facultad de Filosofía y Letras;Infraestructuras y servicios en la articulación del territorio;Normal;Optativa;100.00;100.00;100.00;3;3;3;1.00;27/09/2020
2018;Movilidad de entrada;Movilidad para 1º y 2º ciclo y grado;Zaragoza;Facultad de Ciencias Sociales y del Trabajo;Infraestructuras y servicios en la articulación del territorio;Normal;Optativa;;;;1;1;1;1.00;27/09/2020
2018;Grado;Grado: Geografía y Ordenación del Territorio;Zaragoza;Facultad de Filosofía y Letras;Turismo y territorio;Normal;Optativa;100.00;93.33;93.33;15;14;14;1.07;27/09/2020
2018;Grado;Grado: Geografía y Ordenación del Territorio;Zaragoza;Facultad de Filosofía y Letras;Aplicación de la geografía a la educación ambiental;Normal;Optativa;100.00;100.00;100.00;12;12;12;1.00;27/09/2020
2018;Movilidad de entrada;Movilidad para 1º y 2º ciclo y grado;Zaragoza;Facultad de Filosofía y Letras;Aplicación de la geografía a la educación ambiental;Normal;Optativa;;;;10;10;10;1.00;27/09/2020
2018;Grado;Grado: Geografía y Ordenación del Territorio;Zaragoza;Facultad de Filosofía y Letras;Prácticas externas;Prácticas externas;Optativa;100.00;90.91;90.91;11;10;10;1.00;27/09/2020
2018;Grado;Grado: Veterinaria;Zaragoza;Facultad de Veterinaria;Citología e histología;Normal;Formación básica;78.62;72.67;92.44;172;125;159;1.49;27/09/2020
2018;Grado;Grado: Veterinaria;Zaragoza;Facultad de Veterinaria;Biología y bioquímica;Normal;Formación básica;76.37;69.85;91.46;199;139;182;1.89;27/09/2020
2018;Grado;Grado: Veterinaria;Zaragoza;Facultad de Veterinaria;Etnología y bienestar animal;Normal;Obligatoria;95.00;93.25;98.16;163;152;160;1.23;27/09/2020
2018;Grado;Grado: Veterinaria;Zaragoza;Facultad de Veterinaria;Epidemiología y bioestadística;Normal;Obligatoria;100.00;99.31;99.31;145;144;144;1.11;27/09/2020
2018;Grado;Grado: Veterinaria;Zaragoza;Facultad de Veterinaria;Ciencias básicas para veterinaria;Normal;Formación básica;95.17;91.39;96.03;151;138;145;1.16;27/09/2020
2018;Grado;Grado: Veterinaria;Zaragoza;Facultad de Veterinaria;Embriología y anatomía I;Normal;Formación básica;86.88;83.73;96.39;166;139;160;1.42;27/09/2020
2018;Grado;Grado: Veterinaria;Zaragoza;Facultad de Veterinaria;Embriología y anatomía II;Normal;Formación básica;92.05;88.54;96.18;157;139;151;1.20;27/09/2020
2018;Grado;Grado: Veterinaria;Zaragoza;Facultad de Veterinaria;Economía y empresa;Normal;Formación básica;90.85;87.97;96.84;158;139;153;1.31;27/09/2020
2018;Grado;Grado: Veterinaria;Zaragoza;Facultad de Veterinaria;Fisiología animal;Normal;Formación básica;73.61;70.20;95.36;151;106;144;1.31;27/09/2020
2018;Grado;Grado: Veterinaria;Zaragoza;Facultad de Veterinaria;Microbiología e inmunología;Normal;Obligatoria;88.03;85.62;97.26;146;125;142;1.42;27/09/2020
2018;Grado;Grado: Veterinaria;Zaragoza;Facultad de Veterinaria;Genética;Normal;Formación básica;97.81;95.04;97.16;141;134;137;1.14;27/09/2020
2018;Grado;Grado: Veterinaria;Zaragoza;Facultad de Veterinaria;Agronomía;Normal;Obligatoria;95.92;95.27;99.32;148;141;147;1.42;27/09/2020
2018;Grado;Grado: Veterinaria;Zaragoza;Facultad de Veterinaria;Experimentación animal I;Normal;Optativa;100.00;100.00;100.00;42;42;42;1.02;27/09/2020
2018;Grado;Grado: Veterinaria;Zaragoza;Facultad de Veterinaria;Herramientas informáticas para veterinaria;Normal;Optativa;94.74;94.74;100.00;20;19;20;1.00;27/09/2020
2018;Grado;Grado: Veterinaria;Zaragoza;Facultad de Veterinaria;Historia de la veterinaria;Normal;Optativa;100.00;97.30;97.30;38;37;37;1.00;27/09/2020
2018;Grado;Grado: Veterinaria;Zaragoza;Facultad de Veterinaria;Inglés científico para veterinaria;Normal;Optativa;93.04;90.68;97.46;118;107;115;1.07;27/09/2020
2018;Grado;Grado: Veterinaria;Zaragoza;Facultad de Veterinaria;Morfología externa, valoración morfológica e identificación;Normal;Optativa;100.00;100.00;100.00;45;45;45;1.00;27/09/2020
2018;Grado;Grado: Veterinaria;Zaragoza;Facultad de Veterinaria;Parasitología;Normal;Obligatoria;91.60;87.59;95.62;137;120;131;1.25;27/09/2020
2018;Grado;Grado: Veterinaria;Zaragoza;Facultad de Veterinaria;Genética cuantitativa, genética molecular y mejora;Normal;Obligatoria;94.04;84.02;89.35;169;142;151;1.15;27/09/2020
2018;Grado;Grado: Veterinaria;Zaragoza;Facultad de Veterinaria;Nutrición animal;Normal;Obligatoria;79.47;74.07;93.21;162;120;151;1.49;27/09/2020
2018;Grado;Grado: Veterinaria;Zaragoza;Facultad de Veterinaria;Farmacología y farmacoterapia;Normal;Obligatoria;94.33;94.33;100.00;145;135;144;1.31;27/09/2020
2018;Grado;Grado: Veterinaria;Zaragoza;Facultad de Veterinaria;Patología quirúrgica general, cirugía y anestesiología;Normal;Obligatoria;99.24;97.74;98.50;137;134;135;1.07;27/09/2020
2018;Grado;Grado: Veterinaria;Zaragoza;Facultad de Veterinaria;Diagnóstico por imagen;Normal;Obligatoria;94.33;84.71;89.81;161;137;145;1.32;27/09/2020
2018;Grado;Grado: Veterinaria;Zaragoza;Facultad de Veterinaria;Anatomía patológica general;Normal;Obligatoria;92.52;90.07;97.35;155;139;150;1.21;27/09/2020
2018;Grado;Grado: Veterinaria;Zaragoza;Facultad de Veterinaria;Toxicología;Normal;Obligatoria;95.21;94.56;99.32;151;143;150;1.24;27/09/2020
2018;Grado;Grado: Veterinaria;Zaragoza;Facultad de Veterinaria;Patología general y propedéutica I;Normal;Obligatoria;85.43;85.43;100.00;156;133;155;1.58;27/09/2020
2018;Grado;Grado: Veterinaria;Zaragoza;Facultad de Veterinaria;Patología general y propedéutica II;Normal;Obligatoria;85.19;76.67;90.00;155;119;139;1.28;27/09/2020
2018;Grado;Grado: Veterinaria;Zaragoza;Facultad de Veterinaria;Deontología, veterinaria legal y bioética;Normal;Obligatoria;94.03;89.36;95.04;144;129;137;1.24;27/09/2020
2018;Grado;Grado: Veterinaria;Zaragoza;Facultad de Veterinaria;Reproducción y obstetricia;Normal;Obligatoria;83.10;73.29;88.20;164;120;144;1.41;27/09/2020
2018;Grado;Grado: Veterinaria;Zaragoza;Facultad de Veterinaria;Integración en rumiantes;Normal;Obligatoria;89.36;85.14;95.27;156;133;149;1.46;27/09/2020
2018;Grado;Grado: Veterinaria;Zaragoza;Facultad de Veterinaria;Integración en aves y conejos;Normal;Obligatoria;89.55;85.71;95.71;148;128;142;1.39;27/09/2020
2018;Grado;Grado: Veterinaria;Zaragoza;Facultad de Veterinaria;Integración en animales de compañía;Normal;Obligatoria;98.40;91.11;92.59;143;131;133;1.28;27/09/2020
2018;Grado;Grado: Veterinaria;Zaragoza;Facultad de Veterinaria;Integración en animales acuáticos y exóticos;Normal;Obligatoria;97.74;89.04;91.10;156;140;143;1.23;27/09/2020
2018;Grado;Grado: Veterinaria;Zaragoza;Facultad de Veterinaria;Integración en équidos;Normal;Obligatoria;89.80;85.71;95.45;162;140;155;1.34;27/09/2020
2018;Grado;Grado: Veterinaria;Zaragoza;Facultad de Veterinaria;Integración en porcino;Normal;Obligatoria;92.31;88.24;95.59;144;128;138;1.14;27/09/2020
2018;Grado;Grado: Veterinaria;Zaragoza;Facultad de Veterinaria;Ecología y medio ambiente;Normal;Optativa;100.00;100.00;100.00;60;60;60;1.02;27/09/2020
2018;Grado;Grado: Veterinaria;Zaragoza;Facultad de Veterinaria;Experimentación animal II;Normal;Optativa;100.00;100.00;100.00;14;14;14;1.00;27/09/2020
2018;Grado;Grado: Veterinaria;Zaragoza;Facultad de Veterinaria;Fauna silvestre;Normal;Optativa;100.00;100.00;100.00;55;55;55;1.02;27/09/2020
2018;Grado;Grado: Veterinaria;Zaragoza;Facultad de Veterinaria;Producción y sanidad apícolas;Normal;Optativa;100.00;97.37;97.37;42;41;41;1.00;27/09/2020
2018;Grado;Grado: Veterinaria;Zaragoza;Facultad de Veterinaria;Tecnología alimentaria;Normal;Obligatoria;98.26;94.17;95.83;136;129;131;1.13;27/09/2020
2018;Grado;Grado: Veterinaria;Zaragoza;Facultad de Veterinaria;Higiene, inspección y control alimentario;Normal;Obligatoria;94.57;91.73;96.99;146;135;142;1.27;27/09/2020
2018;Grado;Grado: Veterinaria;Zaragoza;Facultad de Veterinaria;Prácticum clínico en pequeños animales, exóticos y équidos;Normal;Obligatoria;99.09;96.46;97.35;136;132;133;1.09;27/09/2020
2018;Grado;Grado: Veterinaria;Zaragoza;Facultad de Veterinaria;Prácticum clínico en especies de abasto;Normal;Obligatoria;100.00;99.10;99.10;136;135;135;1.03;27/09/2020
2018;Grado;Grado: Veterinaria;Zaragoza;Facultad de Veterinaria;Zoonosis, medicina preventiva y política sanitaria;Normal;Obligatoria;100.00;100.00;100.00;130;130;130;1.01;27/09/2020
2018;Grado;Grado: Veterinaria;Zaragoza;Facultad de Veterinaria;Prácticas externas tuteladas;Prácticas externas;Prácticas externas;100.00;96.48;96.48;147;142;142;1.00;27/09/2020
2018;Movilidad de entrada;Movilidad para 1º y 2º ciclo y grado;Zaragoza;Facultad de Veterinaria;Prácticas externas tuteladas;Prácticas externas;Optativa;100.00;33.33;33.33;3;1;1;1.00;27/09/2020
2018;Grado;Grado: Veterinaria;Zaragoza;Facultad de Veterinaria;Trabajo fin de Grado;Trabajo fin de grado;Trabajo fin de Grado;100.00;87.88;87.88;166;146;146;1.00;27/09/2020
2018;Movilidad de entrada;Movilidad para 1º y 2º ciclo y grado;Zaragoza;Facultad de Veterinaria;Trabajo fin de Grado;Trabajo fin de grado;Optativa;;;;1;1;1;1.00;27/09/2020
2018;Grado;Grado: Relaciones Laborales y Recursos Humanos;Zaragoza;Facultad de Ciencias Sociales y del Trabajo;Psicología del trabajo y de las organizaciones;Normal;Formación básica;68.33;59.71;87.38;206;123;180;1.88;27/09/2020
2018;Grado;Grado: Relaciones Laborales y Recursos Humanos;Zaragoza;Facultad de Ciencias Sociales y del Trabajo;Organización de empresas;Normal;Formación básica;69.57;61.24;88.04;209;128;184;1.63;27/09/2020
2018;Grado;Grado: Relaciones Laborales y Recursos Humanos;Zaragoza;Facultad de Ciencias Sociales y del Trabajo;Sociología del trabajo;Normal;Formación básica;81.11;70.19;86.54;208;146;180;1.34;27/09/2020
2018;Grado;Grado: Relaciones Laborales y Recursos Humanos;Zaragoza;Facultad de Ciencias Sociales y del Trabajo;Historia social y de las relaciones laborales;Normal;Formación básica;61.38;51.79;84.38;224;116;189;1.63;27/09/2020
2018;Grado;Grado: Relaciones Laborales y Recursos Humanos;Zaragoza;Facultad de Ciencias Sociales y del Trabajo;Elementos de derecho administrativo;Normal;Formación básica;67.24;52.70;78.38;222;117;174;1.67;27/09/2020
2018;Grado;Grado: Relaciones Laborales y Recursos Humanos;Zaragoza;Facultad de Ciencias Sociales y del Trabajo;Elementos de derecho civil;Normal;Formación básica;77.14;65.22;84.54;207;135;175;1.44;27/09/2020
2018;Grado;Grado: Relaciones Laborales y Recursos Humanos;Zaragoza;Facultad de Ciencias Sociales y del Trabajo;Economía;Normal;Formación básica;71.63;52.65;73.50;283;149;208;1.98;27/09/2020
2018;Grado;Grado: Relaciones Laborales y Recursos Humanos;Zaragoza;Facultad de Ciencias Sociales y del Trabajo;Dirección estratégica;Normal;Formación básica;72.73;59.26;81.48;216;128;176;1.48;27/09/2020
2018;Grado;Grado: Relaciones Laborales y Recursos Humanos;Zaragoza;Facultad de Ciencias Sociales y del Trabajo;Métodos y técnicas de investigación social;Normal;Obligatoria;61.35;51.42;83.81;247;127;207;1.96;27/09/2020
2018;Grado;Grado: Relaciones Laborales y Recursos Humanos;Zaragoza;Facultad de Ciencias Sociales y del Trabajo;Derecho del trabajo;Normal;Obligatoria;54.30;42.40;78.09;283;120;221;2.35;27/09/2020
2018;Grado;Grado: Relaciones Laborales y Recursos Humanos;Zaragoza;Facultad de Ciencias Sociales y del Trabajo;Derecho del trabajo II;Normal;Obligatoria;86.99;78.40;90.12;162;127;146;1.29;27/09/2020
2018;Grado;Grado: Relaciones Laborales y Recursos Humanos;Zaragoza;Facultad de Ciencias Sociales y del Trabajo;Estadística;Normal;Formación básica;82.50;73.74;89.39;179;132;160;1.46;27/09/2020
2018;Grado;Grado: Relaciones Laborales y Recursos Humanos;Zaragoza;Facultad de Ciencias Sociales y del Trabajo;Economía del trabajo;Normal;Obligatoria;68.59;59.44;86.67;181;108;157;1.56;27/09/2020
2018;Grado;Grado: Relaciones Laborales y Recursos Humanos;Zaragoza;Facultad de Ciencias Sociales y del Trabajo;Elementos de derecho de la empresa;Normal;Formación básica;83.13;78.70;94.67;169;133;160;1.55;27/09/2020
2018;Grado;Grado: Relaciones Laborales y Recursos Humanos;Zaragoza;Facultad de Ciencias Sociales y del Trabajo;Contabilidad;Normal;Obligatoria;99.07;94.69;95.58;113;107;108;1.01;27/09/2020
2018;Grado;Grado: Relaciones Laborales y Recursos Humanos;Zaragoza;Facultad de Ciencias Sociales y del Trabajo;Seguridad social I;Normal;Obligatoria;63.51;59.87;94.27;157;94;148;1.50;27/09/2020
2018;Grado;Grado: Relaciones Laborales y Recursos Humanos;Zaragoza;Facultad de Ciencias Sociales y del Trabajo;Métodos del trabajo;Normal;Obligatoria;90.27;82.93;91.87;123;102;113;1.19;27/09/2020
2018;Grado;Grado: Relaciones Laborales y Recursos Humanos;Zaragoza;Facultad de Ciencias Sociales y del Trabajo;Seguridad Social II;Normal;Obligatoria;91.78;82.21;89.57;167;138;150;1.24;27/09/2020
2018;Grado;Grado: Relaciones Laborales y Recursos Humanos;Zaragoza;Facultad de Ciencias Sociales y del Trabajo;Derecho colectivo del trabajo;Normal;Obligatoria;87.90;82.58;93.94;134;111;126;1.26;27/09/2020
2018;Grado;Grado: Relaciones Laborales y Recursos Humanos;Zaragoza;Facultad de Ciencias Sociales y del Trabajo;Dirección y gestión de recursos humanos;Normal;Obligatoria;77.62;65.68;84.62;172;114;146;1.67;27/09/2020
2018;Grado;Grado: Relaciones Laborales y Recursos Humanos;Zaragoza;Facultad de Ciencias Sociales y del Trabajo;Gestión del conflicto y técnicas de negociación;Normal;Obligatoria;92.74;89.84;96.88;134;121;130;1.14;27/09/2020
2018;Grado;Grado: Relaciones Laborales y Recursos Humanos;Zaragoza;Facultad de Ciencias Sociales y del Trabajo;Gestión de recursos humanos: captación, selección y desarrollo;Normal;Obligatoria;91.94;91.94;100.00;128;118;128;1.16;27/09/2020
2018;Grado;Grado: Relaciones Laborales y Recursos Humanos;Zaragoza;Facultad de Ciencias Sociales y del Trabajo;Salud laboral y marco normativo de la prevención de riesgos;Normal;Obligatoria;69.40;63.70;91.78;149;96;137;1.48;27/09/2020
2018;Grado;Grado: Relaciones Laborales y Recursos Humanos;Zaragoza;Facultad de Ciencias Sociales y del Trabajo;Derecho procesal laboral;Normal;Obligatoria;93.55;88.55;94.66;133;118;126;1.13;27/09/2020
2018;Grado;Grado: Relaciones Laborales y Recursos Humanos;Zaragoza;Facultad de Ciencias Sociales y del Trabajo;Auditoría sociolaboral;Normal;Obligatoria;96.90;96.15;99.23;130;125;129;1.06;27/09/2020
2018;Grado;Grado: Relaciones Laborales y Recursos Humanos;Zaragoza;Facultad de Ciencias Sociales y del Trabajo;Gestión de la prevención de riesgos laborales;Normal;Obligatoria;95.90;92.86;96.83;127;118;123;1.28;27/09/2020
2018;Grado;Grado: Relaciones Laborales y Recursos Humanos;Zaragoza;Facultad de Ciencias Sociales y del Trabajo;Prácticas externas;Prácticas externas;Prácticas externas;100.00;97.96;97.96;99;97;97;1.01;27/09/2020
2018;Grado;Grado: Relaciones Laborales y Recursos Humanos;Zaragoza;Facultad de Ciencias Sociales y del Trabajo;Trabajo fin de Grado;Trabajo fin de grado;Trabajo fin de Grado;100.00;68.07;68.07;166;113;113;1.04;27/09/2020
2018;Grado;Grado: Relaciones Laborales y Recursos Humanos;Zaragoza;Facultad de Ciencias Sociales y del Trabajo;Tecnologías aplicadas a la gestión de la información;Normal;Optativa;94.23;83.05;88.14;60;50;53;1.10;27/09/2020
2018;Grado;Grado: Relaciones Laborales y Recursos Humanos;Zaragoza;Facultad de Ciencias Sociales y del Trabajo;Inglés específico para relaciones laborales y recursos humanos;Normal;Optativa;76.92;69.77;90.70;44;30;40;1.15;27/09/2020
2018;Grado;Grado: Relaciones Laborales y Recursos Humanos;Zaragoza;Facultad de Ciencias Sociales y del Trabajo;Francés específico para relaciones laborales y recursos humanos;Normal;Optativa;93.33;87.50;93.75;17;15;16;1.16;27/09/2020
2018;Grado;Grado: Relaciones Laborales y Recursos Humanos;Zaragoza;Facultad de Ciencias Sociales y del Trabajo;Derecho financiero y tributario;Normal;Optativa;96.23;96.23;100.00;57;55;57;1.11;27/09/2020
2018;Grado;Grado: Relaciones Laborales y Recursos Humanos;Zaragoza;Facultad de Ciencias Sociales y del Trabajo;Práctica del procedimiento administrativo y procesal laboral;Normal;Optativa;100.00;96.43;96.43;28;27;27;1.15;27/09/2020
2018;Grado;Grado: Relaciones Laborales y Recursos Humanos;Zaragoza;Facultad de Ciencias Sociales y del Trabajo;Análisis contable;Normal;Optativa;100.00;76.92;76.92;14;11;11;1.00;27/09/2020
2018;Grado;Grado: Relaciones Laborales y Recursos Humanos;Zaragoza;Facultad de Ciencias Sociales y del Trabajo;Práctica de contratación laboral;Normal;Optativa;89.16;87.06;97.65;87;76;85;1.20;27/09/2020
2018;Grado;Grado: Relaciones Laborales y Recursos Humanos;Zaragoza;Facultad de Ciencias Sociales y del Trabajo;Creación de empresas;Normal;Optativa;97.50;92.86;95.24;45;42;43;1.02;27/09/2020
2018;Grado;Grado: Relaciones Laborales y Recursos Humanos;Zaragoza;Facultad de Ciencias Sociales y del Trabajo;Gestión de la responsabilidad social corporativa en la empresa;Normal;Optativa;97.53;92.94;95.29;92;86;88;1.05;27/09/2020
2018;Grado;Grado: Relaciones Laborales y Recursos Humanos;Zaragoza;Facultad de Ciencias Sociales y del Trabajo;Formación y desarrollo;Normal;Optativa;100.00;97.73;97.73;99;97;97;1.02;27/09/2020
2018;Grado;Grado: Relaciones Laborales y Recursos Humanos;Zaragoza;Facultad de Ciencias Sociales y del Trabajo;Estudios sociales de la organización;Normal;Optativa;96.88;93.94;96.97;42;39;40;1.10;27/09/2020
2018;Grado;Grado: Relaciones Laborales y Recursos Humanos;Zaragoza;Facultad de Ciencias Sociales y del Trabajo;Protección social complementaria;Normal;Optativa;100.00;100.00;100.00;15;15;15;1.00;27/09/2020
2018;Grado;Grado: Relaciones Laborales y Recursos Humanos;Zaragoza;Facultad de Ciencias Sociales y del Trabajo;Gestión de retribuciones;Normal;Optativa;95.24;90.91;95.45;25;23;24;1.09;27/09/2020
2018;Grado;Grado: Relaciones Laborales y Recursos Humanos;Zaragoza;Facultad de Ciencias Sociales y del Trabajo;Estructura económica de España;Normal;Optativa;100.00;88.24;88.24;19;17;17;1.00;27/09/2020
2018;Grado;Grado: Relaciones Laborales y Recursos Humanos;Zaragoza;Facultad de Ciencias Sociales y del Trabajo;Empleo público: el personal al servicio de las administraciones públicas;Normal;Optativa;92.31;84.51;91.55;78;67;72;1.25;27/09/2020
2018;Grado;Grado: Relaciones Laborales y Recursos Humanos;Zaragoza;Facultad de Ciencias Sociales y del Trabajo;Régimen jurídico de las organizaciones de economía social;Normal;Optativa;100.00;100.00;100.00;3;3;3;1.00;27/09/2020
2018;Grado;Grado: Relaciones Laborales y Recursos Humanos;Zaragoza;Facultad de Ciencias Sociales y del Trabajo;Relaciones de empleo y desigualdad social;Normal;Optativa;100.00;96.00;96.00;32;31;31;1.00;27/09/2020
2018;Grado;Grado: Relaciones Laborales y Recursos Humanos;Zaragoza;Facultad de Ciencias Sociales y del Trabajo;Derecho del empleo;Normal;Optativa;100.00;95.56;95.56;46;44;44;1.02;27/09/2020
2018;Grado;Grado: Relaciones Laborales y Recursos Humanos;Zaragoza;Facultad de Ciencias Sociales y del Trabajo;Teoría y sistemas de las relaciones laborales I;Normal;Obligatoria;94.87;89.52;94.35;124;111;117;1.12;27/09/2020
2018;Grado;Grado: Relaciones Laborales y Recursos Humanos;Zaragoza;Facultad de Ciencias Sociales y del Trabajo;Teoría y sistemas de las relaciones laborales II;Normal;Obligatoria;77.62;74.50;95.97;152;114;146;1.58;27/09/2020
2018;Grado;Grado: Relaciones Laborales y Recursos Humanos;Zaragoza;Facultad de Ciencias Sociales y del Trabajo;Políticas sociolaborales I;Normal;Obligatoria;94.62;87.86;92.86;141;124;131;1.18;27/09/2020
2018;Grado;Grado: Relaciones Laborales y Recursos Humanos;Zaragoza;Facultad de Ciencias Sociales y del Trabajo;Políticas sociolaborales II;Normal;Obligatoria;97.76;96.32;98.53;138;133;136;1.16;27/09/2020
2018;Grado;Grado: Relaciones Laborales y Recursos Humanos;Zaragoza;Facultad de Ciencias Sociales y del Trabajo;Trabajo fin de Grado/Curso adaptación;Trabajo fin de grado;Trabajo fin de Grado;100.00;100.00;100.00;1;1;1;1.00;27/09/2020
2018;Grado;Grado: Arquitectura Técnica;Almunia de Doña Godina (La);Escuela Universitaria Politécnica de la Almunia de Doña Godina;Matemática aplicada a la edificación I;Normal;Formación básica;57.14;36.36;63.64;11;4;7;1.00;27/09/2020
2018;Grado;Grado: Arquitectura Técnica;Almunia de Doña Godina (La);Escuela Universitaria Politécnica de la Almunia de Doña Godina;Física I: mecánica general;Normal;Formación básica;85.71;46.15;53.85;13;6;7;1.29;27/09/2020
2018;Grado;Grado: Arquitectura Técnica;Almunia de Doña Godina (La);Escuela Universitaria Politécnica de la Almunia de Doña Godina;Fundamentos de los materiales de construcción;Normal;Formación básica;88.89;72.73;81.82;11;8;9;1.06;27/09/2020
2018;Grado;Grado: Arquitectura Técnica;Almunia de Doña Godina (La);Escuela Universitaria Politécnica de la Almunia de Doña Godina;Expresión gráfica aplicada a la edificación;Normal;Formación básica;100.00;75.00;75.00;8;6;6;1.00;27/09/2020
2018;Grado;Grado: Arquitectura Técnica;Almunia de Doña Godina (La);Escuela Universitaria Politécnica de la Almunia de Doña Godina;Historia de la construcción;Normal;Obligatoria;100.00;85.71;85.71;7;6;6;1.00;27/09/2020
2018;Grado;Grado: Arquitectura Técnica;Almunia de Doña Godina (La);Escuela Universitaria Politécnica de la Almunia de Doña Godina;Matemática aplicada a la edificación II;Normal;Formación básica;42.86;30.00;70.00;10;3;7;1.00;27/09/2020
2018;Grado;Grado: Arquitectura Técnica;Almunia de Doña Godina (La);Escuela Universitaria Politécnica de la Almunia de Doña Godina;Física II: estática estructural;Normal;Formación básica;72.73;50.00;68.75;16;8;11;1.27;27/09/2020
2018;Grado;Grado: Arquitectura Técnica;Almunia de Doña Godina (La);Escuela Universitaria Politécnica de la Almunia de Doña Godina;Materiales I;Normal;Obligatoria;37.50;15.79;42.11;19;3;8;1.10;27/09/2020
2018;Grado;Grado: Arquitectura Técnica;Almunia de Doña Godina (La);Escuela Universitaria Politécnica de la Almunia de Doña Godina;Geometría descriptiva;Normal;Formación básica;71.43;62.50;87.50;8;5;7;1.08;27/09/2020
2018;Grado;Grado: Arquitectura Técnica;Almunia de Doña Godina (La);Escuela Universitaria Politécnica de la Almunia de Doña Godina;Edificación I;Normal;Obligatoria;90.91;66.67;73.33;15;10;11;1.88;27/09/2020
2018;Grado;Grado: Arquitectura Técnica;Almunia de Doña Godina (La);Escuela Universitaria Politécnica de la Almunia de Doña Godina;Fundamentos de las instalaciones;Normal;Formación básica;60.00;50.00;83.33;6;3;5;1.20;27/09/2020
2018;Grado;Grado: Arquitectura Técnica;Almunia de Doña Godina (La);Escuela Universitaria Politécnica de la Almunia de Doña Godina;Topografía y replanteos;Normal;Obligatoria;50.00;50.00;100.00;6;3;6;1.15;27/09/2020
2018;Grado;Grado: Arquitectura Técnica;Almunia de Doña Godina (La);Escuela Universitaria Politécnica de la Almunia de Doña Godina;Estructuras I: Introducción a las estructuras;Normal;Obligatoria;100.00;28.57;28.57;15;5;5;1.69;27/09/2020
2018;Grado;Grado: Arquitectura Técnica;Almunia de Doña Godina (La);Escuela Universitaria Politécnica de la Almunia de Doña Godina;Materiales II;Normal;Obligatoria;100.00;41.67;41.67;13;6;6;1.07;27/09/2020
2018;Grado;Grado: Arquitectura Técnica;Almunia de Doña Godina (La);Escuela Universitaria Politécnica de la Almunia de Doña Godina;Edificación II;Normal;Obligatoria;37.50;27.27;72.73;11;3;8;1.11;27/09/2020
2018;Grado;Grado: Arquitectura Técnica;Almunia de Doña Godina (La);Escuela Universitaria Politécnica de la Almunia de Doña Godina;Instalaciones I;Normal;Obligatoria;66.67;40.00;60.00;5;2;3;1.00;27/09/2020
2018;Grado;Grado: Arquitectura Técnica;Almunia de Doña Godina (La);Escuela Universitaria Politécnica de la Almunia de Doña Godina;Expresión gráfica de tecnologías constructivas;Normal;Obligatoria;50.00;16.67;33.33;6;1;2;1.00;27/09/2020
2018;Grado;Grado: Arquitectura Técnica;Almunia de Doña Godina (La);Escuela Universitaria Politécnica de la Almunia de Doña Godina;Estructuras II: hormigón armado;Normal;Obligatoria;100.00;100.00;100.00;1;1;1;1.00;27/09/2020
2018;Grado;Grado: Arquitectura Técnica;Almunia de Doña Godina (La);Escuela Universitaria Politécnica de la Almunia de Doña Godina;Materiales III;Normal;Obligatoria;100.00;75.00;75.00;9;7;7;1.07;27/09/2020
2018;Grado;Grado: Arquitectura Técnica;Almunia de Doña Godina (La);Escuela Universitaria Politécnica de la Almunia de Doña Godina;Edificación III;Normal;Obligatoria;77.78;63.64;81.82;11;7;9;1.83;27/09/2020
2018;Grado;Grado: Arquitectura Técnica;Almunia de Doña Godina (La);Escuela Universitaria Politécnica de la Almunia de Doña Godina;Equipos de obra;Normal;Obligatoria;66.67;40.00;60.00;16;7;10;1.07;27/09/2020
2018;Grado;Grado: Arquitectura Técnica;Almunia de Doña Godina (La);Escuela Universitaria Politécnica de la Almunia de Doña Godina;Derecho de la construcción;Normal;Formación básica;100.00;100.00;100.00;8;8;8;1.00;27/09/2020
2018;Grado;Grado: Arquitectura Técnica;Almunia de Doña Godina (La);Escuela Universitaria Politécnica de la Almunia de Doña Godina;Instalaciones II;Normal;Obligatoria;100.00;71.43;71.43;15;11;11;1.00;27/09/2020
2018;Grado;Grado: Arquitectura Técnica;Almunia de Doña Godina (La);Escuela Universitaria Politécnica de la Almunia de Doña Godina;Estructuras III: estructuras varias;Normal;Obligatoria;100.00;80.00;80.00;10;8;8;1.00;27/09/2020
2018;Grado;Grado: Arquitectura Técnica;Almunia de Doña Godina (La);Escuela Universitaria Politécnica de la Almunia de Doña Godina;Mediciones y presupuestos;Normal;Obligatoria;100.00;80.00;80.00;6;5;5;1.20;27/09/2020
2018;Grado;Grado: Arquitectura Técnica;Almunia de Doña Godina (La);Escuela Universitaria Politécnica de la Almunia de Doña Godina;Mantenimiento y rehabilitación de edificios;Normal;Obligatoria;77.78;58.33;75.00;12;7;9;1.43;27/09/2020
2018;Grado;Grado: Arquitectura Técnica;Almunia de Doña Godina (La);Escuela Universitaria Politécnica de la Almunia de Doña Godina;Organización, programación y control de obras;Normal;Obligatoria;100.00;85.71;85.71;8;7;7;1.07;27/09/2020
2018;Grado;Grado: Arquitectura Técnica;Almunia de Doña Godina (La);Escuela Universitaria Politécnica de la Almunia de Doña Godina;Seguridad y salud laboral;Normal;Obligatoria;100.00;84.62;84.62;14;12;12;1.42;27/09/2020
2018;Grado;Grado: Arquitectura Técnica;Almunia de Doña Godina (La);Escuela Universitaria Politécnica de la Almunia de Doña Godina;Edificación sostenible y eficiencia energética de los edificios;Normal;Obligatoria;77.78;50.00;64.29;15;8;10;1.38;27/09/2020
2018;Grado;Grado: Arquitectura Técnica;Almunia de Doña Godina (La);Escuela Universitaria Politécnica de la Almunia de Doña Godina;Gestión integrada de la calidad, la seguridad y el medio ambiente;Normal;Obligatoria;84.62;78.57;92.86;15;12;14;1.38;27/09/2020
2018;Grado;Grado: Arquitectura Técnica;Almunia de Doña Godina (La);Escuela Universitaria Politécnica de la Almunia de Doña Godina;Valoraciones, peritaciones y tasaciones;Normal;Obligatoria;100.00;81.82;81.82;13;11;11;1.15;27/09/2020
2018;Grado;Grado: Arquitectura Técnica;Almunia de Doña Godina (La);Escuela Universitaria Politécnica de la Almunia de Doña Godina;Estructuras IV: Geotecnia y cimentaciones;Normal;Obligatoria;80.00;80.00;100.00;5;4;5;1.00;27/09/2020
2018;Grado;Grado: Arquitectura Técnica;Almunia de Doña Godina (La);Escuela Universitaria Politécnica de la Almunia de Doña Godina;Gestión económica y empresa;Normal;Formación básica;100.00;66.67;66.67;4;3;3;1.15;27/09/2020
2018;Grado;Grado: Arquitectura Técnica;Almunia de Doña Godina (La);Escuela Universitaria Politécnica de la Almunia de Doña Godina;Proyectos técnicos I;Normal;Obligatoria;100.00;100.00;100.00;4;4;4;1.00;27/09/2020
2018;Grado;Grado: Arquitectura Técnica;Almunia de Doña Godina (La);Escuela Universitaria Politécnica de la Almunia de Doña Godina;Proyectos técnicos II;Normal;Obligatoria;100.00;100.00;100.00;9;9;9;1.14;27/09/2020
2018;Grado;Grado: Arquitectura Técnica;Almunia de Doña Godina (La);Escuela Universitaria Politécnica de la Almunia de Doña Godina;Trabajo fin de Grado;Trabajo fin de grado;Trabajo fin de Grado;100.00;58.06;58.06;31;18;18;1.00;27/09/2020
2018;Grado;Grado: Arquitectura Técnica;Almunia de Doña Godina (La);Escuela Universitaria Politécnica de la Almunia de Doña Godina;Jardinería y paisajismo;Normal;Optativa;;;;0;0;0;1.00;27/09/2020
2018;Grado;Grado: Arquitectura Técnica;Almunia de Doña Godina (La);Escuela Universitaria Politécnica de la Almunia de Doña Godina;Restauración monumental;Normal;Optativa;100.00;100.00;100.00;3;3;3;1.00;27/09/2020
2018;Grado;Grado: Arquitectura Técnica;Almunia de Doña Godina (La);Escuela Universitaria Politécnica de la Almunia de Doña Godina;Inglés;Normal;Optativa;85.71;85.71;100.00;7;6;7;1.44;27/09/2020
2018;Grado;Grado: Arquitectura Técnica;Almunia de Doña Godina (La);Escuela Universitaria Politécnica de la Almunia de Doña Godina;Tecnología de la información y comunicaciones asociadas a la edificación;Normal;Optativa;100.00;100.00;100.00;5;5;5;1.00;27/09/2020
2018;Grado;Grado: Arquitectura Técnica;Almunia de Doña Godina (La);Escuela Universitaria Politécnica de la Almunia de Doña Godina;Gestión urbanística e impacto ambiental;Normal;Optativa;100.00;100.00;100.00;5;5;5;1.00;27/09/2020
2018;Grado;Grado: Arquitectura Técnica;Almunia de Doña Godina (La);Escuela Universitaria Politécnica de la Almunia de Doña Godina;Prácticas en obra y actividad profesional;Prácticas externas;Optativa;100.00;100.00;100.00;3;3;3;1.00;27/09/2020
2018;Grado;Grado: Ingeniería Civil;Almunia de Doña Godina (La);Escuela Universitaria Politécnica de la Almunia de Doña Godina;Matemática aplicada a la ingeniería I;Normal;Formación básica;20.00;10.00;50.00;10;1;5;1.00;27/09/2020
2018;Grado;Grado: Ingeniería Civil;Almunia de Doña Godina (La);Escuela Universitaria Politécnica de la Almunia de Doña Godina;Expresión gráfica I;Normal;Formación básica;50.00;33.33;66.67;3;1;2;1.00;27/09/2020
2018;Grado;Grado: Ingeniería Civil;Almunia de Doña Godina (La);Escuela Universitaria Politécnica de la Almunia de Doña Godina;Informática;Normal;Formación básica;100.00;27.27;27.27;11;3;3;1.60;27/09/2020
2018;Grado;Grado: Ingeniería Civil;Almunia de Doña Godina (La);Escuela Universitaria Politécnica de la Almunia de Doña Godina;Física general;Normal;Formación básica;50.00;36.36;72.73;11;4;8;2.25;27/09/2020
2018;Grado;Grado: Ingeniería Civil;Almunia de Doña Godina (La);Escuela Universitaria Politécnica de la Almunia de Doña Godina;Ingeniería geológica;Normal;Formación básica;100.00;71.43;71.43;7;5;5;1.00;27/09/2020
2018;Grado;Grado: Ingeniería Civil;Almunia de Doña Godina (La);Escuela Universitaria Politécnica de la Almunia de Doña Godina;Matemática aplicada a la Ingeniería II;Normal;Formación básica;33.33;25.00;75.00;8;2;6;1.67;27/09/2020
2018;Grado;Grado: Ingeniería Civil;Almunia de Doña Godina (La);Escuela Universitaria Politécnica de la Almunia de Doña Godina;Expresión gráfica II;Normal;Formación básica;40.00;25.00;62.50;8;2;5;1.33;27/09/2020
2018;Grado;Grado: Ingeniería Civil;Almunia de Doña Godina (La);Escuela Universitaria Politécnica de la Almunia de Doña Godina;Mecánica;Normal;Formación básica;28.57;20.00;70.00;10;2;7;2.50;27/09/2020
2018;Grado;Grado: Ingeniería Civil;Almunia de Doña Godina (La);Escuela Universitaria Politécnica de la Almunia de Doña Godina;Química;Normal;Formación básica;60.00;42.86;71.43;7;3;5;1.00;27/09/2020
2018;Grado;Grado: Ingeniería Civil;Almunia de Doña Godina (La);Escuela Universitaria Politécnica de la Almunia de Doña Godina;Economía, organización y gestión de empresas;Normal;Formación básica;57.14;44.44;77.78;9;4;7;3.00;27/09/2020
2018;Grado;Grado: Ingeniería Civil;Almunia de Doña Godina (La);Escuela Universitaria Politécnica de la Almunia de Doña Godina;Electrotecnia;Normal;Formación básica;80.00;66.67;83.33;6;4;5;1.25;27/09/2020
2018;Grado;Grado: Ingeniería Civil;Almunia de Doña Godina (La);Escuela Universitaria Politécnica de la Almunia de Doña Godina;Estadística;Normal;Formación básica;50.00;50.00;100.00;8;4;8;1.40;27/09/2020
2018;Grado;Grado: Ingeniería Civil;Almunia de Doña Godina (La);Escuela Universitaria Politécnica de la Almunia de Doña Godina;Ciencia y tecnología de los materiales;Normal;Obligatoria;100.00;52.94;52.94;17;9;9;1.33;27/09/2020
2018;Grado;Grado: Ingeniería Civil;Almunia de Doña Godina (La);Escuela Universitaria Politécnica de la Almunia de Doña Godina;Fundamentos de ingeniería hidráulica;Normal;Obligatoria;38.46;23.81;61.90;21;5;13;3.40;27/09/2020
2018;Grado;Grado: Ingeniería Civil;Almunia de Doña Godina (La);Escuela Universitaria Politécnica de la Almunia de Doña Godina;Teoría de estructuras;Normal;Obligatoria;60.00;20.00;33.33;15;3;5;2.00;27/09/2020
2018;Grado;Grado: Ingeniería Civil;Almunia de Doña Godina (La);Escuela Universitaria Politécnica de la Almunia de Doña Godina;Tecnología de estructuras;Normal;Obligatoria;100.00;75.00;75.00;8;6;6;1.33;27/09/2020
2018;Grado;Grado: Ingeniería Civil;Almunia de Doña Godina (La);Escuela Universitaria Politécnica de la Almunia de Doña Godina;Topografía;Normal;Obligatoria;63.64;63.64;100.00;11;7;11;1.71;27/09/2020
2018;Grado;Grado: Ingeniería Civil;Almunia de Doña Godina (La);Escuela Universitaria Politécnica de la Almunia de Doña Godina;Ampliación de ingeniería hidráulica e hidrología;Normal;Obligatoria;42.86;26.09;60.87;23;6;14;1.83;27/09/2020
2018;Grado;Grado: Ingeniería Civil;Almunia de Doña Godina (La);Escuela Universitaria Politécnica de la Almunia de Doña Godina;Geotecnia;Normal;Obligatoria;66.67;66.67;100.00;9;6;9;1.00;27/09/2020
2018;Grado;Grado: Ingeniería Civil;Almunia de Doña Godina (La);Escuela Universitaria Politécnica de la Almunia de Doña Godina;Evaluación de impacto ambiental;Normal;Obligatoria;100.00;75.00;75.00;12;9;9;1.22;27/09/2020
2018;Grado;Grado: Ingeniería Civil;Almunia de Doña Godina (La);Escuela Universitaria Politécnica de la Almunia de Doña Godina;Seguridad y salud en la ingeniería civil;Normal;Obligatoria;100.00;42.86;42.86;14;6;6;1.50;27/09/2020
2018;Grado;Grado: Ingeniería Civil;Almunia de Doña Godina (La);Escuela Universitaria Politécnica de la Almunia de Doña Godina;Cartografía, sistemas de información geográfica y teledetección;Normal;Obligatoria;62.50;55.56;88.89;9;5;8;1.00;27/09/2020
2018;Grado;Grado: Ingeniería Civil;Almunia de Doña Godina (La);Escuela Universitaria Politécnica de la Almunia de Doña Godina;Procedimientos y organización;Normal;Obligatoria;76.47;65.00;85.00;20;13;17;1.47;27/09/2020
2018;Grado;Grado: Ingeniería Civil;Almunia de Doña Godina (La);Escuela Universitaria Politécnica de la Almunia de Doña Godina;Obras de edificación;Normal;Obligatoria;100.00;75.00;75.00;8;6;6;1.29;27/09/2020
2018;Grado;Grado: Ingeniería Civil;Almunia de Doña Godina (La);Escuela Universitaria Politécnica de la Almunia de Doña Godina;Ingeniería de los elementos prefabricados;Normal;Obligatoria;50.00;38.46;76.92;13;5;10;2.40;27/09/2020
2018;Grado;Grado: Ingeniería Civil;Almunia de Doña Godina (La);Escuela Universitaria Politécnica de la Almunia de Doña Godina;Estructuras de cimentación;Normal;Obligatoria;100.00;66.67;66.67;6;4;4;1.00;27/09/2020
2018;Grado;Grado: Ingeniería Civil;Almunia de Doña Godina (La);Escuela Universitaria Politécnica de la Almunia de Doña Godina;Construcción de infraestructuras ferroviarias;Normal;Obligatoria;100.00;77.78;77.78;9;7;7;1.00;27/09/2020
2018;Grado;Grado: Ingeniería Civil;Almunia de Doña Godina (La);Escuela Universitaria Politécnica de la Almunia de Doña Godina;Planificación y gestión de obras;Normal;Obligatoria;87.50;87.50;100.00;8;7;8;1.50;27/09/2020
2018;Grado;Grado: Ingeniería Civil;Almunia de Doña Godina (La);Escuela Universitaria Politécnica de la Almunia de Doña Godina;Ingeniería marítima y costera;Normal;Obligatoria;100.00;80.00;80.00;10;8;8;1.00;27/09/2020
2018;Grado;Grado: Ingeniería Civil;Almunia de Doña Godina (La);Escuela Universitaria Politécnica de la Almunia de Doña Godina;Sistemas de abastecimiento y saneamiento en la ingeniería de la construcción;Normal;Obligatoria;75.00;37.50;50.00;16;6;8;1.62;27/09/2020
2018;Grado;Grado: Ingeniería Civil;Almunia de Doña Godina (La);Escuela Universitaria Politécnica de la Almunia de Doña Godina;Infraestructuras hidráulicas en medio urbano;Normal;Obligatoria;66.67;66.67;100.00;3;2;3;2.50;27/09/2020
2018;Grado;Grado: Ingeniería Civil;Almunia de Doña Godina (La);Escuela Universitaria Politécnica de la Almunia de Doña Godina;Ingeniería sanitaria;Normal;Obligatoria;100.00;100.00;100.00;1;1;1;1.00;27/09/2020
2018;Grado;Grado: Ingeniería Civil;Almunia de Doña Godina (La);Escuela Universitaria Politécnica de la Almunia de Doña Godina;Ampliación de hidrología superficial;Normal;Obligatoria;50.00;50.00;100.00;2;1;2;1.00;27/09/2020
2018;Grado;Grado: Ingeniería Civil;Almunia de Doña Godina (La);Escuela Universitaria Politécnica de la Almunia de Doña Godina;Recursos hidricos;Normal;Obligatoria;100.00;100.00;100.00;1;1;1;1.00;27/09/2020
2018;Grado;Grado: Ingeniería Civil;Almunia de Doña Godina (La);Escuela Universitaria Politécnica de la Almunia de Doña Godina;Proyectos;Normal;Obligatoria;71.43;66.67;93.33;15;10;14;1.30;27/09/2020
2018;Grado;Grado: Ingeniería Civil;Almunia de Doña Godina (La);Escuela Universitaria Politécnica de la Almunia de Doña Godina;Ampliación de estructuras;Normal;Obligatoria;73.68;73.68;100.00;19;14;19;2.00;27/09/2020
2018;Grado;Grado: Ingeniería Civil;Almunia de Doña Godina (La);Escuela Universitaria Politécnica de la Almunia de Doña Godina;Construcción de infraestructuras de transporte: caminos;Normal;Obligatoria;80.00;50.00;62.50;8;4;5;1.00;27/09/2020
2018;Grado;Grado: Ingeniería Civil;Almunia de Doña Godina (La);Escuela Universitaria Politécnica de la Almunia de Doña Godina;Trabajo fin de Grado (Construcciones Civiles);Trabajo fin de grado;Trabajo fin de Grado;100.00;35.71;35.71;14;5;5;1.00;27/09/2020
2018;Grado;Grado: Ingeniería Civil;Almunia de Doña Godina (La);Escuela Universitaria Politécnica de la Almunia de Doña Godina;Prácticas en empresas;Prácticas externas;Optativa;100.00;100.00;100.00;3;3;3;1.00;27/09/2020
2018;Grado;Grado: Ingeniería Civil;Almunia de Doña Godina (La);Escuela Universitaria Politécnica de la Almunia de Doña Godina;Inglés técnico;Normal;Optativa;100.00;60.00;60.00;5;3;3;1.67;27/09/2020
2018;Grado;Grado: Ingeniería Civil;Almunia de Doña Godina (La);Escuela Universitaria Politécnica de la Almunia de Doña Godina;Ampliación de hidrología superficial;Normal;Optativa;100.00;100.00;100.00;1;1;1;2.00;27/09/2020
2018;Grado;Grado: Ingeniería Civil;Almunia de Doña Godina (La);Escuela Universitaria Politécnica de la Almunia de Doña Godina;Ampliación de hidrología subterránea;Normal;Optativa;100.00;100.00;100.00;6;6;6;1.33;27/09/2020
2018;Grado;Grado: Ingeniería Civil;Almunia de Doña Godina (La);Escuela Universitaria Politécnica de la Almunia de Doña Godina;Hidráulica fluvial;Normal;Optativa;100.00;83.33;83.33;6;5;5;1.20;27/09/2020
2018;Grado;Grado: Ingeniería Civil;Almunia de Doña Godina (La);Escuela Universitaria Politécnica de la Almunia de Doña Godina;Recursos hídricos;Normal;Optativa;100.00;100.00;100.00;5;5;5;1.20;27/09/2020
2018;Grado;Grado: Ingeniería Civil;Almunia de Doña Godina (La);Escuela Universitaria Politécnica de la Almunia de Doña Godina;Ingeniería sanitaria;Normal;Optativa;100.00;100.00;100.00;3;3;3;1.00;27/09/2020
2018;Grado;Grado: Ingeniería Civil;Almunia de Doña Godina (La);Escuela Universitaria Politécnica de la Almunia de Doña Godina;Ingeniería ambiental;Normal;Optativa;100.00;100.00;100.00;9;9;9;1.00;27/09/2020
2018;Grado;Grado: Ingeniería Civil;Almunia de Doña Godina (La);Escuela Universitaria Politécnica de la Almunia de Doña Godina;Ingeniería de los elementos prefabricados;Normal;Optativa;;;100.00;4;0;4;;27/09/2020
2018;Grado;Grado: Ingeniería Civil;Almunia de Doña Godina (La);Escuela Universitaria Politécnica de la Almunia de Doña Godina;Construcción de infraestructuras ferroviarias;Normal;Optativa;100.00;100.00;100.00;1;1;1;1.00;27/09/2020
2018;Grado;Grado: Ingeniería Civil;Almunia de Doña Godina (La);Escuela Universitaria Politécnica de la Almunia de Doña Godina;Trabajo fin de Grado (Hidrología);Trabajo fin de grado;Trabajo fin de Grado;100.00;50.00;50.00;4;2;2;1.00;27/09/2020
2018;Grado;Grado: Ingeniería Civil;Almunia de Doña Godina (La);Escuela Universitaria Politécnica de la Almunia de Doña Godina;Gestión de residuos y técnicas de depuración.Constru.Civiles;Normal;Optativa;100.00;100.00;100.00;2;2;2;1.00;27/09/2020
2018;Grado;Grado: Ingeniería Mecatrónica;Almunia de Doña Godina (La);Escuela Universitaria Politécnica de la Almunia de Doña Godina;Matemáticas I;Normal;Formación básica;83.08;68.35;82.28;79;54;65;1.22;27/09/2020
2018;Grado;Grado: Ingeniería Mecatrónica;Almunia de Doña Godina (La);Escuela Universitaria Politécnica de la Almunia de Doña Godina;Fundamentos de física I;Normal;Formación básica;95.31;79.22;83.12;77;61;64;1.28;27/09/2020
2018;Grado;Grado: Ingeniería Mecatrónica;Almunia de Doña Godina (La);Escuela Universitaria Politécnica de la Almunia de Doña Godina;Química;Normal;Formación básica;86.76;75.64;87.18;78;59;68;1.48;27/09/2020
2018;Grado;Grado: Ingeniería Mecatrónica;Almunia de Doña Godina (La);Escuela Universitaria Politécnica de la Almunia de Doña Godina;Expresión gráfica;Normal;Formación básica;90.38;82.46;91.23;57;47;52;1.02;27/09/2020
2018;Grado;Grado: Ingeniería Mecatrónica;Almunia de Doña Godina (La);Escuela Universitaria Politécnica de la Almunia de Doña Godina;Empresa;Normal;Formación básica;70.91;61.90;87.30;63;39;55;1.27;27/09/2020
2018;Grado;Grado: Ingeniería Mecatrónica;Almunia de Doña Godina (La);Escuela Universitaria Politécnica de la Almunia de Doña Godina;Matemáticas II;Normal;Formación básica;73.24;56.52;77.17;92;52;71;1.45;27/09/2020
2018;Grado;Grado: Ingeniería Mecatrónica;Almunia de Doña Godina (La);Escuela Universitaria Politécnica de la Almunia de Doña Godina;Fundamentos de física II;Normal;Formación básica;87.69;76.00;86.67;75;57;65;1.25;27/09/2020
2018;Grado;Grado: Ingeniería Mecatrónica;Almunia de Doña Godina (La);Escuela Universitaria Politécnica de la Almunia de Doña Godina;Informática;Normal;Formación básica;98.31;87.88;89.39;66;58;59;1.09;27/09/2020
2018;Grado;Grado: Ingeniería Mecatrónica;Almunia de Doña Godina (La);Escuela Universitaria Politécnica de la Almunia de Doña Godina;Estadística;Normal;Formación básica;96.61;83.82;86.76;68;57;59;1.02;27/09/2020
2018;Grado;Grado: Ingeniería Mecatrónica;Almunia de Doña Godina (La);Escuela Universitaria Politécnica de la Almunia de Doña Godina;Ingeniería del medio ambiente;Normal;Obligatoria;91.55;83.33;91.03;78;65;71;1.20;27/09/2020
2018;Grado;Grado: Ingeniería Mecatrónica;Almunia de Doña Godina (La);Escuela Universitaria Politécnica de la Almunia de Doña Godina;Matemáticas III;Normal;Formación básica;64.44;63.04;97.83;46;29;45;1.33;27/09/2020
2018;Grado;Grado: Ingeniería Mecatrónica;Almunia de Doña Godina (La);Escuela Universitaria Politécnica de la Almunia de Doña Godina;Ingeniería Mecánica;Normal;Obligatoria;88.64;73.58;83.02;53;39;44;1.28;27/09/2020
2018;Grado;Grado: Ingeniería Mecatrónica;Almunia de Doña Godina (La);Escuela Universitaria Politécnica de la Almunia de Doña Godina;Ingeniería eléctrica;Normal;Obligatoria;70.00;53.85;76.92;52;28;40;1.40;27/09/2020
2018;Grado;Grado: Ingeniería Mecatrónica;Almunia de Doña Godina (La);Escuela Universitaria Politécnica de la Almunia de Doña Godina;Ingeniería térmica y tecnología energética;Normal;Obligatoria;80.39;63.08;78.46;65;41;51;1.46;27/09/2020
2018;Grado;Grado: Ingeniería Mecatrónica;Almunia de Doña Godina (La);Escuela Universitaria Politécnica de la Almunia de Doña Godina;Organización y dirección de empresas;Normal;Obligatoria;85.42;73.21;85.71;56;41;48;1.14;27/09/2020
2018;Grado;Grado: Ingeniería Mecatrónica;Almunia de Doña Godina (La);Escuela Universitaria Politécnica de la Almunia de Doña Godina;Ingeniería de fluidos;Normal;Obligatoria;77.08;63.79;82.76;58;37;48;1.24;27/09/2020
2018;Grado;Grado: Ingeniería Mecatrónica;Almunia de Doña Godina (La);Escuela Universitaria Politécnica de la Almunia de Doña Godina;Elasticidad y resistencia de materiales;Normal;Obligatoria;87.50;76.09;86.96;46;35;40;1.14;27/09/2020
2018;Grado;Grado: Ingeniería Mecatrónica;Almunia de Doña Godina (La);Escuela Universitaria Politécnica de la Almunia de Doña Godina;Fundamentos de automática;Normal;Obligatoria;82.86;58.00;70.00;50;29;35;1.17;27/09/2020
2018;Grado;Grado: Ingeniería Mecatrónica;Almunia de Doña Godina (La);Escuela Universitaria Politécnica de la Almunia de Doña Godina;Tecnología electrónica I;Normal;Obligatoria;66.67;56.00;84.00;50;28;42;1.31;27/09/2020
2018;Grado;Grado: Ingeniería Mecatrónica;Almunia de Doña Godina (La);Escuela Universitaria Politécnica de la Almunia de Doña Godina;Ingeniería de materiales;Normal;Obligatoria;90.48;69.09;76.36;55;38;42;1.13;27/09/2020
2018;Grado;Grado: Ingeniería Mecatrónica;Almunia de Doña Godina (La);Escuela Universitaria Politécnica de la Almunia de Doña Godina;Tecnología electrónica II;Normal;Obligatoria;69.57;68.09;97.87;47;32;46;1.47;27/09/2020
2018;Grado;Grado: Ingeniería Mecatrónica;Almunia de Doña Godina (La);Escuela Universitaria Politécnica de la Almunia de Doña Godina;Procesos de fabricación I;Normal;Obligatoria;65.71;53.49;81.40;43;23;35;1.11;27/09/2020
2018;Grado;Grado: Ingeniería Mecatrónica;Almunia de Doña Godina (La);Escuela Universitaria Politécnica de la Almunia de Doña Godina;Electrotecnia;Normal;Obligatoria;94.59;71.43;75.51;49;35;37;1.24;27/09/2020
2018;Grado;Grado: Ingeniería Mecatrónica;Almunia de Doña Godina (La);Escuela Universitaria Politécnica de la Almunia de Doña Godina;Regulación y control automático;Normal;Obligatoria;86.11;79.49;92.31;40;31;36;1.32;27/09/2020
2018;Grado;Grado: Ingeniería Mecatrónica;Almunia de Doña Godina (La);Escuela Universitaria Politécnica de la Almunia de Doña Godina;Cálculo y diseño de máquinas;Normal;Obligatoria;84.09;75.51;89.80;49;37;44;1.35;27/09/2020
2018;Grado;Grado: Ingeniería Mecatrónica;Almunia de Doña Godina (La);Escuela Universitaria Politécnica de la Almunia de Doña Godina;Procesos de fabricación II;Normal;Obligatoria;79.41;77.14;97.14;36;28;35;1.15;27/09/2020
2018;Grado;Grado: Ingeniería Mecatrónica;Almunia de Doña Godina (La);Escuela Universitaria Politécnica de la Almunia de Doña Godina;Electrónica de potencia;Normal;Obligatoria;52.63;48.78;92.68;41;20;38;1.30;27/09/2020
2018;Grado;Grado: Ingeniería Mecatrónica;Almunia de Doña Godina (La);Escuela Universitaria Politécnica de la Almunia de Doña Godina;Instrumentación electrónica;Normal;Obligatoria;89.29;75.76;84.85;35;26;29;1.23;27/09/2020
2018;Grado;Grado: Ingeniería Mecatrónica;Almunia de Doña Godina (La);Escuela Universitaria Politécnica de la Almunia de Doña Godina;Sistemas electrónicos programables;Normal;Obligatoria;74.29;43.33;58.33;63;26;35;1.22;27/09/2020
2018;Grado;Grado: Ingeniería Mecatrónica;Almunia de Doña Godina (La);Escuela Universitaria Politécnica de la Almunia de Doña Godina;Sistemas y máquinas fluidomecánicas;Normal;Obligatoria;89.19;82.50;92.50;40;33;37;1.05;27/09/2020
2018;Grado;Grado: Ingeniería Mecatrónica;Almunia de Doña Godina (La);Escuela Universitaria Politécnica de la Almunia de Doña Godina;Oficina técnica;Normal;Obligatoria;95.83;85.19;88.89;31;25;26;1.00;27/09/2020
2018;Grado;Grado: Ingeniería Mecatrónica;Almunia de Doña Godina (La);Escuela Universitaria Politécnica de la Almunia de Doña Godina;Automatización e informática industrial;Normal;Obligatoria;90.48;90.48;100.00;24;21;23;1.00;27/09/2020
2018;Grado;Grado: Ingeniería Mecatrónica;Almunia de Doña Godina (La);Escuela Universitaria Politécnica de la Almunia de Doña Godina;Robótica;Normal;Obligatoria;93.33;90.32;96.77;34;30;32;1.23;27/09/2020
2018;Grado;Grado: Ingeniería Mecatrónica;Almunia de Doña Godina (La);Escuela Universitaria Politécnica de la Almunia de Doña Godina;Diseño y mantenimiento de sistemas mecatrónicos;Normal;Obligatoria;97.06;97.06;100.00;37;36;37;1.17;27/09/2020
2018;Grado;Grado: Ingeniería Mecatrónica;Almunia de Doña Godina (La);Escuela Universitaria Politécnica de la Almunia de Doña Godina;Proyecto integrado;Normal;Obligatoria;90.91;90.91;100.00;37;32;35;1.31;27/09/2020
2018;Grado;Grado: Ingeniería Mecatrónica;Almunia de Doña Godina (La);Escuela Universitaria Politécnica de la Almunia de Doña Godina;Trabajo fin de Grado;Trabajo fin de grado;Trabajo fin de Grado;100.00;40.38;40.38;53;21;21;1.00;27/09/2020
2018;Grado;Grado: Ingeniería Mecatrónica;Almunia de Doña Godina (La);Escuela Universitaria Politécnica de la Almunia de Doña Godina;Automatización avanzada e ingeniería de control;Normal;Optativa;100.00;100.00;100.00;14;14;14;1.00;27/09/2020
2018;Grado;Grado: Ingeniería Mecatrónica;Almunia de Doña Godina (La);Escuela Universitaria Politécnica de la Almunia de Doña Godina;Diseño en ingeniería asistida por ordenador;Normal;Optativa;100.00;100.00;100.00;5;4;4;1.00;27/09/2020
2018;Grado;Grado: Ingeniería Mecatrónica;Almunia de Doña Godina (La);Escuela Universitaria Politécnica de la Almunia de Doña Godina;Diseño y cálculo de estructuras;Normal;Optativa;100.00;100.00;100.00;1;1;1;1.00;27/09/2020
2018;Grado;Grado: Ingeniería Mecatrónica;Almunia de Doña Godina (La);Escuela Universitaria Politécnica de la Almunia de Doña Godina;Instrumentación avanzada;Normal;Optativa;100.00;71.43;71.43;8;6;6;1.00;27/09/2020
2018;Grado;Grado: Ingeniería Mecatrónica;Almunia de Doña Godina (La);Escuela Universitaria Politécnica de la Almunia de Doña Godina;Informática avanzada;Normal;Optativa;;;;1;1;1;1.00;27/09/2020
2018;Grado;Grado: Ingeniería Mecatrónica;Almunia de Doña Godina (La);Escuela Universitaria Politécnica de la Almunia de Doña Godina;Inglés técnico;Normal;Optativa;96.00;96.00;100.00;27;26;27;1.07;27/09/2020
2018;Grado;Grado: Ingeniería Mecatrónica;Almunia de Doña Godina (La);Escuela Universitaria Politécnica de la Almunia de Doña Godina;Gestión de la calidad y prevención de riesgos laborales;Normal;Optativa;100.00;100.00;100.00;1;1;1;1.00;27/09/2020
2018;Grado;Grado: Ingeniería Mecatrónica;Almunia de Doña Godina (La);Escuela Universitaria Politécnica de la Almunia de Doña Godina;Prácticas en empresas;Prácticas externas;Optativa;100.00;92.31;92.31;13;12;12;1.00;27/09/2020
2018;Grado;Grado: Ingeniería Agroalimentaria y del Medio Rural;Huesca;Escuela Politécnica Superior;Matemáticas I;Normal;Formación básica;60.00;42.86;71.43;42;18;30;1.44;27/09/2020
2018;Grado;Grado: Ingeniería Agroalimentaria y del Medio Rural;Huesca;Escuela Politécnica Superior;Física I;Normal;Formación básica;59.57;44.44;74.60;63;28;47;1.87;27/09/2020
2018;Grado;Grado: Ingeniería Agroalimentaria y del Medio Rural;Huesca;Escuela Politécnica Superior;Química I;Normal;Formación básica;65.85;62.79;95.35;43;27;41;1.81;27/09/2020
2018;Grado;Grado: Ingeniería Agroalimentaria y del Medio Rural;Huesca;Escuela Politécnica Superior;Informática;Normal;Formación básica;83.87;55.32;65.96;47;26;31;1.47;27/09/2020
2018;Grado;Grado: Ingeniería Agroalimentaria y del Medio Rural;Huesca;Escuela Politécnica Superior;Geología, edafología y climatología;Normal;Formación básica;75.00;61.36;81.82;44;27;36;1.36;27/09/2020
2018;Grado;Grado: Ingeniería Agroalimentaria y del Medio Rural;Huesca;Escuela Politécnica Superior;Matemáticas II;Normal;Formación básica;36.36;9.64;26.51;87;11;26;1.26;27/09/2020
2018;Grado;Grado: Ingeniería Agroalimentaria y del Medio Rural;Huesca;Escuela Politécnica Superior;Física II;Normal;Formación básica;58.54;42.86;73.21;56;24;41;1.85;27/09/2020
2018;Grado;Grado: Ingeniería Agroalimentaria y del Medio Rural;Huesca;Escuela Politécnica Superior;Química II;Normal;Formación básica;46.43;38.24;82.35;34;13;28;1.35;27/09/2020
2018;Grado;Grado: Ingeniería Agroalimentaria y del Medio Rural;Huesca;Escuela Politécnica Superior;Expresión gráfica;Normal;Formación básica;85.19;48.94;57.45;47;23;27;1.04;27/09/2020
2018;Grado;Grado: Ingeniería Agroalimentaria y del Medio Rural;Huesca;Escuela Politécnica Superior;Biología;Normal;Formación básica;42.50;26.56;62.50;66;19;42;2.09;27/09/2020
2018;Grado;Grado: Ingeniería Agroalimentaria y del Medio Rural;Huesca;Escuela Politécnica Superior;Estadística;Normal;Formación básica;84.38;81.82;96.97;33;27;32;1.29;27/09/2020
2018;Grado;Grado: Ingeniería Agroalimentaria y del Medio Rural;Huesca;Escuela Politécnica Superior;Botánica;Normal;Obligatoria;60.00;56.76;94.59;39;23;37;1.85;27/09/2020
2018;Grado;Grado: Ingeniería Agroalimentaria y del Medio Rural;Huesca;Escuela Politécnica Superior;Ciencia animal I;Normal;Obligatoria;75.00;72.00;96.00;25;18;24;1.64;27/09/2020
2018;Grado;Grado: Ingeniería Agroalimentaria y del Medio Rural;Huesca;Escuela Politécnica Superior;Motores y máquinas;Normal;Obligatoria;79.41;65.85;82.93;41;27;34;1.70;27/09/2020
2018;Grado;Grado: Ingeniería Agroalimentaria y del Medio Rural;Huesca;Escuela Politécnica Superior;Topografía, cartografía y fotogrametría;Normal;Obligatoria;100.00;80.95;80.95;21;17;17;1.10;27/09/2020
2018;Grado;Grado: Ingeniería Agroalimentaria y del Medio Rural;Huesca;Escuela Politécnica Superior;Fundamentos de administración de empresas;Normal;Optativa;93.75;88.24;94.12;17;15;16;1.43;27/09/2020
2018;Grado;Grado: Ingeniería Agroalimentaria y del Medio Rural;Huesca;Escuela Politécnica Superior;Fitotecnia;Normal;Obligatoria;86.67;74.29;85.71;35;26;30;1.37;27/09/2020
2018;Grado;Grado: Ingeniería Agroalimentaria y del Medio Rural;Huesca;Escuela Politécnica Superior;Ecología y gestión de subproductos agroindustriales;Normal;Obligatoria;96.43;96.43;100.00;28;27;28;1.04;27/09/2020
2018;Grado;Grado: Ingeniería Agroalimentaria y del Medio Rural;Huesca;Escuela Politécnica Superior;Resistencia de materiales y cálculo de estructuras;Normal;Obligatoria;71.05;60.00;84.44;46;27;39;1.79;27/09/2020
2018;Grado;Grado: Ingeniería Agroalimentaria y del Medio Rural;Huesca;Escuela Politécnica Superior;Electrotecnia y electrificación rural;Normal;Obligatoria;75.00;67.74;90.32;32;22;29;1.43;27/09/2020
2018;Grado;Grado: Ingeniería Agroalimentaria y del Medio Rural;Huesca;Escuela Politécnica Superior;Biotecnología;Normal;Obligatoria;54.17;36.11;66.67;43;20;31;1.50;27/09/2020
2018;Grado;Grado: Ingeniería Agroalimentaria y del Medio Rural;Huesca;Escuela Politécnica Superior;Hidráulica;Normal;Obligatoria;95.45;87.50;91.67;25;22;23;1.55;27/09/2020
2018;Grado;Grado: Ingeniería Agroalimentaria y del Medio Rural;Huesca;Escuela Politécnica Superior;Economía agraria;Normal;Obligatoria;95.83;79.31;82.76;31;25;26;1.21;27/09/2020
2018;Grado;Grado: Ingeniería Agroalimentaria y del Medio Rural;Huesca;Escuela Politécnica Superior;Proyectos;Normal;Obligatoria;100.00;100.00;100.00;23;23;23;1.00;27/09/2020
2018;Grado;Grado: Ingeniería Agroalimentaria y del Medio Rural;Huesca;Escuela Politécnica Superior;Ciencia animal II;Normal;Optativa;95.65;91.67;95.83;24;22;23;1.29;27/09/2020
2018;Grado;Grado: Ingeniería Agroalimentaria y del Medio Rural;Huesca;Escuela Politécnica Superior;Producción de monogástricos;Normal;Optativa;100.00;100.00;100.00;15;15;15;1.00;27/09/2020
2018;Grado;Grado: Ingeniería Agroalimentaria y del Medio Rural;Huesca;Escuela Politécnica Superior;Cultivos herbáceos;Normal;Optativa;100.00;92.31;92.31;14;13;13;1.00;27/09/2020
2018;Grado;Grado: Ingeniería Agroalimentaria y del Medio Rural;Huesca;Escuela Politécnica Superior;Arboricultura;Normal;Optativa;72.73;66.67;91.67;14;10;13;1.26;27/09/2020
2018;Grado;Grado: Ingeniería Agroalimentaria y del Medio Rural;Huesca;Escuela Politécnica Superior;Instalaciones en explotaciones agropecuarias;Normal;Optativa;100.00;91.67;91.67;13;12;12;1.00;27/09/2020
2018;Grado;Grado: Ingeniería Agroalimentaria y del Medio Rural;Huesca;Escuela Politécnica Superior;Construcciones agropecuarias;Normal;Optativa;100.00;95.00;95.00;21;20;20;1.00;27/09/2020
2018;Grado;Grado: Ingeniería Agroalimentaria y del Medio Rural;Huesca;Escuela Politécnica Superior;Producción hortícola;Normal;Optativa;83.33;83.33;100.00;7;6;7;1.00;27/09/2020
2018;Grado;Grado: Ingeniería Agroalimentaria y del Medio Rural;Huesca;Escuela Politécnica Superior;Producción frutícola I;Normal;Optativa;66.67;66.67;100.00;10;7;10;1.17;27/09/2020
2018;Grado;Grado: Ingeniería Agroalimentaria y del Medio Rural;Huesca;Escuela Politécnica Superior;Genética y mejora vegetal en hortofruticultura;Normal;Optativa;100.00;100.00;100.00;5;5;5;1.00;27/09/2020
2018;Grado;Grado: Ingeniería Agroalimentaria y del Medio Rural;Huesca;Escuela Politécnica Superior;Protección de cultivos hortofrutícolas;Normal;Optativa;50.00;50.00;100.00;6;4;6;1.17;27/09/2020
2018;Grado;Grado: Ingeniería Agroalimentaria y del Medio Rural;Huesca;Escuela Politécnica Superior;Cultivos ornamentales;Normal;Optativa;100.00;100.00;100.00;3;3;3;1.00;27/09/2020
2018;Grado;Grado: Ingeniería Agroalimentaria y del Medio Rural;Huesca;Escuela Politécnica Superior;Sistemas de riego y drenaje en explotaciones hortofrutícolas;Normal;Optativa;75.00;75.00;100.00;5;4;5;1.00;27/09/2020
2018;Grado;Grado: Ingeniería Agroalimentaria y del Medio Rural;Huesca;Escuela Politécnica Superior;Operaciones básicas I;Normal;Optativa;75.00;75.00;100.00;5;4;5;1.00;27/09/2020
2018;Grado;Grado: Ingeniería Agroalimentaria y del Medio Rural;Huesca;Escuela Politécnica Superior;Operaciones básicas II;Normal;Optativa;71.43;71.43;100.00;8;6;8;1.25;27/09/2020
2018;Grado;Grado: Ingeniería Agroalimentaria y del Medio Rural;Huesca;Escuela Politécnica Superior;Fundamentos de la tecnología de los alimentos;Normal;Optativa;75.00;75.00;100.00;4;3;4;1.20;27/09/2020
2018;Grado;Grado: Ingeniería Agroalimentaria y del Medio Rural;Huesca;Escuela Politécnica Superior;Gestión de la calidad de las industrias agroalimentarias;Normal;Optativa;100.00;100.00;100.00;3;3;3;1.00;27/09/2020
2018;Grado;Grado: Ingeniería Agroalimentaria y del Medio Rural;Huesca;Escuela Politécnica Superior;Ingeniería de las industrias agroalimentarias;Normal;Optativa;40.00;40.00;100.00;6;3;6;2.33;27/09/2020
2018;Grado;Grado: Ingeniería Agroalimentaria y del Medio Rural;Huesca;Escuela Politécnica Superior;Construcciones agroindustriales;Normal;Optativa;100.00;100.00;100.00;3;3;3;1.00;27/09/2020
2018;Grado;Grado: Ingeniería Agroalimentaria y del Medio Rural;Huesca;Escuela Politécnica Superior;Producción de rumiantes;Normal;Optativa;77.78;77.78;100.00;13;11;13;1.33;27/09/2020
2018;Grado;Grado: Ingeniería Agroalimentaria y del Medio Rural;Huesca;Escuela Politécnica Superior;Genética y mejora vegetal;Normal;Optativa;100.00;100.00;100.00;16;16;16;1.00;27/09/2020
2018;Grado;Grado: Ingeniería Agroalimentaria y del Medio Rural;Huesca;Escuela Politécnica Superior;Protección de cultivos;Normal;Optativa;90.91;76.92;84.62;16;12;13;1.73;27/09/2020
2018;Grado;Grado: Ingeniería Agroalimentaria y del Medio Rural;Huesca;Escuela Politécnica Superior;Sistemas de riego y drenaje;Normal;Optativa;66.67;66.67;100.00;11;9;11;1.00;27/09/2020
2018;Grado;Grado: Ingeniería Agroalimentaria y del Medio Rural;Huesca;Escuela Politécnica Superior;Producción frutícola II;Normal;Optativa;100.00;100.00;100.00;7;7;7;1.00;27/09/2020
2018;Grado;Grado: Ingeniería Agroalimentaria y del Medio Rural;Huesca;Escuela Politécnica Superior;Desarrollo sostenible y medio ambiente;Normal;Optativa;100.00;100.00;100.00;9;9;9;1.38;27/09/2020
2018;Grado;Grado: Ingeniería Agroalimentaria y del Medio Rural;Huesca;Escuela Politécnica Superior;Ingeniería de las áreas verdes y explotaciones hortofrutícolas;Normal;Optativa;100.00;100.00;100.00;7;7;7;1.00;27/09/2020
2018;Grado;Grado: Ingeniería Agroalimentaria y del Medio Rural;Huesca;Escuela Politécnica Superior;Jardinería y paisajismo;Normal;Optativa;85.71;85.71;100.00;8;7;8;1.00;27/09/2020
2018;Grado;Grado: Ingeniería Agroalimentaria y del Medio Rural;Huesca;Escuela Politécnica Superior;Diseño y optimización de industrias agroalimentarias;Normal;Optativa;87.50;87.50;100.00;9;8;9;1.62;27/09/2020
2018;Grado;Grado: Ingeniería Agroalimentaria y del Medio Rural;Huesca;Escuela Politécnica Superior;Tecnología de las industrias agroalimentarias;Normal;Optativa;100.00;100.00;100.00;5;5;5;1.14;27/09/2020
2018;Grado;Grado: Ingeniería Agroalimentaria y del Medio Rural;Huesca;Escuela Politécnica Superior;Equipos auxiliares y control de procesos;Normal;Optativa;83.33;83.33;100.00;7;6;7;1.17;27/09/2020
2018;Grado;Grado: Ingeniería Agroalimentaria y del Medio Rural;Huesca;Escuela Politécnica Superior;Instalaciones agroindustriales;Normal;Optativa;50.00;50.00;100.00;7;4;7;1.25;27/09/2020
2018;Grado;Grado: Ingeniería Agroalimentaria y del Medio Rural;Huesca;Escuela Politécnica Superior;Trabajo fin de Grado (Explotaciones agropecuarias);Trabajo fin de grado;Trabajo fin de Grado;100.00;63.16;63.16;19;12;12;1.00;27/09/2020
2018;Grado;Grado: Ingeniería Agroalimentaria y del Medio Rural;Huesca;Escuela Politécnica Superior;Inglés para la  ingeniería agroalimentaria y del medio rural;Normal;Optativa;89.47;89.47;100.00;19;17;19;1.65;27/09/2020
2018;Grado;Grado: Ingeniería Agroalimentaria y del Medio Rural;Huesca;Escuela Politécnica Superior;Análisis químico agrícola;Normal;Optativa;100.00;100.00;100.00;11;11;11;1.00;27/09/2020
2018;Grado;Grado: Ingeniería Agroalimentaria y del Medio Rural;Huesca;Escuela Politécnica Superior;Tecnología postcosecha;Normal;Optativa;100.00;100.00;100.00;12;12;12;1.00;27/09/2020
2018;Grado;Grado: Ingeniería Agroalimentaria y del Medio Rural;Huesca;Escuela Politécnica Superior;Redes de riego;Normal;Optativa;66.67;66.67;100.00;3;2;3;1.00;27/09/2020
2018;Grado;Grado: Ingeniería Agroalimentaria y del Medio Rural;Huesca;Escuela Politécnica Superior;Producción integrada y agroecología;Normal;Optativa;100.00;100.00;100.00;6;6;6;1.00;27/09/2020
2018;Grado;Grado: Ingeniería Agroalimentaria y del Medio Rural;Huesca;Escuela Politécnica Superior;Instalaciones de la edificación;Normal;Optativa;100.00;100.00;100.00;7;7;7;1.00;27/09/2020
2018;Grado;Grado: Ingeniería Agroalimentaria y del Medio Rural;Huesca;Escuela Politécnica Superior;Aprovechamiento energético de productos y residuos;Normal;Optativa;100.00;100.00;100.00;1;1;1;1.00;27/09/2020
2018;Grado;Grado: Ingeniería Agroalimentaria y del Medio Rural;Huesca;Escuela Politécnica Superior;Edafología;Normal;Optativa;;;;0;0;0;1.00;27/09/2020
2018;Grado;Grado: Ingeniería Agroalimentaria y del Medio Rural;Huesca;Escuela Politécnica Superior;Trabajo fin de Grado (Hortofruticultura y jardinería);Trabajo fin de grado;Trabajo fin de Grado;100.00;100.00;100.00;4;4;4;1.00;27/09/2020
2018;Grado;Grado: Ingeniería Agroalimentaria y del Medio Rural;Huesca;Escuela Politécnica Superior;Trabajo fin de Grado  (Industrias agrarias y alimentarias);Trabajo fin de grado;Trabajo fin de Grado;100.00;20.00;20.00;5;1;1;1.00;27/09/2020
2018;Grado;Grado: Ingeniería Agroalimentaria y del Medio Rural;Huesca;Escuela Politécnica Superior;Edafología aplicada;Normal;Optativa;100.00;100.00;100.00;1;1;1;1.00;27/09/2020
2018;Grado;Grado: Ingeniería Agroalimentaria y del Medio Rural;Huesca;Escuela Politécnica Superior;Prácticas externas;Prácticas externas;Optativa;100.00;96.00;96.00;25;24;24;1.00;27/09/2020
2018;Grado;Grado: Gestión y Administración Pública;Huesca;Facultad de Empresa y Gestión Pública;Fundamentos de derecho constitucional;Normal;Formación básica;84.62;50.00;59.09;22;11;13;1.17;27/09/2020
2018;Grado;Grado: Gestión y Administración Pública;Huesca;Facultad de Empresa y Gestión Pública;Ciencia de la administración y políticas públicas;Normal;Formación básica;92.86;38.24;41.18;34;13;14;1.00;27/09/2020
2018;Grado;Grado: Gestión y Administración Pública;Huesca;Facultad de Empresa y Gestión Pública;Fundamentos de la economía y estructura económica;Normal;Formación básica;87.50;36.84;42.11;19;7;8;1.00;27/09/2020
2018;Grado;Grado: Gestión y Administración Pública;Huesca;Facultad de Empresa y Gestión Pública;Sociología de las organizaciones;Normal;Formación básica;88.89;40.00;45.00;20;8;9;1.14;27/09/2020
2018;Grado;Grado: Gestión y Administración Pública;Huesca;Facultad de Empresa y Gestión Pública;Informática de gestión;Normal;Formación básica;85.71;54.55;63.64;11;6;7;1.11;27/09/2020
2018;Grado;Grado: Gestión y Administración Pública;Huesca;Facultad de Empresa y Gestión Pública;Estadística aplicada;Normal;Formación básica;88.89;33.33;37.50;24;8;9;1.30;27/09/2020
2018;Grado;Grado: Gestión y Administración Pública;Huesca;Facultad de Empresa y Gestión Pública;Derecho administrativo general;Normal;Obligatoria;85.71;60.00;70.00;10;6;7;1.17;27/09/2020
2018;Grado;Grado: Gestión y Administración Pública;Huesca;Facultad de Empresa y Gestión Pública;Dirección de las organizaciones y gestión de recursos humanos;Normal;Obligatoria;80.00;42.86;53.57;28;12;15;1.17;27/09/2020
2018;Grado;Grado: Gestión y Administración Pública;Huesca;Facultad de Empresa y Gestión Pública;Fundamentos de economía financiera y contabilidad pública;Normal;Obligatoria;77.78;53.85;69.23;13;7;9;1.19;27/09/2020
2018;Grado;Grado: Gestión y Administración Pública;Huesca;Facultad de Empresa y Gestión Pública;Economía y hacienda del sector público;Normal;Obligatoria;100.00;68.42;68.42;19;13;13;1.00;27/09/2020
2018;Grado;Grado: Gestión y Administración Pública;Huesca;Facultad de Empresa y Gestión Pública;Técnicas y métodos de investigación social;Normal;Obligatoria;85.71;60.00;70.00;10;6;7;1.00;27/09/2020
2018;Grado;Grado: Gestión y Administración Pública;Huesca;Facultad de Empresa y Gestión Pública;Fuentes de información para la toma de decisiones;Normal;Obligatoria;58.33;50.00;85.71;14;7;12;1.70;27/09/2020
2018;Grado;Grado: Gestión y Administración Pública;Huesca;Facultad de Empresa y Gestión Pública;Derecho local, urbanístico y ambiental;Normal;Obligatoria;83.33;76.92;92.31;13;10;12;1.04;27/09/2020
2018;Grado;Grado: Gestión y Administración Pública;Huesca;Facultad de Empresa y Gestión Pública;Relaciones laborales y protección social;Normal;Obligatoria;50.00;40.00;80.00;10;4;8;1.33;27/09/2020
2018;Grado;Grado: Gestión y Administración Pública;Huesca;Facultad de Empresa y Gestión Pública;Régimen jurídico del empleo público;Normal;Obligatoria;76.47;50.00;65.38;26;13;17;1.77;27/09/2020
2018;Grado;Grado: Gestión y Administración Pública;Huesca;Facultad de Empresa y Gestión Pública;Gestión presupuestaria y financiera;Normal;Obligatoria;88.24;65.22;73.91;23;15;17;1.20;27/09/2020
2018;Grado;Grado: Gestión y Administración Pública;Huesca;Facultad de Empresa y Gestión Pública;Poderes constitucionales del estado;Normal;Obligatoria;100.00;90.00;90.00;10;9;9;1.23;27/09/2020
2018;Grado;Grado: Gestión y Administración Pública;Huesca;Facultad de Empresa y Gestión Pública;Régimen fiscal;Normal;Obligatoria;86.67;86.67;100.00;15;13;15;1.33;27/09/2020
2018;Grado;Grado: Gestión y Administración Pública;Huesca;Facultad de Empresa y Gestión Pública;Políticas públicas de igualdad y gestión de la diversidad;Normal;Obligatoria;100.00;92.31;92.31;13;12;12;1.00;27/09/2020
2018;Grado;Grado: Gestión y Administración Pública;Huesca;Facultad de Empresa y Gestión Pública;Contratos y sociedades;Normal;Optativa;100.00;100.00;100.00;7;7;7;1.25;27/09/2020
2018;Grado;Grado: Gestión y Administración Pública;Huesca;Facultad de Empresa y Gestión Pública;Técnicas de comunicación;Normal;Optativa;;;;0;0;0;1.00;27/09/2020
2018;Grado;Grado: Gestión y Administración Pública;Huesca;Facultad de Empresa y Gestión Pública;Instituciones políticas y administrativas de Aragón;Normal;Optativa;100.00;100.00;100.00;4;4;4;1.00;27/09/2020
2018;Grado;Grado: Gestión y Administración Pública;Huesca;Facultad de Empresa y Gestión Pública;Calidad y marketing de los servicios públicos;Normal;Optativa;100.00;100.00;100.00;7;7;7;1.14;27/09/2020
2018;Grado;Grado: Gestión y Administración Pública;Huesca;Facultad de Empresa y Gestión Pública;Lengua extranjera (Inglés);Normal;Optativa;70.00;58.33;83.33;12;7;10;1.43;27/09/2020
2018;Grado;Grado: Gestión y Administración Pública;Huesca;Facultad de Empresa y Gestión Pública;Auditoría y gestión eficiente;Normal;Optativa;100.00;100.00;100.00;11;11;11;1.00;27/09/2020
2018;Grado;Grado: Gestión y Administración Pública;Huesca;Facultad de Empresa y Gestión Pública;Economía de la Unión Europea;Normal;Optativa;88.89;88.89;100.00;9;8;9;1.11;27/09/2020
2018;Grado;Grado: Gestión y Administración Pública;Huesca;Facultad de Empresa y Gestión Pública;Administración electrónica y documentación;Normal;Optativa;100.00;100.00;100.00;7;7;7;1.00;27/09/2020
2018;Grado;Grado: Gestión y Administración Pública;Huesca;Facultad de Empresa y Gestión Pública;Lenguaje administrativo;Normal;Optativa;100.00;100.00;100.00;1;1;1;1.00;27/09/2020
2018;Grado;Grado: Gestión y Administración Pública;Huesca;Facultad de Empresa y Gestión Pública;Relaciones intergubernamentales;Normal;Optativa;;;;0;0;0;1.00;27/09/2020
2018;Grado;Grado: Gestión y Administración Pública;Huesca;Facultad de Empresa y Gestión Pública;Prácticas en empresas;Prácticas externas;Prácticas externas;100.00;100.00;100.00;7;7;7;1.00;27/09/2020
2018;Grado;Grado: Gestión y Administración Pública;Huesca;Facultad de Empresa y Gestión Pública;Trabajo fín de Grado;Trabajo fin de grado;Trabajo fin de Grado;100.00;54.55;54.55;33;18;18;1.00;27/09/2020
2018;Grado;Grado: Turismo;Zaragoza;Escuela Universitaria de Turismo de Zaragoza;Introducción a la economía;Normal;Formación básica;76.92;55.56;72.22;73;41;53;1.35;27/09/2020
2018;Grado;Grado: Turismo;Zaragoza;Escuela Universitaria de Turismo de Zaragoza;Fundamentos de estadística y gestión financiera;Normal;Formación básica;57.38;34.31;59.80;102;35;61;1.93;27/09/2020
2018;Grado;Grado: Turismo;Zaragoza;Escuela Universitaria de Turismo de Zaragoza;Idioma moderno (Inglés);Normal;Formación básica;72.41;64.62;89.23;65;42;58;1.11;27/09/2020
2018;Grado;Grado: Turismo;Zaragoza;Escuela Universitaria de Turismo de Zaragoza;Introducción al derecho;Normal;Formación básica;79.63;50.59;63.53;85;43;54;1.37;27/09/2020
2018;Grado;Grado: Turismo;Zaragoza;Escuela Universitaria de Turismo de Zaragoza;Turismo y territorio;Normal;Formación básica;77.19;55.00;71.25;80;44;57;1.29;27/09/2020
2018;Grado;Grado: Turismo;Zaragoza;Escuela Universitaria de Turismo de Zaragoza;Organización y administración de empresas turísticas;Normal;Formación básica;59.38;55.07;92.75;69;38;64;1.22;27/09/2020
2018;Grado;Grado: Turismo;Zaragoza;Escuela Universitaria de Turismo de Zaragoza;Marketing turístico;Normal;Formación básica;72.55;56.06;77.27;66;37;51;1.28;27/09/2020
2018;Grado;Grado: Turismo;Zaragoza;Escuela Universitaria de Turismo de Zaragoza;Idioma moderno (francés);Normal;Formación básica;80.00;54.05;67.57;37;20;25;1.04;27/09/2020
2018;Grado;Grado: Turismo;Zaragoza;Escuela Universitaria de Turismo de Zaragoza;Idioma moderno (Alemán);Normal;Formación básica;86.21;69.44;80.56;36;25;29;1.00;27/09/2020
2018;Grado;Grado: Turismo;Zaragoza;Escuela Universitaria de Turismo de Zaragoza;Recursos patrimoniales;Normal;Formación básica;78.69;55.81;70.93;86;48;61;1.42;27/09/2020
2018;Grado;Grado: Turismo;Zaragoza;Escuela Universitaria de Turismo de Zaragoza;Sociología del turismo;Normal;Formación básica;71.19;64.62;90.77;65;42;59;1.17;27/09/2020
2018;Grado;Grado: Turismo;Zaragoza;Escuela Universitaria de Turismo de Zaragoza;Estructura económica y política turística;Normal;Obligatoria;72.50;44.62;61.54;65;29;40;1.16;27/09/2020
2018;Grado;Grado: Turismo;Zaragoza;Escuela Universitaria de Turismo de Zaragoza;Historia del Arte;Normal;Obligatoria;84.09;59.68;70.97;62;37;44;1.21;27/09/2020
2018;Grado;Grado: Turismo;Zaragoza;Escuela Universitaria de Turismo de Zaragoza;Derecho mercantil y laboral del turismo;Normal;Obligatoria;90.91;61.22;67.35;49;30;33;1.18;27/09/2020
2018;Grado;Grado: Turismo;Zaragoza;Escuela Universitaria de Turismo de Zaragoza;Francés turístico I;Normal;Obligatoria;64.29;58.06;90.32;31;18;28;1.29;27/09/2020
2018;Grado;Grado: Turismo;Zaragoza;Escuela Universitaria de Turismo de Zaragoza;Alemán turístico I;Normal;Obligatoria;77.27;73.91;95.65;23;17;22;1.24;27/09/2020
2018;Grado;Grado: Turismo;Zaragoza;Escuela Universitaria de Turismo de Zaragoza;Informática aplicada al turismo;Normal;Obligatoria;100.00;94.23;94.23;52;49;49;1.00;27/09/2020
2018;Grado;Grado: Turismo;Zaragoza;Escuela Universitaria de Turismo de Zaragoza;Contabilidad;Normal;Obligatoria;60.87;51.85;85.19;55;29;47;1.44;27/09/2020
2018;Grado;Grado: Turismo;Zaragoza;Escuela Universitaria de Turismo de Zaragoza;Inglés turístico I;Normal;Obligatoria;82.05;68.09;82.98;47;32;39;1.19;27/09/2020
2018;Grado;Grado: Turismo;Zaragoza;Escuela Universitaria de Turismo de Zaragoza;Técnicas de investigación social;Normal;Obligatoria;76.92;62.50;81.25;50;32;41;1.70;27/09/2020
2018;Grado;Grado: Turismo;Zaragoza;Escuela Universitaria de Turismo de Zaragoza;Inglés turístico II;Normal;Obligatoria;91.89;89.47;97.37;51;44;47;1.15;27/09/2020
2018;Grado;Grado: Turismo;Zaragoza;Escuela Universitaria de Turismo de Zaragoza;Derecho administrativo del turismo;Normal;Obligatoria;96.77;90.91;93.94;49;43;46;1.13;27/09/2020
2018;Grado;Grado: Turismo;Zaragoza;Escuela Universitaria de Turismo de Zaragoza;Análisis de los recursos territoriales turísticos;Normal;Obligatoria;92.86;86.67;93.33;45;40;42;1.07;27/09/2020
2018;Grado;Grado: Turismo;Zaragoza;Escuela Universitaria de Turismo de Zaragoza;Investigación de mercados;Normal;Obligatoria;85.71;81.08;94.59;53;45;50;1.09;27/09/2020
2018;Grado;Grado: Turismo;Zaragoza;Escuela Universitaria de Turismo de Zaragoza;Operaciones y procesos de producción;Normal;Obligatoria;85.71;78.95;92.11;54;45;50;1.15;27/09/2020
2018;Grado;Grado: Turismo;Zaragoza;Escuela Universitaria de Turismo de Zaragoza;Francés turístico II;Normal;Obligatoria;65.00;52.00;80.00;33;20;27;1.35;27/09/2020
2018;Grado;Grado: Turismo;Zaragoza;Escuela Universitaria de Turismo de Zaragoza;Alemán turístico II;Normal;Obligatoria;82.35;70.00;85.00;24;18;21;1.06;27/09/2020
2018;Grado;Grado: Turismo;Zaragoza;Escuela Universitaria de Turismo de Zaragoza;Análisis de la coyuntura turística;Normal;Obligatoria;90.91;64.52;70.97;48;35;38;1.43;27/09/2020
2018;Grado;Grado: Turismo;Zaragoza;Escuela Universitaria de Turismo de Zaragoza;Planificación y gestión territorial del turismo;Normal;Obligatoria;83.87;74.29;88.57;52;41;46;1.17;27/09/2020
2018;Grado;Grado: Turismo;Zaragoza;Escuela Universitaria de Turismo de Zaragoza;Gestión de recursos humanos;Normal;Obligatoria;95.24;83.33;87.50;40;35;36;1.08;27/09/2020
2018;Grado;Grado: Turismo;Zaragoza;Escuela Universitaria de Turismo de Zaragoza;Dirección financiera;Normal;Obligatoria;68.75;53.66;78.05;59;38;48;1.35;27/09/2020
2018;Grado;Grado: Turismo;Zaragoza;Escuela Universitaria de Turismo de Zaragoza;Dirección estratégica;Normal;Obligatoria;100.00;100.00;100.00;20;20;20;1.15;27/09/2020
2018;Grado;Grado: Turismo;Zaragoza;Escuela Universitaria de Turismo de Zaragoza;Comunicación y relaciones públicas;Normal;Optativa;100.00;100.00;100.00;12;12;12;1.00;27/09/2020
2018;Grado;Grado: Turismo;Zaragoza;Escuela Universitaria de Turismo de Zaragoza;Márketing y calidad de destinos turísticos;Normal;Optativa;93.75;93.75;100.00;19;18;19;1.17;27/09/2020
2018;Grado;Grado: Turismo;Zaragoza;Escuela Universitaria de Turismo de Zaragoza;Desarrollo turístico sostenible;Normal;Optativa;100.00;100.00;100.00;6;6;6;1.00;27/09/2020
2018;Grado;Grado: Turismo;Zaragoza;Escuela Universitaria de Turismo de Zaragoza;Sectores turísticos y economía;Normal;Optativa;100.00;100.00;100.00;6;6;6;1.00;27/09/2020
2018;Grado;Grado: Turismo;Zaragoza;Escuela Universitaria de Turismo de Zaragoza;Contratación turística y prevención de riesgos laborales;Normal;Optativa;100.00;100.00;100.00;15;15;15;1.00;27/09/2020
2018;Grado;Grado: Turismo;Zaragoza;Escuela Universitaria de Turismo de Zaragoza;Francés turístico III;Normal;Optativa;100.00;100.00;100.00;7;7;7;1.00;27/09/2020
2018;Grado;Grado: Turismo;Zaragoza;Escuela Universitaria de Turismo de Zaragoza;Inglés turístico III;Normal;Optativa;100.00;100.00;100.00;15;15;15;1.00;27/09/2020
2018;Grado;Grado: Turismo;Zaragoza;Escuela Universitaria de Turismo de Zaragoza;Alemán turístico III;Normal;Optativa;100.00;100.00;100.00;4;4;4;1.00;27/09/2020
2018;Grado;Grado: Turismo;Zaragoza;Escuela Universitaria de Turismo de Zaragoza;Turismo de interior;Normal;Optativa;100.00;93.75;93.75;17;16;16;1.00;27/09/2020
2018;Grado;Grado: Turismo;Zaragoza;Escuela Universitaria de Turismo de Zaragoza;Patrimonio natural y cultural de Aragón;Normal;Optativa;;;;0;0;0;1.00;27/09/2020
2018;Grado;Grado: Turismo;Zaragoza;Escuela Universitaria de Turismo de Zaragoza;Historia económica del turismo;Normal;Optativa;;;;2;2;2;1.00;27/09/2020
2018;Grado;Grado: Turismo;Zaragoza;Escuela Universitaria de Turismo de Zaragoza;Contabilidad de costes y gestión;Normal;Optativa;;;;1;1;1;1.00;27/09/2020
2018;Grado;Grado: Turismo;Zaragoza;Escuela Universitaria de Turismo de Zaragoza;Organización de empresas y servicios de alojamiento;Normal;Optativa;100.00;100.00;100.00;6;6;6;1.00;27/09/2020
2018;Grado;Grado: Turismo;Zaragoza;Escuela Universitaria de Turismo de Zaragoza;Psicosociología del turismo;Normal;Optativa;100.00;100.00;100.00;8;8;8;1.00;27/09/2020
2018;Grado;Grado: Turismo;Zaragoza;Escuela Universitaria de Turismo de Zaragoza;El conocimiento de la identidad europea a través del turismo;Normal;Optativa;;;;2;2;2;1.00;27/09/2020
2018;Grado;Grado: Turismo;Zaragoza;Escuela Universitaria de Turismo de Zaragoza;Rutas turísticas españolas a través del arte;Normal;Optativa;100.00;100.00;100.00;7;7;7;1.00;27/09/2020
2018;Grado;Grado: Turismo;Zaragoza;Escuela Universitaria de Turismo de Zaragoza;Prácticas en empresas;Prácticas externas;Prácticas externas;100.00;100.00;100.00;28;28;28;1.00;27/09/2020
2018;Grado;Grado: Turismo;Zaragoza;Escuela Universitaria de Turismo de Zaragoza;Trabajo fin de Grado;Trabajo fin de grado;Trabajo fin de Grado;100.00;75.00;75.00;40;30;30;1.00;27/09/2020
2018;Grado;Grado: Nutrición Humana y Dietética;Huesca;Facultad de Ciencias de la Salud y del Deporte;Fisiología humana;Normal;Formación básica;82.81;77.94;94.12;68;53;64;1.16;27/09/2020
2018;Grado;Grado: Nutrición Humana y Dietética;Huesca;Facultad de Ciencias de la Salud y del Deporte;Bioestadística;Normal;Formación básica;98.36;98.36;100.00;61;60;61;1.16;27/09/2020
2018;Grado;Grado: Nutrición Humana y Dietética;Huesca;Facultad de Ciencias de la Salud y del Deporte;Antropología y sociología de la alimentación;Normal;Formación básica;100.00;95.38;95.38;65;62;62;1.32;27/09/2020
2018;Grado;Grado: Nutrición Humana y Dietética;Huesca;Facultad de Ciencias de la Salud y del Deporte;Anatomía humana;Normal;Formación básica;100.00;96.77;96.77;62;60;60;1.00;27/09/2020
2018;Grado;Grado: Nutrición Humana y Dietética;Huesca;Facultad de Ciencias de la Salud y del Deporte;Microbiología de los alimentos;Normal;Obligatoria;96.72;90.77;93.85;65;59;61;1.12;27/09/2020
2018;Grado;Grado: Nutrición Humana y Dietética;Huesca;Facultad de Ciencias de la Salud y del Deporte;Metodología científica y epidemiología nutricional;Normal;Obligatoria;93.55;86.57;92.54;67;58;62;1.12;27/09/2020
2018;Grado;Grado: Nutrición Humana y Dietética;Huesca;Facultad de Ciencias de la Salud y del Deporte;Toxicología de los alimentos;Normal;Obligatoria;98.31;92.06;93.65;63;58;59;1.00;27/09/2020
2018;Grado;Grado: Nutrición Humana y Dietética;Huesca;Facultad de Ciencias de la Salud y del Deporte;Nutrición humana;Normal;Formación básica;86.89;86.89;100.00;61;53;61;1.17;27/09/2020
2018;Grado;Grado: Nutrición Humana y Dietética;Huesca;Facultad de Ciencias de la Salud y del Deporte;Bromatología;Normal;Obligatoria;90.41;90.41;100.00;73;66;73;1.39;27/09/2020
2018;Grado;Grado: Nutrición Humana y Dietética;Huesca;Facultad de Ciencias de la Salud y del Deporte;Bioquímica y tecnología de los alimentos;Normal;Obligatoria;76.19;65.75;86.30;73;48;63;1.35;27/09/2020
2018;Grado;Grado: Nutrición Humana y Dietética;Huesca;Facultad de Ciencias de la Salud y del Deporte;Psicología y comunicación en ciencias de la salud;Normal;Formación básica;82.26;78.46;95.38;65;51;62;1.31;27/09/2020
2018;Grado;Grado: Nutrición Humana y Dietética;Huesca;Facultad de Ciencias de la Salud y del Deporte;Dietética;Normal;Obligatoria;91.38;89.83;98.31;59;53;58;1.22;27/09/2020
2018;Grado;Grado: Nutrición Humana y Dietética;Huesca;Facultad de Ciencias de la Salud y del Deporte;Salud pública;Normal;Obligatoria;96.72;95.16;98.39;62;59;61;1.17;27/09/2020
2018;Grado;Grado: Nutrición Humana y Dietética;Huesca;Facultad de Ciencias de la Salud y del Deporte;Fisiopatología;Normal;Obligatoria;82.19;78.95;96.05;76;60;73;1.60;27/09/2020
2018;Grado;Grado: Nutrición Humana y Dietética;Huesca;Facultad de Ciencias de la Salud y del Deporte;Dietoterapia;Normal;Obligatoria;87.72;83.33;95.00;62;52;59;1.24;27/09/2020
2018;Grado;Grado: Nutrición Humana y Dietética;Huesca;Facultad de Ciencias de la Salud y del Deporte;Tecnología culinaria;Normal;Obligatoria;86.21;84.75;98.31;61;52;60;1.15;27/09/2020
2018;Grado;Grado: Nutrición Humana y Dietética;Huesca;Facultad de Ciencias de la Salud y del Deporte;Patología nutricional;Normal;Obligatoria;100.00;96.72;96.72;63;61;61;1.13;27/09/2020
2018;Grado;Grado: Nutrición Humana y Dietética;Huesca;Facultad de Ciencias de la Salud y del Deporte;Nutrición y alimentación en el deporte;Normal;Obligatoria;96.08;94.23;98.08;54;51;53;1.06;27/09/2020
2018;Grado;Grado: Nutrición Humana y Dietética;Huesca;Facultad de Ciencias de la Salud y del Deporte;Higiene alimentaria;Normal;Obligatoria;89.86;86.11;95.83;75;65;72;1.52;27/09/2020
2018;Grado;Grado: Nutrición Humana y Dietética;Huesca;Facultad de Ciencias de la Salud y del Deporte;Organización y gestión de la empresa alimentaria;Normal;Obligatoria;100.00;98.28;98.28;60;59;59;1.08;27/09/2020
2018;Grado;Grado: Nutrición Humana y Dietética;Huesca;Facultad de Ciencias de la Salud y del Deporte;Promoción y educación para la salud;Normal;Obligatoria;100.00;98.18;98.18;57;55;56;1.10;27/09/2020
2018;Grado;Grado: Nutrición Humana y Dietética;Huesca;Facultad de Ciencias de la Salud y del Deporte;Nutrición y alimentación infantil;Normal;Obligatoria;98.28;95.00;96.67;62;59;60;1.20;27/09/2020
2018;Grado;Grado: Nutrición Humana y Dietética;Huesca;Facultad de Ciencias de la Salud y del Deporte;Gestión de servicios de alimentación;Normal;Obligatoria;93.44;91.94;98.39;65;60;64;1.17;27/09/2020
2018;Grado;Grado: Nutrición Humana y Dietética;Huesca;Facultad de Ciencias de la Salud y del Deporte;Prácticum;Prácticas externas;Prácticas externas;100.00;100.00;100.00;43;43;43;1.00;27/09/2020
2018;Movilidad de entrada;Movilidad para 1º y 2º ciclo y grado;Huesca;Facultad de Ciencias de la Salud y del Deporte;Prácticum;Prácticas externas;Optativa;100.00;100.00;100.00;2;2;2;1.00;27/09/2020
2018;Grado;Grado: Nutrición Humana y Dietética;Huesca;Facultad de Ciencias de la Salud y del Deporte;Nutrición clínica y farmacología;Normal;Obligatoria;94.74;90.00;95.00;40;36;38;1.25;27/09/2020
2018;Grado;Grado: Nutrición Humana y Dietética;Huesca;Facultad de Ciencias de la Salud y del Deporte;Bioética y deontología;Normal;Obligatoria;100.00;97.96;97.96;50;49;49;1.04;27/09/2020
2018;Grado;Grado: Nutrición Humana y Dietética;Huesca;Facultad de Ciencias de la Salud y del Deporte;Trabajo fin de Grado;Trabajo fin de grado;Trabajo fin de Grado;100.00;81.63;81.63;50;41;41;1.00;27/09/2020
2018;Grado;Grado: Nutrición Humana y Dietética;Huesca;Facultad de Ciencias de la Salud y del Deporte;Tecnologías de la información y comunicación en ciencias de la salud;Normal;Optativa;100.00;100.00;100.00;9;9;9;1.00;27/09/2020
2018;Grado;Grado: Nutrición Humana y Dietética;Huesca;Facultad de Ciencias de la Salud y del Deporte;Diseño de alimentos para poblaciones con requerimientos especiales;Normal;Optativa;93.75;93.75;100.00;18;17;18;1.24;27/09/2020
2018;Grado;Grado: Nutrición Humana y Dietética;Huesca;Facultad de Ciencias de la Salud y del Deporte;Biología molecular y nutrición humana;Normal;Optativa;100.00;100.00;100.00;25;25;25;1.04;27/09/2020
2018;Grado;Grado: Nutrición Humana y Dietética;Huesca;Facultad de Ciencias de la Salud y del Deporte;Alimentos funcionales;Normal;Optativa;100.00;100.00;100.00;25;25;25;1.04;27/09/2020
2018;Grado;Grado: Nutrición Humana y Dietética;Huesca;Facultad de Ciencias de la Salud y del Deporte;Inglés aplicado en dietética y nutrición;Normal;Optativa;50.00;50.00;100.00;2;1;2;4.00;27/09/2020
2018;Grado;Grado: Nutrición Humana y Dietética;Huesca;Facultad de Ciencias de la Salud y del Deporte;Francés aplicado en nutrición;Normal;Optativa;;;100.00;4;2;4;1.00;27/09/2020
2018;Grado;Grado: Nutrición Humana y Dietética;Huesca;Facultad de Ciencias de la Salud y del Deporte;Bioquímica estructural;Normal;Formación básica;74.65;66.25;88.75;80;53;71;1.37;27/09/2020
2018;Grado;Grado: Nutrición Humana y Dietética;Huesca;Facultad de Ciencias de la Salud y del Deporte;Metabolismo y expresión génica;Normal;Formación básica;85.25;73.24;85.92;71;52;61;1.08;27/09/2020
2018;Grado;Grado: Odontología;Huesca;Facultad de Ciencias de la Salud y del Deporte;Anatomía general humana;Normal;Formación básica;100.00;100.00;100.00;34;34;34;1.00;27/09/2020
2018;Grado;Grado: Odontología;Huesca;Facultad de Ciencias de la Salud y del Deporte;Fisiología general humana;Normal;Formación básica;97.50;90.70;93.02;43;39;40;1.12;27/09/2020
2018;Grado;Grado: Odontología;Huesca;Facultad de Ciencias de la Salud y del Deporte;Bioquímica y biología molecular;Normal;Formación básica;92.19;86.76;94.12;68;59;64;1.50;27/09/2020
2018;Grado;Grado: Odontología;Huesca;Facultad de Ciencias de la Salud y del Deporte;Biología celular e histología;Normal;Formación básica;100.00;100.00;100.00;36;36;36;1.05;27/09/2020
2018;Grado;Grado: Odontología;Huesca;Facultad de Ciencias de la Salud y del Deporte;Microbiología oral;Normal;Formación básica;89.47;89.47;100.00;38;34;38;1.11;27/09/2020
2018;Grado;Grado: Odontología;Huesca;Facultad de Ciencias de la Salud y del Deporte;Psicología y habilidades comunicativas;Normal;Formación básica;94.74;94.74;100.00;38;36;38;1.11;27/09/2020
2018;Grado;Grado: Odontología;Huesca;Facultad de Ciencias de la Salud y del Deporte;Bioestadística;Normal;Formación básica;93.94;88.57;94.29;35;31;33;1.00;27/09/2020
2018;Grado;Grado: Odontología;Huesca;Facultad de Ciencias de la Salud y del Deporte;Odontología legal y bioética;Normal;Obligatoria;97.37;97.37;100.00;38;37;38;1.08;27/09/2020
2018;Grado;Grado: Odontología;Huesca;Facultad de Ciencias de la Salud y del Deporte;Documentación científica en odontología;Normal;Optativa;100.00;92.31;92.31;13;12;12;1.00;27/09/2020
2018;Grado;Grado: Odontología;Huesca;Facultad de Ciencias de la Salud y del Deporte;Inglés aplicado en odontología;Normal;Optativa;96.30;96.30;100.00;27;26;27;1.08;27/09/2020
2018;Grado;Grado: Odontología;Huesca;Facultad de Ciencias de la Salud y del Deporte;Francés aplicado en odontología;Normal;Optativa;100.00;100.00;100.00;3;3;3;1.00;27/09/2020
2018;Grado;Grado: Odontología;Huesca;Facultad de Ciencias de la Salud y del Deporte;Informática aplicada a la odontología;Normal;Optativa;100.00;80.00;80.00;5;4;4;1.00;27/09/2020
2018;Grado;Grado: Odontología;Huesca;Facultad de Ciencias de la Salud y del Deporte;Patología quirúrgica general I;Normal;Obligatoria;95.00;95.00;100.00;40;38;40;1.18;27/09/2020
2018;Grado;Grado: Odontología;Huesca;Facultad de Ciencias de la Salud y del Deporte;Fisiopatología general;Normal;Formación básica;94.59;87.50;92.50;40;35;37;1.21;27/09/2020
2018;Grado;Grado: Odontología;Huesca;Facultad de Ciencias de la Salud y del Deporte;Morfología de cabeza y cuello, fisiología del aparato estomatognático;Normal;Formación básica;94.87;94.87;100.00;39;37;39;1.18;27/09/2020
2018;Grado;Grado: Odontología;Huesca;Facultad de Ciencias de la Salud y del Deporte;Epidemiología y salud pública;Normal;Obligatoria;92.11;83.33;90.48;42;35;38;1.54;27/09/2020
2018;Grado;Grado: Odontología;Huesca;Facultad de Ciencias de la Salud y del Deporte;Biomateriales odontológicos y ergonomía;Normal;Obligatoria;100.00;100.00;100.00;18;18;18;1.13;27/09/2020
2018;Grado;Grado: Odontología;Huesca;Facultad de Ciencias de la Salud y del Deporte;Patología quirúrgica general II;Normal;Obligatoria;97.44;92.68;95.12;41;38;39;1.05;27/09/2020
2018;Grado;Grado: Odontología;Huesca;Facultad de Ciencias de la Salud y del Deporte;Patología médica aplicada al aparato estomatognático;Normal;Obligatoria;100.00;97.37;97.37;38;37;37;1.29;27/09/2020
2018;Grado;Grado: Odontología;Huesca;Facultad de Ciencias de la Salud y del Deporte;Farmacología;Normal;Formación básica;94.44;85.00;90.00;40;34;36;1.11;27/09/2020
2018;Grado;Grado: Odontología;Huesca;Facultad de Ciencias de la Salud y del Deporte;Radiología dental;Normal;Obligatoria;100.00;97.22;97.22;36;35;35;1.06;27/09/2020
2018;Grado;Grado: Odontología;Huesca;Facultad de Ciencias de la Salud y del Deporte;Odontología preventiva y comunitaria;Normal;Obligatoria;95.83;92.00;96.00;25;23;24;1.46;27/09/2020
2018;Grado;Grado: Odontología;Huesca;Facultad de Ciencias de la Salud y del Deporte;Odontología conservadora I;Normal;Obligatoria;100.00;100.00;100.00;35;35;35;1.00;27/09/2020
2018;Grado;Grado: Odontología;Huesca;Facultad de Ciencias de la Salud y del Deporte;Medicina bucal;Normal;Obligatoria;88.89;88.89;100.00;36;32;36;1.30;27/09/2020
2018;Grado;Grado: Odontología;Huesca;Facultad de Ciencias de la Salud y del Deporte;Prótesis I;Normal;Obligatoria;84.38;84.38;100.00;32;27;32;1.07;27/09/2020
2018;Grado;Grado: Odontología;Huesca;Facultad de Ciencias de la Salud y del Deporte;Cirugía bucal I;Normal;Obligatoria;100.00;100.00;100.00;32;32;32;1.09;27/09/2020
2018;Grado;Grado: Odontología;Huesca;Facultad de Ciencias de la Salud y del Deporte;Odontología conservadora II;Normal;Obligatoria;96.97;96.97;100.00;33;32;33;1.24;27/09/2020
2018;Grado;Grado: Odontología;Huesca;Facultad de Ciencias de la Salud y del Deporte;Periodoncia I;Normal;Obligatoria;100.00;100.00;100.00;30;30;30;1.10;27/09/2020
2018;Grado;Grado: Odontología;Huesca;Facultad de Ciencias de la Salud y del Deporte;Prótesis II;Normal;Obligatoria;96.00;96.00;100.00;25;24;25;1.42;27/09/2020
2018;Grado;Grado: Odontología;Huesca;Facultad de Ciencias de la Salud y del Deporte;Cirugía bucal II: Introducción a la implantología y a la cirugía maxilofacial;Normal;Obligatoria;100.00;100.00;100.00;37;37;37;1.34;27/09/2020
2018;Grado;Grado: Odontología;Huesca;Facultad de Ciencias de la Salud y del Deporte;Odontología conservadora III;Normal;Obligatoria;97.44;97.44;100.00;40;39;40;1.72;27/09/2020
2018;Grado;Grado: Odontología;Huesca;Facultad de Ciencias de la Salud y del Deporte;Ortodoncia;Normal;Obligatoria;86.49;84.21;97.37;39;33;38;1.58;27/09/2020
2018;Grado;Grado: Odontología;Huesca;Facultad de Ciencias de la Salud y del Deporte;Prótesis III;Normal;Obligatoria;100.00;100.00;100.00;28;28;28;1.04;27/09/2020
2018;Grado;Grado: Odontología;Huesca;Facultad de Ciencias de la Salud y del Deporte;Periodoncia II;Normal;Obligatoria;100.00;100.00;100.00;29;29;29;1.10;27/09/2020
2018;Grado;Grado: Odontología;Huesca;Facultad de Ciencias de la Salud y del Deporte;Odontología conservadora IV;Normal;Obligatoria;78.95;76.92;97.44;40;31;39;1.13;27/09/2020
2018;Grado;Grado: Odontología;Huesca;Facultad de Ciencias de la Salud y del Deporte;Prótesis IV;Normal;Obligatoria;96.55;96.55;100.00;30;29;30;1.10;27/09/2020
2018;Grado;Grado: Odontología;Huesca;Facultad de Ciencias de la Salud y del Deporte;Odontopediatría I;Normal;Obligatoria;100.00;100.00;100.00;30;30;30;1.03;27/09/2020
2018;Grado;Grado: Odontología;Huesca;Facultad de Ciencias de la Salud y del Deporte;Prácticas tuteladas (Clínica Odontológica Integrada);Prácticas externas;Prácticas externas;100.00;100.00;100.00;28;28;28;1.07;27/09/2020
2018;Grado;Grado: Odontología;Huesca;Facultad de Ciencias de la Salud y del Deporte;Ortodoncia clínica;Normal;Obligatoria;100.00;100.00;100.00;31;31;31;1.39;27/09/2020
2018;Grado;Grado: Odontología;Huesca;Facultad de Ciencias de la Salud y del Deporte;Odontopediatría II;Normal;Obligatoria;100.00;100.00;100.00;33;33;33;1.12;27/09/2020
2018;Grado;Grado: Odontología;Huesca;Facultad de Ciencias de la Salud y del Deporte;Gerodontología y tratamiento de pacientes especiales;Normal;Obligatoria;100.00;100.00;100.00;28;28;28;1.11;27/09/2020
2018;Grado;Grado: Odontología;Huesca;Facultad de Ciencias de la Salud y del Deporte;Trabajo fin de Grado;Trabajo fin de grado;Trabajo fin de Grado;96.43;96.43;100.00;28;27;28;1.07;27/09/2020
2018;Grado;Grado: Odontología;Huesca;Facultad de Ciencias de la Salud y del Deporte;Otorrinolaringología odontológica;Normal;Optativa;100.00;100.00;100.00;4;4;4;1.00;27/09/2020
2018;Grado;Grado: Odontología;Huesca;Facultad de Ciencias de la Salud y del Deporte;Fotografía dental;Normal;Optativa;100.00;100.00;100.00;11;11;11;1.00;27/09/2020
2018;Grado;Grado: Odontología;Huesca;Facultad de Ciencias de la Salud y del Deporte;Medicina bucal en el paciente pediátrico;Normal;Optativa;92.11;92.11;100.00;39;36;39;1.03;27/09/2020
2018;Grado;Grado: Odontología;Huesca;Facultad de Ciencias de la Salud y del Deporte;Nutrición y dietética aplicadas a la odontología;Normal;Optativa;100.00;100.00;100.00;32;32;32;1.03;27/09/2020
2018;Grado;Grado: Odontología;Huesca;Facultad de Ciencias de la Salud y del Deporte;Dolor orofacial;Normal;Optativa;90.91;90.91;100.00;24;22;24;1.09;27/09/2020
2018;Grado;Grado: Odontología;Huesca;Facultad de Ciencias de la Salud y del Deporte;Protección radiológica;Normal;Optativa;100.00;93.75;93.75;16;15;15;1.00;27/09/2020
2018;Grado;Grado: Odontología;Huesca;Facultad de Ciencias de la Salud y del Deporte;Farmacología aplicada a la clínica odontológica;Normal;Optativa;100.00;100.00;100.00;19;19;19;1.21;27/09/2020
2018;Grado;Grado: Odontología;Huesca;Facultad de Ciencias de la Salud y del Deporte;Implantología;Normal;Optativa;100.00;100.00;100.00;13;13;13;1.00;27/09/2020
2018;Grado;Grado: Odontología;Huesca;Facultad de Ciencias de la Salud y del Deporte;Gestión de la clínica odontológica;Normal;Optativa;100.00;96.55;96.55;29;28;28;1.00;27/09/2020
2018;Grado;Grado: Odontología;Huesca;Facultad de Ciencias de la Salud y del Deporte;Técnicas de investigación en odontología;Normal;Optativa;100.00;100.00;100.00;2;2;2;1.00;27/09/2020
2018;Grado;Grado: Ingeniería Electrica;Zaragoza;Escuela de Ingeniería y Arquitectura;Matemáticas I;Normal;Formación básica;58.49;45.59;77.94;68;31;53;1.41;27/09/2020
2018;Grado;Grado: Ingeniería Electrica;Zaragoza;Escuela de Ingeniería y Arquitectura;Física I;Normal;Formación básica;67.92;41.86;61.63;86;36;53;1.40;27/09/2020
2018;Grado;Grado: Ingeniería Electrica;Zaragoza;Escuela de Ingeniería y Arquitectura;Fundamentos de administración de empresas;Normal;Formación básica;59.57;45.90;77.05;61;28;47;1.31;27/09/2020
2018;Grado;Grado: Ingeniería Electrica;Zaragoza;Escuela de Ingeniería y Arquitectura;Informática;Normal;Formación básica;60.42;36.71;60.76;79;29;48;1.35;27/09/2020
2018;Grado;Grado: Ingeniería Electrica;Zaragoza;Escuela de Ingeniería y Arquitectura;Química;Normal;Formación básica;63.27;40.26;63.64;77;31;49;1.42;27/09/2020
2018;Grado;Grado: Ingeniería Electrica;Zaragoza;Escuela de Ingeniería y Arquitectura;Matemáticas II;Normal;Formación básica;59.18;44.62;75.38;65;29;49;1.17;27/09/2020
2018;Grado;Grado: Ingeniería Electrica;Zaragoza;Escuela de Ingeniería y Arquitectura;Física II;Normal;Formación básica;62.00;37.80;60.98;82;31;50;1.27;27/09/2020
2018;Grado;Grado: Ingeniería Electrica;Zaragoza;Escuela de Ingeniería y Arquitectura;Expresión gráfica y diseño asistido por ordenador;Normal;Formación básica;68.18;40.00;58.67;75;30;44;1.23;27/09/2020
2018;Grado;Grado: Ingeniería Electrica;Zaragoza;Escuela de Ingeniería y Arquitectura;Ingeniería del medio ambiente;Normal;Obligatoria;87.72;64.10;73.08;78;50;57;1.18;27/09/2020
2018;Grado;Grado: Ingeniería Electrica;Zaragoza;Escuela de Ingeniería y Arquitectura;Matemáticas III;Normal;Formación básica;77.14;65.85;85.37;41;27;35;1.14;27/09/2020
2018;Grado;Grado: Ingeniería Electrica;Zaragoza;Escuela de Ingeniería y Arquitectura;Estadística;Normal;Formación básica;96.15;83.33;86.67;30;25;26;1.29;27/09/2020
2018;Grado;Grado: Ingeniería Electrica;Zaragoza;Escuela de Ingeniería y Arquitectura;Termodinámica técnica y fundamentos de transmisión de calor;Normal;Obligatoria;76.92;50.00;65.00;62;31;41;1.58;27/09/2020
2018;Grado;Grado: Ingeniería Electrica;Zaragoza;Escuela de Ingeniería y Arquitectura;Mecánica;Normal;Obligatoria;92.11;85.37;92.68;41;35;38;1.05;27/09/2020
2018;Grado;Grado: Ingeniería Electrica;Zaragoza;Escuela de Ingeniería y Arquitectura;Análisis de circuitos eléctricos;Normal;Obligatoria;78.57;61.11;77.78;56;34;43;1.44;27/09/2020
2018;Grado;Grado: Ingeniería Electrica;Zaragoza;Escuela de Ingeniería y Arquitectura;Fundamentos de electrónica;Normal;Obligatoria;82.14;66.67;81.16;69;46;56;2.19;27/09/2020
2018;Grado;Grado: Ingeniería Electrica;Zaragoza;Escuela de Ingeniería y Arquitectura;Resistencia de materiales;Normal;Obligatoria;62.96;51.52;81.82;68;36;56;1.50;27/09/2020
2018;Grado;Grado: Ingeniería Electrica;Zaragoza;Escuela de Ingeniería y Arquitectura;Sistemas automáticos;Normal;Obligatoria;76.92;50.85;66.10;60;31;40;2.33;27/09/2020
2018;Grado;Grado: Ingeniería Electrica;Zaragoza;Escuela de Ingeniería y Arquitectura;Ingeniería de materiales;Normal;Obligatoria;76.67;69.70;90.91;33;23;30;1.16;27/09/2020
2018;Grado;Grado: Ingeniería Electrica;Zaragoza;Escuela de Ingeniería y Arquitectura;Máquinas eléctricas I;Normal;Obligatoria;63.64;52.83;83.02;56;29;45;1.94;27/09/2020
2018;Grado;Grado: Ingeniería Electrica;Zaragoza;Escuela de Ingeniería y Arquitectura;Tecnologías de fabricación;Normal;Obligatoria;97.22;89.74;92.31;39;35;36;1.11;27/09/2020
2018;Grado;Grado: Ingeniería Electrica;Zaragoza;Escuela de Ingeniería y Arquitectura;Electrónica de potencia;Normal;Obligatoria;54.55;41.67;76.39;78;33;58;2.26;27/09/2020
2018;Grado;Grado: Ingeniería Electrica;Zaragoza;Escuela de Ingeniería y Arquitectura;Instalaciones eléctricas de baja tensión;Normal;Obligatoria;62.00;54.39;87.72;63;36;55;2.17;27/09/2020
2018;Grado;Grado: Ingeniería Electrica;Zaragoza;Escuela de Ingeniería y Arquitectura;Máquinas eléctricas II;Normal;Obligatoria;71.05;64.29;90.48;44;27;38;1.55;27/09/2020
2018;Grado;Grado: Ingeniería Electrica;Zaragoza;Escuela de Ingeniería y Arquitectura;Ingeniería de control;Normal;Obligatoria;87.27;85.71;98.21;59;51;58;1.43;27/09/2020
2018;Grado;Grado: Ingeniería Electrica;Zaragoza;Escuela de Ingeniería y Arquitectura;Mecánica de fluidos;Normal;Obligatoria;82.35;72.41;87.93;64;45;56;1.96;27/09/2020
2018;Grado;Grado: Ingeniería Electrica;Zaragoza;Escuela de Ingeniería y Arquitectura;Organización y dirección de empresas;Normal;Obligatoria;88.57;86.11;97.22;37;32;36;1.64;27/09/2020
2018;Grado;Grado: Ingeniería Electrica;Zaragoza;Escuela de Ingeniería y Arquitectura;Líneas eléctricas;Normal;Obligatoria;97.87;97.87;100.00;48;47;48;1.53;27/09/2020
2018;Grado;Grado: Ingeniería Electrica;Zaragoza;Escuela de Ingeniería y Arquitectura;Instalaciones eléctricas en media y alta tensión;Normal;Obligatoria;100.00;95.12;95.12;42;39;39;1.02;27/09/2020
2018;Grado;Grado: Ingeniería Electrica;Zaragoza;Escuela de Ingeniería y Arquitectura;Accionamientos de máquinas eléctricas;Normal;Obligatoria;94.74;94.74;100.00;41;39;41;1.43;27/09/2020
2018;Grado;Grado: Ingeniería Electrica;Zaragoza;Escuela de Ingeniería y Arquitectura;Oficina de proyectos;Normal;Obligatoria;100.00;97.73;97.73;50;47;48;1.14;27/09/2020
2018;Grado;Grado: Ingeniería Electrica;Zaragoza;Escuela de Ingeniería y Arquitectura;Sistemas eléctricos de potencia;Normal;Obligatoria;93.75;91.84;97.96;56;52;55;1.38;27/09/2020
2018;Grado;Grado: Ingeniería Electrica;Zaragoza;Escuela de Ingeniería y Arquitectura;Centrales eléctricas;Normal;Obligatoria;100.00;98.11;98.11;56;55;55;1.00;27/09/2020
2018;Grado;Grado: Ingeniería Electrica;Zaragoza;Escuela de Ingeniería y Arquitectura;Instalaciones de producción eléctrica con energías renovables;Normal;Obligatoria;97.67;93.33;95.56;52;47;48;1.46;27/09/2020
2018;Grado;Grado: Ingeniería Electrica;Zaragoza;Escuela de Ingeniería y Arquitectura;Trabajo fin de Grado;Trabajo fin de grado;Trabajo fin de Grado;97.83;77.59;79.31;60;47;48;1.00;27/09/2020
2018;Grado;Grado: Ingeniería Electrica;Zaragoza;Escuela de Ingeniería y Arquitectura;Fundamentos de electrotecnia;Normal;Obligatoria;62.50;32.89;52.63;76;25;40;1.23;27/09/2020
2018;Grado;Grado: Ingeniería Electrica;Zaragoza;Escuela de Ingeniería y Arquitectura;Climatización;Normal;Optativa;100.00;92.86;92.86;14;13;13;1.00;27/09/2020
2018;Grado;Grado: Ingeniería Electrica;Zaragoza;Escuela de Ingeniería y Arquitectura;Iluminación y Domótica;Normal;Optativa;100.00;100.00;100.00;21;20;20;1.00;27/09/2020
2018;Grado;Grado: Ingeniería Electrica;Zaragoza;Escuela de Ingeniería y Arquitectura;Seguridad de instalaciones y equipos eléctricos;Normal;Optativa;90.91;83.33;91.67;13;11;12;1.00;27/09/2020
2018;Grado;Grado: Ingeniería Electrica;Zaragoza;Escuela de Ingeniería y Arquitectura;Mantenimiento industrial y de instalaciones auxiliares;Normal;Optativa;100.00;95.00;95.00;23;21;21;1.00;27/09/2020
2018;Grado;Grado: Ingeniería Electrica;Zaragoza;Escuela de Ingeniería y Arquitectura;Movilidad eléctrica;Normal;Optativa;100.00;100.00;100.00;17;16;16;1.06;27/09/2020
2018;Grado;Grado: Ingeniería Electrica;Zaragoza;Escuela de Ingeniería y Arquitectura;Sistemas electrónicos digitales;Normal;Optativa;;;;3;2;3;1.00;27/09/2020
2018;Grado;Grado: Ingeniería Electrica;Zaragoza;Escuela de Ingeniería y Arquitectura;Medidas eléctricas;Normal;Optativa;100.00;83.33;83.33;10;9;9;1.00;27/09/2020
2018;Grado;Grado: Ingeniería Electrica;Zaragoza;Escuela de Ingeniería y Arquitectura;Redes eléctricas inteligentes;Normal;Optativa;100.00;100.00;100.00;8;8;8;1.00;27/09/2020
2018;Grado;Grado: Ingeniería Mecánica;Zaragoza;Escuela de Ingeniería y Arquitectura;Matemáticas I;Normal;Formación básica;52.24;40.23;77.01;261;105;201;1.50;27/09/2020
2018;Grado;Grado: Ingeniería Mecánica;Zaragoza;Escuela de Ingeniería y Arquitectura;Física I;Normal;Formación básica;60.89;36.45;59.87;299;109;179;1.53;27/09/2020
2018;Grado;Grado: Ingeniería Mecánica;Zaragoza;Escuela de Ingeniería y Arquitectura;Fundamentos de administración de empresas;Normal;Formación básica;58.65;51.05;87.03;239;122;208;1.46;27/09/2020
2018;Grado;Grado: Ingeniería Mecánica;Zaragoza;Escuela de Ingeniería y Arquitectura;Expresión gráfica y diseño asistido por ordenador;Normal;Formación básica;52.19;41.03;78.62;290;119;228;2.01;27/09/2020
2018;Grado;Grado: Ingeniería Mecánica;Zaragoza;Escuela de Ingeniería y Arquitectura;Química;Normal;Formación básica;47.00;34.56;73.53;272;94;200;1.56;27/09/2020
2018;Grado;Grado: Ingeniería Mecánica;Zaragoza;Escuela de Ingeniería y Arquitectura;Matemáticas II;Normal;Formación básica;70.37;44.93;63.85;296;133;189;1.97;27/09/2020
2018;Grado;Grado: Ingeniería Mecánica;Zaragoza;Escuela de Ingeniería y Arquitectura;Física II;Normal;Formación básica;61.54;33.33;54.17;288;96;156;1.52;27/09/2020
2018;Grado;Grado: Ingeniería Mecánica;Zaragoza;Escuela de Ingeniería y Arquitectura;Fundamentos de informática;Normal;Formación básica;68.42;34.72;50.74;337;117;171;1.53;27/09/2020
2018;Grado;Grado: Ingeniería Mecánica;Zaragoza;Escuela de Ingeniería y Arquitectura;Estadística;Normal;Formación básica;69.27;55.36;79.91;224;124;179;1.43;27/09/2020
2018;Grado;Grado: Ingeniería Mecánica;Zaragoza;Escuela de Ingeniería y Arquitectura;Ingeniería del medio ambiente;Normal;Obligatoria;76.14;60.00;78.80;250;150;197;1.26;27/09/2020
2018;Grado;Grado: Ingeniería Mecánica;Zaragoza;Escuela de Ingeniería y Arquitectura;Matemáticas III;Normal;Formación básica;53.75;43.00;80.00;202;88;162;1.86;27/09/2020
2018;Grado;Grado: Ingeniería Mecánica;Zaragoza;Escuela de Ingeniería y Arquitectura;Mecánica;Normal;Obligatoria;75.71;57.30;75.68;188;108;142;1.38;27/09/2020
2018;Grado;Grado: Ingeniería Mecánica;Zaragoza;Escuela de Ingeniería y Arquitectura;Fundamentos de ingeniería de materiales;Normal;Obligatoria;66.90;60.25;90.06;162;98;146;1.61;27/09/2020
2018;Grado;Grado: Ingeniería Mecánica;Zaragoza;Escuela de Ingeniería y Arquitectura;Termodinámica técnica y fundamentos de transmisión de calor;Normal;Obligatoria;78.21;71.76;91.76;170;122;156;1.74;27/09/2020
2018;Grado;Grado: Ingeniería Mecánica;Zaragoza;Escuela de Ingeniería y Arquitectura;Dibujo industrial;Normal;Obligatoria;82.05;70.59;86.03;136;96;117;1.49;27/09/2020
2018;Grado;Grado: Ingeniería Mecánica;Zaragoza;Escuela de Ingeniería y Arquitectura;Fundamentos de electrotecnia;Normal;Obligatoria;81.98;72.80;88.80;125;91;111;1.38;27/09/2020
2018;Grado;Grado: Ingeniería Mecánica;Zaragoza;Escuela de Ingeniería y Arquitectura;Mecánica de fluidos;Normal;Obligatoria;78.52;55.45;70.62;213;119;151;1.55;27/09/2020
2018;Grado;Grado: Ingeniería Mecánica;Zaragoza;Escuela de Ingeniería y Arquitectura;Resistencia de materiales;Normal;Obligatoria;74.30;66.83;89.95;201;134;180;1.57;27/09/2020
2018;Grado;Grado: Ingeniería Mecánica;Zaragoza;Escuela de Ingeniería y Arquitectura;Tecnología de materiales;Normal;Obligatoria;77.63;66.67;85.88;177;118;152;1.48;27/09/2020
2018;Grado;Grado: Ingeniería Mecánica;Zaragoza;Escuela de Ingeniería y Arquitectura;Teoría de mecanismos y máquinas;Normal;Obligatoria;65.58;48.79;74.40;210;103;156;1.62;27/09/2020
2018;Grado;Grado: Ingeniería Mecánica;Zaragoza;Escuela de Ingeniería y Arquitectura;Tecnologías de fabricación I;Normal;Obligatoria;74.02;52.51;70.95;186;100;134;1.41;27/09/2020
2018;Grado;Grado: Ingeniería Mecánica;Zaragoza;Escuela de Ingeniería y Arquitectura;Fundamentos de electrónica;Normal;Obligatoria;85.61;76.28;89.10;162;123;143;1.25;27/09/2020
2018;Grado;Grado: Ingeniería Mecánica;Zaragoza;Escuela de Ingeniería y Arquitectura;Mecánica de sólidos deformables;Normal;Obligatoria;60.13;48.94;81.38;203;103;164;1.63;27/09/2020
2018;Grado;Grado: Ingeniería Mecánica;Zaragoza;Escuela de Ingeniería y Arquitectura;Criterios de diseño de máquinas;Normal;Obligatoria;85.43;82.17;96.18;161;133;155;1.21;27/09/2020
2018;Grado;Grado: Ingeniería Mecánica;Zaragoza;Escuela de Ingeniería y Arquitectura;Ingeniería térmica;Normal;Obligatoria;82.39;75.48;91.61;158;118;143;1.29;27/09/2020
2018;Grado;Grado: Ingeniería Mecánica;Zaragoza;Escuela de Ingeniería y Arquitectura;Tecnologías de fabricación II;Normal;Obligatoria;80.67;79.08;98.04;158;124;154;1.67;27/09/2020
2018;Grado;Grado: Ingeniería Mecánica;Zaragoza;Escuela de Ingeniería y Arquitectura;Sistemas automáticos;Normal;Obligatoria;65.60;53.25;81.17;167;93;137;1.65;27/09/2020
2018;Grado;Grado: Ingeniería Mecánica;Zaragoza;Escuela de Ingeniería y Arquitectura;Teoría de estructuras y construcciones industriales;Normal;Obligatoria;81.62;78.17;95.77;156;121;146;1.42;27/09/2020
2018;Grado;Grado: Ingeniería Mecánica;Zaragoza;Escuela de Ingeniería y Arquitectura;Máquinas y motores térmicos;Normal;Obligatoria;89.52;79.29;88.57;145;116;129;1.29;27/09/2020
2018;Grado;Grado: Ingeniería Mecánica;Zaragoza;Escuela de Ingeniería y Arquitectura;Máquinas e instalaciones de fluidos;Normal;Obligatoria;82.73;69.70;84.24;173;121;145;1.35;27/09/2020
2018;Grado;Grado: Ingeniería Mecánica;Zaragoza;Escuela de Ingeniería y Arquitectura;Oficina de proyectos;Normal;Obligatoria;80.18;77.39;96.52;134;108;130;1.76;27/09/2020
2018;Grado;Grado: Ingeniería Mecánica;Zaragoza;Escuela de Ingeniería y Arquitectura;Organización y dirección de empresas;Normal;Obligatoria;78.79;75.00;95.19;120;94;115;1.28;27/09/2020
2018;Grado;Grado: Ingeniería Mecánica;Zaragoza;Escuela de Ingeniería y Arquitectura;Trabajo fin de Grado;Trabajo fin de grado;Trabajo fin de Grado;100.00;65.84;65.84;164;108;109;1.00;27/09/2020
2018;Movilidad de entrada;Movilidad para 1º y 2º ciclo y grado;Zaragoza;Escuela de Ingeniería y Arquitectura;Trabajo fin de Grado;Trabajo fin de grado;Optativa;;;;1;0;0;;27/09/2020
2018;Grado;Grado: Ingeniería Mecánica;Zaragoza;Escuela de Ingeniería y Arquitectura;Sistemas térmicos de generación;Normal;Optativa;100.00;100.00;100.00;11;11;11;1.00;27/09/2020
2018;Grado;Grado: Ingeniería Mecánica;Zaragoza;Escuela de Ingeniería y Arquitectura;Calor y frío industrial;Normal;Optativa;100.00;92.31;92.31;17;14;14;1.07;27/09/2020
2018;Grado;Grado: Ingeniería Mecánica;Zaragoza;Escuela de Ingeniería y Arquitectura;Motores de combustión;Normal;Optativa;66.67;66.67;100.00;9;7;9;1.00;27/09/2020
2018;Grado;Grado: Ingeniería Mecánica;Zaragoza;Escuela de Ingeniería y Arquitectura;Diseño de instalaciones de fluidos;Normal;Optativa;100.00;91.67;91.67;14;13;13;1.00;27/09/2020
2018;Grado;Grado: Ingeniería Mecánica;Zaragoza;Escuela de Ingeniería y Arquitectura;Tecnología de la construcción;Normal;Optativa;94.12;84.21;89.47;22;19;20;1.00;27/09/2020
2018;Grado;Grado: Ingeniería Mecánica;Zaragoza;Escuela de Ingeniería y Arquitectura;Estructuras metálicas;Normal;Optativa;100.00;75.00;75.00;5;4;4;1.00;27/09/2020
2018;Grado;Grado: Ingeniería Mecánica;Zaragoza;Escuela de Ingeniería y Arquitectura;Análisis estructural de instalaciones industriales;Normal;Optativa;100.00;100.00;100.00;4;4;4;1.00;27/09/2020
2018;Grado;Grado: Ingeniería Mecánica;Zaragoza;Escuela de Ingeniería y Arquitectura;Estructuras de hormigón;Normal;Optativa;50.00;40.00;80.00;6;3;5;1.00;27/09/2020
2018;Grado;Grado: Ingeniería Mecánica;Zaragoza;Escuela de Ingeniería y Arquitectura;Materiales industriales avanzados;Normal;Optativa;100.00;90.48;90.48;48;44;44;1.00;27/09/2020
2018;Grado;Grado: Ingeniería Mecánica;Zaragoza;Escuela de Ingeniería y Arquitectura;Cálculo de elementos de máquinas;Normal;Optativa;87.88;85.29;97.06;38;33;37;1.11;27/09/2020
2018;Grado;Grado: Ingeniería Mecánica;Zaragoza;Escuela de Ingeniería y Arquitectura;Diseño y arquitectura de vehículos;Normal;Optativa;98.55;97.14;98.57;76;73;74;1.10;27/09/2020
2018;Grado;Grado: Ingeniería Mecánica;Zaragoza;Escuela de Ingeniería y Arquitectura;Vibraciones y ruido en máquinas;Normal;Optativa;91.67;91.67;100.00;17;14;15;1.00;27/09/2020
2018;Grado;Grado: Ingeniería Mecánica;Zaragoza;Escuela de Ingeniería y Arquitectura;Sistemas mecánicos en máquinas y vehículos;Normal;Optativa;96.00;96.00;100.00;27;26;27;1.07;27/09/2020
2018;Grado;Grado: Ingeniería Mecánica;Zaragoza;Escuela de Ingeniería y Arquitectura;Producción industrial;Normal;Optativa;95.65;95.65;100.00;32;30;31;1.09;27/09/2020
2018;Grado;Grado: Ingeniería Mecánica;Zaragoza;Escuela de Ingeniería y Arquitectura;Calidad industrial;Normal;Optativa;94.12;88.89;94.44;23;21;22;1.10;27/09/2020
2018;Grado;Grado: Ingeniería Mecánica;Zaragoza;Escuela de Ingeniería y Arquitectura;Sistemas de fabricación;Normal;Optativa;100.00;94.74;94.74;24;23;23;1.00;27/09/2020
2018;Grado;Grado: Ingeniería Mecánica;Zaragoza;Escuela de Ingeniería y Arquitectura;Medición y mantenimiento;Normal;Optativa;100.00;83.87;83.87;33;27;27;1.00;27/09/2020
2018;Grado;Grado: Ingeniería Mecánica;Zaragoza;Escuela de Ingeniería y Arquitectura;Fabricación integrada;Normal;Optativa;100.00;100.00;100.00;32;31;31;1.00;27/09/2020
2018;Grado;Grado: Ingeniería Mecánica;Zaragoza;Escuela de Ingeniería y Arquitectura;Hidráulica y neumática industrial;Normal;Optativa;100.00;96.55;96.55;33;32;32;1.00;27/09/2020
2018;Grado;Grado: Ingeniería Mecánica;Zaragoza;Escuela de Ingeniería y Arquitectura;Edificación industrial;Normal;Optativa;90.91;88.24;97.06;36;31;34;1.06;27/09/2020
2018;Grado;Grado: Ingeniería Electrónica y Automática;Zaragoza;Escuela de Ingeniería y Arquitectura;Matemáticas I;Normal;Formación básica;52.08;39.06;75.00;128;50;96;1.39;27/09/2020
2018;Grado;Grado: Ingeniería Electrónica y Automática;Teruel;Escuela Universitaria Politécnica de Teruel;Matemáticas I;Normal;Formación básica;80.00;70.59;88.24;17;12;15;1.00;27/09/2020
2018;Grado;Grado: Ingeniería Electrónica y Automática;Zaragoza;Escuela de Ingeniería y Arquitectura;Matemáticas II;Normal;Formación básica;39.81;33.61;84.43;122;41;103;1.35;27/09/2020
2018;Grado;Grado: Ingeniería Electrónica y Automática;Teruel;Escuela Universitaria Politécnica de Teruel;Matemáticas II;Normal;Formación básica;68.75;57.89;84.21;19;11;16;1.25;27/09/2020
2018;Grado;Grado: Ingeniería Electrónica y Automática;Zaragoza;Escuela de Ingeniería y Arquitectura;Física I;Normal;Formación básica;44.30;25.55;57.66;137;35;79;1.60;27/09/2020
2018;Grado;Grado: Ingeniería Electrónica y Automática;Teruel;Escuela Universitaria Politécnica de Teruel;Física I;Normal;Formación básica;75.00;57.69;76.92;26;15;20;2.06;27/09/2020
2018;Grado;Grado: Ingeniería Electrónica y Automática;Zaragoza;Escuela de Ingeniería y Arquitectura;Química;Normal;Formación básica;42.72;34.65;81.10;127;44;103;1.78;27/09/2020
2018;Grado;Grado: Ingeniería Electrónica y Automática;Teruel;Escuela Universitaria Politécnica de Teruel;Química;Normal;Formación básica;66.67;55.56;83.33;18;10;15;1.09;27/09/2020
2018;Grado;Grado: Ingeniería Electrónica y Automática;Zaragoza;Escuela de Ingeniería y Arquitectura;Fundamentos de informática;Normal;Formación básica;65.88;38.89;59.03;144;56;85;1.39;27/09/2020
2018;Grado;Grado: Ingeniería Electrónica y Automática;Teruel;Escuela Universitaria Politécnica de Teruel;Fundamentos de informática;Normal;Formación básica;85.71;66.67;77.78;18;12;14;1.00;27/09/2020
2018;Grado;Grado: Ingeniería Electrónica y Automática;Zaragoza;Escuela de Ingeniería y Arquitectura;Matemáticas III;Normal;Formación básica;47.17;32.68;69.28;153;50;106;1.65;27/09/2020
2018;Grado;Grado: Ingeniería Electrónica y Automática;Teruel;Escuela Universitaria Politécnica de Teruel;Matemáticas III;Normal;Formación básica;92.31;54.55;59.09;22;12;13;1.77;27/09/2020
2018;Grado;Grado: Ingeniería Electrónica y Automática;Zaragoza;Escuela de Ingeniería y Arquitectura;Expresión gráfica y diseño asistido por ordenador;Normal;Formación básica;57.80;45.32;78.42;139;63;109;1.75;27/09/2020
2018;Grado;Grado: Ingeniería Electrónica y Automática;Teruel;Escuela Universitaria Politécnica de Teruel;Expresión gráfica y diseño asistido por ordenador;Normal;Formación básica;81.82;72.00;88.00;25;18;22;1.95;27/09/2020
2018;Grado;Grado: Ingeniería Electrónica y Automática;Zaragoza;Escuela de Ingeniería y Arquitectura;Física II;Normal;Formación básica;52.70;30.47;57.81;128;39;74;1.33;27/09/2020
2018;Grado;Grado: Ingeniería Electrónica y Automática;Teruel;Escuela Universitaria Politécnica de Teruel;Física II;Normal;Formación básica;50.00;38.46;76.92;26;10;20;2.00;27/09/2020
2018;Grado;Grado: Ingeniería Electrónica y Automática;Zaragoza;Escuela de Ingeniería y Arquitectura;Fundamentos de administración de empresas;Normal;Formación básica;61.90;44.44;71.79;117;52;84;1.44;27/09/2020
2018;Grado;Grado: Ingeniería Electrónica y Automática;Teruel;Escuela Universitaria Politécnica de Teruel;Fundamentos de administración de empresas;Normal;Formación básica;100.00;78.57;78.57;14;11;11;1.00;27/09/2020
2018;Grado;Grado: Ingeniería Electrónica y Automática;Zaragoza;Escuela de Ingeniería y Arquitectura;Fundamentos de electrotecnia;Normal;Obligatoria;53.33;37.84;70.95;148;56;105;1.84;27/09/2020
2018;Grado;Grado: Ingeniería Electrónica y Automática;Teruel;Escuela Universitaria Politécnica de Teruel;Fundamentos de electrotecnia;Normal;Obligatoria;92.86;81.25;87.50;16;13;14;1.07;27/09/2020
2018;Grado;Grado: Ingeniería Electrónica y Automática;Zaragoza;Escuela de Ingeniería y Arquitectura;Ingeniería de materiales;Normal;Obligatoria;61.33;54.12;88.24;85;46;75;1.61;27/09/2020
2018;Grado;Grado: Ingeniería Electrónica y Automática;Teruel;Escuela Universitaria Politécnica de Teruel;Ingeniería de materiales;Normal;Obligatoria;88.89;80.00;90.00;20;16;18;1.06;27/09/2020
2018;Grado;Grado: Ingeniería Electrónica y Automática;Zaragoza;Escuela de Ingeniería y Arquitectura;Mecánica;Normal;Obligatoria;66.67;57.47;86.21;87;50;75;1.64;27/09/2020
2018;Grado;Grado: Ingeniería Electrónica y Automática;Teruel;Escuela Universitaria Politécnica de Teruel;Mecánica;Normal;Obligatoria;66.67;43.48;65.22;23;10;15;2.17;27/09/2020
2018;Grado;Grado: Ingeniería Electrónica y Automática;Zaragoza;Escuela de Ingeniería y Arquitectura;Fundamentos de electrónica;Normal;Obligatoria;59.42;34.45;57.98;120;42;70;2.22;27/09/2020
2018;Grado;Grado: Ingeniería Electrónica y Automática;Teruel;Escuela Universitaria Politécnica de Teruel;Fundamentos de electrónica;Normal;Obligatoria;66.67;58.33;87.50;24;14;21;1.60;27/09/2020
2018;Grado;Grado: Ingeniería Electrónica y Automática;Zaragoza;Escuela de Ingeniería y Arquitectura;Electrotecnia;Normal;Obligatoria;54.55;50.00;91.67;96;48;88;2.16;27/09/2020
2018;Grado;Grado: Ingeniería Electrónica y Automática;Teruel;Escuela Universitaria Politécnica de Teruel;Electrotecnia;Normal;Obligatoria;85.71;81.82;95.45;22;18;21;1.60;27/09/2020
2018;Grado;Grado: Ingeniería Electrónica y Automática;Zaragoza;Escuela de Ingeniería y Arquitectura;Señales y sistemas;Normal;Obligatoria;67.42;55.56;82.41;108;60;89;2.77;27/09/2020
2018;Grado;Grado: Ingeniería Electrónica y Automática;Teruel;Escuela Universitaria Politécnica de Teruel;Señales y sistemas;Normal;Obligatoria;80.00;70.59;88.24;17;12;15;1.08;27/09/2020
2018;Grado;Grado: Ingeniería Electrónica y Automática;Zaragoza;Escuela de Ingeniería y Arquitectura;Estadística;Normal;Formación básica;89.66;85.25;95.08;61;52;58;1.18;27/09/2020
2018;Grado;Grado: Ingeniería Electrónica y Automática;Teruel;Escuela Universitaria Politécnica de Teruel;Estadística;Normal;Formación básica;100.00;100.00;100.00;19;19;19;1.00;27/09/2020
2018;Grado;Grado: Ingeniería Electrónica y Automática;Zaragoza;Escuela de Ingeniería y Arquitectura;Termodinámica técnica y fundamentos de transmisión de calor;Normal;Obligatoria;86.89;80.30;92.42;66;53;61;1.25;27/09/2020
2018;Grado;Grado: Ingeniería Electrónica y Automática;Teruel;Escuela Universitaria Politécnica de Teruel;Termodinámica técnica y fundamentos de transmisión de calor;Normal;Obligatoria;70.59;60.00;85.00;20;12;17;1.08;27/09/2020
2018;Grado;Grado: Ingeniería Electrónica y Automática;Zaragoza;Escuela de Ingeniería y Arquitectura;Sistemas automáticos;Normal;Obligatoria;94.29;76.74;81.40;86;66;70;1.49;27/09/2020
2018;Grado;Grado: Ingeniería Electrónica y Automática;Teruel;Escuela Universitaria Politécnica de Teruel;Sistemas automáticos;Normal;Obligatoria;77.27;68.00;88.00;25;17;22;2.16;27/09/2020
2018;Grado;Grado: Ingeniería Electrónica y Automática;Zaragoza;Escuela de Ingeniería y Arquitectura;Electrónica analógica;Normal;Obligatoria;40.00;23.64;59.09;112;27;67;1.52;27/09/2020
2018;Grado;Grado: Ingeniería Electrónica y Automática;Teruel;Escuela Universitaria Politécnica de Teruel;Electrónica analógica;Normal;Obligatoria;62.50;41.67;66.67;24;10;16;1.80;27/09/2020
2018;Grado;Grado: Ingeniería Electrónica y Automática;Zaragoza;Escuela de Ingeniería y Arquitectura;Electrónica digital;Normal;Obligatoria;86.84;75.86;87.36;87;66;76;1.46;27/09/2020
2018;Grado;Grado: Ingeniería Electrónica y Automática;Teruel;Escuela Universitaria Politécnica de Teruel;Electrónica digital;Normal;Obligatoria;69.23;50.00;72.22;18;9;13;1.67;27/09/2020
2018;Grado;Grado: Ingeniería Electrónica y Automática;Zaragoza;Escuela de Ingeniería y Arquitectura;Mecánica de fluidos;Normal;Obligatoria;82.93;59.65;71.93;59;36;43;1.31;27/09/2020
2018;Grado;Grado: Ingeniería Electrónica y Automática;Teruel;Escuela Universitaria Politécnica de Teruel;Mecánica de fluidos;Normal;Obligatoria;92.31;92.31;100.00;13;12;13;1.92;27/09/2020
2018;Grado;Grado: Ingeniería Electrónica y Automática;Zaragoza;Escuela de Ingeniería y Arquitectura;Resistencia de materiales;Normal;Obligatoria;85.45;85.45;100.00;55;47;55;1.45;27/09/2020
2018;Grado;Grado: Ingeniería Electrónica y Automática;Teruel;Escuela Universitaria Politécnica de Teruel;Resistencia de materiales;Normal;Obligatoria;87.50;87.50;100.00;16;14;16;1.69;27/09/2020
2018;Grado;Grado: Ingeniería Electrónica y Automática;Zaragoza;Escuela de Ingeniería y Arquitectura;Electrónica de potencia;Normal;Obligatoria;82.35;79.25;96.23;55;44;53;1.41;27/09/2020
2018;Grado;Grado: Ingeniería Electrónica y Automática;Teruel;Escuela Universitaria Politécnica de Teruel;Electrónica de potencia;Normal;Obligatoria;75.00;66.67;88.89;18;12;16;2.00;27/09/2020
2018;Grado;Grado: Ingeniería Electrónica y Automática;Zaragoza;Escuela de Ingeniería y Arquitectura;Ingeniería de control;Normal;Obligatoria;79.49;62.00;78.00;52;33;41;1.27;27/09/2020
2018;Grado;Grado: Ingeniería Electrónica y Automática;Teruel;Escuela Universitaria Politécnica de Teruel;Ingeniería de control;Normal;Obligatoria;60.00;50.00;83.33;12;6;10;1.00;27/09/2020
2018;Grado;Grado: Ingeniería Electrónica y Automática;Zaragoza;Escuela de Ingeniería y Arquitectura;Sistemas electrónicos programables;Normal;Obligatoria;97.78;91.67;93.75;49;44;46;1.04;27/09/2020
2018;Grado;Grado: Ingeniería Electrónica y Automática;Teruel;Escuela Universitaria Politécnica de Teruel;Sistemas electrónicos programables;Normal;Obligatoria;81.82;81.82;100.00;11;9;11;1.00;27/09/2020
2018;Grado;Grado: Ingeniería Electrónica y Automática;Zaragoza;Escuela de Ingeniería y Arquitectura;Tecnologías de fabricación;Normal;Obligatoria;91.49;86.00;94.00;51;44;48;1.25;27/09/2020
2018;Grado;Grado: Ingeniería Electrónica y Automática;Teruel;Escuela Universitaria Politécnica de Teruel;Tecnologías de fabricación;Normal;Obligatoria;88.89;88.89;100.00;10;9;10;1.20;27/09/2020
2018;Grado;Grado: Ingeniería Electrónica y Automática;Zaragoza;Escuela de Ingeniería y Arquitectura;Instrumentación electrónica;Normal;Obligatoria;100.00;93.33;93.33;47;44;44;1.18;27/09/2020
2018;Grado;Grado: Ingeniería Electrónica y Automática;Teruel;Escuela Universitaria Politécnica de Teruel;Instrumentación electrónica;Normal;Obligatoria;81.82;75.00;91.67;12;9;11;1.11;27/09/2020
2018;Grado;Grado: Ingeniería Electrónica y Automática;Zaragoza;Escuela de Ingeniería y Arquitectura;Robótica industrial;Normal;Obligatoria;93.62;91.67;97.92;50;46;49;1.23;27/09/2020
2018;Grado;Grado: Ingeniería Electrónica y Automática;Teruel;Escuela Universitaria Politécnica de Teruel;Robótica industrial;Normal;Obligatoria;91.67;91.67;100.00;13;12;13;1.00;27/09/2020
2018;Grado;Grado: Ingeniería Electrónica y Automática;Zaragoza;Escuela de Ingeniería y Arquitectura;Automatización industrial;Normal;Obligatoria;100.00;96.43;96.43;60;58;58;1.10;27/09/2020
2018;Grado;Grado: Ingeniería Electrónica y Automática;Teruel;Escuela Universitaria Politécnica de Teruel;Automatización industrial;Normal;Obligatoria;100.00;100.00;100.00;9;9;9;1.33;27/09/2020
2018;Grado;Grado: Ingeniería Electrónica y Automática;Zaragoza;Escuela de Ingeniería y Arquitectura;Oficina de proyectos;Normal;Obligatoria;100.00;97.73;97.73;50;48;49;1.12;27/09/2020
2018;Grado;Grado: Ingeniería Electrónica y Automática;Teruel;Escuela Universitaria Politécnica de Teruel;Oficina de proyectos;Normal;Obligatoria;100.00;100.00;100.00;17;17;17;1.00;27/09/2020
2018;Grado;Grado: Ingeniería Electrónica y Automática;Zaragoza;Escuela de Ingeniería y Arquitectura;Ingeniería del medio ambiente;Normal;Obligatoria;95.00;92.68;97.56;45;42;44;1.12;27/09/2020
2018;Grado;Grado: Ingeniería Electrónica y Automática;Teruel;Escuela Universitaria Politécnica de Teruel;Ingeniería del medio ambiente;Normal;Obligatoria;100.00;100.00;100.00;17;17;17;1.00;27/09/2020
2018;Grado;Grado: Ingeniería Electrónica y Automática;Zaragoza;Escuela de Ingeniería y Arquitectura;Organización y dirección de empresas;Normal;Obligatoria;71.11;69.57;97.83;51;37;50;1.40;27/09/2020
2018;Grado;Grado: Ingeniería Electrónica y Automática;Teruel;Escuela Universitaria Politécnica de Teruel;Organización y dirección de empresas;Normal;Obligatoria;100.00;100.00;100.00;18;18;18;1.26;27/09/2020
2018;Grado;Grado: Ingeniería Electrónica y Automática;Zaragoza;Escuela de Ingeniería y Arquitectura;Trabajo fin de Grado;Trabajo fin de grado;Trabajo fin de Grado;100.00;84.62;84.62;57;48;48;1.00;27/09/2020
2018;Grado;Grado: Ingeniería Electrónica y Automática;Teruel;Escuela Universitaria Politécnica de Teruel;Trabajo fin de Grado;Trabajo fin de grado;Trabajo fin de Grado;100.00;71.43;71.43;14;10;10;1.00;27/09/2020
2018;Grado;Grado: Ingeniería Electrónica y Automática;Zaragoza;Escuela de Ingeniería y Arquitectura;Procesado digital de señal;Normal;Optativa;100.00;83.33;83.33;13;9;10;1.00;27/09/2020
2018;Grado;Grado: Ingeniería Electrónica y Automática;Teruel;Escuela Universitaria Politécnica de Teruel;Procesado digital de señal;Normal;Optativa;100.00;100.00;100.00;6;6;6;1.00;27/09/2020
2018;Grado;Grado: Ingeniería Electrónica y Automática;Zaragoza;Escuela de Ingeniería y Arquitectura;Instalaciones eléctricas;Normal;Optativa;100.00;95.00;95.00;24;23;23;1.00;27/09/2020
2018;Grado;Grado: Ingeniería Electrónica y Automática;Teruel;Escuela Universitaria Politécnica de Teruel;Instalaciones eléctricas;Normal;Optativa;100.00;100.00;100.00;9;9;9;1.33;27/09/2020
2018;Grado;Grado: Ingeniería Electrónica y Automática;Zaragoza;Escuela de Ingeniería y Arquitectura;Laboratorio de diseño electrónico;Normal;Optativa;100.00;95.65;95.65;30;29;29;1.00;27/09/2020
2018;Grado;Grado: Ingeniería Electrónica y Automática;Zaragoza;Escuela de Ingeniería y Arquitectura;Fuentes de alimentación electrónica;Normal;Optativa;100.00;88.89;88.89;13;12;12;1.00;27/09/2020
2018;Grado;Grado: Ingeniería Electrónica y Automática;Zaragoza;Escuela de Ingeniería y Arquitectura;Simulación de sistemas dinámicos;Normal;Optativa;100.00;100.00;100.00;35;34;34;1.00;27/09/2020
2018;Grado;Grado: Ingeniería Electrónica y Automática;Teruel;Escuela Universitaria Politécnica de Teruel;Simulación de sistemas dinámicos;Normal;Optativa;100.00;100.00;100.00;9;9;9;1.00;27/09/2020
2018;Grado;Grado: Ingeniería Electrónica y Automática;Zaragoza;Escuela de Ingeniería y Arquitectura;Robots autónomos;Normal;Optativa;100.00;100.00;100.00;36;36;36;1.00;27/09/2020
2018;Grado;Grado: Ingeniería Electrónica y Automática;Zaragoza;Escuela de Ingeniería y Arquitectura;Sistemas de tiempo real;Normal;Optativa;96.43;93.10;96.55;32;29;30;1.10;27/09/2020
2018;Grado;Grado: Ingeniería Electrónica y Automática;Teruel;Escuela Universitaria Politécnica de Teruel;Sistemas electrónicos empotrados;Normal;Optativa;100.00;100.00;100.00;7;7;7;1.00;27/09/2020
2018;Grado;Grado: Ingeniería Electrónica y Automática;Teruel;Escuela Universitaria Politécnica de Teruel;Diseño electrónico;Normal;Optativa;100.00;100.00;100.00;6;6;6;1.00;27/09/2020
2018;Grado;Grado: Ingeniería Electrónica y Automática;Zaragoza;Escuela de Ingeniería y Arquitectura;Visión por computador;Normal;Optativa;100.00;97.06;97.06;38;37;37;1.03;27/09/2020
2018;Grado;Grado: Ingeniería Electrónica y Automática;Teruel;Escuela Universitaria Politécnica de Teruel;Visión por computador;Normal;Optativa;100.00;100.00;100.00;7;7;7;1.00;27/09/2020
2018;Grado;Grado: Ingeniería Electrónica y Automática;Teruel;Escuela Universitaria Politécnica de Teruel;Prevención de riesgos laborales aplicada a la ingeniería;Normal;Optativa;100.00;100.00;100.00;9;9;9;1.00;27/09/2020
2018;Grado;Grado: Ingeniería Electrónica y Automática;Teruel;Escuela Universitaria Politécnica de Teruel;Inglés técnico;Normal;Optativa;100.00;90.00;90.00;10;9;9;1.00;27/09/2020
2018;Grado;Grado: Ingeniería Electrónica y Automática;Zaragoza;Escuela de Ingeniería y Arquitectura;Electrónica industrial;Normal;Optativa;100.00;96.15;96.15;32;31;31;1.00;27/09/2020
2018;Grado;Grado: Ingeniería Electrónica y Automática;Zaragoza;Escuela de Ingeniería y Arquitectura;Diseño digital y control con FPGA;Normal;Optativa;100.00;90.00;90.00;13;12;12;1.00;27/09/2020
2018;Grado;Grado: Ingeniería Química;Zaragoza;Escuela de Ingeniería y Arquitectura;Matemáticas I;Normal;Formación básica;58.44;47.87;81.91;94;45;77;1.53;27/09/2020
2018;Grado;Grado: Ingeniería Química;Zaragoza;Escuela de Ingeniería y Arquitectura;Física I;Normal;Formación básica;54.17;27.96;51.61;93;26;48;1.61;27/09/2020
2018;Grado;Grado: Ingeniería Química;Zaragoza;Escuela de Ingeniería y Arquitectura;Fundamentos de informática;Normal;Formación básica;55.22;38.14;69.07;97;37;67;1.52;27/09/2020
2018;Grado;Grado: Ingeniería Química;Zaragoza;Escuela de Ingeniería y Arquitectura;Expresión gráfica y diseño asistido por ordenador;Normal;Formación básica;51.22;38.89;75.93;108;42;82;1.85;27/09/2020
2018;Grado;Grado: Ingeniería Química;Zaragoza;Escuela de Ingeniería y Arquitectura;Química;Normal;Formación básica;79.71;68.75;86.25;80;55;69;1.19;27/09/2020
2018;Grado;Grado: Ingeniería Química;Zaragoza;Escuela de Ingeniería y Arquitectura;Matemáticas II;Normal;Formación básica;50.00;38.71;77.42;93;36;72;1.51;27/09/2020
2018;Grado;Grado: Ingeniería Química;Zaragoza;Escuela de Ingeniería y Arquitectura;Física II;Normal;Formación básica;53.62;30.08;56.10;123;37;69;1.90;27/09/2020
2018;Grado;Grado: Ingeniería Química;Zaragoza;Escuela de Ingeniería y Arquitectura;Fundamentos de administración de empresas;Normal;Formación básica;64.71;53.40;82.52;103;55;85;1.89;27/09/2020
2018;Grado;Grado: Ingeniería Química;Zaragoza;Escuela de Ingeniería y Arquitectura;Estadística;Normal;Formación básica;74.51;64.41;86.44;59;38;51;1.55;27/09/2020
2018;Grado;Grado: Ingeniería Química;Zaragoza;Escuela de Ingeniería y Arquitectura;Ampliación de química I;Normal;Obligatoria;71.23;53.06;74.49;98;52;73;1.42;27/09/2020
2018;Grado;Grado: Ingeniería Química;Zaragoza;Escuela de Ingeniería y Arquitectura;Matemáticas III;Normal;Formación básica;44.59;27.97;62.71;118;33;74;2.02;27/09/2020
2018;Grado;Grado: Ingeniería Química;Zaragoza;Escuela de Ingeniería y Arquitectura;Fundamentos de electrotecnia;Normal;Obligatoria;82.46;74.60;90.48;63;47;57;1.45;27/09/2020
2018;Grado;Grado: Ingeniería Química;Zaragoza;Escuela de Ingeniería y Arquitectura;Organización y dirección de empresas;Normal;Obligatoria;62.50;50.85;81.36;59;30;48;1.48;27/09/2020
2018;Grado;Grado: Ingeniería Química;Zaragoza;Escuela de Ingeniería y Arquitectura;Termodinámica técnica y fundamentos de transmisión de calor;Normal;Obligatoria;65.96;54.39;82.46;57;31;47;1.77;27/09/2020
2018;Grado;Grado: Ingeniería Química;Zaragoza;Escuela de Ingeniería y Arquitectura;Ampliación de química II;Normal;Obligatoria;83.33;72.58;87.10;62;45;54;2.00;27/09/2020
2018;Grado;Grado: Ingeniería Química;Zaragoza;Escuela de Ingeniería y Arquitectura;Experimentación en química;Normal;Obligatoria;100.00;100.00;100.00;36;36;36;1.02;27/09/2020
2018;Grado;Grado: Ingeniería Química;Zaragoza;Escuela de Ingeniería y Arquitectura;Mecánica;Normal;Obligatoria;82.00;67.21;81.97;61;41;50;1.30;27/09/2020
2018;Grado;Grado: Ingeniería Química;Zaragoza;Escuela de Ingeniería y Arquitectura;Mecánica de fluidos;Normal;Obligatoria;93.18;87.23;93.62;47;41;44;1.56;27/09/2020
2018;Grado;Grado: Ingeniería Química;Zaragoza;Escuela de Ingeniería y Arquitectura;Ingeniería de materiales;Normal;Obligatoria;100.00;92.50;92.50;40;37;37;1.17;27/09/2020
2018;Grado;Grado: Ingeniería Química;Zaragoza;Escuela de Ingeniería y Arquitectura;Fundamentos de electrónica;Normal;Obligatoria;93.02;83.33;89.58;53;44;47;1.43;27/09/2020
2018;Grado;Grado: Ingeniería Química;Zaragoza;Escuela de Ingeniería y Arquitectura;Resistencia de materiales;Normal;Obligatoria;71.43;60.61;84.85;74;48;64;1.72;27/09/2020
2018;Grado;Grado: Ingeniería Química;Zaragoza;Escuela de Ingeniería y Arquitectura;Transferencia de materia;Normal;Obligatoria;68.75;55.93;81.36;63;36;51;1.42;27/09/2020
2018;Grado;Grado: Ingeniería Química;Zaragoza;Escuela de Ingeniería y Arquitectura;Cinética química aplicada;Normal;Obligatoria;73.81;63.27;85.71;52;33;44;1.51;27/09/2020
2018;Grado;Grado: Ingeniería Química;Zaragoza;Escuela de Ingeniería y Arquitectura;Fluidotecnia;Normal;Obligatoria;83.02;70.97;85.48;66;47;56;1.57;27/09/2020
2018;Grado;Grado: Ingeniería Química;Zaragoza;Escuela de Ingeniería y Arquitectura;Tecnologías de fabricación;Normal;Obligatoria;81.63;76.92;94.23;61;48;58;1.26;27/09/2020
2018;Grado;Grado: Ingeniería Química;Zaragoza;Escuela de Ingeniería y Arquitectura;Operaciones de separación;Normal;Obligatoria;77.55;73.08;94.23;57;43;54;1.38;27/09/2020
2018;Grado;Grado: Ingeniería Química;Zaragoza;Escuela de Ingeniería y Arquitectura;Diseño de reactores;Normal;Obligatoria;77.59;66.18;85.29;73;50;63;1.55;27/09/2020
2018;Grado;Grado: Ingeniería Química;Zaragoza;Escuela de Ingeniería y Arquitectura;Termotecnia;Normal;Obligatoria;86.36;73.08;84.62;59;45;51;1.42;27/09/2020
2018;Grado;Grado: Ingeniería Química;Zaragoza;Escuela de Ingeniería y Arquitectura;Experimentación en ingeniería química I;Normal;Obligatoria;92.31;92.31;100.00;43;40;43;1.36;27/09/2020
2018;Grado;Grado: Ingeniería Química;Zaragoza;Escuela de Ingeniería y Arquitectura;Oficina de proyectos;Normal;Obligatoria;89.13;89.13;100.00;58;52;57;1.17;27/09/2020
2018;Grado;Grado: Ingeniería Química;Zaragoza;Escuela de Ingeniería y Arquitectura;Control de procesos químicos;Normal;Obligatoria;79.17;77.55;97.96;60;47;57;1.63;27/09/2020
2018;Grado;Grado: Ingeniería Química;Zaragoza;Escuela de Ingeniería y Arquitectura;Química industrial;Normal;Obligatoria;66.04;62.50;94.64;67;44;62;1.72;27/09/2020
2018;Grado;Grado: Ingeniería Química;Zaragoza;Escuela de Ingeniería y Arquitectura;Experimentación en ingeniería química II;Normal;Obligatoria;97.67;97.67;100.00;50;48;49;1.19;27/09/2020
2018;Grado;Grado: Ingeniería Química;Zaragoza;Escuela de Ingeniería y Arquitectura;Ingeniería del medio ambiente;Normal;Obligatoria;97.62;93.18;95.45;52;48;49;1.27;27/09/2020
2018;Grado;Grado: Ingeniería Química;Zaragoza;Escuela de Ingeniería y Arquitectura;Trabajo fin de Grado;Trabajo fin de grado;Trabajo fin de Grado;100.00;67.86;67.86;58;39;40;1.05;27/09/2020
2018;Grado;Grado: Ingeniería Química;Zaragoza;Escuela de Ingeniería y Arquitectura;Sistemas automáticos;Normal;Obligatoria;81.25;72.22;88.89;54;39;48;1.24;27/09/2020
2018;Grado;Grado: Ingeniería Química;Zaragoza;Escuela de Ingeniería y Arquitectura;Gestión de residuos e impacto ambiental;Normal;Optativa;100.00;92.86;92.86;19;17;17;1.12;27/09/2020
2018;Grado;Grado: Ingeniería Química;Zaragoza;Escuela de Ingeniería y Arquitectura;Tecnologías de tratamiento de aguas y gases contaminados;Normal;Optativa;100.00;100.00;100.00;18;18;18;1.00;27/09/2020
2018;Grado;Grado: Ingeniería Química;Zaragoza;Escuela de Ingeniería y Arquitectura;Análisis instrumental para el control de la calidad en la industria;Normal;Optativa;100.00;100.00;100.00;20;19;19;1.00;27/09/2020
2018;Grado;Grado: Ingeniería Química;Zaragoza;Escuela de Ingeniería y Arquitectura;Catálisis y procesos catalíticos de interés industrial;Normal;Optativa;100.00;83.33;83.33;10;7;7;1.00;27/09/2020
2018;Grado;Grado: Ingeniería Química;Zaragoza;Escuela de Ingeniería y Arquitectura;Reacciones de polimerización;Normal;Optativa;100.00;75.00;75.00;15;12;12;1.00;27/09/2020
2018;Grado;Grado: Ingeniería Química;Zaragoza;Escuela de Ingeniería y Arquitectura;Diseño de instalaciones de fluidos;Normal;Optativa;100.00;100.00;100.00;5;5;5;1.00;27/09/2020
2018;Grado;Grado: Ingeniero en Diseño Industrial y Desarrollo de Producto;Zaragoza;Escuela de Ingeniería y Arquitectura;Problemática ambiental y herramientas de protección del medio ambiente;Normal;Optativa;;;;12;9;9;1.00;27/09/2020
2018;Grado;Grado: Ingeniería de Tecnologías Industriales;Zaragoza;Escuela de Ingeniería y Arquitectura;Problemática ambiental y herramientas de protección del medio ambiente;Normal;Optativa;;;;6;5;5;1.00;27/09/2020
2018;Grado;Grado: Ingeniería de Tecnologías y Servicios de Telecomunicación;Zaragoza;Escuela de Ingeniería y Arquitectura;Problemática ambiental y herramientas de protección del medio ambiente;Normal;Optativa;;;;1;1;1;1.00;27/09/2020
2018;Grado;Grado: Ingeniería Electrica;Zaragoza;Escuela de Ingeniería y Arquitectura;Problemática ambiental y herramientas de protección del medio ambiente;Normal;Optativa;;;;1;1;1;1.00;27/09/2020
2018;Grado;Grado: Ingeniería Informática;Zaragoza;Escuela de Ingeniería y Arquitectura;Problemática ambiental y herramientas de protección del medio ambiente;Normal;Optativa;;;;1;1;1;1.00;27/09/2020
2018;Grado;Grado: Ingeniería Química;Zaragoza;Escuela de Ingeniería y Arquitectura;Problemática ambiental y herramientas de protección del medio ambiente;Normal;Optativa;;;;1;1;1;1.00;27/09/2020
2018;Grado;Grado: Ingeniería de Tecnologías Industriales;Zaragoza;Escuela de Ingeniería y Arquitectura;Retos y consecuencias del desarrollo técnico;Normal;Optativa;;;;7;7;7;1.00;27/09/2020
2018;Grado;Grado: Ingeniería de Tecnologías y Servicios de Telecomunicación;Zaragoza;Escuela de Ingeniería y Arquitectura;Retos y consecuencias del desarrollo técnico;Normal;Optativa;;;;1;1;1;1.00;27/09/2020
2018;Grado;Grado: Ingeniería Electrica;Zaragoza;Escuela de Ingeniería y Arquitectura;Retos y consecuencias del desarrollo técnico;Normal;Optativa;;;;2;1;2;1.00;27/09/2020
2018;Grado;Grado: Ingeniería Mecánica;Zaragoza;Escuela de Ingeniería y Arquitectura;Retos y consecuencias del desarrollo técnico;Normal;Optativa;;;;2;2;2;1.00;27/09/2020
2018;Grado;Grado: Ingeniería Química;Zaragoza;Escuela de Ingeniería y Arquitectura;Retos y consecuencias del desarrollo técnico;Normal;Optativa;;;;1;1;1;1.00;27/09/2020
2018;Grado;Grado: Estudios en Arquitectura;Zaragoza;Escuela de Ingeniería y Arquitectura;Retos y consecuencias del desarrollo técnico;Normal;Optativa;;;;2;2;2;1.00;27/09/2020
2018;Grado;Grado: Ingeniero en Diseño Industrial y Desarrollo de Producto;Zaragoza;Escuela de Ingeniería y Arquitectura;Gestionar en la industria 4.0;Normal;Optativa;;;;1;1;1;1.00;27/09/2020
2018;Grado;Grado: Ingeniería de Tecnologías Industriales;Zaragoza;Escuela de Ingeniería y Arquitectura;Gestionar en la industria 4.0;Normal;Optativa;;;;4;4;4;1.00;27/09/2020
2018;Grado;Grado: Ingeniería de Tecnologías y Servicios de Telecomunicación;Zaragoza;Escuela de Ingeniería y Arquitectura;Gestionar en la industria 4.0;Normal;Optativa;;;;2;2;2;1.00;27/09/2020
2018;Grado;Grado: Ingeniería Electrónica y Automática;Zaragoza;Escuela de Ingeniería y Arquitectura;Gestionar en la industria 4.0;Normal;Optativa;;;;2;2;2;1.00;27/09/2020
2018;Grado;Grado: Ingeniería Mecánica;Zaragoza;Escuela de Ingeniería y Arquitectura;Gestionar en la industria 4.0;Normal;Optativa;;;;1;1;1;1.00;27/09/2020
2018;Grado;Grado: Ingeniería de Tecnologías Industriales;Zaragoza;Escuela de Ingeniería y Arquitectura;Responsabilidad legal y ética en el ejercicio profesional;Normal;Optativa;;;;1;1;1;1.00;27/09/2020
2018;Grado;Grado: Ingeniería de Tecnologías y Servicios de Telecomunicación;Zaragoza;Escuela de Ingeniería y Arquitectura;Responsabilidad legal y ética en el ejercicio profesional;Normal;Optativa;;;;1;1;1;1.00;27/09/2020
2018;Grado;Grado: Ingeniería Mecánica;Zaragoza;Escuela de Ingeniería y Arquitectura;Responsabilidad legal y ética en el ejercicio profesional;Normal;Optativa;;;;3;2;2;1.00;27/09/2020
2018;Grado;Grado: Ingeniería Química;Zaragoza;Escuela de Ingeniería y Arquitectura;Responsabilidad legal y ética en el ejercicio profesional;Normal;Optativa;;;;1;1;1;1.00;27/09/2020
2018;Grado;Grado: Estudios en Arquitectura;Zaragoza;Escuela de Ingeniería y Arquitectura;Responsabilidad legal y ética en el ejercicio profesional;Normal;Optativa;;;;1;1;1;1.00;27/09/2020
2018;Grado;Grado: Ingeniero en Diseño Industrial y Desarrollo de Producto;Zaragoza;Escuela de Ingeniería y Arquitectura;Photography and contemporary visual culture;Normal;Optativa;;;;6;6;6;1.00;27/09/2020
2018;Grado;Grado: Ingeniería de Tecnologías y Servicios de Telecomunicación;Zaragoza;Escuela de Ingeniería y Arquitectura;Photography and contemporary visual culture;Normal;Optativa;;;;1;1;1;1.00;27/09/2020
2018;Grado;Grado: Ingeniería Electrónica y Automática;Zaragoza;Escuela de Ingeniería y Arquitectura;Photography and contemporary visual culture;Normal;Optativa;;;;1;0;0;;27/09/2020
2018;Grado;Grado: Estudios en Arquitectura;Zaragoza;Escuela de Ingeniería y Arquitectura;Photography and contemporary visual culture;Normal;Optativa;;;;1;0;0;;27/09/2020
2018;Grado;Grado: Ingeniero en Diseño Industrial y Desarrollo de Producto;Zaragoza;Escuela de Ingeniería y Arquitectura;Historia de la Tecnología y de la Arquitectura;Normal;Optativa;;;;1;1;1;1.00;27/09/2020
2018;Grado;Grado: Ingeniería de Tecnologías Industriales;Zaragoza;Escuela de Ingeniería y Arquitectura;Historia de la Tecnología y de la Arquitectura;Normal;Optativa;;;;2;2;2;1.00;27/09/2020
2018;Grado;Grado: Ingeniería Informática;Zaragoza;Escuela de Ingeniería y Arquitectura;Historia de la Tecnología y de la Arquitectura;Normal;Optativa;;;;1;1;1;1.00;27/09/2020
2018;Grado;Grado: Ingeniería Mecánica;Zaragoza;Escuela de Ingeniería y Arquitectura;Historia de la Tecnología y de la Arquitectura;Normal;Optativa;;;;1;1;1;1.00;27/09/2020
2018;Grado;Grado: Estudios en Arquitectura;Zaragoza;Escuela de Ingeniería y Arquitectura;Historia de la Tecnología y de la Arquitectura;Normal;Optativa;;;;12;11;11;1.00;27/09/2020
2018;Grado;Grado: Ingeniero en Diseño Industrial y Desarrollo de Producto;Zaragoza;Escuela de Ingeniería y Arquitectura;Seguridad y prevención de riesgos en procesos industriales;Normal;Optativa;;;;2;2;2;1.00;27/09/2020
2018;Grado;Grado: Ingeniería de Tecnologías Industriales;Zaragoza;Escuela de Ingeniería y Arquitectura;Seguridad y prevención de riesgos en procesos industriales;Normal;Optativa;;;;12;12;12;1.00;27/09/2020
2018;Grado;Grado: Ingeniería Electrica;Zaragoza;Escuela de Ingeniería y Arquitectura;Seguridad y prevención de riesgos en procesos industriales;Normal;Optativa;;;;2;2;2;1.00;27/09/2020
2018;Grado;Grado: Ingeniería Electrónica y Automática;Zaragoza;Escuela de Ingeniería y Arquitectura;Seguridad y prevención de riesgos en procesos industriales;Normal;Optativa;;;;2;2;2;1.00;27/09/2020
2018;Grado;Grado: Ingeniería Mecánica;Zaragoza;Escuela de Ingeniería y Arquitectura;Seguridad y prevención de riesgos en procesos industriales;Normal;Optativa;;;;20;19;19;1.00;27/09/2020
2018;Grado;Grado: Ingeniería Química;Zaragoza;Escuela de Ingeniería y Arquitectura;Seguridad y prevención de riesgos en procesos industriales;Normal;Optativa;;;;10;10;10;1.00;27/09/2020
2018;Grado;Grado: Ingeniero en Diseño Industrial y Desarrollo de Producto;Zaragoza;Escuela de Ingeniería y Arquitectura;Emprendimiento y liderazgo;Normal;Optativa;;;;6;6;6;1.00;27/09/2020
2018;Grado;Grado: Ingeniería de Tecnologías Industriales;Zaragoza;Escuela de Ingeniería y Arquitectura;Emprendimiento y liderazgo;Normal;Optativa;;;;14;13;14;1.00;27/09/2020
2018;Grado;Grado: Ingeniería de Tecnologías y Servicios de Telecomunicación;Zaragoza;Escuela de Ingeniería y Arquitectura;Emprendimiento y liderazgo;Normal;Optativa;;;;6;6;6;1.00;27/09/2020
2018;Grado;Grado: Ingeniería Electrica;Zaragoza;Escuela de Ingeniería y Arquitectura;Emprendimiento y liderazgo;Normal;Optativa;;;;1;1;1;1.00;27/09/2020
2018;Grado;Grado: Ingeniería Electrónica y Automática;Zaragoza;Escuela de Ingeniería y Arquitectura;Emprendimiento y liderazgo;Normal;Optativa;;;;1;1;1;1.00;27/09/2020
2018;Grado;Grado: Ingeniería Informática;Zaragoza;Escuela de Ingeniería y Arquitectura;Emprendimiento y liderazgo;Normal;Optativa;;;;1;1;1;1.00;27/09/2020
2018;Grado;Grado: Ingeniería Mecánica;Zaragoza;Escuela de Ingeniería y Arquitectura;Emprendimiento y liderazgo;Normal;Optativa;;;;4;3;3;1.00;27/09/2020
2018;Grado;Grado: Ingeniería Química;Zaragoza;Escuela de Ingeniería y Arquitectura;Emprendimiento y liderazgo;Normal;Optativa;;;;2;1;1;1.00;27/09/2020
2018;Grado;Grado: Estudios en Arquitectura;Zaragoza;Escuela de Ingeniería y Arquitectura;Emprendimiento y liderazgo;Normal;Optativa;;;;4;4;4;1.00;27/09/2020
2018;Grado;Grado: Ingeniero en Diseño Industrial y Desarrollo de Producto;Zaragoza;Escuela de Ingeniería y Arquitectura;Inglés técnico;Normal;Optativa;;;;11;11;11;1.00;27/09/2020
2018;Grado;Grado: Ingeniería de Tecnologías Industriales;Zaragoza;Escuela de Ingeniería y Arquitectura;Inglés técnico;Normal;Optativa;;;;49;47;47;1.00;27/09/2020
2018;Grado;Grado: Ingeniería de Tecnologías y Servicios de Telecomunicación;Zaragoza;Escuela de Ingeniería y Arquitectura;Inglés técnico;Normal;Optativa;;;;16;16;16;1.00;27/09/2020
2018;Grado;Grado: Ingeniería Electrica;Zaragoza;Escuela de Ingeniería y Arquitectura;Inglés técnico;Normal;Optativa;;;;24;23;23;1.00;27/09/2020
2018;Grado;Grado: Ingeniería Electrónica y Automática;Zaragoza;Escuela de Ingeniería y Arquitectura;Inglés técnico;Normal;Optativa;;;;7;7;7;1.00;27/09/2020
2018;Grado;Grado: Ingeniería Informática;Zaragoza;Escuela de Ingeniería y Arquitectura;Inglés técnico;Normal;Optativa;;;;16;16;16;1.00;27/09/2020
2018;Grado;Grado: Ingeniería Mecánica;Zaragoza;Escuela de Ingeniería y Arquitectura;Inglés técnico;Normal;Optativa;;;;63;62;62;1.00;27/09/2020
2018;Grado;Grado: Ingeniería Química;Zaragoza;Escuela de Ingeniería y Arquitectura;Inglés técnico;Normal;Optativa;;;;9;9;9;1.00;27/09/2020
2018;Grado;Grado: Estudios en Arquitectura;Zaragoza;Escuela de Ingeniería y Arquitectura;Inglés técnico;Normal;Optativa;;;;14;13;14;1.00;27/09/2020
2018;Grado;Grado: Ingeniería de Tecnologías Industriales;Zaragoza;Escuela de Ingeniería y Arquitectura;Alemán técnico;Normal;Optativa;;;;15;15;15;1.00;27/09/2020
2018;Grado;Grado: Ingeniería de Tecnologías y Servicios de Telecomunicación;Zaragoza;Escuela de Ingeniería y Arquitectura;Alemán técnico;Normal;Optativa;;;;4;4;4;1.00;27/09/2020
2018;Grado;Grado: Ingeniería Electrica;Zaragoza;Escuela de Ingeniería y Arquitectura;Alemán técnico;Normal;Optativa;;;;1;1;1;1.00;27/09/2020
2018;Grado;Grado: Ingeniería Informática;Zaragoza;Escuela de Ingeniería y Arquitectura;Alemán técnico;Normal;Optativa;;;;1;1;1;1.00;27/09/2020
2018;Grado;Grado: Ingeniería Mecánica;Zaragoza;Escuela de Ingeniería y Arquitectura;Alemán técnico;Normal;Optativa;;;;2;2;2;1.00;27/09/2020
2018;Grado;Grado: Ingeniería Química;Zaragoza;Escuela de Ingeniería y Arquitectura;Alemán técnico;Normal;Optativa;;;;2;2;2;1.00;27/09/2020
2018;Grado;Grado: Estudios en Arquitectura;Zaragoza;Escuela de Ingeniería y Arquitectura;Alemán técnico;Normal;Optativa;;;;1;1;1;1.00;27/09/2020
2018;Grado;Grado: Ingeniería de Tecnologías Industriales;Zaragoza;Escuela de Ingeniería y Arquitectura;Matemáticas I;Normal;Formación básica;65.61;54.63;83.26;227;124;189;1.53;27/09/2020
2018;Grado;Grado: Ingeniería de Tecnologías Industriales;Zaragoza;Escuela de Ingeniería y Arquitectura;Matemáticas II;Normal;Formación básica;64.64;57.07;88.29;205;117;181;1.47;27/09/2020
2018;Grado;Grado: Ingeniería de Tecnologías Industriales;Zaragoza;Escuela de Ingeniería y Arquitectura;Física I;Normal;Formación básica;72.73;50.18;69.00;271;136;187;1.77;27/09/2020
2018;Grado;Grado: Ingeniería de Tecnologías Industriales;Zaragoza;Escuela de Ingeniería y Arquitectura;Expresión gráfica y diseño asistido por ordenador;Normal;Formación básica;84.18;70.00;83.16;190;133;158;1.19;27/09/2020
2018;Grado;Grado: Ingeniería de Tecnologías Industriales;Zaragoza;Escuela de Ingeniería y Arquitectura;Química;Normal;Formación básica;81.65;73.30;89.77;176;129;158;1.13;27/09/2020
2018;Grado;Grado: Ingeniería de Tecnologías Industriales;Zaragoza;Escuela de Ingeniería y Arquitectura;Matemáticas III;Normal;Formación básica;64.61;50.44;78.07;228;115;178;1.74;27/09/2020
2018;Grado;Grado: Ingeniería de Tecnologías Industriales;Zaragoza;Escuela de Ingeniería y Arquitectura;Física II;Normal;Formación básica;75.16;43.06;57.30;281;121;161;1.80;27/09/2020
2018;Grado;Grado: Ingeniería de Tecnologías Industriales;Zaragoza;Escuela de Ingeniería y Arquitectura;Fundamentos de informática;Normal;Formación básica;67.76;55.61;82.06;223;124;183;1.68;27/09/2020
2018;Grado;Grado: Ingeniería de Tecnologías Industriales;Zaragoza;Escuela de Ingeniería y Arquitectura;Estadística;Normal;Formación básica;74.68;59.28;79.38;194;115;154;1.36;27/09/2020
2018;Grado;Grado: Ingeniería de Tecnologías Industriales;Zaragoza;Escuela de Ingeniería y Arquitectura;Fundamentos de administración de empresas;Normal;Formación básica;81.76;72.77;89.01;191;139;170;1.32;27/09/2020
2018;Grado;Grado: Ingeniería de Tecnologías Industriales;Zaragoza;Escuela de Ingeniería y Arquitectura;Fundamentos de ingeniería de materiales;Normal;Obligatoria;96.18;91.97;95.62;137;126;131;1.14;27/09/2020
2018;Grado;Grado: Ingeniería de Tecnologías Industriales;Zaragoza;Escuela de Ingeniería y Arquitectura;Mecánica;Normal;Obligatoria;70.55;55.02;77.99;211;116;164;1.87;27/09/2020
2018;Grado;Grado: Ingeniería de Tecnologías Industriales;Zaragoza;Escuela de Ingeniería y Arquitectura;Termodinámica técnica y fundamentos de transmisión de calor;Normal;Obligatoria;76.77;67.23;87.57;177;119;155;1.80;27/09/2020
2018;Grado;Grado: Ingeniería de Tecnologías Industriales;Zaragoza;Escuela de Ingeniería y Arquitectura;Mecánica de fluidos;Normal;Obligatoria;77.50;45.81;59.11;205;94;121;1.44;27/09/2020
2018;Grado;Grado: Ingeniería de Tecnologías Industriales;Zaragoza;Escuela de Ingeniería y Arquitectura;Fundamentos de electrotecnia;Normal;Obligatoria;65.22;58.82;90.20;205;121;185;2.19;27/09/2020
2018;Grado;Grado: Ingeniería de Tecnologías Industriales;Zaragoza;Escuela de Ingeniería y Arquitectura;Procesos de fabricación y dibujo industrial;Normal;Obligatoria;79.89;73.16;91.58;191;140;175;2.04;27/09/2020
2018;Grado;Grado: Ingeniería de Tecnologías Industriales;Zaragoza;Escuela de Ingeniería y Arquitectura;Criterios de diseño de máquinas;Normal;Obligatoria;60.78;57.76;95.03;161;93;153;1.71;27/09/2020
2018;Grado;Grado: Ingeniería de Tecnologías Industriales;Zaragoza;Escuela de Ingeniería y Arquitectura;Ingeniería térmica;Normal;Obligatoria;73.91;63.98;86.56;186;119;161;1.60;27/09/2020
2018;Grado;Grado: Ingeniería de Tecnologías Industriales;Zaragoza;Escuela de Ingeniería y Arquitectura;Máquinas e instalaciones de fluidos;Normal;Obligatoria;81.66;73.02;89.42;189;138;169;1.34;27/09/2020
2018;Grado;Grado: Ingeniería de Tecnologías Industriales;Zaragoza;Escuela de Ingeniería y Arquitectura;Máquinas eléctricas;Normal;Obligatoria;68.12;44.98;66.03;214;98;143;1.81;27/09/2020
2018;Grado;Grado: Ingeniería de Tecnologías Industriales;Zaragoza;Escuela de Ingeniería y Arquitectura;Sistemas automáticos;Normal;Obligatoria;93.10;84.38;90.63;147;125;134;1.15;27/09/2020
2018;Grado;Grado: Ingeniería de Tecnologías Industriales;Zaragoza;Escuela de Ingeniería y Arquitectura;Resistencia de materiales;Normal;Obligatoria;81.90;70.90;86.57;159;117;140;1.72;27/09/2020
2018;Grado;Grado: Ingeniería de Tecnologías Industriales;Zaragoza;Escuela de Ingeniería y Arquitectura;Fundamentos de electrónica;Normal;Obligatoria;69.83;60.90;87.22;147;92;128;1.41;27/09/2020
2018;Grado;Grado: Ingeniería de Tecnologías Industriales;Zaragoza;Escuela de Ingeniería y Arquitectura;Sistemas eléctricos de potencia;Normal;Obligatoria;79.51;75.78;95.31;136;105;130;1.31;27/09/2020
2018;Grado;Grado: Ingeniería de Tecnologías Industriales;Zaragoza;Escuela de Ingeniería y Arquitectura;Tecnología de materiales;Normal;Obligatoria;74.42;68.09;91.49;159;113;146;1.43;27/09/2020
2018;Máster;Máster: Ingeniería Industrial;Zaragoza;Escuela de Ingeniería y Arquitectura;Tecnología de materiales;Normal;Complementos de Formación;;;;2;2;2;1.00;27/09/2020
2018;Grado;Grado: Ingeniería de Tecnologías Industriales;Zaragoza;Escuela de Ingeniería y Arquitectura;Ingeniería de control;Normal;Obligatoria;80.17;74.05;92.37;149;114;138;1.39;27/09/2020
2018;Grado;Grado: Ingeniería de Tecnologías Industriales;Zaragoza;Escuela de Ingeniería y Arquitectura;Mecánica de sólidos deformables;Normal;Obligatoria;86.84;79.84;91.94;145;117;134;1.42;27/09/2020
2018;Grado;Grado: Ingeniería de Tecnologías Industriales;Zaragoza;Escuela de Ingeniería y Arquitectura;Procesos químicos industriales;Normal;Obligatoria;84.51;80.00;94.67;155;123;145;1.59;27/09/2020
2018;Grado;Grado: Ingeniería de Tecnologías Industriales;Zaragoza;Escuela de Ingeniería y Arquitectura;Electrónica digital y de potencia;Normal;Obligatoria;73.98;70.00;94.62;142;100;134;1.33;27/09/2020
2018;Grado;Grado: Ingeniería de Tecnologías Industriales;Zaragoza;Escuela de Ingeniería y Arquitectura;Tecnologías de fabricación;Normal;Obligatoria;83.08;82.44;99.24;142;119;141;1.46;27/09/2020
2018;Grado;Grado: Ingeniería de Tecnologías Industriales;Zaragoza;Escuela de Ingeniería y Arquitectura;Ingeniería del medio ambiente;Normal;Obligatoria;98.96;98.96;100.00;137;136;137;1.02;27/09/2020
2018;Grado;Grado: Ingeniería de Tecnologías Industriales;Zaragoza;Escuela de Ingeniería y Arquitectura;Oficina de proyectos;Normal;Obligatoria;96.77;96.77;100.00;144;139;142;1.14;27/09/2020
2018;Grado;Grado: Ingeniería de Tecnologías Industriales;Zaragoza;Escuela de Ingeniería y Arquitectura;Organización y dirección de empresas;Normal;Obligatoria;95.45;93.75;98.21;150;143;148;1.25;27/09/2020
2018;Grado;Grado: Ingeniería de Tecnologías Industriales;Zaragoza;Escuela de Ingeniería y Arquitectura;Trabajo fin de Grado;Trabajo fin de grado;Trabajo fin de Grado;100.00;81.08;81.08;155;127;127;1.00;27/09/2020
2018;Grado;Grado: Ingeniería de Tecnologías Industriales;Zaragoza;Escuela de Ingeniería y Arquitectura;Motores de combustión;Normal;Optativa;100.00;100.00;100.00;18;18;18;1.06;27/09/2020
2018;Grado;Grado: Ingeniería de Tecnologías Industriales;Zaragoza;Escuela de Ingeniería y Arquitectura;Energías renovables;Normal;Optativa;100.00;100.00;100.00;31;31;31;1.06;27/09/2020
2018;Grado;Grado: Ingeniería de Tecnologías Industriales;Zaragoza;Escuela de Ingeniería y Arquitectura;Tecnología eléctrica;Normal;Optativa;100.00;100.00;100.00;55;55;55;1.00;27/09/2020
2018;Grado;Grado: Ingeniería de Tecnologías Industriales;Zaragoza;Escuela de Ingeniería y Arquitectura;Sistemas térmicos de generación;Normal;Optativa;85.71;85.71;100.00;14;13;14;1.07;27/09/2020
2018;Grado;Grado: Ingeniería de Tecnologías Industriales;Zaragoza;Escuela de Ingeniería y Arquitectura;Redes eléctricas inteligentes;Normal;Optativa;100.00;81.82;81.82;15;13;13;1.08;27/09/2020
2018;Grado;Grado: Ingeniería de Tecnologías Industriales;Zaragoza;Escuela de Ingeniería y Arquitectura;Edificación industrial;Normal;Optativa;100.00;100.00;100.00;27;27;27;1.04;27/09/2020
2018;Grado;Grado: Ingeniería de Tecnologías Industriales;Zaragoza;Escuela de Ingeniería y Arquitectura;Calor y frío industrial;Normal;Optativa;92.59;92.59;100.00;32;30;32;1.00;27/09/2020
2018;Grado;Grado: Ingeniería de Tecnologías Industriales;Zaragoza;Escuela de Ingeniería y Arquitectura;Análisis estructural de instalaciones industriales;Normal;Optativa;100.00;100.00;100.00;12;12;12;1.00;27/09/2020
2018;Grado;Grado: Ingeniería de Tecnologías Industriales;Zaragoza;Escuela de Ingeniería y Arquitectura;Diseño de instalaciones de fluidos;Normal;Optativa;100.00;100.00;100.00;14;13;13;1.00;27/09/2020
2018;Grado;Grado: Ingeniería de Tecnologías Industriales;Zaragoza;Escuela de Ingeniería y Arquitectura;Simulación y análisis de sitemas mecánicos en mecatrónica;Normal;Optativa;100.00;100.00;100.00;21;21;21;1.00;27/09/2020
2018;Grado;Grado: Ingeniería de Tecnologías Industriales;Zaragoza;Escuela de Ingeniería y Arquitectura;Automatización flexible y robótica;Normal;Optativa;100.00;100.00;100.00;35;35;35;1.00;27/09/2020
2018;Grado;Grado: Ingeniería de Tecnologías Industriales;Zaragoza;Escuela de Ingeniería y Arquitectura;Cálculo y selección de elementos de máquinas;Normal;Optativa;100.00;81.82;81.82;14;11;12;1.09;27/09/2020
2018;Grado;Grado: Ingeniería de Tecnologías Industriales;Zaragoza;Escuela de Ingeniería y Arquitectura;Sistemas electrónicos digitales;Normal;Optativa;100.00;100.00;100.00;26;25;25;1.00;27/09/2020
2018;Grado;Grado: Ingeniería de Tecnologías Industriales;Zaragoza;Escuela de Ingeniería y Arquitectura;Instrumentación electrónica;Normal;Optativa;100.00;83.33;83.33;20;17;17;1.06;27/09/2020
2018;Grado;Grado: Ingeniería de Tecnologías Industriales;Zaragoza;Escuela de Ingeniería y Arquitectura;Producción industrial;Normal;Optativa;100.00;100.00;100.00;40;39;40;1.03;27/09/2020
2018;Grado;Grado: Ingeniería de Tecnologías Industriales;Zaragoza;Escuela de Ingeniería y Arquitectura;Calidad industrial;Normal;Optativa;100.00;93.33;93.33;25;23;24;1.04;27/09/2020
2018;Grado;Grado: Ingeniería de Tecnologías Industriales;Zaragoza;Escuela de Ingeniería y Arquitectura;Fabricación integrada;Normal;Optativa;100.00;80.00;80.00;49;39;41;1.00;27/09/2020
2018;Grado;Grado: Ingeniería de Tecnologías Industriales;Zaragoza;Escuela de Ingeniería y Arquitectura;Diseño y arquitectura de vehículos;Normal;Optativa;100.00;90.91;90.91;18;17;17;1.00;27/09/2020
2018;Grado;Grado: Ingeniería de Tecnologías Industriales;Zaragoza;Escuela de Ingeniería y Arquitectura;Ferrocarriles y otros vehículos guiados;Normal;Optativa;100.00;100.00;100.00;14;14;14;1.00;27/09/2020
2018;Grado;Grado: Ingeniería de Tecnologías Industriales;Zaragoza;Escuela de Ingeniería y Arquitectura;Movilidad eléctrica;Normal;Optativa;100.00;100.00;100.00;14;14;14;1.00;27/09/2020
2018;Grado;Grado: Ingeniería de Tecnologías Industriales;Zaragoza;Escuela de Ingeniería y Arquitectura;Sistemas mecánicos en máquinas y vehículos;Normal;Optativa;100.00;81.25;81.25;20;17;17;1.06;27/09/2020
2018;Grado;Grado: Ingeniería de Organización Industrial;Almunia de Doña Godina (La);Escuela Universitaria Politécnica de la Almunia de Doña Godina;Matemáticas I;Normal;Formación básica;79.17;61.29;77.42;31;19;24;1.04;27/09/2020
2018;Grado;Grado: Ingeniería de Organización Industrial;Zaragoza;Centro Universitario de la Defensa de Zaragoza;Matemáticas I;Normal;Formación básica;66.99;66.99;100.00;306;205;306;1.43;27/09/2020
2018;Grado;Grado: Ingeniería de Organización Industrial;Almunia de Doña Godina (La);Escuela Universitaria Politécnica de la Almunia de Doña Godina;Física I;Normal;Formación básica;66.67;43.75;65.63;32;14;21;1.09;27/09/2020
2018;Grado;Grado: Ingeniería de Organización Industrial;Zaragoza;Centro Universitario de la Defensa de Zaragoza;Física I;Normal;Formación básica;43.46;43.46;100.00;306;133;306;1.53;27/09/2020
2018;Grado;Grado: Ingeniería de Organización Industrial;Almunia de Doña Godina (La);Escuela Universitaria Politécnica de la Almunia de Doña Godina;Química;Normal;Formación básica;62.96;51.52;81.82;33;17;27;1.14;27/09/2020
2018;Grado;Grado: Ingeniería de Organización Industrial;Zaragoza;Centro Universitario de la Defensa de Zaragoza;Química;Normal;Formación básica;79.12;77.30;97.70;304;235;297;1.28;27/09/2020
2018;Grado;Grado: Ingeniería de Organización Industrial;Almunia de Doña Godina (La);Escuela Universitaria Politécnica de la Almunia de Doña Godina;Expresión gráfica y diseño asistido por ordenador;Normal;Formación básica;100.00;87.50;87.50;24;21;21;1.09;27/09/2020
2018;Grado;Grado: Ingeniería de Organización Industrial;Zaragoza;Centro Universitario de la Defensa de Zaragoza;Expresión gráfica y diseño asistido por ordenador;Normal;Formación básica;75.50;75.50;100.00;298;225;298;1.56;27/09/2020
2018;Grado;Grado: Ingeniería de Organización Industrial;Almunia de Doña Godina (La);Escuela Universitaria Politécnica de la Almunia de Doña Godina;Fundamentos de administración de empresas;Normal;Formación básica;56.00;50.00;89.29;28;14;25;1.08;27/09/2020
2018;Grado;Grado: Ingeniería de Organización Industrial;Zaragoza;Centro Universitario de la Defensa de Zaragoza;Fundamentos de administración de empresas;Normal;Formación básica;94.48;94.48;100.00;290;274;290;1.11;27/09/2020
2018;Grado;Grado: Ingeniería de Organización Industrial;Almunia de Doña Godina (La);Escuela Universitaria Politécnica de la Almunia de Doña Godina;Fundamentos de informática;Normal;Formación básica;92.86;72.22;77.78;36;26;28;1.08;27/09/2020
2018;Grado;Grado: Ingeniería de Organización Industrial;Zaragoza;Centro Universitario de la Defensa de Zaragoza;Fundamentos de informática;Normal;Formación básica;91.44;91.44;100.00;257;235;257;1.35;27/09/2020
2018;Grado;Grado: Ingeniería de Organización Industrial;Almunia de Doña Godina (La);Escuela Universitaria Politécnica de la Almunia de Doña Godina;Matemáticas II;Normal;Formación básica;74.07;54.05;72.97;37;20;27;1.20;27/09/2020
2018;Grado;Grado: Ingeniería de Organización Industrial;Zaragoza;Centro Universitario de la Defensa de Zaragoza;Matemáticas II;Normal;Formación básica;81.44;80.34;98.64;295;237;291;1.35;27/09/2020
2018;Grado;Grado: Ingeniería de Organización Industrial;Almunia de Doña Godina (La);Escuela Universitaria Politécnica de la Almunia de Doña Godina;Física II;Normal;Formación básica;94.74;60.00;63.33;30;18;19;1.15;27/09/2020
2018;Grado;Grado: Ingeniería de Organización Industrial;Zaragoza;Centro Universitario de la Defensa de Zaragoza;Física II;Normal;Formación básica;42.81;42.04;98.20;333;140;327;1.93;27/09/2020
2018;Grado;Grado: Ingeniería de Organización Industrial;Almunia de Doña Godina (La);Escuela Universitaria Politécnica de la Almunia de Doña Godina;Estadística;Normal;Formación básica;82.14;74.19;90.32;31;23;28;1.00;27/09/2020
2018;Grado;Grado: Ingeniería de Organización Industrial;Zaragoza;Centro Universitario de la Defensa de Zaragoza;Estadística;Normal;Formación básica;87.19;87.19;100.00;242;211;242;1.12;27/09/2020
2018;Grado;Grado: Ingeniería de Organización Industrial;Almunia de Doña Godina (La);Escuela Universitaria Politécnica de la Almunia de Doña Godina;Ingeniería del medio ambiente;Normal;Obligatoria;80.65;67.57;83.78;37;25;31;1.09;27/09/2020
2018;Grado;Grado: Ingeniería de Organización Industrial;Zaragoza;Centro Universitario de la Defensa de Zaragoza;Lengua inglesa I;Normal;Obligatoria;94.90;93.71;98.74;318;298;314;1.36;27/09/2020
2018;Grado;Grado: Ingeniería de Organización Industrial;Almunia de Doña Godina (La);Escuela Universitaria Politécnica de la Almunia de Doña Godina;Matemáticas III;Normal;Formación básica;66.67;50.00;75.00;20;10;15;1.33;27/09/2020
2018;Grado;Grado: Ingeniería de Organización Industrial;Zaragoza;Centro Universitario de la Defensa de Zaragoza;Matemáticas III;Normal;Formación básica;79.18;79.18;100.00;293;232;293;1.47;27/09/2020
2018;Grado;Grado: Ingeniería de Organización Industrial;Almunia de Doña Godina (La);Escuela Universitaria Politécnica de la Almunia de Doña Godina;Mecánica;Normal;Obligatoria;75.00;60.00;80.00;15;9;12;1.21;27/09/2020
2018;Grado;Grado: Ingeniería de Organización Industrial;Zaragoza;Centro Universitario de la Defensa de Zaragoza;Mecánica;Normal;Obligatoria;82.59;82.59;100.00;316;261;316;1.59;27/09/2020
2018;Grado;Grado: Ingeniería de Organización Industrial;Almunia de Doña Godina (La);Escuela Universitaria Politécnica de la Almunia de Doña Godina;Investigación operativa;Normal;Obligatoria;92.31;75.00;81.25;32;24;26;1.04;27/09/2020
2018;Grado;Grado: Ingeniería de Organización Industrial;Zaragoza;Centro Universitario de la Defensa de Zaragoza;Investigación operativa;Normal;Obligatoria;82.93;82.93;100.00;287;238;287;1.39;27/09/2020
2018;Grado;Grado: Ingeniería de Organización Industrial;Almunia de Doña Godina (La);Escuela Universitaria Politécnica de la Almunia de Doña Godina;Organización y dirección de empresas;Normal;Obligatoria;88.24;57.69;65.38;26;15;17;1.68;27/09/2020
2018;Grado;Grado: Ingeniería de Organización Industrial;Zaragoza;Centro Universitario de la Defensa de Zaragoza;Organización y dirección de empresas;Normal;Obligatoria;96.50;96.50;100.00;257;248;257;1.17;27/09/2020
2018;Grado;Grado: Ingeniería de Organización Industrial;Almunia de Doña Godina (La);Escuela Universitaria Politécnica de la Almunia de Doña Godina;Ingeniería de materiales;Normal;Obligatoria;92.31;66.67;72.22;18;12;13;1.00;27/09/2020
2018;Grado;Grado: Ingeniería de Organización Industrial;Almunia de Doña Godina (La);Escuela Universitaria Politécnica de la Almunia de Doña Godina;Fundamentos de electrotecnia;Normal;Obligatoria;92.86;59.09;63.64;22;13;14;1.37;27/09/2020
2018;Grado;Grado: Ingeniería de Organización Industrial;Zaragoza;Centro Universitario de la Defensa de Zaragoza;Fundamentos de electrotecnia;Normal;Obligatoria;85.61;85.61;100.00;278;238;278;1.49;27/09/2020
2018;Grado;Grado: Ingeniería de Organización Industrial;Almunia de Doña Godina (La);Escuela Universitaria Politécnica de la Almunia de Doña Godina;Dirección de la producción;Normal;Obligatoria;86.96;57.14;65.71;35;20;23;1.22;27/09/2020
2018;Grado;Grado: Ingeniería de Organización Industrial;Zaragoza;Centro Universitario de la Defensa de Zaragoza;Dirección de la producción;Normal;Obligatoria;98.93;98.93;100.00;187;185;187;1.03;27/09/2020
2018;Grado;Grado: Ingeniería de Organización Industrial;Almunia de Doña Godina (La);Escuela Universitaria Politécnica de la Almunia de Doña Godina;Mecánica de fluidos;Normal;Obligatoria;86.67;59.09;68.18;22;13;15;1.06;27/09/2020
2018;Grado;Grado: Ingeniería de Organización Industrial;Almunia de Doña Godina (La);Escuela Universitaria Politécnica de la Almunia de Doña Godina;Termodinámica aplicada y fundamentos de transmisión de calor;Normal;Obligatoria;73.33;47.83;65.22;23;11;15;1.24;27/09/2020
2018;Grado;Grado: Ingeniería de Organización Industrial;Almunia de Doña Godina (La);Escuela Universitaria Politécnica de la Almunia de Doña Godina;Tecnologías de fabricación;Normal;Obligatoria;62.50;47.62;76.19;21;10;16;1.24;27/09/2020
2018;Grado;Grado: Ingeniería de Organización Industrial;Almunia de Doña Godina (La);Escuela Universitaria Politécnica de la Almunia de Doña Godina;Fundamentos de electrónica;Normal;Obligatoria;100.00;85.71;85.71;14;12;12;1.11;27/09/2020
2018;Grado;Grado: Ingeniería de Organización Industrial;Zaragoza;Centro Universitario de la Defensa de Zaragoza;Fundamentos de electrónica;Normal;Obligatoria;76.04;76.04;100.00;192;146;192;1.52;27/09/2020
2018;Grado;Grado: Ingeniería de Organización Industrial;Almunia de Doña Godina (La);Escuela Universitaria Politécnica de la Almunia de Doña Godina;Economía de la empresa;Normal;Obligatoria;100.00;75.00;75.00;16;12;12;1.00;27/09/2020
2018;Grado;Grado: Ingeniería de Organización Industrial;Almunia de Doña Godina (La);Escuela Universitaria Politécnica de la Almunia de Doña Godina;Resistencia de materiales;Normal;Obligatoria;100.00;78.57;78.57;14;11;11;1.00;27/09/2020
2018;Grado;Grado: Ingeniería de Organización Industrial;Zaragoza;Centro Universitario de la Defensa de Zaragoza;Resistencia de materiales;Normal;Obligatoria;70.31;70.04;99.61;257;180;256;1.94;27/09/2020
2018;Grado;Grado: Ingeniería de Organización Industrial;Almunia de Doña Godina (La);Escuela Universitaria Politécnica de la Almunia de Doña Godina;Organización de recursos humanos;Normal;Obligatoria;100.00;96.00;96.00;25;24;24;1.04;27/09/2020
2018;Grado;Grado: Ingeniería de Organización Industrial;Almunia de Doña Godina (La);Escuela Universitaria Politécnica de la Almunia de Doña Godina;Ampliación de investigación operativa;Normal;Obligatoria;100.00;83.33;83.33;24;20;20;1.00;27/09/2020
2018;Grado;Grado: Ingeniería de Organización Industrial;Almunia de Doña Godina (La);Escuela Universitaria Politécnica de la Almunia de Doña Godina;Calidad;Normal;Obligatoria;86.67;81.25;93.75;17;14;16;1.09;27/09/2020
2018;Grado;Grado: Ingeniería de Organización Industrial;Zaragoza;Centro Universitario de la Defensa de Zaragoza;Calidad;Normal;Obligatoria;92.31;92.31;100.00;260;240;260;1.20;27/09/2020
2018;Grado;Grado: Ingeniería de Organización Industrial;Almunia de Doña Godina (La);Escuela Universitaria Politécnica de la Almunia de Doña Godina;Sistemas automáticos;Normal;Obligatoria;100.00;93.75;93.75;16;15;15;1.00;27/09/2020
2018;Grado;Grado: Ingeniería de Organización Industrial;Zaragoza;Centro Universitario de la Defensa de Zaragoza;Sistemas automáticos;Normal;Obligatoria;80.61;80.61;100.00;196;158;196;1.53;27/09/2020
2018;Grado;Grado: Ingeniería de Organización Industrial;Almunia de Doña Godina (La);Escuela Universitaria Politécnica de la Almunia de Doña Godina;Sistemas de información para la dirección;Normal;Obligatoria;100.00;91.30;91.30;23;21;21;1.00;27/09/2020
2018;Grado;Grado: Ingeniería de Organización Industrial;Almunia de Doña Godina (La);Escuela Universitaria Politécnica de la Almunia de Doña Godina;Logística;Normal;Obligatoria;100.00;84.62;84.62;27;23;23;1.00;27/09/2020
2018;Grado;Grado: Ingeniería de Organización Industrial;Almunia de Doña Godina (La);Escuela Universitaria Politécnica de la Almunia de Doña Godina;Ingeniería económica;Normal;Obligatoria;100.00;91.67;91.67;25;23;23;1.00;27/09/2020
2018;Grado;Grado: Ingeniería de Organización Industrial;Almunia de Doña Godina (La);Escuela Universitaria Politécnica de la Almunia de Doña Godina;Oficina de proyectos;Normal;Obligatoria;85.71;75.00;87.50;9;7;8;1.07;27/09/2020
2018;Grado;Grado: Ingeniería de Organización Industrial;Almunia de Doña Godina (La);Escuela Universitaria Politécnica de la Almunia de Doña Godina;Gestión de la innovación y política tecnológica;Normal;Obligatoria;100.00;85.71;85.71;15;13;13;1.00;27/09/2020
2018;Grado;Grado: Ingeniería de Organización Industrial;Almunia de Doña Godina (La);Escuela Universitaria Politécnica de la Almunia de Doña Godina;Liderazgo;Normal;Obligatoria;100.00;80.00;80.00;11;9;9;1.00;27/09/2020
2018;Grado;Grado: Ingeniería de Organización Industrial;Zaragoza;Centro Universitario de la Defensa de Zaragoza;Liderazgo;Normal;Obligatoria;98.50;98.01;99.50;201;197;200;1.09;27/09/2020
2018;Grado;Grado: Ingeniería de Organización Industrial;Almunia de Doña Godina (La);Escuela Universitaria Politécnica de la Almunia de Doña Godina;Trabajo fin de Grado;Trabajo fin de grado;Trabajo fin de Grado;100.00;66.67;66.67;21;14;14;1.00;27/09/2020
2018;Grado;Grado: Ingeniería de Organización Industrial;Zaragoza;Centro Universitario de la Defensa de Zaragoza;Trabajo fin de Grado;Trabajo fin de grado;Trabajo fin de Grado;100.00;98.90;98.90;181;179;179;1.00;27/09/2020
2018;Grado;Grado: Ingeniería de Organización Industrial;Zaragoza;Centro Universitario de la Defensa de Zaragoza;Lengua inglesa II;Normal;Obligatoria;99.30;99.30;100.00;284;282;284;1.58;27/09/2020
2018;Grado;Grado: Ingeniería de Organización Industrial;Zaragoza;Centro Universitario de la Defensa de Zaragoza;Información geográfica digital y teledetección;Normal;Obligatoria;99.47;98.94;99.47;188;186;187;1.02;27/09/2020
2018;Grado;Grado: Ingeniería de Organización Industrial;Zaragoza;Centro Universitario de la Defensa de Zaragoza;Lengua inglesa III;Normal;Obligatoria;98.81;98.81;100.00;253;250;253;1.36;27/09/2020
2018;Grado;Grado: Ingeniería de Organización Industrial;Zaragoza;Centro Universitario de la Defensa de Zaragoza;Derecho;Normal;Obligatoria;100.00;99.47;99.47;189;188;188;1.01;27/09/2020
2018;Grado;Grado: Ingeniería de Organización Industrial;Zaragoza;Centro Universitario de la Defensa de Zaragoza;Relaciones internacionales;Normal;Obligatoria;98.40;98.40;100.00;187;184;187;1.15;27/09/2020
2018;Grado;Grado: Ingeniería de Organización Industrial;Zaragoza;Centro Universitario de la Defensa de Zaragoza;Mundo actual;Normal;Obligatoria;90.36;90.36;100.00;197;178;197;1.33;27/09/2020
2018;Grado;Grado: Ingeniería de Organización Industrial;Zaragoza;Centro Universitario de la Defensa de Zaragoza;Lengua inglesa IV;Normal;Optativa;97.88;97.88;100.00;189;185;189;1.29;27/09/2020
2018;Grado;Grado: Ingeniería de Organización Industrial;Zaragoza;Centro Universitario de la Defensa de Zaragoza;Enseñanza de la actividad física y el deporte;Normal;Optativa;98.02;98.02;100.00;101;99;101;1.09;27/09/2020
2018;Grado;Grado: Ingeniería de Organización Industrial;Zaragoza;Centro Universitario de la Defensa de Zaragoza;Dirección de recursos humanos;Normal;Optativa;100.00;100.00;100.00;101;101;101;1.02;27/09/2020
2018;Grado;Grado: Ingeniería de Organización Industrial;Zaragoza;Centro Universitario de la Defensa de Zaragoza;Comunicación corporativa;Normal;Optativa;100.00;100.00;100.00;102;102;102;1.09;27/09/2020
2018;Grado;Grado: Ingeniería de Organización Industrial;Zaragoza;Centro Universitario de la Defensa de Zaragoza;Prácticas externas (Recursos humanos);Prácticas externas;Optativa;100.00;100.00;100.00;89;89;89;1.00;27/09/2020
2018;Grado;Grado: Ingeniería de Organización Industrial;Zaragoza;Centro Universitario de la Defensa de Zaragoza;Sistemas de radar;Normal;Optativa;100.00;100.00;100.00;32;32;32;1.00;27/09/2020
2018;Grado;Grado: Ingeniería de Organización Industrial;Zaragoza;Centro Universitario de la Defensa de Zaragoza;Balística;Normal;Optativa;100.00;100.00;100.00;32;32;32;1.00;27/09/2020
2018;Grado;Grado: Ingeniería de Organización Industrial;Zaragoza;Centro Universitario de la Defensa de Zaragoza;Misiles;Normal;Optativa;100.00;100.00;100.00;32;32;32;1.00;27/09/2020
2018;Grado;Grado: Ingeniería de Organización Industrial;Zaragoza;Centro Universitario de la Defensa de Zaragoza;Prácticas externas (Sistema de radar y misiles);Prácticas externas;Optativa;100.00;100.00;100.00;39;39;39;1.00;27/09/2020
2018;Grado;Grado: Ingeniería de Organización Industrial;Zaragoza;Centro Universitario de la Defensa de Zaragoza;Hormigón armado y pretensado;Normal;Optativa;100.00;100.00;100.00;23;23;23;1.00;27/09/2020
2018;Grado;Grado: Ingeniería de Organización Industrial;Zaragoza;Centro Universitario de la Defensa de Zaragoza;Estructuras metálicas;Normal;Optativa;100.00;100.00;100.00;23;23;23;1.00;27/09/2020
2018;Grado;Grado: Ingeniería de Organización Industrial;Zaragoza;Centro Universitario de la Defensa de Zaragoza;Cálculo de estructuras;Normal;Optativa;100.00;100.00;100.00;24;24;24;1.12;27/09/2020
2018;Grado;Grado: Ingeniería de Organización Industrial;Zaragoza;Centro Universitario de la Defensa de Zaragoza;Prácticas externas (Estructuras y materiales);Prácticas externas;Optativa;100.00;100.00;100.00;26;26;26;1.00;27/09/2020
2018;Grado;Grado: Ingeniería de Organización Industrial;Zaragoza;Centro Universitario de la Defensa de Zaragoza;Sistemas lineales;Normal;Optativa;100.00;100.00;100.00;27;27;27;1.00;27/09/2020
2018;Grado;Grado: Ingeniería de Organización Industrial;Zaragoza;Centro Universitario de la Defensa de Zaragoza;Teoría de la comunicación;Normal;Optativa;100.00;100.00;100.00;27;27;27;1.00;27/09/2020
2018;Grado;Grado: Ingeniería de Organización Industrial;Zaragoza;Centro Universitario de la Defensa de Zaragoza;Redes y servicios de comunicaciones;Normal;Optativa;100.00;100.00;100.00;27;27;27;1.00;27/09/2020
2018;Grado;Grado: Ingeniería de Organización Industrial;Zaragoza;Centro Universitario de la Defensa de Zaragoza;Prácticas externas (Sistemas de comunicaciones);Prácticas externas;Optativa;100.00;100.00;100.00;26;26;26;1.00;27/09/2020
2018;Grado;Grado: Ingeniería de Organización Industrial;Almunia de Doña Godina (La);Escuela Universitaria Politécnica de la Almunia de Doña Godina;Prácticas en empresas;Prácticas externas;Optativa;100.00;100.00;100.00;4;4;4;1.00;27/09/2020
2018;Movilidad de entrada;Movilidad para 1º y 2º ciclo y grado;Almunia de Doña Godina (La);Escuela Universitaria Politécnica de la Almunia de Doña Godina;Prácticas en empresas;Prácticas externas;Optativa;100.00;100.00;100.00;1;1;1;1.00;27/09/2020
2018;Grado;Grado: Ingeniería de Organización Industrial;Almunia de Doña Godina (La);Escuela Universitaria Politécnica de la Almunia de Doña Godina;Gestión de Relaciones Internacionales;Normal;Optativa;100.00;87.50;87.50;9;8;8;1.00;27/09/2020
2018;Grado;Grado: Ingeniería de Organización Industrial;Almunia de Doña Godina (La);Escuela Universitaria Politécnica de la Almunia de Doña Godina;Seguridad Laboral;Normal;Optativa;100.00;100.00;100.00;9;9;9;1.00;27/09/2020
2018;Grado;Grado: Ingeniería de Organización Industrial;Almunia de Doña Godina (La);Escuela Universitaria Politécnica de la Almunia de Doña Godina;Dirección Comercial;Normal;Optativa;100.00;100.00;100.00;9;9;9;1.00;27/09/2020
2018;Grado;Grado: Ingeniería de Organización Industrial;Almunia de Doña Godina (La);Escuela Universitaria Politécnica de la Almunia de Doña Godina;Emprendimiento;Normal;Optativa;100.00;71.43;71.43;7;5;5;1.00;27/09/2020
2018;Grado;Grado: Ingeniería de Organización Industrial;Almunia de Doña Godina (La);Escuela Universitaria Politécnica de la Almunia de Doña Godina;Gestión de Mantenimiento;Normal;Optativa;;;;0;0;0;1.00;27/09/2020
2018;Grado;Grado: Ingeniería de Organización Industrial;Almunia de Doña Godina (La);Escuela Universitaria Politécnica de la Almunia de Doña Godina;Diseño asistido por ordenador;Normal;Optativa;100.00;100.00;100.00;1;1;1;1.00;27/09/2020
2018;Grado;Grado: Ingeniería de Organización Industrial;Almunia de Doña Godina (La);Escuela Universitaria Politécnica de la Almunia de Doña Godina;Normalización y legislación de proyectos;Normal;Optativa;;;;0;0;0;1.00;27/09/2020
2018;Grado;Grado: Ingeniería de Organización Industrial;Almunia de Doña Godina (La);Escuela Universitaria Politécnica de la Almunia de Doña Godina;Inglés;Normal;Optativa;100.00;100.00;100.00;12;12;12;1.05;27/09/2020
2018;Grado;Grado: Ingeniería de Organización Industrial;Zaragoza;Centro Universitario de la Defensa de Zaragoza;Ingeniería del medio ambiente (Perfil Defensa);Normal;Obligatoria;92.66;92.66;100.00;259;240;259;1.32;27/09/2020
2018;Grado;Grado: Ingeniería de Organización Industrial;Zaragoza;Centro Universitario de la Defensa de Zaragoza;Logística (Perfil Defensa);Normal;Obligatoria;95.68;95.68;100.00;185;177;185;1.14;27/09/2020
2018;Grado;Grado: Ingeniería de Organización Industrial;Zaragoza;Centro Universitario de la Defensa de Zaragoza;Tecnologías para defensa;Normal;Obligatoria;99.46;99.46;100.00;184;183;184;1.13;27/09/2020
2018;Grado;Grado: Ingeniería de Organización Industrial;Zaragoza;Centro Universitario de la Defensa de Zaragoza;Economía de la empresa (Perfil Defensa);Normal;Obligatoria;89.29;88.83;99.49;197;175;196;1.41;27/09/2020
2018;Grado;Grado: Ingeniería de Organización Industrial;Zaragoza;Centro Universitario de la Defensa de Zaragoza;Gestión de la innovación y política tecnológica (Perfil Defensa);Normal;Obligatoria;96.67;96.67;100.00;180;174;180;1.14;27/09/2020
2018;Grado;Grado: Ingeniería de Organización Industrial;Zaragoza;Centro Universitario de la Defensa de Zaragoza;Sistemas de información para la dirección (Perfil Defensa);Normal;Obligatoria;94.54;94.54;100.00;183;173;183;1.20;27/09/2020
2018;Grado;Grado: Ingeniería de Organización Industrial;Zaragoza;Centro Universitario de la Defensa de Zaragoza;Logística aplicada a la Defensa;Normal;Obligatoria;98.34;98.34;100.00;181;178;181;1.05;27/09/2020
2018;Grado;Grado: Ingeniería de Organización Industrial;Zaragoza;Centro Universitario de la Defensa de Zaragoza;Oficina de proyectos (Perfil Defensa);Normal;Obligatoria;100.00;100.00;100.00;181;181;181;1.13;27/09/2020
2018;Grado;Grado: Ingeniería Informática;Zaragoza;Escuela de Ingeniería y Arquitectura;Introducción a los computadores;Normal;Formación básica;77.98;62.04;79.56;137;85;109;1.64;27/09/2020
2018;Grado;Grado: Ingeniería Informática;Teruel;Escuela Universitaria Politécnica de Teruel;Introducción a los computadores;Normal;Formación básica;70.83;56.67;80.00;30;17;24;1.45;27/09/2020
2018;Grado;Grado: Ingeniería Informática;Zaragoza;Escuela de Ingeniería y Arquitectura;Fundamentos de administración de empresas;Normal;Formación básica;82.83;82.00;99.00;100;82;99;1.15;27/09/2020
2018;Grado;Grado: Ingeniería Informática;Teruel;Escuela Universitaria Politécnica de Teruel;Fundamentos de administración de empresas;Normal;Formación básica;75.86;68.75;90.63;32;22;29;1.62;27/09/2020
2018;Grado;Grado: Ingeniería Informática;Zaragoza;Escuela de Ingeniería y Arquitectura;Matemáticas I;Normal;Formación básica;73.40;64.49;87.85;107;69;94;1.37;27/09/2020
2018;Grado;Grado: Ingeniería Informática;Teruel;Escuela Universitaria Politécnica de Teruel;Matemáticas I;Normal;Formación básica;60.71;51.52;84.85;33;17;28;1.21;27/09/2020
2018;Grado;Grado: Ingeniería Informática;Zaragoza;Escuela de Ingeniería y Arquitectura;Matemáticas 2;Normal;Formación básica;85.11;76.92;90.38;104;80;94;1.20;27/09/2020
2018;Grado;Grado: Ingeniería Informática;Teruel;Escuela Universitaria Politécnica de Teruel;Matemáticas 2;Normal;Formación básica;63.64;58.33;91.67;36;21;33;1.52;27/09/2020
2018;Grado;Grado: Ingeniería Informática;Zaragoza;Escuela de Ingeniería y Arquitectura;Programación 1;Normal;Formación básica;82.57;71.43;86.51;126;90;109;1.52;27/09/2020
2018;Grado;Grado: Ingeniería Informática;Teruel;Escuela Universitaria Politécnica de Teruel;Programación 1;Normal;Formación básica;65.63;61.76;94.12;34;21;32;1.69;27/09/2020
2018;Grado;Grado: Ingeniería Informática;Zaragoza;Escuela de Ingeniería y Arquitectura;Arquitectura y organización de computadores 1;Normal;Formación básica;87.34;47.92;54.86;144;69;79;1.12;27/09/2020
2018;Grado;Grado: Ingeniería Informática;Teruel;Escuela Universitaria Politécnica de Teruel;Arquitectura y organización de computadores 1;Normal;Formación básica;53.85;33.87;62.90;62;21;39;1.45;27/09/2020
2018;Grado;Grado: Ingeniería Informática;Zaragoza;Escuela de Ingeniería y Arquitectura;Física y electrónica;Normal;Formación básica;80.41;73.58;91.51;106;78;97;1.44;27/09/2020
2018;Grado;Grado: Ingeniería Informática;Teruel;Escuela Universitaria Politécnica de Teruel;Física y electrónica;Normal;Formación básica;64.71;53.66;82.93;41;22;34;1.60;27/09/2020
2018;Grado;Grado: Ingeniería Informática;Zaragoza;Escuela de Ingeniería y Arquitectura;Estadística;Normal;Formación básica;90.59;73.33;80.95;105;77;85;1.21;27/09/2020
2018;Grado;Grado: Ingeniería Informática;Teruel;Escuela Universitaria Politécnica de Teruel;Estadística;Normal;Formación básica;95.83;88.46;92.31;26;23;24;1.00;27/09/2020
2018;Grado;Grado: Ingeniería Informática;Zaragoza;Escuela de Ingeniería y Arquitectura;Matemática discreta;Normal;Formación básica;94.85;85.98;90.65;107;92;97;1.14;27/09/2020
2018;Grado;Grado: Ingeniería Informática;Teruel;Escuela Universitaria Politécnica de Teruel;Matemática discreta;Normal;Formación básica;83.33;76.92;92.31;26;20;24;1.05;27/09/2020
2018;Grado;Grado: Ingeniería Informática;Zaragoza;Escuela de Ingeniería y Arquitectura;Programación II;Normal;Obligatoria;85.71;72.48;84.56;149;108;126;1.68;27/09/2020
2018;Grado;Grado: Ingeniería Informática;Teruel;Escuela Universitaria Politécnica de Teruel;Programación II;Normal;Obligatoria;80.00;62.50;78.13;32;20;25;1.05;27/09/2020
2018;Grado;Grado: Ingeniería Informática;Zaragoza;Escuela de Ingeniería y Arquitectura;Sistemas operativos;Normal;Obligatoria;79.78;67.62;84.76;106;72;90;1.33;27/09/2020
2018;Grado;Grado: Ingeniería Informática;Teruel;Escuela Universitaria Politécnica de Teruel;Sistemas operativos;Normal;Obligatoria;50.00;40.00;80.00;40;16;32;2.12;27/09/2020
2018;Grado;Grado: Ingeniería Informática;Zaragoza;Escuela de Ingeniería y Arquitectura;Redes de computadores;Normal;Obligatoria;84.62;72.13;85.25;122;88;104;1.53;27/09/2020
2018;Grado;Grado: Ingeniería Informática;Teruel;Escuela Universitaria Politécnica de Teruel;Redes de computadores;Normal;Obligatoria;66.67;61.11;91.67;36;22;33;1.55;27/09/2020
2018;Grado;Grado: Ingeniería Informática;Zaragoza;Escuela de Ingeniería y Arquitectura;Programación de sistemas concurrentes y distribuidos;Normal;Obligatoria;75.53;67.62;89.52;106;71;94;1.87;27/09/2020
2018;Grado;Grado: Ingeniería Informática;Teruel;Escuela Universitaria Politécnica de Teruel;Programación de sistemas concurrentes y distribuidos;Normal;Obligatoria;56.41;45.83;81.25;48;22;39;1.59;27/09/2020
2018;Grado;Grado: Ingeniería Informática;Zaragoza;Escuela de Ingeniería y Arquitectura;Estructuras de datos y algoritmos;Normal;Obligatoria;78.79;76.47;97.06;102;78;99;1.70;27/09/2020
2018;Grado;Grado: Ingeniería Informática;Teruel;Escuela Universitaria Politécnica de Teruel;Estructuras de datos y algoritmos;Normal;Obligatoria;80.00;55.56;69.44;36;20;25;1.25;27/09/2020
2018;Grado;Grado: Ingeniería Informática;Zaragoza;Escuela de Ingeniería y Arquitectura;Teoría de la computación;Normal;Formación básica;78.89;66.36;84.11;107;71;90;1.48;27/09/2020
2018;Grado;Grado: Ingeniería Informática;Teruel;Escuela Universitaria Politécnica de Teruel;Teoría de la computación;Normal;Formación básica;54.84;38.64;70.45;44;17;31;1.88;27/09/2020
2018;Grado;Grado: Ingeniería Informática;Zaragoza;Escuela de Ingeniería y Arquitectura;Arquitectura y organización de computadores 2;Normal;Obligatoria;92.55;84.47;91.26;103;87;94;1.18;27/09/2020
2018;Grado;Grado: Ingeniería Informática;Teruel;Escuela Universitaria Politécnica de Teruel;Arquitectura y organización de computadores 2;Normal;Obligatoria;62.07;42.86;69.05;42;18;29;1.44;27/09/2020
2018;Grado;Grado: Ingeniería Informática;Zaragoza;Escuela de Ingeniería y Arquitectura;Administración de sistemas;Normal;Obligatoria;71.25;52.78;74.07;109;58;81;1.49;27/09/2020
2018;Grado;Grado: Ingeniería Informática;Teruel;Escuela Universitaria Politécnica de Teruel;Administración de sistemas;Normal;Obligatoria;80.00;75.00;93.75;32;24;30;1.16;27/09/2020
2018;Grado;Grado: Ingeniería Informática;Zaragoza;Escuela de Ingeniería y Arquitectura;Interacción persona ordenador;Normal;Obligatoria;84.78;80.41;94.85;97;78;92;1.44;27/09/2020
2018;Grado;Grado: Ingeniería Informática;Teruel;Escuela Universitaria Politécnica de Teruel;Interacción persona ordenador;Normal;Obligatoria;65.52;61.29;93.55;31;19;29;1.32;27/09/2020
2018;Grado;Grado: Ingeniería Informática;Zaragoza;Escuela de Ingeniería y Arquitectura;Tecnología de programación;Normal;Obligatoria;80.52;68.89;85.56;90;62;77;1.41;27/09/2020
2018;Grado;Grado: Ingeniería Informática;Teruel;Escuela Universitaria Politécnica de Teruel;Tecnología de programación;Normal;Obligatoria;58.62;33.33;56.86;51;17;29;1.65;27/09/2020
2018;Grado;Grado: Ingeniería Informática;Zaragoza;Escuela de Ingeniería y Arquitectura;Bases de datos;Normal;Obligatoria;91.14;87.80;96.34;83;73;80;1.42;27/09/2020
2018;Grado;Grado: Ingeniería Informática;Teruel;Escuela Universitaria Politécnica de Teruel;Bases de datos;Normal;Obligatoria;40.91;34.62;84.62;26;9;22;2.50;27/09/2020
2018;Grado;Grado: Ingeniería Informática;Zaragoza;Escuela de Ingeniería y Arquitectura;Proyecto hardware;Normal;Obligatoria;100.00;100.00;100.00;78;78;78;1.00;27/09/2020
2018;Grado;Grado: Ingeniería Informática;Teruel;Escuela Universitaria Politécnica de Teruel;Proyecto hardware;Normal;Obligatoria;100.00;69.23;69.23;13;9;9;1.00;27/09/2020
2018;Grado;Grado: Ingeniería Informática;Zaragoza;Escuela de Ingeniería y Arquitectura;Sistemas distribuidos;Normal;Obligatoria;95.31;79.22;83.12;82;66;69;1.16;27/09/2020
2018;Grado;Grado: Ingeniería Informática;Teruel;Escuela Universitaria Politécnica de Teruel;Sistemas distribuidos;Normal;Obligatoria;100.00;85.71;85.71;15;12;12;1.00;27/09/2020
2018;Grado;Grado: Ingeniería Informática;Zaragoza;Escuela de Ingeniería y Arquitectura;Ingeniería del Software;Normal;Obligatoria;91.89;90.67;98.67;82;75;81;1.34;27/09/2020
2018;Grado;Grado: Ingeniería Informática;Teruel;Escuela Universitaria Politécnica de Teruel;Ingeniería del Software;Normal;Obligatoria;77.27;60.71;78.57;30;19;24;1.75;27/09/2020
2018;Grado;Grado: Ingeniería Informática;Zaragoza;Escuela de Ingeniería y Arquitectura;Inteligencia artificial;Normal;Obligatoria;94.74;92.31;97.44;83;77;81;1.27;27/09/2020
2018;Grado;Grado: Ingeniería Informática;Teruel;Escuela Universitaria Politécnica de Teruel;Inteligencia artificial;Normal;Obligatoria;94.12;69.57;73.91;23;16;17;1.31;27/09/2020
2018;Grado;Grado: Ingeniería Informática;Zaragoza;Escuela de Ingeniería y Arquitectura;Sistemas de información;Normal;Obligatoria;93.67;92.50;98.75;86;80;85;1.28;27/09/2020
2018;Grado;Grado: Ingeniería Informática;Teruel;Escuela Universitaria Politécnica de Teruel;Sistemas de información;Normal;Obligatoria;83.33;78.95;94.74;19;15;18;1.20;27/09/2020
2018;Grado;Grado: Ingeniería Informática;Zaragoza;Escuela de Ingeniería y Arquitectura;Proyecto Software;Normal;Obligatoria;98.65;98.65;100.00;79;78;79;1.06;27/09/2020
2018;Grado;Grado: Ingeniería Informática;Teruel;Escuela Universitaria Politécnica de Teruel;Proyecto Software;Normal;Obligatoria;93.33;66.67;71.43;23;16;17;1.59;27/09/2020
2018;Grado;Grado: Ingeniería Informática;Zaragoza;Escuela de Ingeniería y Arquitectura;Seguridad informática;Normal;Obligatoria;95.12;84.78;89.13;54;47;49;1.23;27/09/2020
2018;Grado;Grado: Ingeniería Informática;Teruel;Escuela Universitaria Politécnica de Teruel;Seguridad informática;Normal;Obligatoria;88.89;88.89;100.00;12;11;12;1.36;27/09/2020
2018;Grado;Grado: Ingeniería Informática;Zaragoza;Escuela de Ingeniería y Arquitectura;Trabajo fin de Grado (Computación);Trabajo fin de grado;Trabajo fin de Grado;100.00;65.52;65.52;33;23;23;1.00;27/09/2020
2018;Grado;Grado: Ingeniería Informática;Zaragoza;Escuela de Ingeniería y Arquitectura;Algoritmia básica;Normal;Optativa;95.00;84.44;88.89;46;39;41;1.05;27/09/2020
2018;Grado;Grado: Ingeniería Informática;Zaragoza;Escuela de Ingeniería y Arquitectura;Procesadores de lenguajes;Normal;Optativa;94.44;60.71;64.29;57;35;37;1.37;27/09/2020
2018;Grado;Grado: Ingeniería Informática;Zaragoza;Escuela de Ingeniería y Arquitectura;Aprendizaje automático;Normal;Optativa;89.74;77.78;86.67;47;36;40;1.11;27/09/2020
2018;Grado;Grado: Ingeniería Informática;Zaragoza;Escuela de Ingeniería y Arquitectura;Algoritmia para problemas difíciles;Normal;Optativa;100.00;89.47;89.47;24;22;22;1.09;27/09/2020
2018;Grado;Grado: Ingeniería Informática;Zaragoza;Escuela de Ingeniería y Arquitectura;Recuperación de información;Normal;Optativa;95.00;86.36;90.91;28;25;26;1.12;27/09/2020
2018;Grado;Grado: Ingeniería Informática;Zaragoza;Escuela de Ingeniería y Arquitectura;Informática gráfica;Normal;Optativa;100.00;62.96;62.96;33;23;23;1.04;27/09/2020
2018;Grado;Grado: Ingeniería Informática;Zaragoza;Escuela de Ingeniería y Arquitectura;Procesadores comerciales;Normal;Optativa;91.67;78.57;85.71;14;11;12;1.00;27/09/2020
2018;Grado;Grado: Ingeniería Informática;Zaragoza;Escuela de Ingeniería y Arquitectura;Sistemas empotrados I;Normal;Optativa;100.00;100.00;100.00;18;18;18;1.00;27/09/2020
2018;Grado;Grado: Ingeniería Informática;Zaragoza;Escuela de Ingeniería y Arquitectura;Multiprocesadores;Normal;Optativa;90.91;90.91;100.00;12;11;12;1.45;27/09/2020
2018;Grado;Grado: Ingeniería Informática;Zaragoza;Escuela de Ingeniería y Arquitectura;Centros de datos;Normal;Optativa;100.00;100.00;100.00;11;11;11;1.18;27/09/2020
2018;Grado;Grado: Ingeniería Informática;Zaragoza;Escuela de Ingeniería y Arquitectura;Diseño y administración de redes;Normal;Optativa;100.00;100.00;100.00;8;8;8;1.00;27/09/2020
2018;Grado;Grado: Ingeniería Informática;Teruel;Escuela Universitaria Politécnica de Teruel;Diseño y administración de redes;Normal;Optativa;100.00;100.00;100.00;5;5;5;1.00;27/09/2020
2018;Grado;Grado: Ingeniería Informática;Zaragoza;Escuela de Ingeniería y Arquitectura;Sistemas empotrados 2;Normal;Optativa;100.00;91.67;91.67;13;12;12;1.00;27/09/2020
2018;Grado;Grado: Ingeniería Informática;Zaragoza;Escuela de Ingeniería y Arquitectura;Laboratorio de sistemas empotrados;Normal;Optativa;100.00;76.92;76.92;13;10;10;1.00;27/09/2020
2018;Grado;Grado: Ingeniería Informática;Zaragoza;Escuela de Ingeniería y Arquitectura;Garantía y seguridad;Normal;Optativa;100.00;84.62;84.62;13;11;11;1.00;27/09/2020
2018;Grado;Grado: Ingeniería Informática;Zaragoza;Escuela de Ingeniería y Arquitectura;Ingeniería de requisitos;Normal;Optativa;100.00;92.31;92.31;14;13;13;1.00;27/09/2020
2018;Grado;Grado: Ingeniería Informática;Zaragoza;Escuela de Ingeniería y Arquitectura;Verificación y validación;Normal;Optativa;100.00;100.00;100.00;16;16;16;1.12;27/09/2020
2018;Grado;Grado: Ingeniería Informática;Zaragoza;Escuela de Ingeniería y Arquitectura;Arquitectura software;Normal;Optativa;100.00;92.86;92.86;15;14;14;1.00;27/09/2020
2018;Grado;Grado: Ingeniería Informática;Zaragoza;Escuela de Ingeniería y Arquitectura;Ingeniería web;Normal;Optativa;100.00;92.86;92.86;17;16;16;1.00;27/09/2020
2018;Grado;Grado: Ingeniería Informática;Teruel;Escuela Universitaria Politécnica de Teruel;Ingeniería web;Normal;Optativa;100.00;100.00;100.00;8;7;8;1.00;27/09/2020
2018;Grado;Grado: Ingeniería Informática;Zaragoza;Escuela de Ingeniería y Arquitectura;Gestión de proyecto software;Normal;Optativa;100.00;100.00;100.00;6;6;6;1.00;27/09/2020
2018;Grado;Grado: Ingeniería Informática;Zaragoza;Escuela de Ingeniería y Arquitectura;Laboratorio de ingeniería del software;Normal;Optativa;100.00;100.00;100.00;2;2;2;1.00;27/09/2020
2018;Grado;Grado: Ingeniería Informática;Zaragoza;Escuela de Ingeniería y Arquitectura;Bases de datos 2;Normal;Optativa;82.14;76.67;93.33;33;26;31;1.19;27/09/2020
2018;Grado;Grado: Ingeniería Informática;Teruel;Escuela Universitaria Politécnica de Teruel;Bases de datos 2;Normal;Optativa;78.95;71.43;90.48;22;16;20;1.69;27/09/2020
2018;Grado;Grado: Ingeniería Informática;Zaragoza;Escuela de Ingeniería y Arquitectura;Sistemas de información 2;Normal;Optativa;100.00;100.00;100.00;19;19;19;1.00;27/09/2020
2018;Grado;Grado: Ingeniería Informática;Teruel;Escuela Universitaria Politécnica de Teruel;Sistemas de información 2;Normal;Optativa;100.00;100.00;100.00;12;12;12;1.00;27/09/2020
2018;Grado;Grado: Ingeniería Informática;Zaragoza;Escuela de Ingeniería y Arquitectura;Tecnologías de la información en la empresa;Normal;Optativa;100.00;100.00;100.00;20;20;20;1.15;27/09/2020
2018;Grado;Grado: Ingeniería Informática;Teruel;Escuela Universitaria Politécnica de Teruel;Tecnologías de la información en la empresa;Normal;Optativa;100.00;100.00;100.00;16;16;16;1.00;27/09/2020
2018;Grado;Grado: Ingeniería Informática;Zaragoza;Escuela de Ingeniería y Arquitectura;Almacenes y minería de datos;Normal;Optativa;91.67;84.62;92.31;16;14;15;1.00;27/09/2020
2018;Grado;Grado: Ingeniería Informática;Teruel;Escuela Universitaria Politécnica de Teruel;Almacenes y minería de datos;Normal;Optativa;92.31;92.31;100.00;16;15;16;1.00;27/09/2020
2018;Grado;Grado: Ingeniería Informática;Zaragoza;Escuela de Ingeniería y Arquitectura;Sistemas legados;Normal;Optativa;100.00;100.00;100.00;16;16;16;1.56;27/09/2020
2018;Grado;Grado: Ingeniería Informática;Teruel;Escuela Universitaria Politécnica de Teruel;Sistemas legados;Normal;Optativa;100.00;81.82;81.82;13;11;11;1.00;27/09/2020
2018;Grado;Grado: Ingeniería Informática;Zaragoza;Escuela de Ingeniería y Arquitectura;Sistemas de ayuda a la toma de decisiones;Normal;Optativa;100.00;90.00;90.00;11;10;10;1.00;27/09/2020
2018;Grado;Grado: Ingeniería Informática;Teruel;Escuela Universitaria Politécnica de Teruel;Sistemas de ayuda a la toma de decisiones;Normal;Optativa;100.00;90.91;90.91;13;12;12;1.00;27/09/2020
2018;Grado;Grado: Ingeniería Informática;Zaragoza;Escuela de Ingeniería y Arquitectura;Sistemas y tecnologías web;Normal;Optativa;100.00;81.82;81.82;13;10;11;1.00;27/09/2020
2018;Grado;Grado: Ingeniería Informática;Teruel;Escuela Universitaria Politécnica de Teruel;Sistemas y tecnologías web;Normal;Optativa;100.00;72.73;72.73;13;10;10;1.10;27/09/2020
2018;Grado;Grado: Ingeniería Informática;Zaragoza;Escuela de Ingeniería y Arquitectura;Administración de sistemas 2;Normal;Optativa;100.00;85.00;85.00;22;19;19;1.00;27/09/2020
2018;Grado;Grado: Ingeniería Informática;Teruel;Escuela Universitaria Politécnica de Teruel;Administración de sistemas 2;Normal;Optativa;100.00;100.00;100.00;11;10;11;1.00;27/09/2020
2018;Grado;Grado: Ingeniería Informática;Zaragoza;Escuela de Ingeniería y Arquitectura;Diseño centrado en el usuario. Diseño para la multimedia;Normal;Optativa;100.00;100.00;100.00;1;1;1;1.00;27/09/2020
2018;Grado;Grado: Ingeniería Informática;Teruel;Escuela Universitaria Politécnica de Teruel;Diseño centrado en el usuario. Diseño para la multimedia;Normal;Optativa;100.00;100.00;100.00;10;9;10;1.00;27/09/2020
2018;Grado;Grado: Ingeniería Informática;Zaragoza;Escuela de Ingeniería y Arquitectura;Metodologías ágiles y calidad;Normal;Optativa;100.00;50.00;50.00;2;1;1;1.00;27/09/2020
2018;Grado;Grado: Ingeniería Informática;Zaragoza;Escuela de Ingeniería y Arquitectura;Bioinformática;Normal;Optativa;93.75;93.75;100.00;18;17;18;1.00;27/09/2020
2018;Grado;Grado: Ingeniería Informática;Zaragoza;Escuela de Ingeniería y Arquitectura;Robótica;Normal;Optativa;100.00;100.00;100.00;23;23;23;1.00;27/09/2020
2018;Grado;Grado: Ingeniería Informática;Zaragoza;Escuela de Ingeniería y Arquitectura;Videojuegos;Normal;Optativa;85.71;75.00;87.50;11;8;9;1.00;27/09/2020
2018;Grado;Grado: Ingeniería Informática;Zaragoza;Escuela de Ingeniería y Arquitectura;Visión por computador;Normal;Optativa;100.00;95.00;95.00;26;25;25;1.00;27/09/2020
2018;Grado;Grado: Ingeniería Informática;Zaragoza;Escuela de Ingeniería y Arquitectura;Comercio electrónico;Normal;Optativa;100.00;100.00;100.00;12;12;12;1.00;27/09/2020
2018;Grado;Grado: Ingeniería Informática;Teruel;Escuela Universitaria Politécnica de Teruel;Comercio electrónico;Normal;Optativa;100.00;90.00;90.00;13;12;12;1.00;27/09/2020
2018;Grado;Grado: Ingeniería Informática;Zaragoza;Escuela de Ingeniería y Arquitectura;Laboratorio de sistemas de información;Normal;Optativa;100.00;100.00;100.00;2;1;1;1.00;27/09/2020
2018;Grado;Grado: Ingeniería Informática;Zaragoza;Escuela de Ingeniería y Arquitectura;Sistemas de información distribuidos;Normal;Optativa;100.00;100.00;100.00;7;7;7;1.00;27/09/2020
2018;Grado;Grado: Ingeniería Informática;Teruel;Escuela Universitaria Politécnica de Teruel;Prevención de riesgos laborales aplicada a la ingeniería;Normal;Optativa;100.00;66.67;66.67;3;2;2;1.00;27/09/2020
2018;Grado;Grado: Ingeniería Informática;Teruel;Escuela Universitaria Politécnica de Teruel;Inglés técnico;Normal;Optativa;100.00;100.00;100.00;12;12;12;1.00;27/09/2020
2018;Grado;Grado: Ingeniería Informática;Zaragoza;Escuela de Ingeniería y Arquitectura;Trabajo fin de Grado (Ingeniería de computadores);Trabajo fin de grado;Trabajo fin de Grado;100.00;72.73;72.73;11;8;8;1.00;27/09/2020
2018;Grado;Grado: Ingeniería Informática;Zaragoza;Escuela de Ingeniería y Arquitectura;Trabajo fin de Grado (Ingeniería del Software);Trabajo fin de grado;Trabajo fin de Grado;100.00;90.00;90.00;10;9;9;1.00;27/09/2020
2018;Grado;Grado: Ingeniería Informática;Zaragoza;Escuela de Ingeniería y Arquitectura;Trabajo fin de Grado  (Sistemas de Información);Trabajo fin de grado;Trabajo fin de Grado;100.00;70.59;70.59;17;12;12;1.00;27/09/2020
2018;Grado;Grado: Ingeniería Informática;Teruel;Escuela Universitaria Politécnica de Teruel;Trabajo fin de Grado  (Sistemas de Información);Trabajo fin de grado;Trabajo fin de Grado;100.00;50.00;50.00;10;5;5;1.00;27/09/2020
2018;Grado;Grado: Ingeniería Informática;Zaragoza;Escuela de Ingeniería y Arquitectura;Trabajo fin de Grado (Tecnologías de la Información);Trabajo fin de grado;Trabajo fin de Grado;100.00;40.00;40.00;5;2;2;1.00;27/09/2020
2018;Grado;Grado: Ingeniería Informática;Teruel;Escuela Universitaria Politécnica de Teruel;Trabajo fin de Grado (Tecnologías de la Información);Trabajo fin de grado;Trabajo fin de Grado;100.00;71.43;71.43;7;5;5;1.00;27/09/2020
2018;Grado;Grado: Ingeniería de Tecnologías y Servicios de Telecomunicación;Zaragoza;Escuela de Ingeniería y Arquitectura;Matemáticas I;Normal;Formación básica;50.00;33.33;66.67;3;1;2;2.00;27/09/2020
2018;Grado;Grado: Ingeniería de Tecnologías y Servicios de Telecomunicación;Zaragoza;Escuela de Ingeniería y Arquitectura;Fundamentos de física;Normal;Formación básica;76.83;55.26;71.93;114;63;82;1.42;27/09/2020
2018;Grado;Grado: Ingeniería de Tecnologías y Servicios de Telecomunicación;Zaragoza;Escuela de Ingeniería y Arquitectura;Circuitos y sistemas;Normal;Formación básica;43.06;27.19;63.16;114;31;72;1.64;27/09/2020
2018;Grado;Grado: Ingeniería de Tecnologías y Servicios de Telecomunicación;Zaragoza;Escuela de Ingeniería y Arquitectura;Fundamentos de informática;Normal;Formación básica;73.13;43.36;59.29;113;49;67;1.25;27/09/2020
2018;Grado;Grado: Ingeniería de Tecnologías y Servicios de Telecomunicación;Zaragoza;Escuela de Ingeniería y Arquitectura;Matemáticas II;Normal;Formación básica;63.64;63.64;100.00;11;7;11;2.14;27/09/2020
2018;Grado;Grado: Ingeniería de Tecnologías y Servicios de Telecomunicación;Zaragoza;Escuela de Ingeniería y Arquitectura;Señales y sistemas;Normal;Obligatoria;100.00;83.33;83.33;6;5;5;3.57;27/09/2020
2018;Grado;Grado: Ingeniería de Tecnologías y Servicios de Telecomunicación;Zaragoza;Escuela de Ingeniería y Arquitectura;Matemáticas III;Normal;Formación básica;73.91;68.00;92.00;25;17;23;3.59;27/09/2020
2018;Grado;Grado: Ingeniería de Tecnologías y Servicios de Telecomunicación;Zaragoza;Escuela de Ingeniería y Arquitectura;Fundamentos de electrónica;Normal;Formación básica;50.00;50.00;100.00;2;1;2;1.33;27/09/2020
2018;Grado;Grado: Ingeniería de Tecnologías y Servicios de Telecomunicación;Zaragoza;Escuela de Ingeniería y Arquitectura;Probabilidad y procesos;Normal;Formación básica;;;;0;0;0;1.00;27/09/2020
2018;Grado;Grado: Ingeniería de Tecnologías y Servicios de Telecomunicación;Zaragoza;Escuela de Ingeniería y Arquitectura;Fundamentos de administración de empresas;Normal;Formación básica;62.79;56.25;89.58;96;54;86;1.41;27/09/2020
2018;Grado;Grado: Ingeniería de Tecnologías y Servicios de Telecomunicación;Zaragoza;Escuela de Ingeniería y Arquitectura;Electromagnetismo y ondas;Normal;Formación básica;90.91;74.07;81.48;54;40;44;1.37;27/09/2020
2018;Grado;Grado: Ingeniería de Tecnologías y Servicios de Telecomunicación;Zaragoza;Escuela de Ingeniería y Arquitectura;Electrónica analógica;Normal;Obligatoria;82.00;80.39;98.04;52;42;51;1.62;27/09/2020
2018;Grado;Grado: Ingeniería de Tecnologías y Servicios de Telecomunicación;Zaragoza;Escuela de Ingeniería y Arquitectura;Procesado digital de señales;Normal;Obligatoria;82.35;82.35;100.00;51;42;51;1.43;27/09/2020
2018;Grado;Grado: Ingeniería de Tecnologías y Servicios de Telecomunicación;Zaragoza;Escuela de Ingeniería y Arquitectura;Fundamentos de redes;Normal;Obligatoria;65.49;51.03;77.93;145;74;113;1.44;27/09/2020
2018;Grado;Grado: Ingeniería de Tecnologías y Servicios de Telecomunicación;Zaragoza;Escuela de Ingeniería y Arquitectura;Teoría de comunicación;Normal;Obligatoria;83.78;77.50;92.50;40;31;37;1.55;27/09/2020
2018;Grado;Grado: Ingeniería de Tecnologías y Servicios de Telecomunicación;Zaragoza;Escuela de Ingeniería y Arquitectura;Electrónica digital;Normal;Obligatoria;87.80;70.59;80.39;52;37;42;1.67;27/09/2020
2018;Grado;Grado: Ingeniería de Tecnologías y Servicios de Telecomunicación;Zaragoza;Escuela de Ingeniería y Arquitectura;Tecnologías e interconexión de redes;Normal;Obligatoria;80.43;71.15;88.46;52;37;46;1.70;27/09/2020
2018;Grado;Grado: Ingeniería de Tecnologías y Servicios de Telecomunicación;Zaragoza;Escuela de Ingeniería y Arquitectura;Propagación y medios de transmisión;Normal;Obligatoria;93.88;85.19;90.74;54;46;49;1.07;27/09/2020
2018;Grado;Grado: Ingeniería de Tecnologías y Servicios de Telecomunicación;Zaragoza;Escuela de Ingeniería y Arquitectura;Comunicaciones digitales;Normal;Obligatoria;76.19;65.31;85.71;49;32;42;1.44;27/09/2020
2018;Grado;Grado: Ingeniería de Tecnologías y Servicios de Telecomunicación;Zaragoza;Escuela de Ingeniería y Arquitectura;Sistemas electrónicos con microprocesadores;Normal;Obligatoria;85.37;77.78;91.11;46;36;42;1.38;27/09/2020
2018;Grado;Grado: Ingeniería de Tecnologías y Servicios de Telecomunicación;Zaragoza;Escuela de Ingeniería y Arquitectura;Planificación y dimensionado de redes;Normal;Obligatoria;76.47;68.42;89.47;57;39;51;1.46;27/09/2020
2018;Grado;Grado: Ingeniería de Tecnologías y Servicios de Telecomunicación;Zaragoza;Escuela de Ingeniería y Arquitectura;Arquitectura de sistemas;Normal;Obligatoria;84.09;74.00;88.00;52;39;46;1.44;27/09/2020
2018;Grado;Grado: Ingeniería de Tecnologías y Servicios de Telecomunicación;Zaragoza;Escuela de Ingeniería y Arquitectura;Programación de redes y servicios;Normal;Obligatoria;89.74;76.09;84.78;48;37;41;1.30;27/09/2020
2018;Grado;Grado: Ingeniería de Tecnologías y Servicios de Telecomunicación;Zaragoza;Escuela de Ingeniería y Arquitectura;Gestión de proyectos de telecomunicación;Normal;Obligatoria;100.00;100.00;100.00;33;33;33;1.00;27/09/2020
2018;Grado;Grado: Ingeniería de Tecnologías y Servicios de Telecomunicación;Zaragoza;Escuela de Ingeniería y Arquitectura;Electrónica de radiofrecuencia;Normal;Obligatoria;100.00;100.00;100.00;4;4;4;1.00;27/09/2020
2018;Grado;Grado: Ingeniería de Tecnologías y Servicios de Telecomunicación;Zaragoza;Escuela de Ingeniería y Arquitectura;Laboratorio de diseño electrónico;Normal;Optativa;100.00;87.50;87.50;8;7;7;1.00;27/09/2020
2018;Grado;Grado: Ingeniería de Tecnologías y Servicios de Telecomunicación;Zaragoza;Escuela de Ingeniería y Arquitectura;Electrónica de potencia;Normal;Obligatoria;100.00;100.00;100.00;5;5;5;1.00;27/09/2020
2018;Grado;Grado: Ingeniería de Tecnologías y Servicios de Telecomunicación;Zaragoza;Escuela de Ingeniería y Arquitectura;Electrónica de comunicaciones;Normal;Obligatoria;100.00;100.00;100.00;5;5;5;1.00;27/09/2020
2018;Grado;Grado: Ingeniería de Tecnologías y Servicios de Telecomunicación;Zaragoza;Escuela de Ingeniería y Arquitectura;Sistemas electrónicos digitales;Normal;Optativa;83.33;83.33;100.00;9;8;9;1.12;27/09/2020
2018;Grado;Grado: Ingeniería de Tecnologías y Servicios de Telecomunicación;Zaragoza;Escuela de Ingeniería y Arquitectura;Instrumentación electrónica;Normal;Obligatoria;100.00;100.00;100.00;5;5;5;1.40;27/09/2020
2018;Grado;Grado: Ingeniería de Tecnologías y Servicios de Telecomunicación;Zaragoza;Escuela de Ingeniería y Arquitectura;Sistemas electrónicos de audio y vídeo;Normal;Optativa;100.00;100.00;100.00;17;17;17;1.00;27/09/2020
2018;Grado;Grado: Ingeniería de Tecnologías y Servicios de Telecomunicación;Zaragoza;Escuela de Ingeniería y Arquitectura;Sistemas electrónicos en telecomunicaciones;Normal;Obligatoria;100.00;100.00;100.00;10;10;10;1.00;27/09/2020
2018;Grado;Grado: Ingeniería de Tecnologías y Servicios de Telecomunicación;Zaragoza;Escuela de Ingeniería y Arquitectura;Aplicaciones de procesado digital de señal;Normal;Optativa;96.15;92.59;96.30;27;25;26;1.16;27/09/2020
2018;Grado;Grado: Ingeniería de Tecnologías y Servicios de Telecomunicación;Zaragoza;Escuela de Ingeniería y Arquitectura;Tecnologías de radiofrecuencia;Normal;Obligatoria;77.27;70.83;91.67;26;19;24;1.63;27/09/2020
2018;Grado;Grado: Ingeniería de Tecnologías y Servicios de Telecomunicación;Zaragoza;Escuela de Ingeniería y Arquitectura;Dispositivos y sistemas de transmisión óptica;Normal;Optativa;100.00;96.00;96.00;25;24;24;1.04;27/09/2020
2018;Grado;Grado: Ingeniería de Tecnologías y Servicios de Telecomunicación;Zaragoza;Escuela de Ingeniería y Arquitectura;Comunicaciones audiovisuales;Normal;Optativa;100.00;90.48;90.48;22;20;20;1.10;27/09/2020
2018;Grado;Grado: Ingeniería de Tecnologías y Servicios de Telecomunicación;Zaragoza;Escuela de Ingeniería y Arquitectura;Servicios y sistemas de telecomunicación;Normal;Obligatoria;95.00;86.36;90.91;22;19;20;1.63;27/09/2020
2018;Grado;Grado: Ingeniería de Tecnologías y Servicios de Telecomunicación;Zaragoza;Escuela de Ingeniería y Arquitectura;Fundamentos de alta frecuencia;Normal;Obligatoria;100.00;100.00;100.00;17;17;17;1.00;27/09/2020
2018;Grado;Grado: Ingeniería de Tecnologías y Servicios de Telecomunicación;Zaragoza;Escuela de Ingeniería y Arquitectura;Sistemas de radiocomunicación;Normal;Obligatoria;75.00;75.00;100.00;17;14;17;1.36;27/09/2020
2018;Grado;Grado: Ingeniería de Tecnologías y Servicios de Telecomunicación;Zaragoza;Escuela de Ingeniería y Arquitectura;Equipos y sistemas de transmisión;Normal;Optativa;81.82;75.00;91.67;18;15;17;1.40;27/09/2020
2018;Grado;Grado: Ingeniería de Tecnologías y Servicios de Telecomunicación;Zaragoza;Escuela de Ingeniería y Arquitectura;Producción de audio y vídeo;Normal;Optativa;100.00;83.33;83.33;14;12;12;1.00;27/09/2020
2018;Grado;Grado: Ingeniería de Tecnologías y Servicios de Telecomunicación;Zaragoza;Escuela de Ingeniería y Arquitectura;Ingeniería multimedia e interactividad;Normal;Optativa;100.00;100.00;100.00;23;23;23;1.09;27/09/2020
2018;Grado;Grado: Ingeniería de Tecnologías y Servicios de Telecomunicación;Zaragoza;Escuela de Ingeniería y Arquitectura;Redes de acceso;Normal;Obligatoria;93.33;82.35;88.24;18;15;16;1.13;27/09/2020
2018;Grado;Grado: Ingeniería de Tecnologías y Servicios de Telecomunicación;Zaragoza;Escuela de Ingeniería y Arquitectura;Redes de transporte;Normal;Obligatoria;100.00;100.00;100.00;19;19;19;1.00;27/09/2020
2018;Grado;Grado: Ingeniería de Tecnologías y Servicios de Telecomunicación;Zaragoza;Escuela de Ingeniería y Arquitectura;Gestión de red;Normal;Optativa;100.00;95.00;95.00;22;21;21;1.00;27/09/2020
2018;Grado;Grado: Ingeniería de Tecnologías y Servicios de Telecomunicación;Zaragoza;Escuela de Ingeniería y Arquitectura;Seguridad en redes y servicios;Normal;Optativa;100.00;100.00;100.00;22;21;21;1.00;27/09/2020
2018;Grado;Grado: Ingeniería de Tecnologías y Servicios de Telecomunicación;Zaragoza;Escuela de Ingeniería y Arquitectura;Redes móviles;Normal;Obligatoria;100.00;93.33;93.33;16;15;15;1.13;27/09/2020
2018;Grado;Grado: Ingeniería de Tecnologías y Servicios de Telecomunicación;Zaragoza;Escuela de Ingeniería y Arquitectura;Diseño y evaluación de redes;Normal;Obligatoria;100.00;85.71;85.71;9;8;8;1.00;27/09/2020
2018;Grado;Grado: Ingeniería de Tecnologías y Servicios de Telecomunicación;Zaragoza;Escuela de Ingeniería y Arquitectura;Comercio electrónico;Normal;Obligatoria;100.00;100.00;100.00;17;16;16;1.12;27/09/2020
2018;Grado;Grado: Ingeniería de Tecnologías y Servicios de Telecomunicación;Zaragoza;Escuela de Ingeniería y Arquitectura;Laboratorio de señal y comunicaciones;Normal;Optativa;100.00;100.00;100.00;13;13;13;1.00;27/09/2020
2018;Grado;Grado: Ingeniería de Tecnologías y Servicios de Telecomunicación;Zaragoza;Escuela de Ingeniería y Arquitectura;Laboratorio de comunicaciones ópticas;Normal;Optativa;100.00;100.00;100.00;16;15;15;1.00;27/09/2020
2018;Grado;Grado: Ingeniería de Tecnologías y Servicios de Telecomunicación;Zaragoza;Escuela de Ingeniería y Arquitectura;Fuentes de alimentación electrónica;Normal;Optativa;80.00;80.00;100.00;6;5;6;1.00;27/09/2020
2018;Grado;Grado: Ingeniería de Tecnologías y Servicios de Telecomunicación;Zaragoza;Escuela de Ingeniería y Arquitectura;Sistemas de información;Normal;Optativa;100.00;100.00;100.00;3;2;2;1.00;27/09/2020
2018;Grado;Grado: Ingeniería de Tecnologías y Servicios de Telecomunicación;Zaragoza;Escuela de Ingeniería y Arquitectura;Sistemas de información II;Normal;Optativa;100.00;100.00;100.00;3;3;3;1.00;27/09/2020
2018;Grado;Grado: Ingeniería de Tecnologías y Servicios de Telecomunicación;Zaragoza;Escuela de Ingeniería y Arquitectura;Trabajo fin de Grado (Sistemas Electrónicos);Trabajo fin de grado;Trabajo fin de Grado;100.00;68.75;68.75;16;11;11;1.00;27/09/2020
2018;Grado;Grado: Ingeniería de Tecnologías y Servicios de Telecomunicación;Zaragoza;Escuela de Ingeniería y Arquitectura;Trabajo fin de Grado (Sistemas de Telecomunicación);Trabajo fin de grado;Trabajo fin de Grado;100.00;93.75;93.75;19;18;18;1.00;27/09/2020
2018;Grado;Grado: Ingeniería de Tecnologías y Servicios de Telecomunicación;Zaragoza;Escuela de Ingeniería y Arquitectura;Trabajo fin de Grado (Telemática);Trabajo fin de grado;Trabajo fin de Grado;100.00;66.67;66.67;10;7;7;1.00;27/09/2020
2018;Grado;Grado: Ingeniería de Tecnologías y Servicios de Telecomunicación;Zaragoza;Escuela de Ingeniería y Arquitectura;Análisis y diseño de software;Normal;Obligatoria;100.00;100.00;100.00;8;8;8;1.00;27/09/2020
2018;Grado;Grado: Ingeniería de Tecnologías y Servicios de Telecomunicación;Zaragoza;Escuela de Ingeniería y Arquitectura;Cálculo;Normal;Formación básica;38.89;26.42;67.92;106;28;72;1.36;27/09/2020
2018;Grado;Grado: Ingeniería de Tecnologías y Servicios de Telecomunicación;Zaragoza;Escuela de Ingeniería y Arquitectura;Álgebra;Normal;Formación básica;50.00;38.74;77.48;111;43;86;1.21;27/09/2020
2018;Grado;Grado: Ingeniería de Tecnologías y Servicios de Telecomunicación;Zaragoza;Escuela de Ingeniería y Arquitectura;Cálculo vectorial y diferencial;Normal;Formación básica;65.00;34.51;53.10;113;39;60;1.15;27/09/2020
2018;Grado;Grado: Ingeniería de Tecnologías y Servicios de Telecomunicación;Zaragoza;Escuela de Ingeniería y Arquitectura;Introducción a los computadores;Normal;Obligatoria;55.07;33.04;60.00;115;38;69;1.34;27/09/2020
2018;Grado;Grado: Ingeniería de Tecnologías y Servicios de Telecomunicación;Zaragoza;Escuela de Ingeniería y Arquitectura;Matemáticas para la telecomunicación;Normal;Obligatoria;76.62;52.21;68.14;113;59;77;1.15;27/09/2020
2018;Grado;Grado: Ingeniería de Tecnologías y Servicios de Telecomunicación;Zaragoza;Escuela de Ingeniería y Arquitectura;Interconexión de redes;Normal;Obligatoria;;;;0;0;0;1.00;27/09/2020
2018;Grado;Grado: Ingeniería de Tecnologías y Servicios de Telecomunicación;Zaragoza;Escuela de Ingeniería y Arquitectura;Seguridad en redes y servicios;Normal;Optativa;;;;0;0;0;1.00;27/09/2020
2018;Grado;Grado: Ingeniería de Tecnologías y Servicios de Telecomunicación;Zaragoza;Escuela de Ingeniería y Arquitectura;Análisis y diseño de software;Normal;Optativa;;;;0;0;0;1.00;27/09/2020
2018;Grado;Grado: Lenguas Modernas;Zaragoza;Facultad de Filosofía y Letras;Destrezas lingüísticas en español;Normal;Formación básica;90.70;78.00;86.00;50;39;43;1.18;27/09/2020
2018;Grado;Grado: Lenguas Modernas;Zaragoza;Facultad de Filosofía y Letras;Comunicación oral y escrita en lengua alemana I;Normal;Formación básica;100.00;93.75;93.75;16;15;15;1.07;27/09/2020
2018;Grado;Grado: Lenguas Modernas;Zaragoza;Facultad de Filosofía y Letras;Comunicación oral y escrita en lengua árabe I;Normal;Optativa;75.00;66.67;88.89;9;6;8;1.00;27/09/2020
2018;Grado;Grado: Lenguas Modernas;Zaragoza;Facultad de Filosofía y Letras;Comunicación oral y escrita en lengua francesa I;Normal;Optativa;93.55;85.29;91.18;34;29;31;1.03;27/09/2020
2018;Grado;Grado: Lenguas Modernas;Zaragoza;Facultad de Filosofía y Letras;Comunicación oral y escrita en lengua inglesa I;Normal;Formación básica;96.43;90.00;93.33;30;27;28;1.03;27/09/2020
2018;Grado;Grado: Lenguas Modernas;Zaragoza;Facultad de Filosofía y Letras;Comunicación oral y escrita en lengua italiana I;Normal;Formación básica;100.00;87.50;87.50;8;7;7;1.00;27/09/2020
2018;Grado;Grado: Lenguas Modernas;Zaragoza;Facultad de Filosofía y Letras;Comunicación oral y escrita en lengua alemana II;Normal;Formación básica;100.00;68.75;68.75;16;11;11;1.00;27/09/2020
2018;Grado;Grado: Lenguas Modernas;Zaragoza;Facultad de Filosofía y Letras;Comunicación oral y escrita en lengua árabe II;Normal;Optativa;85.71;66.67;77.78;9;6;7;1.00;27/09/2020
2018;Grado;Grado: Lenguas Modernas;Zaragoza;Facultad de Filosofía y Letras;Comunicación oral y escrita en lengua francesa II;Normal;Optativa;69.44;62.50;90.00;40;25;36;1.46;27/09/2020
2018;Grado;Grado: Lenguas Modernas;Zaragoza;Facultad de Filosofía y Letras;Comunicación oral y escrita en lengua inglesa II;Normal;Formación básica;64.52;62.50;96.88;32;20;31;1.14;27/09/2020
2018;Grado;Grado: Lenguas Modernas;Zaragoza;Facultad de Filosofía y Letras;Comunicación oral y escrita en lengua italiana II;Normal;Formación básica;100.00;66.67;66.67;9;6;6;1.00;27/09/2020
2018;Grado;Grado: Lenguas Modernas;Zaragoza;Facultad de Filosofía y Letras;Lingüística general y comparada (aplicada a las lenguas del Grado);Normal;Formación básica;87.27;77.42;88.71;62;48;55;1.42;27/09/2020
2018;Grado;Grado: Lenguas Modernas;Zaragoza;Facultad de Filosofía y Letras;Comunicación oral y escrita en lengua alemana III;Normal;Obligatoria;94.74;90.00;95.00;20;18;19;1.06;27/09/2020
2018;Grado;Grado: Lenguas Modernas;Zaragoza;Facultad de Filosofía y Letras;Comunicación oral y escrita en lengua francesa III;Normal;Obligatoria;79.55;76.09;95.65;46;35;44;1.61;27/09/2020
2018;Grado;Grado: Lenguas Modernas;Zaragoza;Facultad de Filosofía y Letras;Comunicación oral y escrita en lengua inglesa III;Normal;Obligatoria;76.92;76.92;100.00;26;20;26;1.15;27/09/2020
2018;Grado;Grado: Lenguas Modernas;Zaragoza;Facultad de Filosofía y Letras;Comunicación oral y escrita en lengua italiana III;Normal;Obligatoria;100.00;88.89;88.89;9;8;8;1.00;27/09/2020
2018;Grado;Grado: Lenguas Modernas;Zaragoza;Facultad de Filosofía y Letras;Herramientas de estudio de la lengua francesa;Normal;Obligatoria;92.68;82.61;89.13;46;38;41;1.18;27/09/2020
2018;Grado;Grado: Lenguas Modernas;Zaragoza;Facultad de Filosofía y Letras;Gramática alemana;Normal;Obligatoria;94.12;88.89;94.44;18;16;17;1.00;27/09/2020
2018;Grado;Grado: Lenguas Modernas;Zaragoza;Facultad de Filosofía y Letras;Gramática francesa;Normal;Obligatoria;100.00;91.67;91.67;36;33;33;1.06;27/09/2020
2018;Grado;Grado: Lenguas Modernas;Zaragoza;Facultad de Filosofía y Letras;Gramática inglesa;Normal;Obligatoria;95.65;75.86;79.31;29;22;23;1.09;27/09/2020
2018;Grado;Grado: Lenguas Modernas;Zaragoza;Facultad de Filosofía y Letras;Gramática italiana;Normal;Obligatoria;100.00;88.89;88.89;9;8;8;1.00;27/09/2020
2018;Grado;Grado: Lenguas Modernas;Zaragoza;Facultad de Filosofía y Letras;Introducción a la cultura alemana;Normal;Obligatoria;100.00;94.74;94.74;19;18;18;1.00;27/09/2020
2018;Grado;Grado: Lenguas Modernas;Zaragoza;Facultad de Filosofía y Letras;Introducción a la cultura francesa;Normal;Obligatoria;76.47;68.42;89.47;38;26;34;1.42;27/09/2020
2018;Grado;Grado: Lenguas Modernas;Zaragoza;Facultad de Filosofía y Letras;Introducción a la cultura inglesa;Normal;Obligatoria;100.00;96.55;96.55;29;28;28;1.36;27/09/2020
2018;Grado;Grado: Lenguas Modernas;Zaragoza;Facultad de Filosofía y Letras;Introducción a la cultura italiana;Normal;Obligatoria;100.00;90.00;90.00;10;9;9;1.00;27/09/2020
2018;Grado;Grado: Lenguas Modernas;Zaragoza;Facultad de Filosofía y Letras;Herramientas de estudio de la literatura francesa;Normal;Obligatoria;98.08;87.93;89.66;58;51;52;1.24;27/09/2020
2018;Grado;Grado: Lenguas Modernas;Zaragoza;Facultad de Filosofía y Letras;Introducción a la literatura alemana;Normal;Obligatoria;100.00;80.00;80.00;19;17;17;1.06;27/09/2020
2018;Grado;Grado: Lenguas Modernas;Zaragoza;Facultad de Filosofía y Letras;Introducción a la literatura árabe;Normal;Obligatoria;;;;2;0;1;;27/09/2020
2018;Grado;Grado: Lenguas Modernas;Zaragoza;Facultad de Filosofía y Letras;Introducción a la literatura francesa;Normal;Obligatoria;82.35;73.68;89.47;33;26;30;1.27;27/09/2020
2018;Grado;Grado: Lenguas Modernas;Zaragoza;Facultad de Filosofía y Letras;Introducción a la literatura inglesa;Normal;Obligatoria;85.71;60.00;70.00;22;16;18;1.00;27/09/2020
2018;Grado;Grado: Lenguas Modernas;Zaragoza;Facultad de Filosofía y Letras;Introducción a la literatura italiana;Normal;Obligatoria;100.00;100.00;100.00;4;4;4;1.00;27/09/2020
2018;Grado;Grado: Lenguas Modernas;Zaragoza;Facultad de Filosofía y Letras;Comunicación oral y escrita avanzada en lengua francesa I;Normal;Obligatoria;61.90;59.09;95.45;41;31;40;1.19;27/09/2020
2018;Grado;Grado: Lenguas Modernas;Zaragoza;Facultad de Filosofía y Letras;Cultura francesa I;Normal;Obligatoria;72.22;54.17;75.00;43;30;36;1.07;27/09/2020
2018;Grado;Grado: Lenguas Modernas;Zaragoza;Facultad de Filosofía y Letras;Lingüística francesa I;Normal;Obligatoria;100.00;95.45;95.45;40;36;38;1.08;27/09/2020
2018;Grado;Grado: Lenguas Modernas;Zaragoza;Facultad de Filosofía y Letras;Literatura francesa de la Edad Media;Normal;Obligatoria;56.52;43.33;76.67;48;29;40;1.10;27/09/2020
2018;Grado;Grado: Lenguas Modernas;Zaragoza;Facultad de Filosofía y Letras;Literatura francesa del siglo XVI;Normal;Obligatoria;76.92;45.45;59.09;39;26;30;1.08;27/09/2020
2018;Grado;Grado: Lenguas Modernas;Zaragoza;Facultad de Filosofía y Letras;Comunicación oral y escrita avanzada en lengua francesa II;Normal;Obligatoria;76.47;59.09;77.27;40;31;35;1.23;27/09/2020
2018;Grado;Grado: Lenguas Modernas;Zaragoza;Facultad de Filosofía y Letras;Cultura francesa II;Normal;Obligatoria;100.00;72.22;72.22;36;31;31;1.03;27/09/2020
2018;Grado;Grado: Lenguas Modernas;Zaragoza;Facultad de Filosofía y Letras;Lingüística francesa II;Normal;Obligatoria;95.00;73.08;76.92;32;24;26;1.25;27/09/2020
2018;Grado;Grado: Lenguas Modernas;Zaragoza;Facultad de Filosofía y Letras;Lingüística francesa III;Normal;Obligatoria;100.00;76.19;76.19;26;19;20;1.00;27/09/2020
2018;Grado;Grado: Lenguas Modernas;Zaragoza;Facultad de Filosofía y Letras;Literatura francesa del siglo XVII;Normal;Obligatoria;88.24;78.95;89.47;24;19;21;1.00;27/09/2020
2018;Grado;Grado: Lenguas Modernas;Zaragoza;Facultad de Filosofía y Letras;Literatura francesa del siglo XVIII;Normal;Obligatoria;94.44;77.27;81.82;27;22;23;1.41;27/09/2020
2018;Grado;Grado: Lenguas Modernas;Zaragoza;Facultad de Filosofía y Letras;Traducción francés/español;Normal;Obligatoria;85.00;80.95;95.24;26;22;25;1.32;27/09/2020
2018;Grado;Grado: Lenguas Modernas;Zaragoza;Facultad de Filosofía y Letras;Literatura francesa del siglo XIX;Normal;Obligatoria;84.00;75.00;89.29;31;23;28;1.35;27/09/2020
2018;Grado;Grado: Lenguas Modernas;Zaragoza;Facultad de Filosofía y Letras;Trabajo fin de Grado;Trabajo fin de grado;Trabajo fin de Grado;100.00;68.57;68.57;35;24;24;1.00;27/09/2020
2018;Grado;Grado: Lenguas Modernas;Zaragoza;Facultad de Filosofía y Letras;Historia de la lengua francesa;Normal;Optativa;100.00;83.33;83.33;7;6;6;1.00;27/09/2020
2018;Grado;Grado: Lenguas Modernas;Zaragoza;Facultad de Filosofía y Letras;Sociolingüística del francés;Normal;Optativa;100.00;100.00;100.00;17;16;17;1.00;27/09/2020
2018;Grado;Grado: Lenguas Modernas;Zaragoza;Facultad de Filosofía y Letras;Gramática francesa comparada;Normal;Optativa;100.00;80.00;80.00;10;8;8;1.00;27/09/2020
2018;Grado;Grado: Lenguas Modernas;Zaragoza;Facultad de Filosofía y Letras;Literatura francesa del siglo XX;Normal;Optativa;100.00;100.00;100.00;3;3;3;1.00;27/09/2020
2018;Grado;Grado: Lenguas Modernas;Zaragoza;Facultad de Filosofía y Letras;Literatura francesa actual;Normal;Optativa;100.00;75.00;75.00;5;4;4;1.00;27/09/2020
2018;Grado;Grado: Lenguas Modernas;Zaragoza;Facultad de Filosofía y Letras;Mediación en lengua francesa;Normal;Optativa;100.00;94.12;94.12;19;18;18;1.00;27/09/2020
2018;Grado;Grado: Lenguas Modernas;Zaragoza;Facultad de Filosofía y Letras;Traducción francés/español de textos literarios y periodísticos;Normal;Optativa;100.00;100.00;100.00;8;7;8;1.14;27/09/2020
2018;Grado;Grado: Programa conjunto ADE/Derecho;Zaragoza;Facultad de Derecho;Derecho Constitucional I;Normal;Formación básica;97.50;96.30;98.77;81;78;80;1.08;27/09/2020
2018;Grado;Grado: Programa conjunto ADE/Derecho;Zaragoza;Facultad de Derecho;Teoría del Derecho;Normal;Formación básica;98.77;97.56;98.78;82;80;81;1.04;27/09/2020
2018;Grado;Grado: Programa conjunto ADE/Derecho;Zaragoza;Facultad de Derecho;Derecho Internacional Público;Normal;Formación básica;96.20;91.57;95.18;83;76;79;1.09;27/09/2020
2018;Grado;Grado: Programa conjunto ADE/Derecho;Zaragoza;Facultad de Derecho;Derecho Civil: Persona y bienes;Normal;Formación básica;94.81;90.12;95.06;81;73;77;1.15;27/09/2020
2018;Grado;Grado: Programa conjunto ADE/Derecho;Zaragoza;Facultad de Derecho;Derecho Constitucional II;Normal;Obligatoria;88.89;77.11;86.75;83;64;72;1.33;27/09/2020
2018;Grado;Grado: Programa conjunto ADE/Derecho;Zaragoza;Facultad de Derecho;Derecho Penal. Parte general;Normal;Obligatoria;88.89;87.80;98.78;82;72;81;1.33;27/09/2020
2018;Grado;Grado: Programa conjunto ADE/Derecho;Zaragoza;Facultad de Derecho;Derecho Civil: Obligaciones y Contratos;Normal;Obligatoria;93.59;93.59;100.00;78;73;78;1.11;27/09/2020
2018;Grado;Grado: Programa conjunto ADE/Derecho;Zaragoza;Facultad de Derecho;Derecho Administrativo. Parte General;Normal;Obligatoria;100.00;100.00;100.00;76;76;76;1.01;27/09/2020
2018;Grado;Grado: Programa conjunto ADE/Derecho;Zaragoza;Facultad de Derecho;Derecho Penal. Parte Especial;Normal;Obligatoria;88.61;87.50;98.75;80;70;79;1.26;27/09/2020
2018;Grado;Grado: Programa conjunto ADE/Derecho;Zaragoza;Facultad de Derecho;Derecho Procesal I;Normal;Obligatoria;91.14;86.75;95.18;84;73;80;1.21;27/09/2020
2018;Grado;Grado: Programa conjunto ADE/Derecho;Zaragoza;Facultad de Derecho;Derecho individual y colectivo del trabajo;Normal;Obligatoria;97.53;97.53;100.00;82;80;82;1.19;27/09/2020
2018;Grado;Grado: Programa conjunto ADE/Derecho;Zaragoza;Facultad de Derecho;Instituciones de la Unión Europea;Normal;Formación básica;98.67;98.67;100.00;76;75;76;1.09;27/09/2020
2018;Grado;Grado: Programa conjunto ADE/Derecho;Zaragoza;Facultad de Derecho;Derecho de la protección social;Normal;Obligatoria;94.44;85.00;90.00;80;68;72;1.12;27/09/2020
2018;Grado;Grado: Programa conjunto ADE/Derecho;Zaragoza;Facultad de Derecho;Derecho Administrativo. Parte Especial;Normal;Obligatoria;92.21;91.03;98.72;79;72;78;1.12;27/09/2020
2018;Grado;Grado: Programa conjunto ADE/Derecho;Zaragoza;Facultad de Derecho;Derecho de Familia y Sucesiones;Normal;Obligatoria;96.00;94.74;98.68;76;72;75;1.10;27/09/2020
2018;Grado;Grado: Programa conjunto ADE/Derecho;Zaragoza;Facultad de Derecho;Derecho Procesal II;Normal;Obligatoria;98.63;96.00;97.33;81;78;79;1.09;27/09/2020
2018;Grado;Grado: Programa conjunto ADE/Derecho;Zaragoza;Facultad de Derecho;Derecho Mercantil I;Normal;Obligatoria;95.77;93.15;97.26;77;71;75;1.11;27/09/2020
2018;Grado;Grado: Programa conjunto ADE/Derecho;Zaragoza;Facultad de Derecho;Derecho Mercantil II;Normal;Obligatoria;97.14;94.44;97.22;78;74;76;1.09;27/09/2020
2018;Grado;Grado: Programa conjunto ADE/Derecho;Zaragoza;Facultad de Derecho;Derecho Financiero y Tributario I;Normal;Obligatoria;97.18;97.18;100.00;75;73;75;1.22;27/09/2020
2018;Grado;Grado: Programa conjunto ADE/Derecho;Zaragoza;Facultad de Derecho;Derecho Civil Aragonés;Normal;Obligatoria;93.85;93.85;100.00;77;73;77;1.25;27/09/2020
2018;Grado;Grado: Programa conjunto ADE/Derecho;Zaragoza;Facultad de Derecho;Derecho y Ética;Normal;Obligatoria;100.00;94.92;94.92;69;66;66;1.00;27/09/2020
2018;Grado;Grado: Programa conjunto ADE/Derecho;Zaragoza;Facultad de Derecho;Derecho Internacional Privado;Normal;Obligatoria;92.54;84.93;91.78;87;76;81;1.39;27/09/2020
2018;Grado;Grado: Programa conjunto ADE/Derecho;Zaragoza;Facultad de Derecho;Derecho financiero y tributario II;Normal;Obligatoria;100.00;98.57;98.57;83;82;82;1.15;27/09/2020
2018;Grado;Grado: Programa conjunto ADE/Derecho;Zaragoza;Facultad de Derecho;Derecho Ambiental;Normal;Obligatoria;98.48;89.04;90.41;85;77;78;1.09;27/09/2020
2018;Grado;Grado: Programa conjunto ADE/Derecho;Zaragoza;Facultad de Derecho;Practicum;Prácticas externas;Prácticas externas;100.00;92.59;92.59;81;75;75;1.00;27/09/2020
2018;Grado;Grado: Programa conjunto ADE/Derecho;Zaragoza;Facultad de Derecho;Trabajo fin de Grado (Derecho);Trabajo fin de grado;Trabajo fin de Grado;100.00;87.50;87.50;72;63;63;1.00;27/09/2020
2018;Grado;Grado: Programa conjunto ADE/Derecho;Zaragoza;Facultad de Derecho;Derecho eclesiástico del Estado;Normal;Obligatoria;96.15;92.59;96.30;81;75;78;1.27;27/09/2020
2018;Grado;Grado: Programa conjunto ADE/Derecho;Zaragoza;Facultad de Derecho;Contabilidad Financiera I;Normal;Formación básica;98.80;98.80;100.00;83;82;83;1.09;27/09/2020
2018;Grado;Grado: Programa conjunto ADE/Derecho;Zaragoza;Facultad de Derecho;Fundamentos de Administración y Dirección de Empresas;Normal;Formación básica;98.77;97.56;98.78;82;80;81;1.01;27/09/2020
2018;Grado;Grado: Programa conjunto ADE/Derecho;Zaragoza;Facultad de Derecho;Matemáticas I;Normal;Formación básica;96.34;91.86;95.35;86;79;82;1.33;27/09/2020
2018;Grado;Grado: Programa conjunto ADE/Derecho;Zaragoza;Facultad de Derecho;Contabilidad Financiera II;Normal;Formación básica;90.91;79.55;87.50;88;70;77;1.19;27/09/2020
2018;Grado;Grado: Programa conjunto ADE/Derecho;Zaragoza;Facultad de Derecho;Microeconomía I;Normal;Formación básica;87.80;83.72;95.35;86;72;82;1.24;27/09/2020
2018;Grado;Grado: Programa conjunto ADE/Derecho;Zaragoza;Facultad de Derecho;Matemáticas II;Normal;Formación básica;92.68;87.36;94.25;87;76;82;1.14;27/09/2020
2018;Grado;Grado: Programa conjunto ADE/Derecho;Zaragoza;Facultad de Derecho;Historia ecónomica y economía mundial;Normal;Formación básica;86.84;86.84;100.00;76;66;76;1.04;27/09/2020
2018;Grado;Grado: Programa conjunto ADE/Derecho;Zaragoza;Facultad de Derecho;Estadística I;Normal;Formación básica;94.67;91.03;96.15;78;71;75;1.04;27/09/2020
2018;Grado;Grado: Programa conjunto ADE/Derecho;Zaragoza;Facultad de Derecho;Microeconomía II;Normal;Obligatoria;87.64;87.64;100.00;89;78;89;1.38;27/09/2020
2018;Grado;Grado: Programa conjunto ADE/Derecho;Zaragoza;Facultad de Derecho;Estadística II;Normal;Obligatoria;89.74;84.34;93.98;83;70;78;1.21;27/09/2020
2018;Grado;Grado: Programa conjunto ADE/Derecho;Zaragoza;Facultad de Derecho;Macroeconomía I;Normal;Obligatoria;91.03;80.68;88.64;88;71;78;1.34;27/09/2020
2018;Grado;Grado: Programa conjunto ADE/Derecho;Zaragoza;Facultad de Derecho;Macroeconomía II;Normal;Obligatoria;91.46;90.36;98.80;84;75;82;1.12;27/09/2020
2018;Grado;Grado: Programa conjunto ADE/Derecho;Zaragoza;Facultad de Derecho;Organización y gestión interna;Normal;Obligatoria;98.68;98.68;100.00;76;75;76;1.00;27/09/2020
2018;Grado;Grado: Programa conjunto ADE/Derecho;Zaragoza;Facultad de Derecho;Análisis y valoración de operaciones financieras;Normal;Obligatoria;85.71;80.90;94.38;89;72;84;1.26;27/09/2020
2018;Grado;Grado: Programa conjunto ADE/Derecho;Zaragoza;Facultad de Derecho;Economía española;Normal;Obligatoria;91.36;89.16;97.59;83;74;81;1.34;27/09/2020
2018;Grado;Grado: Programa conjunto ADE/Derecho;Zaragoza;Facultad de Derecho;Estados financieros;Normal;Obligatoria;90.70;88.64;97.73;89;79;87;1.27;27/09/2020
2018;Grado;Grado: Programa conjunto ADE/Derecho;Zaragoza;Facultad de Derecho;Análisis de estados financieros;Normal;Obligatoria;95.16;92.19;96.88;77;70;74;1.26;27/09/2020
2018;Grado;Grado: Programa conjunto ADE/Derecho;Zaragoza;Facultad de Derecho;Econometría;Normal;Obligatoria;92.98;84.13;90.48;77;67;71;1.21;27/09/2020
2018;Grado;Grado: Programa conjunto ADE/Derecho;Zaragoza;Facultad de Derecho;Introducción a la investigación de mercados;Normal;Obligatoria;98.44;98.44;100.00;74;73;74;1.03;27/09/2020
2018;Grado;Grado: Programa conjunto ADE/Derecho;Zaragoza;Facultad de Derecho;Dirección estratégica;Normal;Obligatoria;94.92;93.33;98.33;74;69;73;1.01;27/09/2020
2018;Grado;Grado: Programa conjunto ADE/Derecho;Zaragoza;Facultad de Derecho;Dirección Financiera;Normal;Obligatoria;100.00;98.28;98.28;70;69;69;1.00;27/09/2020
2018;Grado;Grado: Programa conjunto ADE/Derecho;Zaragoza;Facultad de Derecho;Dirección Comercial I;Normal;Obligatoria;96.55;96.55;100.00;70;66;69;1.02;27/09/2020
2018;Grado;Grado: Programa conjunto ADE/Derecho;Zaragoza;Facultad de Derecho;Dirección de la producción;Normal;Obligatoria;93.75;93.75;100.00;68;66;68;1.12;27/09/2020
2018;Grado;Grado: Programa conjunto ADE/Derecho;Zaragoza;Facultad de Derecho;Dirección de recursos humanos;Normal;Obligatoria;100.00;100.00;100.00;71;71;71;1.01;27/09/2020
2018;Grado;Grado: Programa conjunto ADE/Derecho;Zaragoza;Facultad de Derecho;Contabilidad directiva;Normal;Obligatoria;100.00;100.00;100.00;70;69;69;1.06;27/09/2020
2018;Grado;Grado: Programa conjunto ADE/Derecho;Zaragoza;Facultad de Derecho;Gestión de riesgos financieros;Normal;Obligatoria;100.00;100.00;100.00;71;66;70;1.00;27/09/2020
2018;Grado;Grado: Programa conjunto ADE/Derecho;Zaragoza;Facultad de Derecho;Contabilidad de combinaciones de negocios;Normal;Obligatoria;94.23;92.45;98.11;82;75;80;1.04;27/09/2020
2018;Grado;Grado: Programa conjunto ADE/Derecho;Zaragoza;Facultad de Derecho;Política de la empresa;Normal;Obligatoria;98.04;98.04;100.00;83;82;83;1.05;27/09/2020
2018;Grado;Grado: Programa conjunto ADE/Derecho;Zaragoza;Facultad de Derecho;Aplicaciones econométricas de la empresa;Normal;Optativa;;;;1;1;1;1.00;27/09/2020
2018;Grado;Grado: Programa conjunto ADE/Derecho;Zaragoza;Facultad de Derecho;Contabilidad pública;Normal;Optativa;100.00;100.00;100.00;8;8;8;1.00;27/09/2020
2018;Grado;Grado: Programa conjunto ADE/Derecho;Zaragoza;Facultad de Derecho;Decisiones comerciales;Normal;Optativa;100.00;100.00;100.00;10;10;10;1.00;27/09/2020
2018;Grado;Grado: Programa conjunto ADE/Derecho;Zaragoza;Facultad de Derecho;Dirección de entidades de economía social;Normal;Optativa;;;;1;1;1;1.00;27/09/2020
2018;Grado;Grado: Programa conjunto ADE/Derecho;Zaragoza;Facultad de Derecho;Dirección de la empresa internacional;Normal;Optativa;100.00;100.00;100.00;22;22;22;1.00;27/09/2020
2018;Grado;Grado: Programa conjunto ADE/Derecho;Zaragoza;Facultad de Derecho;Innovación y cambio tecnológico de la empresa;Normal;Optativa;100.00;88.89;88.89;11;10;10;1.00;27/09/2020
2018;Grado;Grado: Programa conjunto ADE/Derecho;Zaragoza;Facultad de Derecho;Logística y cadena de suministro;Normal;Optativa;100.00;100.00;100.00;6;6;6;1.00;27/09/2020
2018;Grado;Grado: Programa conjunto ADE/Derecho;Zaragoza;Facultad de Derecho;Mercados financieros;Normal;Optativa;100.00;100.00;100.00;9;9;9;1.00;27/09/2020
2018;Grado;Grado: Programa conjunto ADE/Derecho;Zaragoza;Facultad de Derecho;Control de gestión;Normal;Optativa;100.00;95.35;95.35;49;47;47;1.00;27/09/2020
2018;Grado;Grado: Programa conjunto ADE/Derecho;Zaragoza;Facultad de Derecho;Las TIC en la empresa;Normal;Optativa;100.00;100.00;100.00;31;31;31;1.00;27/09/2020
2018;Grado;Grado: Programa conjunto ADE/Derecho;Zaragoza;Facultad de Derecho;Lengua extranjera empresarial (inglés);Normal;Optativa;97.56;95.24;97.62;42;40;41;1.02;27/09/2020
2018;Grado;Grado: Programa conjunto ADE/Derecho;Zaragoza;Facultad de Derecho;Creación y gestión de PYMES;Normal;Optativa;100.00;100.00;100.00;28;28;28;1.00;27/09/2020
2018;Grado;Grado: Programa conjunto ADE/Derecho;Zaragoza;Facultad de Derecho;Dirección comercial II;Normal;Optativa;100.00;100.00;100.00;43;42;42;1.05;27/09/2020
2018;Grado;Grado: Programa conjunto ADE/Derecho;Zaragoza;Facultad de Derecho;Dirección financiera internacional;Normal;Optativa;100.00;100.00;100.00;16;16;16;1.00;27/09/2020
2018;Grado;Grado: Programa conjunto ADE/Derecho;Zaragoza;Facultad de Derecho;Gestión de tesorería;Normal;Optativa;;;;1;1;1;1.00;27/09/2020
2018;Grado;Grado: Programa conjunto ADE/Derecho;Zaragoza;Facultad de Derecho;Gestión integrada y creación de valor;Normal;Optativa;100.00;100.00;100.00;30;29;29;1.03;27/09/2020
2018;Grado;Grado: Programa conjunto ADE/Derecho;Zaragoza;Facultad de Derecho;Información financiera internacional;Normal;Optativa;;;;5;5;5;1.00;27/09/2020
2018;Grado;Grado: Programa conjunto ADE/Derecho;Zaragoza;Facultad de Derecho;Modelos de excelencia y calidad en la gestión;Normal;Optativa;100.00;100.00;100.00;2;2;2;1.00;27/09/2020
2018;Grado;Grado: Programa conjunto ADE/Derecho;Zaragoza;Facultad de Derecho;Política económica;Normal;Optativa;;;;2;2;2;1.00;27/09/2020
2018;Grado;Grado: Programa conjunto ADE/Derecho;Zaragoza;Facultad de Derecho;Lengua extranjera empresarial (francés);Normal;Optativa;100.00;100.00;100.00;1;1;1;1.00;27/09/2020
2018;Grado;Grado: Programa conjunto ADE/Derecho;Zaragoza;Facultad de Derecho;Lengua extranjera empresarial (alemán);Normal;Optativa;100.00;100.00;100.00;3;3;3;1.00;27/09/2020
2018;Grado;Grado: Programa conjunto ADE/Derecho;Zaragoza;Facultad de Derecho;Trabajo fin de Grado (ADE);Trabajo fin de grado;Trabajo fin de Grado;100.00;92.59;92.59;81;75;75;1.00;27/09/2020
2018;Grado;Grado: Estudios en Arquitectura;Zaragoza;Escuela de Ingeniería y Arquitectura;Física 1;Normal;Formación básica;67.14;43.52;64.81;108;47;70;1.31;27/09/2020
2018;Grado;Grado: Estudios en Arquitectura;Zaragoza;Escuela de Ingeniería y Arquitectura;Matemáticas 1;Normal;Formación básica;32.14;23.48;73.04;115;27;84;1.84;27/09/2020
2018;Grado;Grado: Estudios en Arquitectura;Zaragoza;Escuela de Ingeniería y Arquitectura;Expresión gráfica arquitectónica 1;Normal;Formación básica;58.97;48.94;82.98;94;46;78;1.80;27/09/2020
2018;Grado;Grado: Estudios en Arquitectura;Zaragoza;Escuela de Ingeniería y Arquitectura;Expresión gráfica arquitectónica 2;Normal;Formación básica;46.08;44.34;96.23;106;47;102;2.08;27/09/2020
2018;Grado;Grado: Estudios en Arquitectura;Zaragoza;Escuela de Ingeniería y Arquitectura;Composición arquitectónica 1;Normal;Obligatoria;68.75;53.01;77.11;83;44;64;1.23;27/09/2020
2018;Grado;Grado: Estudios en Arquitectura;Zaragoza;Escuela de Ingeniería y Arquitectura;Física 2;Normal;Formación básica;61.45;37.23;60.58;137;51;83;1.54;27/09/2020
2018;Grado;Grado: Estudios en Arquitectura;Zaragoza;Escuela de Ingeniería y Arquitectura;Matemáticas 2;Normal;Formación básica;73.24;48.60;66.36;107;52;71;1.79;27/09/2020
2018;Grado;Grado: Estudios en Arquitectura;Zaragoza;Escuela de Ingeniería y Arquitectura;Expresión gráfica arquitectónica 3;Normal;Formación básica;64.63;51.46;79.61;103;53;82;1.80;27/09/2020
2018;Grado;Grado: Estudios en Arquitectura;Zaragoza;Escuela de Ingeniería y Arquitectura;Expresión gráfica arquitectónica 4;Normal;Formación básica;49.37;39.39;79.80;99;39;79;2.21;27/09/2020
2018;Grado;Grado: Estudios en Arquitectura;Zaragoza;Escuela de Ingeniería y Arquitectura;Análisis de formas arquitectónicas;Normal;Formación básica;55.56;43.96;79.12;91;40;72;1.53;27/09/2020
2018;Grado;Grado: Estudios en Arquitectura;Zaragoza;Escuela de Ingeniería y Arquitectura;Proyectos 1;Normal;Obligatoria;80.43;71.15;88.46;52;37;46;1.45;27/09/2020
2018;Grado;Grado: Estudios en Arquitectura;Zaragoza;Escuela de Ingeniería y Arquitectura;Construcción 1;Normal;Obligatoria;93.48;91.49;97.87;47;43;46;1.15;27/09/2020
2018;Grado;Grado: Estudios en Arquitectura;Zaragoza;Escuela de Ingeniería y Arquitectura;Urbanismo 1;Normal;Obligatoria;86.05;86.05;100.00;43;37;43;1.30;27/09/2020
2018;Grado;Grado: Estudios en Arquitectura;Zaragoza;Escuela de Ingeniería y Arquitectura;Composición arquitectónica 2;Normal;Obligatoria;92.00;86.79;94.34;53;46;50;1.27;27/09/2020
2018;Grado;Grado: Estudios en Arquitectura;Zaragoza;Escuela de Ingeniería y Arquitectura;Proyectos 2;Normal;Obligatoria;82.00;74.55;90.91;55;41;50;1.32;27/09/2020
2018;Grado;Grado: Estudios en Arquitectura;Zaragoza;Escuela de Ingeniería y Arquitectura;Estructuras 1;Normal;Obligatoria;69.05;63.04;91.30;46;29;42;1.66;27/09/2020
2018;Grado;Grado: Estudios en Arquitectura;Zaragoza;Escuela de Ingeniería y Arquitectura;Expresión gráfica arquitectónica 5;Normal;Formación básica;82.93;80.95;97.62;42;34;41;1.14;27/09/2020
2018;Grado;Grado: Estudios en Arquitectura;Zaragoza;Escuela de Ingeniería y Arquitectura;Informática;Normal;Obligatoria;95.24;93.02;97.67;43;40;42;1.19;27/09/2020
2018;Grado;Grado: Estudios en Arquitectura;Zaragoza;Escuela de Ingeniería y Arquitectura;Taller integrado de proyectos 1;Normal;Obligatoria;90.24;84.09;93.18;44;37;41;1.17;27/09/2020
2018;Grado;Grado: Estudios en Arquitectura;Zaragoza;Escuela de Ingeniería y Arquitectura;Proyectos 3;Normal;Obligatoria;88.64;73.58;83.02;53;39;44;1.31;27/09/2020
2018;Grado;Grado: Estudios en Arquitectura;Zaragoza;Escuela de Ingeniería y Arquitectura;Acondicionamiento y servicios 1;Normal;Obligatoria;100.00;100.00;100.00;27;27;27;1.00;27/09/2020
2018;Grado;Grado: Estudios en Arquitectura;Zaragoza;Escuela de Ingeniería y Arquitectura;Urbanismo 2;Normal;Obligatoria;83.67;83.67;100.00;50;42;50;1.40;27/09/2020
2018;Grado;Grado: Estudios en Arquitectura;Zaragoza;Escuela de Ingeniería y Arquitectura;Composición arquitectónica 3;Normal;Obligatoria;71.43;54.69;76.56;67;38;52;1.76;27/09/2020
2018;Grado;Grado: Estudios en Arquitectura;Zaragoza;Escuela de Ingeniería y Arquitectura;Proyectos 4;Normal;Obligatoria;65.31;64.00;98.00;57;39;56;1.48;27/09/2020
2018;Grado;Grado: Estudios en Arquitectura;Zaragoza;Escuela de Ingeniería y Arquitectura;Estructuras 2;Normal;Obligatoria;88.33;82.81;93.75;66;55;62;1.28;27/09/2020
2018;Grado;Grado: Estudios en Arquitectura;Zaragoza;Escuela de Ingeniería y Arquitectura;Organización 1;Normal;Obligatoria;88.64;82.98;93.62;48;40;45;1.33;27/09/2020
2018;Grado;Grado: Estudios en Arquitectura;Zaragoza;Escuela de Ingeniería y Arquitectura;Construcción 2;Normal;Obligatoria;100.00;100.00;100.00;39;39;39;1.05;27/09/2020
2018;Grado;Grado: Estudios en Arquitectura;Zaragoza;Escuela de Ingeniería y Arquitectura;Taller integrado de proyectos 2;Normal;Obligatoria;100.00;97.78;97.78;46;45;45;1.00;27/09/2020
2018;Grado;Grado: Estudios en Arquitectura;Zaragoza;Escuela de Ingeniería y Arquitectura;Proyectos 5;Normal;Obligatoria;72.22;70.91;98.18;74;57;73;1.25;27/09/2020
2018;Grado;Grado: Estudios en Arquitectura;Zaragoza;Escuela de Ingeniería y Arquitectura;Estructuras 3;Normal;Obligatoria;72.46;72.46;100.00;78;59;78;1.49;27/09/2020
2018;Grado;Grado: Estudios en Arquitectura;Zaragoza;Escuela de Ingeniería y Arquitectura;Construcción 3;Normal;Obligatoria;93.75;91.84;97.96;51;47;50;1.10;27/09/2020
2018;Grado;Grado: Estudios en Arquitectura;Zaragoza;Escuela de Ingeniería y Arquitectura;Composición arquitectónica 4;Normal;Obligatoria;90.91;76.92;84.62;54;45;48;1.06;27/09/2020
2018;Grado;Grado: Estudios en Arquitectura;Zaragoza;Escuela de Ingeniería y Arquitectura;Proyectos 6;Normal;Obligatoria;94.23;94.23;100.00;68;65;68;1.13;27/09/2020
2018;Grado;Grado: Estudios en Arquitectura;Zaragoza;Escuela de Ingeniería y Arquitectura;Estructuras 4;Normal;Obligatoria;64.29;61.02;94.92;73;50;70;1.53;27/09/2020
2018;Grado;Grado: Estudios en Arquitectura;Zaragoza;Escuela de Ingeniería y Arquitectura;Acondicionamiento y servicios 2;Normal;Obligatoria;98.18;94.74;96.49;64;61;62;1.14;27/09/2020
2018;Grado;Grado: Estudios en Arquitectura;Zaragoza;Escuela de Ingeniería y Arquitectura;Urbanismo 3;Normal;Obligatoria;89.13;85.42;95.83;56;49;54;1.13;27/09/2020
2018;Grado;Grado: Estudios en Arquitectura;Zaragoza;Escuela de Ingeniería y Arquitectura;Taller integrado de proyectos 3;Normal;Obligatoria;94.34;94.34;100.00;70;67;70;1.09;27/09/2020
2018;Grado;Grado: Estudios en Arquitectura;Zaragoza;Escuela de Ingeniería y Arquitectura;Proyectos 7;Normal;Obligatoria;95.45;89.36;93.62;60;55;57;1.12;27/09/2020
2018;Grado;Grado: Estudios en Arquitectura;Zaragoza;Escuela de Ingeniería y Arquitectura;Acondicionamiento y servicios 3;Normal;Obligatoria;91.18;81.58;89.47;57;50;53;1.42;27/09/2020
2018;Grado;Grado: Estudios en Arquitectura;Zaragoza;Escuela de Ingeniería y Arquitectura;Urbanismo 4;Normal;Obligatoria;100.00;100.00;100.00;60;60;60;1.06;27/09/2020
2018;Grado;Grado: Estudios en Arquitectura;Zaragoza;Escuela de Ingeniería y Arquitectura;Proyectos 8A;Normal;Optativa;93.75;88.24;94.12;41;37;39;1.12;27/09/2020
2018;Grado;Grado: Estudios en Arquitectura;Zaragoza;Escuela de Ingeniería y Arquitectura;Construcción 4A;Normal;Optativa;90.63;87.88;96.97;48;44;47;1.06;27/09/2020
2018;Grado;Grado: Estudios en Arquitectura;Zaragoza;Escuela de Ingeniería y Arquitectura;Proyectos 8B;Normal;Optativa;100.00;83.33;83.33;16;14;14;1.07;27/09/2020
2018;Grado;Grado: Estudios en Arquitectura;Zaragoza;Escuela de Ingeniería y Arquitectura;Construcción 4B;Normal;Optativa;100.00;100.00;100.00;15;15;15;1.00;27/09/2020
2018;Grado;Grado: Estudios en Arquitectura;Zaragoza;Escuela de Ingeniería y Arquitectura;Trabajo fin de Grado (Proyecto Urbano y Paisaje);Trabajo fin de grado;Trabajo fin de Grado;100.00;86.67;86.67;15;13;13;1.00;27/09/2020
2018;Grado;Grado: Estudios en Arquitectura;Zaragoza;Escuela de Ingeniería y Arquitectura;Soluciones constructivas en referentes de la Arquitectura;Normal;Optativa;100.00;100.00;100.00;8;8;8;1.00;27/09/2020
2018;Grado;Grado: Estudios en Arquitectura;Zaragoza;Escuela de Ingeniería y Arquitectura;Arquitectura y sostenibilidad;Normal;Optativa;100.00;100.00;100.00;23;23;23;1.00;27/09/2020
2018;Grado;Grado: Estudios en Arquitectura;Zaragoza;Escuela de Ingeniería y Arquitectura;Representación gráfica del patrimonio;Normal;Optativa;100.00;91.67;91.67;23;22;22;1.00;27/09/2020
2018;Grado;Grado: Estudios en Arquitectura;Zaragoza;Escuela de Ingeniería y Arquitectura;Proyectos de paisaje;Normal;Optativa;100.00;100.00;100.00;7;6;6;1.17;27/09/2020
2018;Grado;Grado: Estudios en Arquitectura;Zaragoza;Escuela de Ingeniería y Arquitectura;Paisajes culturales;Normal;Optativa;;;;3;2;2;1.00;27/09/2020
2018;Grado;Grado: Estudios en Arquitectura;Zaragoza;Escuela de Ingeniería y Arquitectura;Gestión y Economía en la Arquitectura;Normal;Optativa;;;;1;1;1;1.00;27/09/2020
2018;Grado;Grado: Estudios en Arquitectura;Zaragoza;Escuela de Ingeniería y Arquitectura;Trabajo fin de Grado (Proyecto y Construcción);Trabajo fin de grado;Trabajo fin de Grado;100.00;78.26;78.26;46;36;36;1.00;27/09/2020
2018;Grado;Grado: Estudios en Arquitectura;Zaragoza;Escuela de Ingeniería y Arquitectura;Mapping urbanístico;Normal;Optativa;100.00;100.00;100.00;6;6;6;1.00;27/09/2020
2018;Grado;Grado: Ciencia y Tecnología de los Alimentos;Zaragoza;Facultad de Veterinaria;Química general;Normal;Formación básica;86.44;86.44;100.00;59;51;59;1.30;27/09/2020
2018;Grado;Grado: Ciencia y Tecnología de los Alimentos;Zaragoza;Facultad de Veterinaria;Fundamentos de química analítica;Normal;Formación básica;96.55;91.80;95.08;61;56;58;1.15;27/09/2020
2018;Grado;Grado: Ciencia y Tecnología de los Alimentos;Zaragoza;Facultad de Veterinaria;Física general y fundamentos del análisis físico;Normal;Formación básica;98.25;96.55;98.28;58;56;57;1.01;27/09/2020
2018;Grado;Grado: Ciencia y Tecnología de los Alimentos;Zaragoza;Facultad de Veterinaria;Matemáticas;Normal;Formación básica;96.72;95.16;98.39;62;59;61;1.17;27/09/2020
2018;Grado;Grado: Ciencia y Tecnología de los Alimentos;Zaragoza;Facultad de Veterinaria;Microbiología;Normal;Formación básica;71.19;65.63;92.19;64;42;59;1.42;27/09/2020
2018;Grado;Grado: Ciencia y Tecnología de los Alimentos;Zaragoza;Facultad de Veterinaria;Técnicas instrumentales de análisis químico;Normal;Formación básica;75.81;66.20;87.32;71;47;62;1.51;27/09/2020
2018;Grado;Grado: Ciencia y Tecnología de los Alimentos;Zaragoza;Facultad de Veterinaria;Fisiología general y de la nutrición;Normal;Formación básica;71.88;68.66;95.52;67;46;64;1.47;27/09/2020
2018;Grado;Grado: Ciencia y Tecnología de los Alimentos;Zaragoza;Facultad de Veterinaria;Bioquímica;Normal;Formación básica;98.31;92.06;93.65;63;58;59;1.29;27/09/2020
2018;Grado;Grado: Ciencia y Tecnología de los Alimentos;Zaragoza;Facultad de Veterinaria;Fundamentos de economía alimentaria;Normal;Formación básica;96.43;87.10;90.32;62;54;56;1.26;27/09/2020
2018;Grado;Grado: Ciencia y Tecnología de los Alimentos;Zaragoza;Facultad de Veterinaria;Producción de materias primas en la industria alimentaria;Normal;Obligatoria;89.55;86.96;97.10;69;60;67;1.49;27/09/2020
2018;Grado;Grado: Ciencia y Tecnología de los Alimentos;Zaragoza;Facultad de Veterinaria;Fundamentos de ingeniería química;Normal;Formación básica;71.23;66.67;93.59;79;53;74;1.45;27/09/2020
2018;Grado;Grado: Ciencia y Tecnología de los Alimentos;Zaragoza;Facultad de Veterinaria;Química y bioquímica de los alimentos;Normal;Obligatoria;77.11;71.91;93.26;91;66;85;1.84;27/09/2020
2018;Grado;Grado: Ciencia y Tecnología de los Alimentos;Zaragoza;Facultad de Veterinaria;Bromatología;Normal;Obligatoria;85.00;85.00;100.00;60;51;60;1.17;27/09/2020
2018;Grado;Grado: Ciencia y Tecnología de los Alimentos;Zaragoza;Facultad de Veterinaria;Microbiología de los alimentos;Normal;Obligatoria;89.66;89.66;100.00;58;52;58;1.10;27/09/2020
2018;Grado;Grado: Ciencia y Tecnología de los Alimentos;Zaragoza;Facultad de Veterinaria;Dirección de empresas alimentarias;Normal;Obligatoria;90.63;89.23;98.46;65;58;64;1.35;27/09/2020
2018;Grado;Grado: Ciencia y Tecnología de los Alimentos;Zaragoza;Facultad de Veterinaria;Análisis químico de los alimentos;Normal;Obligatoria;93.44;90.48;96.83;63;57;61;1.31;27/09/2020
2018;Grado;Grado: Ciencia y Tecnología de los Alimentos;Zaragoza;Facultad de Veterinaria;Análisis físico y sensorial de los alimentos;Normal;Obligatoria;100.00;92.19;92.19;64;59;59;1.17;27/09/2020
2018;Grado;Grado: Ciencia y Tecnología de los Alimentos;Zaragoza;Facultad de Veterinaria;Análisis microbiológico de los alimentos;Normal;Obligatoria;75.71;68.83;90.91;78;54;71;1.67;27/09/2020
2018;Grado;Grado: Ciencia y Tecnología de los Alimentos;Zaragoza;Facultad de Veterinaria;Operaciones básicas en la industria alimentaria;Normal;Obligatoria;84.29;72.84;86.42;82;60;71;1.45;27/09/2020
2018;Grado;Grado: Ciencia y Tecnología de los Alimentos;Zaragoza;Facultad de Veterinaria;Nutrición y dietética;Normal;Obligatoria;100.00;98.21;98.21;56;55;55;1.13;27/09/2020
2018;Grado;Grado: Ciencia y Tecnología de los Alimentos;Zaragoza;Facultad de Veterinaria;Tecnología de los alimentos I;Normal;Obligatoria;81.25;74.29;91.43;76;58;70;1.48;27/09/2020
2018;Grado;Grado: Ciencia y Tecnología de los Alimentos;Zaragoza;Facultad de Veterinaria;Biotecnología alimentaria;Normal;Obligatoria;75.56;70.83;93.75;54;40;51;1.28;27/09/2020
2018;Grado;Grado: Ciencia y Tecnología de los Alimentos;Zaragoza;Facultad de Veterinaria;Higiene alimentaria general;Normal;Obligatoria;82.54;76.47;92.65;74;58;69;1.50;27/09/2020
2018;Grado;Grado: Ciencia y Tecnología de los Alimentos;Zaragoza;Facultad de Veterinaria;Gestión integral de la calidad en la industria alimentaria;Normal;Obligatoria;92.31;92.31;100.00;57;53;57;1.17;27/09/2020
2018;Grado;Grado: Ciencia y Tecnología de los Alimentos;Zaragoza;Facultad de Veterinaria;Salud pública y alimentación;Normal;Obligatoria;96.15;96.15;100.00;57;55;57;1.13;27/09/2020
2018;Grado;Grado: Ciencia y Tecnología de los Alimentos;Zaragoza;Facultad de Veterinaria;Tecnología de los alimentos II;Normal;Obligatoria;89.23;79.45;89.04;77;62;69;1.34;27/09/2020
2018;Grado;Grado: Ciencia y Tecnología de los Alimentos;Zaragoza;Facultad de Veterinaria;Cocinado industrial y restauración colectiva;Normal;Obligatoria;100.00;98.11;98.11;53;52;52;1.00;27/09/2020
2018;Grado;Grado: Ciencia y Tecnología de los Alimentos;Zaragoza;Facultad de Veterinaria;Diseño industrial y gestión medioambiental;Normal;Obligatoria;94.34;83.33;88.33;64;54;57;1.21;27/09/2020
2018;Grado;Grado: Ciencia y Tecnología de los Alimentos;Zaragoza;Facultad de Veterinaria;Higiene alimentaria aplicada;Normal;Obligatoria;72.13;60.27;83.56;73;44;61;1.26;27/09/2020
2018;Grado;Grado: Ciencia y Tecnología de los Alimentos;Zaragoza;Facultad de Veterinaria;Legislación alimentaria;Normal;Obligatoria;88.71;82.09;92.54;69;57;64;1.31;27/09/2020
2018;Grado;Grado: Ciencia y Tecnología de los Alimentos;Zaragoza;Facultad de Veterinaria;Tecnología de la leche y de ovoproductos;Normal;Obligatoria;90.38;88.68;98.11;57;50;56;1.27;27/09/2020
2018;Grado;Grado: Ciencia y Tecnología de los Alimentos;Zaragoza;Facultad de Veterinaria;Tecnología de la carne y del pescado;Normal;Obligatoria;100.00;100.00;100.00;57;56;57;1.00;27/09/2020
2018;Grado;Grado: Ciencia y Tecnología de los Alimentos;Zaragoza;Facultad de Veterinaria;Tecnología de productos vegetales;Normal;Obligatoria;100.00;100.00;100.00;57;56;57;1.02;27/09/2020
2018;Grado;Grado: Ciencia y Tecnología de los Alimentos;Zaragoza;Facultad de Veterinaria;Enología;Normal;Obligatoria;100.00;96.36;96.36;57;54;55;1.03;27/09/2020
2018;Grado;Grado: Ciencia y Tecnología de los Alimentos;Zaragoza;Facultad de Veterinaria;Gestión de la seguridad alimentaria;Normal;Obligatoria;96.23;89.47;92.98;61;55;57;1.52;27/09/2020
2018;Grado;Grado: Ciencia y Tecnología de los Alimentos;Zaragoza;Facultad de Veterinaria;Practicum Planta Piloto;Normal;Obligatoria;100.00;100.00;100.00;52;51;52;1.00;27/09/2020
2018;Grado;Grado: Ciencia y Tecnología de los Alimentos;Zaragoza;Facultad de Veterinaria;Intensificación en el sector lácteo y de ovoproductos;Normal;Optativa;100.00;100.00;100.00;20;20;20;1.00;27/09/2020
2018;Grado;Grado: Ciencia y Tecnología de los Alimentos;Zaragoza;Facultad de Veterinaria;Intensificación en el sector cárnico y del pescado;Normal;Optativa;100.00;100.00;100.00;22;22;22;1.00;27/09/2020
2018;Grado;Grado: Ciencia y Tecnología de los Alimentos;Zaragoza;Facultad de Veterinaria;Intensificación en el sector de frutas y hortalizas;Normal;Optativa;100.00;100.00;100.00;18;17;18;1.00;27/09/2020
2018;Grado;Grado: Ciencia y Tecnología de los Alimentos;Zaragoza;Facultad de Veterinaria;Intensificación en el sector del aceite, azúcar y productos derivados del cereal;Normal;Optativa;100.00;100.00;100.00;23;23;23;1.04;27/09/2020
2018;Grado;Grado: Ciencia y Tecnología de los Alimentos;Zaragoza;Facultad de Veterinaria;Innovación en la industria alimentaria;Normal;Optativa;100.00;100.00;100.00;19;18;19;1.00;27/09/2020
2018;Grado;Grado: Ciencia y Tecnología de los Alimentos;Zaragoza;Facultad de Veterinaria;Prácticas externas;Prácticas externas;Prácticas externas;100.00;98.18;98.18;59;58;58;1.00;27/09/2020
2018;Grado;Grado: Ciencia y Tecnología de los Alimentos;Zaragoza;Facultad de Veterinaria;Trabajo fin de Grado;Trabajo fin de grado;Trabajo fin de Grado;100.00;82.00;82.00;51;41;41;1.00;27/09/2020
2018;Grado;Grado: Filología Hispánica;Zaragoza;Facultad de Filosofía y Letras;Herramientas, recursos y fuentes del trabajo académico en literatura;Normal;No Informado;;;;0;0;0;1.00;27/09/2020
2018;Grado;Grado: Filología Hispánica;Zaragoza;Facultad de Filosofía y Letras;Literatura en Aragón;Normal;Optativa;;;;0;0;0;1.00;27/09/2020
2018;Grado;Grado: Programa conjunto Física-Matemáticas (FisMat);Zaragoza;Facultad de Ciencias;Grafos y combinatoria;Normal;Obligatoria;100.00;100.00;100.00;11;11;11;1.09;27/09/2020
2018;Grado;Grado: Programa conjunto Física-Matemáticas (FisMat);Zaragoza;Facultad de Ciencias;Análisis matemático II;Normal;Obligatoria;100.00;90.00;90.00;10;9;9;1.22;27/09/2020
2018;Grado;Grado: Programa conjunto Física-Matemáticas (FisMat);Zaragoza;Facultad de Ciencias;Ecuaciones diferenciales ordinarias;Normal;Obligatoria;100.00;100.00;100.00;10;10;10;1.00;27/09/2020
2018;Grado;Grado: Programa conjunto Física-Matemáticas (FisMat);Zaragoza;Facultad de Ciencias;Geometría lineal;Normal;Obligatoria;100.00;100.00;100.00;10;10;10;1.00;27/09/2020
2018;Grado;Grado: Programa conjunto Física-Matemáticas (FisMat);Zaragoza;Facultad de Ciencias;Introducción a la probabilidad y la estadística;Normal;Formación básica;100.00;100.00;100.00;10;10;10;1.00;27/09/2020
2018;Grado;Grado: Programa conjunto Física-Matemáticas (FisMat);Zaragoza;Facultad de Ciencias;Fundamentos de física I;Normal;Formación básica;90.91;90.91;100.00;11;10;11;1.17;27/09/2020
2018;Grado;Grado: Programa conjunto Física-Matemáticas (FisMat);Zaragoza;Facultad de Ciencias;Química;Normal;Formación básica;100.00;100.00;100.00;10;10;10;1.00;27/09/2020
2018;Grado;Grado: Programa conjunto Física-Matemáticas (FisMat);Zaragoza;Facultad de Ciencias;Álgebra I;Normal;Formación básica;100.00;100.00;100.00;10;10;10;1.00;27/09/2020
2018;Grado;Grado: Programa conjunto Física-Matemáticas (FisMat);Zaragoza;Facultad de Ciencias;Análisis matemático;Normal;Formación básica;100.00;100.00;100.00;10;10;10;1.00;27/09/2020
2018;Grado;Grado: Programa conjunto Física-Matemáticas (FisMat);Zaragoza;Facultad de Ciencias;Informática;Normal;Formación básica;100.00;100.00;100.00;10;10;10;1.17;27/09/2020
2018;Grado;Grado: Programa conjunto Física-Matemáticas (FisMat);Zaragoza;Facultad de Ciencias;Fundamentos de física II;Normal;Formación básica;100.00;100.00;100.00;10;10;10;1.00;27/09/2020
2018;Grado;Grado: Programa conjunto Física-Matemáticas (FisMat);Zaragoza;Facultad de Ciencias;Laboratorio de física;Normal;Formación básica;100.00;100.00;100.00;10;10;10;1.00;27/09/2020
2018;Grado;Grado: Programa conjunto Física-Matemáticas (FisMat);Zaragoza;Facultad de Ciencias;Álgebra II;Normal;Formación básica;100.00;100.00;100.00;10;10;10;1.00;27/09/2020
2018;Grado;Grado: Programa conjunto Física-Matemáticas (FisMat);Zaragoza;Facultad de Ciencias;Cálculo diferencial;Normal;Formación básica;100.00;100.00;100.00;10;10;10;1.00;27/09/2020
2018;Grado;Grado: Programa conjunto Física-Matemáticas (FisMat);Zaragoza;Facultad de Ciencias;Biología;Normal;Optativa;100.00;100.00;100.00;7;7;7;1.00;27/09/2020
2018;Grado;Grado: Programa conjunto Física-Matemáticas (FisMat);Zaragoza;Facultad de Ciencias;Geología;Normal;Optativa;100.00;100.00;100.00;3;3;3;1.00;27/09/2020
2018;Grado;Grado: Programa conjunto Física-Matemáticas (FisMat);Zaragoza;Facultad de Ciencias;Técnicas físicas I;Normal;Obligatoria;100.00;100.00;100.00;10;10;10;1.10;27/09/2020
2018;Grado;Grado: Programa conjunto Física-Matemáticas (FisMat);Zaragoza;Facultad de Ciencias;Mecánica clásica I;Normal;Obligatoria;100.00;100.00;100.00;10;10;10;1.09;27/09/2020
2018;Grado;Grado: Programa conjunto Física-Matemáticas (FisMat);Zaragoza;Facultad de Ciencias;Electromagnetismo;Normal;Obligatoria;100.00;90.00;90.00;10;9;9;1.00;27/09/2020
2018;Grado;Grado: Programa conjunto Física-Matemáticas (FisMat);Zaragoza;Facultad de Ciencias;Mecánica clásica II;Normal;Obligatoria;100.00;100.00;100.00;10;10;10;1.27;27/09/2020
2018;Grado;Grado: Programa conjunto Física-Matemáticas (FisMat);Zaragoza;Facultad de Ciencias;Ondas electromagnéticas;Normal;Obligatoria;100.00;100.00;100.00;10;10;10;1.09;27/09/2020
2018;Grado;Grado: Ciencias Ambientales;Huesca;Escuela Politécnica Superior;Optatividad en movilidad;Normal;Optativa;;;;2;2;2;1.00;27/09/2020
2018;Grado;Grado: Ingeniero en Diseño Industrial y Desarrollo de Producto;Zaragoza;Escuela de Ingeniería y Arquitectura;Optatividad en movilidad;Normal;Optativa;;;;9;8;8;1.00;27/09/2020
2018;Grado;Grado: Ingeniería Agroalimentaria y del Medio Rural;Huesca;Escuela Politécnica Superior;Optatividad en movilidad;Normal;Optativa;;;;2;1;1;1.00;27/09/2020
2018;Grado;Grado: Ingeniería de Tecnologías Industriales;Zaragoza;Escuela de Ingeniería y Arquitectura;Optatividad en movilidad;Normal;Optativa;;;;3;3;3;1.00;27/09/2020
2018;Grado;Grado: Ingeniería Electrica;Zaragoza;Escuela de Ingeniería y Arquitectura;Optatividad en movilidad;Normal;Optativa;;;;2;0;0;;27/09/2020
2018;Grado;Grado: Ingeniería Informática;Zaragoza;Escuela de Ingeniería y Arquitectura;Optatividad en movilidad;Normal;Optativa;;;;2;1;2;1.00;27/09/2020
2018;Grado;Grado: Ingeniería Mecánica;Zaragoza;Escuela de Ingeniería y Arquitectura;Optatividad en movilidad;Normal;Optativa;;;;2;2;2;1.00;27/09/2020
2018;Grado;Grado: Ingeniería Química;Zaragoza;Escuela de Ingeniería y Arquitectura;Optatividad en movilidad;Normal;Optativa;;;;1;1;1;1.00;27/09/2020
2018;Grado;Grado: Estudios en Arquitectura;Zaragoza;Escuela de Ingeniería y Arquitectura;Optatividad en movilidad;Normal;Optativa;;;;1;1;1;1.00;27/09/2020
2018;Máster;Máster: Ingeniería Industrial;Zaragoza;Escuela de Ingeniería y Arquitectura;Optatividad en movilidad;Normal;Optativa;;;;4;4;4;1.00;27/09/2020
2018;Grado;Grado: Ciencias Ambientales;Huesca;Escuela Politécnica Superior;Optatividad en movilidad;Normal;Optativa;;;;2;2;2;1.00;27/09/2020
2018;Grado;Grado: Ingeniero en Diseño Industrial y Desarrollo de Producto;Zaragoza;Escuela de Ingeniería y Arquitectura;Optatividad en movilidad;Normal;Optativa;;;;2;2;2;1.00;27/09/2020
2018;Grado;Grado: Ingeniería Agroalimentaria y del Medio Rural;Huesca;Escuela Politécnica Superior;Optatividad en movilidad;Normal;Optativa;;;;2;2;2;1.00;27/09/2020
2018;Grado;Grado: Ingeniería de Tecnologías Industriales;Zaragoza;Escuela de Ingeniería y Arquitectura;Optatividad en movilidad;Normal;Optativa;;;;8;8;8;1.00;27/09/2020
2018;Grado;Grado: Ingeniería de Tecnologías y Servicios de Telecomunicación;Zaragoza;Escuela de Ingeniería y Arquitectura;Optatividad en movilidad;Normal;Optativa;;;;1;1;1;1.00;27/09/2020
2018;Grado;Grado: Ingeniería Electrica;Zaragoza;Escuela de Ingeniería y Arquitectura;Optatividad en movilidad;Normal;Optativa;;;;3;1;2;1.00;27/09/2020
2018;Grado;Grado: Ingeniería Electrónica y Automática;Zaragoza;Escuela de Ingeniería y Arquitectura;Optatividad en movilidad;Normal;Optativa;;;;3;3;3;1.00;27/09/2020
2018;Grado;Grado: Ingeniería Informática;Zaragoza;Escuela de Ingeniería y Arquitectura;Optatividad en movilidad;Normal;Optativa;;;;2;2;2;1.00;27/09/2020
2018;Grado;Grado: Ingeniería Mecánica;Zaragoza;Escuela de Ingeniería y Arquitectura;Optatividad en movilidad;Normal;Optativa;;;;1;0;0;;27/09/2020
2018;Máster;Máster: Ingeniería biomédica;Zaragoza;Escuela de Ingeniería y Arquitectura;Optatividad en movilidad;Normal;Optativa;;;;1;0;0;;27/09/2020
2018;Máster;Máster: Ingeniería Industrial;Zaragoza;Escuela de Ingeniería y Arquitectura;Optatividad en movilidad;Normal;Optativa;;;;4;3;3;1.00;27/09/2020
2018;Grado;Grado: Ciencias Ambientales;Huesca;Escuela Politécnica Superior;Optatividad en movilidad;Normal;Optativa;;;;1;1;1;1.00;27/09/2020
2018;Grado;Grado: Ingeniero en Diseño Industrial y Desarrollo de Producto;Zaragoza;Escuela de Ingeniería y Arquitectura;Optatividad en movilidad;Normal;Optativa;;;;4;4;4;1.00;27/09/2020
2018;Grado;Grado: Ingeniería Agroalimentaria y del Medio Rural;Huesca;Escuela Politécnica Superior;Optatividad en movilidad;Normal;Optativa;;;;5;5;5;1.00;27/09/2020
2018;Grado;Grado: Ingeniería de Tecnologías Industriales;Zaragoza;Escuela de Ingeniería y Arquitectura;Optatividad en movilidad;Normal;Optativa;;;;2;2;2;1.00;27/09/2020
2018;Grado;Grado: Ingeniería Electrica;Zaragoza;Escuela de Ingeniería y Arquitectura;Optatividad en movilidad;Normal;Optativa;;;;1;0;0;;27/09/2020
2018;Grado;Grado: Ingeniería Informática;Zaragoza;Escuela de Ingeniería y Arquitectura;Optatividad en movilidad;Normal;Optativa;;;;1;1;1;1.00;27/09/2020
2018;Grado;Grado: Ingeniería Mecánica;Zaragoza;Escuela de Ingeniería y Arquitectura;Optatividad en movilidad;Normal;Optativa;;;;4;2;2;1.00;27/09/2020
2018;Grado;Grado: Ingeniería Química;Zaragoza;Escuela de Ingeniería y Arquitectura;Optatividad en movilidad;Normal;Optativa;;;;2;2;2;1.00;27/09/2020
2018;Máster;Máster: Ingeniería biomédica;Zaragoza;Escuela de Ingeniería y Arquitectura;Optatividad en movilidad;Normal;Optativa;;;;1;0;0;;27/09/2020
2018;Máster;Máster: Ingeniería Industrial;Zaragoza;Escuela de Ingeniería y Arquitectura;Optatividad en movilidad;Normal;Optativa;;;;3;3;3;1.00;27/09/2020
2018;Grado;Grado: Ciencias Ambientales;Huesca;Escuela Politécnica Superior;Optatividad en movilidad;Normal;Optativa;;;;3;3;3;1.00;27/09/2020
2018;Grado;Grado: Ingeniero en Diseño Industrial y Desarrollo de Producto;Zaragoza;Escuela de Ingeniería y Arquitectura;Optatividad en movilidad;Normal;Optativa;;;;6;5;5;1.00;27/09/2020
2018;Grado;Grado: Ingeniería Agroalimentaria y del Medio Rural;Huesca;Escuela Politécnica Superior;Optatividad en movilidad;Normal;Optativa;;;;6;5;6;1.00;27/09/2020
2018;Grado;Grado: Ingeniería de Tecnologías Industriales;Zaragoza;Escuela de Ingeniería y Arquitectura;Optatividad en movilidad;Normal;Optativa;;;;7;7;7;1.00;27/09/2020
2018;Grado;Grado: Ingeniería Electrica;Zaragoza;Escuela de Ingeniería y Arquitectura;Optatividad en movilidad;Normal;Optativa;;;;4;4;4;1.00;27/09/2020
2018;Grado;Grado: Ingeniería Electrónica y Automática;Zaragoza;Escuela de Ingeniería y Arquitectura;Optatividad en movilidad;Normal;Optativa;;;;2;2;2;1.00;27/09/2020
2018;Grado;Grado: Ingeniería Informática;Zaragoza;Escuela de Ingeniería y Arquitectura;Optatividad en movilidad;Normal;Optativa;;;;1;1;1;1.00;27/09/2020
2018;Grado;Grado: Ingeniería Mecánica;Zaragoza;Escuela de Ingeniería y Arquitectura;Optatividad en movilidad;Normal;Optativa;;;;3;3;3;1.00;27/09/2020
2018;Grado;Grado: Ingeniería Química;Zaragoza;Escuela de Ingeniería y Arquitectura;Optatividad en movilidad;Normal;Optativa;;;;3;3;3;1.00;27/09/2020
2018;Grado;Grado: Estudios en Arquitectura;Zaragoza;Escuela de Ingeniería y Arquitectura;Optatividad en movilidad;Normal;Optativa;;;;5;4;4;1.00;27/09/2020
2018;Máster;Máster: Ingeniería biomédica;Zaragoza;Escuela de Ingeniería y Arquitectura;Optatividad en movilidad;Normal;Optativa;;;;1;1;1;1.00;27/09/2020
2018;Máster;Máster: Energías Renovables y Eficiencia Energética;Zaragoza;Escuela de Ingeniería y Arquitectura;Optatividad en movilidad;Normal;Optativa;;;;1;1;1;1.00;27/09/2020
2018;Grado;Grado: Ciencias Ambientales;Huesca;Escuela Politécnica Superior;Optatividad en movilidad;Normal;Optativa;;;;3;3;3;1.00;27/09/2020
2018;Grado;Grado: Ingeniero en Diseño Industrial y Desarrollo de Producto;Zaragoza;Escuela de Ingeniería y Arquitectura;Optatividad en movilidad;Normal;Optativa;;;;5;4;4;1.00;27/09/2020
2018;Grado;Grado: Ingeniería Agroalimentaria y del Medio Rural;Huesca;Escuela Politécnica Superior;Optatividad en movilidad;Normal;Optativa;;;;3;3;3;1.00;27/09/2020
2018;Grado;Grado: Ingeniería de Tecnologías Industriales;Zaragoza;Escuela de Ingeniería y Arquitectura;Optatividad en movilidad;Normal;Optativa;;;;1;1;1;1.00;27/09/2020
2018;Grado;Grado: Ingeniería Electrica;Zaragoza;Escuela de Ingeniería y Arquitectura;Optatividad en movilidad;Normal;Optativa;;;;2;1;1;1.00;27/09/2020
2018;Grado;Grado: Ingeniería Electrónica y Automática;Zaragoza;Escuela de Ingeniería y Arquitectura;Optatividad en movilidad;Normal;Optativa;;;;1;1;1;1.00;27/09/2020
2018;Grado;Grado: Ingeniería Informática;Zaragoza;Escuela de Ingeniería y Arquitectura;Optatividad en movilidad;Normal;Optativa;;;;1;1;1;1.00;27/09/2020
2018;Grado;Grado: Ingeniería Mecánica;Zaragoza;Escuela de Ingeniería y Arquitectura;Optatividad en movilidad;Normal;Optativa;;;;1;1;1;1.00;27/09/2020
2018;Máster;Máster: Ingeniería Industrial;Zaragoza;Escuela de Ingeniería y Arquitectura;Optatividad en movilidad;Normal;Optativa;;;;3;3;3;1.00;27/09/2020
2018;Grado;Grado: Ciencias Ambientales;Huesca;Escuela Politécnica Superior;Optatividad en movilidad;Normal;Optativa;;;;5;5;5;1.00;27/09/2020
2018;Grado;Grado: Ingeniero en Diseño Industrial y Desarrollo de Producto;Zaragoza;Escuela de Ingeniería y Arquitectura;Optatividad en movilidad;Normal;Optativa;;;;9;9;9;1.00;27/09/2020
2018;Grado;Grado: Ingeniería Agroalimentaria y del Medio Rural;Huesca;Escuela Politécnica Superior;Optatividad en movilidad;Normal;Optativa;;;;5;5;5;1.00;27/09/2020
2018;Grado;Grado: Ingeniería de Tecnologías Industriales;Zaragoza;Escuela de Ingeniería y Arquitectura;Optatividad en movilidad;Normal;Optativa;;;;13;13;13;1.00;27/09/2020
2018;Grado;Grado: Ingeniería de Tecnologías y Servicios de Telecomunicación;Zaragoza;Escuela de Ingeniería y Arquitectura;Optatividad en movilidad;Normal;Optativa;;;;1;1;1;1.00;27/09/2020
2018;Grado;Grado: Ingeniería Electrica;Zaragoza;Escuela de Ingeniería y Arquitectura;Optatividad en movilidad;Normal;Optativa;;;;5;4;4;1.00;27/09/2020
2018;Grado;Grado: Ingeniería Electrónica y Automática;Zaragoza;Escuela de Ingeniería y Arquitectura;Optatividad en movilidad;Normal;Optativa;;;;6;6;6;1.00;27/09/2020
2018;Grado;Grado: Ingeniería Informática;Zaragoza;Escuela de Ingeniería y Arquitectura;Optatividad en movilidad;Normal;Optativa;;;;3;3;3;1.00;27/09/2020
2018;Grado;Grado: Ingeniería Mecánica;Zaragoza;Escuela de Ingeniería y Arquitectura;Optatividad en movilidad;Normal;Optativa;;;;5;5;5;1.00;27/09/2020
2018;Grado;Grado: Ingeniería Química;Zaragoza;Escuela de Ingeniería y Arquitectura;Optatividad en movilidad;Normal;Optativa;;;;4;4;4;1.00;27/09/2020
2018;Grado;Grado: Estudios en Arquitectura;Zaragoza;Escuela de Ingeniería y Arquitectura;Optatividad en movilidad;Normal;Optativa;;;;2;2;2;1.00;27/09/2020
2018;Máster;Máster: Energías Renovables y Eficiencia Energética;Zaragoza;Escuela de Ingeniería y Arquitectura;Optatividad en movilidad;Normal;Optativa;;;;1;1;1;1.00;27/09/2020
2018;Máster;Máster: Ingeniería Industrial;Zaragoza;Escuela de Ingeniería y Arquitectura;Optatividad en movilidad;Normal;Optativa;;;;24;23;23;1.00;27/09/2020
2018;Máster;Máster: Física y Tecnologías Físicas;Zaragoza;Facultad de Ciencias;Metodología de la investigación en Física;Normal;Obligatoria;100.00;100.00;100.00;12;12;12;1.00;27/09/2020
2018;Máster;Máster: Física y Tecnologías Físicas;Zaragoza;Facultad de Ciencias;Temas avanzados de Física;Normal;Obligatoria;100.00;90.91;90.91;11;10;10;1.00;27/09/2020
2018;Máster;Máster: Física y Tecnologías Físicas;Zaragoza;Facultad de Ciencias;Trabajo fin de Máster;Trabajo fin de máster;Trabajo fin de máster;100.00;92.31;92.31;13;12;12;1.00;27/09/2020
2018;Máster;Máster: Física y Tecnologías Físicas;Zaragoza;Facultad de Ciencias;Aplicaciones de la Óptica en el entorno industrial;Normal;Optativa;100.00;100.00;100.00;3;3;3;1.00;27/09/2020
2018;Máster;Máster: Física y Tecnologías Físicas;Zaragoza;Facultad de Ciencias;Astrofísica relativista, astropartículas y cosmología;Normal;Optativa;100.00;100.00;100.00;5;5;5;1.00;27/09/2020
2018;Máster;Máster: Física y Tecnologías Físicas;Zaragoza;Facultad de Ciencias;Ciencia de materiales;Normal;Optativa;100.00;100.00;100.00;5;5;5;1.00;27/09/2020
2018;Máster;Máster: Física y Tecnologías Físicas;Zaragoza;Facultad de Ciencias;Física de bajas temperaturas y tecnologías cuánticas;Normal;Optativa;80.00;80.00;100.00;5;4;5;1.00;27/09/2020
2018;Máster;Máster: Física y Tecnologías Físicas;Zaragoza;Facultad de Ciencias;Física de las comunicaciones;Normal;Optativa;100.00;100.00;100.00;2;2;2;1.00;27/09/2020
2018;Máster;Máster: Física y Tecnologías Físicas;Zaragoza;Facultad de Ciencias;Física de materiales magnéticos;Normal;Optativa;100.00;75.00;75.00;4;3;3;1.00;27/09/2020
2018;Máster;Máster: Física y Tecnologías Físicas;Zaragoza;Facultad de Ciencias;Física de partículas;Normal;Optativa;100.00;100.00;100.00;4;4;4;1.00;27/09/2020
2018;Máster;Máster: Física y Tecnologías Físicas;Zaragoza;Facultad de Ciencias;Física estadística de fenómenos críticos y sistemas complejos;Normal;Optativa;100.00;100.00;100.00;6;6;6;1.00;27/09/2020
2018;Máster;Máster: Física y Tecnologías Físicas;Zaragoza;Facultad de Ciencias;Instrumentación inteligente;Normal;Optativa;100.00;100.00;100.00;2;2;2;1.00;27/09/2020
2018;Máster;Máster: Física y Tecnologías Físicas;Zaragoza;Facultad de Ciencias;Interacción de radiación y materia;Normal;Optativa;100.00;100.00;100.00;7;7;7;1.00;27/09/2020
2018;Máster;Máster: Física y Tecnologías Físicas;Zaragoza;Facultad de Ciencias;Nanociencia y nanotecnología;Normal;Optativa;100.00;100.00;100.00;9;9;9;1.00;27/09/2020
2018;Máster;Máster: Física y Tecnologías Físicas;Zaragoza;Facultad de Ciencias;Seguridad y procesos industriales con láser;Normal;Optativa;100.00;100.00;100.00;3;3;3;1.00;27/09/2020
2018;Máster;Máster: Física y Tecnologías Físicas;Zaragoza;Facultad de Ciencias;Sistemas de detección de radiación;Normal;Optativa;100.00;100.00;100.00;3;3;3;1.00;27/09/2020
2018;Máster;Máster: Física y Tecnologías Físicas;Zaragoza;Facultad de Ciencias;Técnicas de imagen y radiofísica;Normal;Optativa;100.00;100.00;100.00;4;4;4;1.00;27/09/2020
2018;Máster;Máster: Física y Tecnologías Físicas;Zaragoza;Facultad de Ciencias;Teoría cuántica de la materia condensada;Normal;Optativa;100.00;100.00;100.00;7;7;7;1.00;27/09/2020
2018;Máster;Máster: Física y Tecnologías Físicas;Zaragoza;Facultad de Ciencias;Prácticas externas;Prácticas externas;Prácticas externas;100.00;75.00;75.00;4;3;3;1.00;27/09/2020
2018;Máster;Máster: Tec.Información Geográfica para Ordenación Territorio: Sig/Teled;Zaragoza;Facultad de Filosofía y Letras;Obtención y organización de la información geográfica;Normal;Obligatoria;100.00;100.00;100.00;23;23;23;1.00;27/09/2020
2018;Máster;Máster: Tec.Información Geográfica para Ordenación Territorio: Sig/Teled;Zaragoza;Facultad de Filosofía y Letras;Análisis de la información geográfica: SIG;Normal;Obligatoria;100.00;100.00;100.00;23;23;23;1.00;27/09/2020
2018;Máster;Máster: Tec.Información Geográfica para Ordenación Territorio: Sig/Teled;Zaragoza;Facultad de Filosofía y Letras;Análisis de la información geográfica: teledetección;Normal;Obligatoria;100.00;100.00;100.00;24;24;24;1.00;27/09/2020
2018;Máster;Máster: Tec.Información Geográfica para Ordenación Territorio: Sig/Teled;Zaragoza;Facultad de Filosofía y Letras;Introducción a las tecnologías de la la información geográfica;Normal;Obligatoria;100.00;100.00;100.00;23;23;23;1.00;27/09/2020
2018;Máster;Máster: Tec.Información Geográfica para Ordenación Territorio: Sig/Teled;Zaragoza;Facultad de Filosofía y Letras;Visualización, presentación y difusión de la información geográfica;Normal;Obligatoria;100.00;100.00;100.00;24;24;24;1.00;27/09/2020
2018;Máster;Máster: Tec.Información Geográfica para Ordenación Territorio: Sig/Teled;Zaragoza;Facultad de Filosofía y Letras;Aplicaciones de las TIG a la ordenación del territorio: medio socioeconómico;Normal;Optativa;100.00;100.00;100.00;15;15;15;1.00;27/09/2020
2018;Máster;Máster: Tec.Información Geográfica para Ordenación Territorio: Sig/Teled;Zaragoza;Facultad de Filosofía y Letras;Trabajo fin de Máster;Trabajo fin de máster;Obligatoria;100.00;87.10;87.10;31;27;27;1.07;27/09/2020
2018;Máster;Máster: Tec.Información Geográfica para Ordenación Territorio: Sig/Teled;Zaragoza;Facultad de Filosofía y Letras;Principios de diseño cartográfico;Normal;Optativa;100.00;100.00;100.00;8;8;8;1.00;27/09/2020
2018;Máster;Máster: Tec.Información Geográfica para Ordenación Territorio: Sig/Teled;Zaragoza;Facultad de Filosofía y Letras;Fundamentos de teledetección;Normal;Optativa;100.00;100.00;100.00;9;9;9;1.00;27/09/2020
2018;Máster;Máster: Tec.Información Geográfica para Ordenación Territorio: Sig/Teled;Zaragoza;Facultad de Filosofía y Letras;Aplicaciones de las TIG a la ordenación del territorio: medio ambiente;Normal;Optativa;100.00;100.00;100.00;16;16;16;1.00;27/09/2020
2018;Máster;Máster: Geología: Técnicas y Aplicaciones;Zaragoza;Facultad de Ciencias;Métodos y técnicas en Geología;Normal;Obligatoria;100.00;100.00;100.00;5;5;5;1.00;27/09/2020
2018;Máster;Máster: Geología: Técnicas y Aplicaciones;Zaragoza;Facultad de Ciencias;Tratamiento, representación y modelización de datos geológicos;Normal;Obligatoria;100.00;100.00;100.00;5;5;5;1.00;27/09/2020
2018;Máster;Máster: Geología: Técnicas y Aplicaciones;Zaragoza;Facultad de Ciencias;Comunicación científica y técnica;Normal;Obligatoria;100.00;100.00;100.00;5;5;5;1.00;27/09/2020
2018;Máster;Máster: Geología: Técnicas y Aplicaciones;Zaragoza;Facultad de Ciencias;Paleontología y dinámica de la biosfera;Normal;Optativa;100.00;100.00;100.00;1;1;1;1.00;27/09/2020
2018;Máster;Máster: Geología: Técnicas y Aplicaciones;Zaragoza;Facultad de Ciencias;La Tierra: procesos  e interacciones a gran escala;Normal;Optativa;100.00;100.00;100.00;1;1;1;1.00;27/09/2020
2018;Máster;Máster: Geología: Técnicas y Aplicaciones;Zaragoza;Facultad de Ciencias;Análisis de facies y modelos sedimentarios: principios y aplicaciones;Normal;Optativa;100.00;100.00;100.00;4;4;4;1.00;27/09/2020
2018;Máster;Máster: Geología: Técnicas y Aplicaciones;Zaragoza;Facultad de Ciencias;Geología del subsuelo;Normal;Optativa;100.00;100.00;100.00;4;4;4;1.00;27/09/2020
2018;Máster;Máster: Geología: Técnicas y Aplicaciones;Zaragoza;Facultad de Ciencias;Cambios climáticos, eventos asociados y registro geológico;Normal;Optativa;100.00;100.00;100.00;3;3;3;1.00;27/09/2020
2018;Máster;Máster: Geología: Técnicas y Aplicaciones;Zaragoza;Facultad de Ciencias;Almacenes Geológicos;Normal;Optativa;100.00;100.00;100.00;2;2;2;1.00;27/09/2020
2018;Máster;Máster: Geología: Técnicas y Aplicaciones;Zaragoza;Facultad de Ciencias;Estudio integrado de cuencas;Normal;Optativa;100.00;100.00;100.00;5;5;5;1.00;27/09/2020
2018;Máster;Máster: Geología: Técnicas y Aplicaciones;Zaragoza;Facultad de Ciencias;Trabajo fin de Máster;Trabajo fin de máster;Trabajo fin de máster;100.00;100.00;100.00;9;9;9;1.11;27/09/2020
2018;Máster;Máster: Química Molecular y Catálisis Homogénea;Zaragoza;Facultad de Ciencias;Estrategias en síntesis orgánica avanzada;Normal;Obligatoria;93.75;93.75;100.00;16;15;16;1.27;27/09/2020
2018;Máster;Máster: Química Molecular y Catálisis Homogénea;Zaragoza;Facultad de Ciencias;Diseño molecular en química inorgánica y organometálica;Normal;Obligatoria;100.00;100.00;100.00;14;14;14;1.00;27/09/2020
2018;Máster;Máster: Química Molecular y Catálisis Homogénea;Zaragoza;Facultad de Ciencias;Catálisis;Normal;Obligatoria;100.00;100.00;100.00;14;14;14;1.07;27/09/2020
2018;Máster;Máster: Química Molecular y Catálisis Homogénea;Zaragoza;Facultad de Ciencias;Técnicas de caracterización estructural;Normal;Obligatoria;100.00;100.00;100.00;14;14;14;1.00;27/09/2020
2018;Máster;Máster: Química Molecular y Catálisis Homogénea;Zaragoza;Facultad de Ciencias;Metodologías fundamentales de síntesis;Normal;Optativa;100.00;100.00;100.00;5;5;5;1.00;27/09/2020
2018;Máster;Máster: Química Molecular y Catálisis Homogénea;Zaragoza;Facultad de Ciencias;Recursos bibliográficos y bases de datos;Normal;Optativa;100.00;100.00;100.00;7;7;7;1.00;27/09/2020
2018;Máster;Máster: Química Molecular y Catálisis Homogénea;Zaragoza;Facultad de Ciencias;Cristalografía y técnicas de difracción;Normal;Optativa;100.00;80.00;80.00;5;4;4;1.00;27/09/2020
2018;Máster;Máster: Química Molecular y Catálisis Homogénea;Zaragoza;Facultad de Ciencias;Modelización molecular;Normal;Optativa;100.00;100.00;100.00;4;4;4;1.00;27/09/2020
2018;Máster;Máster: Química Molecular y Catálisis Homogénea;Zaragoza;Facultad de Ciencias;Técnicas de caracterización estructural avanzadas;Normal;Optativa;100.00;85.71;85.71;8;7;7;1.00;27/09/2020
2018;Máster;Máster: Química Molecular y Catálisis Homogénea;Zaragoza;Facultad de Ciencias;Catálisis asimétrica;Normal;Optativa;100.00;100.00;100.00;10;10;10;1.00;27/09/2020
2018;Máster;Máster: Química Molecular y Catálisis Homogénea;Zaragoza;Facultad de Ciencias;Química supramolecular;Normal;Optativa;100.00;88.89;88.89;9;8;8;1.00;27/09/2020
2018;Máster;Máster: Química Molecular y Catálisis Homogénea;Zaragoza;Facultad de Ciencias;Química de materiales avanzados;Normal;Optativa;100.00;66.67;66.67;3;2;2;1.00;27/09/2020
2018;Máster;Máster: Química Molecular y Catálisis Homogénea;Zaragoza;Facultad de Ciencias;Química en la frontera con la Biología;Normal;Optativa;100.00;100.00;100.00;10;10;10;1.00;27/09/2020
2018;Máster;Máster: Química Molecular y Catálisis Homogénea;Zaragoza;Facultad de Ciencias;Química sostenible y catálisis;Normal;Optativa;100.00;92.31;92.31;13;12;12;1.00;27/09/2020
2018;Máster;Máster: Química Molecular y Catálisis Homogénea;Zaragoza;Facultad de Ciencias;Seminarios interdisciplinares;Normal;Optativa;100.00;100.00;100.00;8;8;8;1.00;27/09/2020
2018;Máster;Máster: Química Molecular y Catálisis Homogénea;Zaragoza;Facultad de Ciencias;Trabajo fin de Máster;Trabajo fin de máster;Trabajo fin de máster;100.00;93.33;93.33;16;15;15;1.00;27/09/2020
2018;Máster;Máster: Ingeniería Agronómica;Huesca;Escuela Politécnica Superior;Calidad y seguridad alimentaria;Normal;Obligatoria;100.00;94.44;94.44;18;17;17;1.26;27/09/2020
2018;Máster;Máster: Ingeniería Agronómica;Huesca;Escuela Politécnica Superior;Infraestructuras rurales;Normal;Obligatoria;75.00;69.23;92.31;13;9;12;1.30;27/09/2020
2018;Máster;Máster: Ingeniería Agronómica;Huesca;Escuela Politécnica Superior;Marketing agroalimentario;Normal;Obligatoria;92.86;86.67;93.33;16;14;15;1.00;27/09/2020
2018;Máster;Máster: Ingeniería Agronómica;Huesca;Escuela Politécnica Superior;Ordenación y gestión del territorio agrario;Normal;Obligatoria;100.00;100.00;100.00;19;19;19;1.00;27/09/2020
2018;Máster;Máster: Ingeniería Agronómica;Huesca;Escuela Politécnica Superior;Políticas agrarias y de desarrollo rural;Normal;Obligatoria;100.00;83.33;83.33;12;10;10;1.00;27/09/2020
2018;Máster;Máster: Ingeniería Agronómica;Huesca;Escuela Politécnica Superior;Recursos hídricos e instalaciones hidráulicas;Normal;Obligatoria;66.67;50.00;75.00;9;5;7;1.00;27/09/2020
2018;Máster;Máster: Ingeniería Agronómica;Huesca;Escuela Politécnica Superior;Instalaciones y vías rurales;Normal;Obligatoria;100.00;95.00;95.00;20;19;19;1.00;27/09/2020
2018;Máster;Máster: Ingeniería Agronómica;Huesca;Escuela Politécnica Superior;Sistemas de producción animal;Normal;Obligatoria;90.91;76.92;84.62;13;10;11;1.09;27/09/2020
2018;Máster;Máster: Ingeniería Agronómica;Huesca;Escuela Politécnica Superior;Sistemas de producción vegetal;Normal;Obligatoria;100.00;100.00;100.00;14;14;14;1.07;27/09/2020
2018;Máster;Máster: Ingeniería Agronómica;Huesca;Escuela Politécnica Superior;Sistemas y procesos agroalimentarios;Normal;Obligatoria;83.33;62.50;75.00;24;15;18;1.25;27/09/2020
2018;Máster;Máster: Ingeniería Agronómica;Huesca;Escuela Politécnica Superior;Biotecnología y mejora vegetal y animal;Normal;Obligatoria;66.67;44.44;66.67;10;5;7;1.80;27/09/2020
2018;Máster;Máster: Ingeniería Agronómica;Huesca;Escuela Politécnica Superior;Organización y administración de empresas agroalimentarias;Normal;Obligatoria;100.00;85.71;85.71;8;7;7;1.00;27/09/2020
2018;Máster;Máster: Ingeniería Agronómica;Huesca;Escuela Politécnica Superior;Prácticas externas;Prácticas externas;Prácticas externas;100.00;100.00;100.00;9;9;9;1.00;27/09/2020
2018;Máster;Máster: Ingeniería Agronómica;Huesca;Escuela Politécnica Superior;Trabajo fin de Máster;Trabajo fin de máster;Trabajo fin de máster;100.00;60.00;60.00;5;3;3;1.00;27/09/2020
2018;Máster;Máster: Química Industrial;Zaragoza;Facultad de Ciencias;Química Industrial;Normal;Obligatoria;100.00;100.00;100.00;19;19;19;1.00;27/09/2020
2018;Máster;Máster: Química Industrial;Zaragoza;Facultad de Ciencias;Sistemas de gestión y legislación medioambiental;Normal;Obligatoria;100.00;100.00;100.00;19;19;19;1.00;27/09/2020
2018;Máster;Máster: Química Industrial;Zaragoza;Facultad de Ciencias;Química Medioambiental;Normal;Obligatoria;100.00;100.00;100.00;19;19;19;1.00;27/09/2020
2018;Máster;Máster: Química Industrial;Zaragoza;Facultad de Ciencias;Control de procesos y productos;Normal;Obligatoria;100.00;100.00;100.00;18;18;18;1.00;27/09/2020
2018;Máster;Máster: Química Industrial;Zaragoza;Facultad de Ciencias;Equipos para procesos químicos;Normal;Obligatoria;100.00;100.00;100.00;17;17;17;1.06;27/09/2020
2018;Máster;Máster: Química Industrial;Zaragoza;Facultad de Ciencias;Electroquímica y fotoquímica para la Industria;Normal;Obligatoria;100.00;100.00;100.00;18;18;18;1.00;27/09/2020
2018;Máster;Máster: Química Industrial;Zaragoza;Facultad de Ciencias;Nuevos disolventes para la Industria;Normal;Optativa;100.00;100.00;100.00;7;7;7;1.00;27/09/2020
2018;Máster;Máster: Química Industrial;Zaragoza;Facultad de Ciencias;Materias primas renovables;Normal;Optativa;100.00;100.00;100.00;3;3;3;1.00;27/09/2020
2018;Máster;Máster: Química Industrial;Zaragoza;Facultad de Ciencias;Materiales inorgánicos avanzados;Normal;Optativa;100.00;100.00;100.00;10;10;10;1.00;27/09/2020
2018;Máster;Máster: Química Industrial;Zaragoza;Facultad de Ciencias;Metrología química en el laboratorio;Normal;Optativa;100.00;100.00;100.00;5;5;5;1.00;27/09/2020
2018;Máster;Máster: Química Industrial;Zaragoza;Facultad de Ciencias;Procesos de la industria alimentaria;Normal;Optativa;100.00;100.00;100.00;11;11;11;1.00;27/09/2020
2018;Máster;Máster: Química Industrial;Zaragoza;Facultad de Ciencias;Trabajo fin de Máster;Trabajo fin de máster;Trabajo fin de máster;100.00;85.71;85.71;21;18;18;1.00;27/09/2020
2018;Máster;Máster: Abogacía;Zaragoza;Facultad de Derecho;Práctica contencioso-administrativa;Normal;Obligatoria;98.99;98.99;100.00;99;98;99;1.00;27/09/2020
2018;Máster;Máster: Abogacía;Zaragoza;Facultad de Derecho;Práctica penal;Normal;Obligatoria;100.00;98.98;98.98;98;97;97;1.00;27/09/2020
2018;Máster;Máster: Abogacía;Zaragoza;Facultad de Derecho;Práctica social;Normal;Obligatoria;100.00;98.98;98.98;98;97;97;1.00;27/09/2020
2018;Máster;Máster: Abogacía;Zaragoza;Facultad de Derecho;Deontología profesional;Normal;Obligatoria;100.00;100.00;100.00;97;97;97;1.00;27/09/2020
2018;Máster;Máster: Abogacía;Zaragoza;Facultad de Derecho;Gestión de despacho;Normal;Obligatoria;100.00;100.00;100.00;98;98;98;1.03;27/09/2020
2018;Máster;Máster: Abogacía;Zaragoza;Facultad de Derecho;Habilidades analíticas y expresivas para el ejercicio profesional;Normal;Obligatoria;100.00;100.00;100.00;98;98;98;1.00;27/09/2020
2018;Máster;Máster: Abogacía;Zaragoza;Facultad de Derecho;Regulación de la actividad profesional;Normal;Obligatoria;100.00;100.00;100.00;97;97;97;1.00;27/09/2020
2018;Máster;Máster: Abogacía;Zaragoza;Facultad de Derecho;Tecnología aplicada al ejercicio profesional;Normal;Obligatoria;100.00;100.00;100.00;100;100;100;1.06;27/09/2020
2018;Máster;Máster: Abogacía;Zaragoza;Facultad de Derecho;Turno de oficio;Normal;Obligatoria;100.00;100.00;100.00;97;97;97;1.00;27/09/2020
2018;Máster;Máster: Abogacía;Zaragoza;Facultad de Derecho;Prácticas externas I;Prácticas externas;Obligatoria;100.00;97.94;97.94;97;95;95;1.00;27/09/2020
2018;Máster;Máster: Abogacía;Zaragoza;Facultad de Derecho;Técnicas alternativas de resolución de conflictos;Normal;Obligatoria;100.00;100.00;100.00;97;97;97;1.01;27/09/2020
2018;Máster;Máster: Abogacía;Zaragoza;Facultad de Derecho;Abogacía en entorno nacional;Normal;Optativa;100.00;100.00;100.00;75;75;75;1.00;27/09/2020
2018;Máster;Máster: Abogacía;Zaragoza;Facultad de Derecho;Prácticas externas II;Prácticas externas;Obligatoria;100.00;100.00;100.00;79;79;79;1.00;27/09/2020
2018;Máster;Máster: Abogacía;Zaragoza;Facultad de Derecho;Trabajo fin de Máster;Trabajo fin de máster;Trabajo fin de máster;100.00;97.40;97.40;77;75;75;1.01;27/09/2020
2018;Máster;Máster: Abogacía;Zaragoza;Facultad de Derecho;Práctica civil;Normal;Obligatoria;100.00;98.98;98.98;98;97;97;1.00;27/09/2020
2018;Máster;Máster: Abogacía;Zaragoza;Facultad de Derecho;Práctica mercantil;Normal;Obligatoria;98.97;97.96;98.98;98;96;97;1.03;27/09/2020
2018;Máster;Máster: Ingeniería Industrial;Zaragoza;Escuela de Ingeniería y Arquitectura;Datos y modelos en ingeniería;Normal;Optativa;100.00;100.00;100.00;11;11;11;1.00;27/09/2020
2018;Máster;Máster: Ingeniería Industrial;Zaragoza;Escuela de Ingeniería y Arquitectura;Prácticas externas 4;Prácticas externas;Optativa;100.00;100.00;100.00;6;6;6;1.00;27/09/2020
2018;Máster;Máster: Ingeniería Industrial;Zaragoza;Escuela de Ingeniería y Arquitectura;Prácticas externas 5;Prácticas externas;Optativa;100.00;96.49;96.49;58;56;56;1.00;27/09/2020
2018;Máster;Máster: Ingeniería Industrial;Zaragoza;Escuela de Ingeniería y Arquitectura;Prácticas externas 1;Prácticas externas;Optativa;100.00;80.00;80.00;10;8;8;1.00;27/09/2020
2018;Máster;Máster: Ingeniería Industrial;Zaragoza;Escuela de Ingeniería y Arquitectura;Prácticas externas 3;Prácticas externas;Optativa;100.00;100.00;100.00;1;1;1;1.00;27/09/2020
2018;Máster;Máster: Ingeniería Industrial;Zaragoza;Escuela de Ingeniería y Arquitectura;Instalaciones eléctricas de alta y baja tensión;Normal;Obligatoria;100.00;98.97;98.97;99;98;98;1.00;27/09/2020
2018;Máster;Máster: Ingeniería Industrial;Zaragoza;Escuela de Ingeniería y Arquitectura;Diseño y ensayo de máquinas y sistemas integrados de fabricación;Normal;Obligatoria;98.91;97.85;98.92;95;93;94;1.02;27/09/2020
2018;Máster;Máster: Ingeniería Industrial;Zaragoza;Escuela de Ingeniería y Arquitectura;Ingeniería de fluidos;Normal;Obligatoria;92.31;80.77;87.50;108;88;95;1.30;27/09/2020
2018;Máster;Máster: Ingeniería Industrial;Zaragoza;Escuela de Ingeniería y Arquitectura;Análisis y diseño de procesos químicos;Normal;Obligatoria;92.63;91.67;98.96;101;93;100;1.27;27/09/2020
2018;Máster;Máster: Ingeniería Industrial;Zaragoza;Escuela de Ingeniería y Arquitectura;Tecnología energética;Normal;Obligatoria;100.00;98.92;98.92;94;93;93;1.04;27/09/2020
2018;Máster;Máster: Ingeniería Industrial;Zaragoza;Escuela de Ingeniería y Arquitectura;Diseño electrónico y control avanzado;Normal;Obligatoria;88.61;67.96;76.70;107;74;83;1.32;27/09/2020
2018;Máster;Máster: Ingeniería Industrial;Zaragoza;Escuela de Ingeniería y Arquitectura;Plantas y servicios industriales;Normal;Obligatoria;77.67;72.07;92.79;113;82;105;1.53;27/09/2020
2018;Máster;Máster: Ingeniería Industrial;Zaragoza;Escuela de Ingeniería y Arquitectura;Construcciones industriales y teoría de estructuras;Normal;Obligatoria;84.88;79.35;93.48;96;77;90;1.19;27/09/2020
2018;Máster;Máster: Ingeniería Industrial;Zaragoza;Escuela de Ingeniería y Arquitectura;Transporte y manutención industrial;Normal;Obligatoria;90.00;87.10;96.77;99;87;96;1.25;27/09/2020
2018;Máster;Máster: Ingeniería Industrial;Zaragoza;Escuela de Ingeniería y Arquitectura;Dirección estratégica;Normal;Obligatoria;98.89;96.74;97.83;93;90;91;1.00;27/09/2020
2018;Máster;Máster: Ingeniería Industrial;Zaragoza;Escuela de Ingeniería y Arquitectura;Organización de la empresa y dirección de sus recursos humanos;Normal;Obligatoria;100.00;98.84;98.84;90;88;89;1.02;27/09/2020
2018;Máster;Máster: Ingeniería Industrial;Zaragoza;Escuela de Ingeniería y Arquitectura;Gestión de proyectos industriales y de I+D+I;Normal;Obligatoria;86.73;85.86;98.99;100;86;99;1.36;27/09/2020
2018;Máster;Máster: Ingeniería Industrial;Zaragoza;Escuela de Ingeniería y Arquitectura;Trabajo fin de Máster (Automatización Industrial y Robótica);Trabajo fin de máster;Trabajo fin de máster;100.00;60.00;60.00;6;4;4;1.00;27/09/2020
2018;Máster;Máster: Ingeniería Industrial;Zaragoza;Escuela de Ingeniería y Arquitectura;Máquinas eléctricas;Normal;Optativa;78.95;60.00;76.00;25;15;19;1.44;27/09/2020
2018;Máster;Máster: Ingeniería Industrial;Zaragoza;Escuela de Ingeniería y Arquitectura;Sistemas eléctricos de potencia;Normal;Optativa;89.47;62.96;70.37;27;17;19;1.06;27/09/2020
2018;Máster;Máster: Ingeniería Industrial;Zaragoza;Escuela de Ingeniería y Arquitectura;Criterios de diseño de máquinas;Normal;Optativa;100.00;91.67;91.67;12;11;11;1.00;27/09/2020
2018;Máster;Máster: Ingeniería Industrial;Zaragoza;Escuela de Ingeniería y Arquitectura;Tecnologías de fabricación;Normal;Optativa;100.00;66.67;66.67;12;8;8;1.12;27/09/2020
2018;Máster;Máster: Ingeniería Industrial;Zaragoza;Escuela de Ingeniería y Arquitectura;Máquinas e instalaciones de fluidos;Normal;Optativa;100.00;100.00;100.00;8;8;8;1.00;27/09/2020
2018;Máster;Máster: Ingeniería Industrial;Zaragoza;Escuela de Ingeniería y Arquitectura;Ingeniería térmica;Normal;Optativa;100.00;91.67;91.67;12;11;11;1.18;27/09/2020
2018;Máster;Máster: Ingeniería Industrial;Zaragoza;Escuela de Ingeniería y Arquitectura;Electrónica digital y de potencia;Normal;Optativa;100.00;94.12;94.12;17;16;16;1.38;27/09/2020
2018;Máster;Máster: Ingeniería Industrial;Zaragoza;Escuela de Ingeniería y Arquitectura;Ingeniería de control;Normal;Optativa;94.74;94.74;100.00;19;18;19;1.28;27/09/2020
2018;Máster;Máster: Ingeniería Industrial;Zaragoza;Escuela de Ingeniería y Arquitectura;Evaluación y control de sistemas de producción;Normal;Optativa;78.57;78.57;100.00;24;21;24;1.00;27/09/2020
2018;Máster;Máster: Ingeniería Industrial;Zaragoza;Escuela de Ingeniería y Arquitectura;Visión y robótica;Normal;Optativa;100.00;93.75;93.75;27;25;26;1.00;27/09/2020
2018;Máster;Máster: Ingeniería Industrial;Zaragoza;Escuela de Ingeniería y Arquitectura;Diseño y ejecución de complejos industriales;Normal;Optativa;100.00;100.00;100.00;26;25;25;1.00;27/09/2020
2018;Máster;Máster: Ingeniería Industrial;Zaragoza;Escuela de Ingeniería y Arquitectura;Simulación computacional en ingeniería estructural;Normal;Optativa;100.00;100.00;100.00;13;12;13;1.00;27/09/2020
2018;Máster;Máster: Ingeniería Industrial;Zaragoza;Escuela de Ingeniería y Arquitectura;Nuevas tecnologías en máquinas y vehículos;Normal;Optativa;100.00;100.00;100.00;24;22;24;1.00;27/09/2020
2018;Máster;Máster: Ingeniería Industrial;Zaragoza;Escuela de Ingeniería y Arquitectura;Movilidad segura y sostenible;Normal;Optativa;100.00;94.12;94.12;28;27;27;1.00;27/09/2020
2018;Máster;Máster: Ingeniería Industrial;Zaragoza;Escuela de Ingeniería y Arquitectura;Proyectos de climatización y eficiencia energética;Normal;Optativa;100.00;100.00;100.00;33;33;33;1.00;27/09/2020
2018;Máster;Máster: Ingeniería Industrial;Zaragoza;Escuela de Ingeniería y Arquitectura;Modelos y simulación de flujos e instalaciones;Normal;Optativa;100.00;100.00;100.00;24;23;24;1.00;27/09/2020
2018;Máster;Máster: Ingeniería Industrial;Zaragoza;Escuela de Ingeniería y Arquitectura;Materiales para aplicaciones industriales;Normal;Optativa;100.00;100.00;100.00;36;35;35;1.00;27/09/2020
2018;Máster;Máster: Ingeniería Industrial;Zaragoza;Escuela de Ingeniería y Arquitectura;Tecnologías laser en aplicaciones industriales;Normal;Optativa;100.00;100.00;100.00;10;10;10;1.00;27/09/2020
2018;Máster;Máster: Ingeniería Industrial;Zaragoza;Escuela de Ingeniería y Arquitectura;Business intelligence;Normal;Optativa;100.00;100.00;100.00;39;38;38;1.00;27/09/2020
2018;Máster;Máster: Ingeniería Industrial;Zaragoza;Escuela de Ingeniería y Arquitectura;Logística;Normal;Optativa;100.00;100.00;100.00;43;42;42;1.02;27/09/2020
2018;Máster;Máster: Ingeniería Industrial;Zaragoza;Escuela de Ingeniería y Arquitectura;Ingeniería de precisión y fabricación aditiva;Normal;Optativa;100.00;91.67;91.67;23;22;22;1.00;27/09/2020
2018;Máster;Máster: Ingeniería Industrial;Zaragoza;Escuela de Ingeniería y Arquitectura;Técnicas avanzadas de producción durante el ciclo de vida del producto;Normal;Optativa;100.00;100.00;100.00;35;34;34;1.00;27/09/2020
2018;Máster;Máster: Ingeniería Industrial;Zaragoza;Escuela de Ingeniería y Arquitectura;Domótica e instalaciones eléctricas inteligentes;Normal;Optativa;100.00;100.00;100.00;30;30;30;1.00;27/09/2020
2018;Máster;Máster: Ingeniería Industrial;Zaragoza;Escuela de Ingeniería y Arquitectura;Sistemas eléctricos en la industria;Normal;Optativa;100.00;100.00;100.00;27;26;26;1.00;27/09/2020
2018;Máster;Máster: Ingeniería Industrial;Zaragoza;Escuela de Ingeniería y Arquitectura;Control digital con FPGA de etapas de potencia;Normal;Optativa;100.00;85.71;85.71;13;11;11;1.00;27/09/2020
2018;Máster;Máster: Ingeniería Industrial;Zaragoza;Escuela de Ingeniería y Arquitectura;Etapas electrónicas resonantes;Normal;Optativa;100.00;100.00;100.00;11;11;11;1.00;27/09/2020
2018;Máster;Máster: Ingeniería Industrial;Zaragoza;Escuela de Ingeniería y Arquitectura;Trabajo fin de Máster (Construcciones e instalaciones industriales);Trabajo fin de máster;Trabajo fin de máster;100.00;100.00;100.00;2;2;2;1.00;27/09/2020
2018;Máster;Máster: Ingeniería Industrial;Zaragoza;Escuela de Ingeniería y Arquitectura;Trabajo fin de Máster (Energía y tecnología de calor y fluídos);Trabajo fin de máster;Trabajo fin de máster;100.00;83.33;83.33;7;6;6;1.00;27/09/2020
2018;Máster;Máster: Ingeniería Industrial;Zaragoza;Escuela de Ingeniería y Arquitectura;Trabajo fin de Máster (Organización industrial);Trabajo fin de máster;Trabajo fin de máster;100.00;100.00;100.00;9;9;9;1.00;27/09/2020
2018;Máster;Máster: Ingeniería Industrial;Zaragoza;Escuela de Ingeniería y Arquitectura;Trabajo fin de Máster (Producción);Trabajo fin de máster;Trabajo fin de máster;100.00;100.00;100.00;7;7;7;1.00;27/09/2020
2018;Máster;Máster: Ingeniería Industrial;Zaragoza;Escuela de Ingeniería y Arquitectura;Trabajo fin de Máster (Sistemas electrónicos);Trabajo fin de máster;Trabajo fin de máster;100.00;100.00;100.00;8;8;8;1.00;27/09/2020
2018;Máster;Máster: Ingeniería Industrial;Zaragoza;Escuela de Ingeniería y Arquitectura;Trabajo fin de Máster (Sistemas eléctricos);Trabajo fin de máster;Trabajo fin de máster;100.00;40.00;40.00;5;2;2;1.00;27/09/2020
2018;Máster;Máster: Ingeniería Industrial;Zaragoza;Escuela de Ingeniería y Arquitectura;Trabajo fin de Máster (Diseño de máquinas y vehículos);Trabajo fin de máster;Trabajo fin de máster;100.00;33.33;33.33;3;1;1;1.00;27/09/2020
2018;Máster;Máster: Ingeniería Industrial;Zaragoza;Escuela de Ingeniería y Arquitectura;Trabajo fin de Máster;Trabajo fin de máster;Trabajo fin de máster;100.00;77.78;77.78;65;53;53;1.00;27/09/2020
2018;Máster;Máster: Ingeniería Industrial;Zaragoza;Escuela de Ingeniería y Arquitectura;Sistemas de información en organizaciones industriales;Normal;Optativa;100.00;100.00;100.00;14;14;14;1.00;27/09/2020
2018;Máster;Máster: Evaluación y Entrenamiento Físico para la Salud;Huesca;Facultad de Ciencias de la Salud y del Deporte;Actividad física y salud: evidencias científicas;Normal;Obligatoria;100.00;93.33;93.33;15;14;14;1.07;27/09/2020
2018;Máster;Máster: Evaluación y Entrenamiento Físico para la Salud;Huesca;Facultad de Ciencias de la Salud y del Deporte;Bases para la promoción de la actividad física;Normal;Optativa;100.00;100.00;100.00;5;5;5;1.00;27/09/2020
2018;Máster;Máster: Evaluación y Entrenamiento Físico para la Salud;Huesca;Facultad de Ciencias de la Salud y del Deporte;Variables psicológicas en la evaluación y prescripción de ejercicio físico;Normal;Optativa;100.00;66.67;66.67;4;3;3;1.00;27/09/2020
2018;Máster;Máster: Evaluación y Entrenamiento Físico para la Salud;Huesca;Facultad de Ciencias de la Salud y del Deporte;Metodología e investigación aplicada;Normal;Obligatoria;93.33;93.33;100.00;15;14;15;1.00;27/09/2020
2018;Máster;Máster: Evaluación y Entrenamiento Físico para la Salud;Huesca;Facultad de Ciencias de la Salud y del Deporte;Análisis de datos;Normal;Optativa;100.00;100.00;100.00;11;11;11;1.00;27/09/2020
2018;Máster;Máster: Evaluación y Entrenamiento Físico para la Salud;Huesca;Facultad de Ciencias de la Salud y del Deporte;Valoración de la condición física y el gasto energético;Normal;Obligatoria;100.00;92.31;92.31;13;12;12;1.00;27/09/2020
2018;Máster;Máster: Evaluación y Entrenamiento Físico para la Salud;Huesca;Facultad de Ciencias de la Salud y del Deporte;Evaluación de ingesta dietética;Normal;Optativa;100.00;100.00;100.00;14;14;14;1.00;27/09/2020
2018;Máster;Máster: Evaluación y Entrenamiento Físico para la Salud;Huesca;Facultad de Ciencias de la Salud y del Deporte;Composición corporal y salud;Normal;Obligatoria;92.31;92.31;100.00;13;12;13;1.00;27/09/2020
2018;Máster;Máster: Evaluación y Entrenamiento Físico para la Salud;Huesca;Facultad de Ciencias de la Salud y del Deporte;Cineantropometría básica;Normal;Optativa;100.00;100.00;100.00;11;11;11;1.00;27/09/2020
2018;Máster;Máster: Evaluación y Entrenamiento Físico para la Salud;Huesca;Facultad de Ciencias de la Salud y del Deporte;Prescripción de ejercicio físico;Normal;Obligatoria;100.00;92.31;92.31;13;12;12;1.00;27/09/2020
2018;Máster;Máster: Evaluación y Entrenamiento Físico para la Salud;Huesca;Facultad de Ciencias de la Salud y del Deporte;Ejercicio físico y envejecimiento;Normal;Optativa;90.91;90.91;100.00;11;10;11;1.00;27/09/2020
2018;Máster;Máster: Evaluación y Entrenamiento Físico para la Salud;Huesca;Facultad de Ciencias de la Salud y del Deporte;Trabajo fin de Máster;Trabajo fin de máster;Trabajo fin de máster;100.00;82.35;82.35;18;15;15;1.00;27/09/2020
2018;Máster;Máster: Evaluación y Entrenamiento Físico para la Salud;Huesca;Facultad de Ciencias de la Salud y del Deporte;Prácticas externas;Prácticas externas;Optativa;100.00;100.00;100.00;2;2;2;1.00;27/09/2020
2018;Máster;Máster: Gestión del Patrimonio Cultural;Zaragoza;Facultad de Filosofía y Letras;Gestión del patrimonio cultural;Normal;Obligatoria;100.00;97.30;97.30;37;36;36;1.00;27/09/2020
2018;Máster;Máster: Gestión del Patrimonio Cultural;Zaragoza;Facultad de Filosofía y Letras;Legislación del patrimonio cultural;Normal;Obligatoria;100.00;97.37;97.37;38;37;37;1.00;27/09/2020
2018;Máster;Máster: Gestión del Patrimonio Cultural;Zaragoza;Facultad de Filosofía y Letras;Investigación y catalogación del patrimonio cultural;Normal;Obligatoria;100.00;97.30;97.30;37;36;36;1.14;27/09/2020
2018;Máster;Máster: Gestión del Patrimonio Cultural;Zaragoza;Facultad de Filosofía y Letras;Difusión, comunicación, puesta en valor e interpretación del patrimonio cultural;Normal;Obligatoria;100.00;97.30;97.30;37;36;36;1.00;27/09/2020
2018;Máster;Máster: Gestión del Patrimonio Cultural;Zaragoza;Facultad de Filosofía y Letras;Prácticas externas;Prácticas externas;Obligatoria;100.00;94.74;94.74;38;36;36;1.00;27/09/2020
2018;Máster;Máster: Gestión del Patrimonio Cultural;Zaragoza;Facultad de Filosofía y Letras;Trabajo fin de Máster;Trabajo fin de máster;Obligatoria;94.12;80.00;85.00;40;32;34;1.03;27/09/2020
2018;Máster;Máster: Gestión del Patrimonio Cultural;Zaragoza;Facultad de Filosofía y Letras;Conservación y restauración del patrimonio cultural;Normal;Obligatoria;100.00;94.74;94.74;38;36;36;1.03;27/09/2020
2018;Máster;Máster: Ingeniería de Telecomunicación;Zaragoza;Escuela de Ingeniería y Arquitectura;Comunicaciones avanzadas;Normal;Obligatoria;100.00;94.12;94.12;17;16;16;1.19;27/09/2020
2018;Máster;Máster: Ingeniería de Telecomunicación;Zaragoza;Escuela de Ingeniería y Arquitectura;Internet de nueva generación;Normal;Obligatoria;100.00;100.00;100.00;14;14;14;1.00;27/09/2020
2018;Máster;Máster: Ingeniería de Telecomunicación;Zaragoza;Escuela de Ingeniería y Arquitectura;Redes heterogéneas;Normal;Obligatoria;100.00;94.44;94.44;18;17;17;1.12;27/09/2020
2018;Máster;Máster: Ingeniería de Telecomunicación;Zaragoza;Escuela de Ingeniería y Arquitectura;Sistemas analógicos avanzados e instrumentación;Normal;Obligatoria;100.00;100.00;100.00;18;18;18;1.00;27/09/2020
2018;Máster;Máster: Ingeniería de Telecomunicación;Zaragoza;Escuela de Ingeniería y Arquitectura;Sistemas digitales avanzados;Normal;Obligatoria;68.75;64.71;94.12;17;11;16;1.73;27/09/2020
2018;Máster;Máster: Ingeniería de Telecomunicación;Zaragoza;Escuela de Ingeniería y Arquitectura;Tratamiento de señal para comunicaciones;Normal;Obligatoria;100.00;75.00;75.00;12;9;9;1.00;27/09/2020
2018;Máster;Máster: Ingeniería de Telecomunicación;Zaragoza;Escuela de Ingeniería y Arquitectura;Diseño de antenas y sistemas de radiocomunicaciones;Normal;Obligatoria;93.33;93.33;100.00;15;14;15;1.14;27/09/2020
2018;Máster;Máster: Ingeniería de Telecomunicación;Zaragoza;Escuela de Ingeniería y Arquitectura;Diseño de sistemas electrónicos;Normal;Obligatoria;100.00;100.00;100.00;16;16;16;1.00;27/09/2020
2018;Máster;Máster: Ingeniería de Telecomunicación;Zaragoza;Escuela de Ingeniería y Arquitectura;Redes y servicios de comunicaciones móviles;Normal;Obligatoria;100.00;100.00;100.00;15;15;15;1.00;27/09/2020
2018;Máster;Máster: Ingeniería de Telecomunicación;Zaragoza;Escuela de Ingeniería y Arquitectura;Seguridad y gestión avanzadas;Normal;Obligatoria;100.00;85.71;85.71;14;12;12;1.33;27/09/2020
2018;Máster;Máster: Ingeniería de Telecomunicación;Zaragoza;Escuela de Ingeniería y Arquitectura;Sistemas de radiolocalización y satélites;Normal;Obligatoria;85.71;75.00;87.50;16;12;14;1.58;27/09/2020
2018;Máster;Máster: Ingeniería de Telecomunicación;Zaragoza;Escuela de Ingeniería y Arquitectura;Sistemas de transmisión óptica y de alta frecuencia;Normal;Obligatoria;100.00;100.00;100.00;13;13;13;1.08;27/09/2020
2018;Máster;Máster: Ingeniería de Telecomunicación;Zaragoza;Escuela de Ingeniería y Arquitectura;Gestión de proyectos de telecomunicación;Normal;Obligatoria;100.00;100.00;100.00;7;7;7;1.00;27/09/2020
2018;Máster;Máster: Ingeniería de Telecomunicación;Zaragoza;Escuela de Ingeniería y Arquitectura;Integración de tecnologías y sistemas de telecomunicación;Normal;Obligatoria;100.00;100.00;100.00;8;8;8;1.00;27/09/2020
2018;Máster;Máster: Ingeniería de Telecomunicación;Zaragoza;Escuela de Ingeniería y Arquitectura;Trabajo fin de Máster;Trabajo fin de máster;Trabajo fin de máster;100.00;71.43;71.43;8;6;6;1.00;27/09/2020
2018;Máster;Máster: Ingeniería de Telecomunicación;Zaragoza;Escuela de Ingeniería y Arquitectura;Tratamiento digital de imagen y video;Normal;Optativa;100.00;100.00;100.00;3;3;3;1.00;27/09/2020
2018;Máster;Máster: Ingeniería de Telecomunicación;Zaragoza;Escuela de Ingeniería y Arquitectura;Tecnologías del habla;Normal;Optativa;100.00;100.00;100.00;4;4;4;1.00;27/09/2020
2018;Máster;Máster: Ingeniería de Telecomunicación;Zaragoza;Escuela de Ingeniería y Arquitectura;Aprendizaje automático en datos multimedia;Normal;Optativa;100.00;100.00;100.00;6;6;6;1.00;27/09/2020
2018;Máster;Máster: Ingeniería de Telecomunicación;Zaragoza;Escuela de Ingeniería y Arquitectura;Ingeniería óptica y fotónica;Normal;Optativa;100.00;100.00;100.00;5;5;5;1.00;27/09/2020
2018;Máster;Máster: Ingeniería de Telecomunicación;Zaragoza;Escuela de Ingeniería y Arquitectura;Compatibilidad electromagnética y seguridad eléctrica;Normal;Optativa;;;;1;1;1;1.00;27/09/2020
2018;Máster;Máster: Ingeniería de Telecomunicación;Zaragoza;Escuela de Ingeniería y Arquitectura;Redes neuronales electrónicas;Normal;Optativa;100.00;100.00;100.00;3;3;3;1.00;27/09/2020
2018;Máster;Máster: Ingeniería de Telecomunicación;Zaragoza;Escuela de Ingeniería y Arquitectura;Redes de sensores electrónicos;Normal;Optativa;100.00;100.00;100.00;2;2;2;1.00;27/09/2020
2018;Máster;Máster: Ingeniería de Telecomunicación;Zaragoza;Escuela de Ingeniería y Arquitectura;Sistemas de comunicaciones para misión crítica;Normal;Optativa;;;;1;1;1;1.00;27/09/2020
2018;Máster;Máster: Ingeniería de Telecomunicación;Zaragoza;Escuela de Ingeniería y Arquitectura;Sistemas de e-Health;Normal;Optativa;;;;1;0;0;;27/09/2020
2018;Máster;Máster: Ingeniería de Telecomunicación;Zaragoza;Escuela de Ingeniería y Arquitectura;Prácticas externas 3;Prácticas externas;Optativa;100.00;100.00;100.00;4;4;4;1.00;27/09/2020
2018;Máster;Máster: Iniciación a la Investigación en Ciencias de la Enfermería;Zaragoza;Facultad de Ciencias de la Salud;Nuevas perspectivas teóricas del cuidado;Normal;Obligatoria;100.00;95.00;95.00;20;19;19;1.00;27/09/2020
2018;Máster;Máster: Iniciación a la Investigación en Ciencias de la Enfermería;Zaragoza;Facultad de Ciencias de la Salud;Técnicas de investigación avanzada;Normal;Obligatoria;100.00;100.00;100.00;20;20;20;1.00;27/09/2020
2018;Máster;Máster: Iniciación a la Investigación en Ciencias de la Enfermería;Zaragoza;Facultad de Ciencias de la Salud;Bases documentales y legales, económicas, sociales y culturales de los cuidados a nivel Europeo;Normal;Obligatoria;100.00;100.00;100.00;20;20;20;1.00;27/09/2020
2018;Máster;Máster: Iniciación a la Investigación en Ciencias de la Enfermería;Zaragoza;Facultad de Ciencias de la Salud;Trabajo fin de Máster;Trabajo fin de máster;Trabajo fin de máster;100.00;83.33;83.33;24;20;20;1.00;27/09/2020
2018;Máster;Máster: Iniciación a la Investigación en Ciencias de la Enfermería;Zaragoza;Facultad de Ciencias de la Salud;Cuidados ecológicos y holísticos.;Normal;Optativa;100.00;100.00;100.00;20;20;20;1.00;27/09/2020
2018;Máster;Máster: Iniciación a la Investigación en Ciencias de la Enfermería;Zaragoza;Facultad de Ciencias de la Salud;Instrumentos de calidad de vida;Normal;Optativa;100.00;100.00;100.00;20;20;20;1.00;27/09/2020
2018;Máster;Máster: Iniciación a la Investigación en Ciencias de la Enfermería;Zaragoza;Facultad de Ciencias de la Salud;Autocuidados y calidad de vida en enfermos crónicos;Normal;Optativa;100.00;100.00;100.00;20;20;20;1.00;27/09/2020
2018;Máster;Máster: Iniciación a la Investigación en Ciencias de la Enfermería;Zaragoza;Facultad de Ciencias de la Salud;Autocuidados y calidad de vida en infancia y juventud;Normal;Optativa;100.00;100.00;100.00;19;19;19;1.00;27/09/2020
2018;Máster;Máster: Iniciación a la Investigación en Ciencias de la Enfermería;Zaragoza;Facultad de Ciencias de la Salud;Escritura científica en inglés;Normal;Optativa;100.00;100.00;100.00;20;20;20;1.00;27/09/2020
2018;Máster;Máster: Gerontología Social;Zaragoza;Facultad de Ciencias de la Salud;Fisioterapia;Normal;Optativa;100.00;100.00;100.00;27;27;27;1.00;27/09/2020
2018;Máster;Máster: Gerontología Social;Zaragoza;Facultad de Ciencias de la Salud;Otras terapéuticas;Normal;Optativa;100.00;100.00;100.00;28;28;28;1.00;27/09/2020
2018;Máster;Máster: Gerontología Social;Zaragoza;Facultad de Ciencias de la Salud;Trabajo en equipo;Normal;Optativa;100.00;100.00;100.00;16;16;16;1.00;27/09/2020
2018;Máster;Máster: Gerontología Social;Zaragoza;Facultad de Ciencias de la Salud;Psicosociología gerontológica;Normal;Obligatoria;100.00;97.14;97.14;35;34;34;1.00;27/09/2020
2018;Máster;Máster: Gerontología Social;Zaragoza;Facultad de Ciencias de la Salud;Trabajo social y política social en la tercera edad;Normal;Obligatoria;100.00;100.00;100.00;35;35;35;1.00;27/09/2020
2018;Máster;Máster: Gerontología Social;Zaragoza;Facultad de Ciencias de la Salud;Patologías físicas y mentales en el mayor: envejecimiento normal y patológico;Normal;Obligatoria;100.00;100.00;100.00;35;35;35;1.00;27/09/2020
2018;Máster;Máster: Gerontología Social;Zaragoza;Facultad de Ciencias de la Salud;Promoción de salud y aspectos terapéuticos en el mayor;Normal;Obligatoria;100.00;100.00;100.00;35;35;35;1.00;27/09/2020
2018;Máster;Máster: Gerontología Social;Zaragoza;Facultad de Ciencias de la Salud;Gestión gerontológica;Normal;Obligatoria;100.00;100.00;100.00;35;35;35;1.00;27/09/2020
2018;Máster;Máster: Gerontología Social;Zaragoza;Facultad de Ciencias de la Salud;Trabajo fin de Máster;Trabajo fin de máster;Obligatoria;100.00;88.89;88.89;36;32;32;1.00;27/09/2020
2018;Máster;Máster: Gerontología Social;Zaragoza;Facultad de Ciencias de la Salud;Prácticas externas;Prácticas externas;Obligatoria;100.00;100.00;100.00;35;35;35;1.00;27/09/2020
2018;Máster;Máster: Mundo Antiguo y Patrimonio Arqueológico;Zaragoza;Facultad de Filosofía y Letras;Cultura escrita y método epigráfico en el Mundo Antiguo;Normal;Obligatoria;100.00;100.00;100.00;13;13;13;1.00;27/09/2020
2018;Máster;Máster: Mundo Antiguo y Patrimonio Arqueológico;Zaragoza;Facultad de Filosofía y Letras;Fuentes y Métodos Filológicos;Normal;Obligatoria;100.00;100.00;100.00;12;12;12;1.00;27/09/2020
2018;Máster;Máster: Mundo Antiguo y Patrimonio Arqueológico;Zaragoza;Facultad de Filosofía y Letras;Gestión del patrimonio histórico arqueológico: métodos y técnicas;Normal;Obligatoria;100.00;100.00;100.00;12;12;12;1.00;27/09/2020
2018;Máster;Máster: Mundo Antiguo y Patrimonio Arqueológico;Zaragoza;Facultad de Filosofía y Letras;Tendencias metodológicas y de interpretación en Prehistoria y Arqueología;Normal;Obligatoria;100.00;100.00;100.00;13;13;13;1.00;27/09/2020
2018;Máster;Máster: Mundo Antiguo y Patrimonio Arqueológico;Zaragoza;Facultad de Filosofía y Letras;Instituciones y práctica política en la ciudad antigua;Normal;Optativa;100.00;100.00;100.00;6;6;6;1.00;27/09/2020
2018;Máster;Máster: Mundo Antiguo y Patrimonio Arqueológico;Zaragoza;Facultad de Filosofía y Letras;Introducción a la paleohispanística;Normal;Optativa;100.00;100.00;100.00;7;7;7;1.00;27/09/2020
2018;Máster;Máster: Mundo Antiguo y Patrimonio Arqueológico;Zaragoza;Facultad de Filosofía y Letras;Literatura y cultura Helenística: de la polis a la ecúmene;Normal;Optativa;100.00;100.00;100.00;4;4;4;1.00;27/09/2020
2018;Máster;Máster: Mundo Antiguo y Patrimonio Arqueológico;Zaragoza;Facultad de Filosofía y Letras;Ideología y poder en la Roma imperial;Normal;Optativa;100.00;100.00;100.00;7;7;7;1.00;27/09/2020
2018;Máster;Máster: Mundo Antiguo y Patrimonio Arqueológico;Zaragoza;Facultad de Filosofía y Letras;Religiones en el Mundo Antiguo;Normal;Optativa;100.00;100.00;100.00;10;10;10;1.00;27/09/2020
2018;Máster;Máster: Mundo Antiguo y Patrimonio Arqueológico;Zaragoza;Facultad de Filosofía y Letras;Arqueología de la Hispania Antigua;Normal;Optativa;100.00;100.00;100.00;10;10;10;1.00;27/09/2020
2018;Máster;Máster: Mundo Antiguo y Patrimonio Arqueológico;Zaragoza;Facultad de Filosofía y Letras;Arqueología del paisaje;Normal;Optativa;100.00;100.00;100.00;7;7;7;1.00;27/09/2020
2018;Máster;Máster: Mundo Antiguo y Patrimonio Arqueológico;Zaragoza;Facultad de Filosofía y Letras;Arqueometría;Normal;Optativa;100.00;100.00;100.00;6;6;6;1.00;27/09/2020
2018;Máster;Máster: Mundo Antiguo y Patrimonio Arqueológico;Zaragoza;Facultad de Filosofía y Letras;Numismática;Normal;Optativa;100.00;100.00;100.00;9;9;9;1.00;27/09/2020
2018;Máster;Máster: Mundo Antiguo y Patrimonio Arqueológico;Zaragoza;Facultad de Filosofía y Letras;Paleotecnología y Arqueología experimental;Normal;Optativa;100.00;100.00;100.00;3;3;3;1.00;27/09/2020
2018;Máster;Máster: Mundo Antiguo y Patrimonio Arqueológico;Zaragoza;Facultad de Filosofía y Letras;Vida y muerte en la Prehistoria;Normal;Optativa;100.00;100.00;100.00;7;7;7;1.00;27/09/2020
2018;Máster;Máster: Mundo Antiguo y Patrimonio Arqueológico;Zaragoza;Facultad de Filosofía y Letras;Trabajo fin de Máster;Trabajo fin de máster;Trabajo fin de máster;100.00;91.67;91.67;12;11;11;1.00;27/09/2020
2018;Máster;Máster: Economía;Zaragoza;Facultad de Economía y Empresa;Trabajo fin de Máster;Trabajo fin de máster;Trabajo fin de máster;100.00;73.33;73.33;15;11;11;1.00;27/09/2020
2018;Máster;Máster: Economía;Zaragoza;Facultad de Economía y Empresa;Teoría económica;Normal;Obligatoria;100.00;100.00;100.00;14;14;14;1.00;27/09/2020
2018;Máster;Máster: Economía;Zaragoza;Facultad de Economía y Empresa;Econometría e instrumentos matemáticos;Normal;Obligatoria;100.00;100.00;100.00;14;14;14;1.00;27/09/2020
2018;Máster;Máster: Economía;Zaragoza;Facultad de Economía y Empresa;Temas de economía pública;Normal;Obligatoria;100.00;100.00;100.00;14;14;14;1.00;27/09/2020
2018;Máster;Máster: Economía;Zaragoza;Facultad de Economía y Empresa;Temas de entorno económico de España;Normal;Obligatoria;100.00;100.00;100.00;13;13;13;1.00;27/09/2020
2018;Máster;Máster: Economía;Zaragoza;Facultad de Economía y Empresa;Economía industrial;Normal;Optativa;100.00;100.00;100.00;4;4;4;1.00;27/09/2020
2018;Máster;Máster: Economía;Zaragoza;Facultad de Economía y Empresa;Globalización, comercio internacional y geografía económica;Normal;Optativa;100.00;100.00;100.00;6;6;6;1.00;27/09/2020
2018;Máster;Máster: Economía;Zaragoza;Facultad de Economía y Empresa;Medio ambiente, crecimiento y ecología industrial;Normal;Optativa;100.00;100.00;100.00;10;10;10;1.00;27/09/2020
2018;Máster;Máster: Economía;Zaragoza;Facultad de Economía y Empresa;Econometría: estudio de casos;Normal;Optativa;100.00;100.00;100.00;7;7;7;1.00;27/09/2020
2018;Máster;Máster: Economía;Zaragoza;Facultad de Economía y Empresa;Empleo, crédito y precios en perspectiva macroeconómica;Normal;Optativa;100.00;100.00;100.00;9;9;9;1.00;27/09/2020
2018;Máster;Máster: Economía;Zaragoza;Facultad de Economía y Empresa;Desarrollo económico en perspectiva histórica;Normal;Optativa;100.00;100.00;100.00;6;6;6;1.00;27/09/2020
2018;Máster;Máster: Economía;Zaragoza;Facultad de Economía y Empresa;Técnicas de análisis multivariante;Normal;Optativa;100.00;100.00;100.00;9;9;9;1.00;27/09/2020
2018;Máster;Máster: Economía;Zaragoza;Facultad de Economía y Empresa;Economía del tipo de cambio e integración monetaria;Normal;Optativa;100.00;100.00;100.00;7;7;7;1.00;27/09/2020
2018;Máster;Máster: Economía;Zaragoza;Facultad de Economía y Empresa;Crecimiento económico;Normal;Optativa;100.00;100.00;100.00;10;10;10;1.00;27/09/2020
2018;Máster;Máster: Economía;Zaragoza;Facultad de Economía y Empresa;Evaluación económica de políticas y servicios públicos;Normal;Optativa;100.00;100.00;100.00;3;3;3;1.00;27/09/2020
2018;Máster;Máster: Economía;Zaragoza;Facultad de Economía y Empresa;Economía del medioambiente y de los recursos naturales;Normal;Optativa;100.00;100.00;100.00;11;11;11;1.00;27/09/2020
2018;Máster;Máster: Economía;Zaragoza;Facultad de Economía y Empresa;Nuevos modelos macroeconométricos;Normal;Optativa;100.00;100.00;100.00;11;11;11;1.00;27/09/2020
2018;Máster;Máster: Contabilidad y finanzas;Zaragoza;Facultad de Economía y Empresa;Contabilidad creativa en las sociedades cotizadas;Normal;Optativa;80.00;80.00;100.00;10;8;10;1.12;27/09/2020
2018;Máster;Máster: Contabilidad y finanzas;Zaragoza;Facultad de Economía y Empresa;Información financiera avanzada y situaciones de dificultad financiera;Normal;Obligatoria;92.31;75.00;81.25;16;12;13;1.17;27/09/2020
2018;Máster;Máster: Contabilidad y finanzas;Zaragoza;Facultad de Economía y Empresa;Análisis económico y de gestión de empresas y administraciones públicas;Normal;Obligatoria;100.00;86.67;86.67;15;13;13;1.00;27/09/2020
2018;Máster;Máster: Contabilidad y finanzas;Zaragoza;Facultad de Economía y Empresa;Economía financiera: enfoques clásicos y nuevas tendencias;Normal;Obligatoria;100.00;92.31;92.31;13;12;12;1.00;27/09/2020
2018;Máster;Máster: Contabilidad y finanzas;Zaragoza;Facultad de Economía y Empresa;Mercados financieros y microfinancieros;Normal;Obligatoria;100.00;92.31;92.31;13;12;12;1.00;27/09/2020
2018;Máster;Máster: Contabilidad y finanzas;Zaragoza;Facultad de Economía y Empresa;Trabajo fin de Máster;Trabajo fin de máster;Trabajo fin de máster;100.00;47.37;47.37;19;9;9;1.00;27/09/2020
2018;Máster;Máster: Contabilidad y finanzas;Zaragoza;Facultad de Economía y Empresa;Metodología de investigación en contabilidad;Normal;Optativa;100.00;100.00;100.00;4;4;4;1.00;27/09/2020
2018;Máster;Máster: Contabilidad y finanzas;Zaragoza;Facultad de Economía y Empresa;Finanzas cuantitativas;Normal;Optativa;100.00;100.00;100.00;7;7;7;1.00;27/09/2020
2018;Máster;Máster: Contabilidad y finanzas;Zaragoza;Facultad de Economía y Empresa;Contabilidad e información sobre sostenibilidad;Normal;Optativa;100.00;100.00;100.00;5;5;5;1.00;27/09/2020
2018;Máster;Máster: Contabilidad y finanzas;Zaragoza;Facultad de Economía y Empresa;Información financiera internacional;Normal;Optativa;100.00;100.00;100.00;5;5;5;1.00;27/09/2020
2018;Máster;Máster: Contabilidad y finanzas;Zaragoza;Facultad de Economía y Empresa;Gestión financiera, ética y medio ambiente;Normal;Optativa;100.00;100.00;100.00;4;4;4;1.00;27/09/2020
2018;Máster;Máster: Contabilidad y finanzas;Zaragoza;Facultad de Economía y Empresa;Gobierno corporativo, divulgación de información y auditoría;Normal;Optativa;91.67;84.62;92.31;13;11;12;1.00;27/09/2020
2018;Máster;Máster: Contabilidad y finanzas;Zaragoza;Facultad de Economía y Empresa;Información financiera y análisis de la eficiencia socio-económica de las entidades no lucrativas;Normal;Optativa;88.89;80.00;90.00;10;8;9;1.00;27/09/2020
2018;Máster;Máster: Contabilidad y finanzas;Zaragoza;Facultad de Economía y Empresa;Consolidación de estados contables;Normal;Optativa;100.00;77.78;77.78;9;7;7;1.00;27/09/2020
2018;Máster;Máster: Contabilidad y finanzas;Zaragoza;Facultad de Economía y Empresa;Instrumentos financieros avanzados;Normal;Optativa;100.00;85.71;85.71;7;6;6;1.00;27/09/2020
2018;Máster;Máster: Contabilidad y finanzas;Zaragoza;Facultad de Economía y Empresa;Comportamiento del inversor y del gestor de carteras;Normal;Optativa;100.00;90.00;90.00;10;9;9;1.00;27/09/2020
2018;Máster;Máster: Auditoría;Zaragoza;Facultad de Economía y Empresa;Auditoría I;Normal;Obligatoria;100.00;96.88;96.88;32;31;31;1.00;27/09/2020
2018;Máster;Máster: Auditoría;Zaragoza;Facultad de Economía y Empresa;Auditoría II;Normal;Obligatoria;100.00;96.88;96.88;32;31;31;1.00;27/09/2020
2018;Máster;Máster: Auditoría;Zaragoza;Facultad de Economía y Empresa;Contabilidad financiera;Normal;Obligatoria;94.29;91.67;97.22;36;33;35;1.09;27/09/2020
2018;Máster;Máster: Auditoría;Zaragoza;Facultad de Economía y Empresa;Combinaciones de negocio. Consolidación;Normal;Obligatoria;96.97;94.12;97.06;34;32;33;1.06;27/09/2020
2018;Máster;Máster: Auditoría;Zaragoza;Facultad de Economía y Empresa;Contabilidad superior;Normal;Obligatoria;96.97;94.12;97.06;34;32;33;1.12;27/09/2020
2018;Máster;Máster: Auditoría;Zaragoza;Facultad de Economía y Empresa;Derecho civil, mercantil y de sociedades;Normal;Obligatoria;96.67;96.67;100.00;30;29;30;1.00;27/09/2020
2018;Máster;Máster: Auditoría;Zaragoza;Facultad de Economía y Empresa;Derecho fiscal y del trabajo;Normal;Obligatoria;100.00;100.00;100.00;32;32;32;1.00;27/09/2020
2018;Máster;Máster: Auditoría;Zaragoza;Facultad de Economía y Empresa;Tecnologías de la información y sistemas informáticos;Normal;Obligatoria;96.88;93.94;96.97;33;31;32;1.00;27/09/2020
2018;Máster;Máster: Auditoría;Zaragoza;Facultad de Economía y Empresa;Economía;Normal;Obligatoria;96.77;96.77;100.00;31;30;31;1.00;27/09/2020
2018;Máster;Máster: Auditoría;Zaragoza;Facultad de Economía y Empresa;Trabajo fin de Máster;Trabajo fin de máster;Trabajo fin de máster;100.00;81.58;81.58;38;31;31;1.00;27/09/2020
2018;Máster;Máster: Estudios Avanzados de Literatura y Cine en Lengua Inglesa;Zaragoza;Facultad de Filosofía y Letras;Trabajo fin de Máster;Trabajo fin de máster;Trabajo fin de máster;100.00;33.33;33.33;3;1;1;1.00;27/09/2020
2018;Máster;Máster: Dirección, Estrategia y Marketing;Zaragoza;Facultad de Economía y Empresa;Dirección estratégica;Normal;Obligatoria;100.00;91.67;91.67;12;11;11;1.00;27/09/2020
2018;Máster;Máster: Dirección, Estrategia y Marketing;Zaragoza;Facultad de Economía y Empresa;Bases teóricas en dirección y organización de empresas;Normal;Obligatoria;100.00;90.91;90.91;11;10;10;1.00;27/09/2020
2018;Máster;Máster: Dirección, Estrategia y Marketing;Zaragoza;Facultad de Economía y Empresa;Bases teóricas en márketing;Normal;Obligatoria;100.00;92.31;92.31;13;12;12;1.00;27/09/2020
2018;Máster;Máster: Dirección, Estrategia y Marketing;Zaragoza;Facultad de Economía y Empresa;Nuevas herramientas metodológicas en investigación de los mercados;Normal;Obligatoria;100.00;91.67;91.67;12;11;11;1.00;27/09/2020
2018;Máster;Máster: Dirección, Estrategia y Marketing;Zaragoza;Facultad de Economía y Empresa;Comportamiento del consumidor;Normal;Optativa;100.00;85.71;85.71;7;6;6;1.00;27/09/2020
2018;Máster;Máster: Dirección, Estrategia y Marketing;Zaragoza;Facultad de Economía y Empresa;El consumidor y el procesamiento de la información comercial;Normal;Optativa;100.00;85.71;85.71;7;6;6;1.00;27/09/2020
2018;Máster;Máster: Dirección, Estrategia y Marketing;Zaragoza;Facultad de Economía y Empresa;Gestión de relaciones y valor del cliente;Normal;Optativa;100.00;83.33;83.33;6;5;5;1.00;27/09/2020
2018;Máster;Máster: Dirección, Estrategia y Marketing;Zaragoza;Facultad de Economía y Empresa;La dirección de marca en las organizaciones;Normal;Optativa;100.00;83.33;83.33;6;5;5;1.00;27/09/2020
2018;Máster;Máster: Dirección, Estrategia y Marketing;Zaragoza;Facultad de Economía y Empresa;Márketing medioambiental;Normal;Optativa;100.00;100.00;100.00;7;7;7;1.00;27/09/2020
2018;Máster;Máster: Dirección, Estrategia y Marketing;Zaragoza;Facultad de Economía y Empresa;Medios de comunicación no convencionales;Normal;Optativa;100.00;100.00;100.00;4;4;4;1.00;27/09/2020
2018;Máster;Máster: Dirección, Estrategia y Marketing;Zaragoza;Facultad de Economía y Empresa;Métodos de modelización;Normal;Optativa;100.00;87.50;87.50;8;7;7;1.00;27/09/2020
2018;Máster;Máster: Dirección, Estrategia y Marketing;Zaragoza;Facultad de Economía y Empresa;Particularidades del consumidor on-line;Normal;Optativa;100.00;100.00;100.00;6;6;6;1.00;27/09/2020
2018;Máster;Máster: Dirección, Estrategia y Marketing;Zaragoza;Facultad de Economía y Empresa;Resultados del márketing interno y externo;Normal;Optativa;100.00;75.00;75.00;4;3;3;1.00;27/09/2020
2018;Máster;Máster: Dirección, Estrategia y Marketing;Zaragoza;Facultad de Economía y Empresa;Tecnologías de la información y relaciones comerciales;Normal;Optativa;100.00;100.00;100.00;7;7;7;1.00;27/09/2020
2018;Máster;Máster: Dirección, Estrategia y Marketing;Zaragoza;Facultad de Economía y Empresa;Actividad emprendedora: perspectivas teóricas y empíricas;Normal;Optativa;100.00;100.00;100.00;3;3;3;1.00;27/09/2020
2018;Máster;Máster: Dirección, Estrategia y Marketing;Zaragoza;Facultad de Economía y Empresa;Diseño organizativo;Normal;Optativa;100.00;100.00;100.00;3;3;3;1.00;27/09/2020
2018;Máster;Máster: Dirección, Estrategia y Marketing;Zaragoza;Facultad de Economía y Empresa;Economía social y emprendedores sociales;Normal;Optativa;100.00;100.00;100.00;5;5;5;1.00;27/09/2020
2018;Máster;Máster: Dirección, Estrategia y Marketing;Zaragoza;Facultad de Economía y Empresa;Estrategia y valor de la empresa;Normal;Optativa;100.00;100.00;100.00;5;5;5;1.00;27/09/2020
2018;Máster;Máster: Dirección, Estrategia y Marketing;Zaragoza;Facultad de Economía y Empresa;Gestión de la innovación;Normal;Optativa;100.00;100.00;100.00;6;6;6;1.00;27/09/2020
2018;Máster;Máster: Dirección, Estrategia y Marketing;Zaragoza;Facultad de Economía y Empresa;Gestión flexible de las organizaciones;Normal;Optativa;100.00;100.00;100.00;2;2;2;1.00;27/09/2020
2018;Máster;Máster: Dirección, Estrategia y Marketing;Zaragoza;Facultad de Economía y Empresa;Modelos de gobierno y control de la empresa;Normal;Optativa;100.00;100.00;100.00;6;6;6;1.00;27/09/2020
2018;Máster;Máster: Dirección, Estrategia y Marketing;Zaragoza;Facultad de Economía y Empresa;Gestión de recursos humanos: un enfoque multidisciplinar;Normal;Optativa;100.00;100.00;100.00;6;6;6;1.00;27/09/2020
2018;Máster;Máster: Dirección, Estrategia y Marketing;Zaragoza;Facultad de Economía y Empresa;Trabajo fin de Máster;Trabajo fin de máster;Trabajo fin de máster;100.00;83.33;83.33;12;10;10;1.00;27/09/2020
2018;Máster;Máster: Psicología General Sanitaria;Teruel;Facultad de Ciencias Sociales y Humanas de Teruel;Deontología y práctica profesional en Psicología Sanitaria;Normal;Obligatoria;100.00;100.00;100.00;29;29;29;1.00;27/09/2020
2018;Máster;Máster: Psicología General Sanitaria;Teruel;Facultad de Ciencias Sociales y Humanas de Teruel;Metodología aplicada a la Psicología General Sanitaria;Normal;Obligatoria;100.00;100.00;100.00;30;30;30;1.00;27/09/2020
2018;Máster;Máster: Psicología General Sanitaria;Teruel;Facultad de Ciencias Sociales y Humanas de Teruel;Entrenamiento en habilidades básicas del Psicólogo General Sanitario;Normal;Obligatoria;100.00;100.00;100.00;30;30;30;1.07;27/09/2020
2018;Máster;Máster: Psicología General Sanitaria;Teruel;Facultad de Ciencias Sociales y Humanas de Teruel;Neuropsicología clínica;Normal;Obligatoria;100.00;100.00;100.00;30;30;30;1.00;27/09/2020
2018;Máster;Máster: Psicología General Sanitaria;Teruel;Facultad de Ciencias Sociales y Humanas de Teruel;Psicopatología general aplicada a la Psicología General Sanitaria;Normal;Obligatoria;100.00;100.00;100.00;29;29;29;1.00;27/09/2020
2018;Máster;Máster: Psicología General Sanitaria;Teruel;Facultad de Ciencias Sociales y Humanas de Teruel;Tratamientos empíricamente validados en problemas de salud;Normal;Obligatoria;100.00;100.00;100.00;29;29;29;1.00;27/09/2020
2018;Máster;Máster: Psicología General Sanitaria;Teruel;Facultad de Ciencias Sociales y Humanas de Teruel;Prevención y promoción de la salud;Normal;Obligatoria;100.00;100.00;100.00;30;30;30;1.00;27/09/2020
2018;Máster;Máster: Psicología General Sanitaria;Teruel;Facultad de Ciencias Sociales y Humanas de Teruel;Psicofarmacología clínica;Normal;Obligatoria;100.00;100.00;100.00;29;29;29;1.00;27/09/2020
2018;Máster;Máster: Psicología General Sanitaria;Teruel;Facultad de Ciencias Sociales y Humanas de Teruel;Análisis de casos clínicos en contextos sanitarios;Normal;Obligatoria;100.00;100.00;100.00;29;29;29;1.00;27/09/2020
2018;Máster;Máster: Psicología General Sanitaria;Teruel;Facultad de Ciencias Sociales y Humanas de Teruel;Tratamientos psicológicos empíricamente validados en la infancia y adolescencia;Normal;Obligatoria;100.00;100.00;100.00;29;29;29;1.00;27/09/2020
2018;Máster;Máster: Psicología General Sanitaria;Teruel;Facultad de Ciencias Sociales y Humanas de Teruel;Tratamientos psicológicos empíricamente validados en adultos;Normal;Obligatoria;100.00;100.00;100.00;30;30;30;1.00;27/09/2020
2018;Máster;Máster: Psicología General Sanitaria;Teruel;Facultad de Ciencias Sociales y Humanas de Teruel;Evaluación y diagnóstico clínico;Normal;Obligatoria;100.00;100.00;100.00;29;29;29;1.00;27/09/2020
2018;Máster;Máster: Psicología General Sanitaria;Teruel;Facultad de Ciencias Sociales y Humanas de Teruel;Trastornos del neurodesarrollo;Normal;Optativa;100.00;100.00;100.00;24;24;24;1.00;27/09/2020
2018;Máster;Máster: Psicología General Sanitaria;Teruel;Facultad de Ciencias Sociales y Humanas de Teruel;Intervención integral en el ámbito infantojuvenil;Normal;Optativa;100.00;100.00;100.00;23;23;23;1.00;27/09/2020
2018;Máster;Máster: Psicología General Sanitaria;Teruel;Facultad de Ciencias Sociales y Humanas de Teruel;Técnicas avanzadas de intervención psicológica;Normal;Optativa;100.00;100.00;100.00;28;28;28;1.04;27/09/2020
2018;Máster;Máster: Psicología General Sanitaria;Teruel;Facultad de Ciencias Sociales y Humanas de Teruel;Personalidad, salud y vulnerabilidad a la psicopatología;Normal;Optativa;100.00;100.00;100.00;30;30;30;1.07;27/09/2020
2018;Máster;Máster: Psicología General Sanitaria;Teruel;Facultad de Ciencias Sociales y Humanas de Teruel;Envejecimiento, salud y calidad de vida;Normal;Optativa;100.00;100.00;100.00;7;7;7;1.00;27/09/2020
2018;Máster;Máster: Psicología General Sanitaria;Teruel;Facultad de Ciencias Sociales y Humanas de Teruel;Neruropsicología del envejecimiento;Normal;Optativa;100.00;100.00;100.00;8;8;8;1.00;27/09/2020
2018;Máster;Máster: Psicología General Sanitaria;Teruel;Facultad de Ciencias Sociales y Humanas de Teruel;Prácticas externas;Prácticas externas;Prácticas externas;100.00;96.67;96.67;30;29;29;1.00;27/09/2020
2018;Máster;Máster: Psicología General Sanitaria;Teruel;Facultad de Ciencias Sociales y Humanas de Teruel;Trabajo fin de Máster;Trabajo fin de máster;Trabajo fin de máster;100.00;90.63;90.63;32;29;29;1.00;27/09/2020
2018;Máster;Máster: Dirección y planificación del turismo;Huesca;Facultad de Empresa y Gestión Pública;Técnicas avanzadas de gestión de la información;Normal;Obligatoria;100.00;78.95;78.95;19;15;15;1.00;27/09/2020
2018;Máster;Máster: Dirección y planificación del turismo;Huesca;Facultad de Empresa y Gestión Pública;Gestión de empresas culturales y del medio natural;Normal;Obligatoria;100.00;89.47;89.47;19;17;17;1.00;27/09/2020
2018;Máster;Máster: Dirección y planificación del turismo;Huesca;Facultad de Empresa y Gestión Pública;Régimen jurídico de actividades y espacios turísticos;Normal;Obligatoria;87.50;84.00;96.00;25;21;24;1.59;27/09/2020
2018;Máster;Máster: Dirección y planificación del turismo;Huesca;Facultad de Empresa y Gestión Pública;Creación de productos turísticos;Normal;Obligatoria;93.75;78.95;84.21;19;15;16;1.00;27/09/2020
2018;Máster;Máster: Dirección y planificación del turismo;Huesca;Facultad de Empresa y Gestión Pública;Planificación y gestión del espacio turístico;Normal;Obligatoria;92.59;78.13;84.38;32;25;27;1.81;27/09/2020
2018;Máster;Máster: Dirección y planificación del turismo;Huesca;Facultad de Empresa y Gestión Pública;Gestión económica de un destino turístico;Normal;Obligatoria;90.00;81.82;90.91;22;18;20;1.42;27/09/2020
2018;Máster;Máster: Dirección y planificación del turismo;Huesca;Facultad de Empresa y Gestión Pública;Prácticas externas;Prácticas externas;Optativa;100.00;60.00;60.00;5;3;3;1.00;27/09/2020
2018;Máster;Máster: Dirección y planificación del turismo;Huesca;Facultad de Empresa y Gestión Pública;Francés turístico;Normal;Optativa;100.00;100.00;100.00;1;1;1;1.00;27/09/2020
2018;Máster;Máster: Dirección y planificación del turismo;Huesca;Facultad de Empresa y Gestión Pública;Habilidades directivas;Normal;Optativa;100.00;82.35;82.35;17;14;14;1.05;27/09/2020
2018;Máster;Máster: Dirección y planificación del turismo;Huesca;Facultad de Empresa y Gestión Pública;Inglés turístico;Normal;Optativa;100.00;86.67;86.67;15;13;13;1.00;27/09/2020
2018;Máster;Máster: Dirección y planificación del turismo;Huesca;Facultad de Empresa y Gestión Pública;Viabilidad económico - financiera de proyectos turísticos;Normal;Optativa;100.00;75.00;75.00;16;12;12;1.17;27/09/2020
2018;Máster;Máster: Dirección y planificación del turismo;Huesca;Facultad de Empresa y Gestión Pública;Turismo de nieve y de montaña;Normal;Optativa;80.00;75.00;93.75;16;12;15;1.28;27/09/2020
2018;Máster;Máster: Dirección y planificación del turismo;Huesca;Facultad de Empresa y Gestión Pública;Trabajo fin de máster;Trabajo fin de máster;Trabajo fin de máster;100.00;48.84;48.84;43;21;21;1.00;27/09/2020
2018;Máster;Máster: Investigación en Filosofía;Zaragoza;Facultad de Filosofía y Letras;La investigación filosófica. Procedimientos y metodología;Normal;Obligatoria;100.00;78.57;78.57;14;11;11;1.09;27/09/2020
2018;Máster;Máster: Investigación en Filosofía;Zaragoza;Facultad de Filosofía y Letras;Retos de la filosofía en el siglo XXI;Normal;Obligatoria;100.00;84.62;84.62;13;11;11;1.00;27/09/2020
2018;Máster;Máster: Investigación en Filosofía;Zaragoza;Facultad de Filosofía y Letras;Trabajo fin de Máster;Trabajo fin de máster;Trabajo fin de máster;90.00;64.29;71.43;14;9;10;1.11;27/09/2020
2018;Máster;Máster: Investigación en Filosofía;Zaragoza;Facultad de Filosofía y Letras;Claves ilustradas del mundo contemporáneo. Teorías de la
modernidad;Normal;Optativa;;;;1;0;0;;27/09/2020
2018;Máster;Máster: Investigación en Filosofía;Zaragoza;Facultad de Filosofía y Letras;Teoría crítica y pensamiento antagonista;Normal;Optativa;;;;1;0;0;;27/09/2020
2018;Máster;Máster: Investigación en Filosofía;Zaragoza;Facultad de Filosofía y Letras;Teorías feministas contemporáneas;Normal;Optativa;;;;1;0;0;;27/09/2020
2018;Máster;Máster: Investigación en Filosofía;Zaragoza;Facultad de Filosofía y Letras;Antropología de Europa y el nuevo orden global;Normal;Optativa;100.00;100.00;100.00;2;2;2;1.00;27/09/2020
2018;Máster;Máster: Investigación en Filosofía;Zaragoza;Facultad de Filosofía y Letras;Ética de la donación;Normal;Optativa;100.00;100.00;100.00;1;1;1;1.00;27/09/2020
2018;Máster;Máster: Investigación en Filosofía;Zaragoza;Facultad de Filosofía y Letras;Cuestiones de estética contemporánea;Normal;Optativa;100.00;90.00;90.00;10;9;9;1.00;27/09/2020
2018;Máster;Máster: Investigación en Filosofía;Zaragoza;Facultad de Filosofía y Letras;Filosofía de la literatura: ficción, narratividad y experiencia estética;Normal;Optativa;100.00;90.00;90.00;10;9;9;1.44;27/09/2020
2018;Máster;Máster: Investigación en Filosofía;Zaragoza;Facultad de Filosofía y Letras;Globalización y cosmopolitismo;Normal;Optativa;100.00;100.00;100.00;1;1;1;1.00;27/09/2020
2018;Máster;Máster: Investigación en Filosofía;Zaragoza;Facultad de Filosofía y Letras;Problemas filosóficos de la interculturalidad;Normal;Optativa;;;;1;0;0;;27/09/2020
2018;Máster;Máster: Investigación en Filosofía;Zaragoza;Facultad de Filosofía y Letras;Cuestiones contemporáneas de Filosofía de la Ciencia;Normal;Optativa;;;;1;0;0;;27/09/2020
2018;Máster;Máster: Investigación en Filosofía;Zaragoza;Facultad de Filosofía y Letras;Bioética y neuroética;Normal;Optativa;100.00;100.00;100.00;1;1;1;1.00;27/09/2020
2018;Máster;Máster: Investigación en Filosofía;Zaragoza;Facultad de Filosofía y Letras;Lecturas de ética y política contemporánea. Éticas y políticas feministas;Normal;Optativa;100.00;100.00;100.00;2;2;2;1.00;27/09/2020
2018;Máster;Máster: Investigación en Filosofía;Zaragoza;Facultad de Filosofía y Letras;Historia de los conceptos políticos;Normal;Optativa;100.00;100.00;100.00;1;1;1;1.00;27/09/2020
2018;Máster;Máster: Investigación en Filosofía;Zaragoza;Facultad de Filosofía y Letras;Filosofías actuales de la imagen: arte, cine y escena;Normal;Optativa;100.00;90.00;90.00;10;9;9;1.00;27/09/2020
2018;Máster;Máster: Investigación en Filosofía;Zaragoza;Facultad de Filosofía y Letras;Arte, sociedad e identidades en un mundo global;Normal;Optativa;100.00;90.91;90.91;11;10;10;1.00;27/09/2020
2018;Máster;Máster: Investigación en Filosofía;Zaragoza;Facultad de Filosofía y Letras;El concepto de experiencia en la teoría y la práctica del arte contemporáneo;Normal;Optativa;100.00;90.00;90.00;10;9;9;1.00;27/09/2020
2018;Máster;Máster: Derecho de la Administración Pública;Zaragoza;Facultad de Derecho;Trabajo fin de Máster;Trabajo fin de máster;Trabajo fin de máster;100.00;64.29;64.29;14;9;9;1.00;27/09/2020
2018;Máster;Máster: Derecho de la Administración Pública;Zaragoza;Facultad de Derecho;Distribución territorial del poder y justicia constitucional;Normal;Obligatoria;100.00;82.35;82.35;17;14;14;1.00;27/09/2020
2018;Máster;Máster: Derecho de la Administración Pública;Zaragoza;Facultad de Derecho;Integración y unión administrativa europea;Normal;Obligatoria;100.00;76.47;76.47;17;13;13;1.00;27/09/2020
2018;Máster;Máster: Derecho de la Administración Pública;Zaragoza;Facultad de Derecho;Metodología e investigación en derecho público;Normal;Obligatoria;92.86;86.67;93.33;15;13;14;1.00;27/09/2020
2018;Máster;Máster: Derecho de la Administración Pública;Zaragoza;Facultad de Derecho;Régimen jurídico del sector público y procedimiento administrativo;Normal;Obligatoria;93.75;83.33;88.89;18;15;16;1.00;27/09/2020
2018;Máster;Máster: Derecho de la Administración Pública;Zaragoza;Facultad de Derecho;Transparencia, integridad y corrupción pública;Normal;Obligatoria;88.24;83.33;94.44;18;15;17;1.00;27/09/2020
2018;Máster;Máster: Derecho de la Administración Pública;Zaragoza;Facultad de Derecho;Ordenación del territorio y derecho urbanístico;Normal;Obligatoria;75.00;60.00;80.00;15;9;12;1.00;27/09/2020
2018;Máster;Máster: Derecho de la Administración Pública;Zaragoza;Facultad de Derecho;Régimen jurídico de la contratación pública;Normal;Obligatoria;100.00;80.00;80.00;15;12;12;1.00;27/09/2020
2018;Máster;Máster: Derecho de la Administración Pública;Zaragoza;Facultad de Derecho;Régimen jurídico de los entes locales;Normal;Obligatoria;92.86;72.22;77.78;18;13;14;1.00;27/09/2020
2018;Máster;Máster: Derecho de la Administración Pública;Zaragoza;Facultad de Derecho;Régimen jurídico del empleo público;Normal;Obligatoria;85.71;75.00;87.50;16;12;14;1.00;27/09/2020
2018;Máster;Máster: Derecho de la Administración Pública;Zaragoza;Facultad de Derecho;Regulación y gestión de servicios públicos;Normal;Obligatoria;100.00;68.75;68.75;16;11;11;1.00;27/09/2020
2018;Máster;Máster: Derecho de la Administración Pública;Zaragoza;Facultad de Derecho;Derecho administrativo sancionador;Normal;Optativa;85.71;66.67;77.78;9;6;7;1.00;27/09/2020
2018;Máster;Máster: Derecho de la Administración Pública;Zaragoza;Facultad de Derecho;Derecho del patrimonio histórico-artístico y de los bienes culturales;Normal;Optativa;100.00;66.67;66.67;3;2;2;1.00;27/09/2020
2018;Máster;Máster: Derecho de la Administración Pública;Zaragoza;Facultad de Derecho;Derecho público y regulación de sectores estratégicos;Normal;Optativa;100.00;75.00;75.00;4;3;3;1.00;27/09/2020
2018;Máster;Máster: Derecho de la Administración Pública;Zaragoza;Facultad de Derecho;Evolución histórica y jurídica de la administración pública;Normal;Optativa;100.00;75.00;75.00;4;3;3;1.00;27/09/2020
2018;Máster;Máster: Derecho de la Administración Pública;Zaragoza;Facultad de Derecho;Instrumentos de intervención administrativa ambiental;Normal;Optativa;100.00;100.00;100.00;8;8;8;1.00;27/09/2020
2018;Máster;Máster: Derecho de la Administración Pública;Zaragoza;Facultad de Derecho;Justicia administrativa;Normal;Optativa;100.00;84.62;84.62;13;11;11;1.00;27/09/2020
2018;Máster;Máster: Nutrición animal;Zaragoza;Facultad de Veterinaria;Trabajo fin de Máster;Trabajo fin de máster;Obligatoria;100.00;94.12;94.12;17;16;16;1.00;27/09/2020
2018;Máster;Máster: Nutrición animal;Zaragoza;Facultad de Veterinaria;Introducción a la investigación;Normal;Obligatoria;100.00;94.12;94.12;17;16;16;1.00;27/09/2020
2018;Máster;Máster: Ingeniería Informática;Zaragoza;Escuela de Ingeniería y Arquitectura;Sistemas inteligentes;Normal;Obligatoria;71.43;71.43;100.00;8;6;8;1.00;27/09/2020
2018;Máster;Máster: Ingeniería Informática;Zaragoza;Escuela de Ingeniería y Arquitectura;Calidad en el desarrollo de software, servicios de infraestructuras TI;Normal;Obligatoria;85.71;66.67;77.78;10;7;8;1.00;27/09/2020
2018;Máster;Máster: Ingeniería Informática;Zaragoza;Escuela de Ingeniería y Arquitectura;Computación de altas prestaciones;Normal;Obligatoria;87.50;70.00;80.00;11;8;9;1.00;27/09/2020
2018;Máster;Máster: Ingeniería Informática;Zaragoza;Escuela de Ingeniería y Arquitectura;Redes y sistemas distribuidos;Normal;Obligatoria;100.00;85.71;85.71;8;7;7;1.00;27/09/2020
2018;Máster;Máster: Ingeniería Informática;Zaragoza;Escuela de Ingeniería y Arquitectura;Administración y dirección estratégica de empresas;Normal;Obligatoria;100.00;100.00;100.00;7;7;7;1.00;27/09/2020
2018;Máster;Máster: Ingeniería Informática;Zaragoza;Escuela de Ingeniería y Arquitectura;Manipulación y análisis de grandes volúmenes de datos;Normal;Obligatoria;100.00;100.00;100.00;5;5;5;1.00;27/09/2020
2018;Máster;Máster: Ingeniería Informática;Zaragoza;Escuela de Ingeniería y Arquitectura;Sistemas empotrados ubicuos;Normal;Obligatoria;100.00;100.00;100.00;7;7;7;1.29;27/09/2020
2018;Máster;Máster: Ingeniería Informática;Zaragoza;Escuela de Ingeniería y Arquitectura;Tecnologías y modelos para el desarrollo de aplicaciones distribuidas;Normal;Obligatoria;100.00;100.00;100.00;5;5;5;1.00;27/09/2020
2018;Máster;Máster: Ingeniería Informática;Zaragoza;Escuela de Ingeniería y Arquitectura;Computación gráfica-entornos inmersivos-multimedia;Normal;Obligatoria;100.00;100.00;100.00;6;6;6;1.00;27/09/2020
2018;Máster;Máster: Ingeniería Informática;Zaragoza;Escuela de Ingeniería y Arquitectura;Gestión a la innovación en tecnologías de la información;Normal;Obligatoria;100.00;85.71;85.71;8;7;7;1.00;27/09/2020
2018;Máster;Máster: Ingeniería Informática;Zaragoza;Escuela de Ingeniería y Arquitectura;Prácticas 1;Prácticas externas;Optativa;100.00;85.71;85.71;7;6;6;1.00;27/09/2020
2018;Máster;Máster: Ingeniería Informática;Zaragoza;Escuela de Ingeniería y Arquitectura;Prácticas 2;Prácticas externas;Optativa;100.00;85.71;85.71;7;6;6;1.00;27/09/2020
2018;Máster;Máster: Ingeniería Informática;Zaragoza;Escuela de Ingeniería y Arquitectura;Prácticas 3;Prácticas externas;Optativa;100.00;85.71;85.71;7;6;6;1.00;27/09/2020
2018;Máster;Máster: Ingeniería Informática;Zaragoza;Escuela de Ingeniería y Arquitectura;Trabajo fin de Máster;Trabajo fin de máster;Trabajo fin de máster;100.00;85.71;85.71;7;6;6;1.00;27/09/2020
2018;Máster;Máster: Ingeniería Informática;Zaragoza;Escuela de Ingeniería y Arquitectura;Machine learning for Big Data;Normal;Optativa;100.00;100.00;100.00;4;4;4;1.00;27/09/2020
2018;Máster;Máster: Ingeniería Informática;Zaragoza;Escuela de Ingeniería y Arquitectura;Sistemas bioinspirados e ingeniería de sistemas complejos;Normal;Optativa;100.00;100.00;100.00;1;1;1;1.00;27/09/2020
2018;Máster;Máster: Ingeniería Informática;Zaragoza;Escuela de Ingeniería y Arquitectura;Análisis avanzado de datos;Normal;Optativa;100.00;80.00;80.00;5;4;4;1.00;27/09/2020
2018;Máster;Máster: Estudios Avanzados sobre el Lenguaje, la Comunicación y sus Patologías;Huesca;Facultad de Ciencias Humanas y de la Educación;Bases biológicas del lenguaje;Normal;Optativa;100.00;100.00;100.00;2;2;2;1.00;27/09/2020
2018;Máster;Máster: Estudios Avanzados sobre el Lenguaje, la Comunicación y sus Patologías;Huesca;Facultad de Ciencias Humanas y de la Educación;La evaluación psicológica de las alteraciones del lenguaje y la comunicación;Normal;Optativa;100.00;100.00;100.00;3;3;3;1.00;27/09/2020
2018;Máster;Máster: Estudios Avanzados sobre el Lenguaje, la Comunicación y sus Patologías;Huesca;Facultad de Ciencias Humanas y de la Educación;Métodos y diseños en la investigación del lenguaje;Normal;Obligatoria;100.00;100.00;100.00;6;6;6;1.83;27/09/2020
2018;Máster;Máster: Estudios Avanzados sobre el Lenguaje, la Comunicación y sus Patologías;Huesca;Facultad de Ciencias Humanas y de la Educación;Evaluación de los problemas de comunicación y lenguaje en el T.E.A.;Normal;Optativa;100.00;100.00;100.00;1;1;1;1.00;27/09/2020
2018;Máster;Máster: Estudios Avanzados sobre el Lenguaje, la Comunicación y sus Patologías;Huesca;Facultad de Ciencias Humanas y de la Educación;Evaluación de los trastornos del lenguaje y audición desde la práctica clínica;Normal;Optativa;100.00;100.00;100.00;3;3;3;1.00;27/09/2020
2018;Máster;Máster: Estudios Avanzados sobre el Lenguaje, la Comunicación y sus Patologías;Huesca;Facultad de Ciencias Humanas y de la Educación;Intervención en las alteraciones del lenguaje, habla, audición y voz: de la teoría a la práctica clínica;Normal;Obligatoria;100.00;100.00;100.00;4;4;4;1.00;27/09/2020
2018;Máster;Máster: Estudios Avanzados sobre el Lenguaje, la Comunicación y sus Patologías;Huesca;Facultad de Ciencias Humanas y de la Educación;Practicum;Prácticas externas;Prácticas externas;100.00;100.00;100.00;4;4;4;1.00;27/09/2020
2018;Máster;Máster: Estudios Avanzados sobre el Lenguaje, la Comunicación y sus Patologías;Huesca;Facultad de Ciencias Humanas y de la Educación;Trabajo fin de Máster;Trabajo fin de máster;Trabajo fin de máster;100.00;70.00;70.00;10;7;7;1.00;27/09/2020
2018;Máster;Máster: Estudios Avanzados sobre el Lenguaje, la Comunicación y sus Patologías;Huesca;Facultad de Ciencias Humanas y de la Educación;Psicopatología del lenguaje y trastornos en el desarrollo del lenguaje de la comunicación;Normal;Obligatoria;100.00;80.00;80.00;5;4;4;1.00;27/09/2020
2018;Máster;Máster: Estudios Avanzados sobre el Lenguaje, la Comunicación y sus Patologías;Huesca;Facultad de Ciencias Humanas y de la Educación;Neurología del lenguaje;Normal;Optativa;100.00;100.00;100.00;1;1;1;1.00;27/09/2020
2018;Máster;Máster: Estudios Avanzados sobre el Lenguaje, la Comunicación y sus Patologías;Huesca;Facultad de Ciencias Humanas y de la Educación;La evaluación del desarrollo del lenguaje y la comunicación;Normal;Obligatoria;100.00;100.00;100.00;4;4;4;1.00;27/09/2020
2018;Máster;Máster: Estudios Avanzados sobre el Lenguaje, la Comunicación y sus Patologías;Huesca;Facultad de Ciencias Humanas y de la Educación;Evaluación de los procesos cognitivo-lingüísticos implicados en el aprendizaje lecto-escritor;Normal;Obligatoria;100.00;100.00;100.00;4;4;4;1.00;27/09/2020
2018;Máster;Máster: Estudios Avanzados sobre el Lenguaje, la Comunicación y sus Patologías;Huesca;Facultad de Ciencias Humanas y de la Educación;La intervención en trastornos específicos y derivados de otros procesos y alteraciones;Normal;Optativa;100.00;100.00;100.00;4;4;4;1.00;27/09/2020
2018;Máster;Máster: Estudios Avanzados sobre el Lenguaje, la Comunicación y sus Patologías;Huesca;Facultad de Ciencias Humanas y de la Educación;Prevención de las dificultades lecto-escritoras en el ámbito educativo;Normal;Obligatoria;100.00;100.00;100.00;4;4;4;1.00;27/09/2020
2018;Máster;Máster: Ingeniería de Diseño de Producto;Zaragoza;Escuela de Ingeniería y Arquitectura;Diseño de servicios;Normal;Obligatoria;100.00;100.00;100.00;5;5;5;1.00;27/09/2020
2018;Máster;Máster: Ingeniería de Diseño de Producto;Zaragoza;Escuela de Ingeniería y Arquitectura;Dirección de la creatividad en el entorno profesional;Normal;Obligatoria;100.00;100.00;100.00;5;5;5;1.00;27/09/2020
2018;Máster;Máster: Ingeniería de Diseño de Producto;Zaragoza;Escuela de Ingeniería y Arquitectura;Diseño y contexto social;Normal;Obligatoria;100.00;100.00;100.00;5;5;5;1.00;27/09/2020
2018;Máster;Máster: Ingeniería de Diseño de Producto;Zaragoza;Escuela de Ingeniería y Arquitectura;Desarrollo avanzado de producto;Normal;Obligatoria;100.00;80.00;80.00;5;4;4;1.00;27/09/2020
2018;Máster;Máster: Ingeniería de Diseño de Producto;Zaragoza;Escuela de Ingeniería y Arquitectura;Comunicación y presentación de producto;Normal;Obligatoria;100.00;100.00;100.00;4;4;4;1.00;27/09/2020
2018;Máster;Máster: Ingeniería de Diseño de Producto;Zaragoza;Escuela de Ingeniería y Arquitectura;Trabajo fin de Máster;Trabajo fin de máster;Trabajo fin de máster;100.00;75.00;75.00;8;6;6;1.00;27/09/2020
2018;Máster;Máster: Ingeniería de Diseño de Producto;Zaragoza;Escuela de Ingeniería y Arquitectura;Prácticas en empresas I;Prácticas externas;Optativa;100.00;100.00;100.00;1;1;1;1.00;27/09/2020
2018;Máster;Máster: Ingeniería de Diseño de Producto;Zaragoza;Escuela de Ingeniería y Arquitectura;Prácticas en empresas II;Prácticas externas;Optativa;100.00;100.00;100.00;2;2;2;1.00;27/09/2020
2018;Máster;Máster: Ingeniería de Diseño de Producto;Zaragoza;Escuela de Ingeniería y Arquitectura;Internet para las cosas;Normal;Optativa;100.00;100.00;100.00;2;2;2;1.00;27/09/2020
2018;Máster;Máster: Ingeniería de Diseño de Producto;Zaragoza;Escuela de Ingeniería y Arquitectura;Diseño de interacción digital;Normal;Optativa;100.00;100.00;100.00;3;3;3;1.00;27/09/2020
2018;Máster;Máster: Ingeniería de Diseño de Producto;Zaragoza;Escuela de Ingeniería y Arquitectura;Diseño de producto y percepción del usuario;Normal;Optativa;100.00;100.00;100.00;2;2;2;1.00;27/09/2020
2018;Máster;Máster: Ingeniería de Diseño de Producto;Zaragoza;Escuela de Ingeniería y Arquitectura;Modelado 3D con smart geometry;Normal;Optativa;100.00;100.00;100.00;2;2;2;1.00;27/09/2020
2018;Máster;Máster: Ingeniería de Diseño de Producto;Zaragoza;Escuela de Ingeniería y Arquitectura;Diseño para fabricación aditiva;Normal;Optativa;100.00;100.00;100.00;1;1;1;1.00;27/09/2020
2018;Máster;Máster: Ingeniería de Diseño de Producto;Zaragoza;Escuela de Ingeniería y Arquitectura;Mejora de diseño con técnicas de calidad;Normal;Optativa;100.00;100.00;100.00;3;3;3;1.00;27/09/2020
2018;Máster;Máster: Ingeniería de Diseño de Producto;Zaragoza;Escuela de Ingeniería y Arquitectura;Diseño para la sostenibilidad;Normal;Optativa;100.00;100.00;100.00;2;2;2;1.00;27/09/2020
2018;Máster;Máster: Calidad, Seguridad y Tecnología de los Alimentos;Zaragoza;Facultad de Veterinaria;Escritura de textos académicos científicos en lengua inglesa;Normal;Obligatoria;100.00;100.00;100.00;20;20;20;1.00;27/09/2020
2018;Máster;Máster: Calidad, Seguridad y Tecnología de los Alimentos;Zaragoza;Facultad de Veterinaria;Elaboración de proyectos, presentación y comunicación de resultados;Normal;Obligatoria;100.00;100.00;100.00;21;21;21;1.00;27/09/2020
2018;Máster;Máster: Calidad, Seguridad y Tecnología de los Alimentos;Zaragoza;Facultad de Veterinaria;Fuentes de información y su aplicación al aseguramiento de la calidad de metodologías analíticas;Normal;Obligatoria;100.00;100.00;100.00;20;20;20;1.00;27/09/2020
2018;Máster;Máster: Calidad, Seguridad y Tecnología de los Alimentos;Zaragoza;Facultad de Veterinaria;Técnicas estadísticas, diseño de experimentos y modelización;Normal;Obligatoria;100.00;100.00;100.00;20;20;20;1.00;27/09/2020
2018;Máster;Máster: Calidad, Seguridad y Tecnología de los Alimentos;Zaragoza;Facultad de Veterinaria;Análisis sensorial de los alimentos;Normal;Optativa;100.00;100.00;100.00;5;5;5;1.00;27/09/2020
2018;Máster;Máster: Calidad, Seguridad y Tecnología de los Alimentos;Zaragoza;Facultad de Veterinaria;Detección y valoración de compuestos antimicrobianos en los alimentos;Normal;Optativa;100.00;100.00;100.00;12;12;12;1.00;27/09/2020
2018;Máster;Máster: Calidad, Seguridad y Tecnología de los Alimentos;Zaragoza;Facultad de Veterinaria;Herramientas moleculares para la ciencia de los alimentos;Normal;Optativa;100.00;100.00;100.00;7;7;7;1.00;27/09/2020
2018;Máster;Máster: Calidad, Seguridad y Tecnología de los Alimentos;Zaragoza;Facultad de Veterinaria;Investigación de microorganismos en alimentos, agua y ambiente: técnicas tradicionales y moleculares;Normal;Optativa;100.00;100.00;100.00;13;13;13;1.00;27/09/2020
2018;Máster;Máster: Calidad, Seguridad y Tecnología de los Alimentos;Zaragoza;Facultad de Veterinaria;Investigación de mohos y micotoxinas en alimentos;Normal;Optativa;100.00;100.00;100.00;12;12;12;1.00;27/09/2020
2018;Máster;Máster: Calidad, Seguridad y Tecnología de los Alimentos;Zaragoza;Facultad de Veterinaria;Metodología para el estudio de  la inactivación y supervivencia microbiana;Normal;Optativa;100.00;100.00;100.00;10;10;10;1.00;27/09/2020
2018;Máster;Máster: Calidad, Seguridad y Tecnología de los Alimentos;Zaragoza;Facultad de Veterinaria;Metodología para la evaluación de los riesgos alimentarios;Normal;Optativa;100.00;100.00;100.00;8;8;8;1.00;27/09/2020
2018;Máster;Máster: Calidad, Seguridad y Tecnología de los Alimentos;Zaragoza;Facultad de Veterinaria;Reología y análisis de la textura de los alimentos;Normal;Optativa;100.00;100.00;100.00;5;5;5;1.00;27/09/2020
2018;Máster;Máster: Calidad, Seguridad y Tecnología de los Alimentos;Zaragoza;Facultad de Veterinaria;Técnicas inmunoquímicas aplicadas al control de calidad de los alimentos;Normal;Optativa;100.00;100.00;100.00;14;14;14;1.00;27/09/2020
2018;Máster;Máster: Calidad, Seguridad y Tecnología de los Alimentos;Zaragoza;Facultad de Veterinaria;Avances en la tecnología de los alimentos de origen vegetal;Normal;Optativa;100.00;100.00;100.00;8;8;8;1.00;27/09/2020
2018;Máster;Máster: Calidad, Seguridad y Tecnología de los Alimentos;Zaragoza;Facultad de Veterinaria;Avances y control de calidad de la carne y el pescado;Normal;Optativa;100.00;100.00;100.00;11;11;11;1.00;27/09/2020
2018;Máster;Máster: Calidad, Seguridad y Tecnología de los Alimentos;Zaragoza;Facultad de Veterinaria;Avances en la tecnología y el control de calidad de los productos lácteos;Normal;Optativa;100.00;100.00;100.00;10;10;10;1.00;27/09/2020
2018;Máster;Máster: Calidad, Seguridad y Tecnología de los Alimentos;Zaragoza;Facultad de Veterinaria;Avances en nutrición, alimentación y salud;Normal;Optativa;100.00;100.00;100.00;6;6;6;1.00;27/09/2020
2018;Máster;Máster: Calidad, Seguridad y Tecnología de los Alimentos;Zaragoza;Facultad de Veterinaria;Nuevas herramientas en seguridad alimentaria;Normal;Optativa;100.00;100.00;100.00;13;13;13;1.00;27/09/2020
2018;Máster;Máster: Calidad, Seguridad y Tecnología de los Alimentos;Zaragoza;Facultad de Veterinaria;Nuevas tecnologías de procesado de los alimentos;Normal;Optativa;100.00;100.00;100.00;15;15;15;1.00;27/09/2020
2018;Máster;Máster: Calidad, Seguridad y Tecnología de los Alimentos;Zaragoza;Facultad de Veterinaria;Peligros emergentes en la cadena alimentaria;Normal;Optativa;100.00;100.00;100.00;14;14;14;1.00;27/09/2020
2018;Máster;Máster: Calidad, Seguridad y Tecnología de los Alimentos;Zaragoza;Facultad de Veterinaria;Trabajo fin de Máster;Trabajo fin de máster;Trabajo fin de máster;100.00;90.91;90.91;22;20;20;1.00;27/09/2020
2018;Máster;Máster: Literaturas Hispánicas y Lengua Española: Tradición e Identidades;Zaragoza;Facultad de Filosofía y Letras;Trabajo fin de Máster;Trabajo fin de máster;Trabajo fin de máster;100.00;75.00;75.00;4;3;3;1.00;27/09/2020
2018;Máster;Máster: Consultoría de Información y Comunicación Digital;Zaragoza;Facultad de Filosofía y Letras;Gestión de proyectos en información y comunicación;Normal;Obligatoria;93.75;71.43;76.19;21;15;16;1.00;27/09/2020
2018;Máster;Máster: Consultoría de Información y Comunicación Digital;Zaragoza;Facultad de Filosofía y Letras;Métodos de análisis en información y comunicación;Normal;Obligatoria;85.71;64.29;75.00;28;18;21;1.33;27/09/2020
2018;Máster;Máster: Consultoría de Información y Comunicación Digital;Zaragoza;Facultad de Filosofía y Letras;Tecnologías de Información y Comunicación;Normal;Obligatoria;95.65;84.62;88.46;26;22;23;1.09;27/09/2020
2018;Máster;Máster: Consultoría de Información y Comunicación Digital;Zaragoza;Facultad de Filosofía y Letras;Sistemas de gestión de documentos;Normal;Obligatoria;95.00;82.61;86.96;23;19;20;1.05;27/09/2020
2018;Máster;Máster: Consultoría de Información y Comunicación Digital;Zaragoza;Facultad de Filosofía y Letras;Gestión de la comunicación estratégica;Normal;Obligatoria;100.00;77.27;77.27;22;17;17;1.06;27/09/2020
2018;Máster;Máster: Consultoría de Información y Comunicación Digital;Zaragoza;Facultad de Filosofía y Letras;Usos y consumos de información digital;Normal;Optativa;100.00;33.33;33.33;3;1;1;1.00;27/09/2020
2018;Máster;Máster: Consultoría de Información y Comunicación Digital;Zaragoza;Facultad de Filosofía y Letras;Evaluación de herramientas para la gestión de la información;Normal;Optativa;100.00;57.14;57.14;7;4;4;1.00;27/09/2020
2018;Máster;Máster: Consultoría de Información y Comunicación Digital;Zaragoza;Facultad de Filosofía y Letras;Auditoría de recursos de información;Normal;Optativa;100.00;50.00;50.00;6;3;3;1.00;27/09/2020
2018;Máster;Máster: Consultoría de Información y Comunicación Digital;Zaragoza;Facultad de Filosofía y Letras;Inteligencia estratégica y competitiva;Normal;Optativa;100.00;66.67;66.67;6;4;4;1.00;27/09/2020
2018;Máster;Máster: Consultoría de Información y Comunicación Digital;Zaragoza;Facultad de Filosofía y Letras;Gestión de contenidos, comunidades y redes sociales;Normal;Optativa;100.00;75.00;75.00;12;9;9;1.00;27/09/2020
2018;Máster;Máster: Consultoría de Información y Comunicación Digital;Zaragoza;Facultad de Filosofía y Letras;Marca corporativa digital;Normal;Optativa;100.00;80.00;80.00;15;12;12;1.00;27/09/2020
2018;Máster;Máster: Consultoría de Información y Comunicación Digital;Zaragoza;Facultad de Filosofía y Letras;Relaciones con los medios de comunicación;Normal;Optativa;100.00;84.62;84.62;13;11;11;1.00;27/09/2020
2018;Máster;Máster: Consultoría de Información y Comunicación Digital;Zaragoza;Facultad de Filosofía y Letras;Organización de eventos y protocolo.;Normal;Optativa;100.00;77.78;77.78;9;7;7;1.14;27/09/2020
2018;Máster;Máster: Consultoría de Información y Comunicación Digital;Zaragoza;Facultad de Filosofía y Letras;Prácticas externas;Prácticas externas;Prácticas externas;100.00;71.43;71.43;14;10;10;1.00;27/09/2020
2018;Máster;Máster: Consultoría de Información y Comunicación Digital;Zaragoza;Facultad de Filosofía y Letras;Trabajo fin de Máster;Trabajo fin de máster;Trabajo fin de máster;100.00;45.16;45.16;31;14;14;1.00;27/09/2020
2018;Máster;Máster: Biotecnología Cuantitativa;Zaragoza;Facultad de Ciencias;Biología Sintética y de Sistemas;Normal;Obligatoria;100.00;88.89;88.89;9;8;8;1.12;27/09/2020
2018;Máster;Máster: Biotecnología Cuantitativa;Zaragoza;Facultad de Ciencias;Simulación de biomoléculas;Normal;Obligatoria;100.00;88.89;88.89;9;8;8;1.00;27/09/2020
2018;Máster;Máster: Biotecnología Cuantitativa;Zaragoza;Facultad de Ciencias;Moléculas bioactivas: identificación, diseño y desarrollo;Normal;Obligatoria;100.00;88.89;88.89;9;8;8;1.00;27/09/2020
2018;Máster;Máster: Biotecnología Cuantitativa;Zaragoza;Facultad de Ciencias;Técnicas Instrumentales en Biotecnología Molecular;Normal;Optativa;100.00;87.50;87.50;8;7;7;1.00;27/09/2020
2018;Máster;Máster: Biotecnología Cuantitativa;Zaragoza;Facultad de Ciencias;Métodos experimentales en Biotecnología celular y de organismo;Normal;Optativa;100.00;83.33;83.33;6;5;5;1.00;27/09/2020
2018;Máster;Máster: Biotecnología Cuantitativa;Zaragoza;Facultad de Ciencias;Métodos en bioestadística y bioinformática;Normal;Optativa;100.00;100.00;100.00;5;5;5;1.00;27/09/2020
2018;Máster;Máster: Biotecnología Cuantitativa;Zaragoza;Facultad de Ciencias;Modelización biológica;Normal;Optativa;100.00;100.00;100.00;5;5;5;1.00;27/09/2020
2018;Máster;Máster: Biotecnología Cuantitativa;Zaragoza;Facultad de Ciencias;La pequeña y mediana empresa biotecnológica: características, creación y gestión;Normal;Optativa;100.00;66.67;66.67;3;2;2;1.00;27/09/2020
2018;Máster;Máster: Biotecnología Cuantitativa;Zaragoza;Facultad de Ciencias;Trabajo fin de Máster;Trabajo fin de máster;Trabajo fin de máster;100.00;88.89;88.89;9;8;8;1.00;27/09/2020
2018;Máster;Máster: Aprendizaje a lo largo de la vida: Iniciación a la investigación;Zaragoza;Facultad de Educación;Fundamentación epistemológica y producción de conocimiento científico;Normal;Obligatoria;100.00;93.75;93.75;16;15;15;1.00;27/09/2020
2018;Máster;Máster: Aprendizaje a lo largo de la vida: Iniciación a la investigación;Zaragoza;Facultad de Educación;Diseño de investigación educativa I;Normal;Obligatoria;93.75;83.33;88.89;18;15;16;1.00;27/09/2020
2018;Máster;Máster: Aprendizaje a lo largo de la vida: Iniciación a la investigación;Zaragoza;Facultad de Educación;Diseño de investigación educativa II;Normal;Obligatoria;100.00;90.00;90.00;20;18;18;1.21;27/09/2020
2018;Máster;Máster: Aprendizaje a lo largo de la vida: Iniciación a la investigación;Zaragoza;Facultad de Educación;Tendencias en investigación educativa;Normal;Obligatoria;100.00;85.71;85.71;7;6;6;1.00;27/09/2020
2018;Máster;Máster: Aprendizaje a lo largo de la vida: Iniciación a la investigación;Zaragoza;Facultad de Educación;Trabajo fin de máster;Trabajo fin de máster;Trabajo fin de máster;100.00;60.00;60.00;20;12;12;1.00;27/09/2020
2018;Máster;Máster: Aprendizaje a lo largo de la vida: Iniciación a la investigación;Zaragoza;Facultad de Educación;Documentación y comunicación de resultados de investigación;Normal;Optativa;100.00;90.00;90.00;20;18;18;1.11;27/09/2020
2018;Máster;Máster: Aprendizaje a lo largo de la vida: Iniciación a la investigación;Zaragoza;Facultad de Educación;Alfabetización en ciencias experimentales y matemáticas: enfoques de investigación educativa;Normal;Optativa;100.00;87.50;87.50;8;7;7;1.00;27/09/2020
2018;Máster;Máster: Aprendizaje a lo largo de la vida: Iniciación a la investigación;Zaragoza;Facultad de Educación;Competencias del formador;Normal;Optativa;100.00;100.00;100.00;8;8;8;1.00;27/09/2020
2018;Máster;Máster: Aprendizaje a lo largo de la vida: Iniciación a la investigación;Zaragoza;Facultad de Educación;Desarrollo social y personal: investigación sobre inteligencia emocional y optimismo;Normal;Optativa;100.00;100.00;100.00;7;7;7;1.00;27/09/2020
2018;Máster;Máster: Aprendizaje a lo largo de la vida: Iniciación a la investigación;Zaragoza;Facultad de Educación;Identidad y diversidad: creación de identidades culturales;Normal;Optativa;100.00;100.00;100.00;8;8;8;1.12;27/09/2020
2018;Máster;Máster: Aprendizaje a lo largo de la vida: Iniciación a la investigación;Zaragoza;Facultad de Educación;La formación de lectores. Modelos de investigación;Normal;Optativa;100.00;75.00;75.00;4;3;3;1.00;27/09/2020
2018;Máster;Máster: Aprendizaje a lo largo de la vida: Iniciación a la investigación;Zaragoza;Facultad de Educación;Nuevas realidades en educación no formal e informal;Normal;Optativa;100.00;100.00;100.00;6;6;6;1.00;27/09/2020
2018;Máster;Máster: Aprendizaje a lo largo de la vida: Iniciación a la investigación;Zaragoza;Facultad de Educación;Optimización de las competencias en el desarrollo infantil y juvenil;Normal;Optativa;100.00;100.00;100.00;4;4;4;1.00;27/09/2020
2018;Máster;Máster: Aprendizaje a lo largo de la vida: Iniciación a la investigación;Zaragoza;Facultad de Educación;Planificación y evaluación de las enseñanzas. Perspectivas innovadoras;Normal;Optativa;100.00;100.00;100.00;10;10;10;1.00;27/09/2020
2018;Máster;Máster: Aprendizaje a lo largo de la vida: Iniciación a la investigación;Zaragoza;Facultad de Educación;Análisis de materiales educativos digitales;Normal;Optativa;100.00;90.91;90.91;11;10;10;1.00;27/09/2020
2018;Máster;Máster: Aprendizaje a lo largo de la vida: Iniciación a la investigación;Zaragoza;Facultad de Educación;Educación física, promoción de la actividad física y calidad de vida;Normal;Optativa;100.00;75.00;75.00;4;3;3;1.00;27/09/2020
2018;Máster;Máster: Aprendizaje a lo largo de la vida: Iniciación a la investigación;Zaragoza;Facultad de Educación;El desarrollo del lenguaje oral y escrito. Investigación en evaluación e intervención educativa;Normal;Optativa;100.00;100.00;100.00;2;2;2;1.00;27/09/2020
2018;Máster;Máster: Aprendizaje a lo largo de la vida: Iniciación a la investigación;Zaragoza;Facultad de Educación;E-learning;Normal;Optativa;100.00;91.67;91.67;12;11;11;1.00;27/09/2020
2018;Máster;Máster: Aprendizaje a lo largo de la vida: Iniciación a la investigación;Zaragoza;Facultad de Educación;Investigación en didáctica de la expresión artística;Normal;Optativa;100.00;80.00;80.00;5;4;4;1.00;27/09/2020
2018;Máster;Máster: Aprendizaje a lo largo de la vida: Iniciación a la investigación;Zaragoza;Facultad de Educación;Investigación en interacción didáctica;Normal;Optativa;100.00;100.00;100.00;4;4;4;1.00;27/09/2020
2018;Máster;Máster: Aprendizaje a lo largo de la vida: Iniciación a la investigación;Zaragoza;Facultad de Educación;Políticas y prácticas de inclusión;Normal;Optativa;100.00;100.00;100.00;5;5;5;1.00;27/09/2020
2018;Máster;Máster: Gestión Administrativa;Zaragoza;Facultad de Derecho;Derecho Constitucional;Normal;Obligatoria;100.00;100.00;100.00;14;14;14;1.00;27/09/2020
2018;Máster;Máster: Gestión Administrativa;Zaragoza;Facultad de Derecho;Gestión y sistema penal;Normal;Obligatoria;100.00;100.00;100.00;14;14;14;1.00;27/09/2020
2018;Máster;Máster: Gestión Administrativa;Zaragoza;Facultad de Derecho;Derecho Administrativo y Corporativo;Normal;Obligatoria;100.00;93.33;93.33;15;14;14;1.00;27/09/2020
2018;Máster;Máster: Gestión Administrativa;Zaragoza;Facultad de Derecho;Derecho Fiscal;Normal;Obligatoria;100.00;93.33;93.33;15;14;14;1.00;27/09/2020
2018;Máster;Máster: Gestión Administrativa;Zaragoza;Facultad de Derecho;La dinámica del Derecho civil en el ámbito personal y familiar;Normal;Obligatoria;100.00;100.00;100.00;14;14;14;1.00;27/09/2020
2018;Máster;Máster: Gestión Administrativa;Zaragoza;Facultad de Derecho;Derecho Civil Patrimonial;Normal;Obligatoria;100.00;100.00;100.00;14;14;14;1.00;27/09/2020
2018;Máster;Máster: Gestión Administrativa;Zaragoza;Facultad de Derecho;Regulación mercantil aplicada a la actividad de gestión administrativa de la empresa;Normal;Obligatoria;100.00;93.33;93.33;15;14;14;1.00;27/09/2020
2018;Máster;Máster: Gestión Administrativa;Zaragoza;Facultad de Derecho;Derecho Laboral;Normal;Obligatoria;92.86;86.67;93.33;15;13;14;1.00;27/09/2020
2018;Máster;Máster: Gestión Administrativa;Zaragoza;Facultad de Derecho;Prácticas externas;Prácticas externas;Prácticas externas;100.00;100.00;100.00;14;14;14;1.00;27/09/2020
2018;Máster;Máster: Gestión Administrativa;Zaragoza;Facultad de Derecho;Trabajo fin de Máster;Trabajo fin de máster;Trabajo fin de máster;92.31;80.00;86.67;15;12;13;1.00;27/09/2020
2018;Máster;Máster: Profesorado E.S.O., F.P. y Ens. Idiom, Art y Deport;Zaragoza;Facultad de Educación;Psicología del desarrollo y de la educación;Normal;Obligatoria;;;;0;0;0;1.09;27/09/2020
2018;Máster;Máster: Profesorado E.S.O., F.P. y Ens. Idiom, Art y Deport;Huesca;Facultad de Ciencias Humanas y de la Educación;Psicología del desarrollo y de la educación;Normal;Obligatoria;;;;0;0;0;1.00;27/09/2020
2018;Máster;Máster: Profesorado E.S.O., F.P. y Ens. Idiom, Art y Deport;Zaragoza;Facultad de Educación;Procesos y contextos educativos;Normal;Obligatoria;;;;0;0;0;1.14;27/09/2020
2018;Máster;Máster: Profesorado E.S.O., F.P. y Ens. Idiom, Art y Deport;Huesca;Facultad de Ciencias Humanas y de la Educación;Procesos y contextos educativos;Normal;Obligatoria;;;;0;0;0;1.00;27/09/2020
2018;Máster;Máster: Profesorado E.S.O., F.P. y Ens. Idiom, Art y Deport;Zaragoza;Facultad de Educación;Sociedad, familia y procesos grupales;Normal;Obligatoria;;;;0;0;0;1.04;27/09/2020
2018;Máster;Máster: Profesorado E.S.O., F.P. y Ens. Idiom, Art y Deport;Huesca;Facultad de Ciencias Humanas y de la Educación;Sociedad, familia y procesos grupales;Normal;Obligatoria;;;;0;0;0;1.00;27/09/2020
2018;Máster;Máster: Profesorado E.S.O., F.P. y Ens. Idiom, Art y Deport;Zaragoza;Facultad de Educación;Contenidos disciplinares de historia;Normal;Optativa;;;;0;0;0;1.00;27/09/2020
2018;Máster;Máster: Profesorado E.S.O., F.P. y Ens. Idiom, Art y Deport;Zaragoza;Facultad de Educación;Contenidos disciplinares de historia del arte;Normal;Optativa;;;;0;0;0;1.00;27/09/2020
2018;Máster;Máster: Profesorado E.S.O., F.P. y Ens. Idiom, Art y Deport;Zaragoza;Facultad de Educación;Diseño curricular e instruccional de ciencias sociales y filosofía;Normal;Optativa;;;;0;0;0;1.00;27/09/2020
2018;Máster;Máster: Profesorado E.S.O., F.P. y Ens. Idiom, Art y Deport;Zaragoza;Facultad de Educación;Diseño de actividades de aprendizaje de geografía e historia;Normal;Optativa;;;;0;0;0;1.00;27/09/2020
2018;Máster;Máster: Profesorado E.S.O., F.P. y Ens. Idiom, Art y Deport;Zaragoza;Facultad de Educación;Innovación e investigación educativa en geografía e historia;Normal;Optativa;;;;0;0;0;1.00;27/09/2020
2018;Máster;Máster: Profesorado E.S.O., F.P. y Ens. Idiom, Art y Deport;Zaragoza;Facultad de Educación;Practicum I;Prácticas externas;Prácticas externas;;;;0;0;0;1.00;27/09/2020
2018;Máster;Máster: Profesorado E.S.O., F.P. y Ens. Idiom, Art y Deport;Huesca;Facultad de Ciencias Humanas y de la Educación;Practicum I;Prácticas externas;Prácticas externas;;;;0;0;0;1.00;27/09/2020
2018;Máster;Máster: Profesorado E.S.O., F.P. y Ens. Idiom, Art y Deport;Zaragoza;Facultad de Educación;Practicum II (Esp Geografía e Historia);Prácticas externas;Prácticas externas;;;;0;0;0;1.00;27/09/2020
2018;Máster;Máster: Profesorado E.S.O., F.P. y Ens. Idiom, Art y Deport;Zaragoza;Facultad de Educación;Contenidos disciplinares de economía y empresa;Normal;Optativa;;;;0;0;0;1.00;27/09/2020
2018;Máster;Máster: Profesorado E.S.O., F.P. y Ens. Idiom, Art y Deport;Zaragoza;Facultad de Educación;Diseño de actividades de aprendizaje de economía y empresa;Normal;Optativa;;;;0;0;0;1.00;27/09/2020
2018;Máster;Máster: Profesorado E.S.O., F.P. y Ens. Idiom, Art y Deport;Zaragoza;Facultad de Educación;Innovación e investigación educativa en economía y empresa;Normal;Optativa;;;;0;0;0;1.50;27/09/2020
2018;Máster;Máster: Profesorado E.S.O., F.P. y Ens. Idiom, Art y Deport;Zaragoza;Facultad de Educación;Practicum II (Esp Economía y Empresa);Prácticas externas;Prácticas externas;;;;0;0;0;1.00;27/09/2020
2018;Máster;Máster: Profesorado E.S.O., F.P. y Ens. Idiom, Art y Deport;Zaragoza;Facultad de Educación;Contenidos disciplinares de matemáticas;Normal;Optativa;;;;0;0;0;1.00;27/09/2020
2018;Máster;Máster: Profesorado E.S.O., F.P. y Ens. Idiom, Art y Deport;Zaragoza;Facultad de Educación;Diseño curricular e instruccional de matemáticas;Normal;Optativa;;;;0;0;0;1.00;27/09/2020
2018;Máster;Máster: Profesorado E.S.O., F.P. y Ens. Idiom, Art y Deport;Zaragoza;Facultad de Educación;Diseño de actividades de aprendizaje de matemáticas;Normal;Optativa;;;;0;0;0;1.00;27/09/2020
2018;Máster;Máster: Profesorado E.S.O., F.P. y Ens. Idiom, Art y Deport;Zaragoza;Facultad de Educación;Innovación e investigación educativa en matemáticas;Normal;Optativa;;;;0;0;0;1.00;27/09/2020
2018;Máster;Máster: Profesorado E.S.O., F.P. y Ens. Idiom, Art y Deport;Zaragoza;Facultad de Educación;Prácticum II (Esp Matemáticas);Prácticas externas;Prácticas externas;;;;0;0;0;1.00;27/09/2020
2018;Máster;Máster: Profesorado E.S.O., F.P. y Ens. Idiom, Art y Deport;Zaragoza;Facultad de Educación;Contenidos disciplinares de tecnología;Normal;Optativa;;;;0;0;0;1.00;27/09/2020
2018;Máster;Máster: Profesorado E.S.O., F.P. y Ens. Idiom, Art y Deport;Zaragoza;Facultad de Educación;Contenidos disciplinares de informática;Normal;Optativa;;;;0;0;0;1.00;27/09/2020
2018;Máster;Máster: Profesorado E.S.O., F.P. y Ens. Idiom, Art y Deport;Zaragoza;Facultad de Educación;Diseño curricular e instruccional de tecnología e informática;Normal;Optativa;;;;0;0;0;1.00;27/09/2020
2018;Máster;Máster: Profesorado E.S.O., F.P. y Ens. Idiom, Art y Deport;Zaragoza;Facultad de Educación;Diseño de actividades de aprendizaje de tecnología e informática;Normal;Optativa;;;;0;0;0;1.00;27/09/2020
2018;Máster;Máster: Profesorado E.S.O., F.P. y Ens. Idiom, Art y Deport;Zaragoza;Facultad de Educación;Innovación e investigación educativa en tecnología e informática;Normal;Optativa;;;;0;0;0;1.00;27/09/2020
2018;Máster;Máster: Profesorado E.S.O., F.P. y Ens. Idiom, Art y Deport;Zaragoza;Facultad de Educación;Prácticum II (Esp Tecnología e Informática);Prácticas externas;Prácticas externas;;;;0;0;0;1.00;27/09/2020
2018;Máster;Máster: Profesorado E.S.O., F.P. y Ens. Idiom, Art y Deport;Zaragoza;Facultad de Educación;Contenidos disciplinares de geología;Normal;Optativa;;;;0;0;0;1.00;27/09/2020
2018;Máster;Máster: Profesorado E.S.O., F.P. y Ens. Idiom, Art y Deport;Zaragoza;Facultad de Educación;Diseño curricular e instruccional de ciencias experimentales;Normal;Optativa;;;;0;0;0;1.00;27/09/2020
2018;Máster;Máster: Profesorado E.S.O., F.P. y Ens. Idiom, Art y Deport;Zaragoza;Facultad de Educación;Contenidos disciplinares de química;Normal;Optativa;;;;0;0;0;1.00;27/09/2020
2018;Máster;Máster: Profesorado E.S.O., F.P. y Ens. Idiom, Art y Deport;Zaragoza;Facultad de Educación;Diseño de actividades de aprendizaje de física y química;Normal;Optativa;;;;0;0;0;1.00;27/09/2020
2018;Máster;Máster: Profesorado E.S.O., F.P. y Ens. Idiom, Art y Deport;Zaragoza;Facultad de Educación;Innovación e investigación educativa en física y química;Normal;Optativa;;;;0;0;0;1.00;27/09/2020
2018;Máster;Máster: Profesorado E.S.O., F.P. y Ens. Idiom, Art y Deport;Zaragoza;Facultad de Educación;Contenidos disciplinares de lengua castellana;Normal;Optativa;;;;0;0;0;1.00;27/09/2020
2018;Máster;Máster: Profesorado E.S.O., F.P. y Ens. Idiom, Art y Deport;Zaragoza;Facultad de Educación;Contenidos disciplinares de literatura;Normal;Optativa;;;;0;0;0;1.00;27/09/2020
2018;Máster;Máster: Profesorado E.S.O., F.P. y Ens. Idiom, Art y Deport;Zaragoza;Facultad de Educación;Diseño curricular e instruccional de lengua castellana y literatura;Normal;Optativa;;;;0;0;0;1.00;27/09/2020
2018;Máster;Máster: Profesorado E.S.O., F.P. y Ens. Idiom, Art y Deport;Zaragoza;Facultad de Educación;Innovación e investigación educativa en lengua castellana y literatura;Normal;Optativa;;;;0;0;0;1.00;27/09/2020
2018;Máster;Máster: Profesorado E.S.O., F.P. y Ens. Idiom, Art y Deport;Zaragoza;Facultad de Educación;Communicating in English;Normal;Optativa;;;;0;0;0;1.00;27/09/2020
2018;Máster;Máster: Profesorado E.S.O., F.P. y Ens. Idiom, Art y Deport;Zaragoza;Facultad de Educación;Design of Learning Activities for EFL;Normal;Optativa;;;;0;0;0;1.00;27/09/2020
2018;Máster;Máster: Profesorado E.S.O., F.P. y Ens. Idiom, Art y Deport;Zaragoza;Facultad de Educación;Innovation and Classroom Research in EFL;Normal;Optativa;;;;0;0;0;1.00;27/09/2020
2018;Máster;Máster: Profesorado E.S.O., F.P. y Ens. Idiom, Art y Deport;Zaragoza;Facultad de Educación;Practicum II (Esp Lengua Extranjera: Inglés);Prácticas externas;Prácticas externas;;;;0;0;0;1.00;27/09/2020
2018;Máster;Máster: Profesorado E.S.O., F.P. y Ens. Idiom, Art y Deport;Huesca;Facultad de Ciencias Humanas y de la Educación;Contenidos disciplinares de educación física;Normal;Optativa;;;;0;0;0;1.00;27/09/2020
2018;Máster;Máster: Profesorado E.S.O., F.P. y Ens. Idiom, Art y Deport;Huesca;Facultad de Ciencias Humanas y de la Educación;Diseño curricular e instruccional de educación física;Normal;Optativa;;;;0;0;0;1.00;27/09/2020
2018;Máster;Máster: Profesorado E.S.O., F.P. y Ens. Idiom, Art y Deport;Huesca;Facultad de Ciencias Humanas y de la Educación;Diseño de actividades de aprendizaje de educación física;Normal;Optativa;;;;0;0;0;1.00;27/09/2020
2018;Máster;Máster: Profesorado E.S.O., F.P. y Ens. Idiom, Art y Deport;Huesca;Facultad de Ciencias Humanas y de la Educación;Innovación e investigación educativa en educación física;Normal;Optativa;;;;0;0;0;1.00;27/09/2020
2018;Máster;Máster: Profesorado E.S.O., F.P. y Ens. Idiom, Art y Deport;Zaragoza;Facultad de Educación;El entorno productivo de los procesos industriales y de construcción;Normal;Optativa;;;;0;0;0;1.00;27/09/2020
2018;Máster;Máster: Profesorado E.S.O., F.P. y Ens. Idiom, Art y Deport;Zaragoza;Facultad de Educación;Diseño curricular e instruccional de la formación profesional;Normal;Optativa;;;;0;0;0;1.00;27/09/2020
2018;Máster;Máster: Profesorado E.S.O., F.P. y Ens. Idiom, Art y Deport;Zaragoza;Facultad de Educación;Diseño de actividades de aprendizaje  de los procesos industriales y de construcción;Normal;Optativa;;;;0;0;0;1.00;27/09/2020
2018;Máster;Máster: Profesorado E.S.O., F.P. y Ens. Idiom, Art y Deport;Zaragoza;Facultad de Educación;Innovación e investigación educativa en los procesos industriales y de construcción;Normal;Optativa;;;;0;0;0;1.00;27/09/2020
2018;Máster;Máster: Profesorado E.S.O., F.P. y Ens. Idiom, Art y Deport;Zaragoza;Facultad de Educación;El entorno productivo de la administración, marketing, turismo, servicios a la comunidad y FOL;Normal;Optativa;;;;0;0;0;1.00;27/09/2020
2018;Máster;Máster: Profesorado E.S.O., F.P. y Ens. Idiom, Art y Deport;Zaragoza;Facultad de Educación;Diseño de actividades de aprendizaje de la administración, marketing, turismo, servicios a la comunidad y FOL;Normal;Optativa;;;;0;0;0;1.00;27/09/2020
2018;Máster;Máster: Profesorado E.S.O., F.P. y Ens. Idiom, Art y Deport;Zaragoza;Facultad de Educación;Innovación e investigación educativa en la administración, marketing, turismo, servicios a la comunidad y FOL;Normal;Optativa;;;;0;0;0;1.25;27/09/2020
2018;Máster;Máster: Profesorado E.S.O., F.P. y Ens. Idiom, Art y Deport;Zaragoza;Facultad de Educación;Practicum II (Esp Administración, Marketing, Turismo, Servicios a la Comunidad y FOL);Prácticas externas;Prácticas externas;;;;0;0;0;1.00;27/09/2020
2018;Máster;Máster: Profesorado E.S.O., F.P. y Ens. Idiom, Art y Deport;Zaragoza;Facultad de Educación;El entorno productivo de los procesos sanitarios, químicos, ambientales y agroalimentarios;Normal;Optativa;;;;0;0;0;1.00;27/09/2020
2018;Máster;Máster: Profesorado E.S.O., F.P. y Ens. Idiom, Art y Deport;Zaragoza;Facultad de Educación;Diseño de actividades de aprendizaje de los procesos sanitarios, químicos, ambientales y agroalimentarios;Normal;Optativa;;;;0;0;0;1.00;27/09/2020
2018;Máster;Máster: Profesorado E.S.O., F.P. y Ens. Idiom, Art y Deport;Zaragoza;Facultad de Educación;Innovación e investigación educativa en los procesos sanitarios, químicos, ambientales y agroalimentarios;Normal;Optativa;;;;0;0;0;1.00;27/09/2020
2018;Máster;Máster: Profesorado E.S.O., F.P. y Ens. Idiom, Art y Deport;Zaragoza;Facultad de Educación;Practicum II (Esp Procesos sanitarios, Quimicos, Ambientales y Agroalimentarios);Prácticas externas;Prácticas externas;;;;0;0;0;1.00;27/09/2020
2018;Máster;Máster: Profesorado E.S.O., F.P. y Ens. Idiom, Art y Deport;Zaragoza;Facultad de Educación;Atención a los alumnos con necesidades educativas específicas;Normal;Optativa;;;;0;0;0;1.00;27/09/2020
2018;Máster;Máster: Profesorado E.S.O., F.P. y Ens. Idiom, Art y Deport;Zaragoza;Facultad de Educación;Educación emocional del profesorado;Normal;Optativa;;;;0;0;0;1.00;27/09/2020
2018;Máster;Máster: Profesorado E.S.O., F.P. y Ens. Idiom, Art y Deport;Zaragoza;Facultad de Educación;Habilidades del pensamiento. Desarrollo en el proceso de enseñanza-aprendizaje;Normal;Optativa;;;;0;0;0;1.00;27/09/2020
2018;Máster;Máster: Profesorado E.S.O., F.P. y Ens. Idiom, Art y Deport;Zaragoza;Facultad de Educación;Prevención y resolución de conflictos;Normal;Optativa;;;;0;0;0;1.00;27/09/2020
2018;Máster;Máster: Profesorado E.S.O., F.P. y Ens. Idiom, Art y Deport;Huesca;Facultad de Ciencias Humanas y de la Educación;Prevención y resolución de conflictos;Normal;Optativa;;;;0;0;0;1.00;27/09/2020
2018;Máster;Máster: Profesorado E.S.O., F.P. y Ens. Idiom, Art y Deport;Zaragoza;Facultad de Educación;Diseño de materiales para la educación a distancia;Normal;Optativa;;;;0;0;0;1.00;27/09/2020
2018;Máster;Máster: Profesorado E.S.O., F.P. y Ens. Idiom, Art y Deport;Zaragoza;Facultad de Educación;Educación secundaria para personas adultas;Normal;Optativa;;;;0;0;0;1.00;27/09/2020
2018;Máster;Máster: Profesorado E.S.O., F.P. y Ens. Idiom, Art y Deport;Zaragoza;Facultad de Educación;Habilidades comunicativas para docentes;Normal;Optativa;;;;0;0;0;1.00;27/09/2020
2018;Máster;Máster: Profesorado E.S.O., F.P. y Ens. Idiom, Art y Deport;Zaragoza;Facultad de Educación;Recursos didácticos para la enseñanza de materias en francés;Normal;Optativa;;;;0;0;0;1.00;27/09/2020
2018;Máster;Máster: Profesorado E.S.O., F.P. y Ens. Idiom, Art y Deport;Zaragoza;Facultad de Educación;Recursos didácticos para la enseñanza de materias en inglés;Normal;Optativa;;;;0;0;0;1.00;27/09/2020
2018;Máster;Máster: Profesorado E.S.O., F.P. y Ens. Idiom, Art y Deport;Zaragoza;Facultad de Educación;Tecnologías de la información y la comunicación para el aprendizaje;Normal;Optativa;;;;0;0;0;1.00;27/09/2020
2018;Máster;Máster: Biología Molecular y Celular;Zaragoza;Facultad de Ciencias;Trabajo fin de Máster;Trabajo fin de máster;Trabajo fin de máster;100.00;88.89;88.89;19;17;17;1.00;27/09/2020
2018;Máster;Máster: Biología Molecular y Celular;Zaragoza;Facultad de Ciencias;Avances en Patología Molecular;Normal;Optativa;100.00;80.00;80.00;6;5;5;1.00;27/09/2020
2018;Máster;Máster: Biología Molecular y Celular;Zaragoza;Facultad de Ciencias;Genómica funcional;Normal;Optativa;100.00;100.00;100.00;12;12;12;1.00;27/09/2020
2018;Máster;Máster: Biología Molecular y Celular;Zaragoza;Facultad de Ciencias;Inmunología avanzada;Normal;Optativa;100.00;100.00;100.00;15;15;15;1.00;27/09/2020
2018;Máster;Máster: Biología Molecular y Celular;Zaragoza;Facultad de Ciencias;Separación Celular. Estudio de viabilidad celular;Normal;Optativa;100.00;100.00;100.00;7;7;7;1.00;27/09/2020
2018;Máster;Máster: Biología Molecular y Celular;Zaragoza;Facultad de Ciencias;Control de calidad y regulación en procesos biotecnológicos;Normal;Obligatoria;100.00;100.00;100.00;20;20;20;1.00;27/09/2020
2018;Máster;Máster: Biología Molecular y Celular;Zaragoza;Facultad de Ciencias;Técnicas avanzadas en biofísica;Normal;Obligatoria;100.00;95.00;95.00;20;19;19;1.05;27/09/2020
2018;Máster;Máster: Biología Molecular y Celular;Zaragoza;Facultad de Ciencias;Técnicas avanzadas en biología molecular y celular;Normal;Obligatoria;90.00;90.00;100.00;20;18;20;1.06;27/09/2020
2018;Máster;Máster: Materiales nanoestructurados para aplicaciones nanotecnológicas;Zaragoza;Facultad de Ciencias;Propiedades fundamentales de los materiales nanoestructurados;Normal;Obligatoria;100.00;100.00;100.00;12;12;12;1.00;27/09/2020
2018;Máster;Máster: Materiales nanoestructurados para aplicaciones nanotecnológicas;Zaragoza;Facultad de Ciencias;Caracterización II: Microscopias avanzadas;Normal;Obligatoria;100.00;100.00;100.00;12;12;12;1.00;27/09/2020
2018;Máster;Máster: Materiales nanoestructurados para aplicaciones nanotecnológicas;Zaragoza;Facultad de Ciencias;Ejemplos de aplicaciones industriales;Normal;Obligatoria;100.00;100.00;100.00;12;12;12;1.00;27/09/2020
2018;Máster;Máster: Materiales nanoestructurados para aplicaciones nanotecnológicas;Zaragoza;Facultad de Ciencias;Ensamblaje y fabricación de nanoestructuras;Normal;Obligatoria;100.00;100.00;100.00;12;12;12;1.00;27/09/2020
2018;Máster;Máster: Materiales nanoestructurados para aplicaciones nanotecnológicas;Zaragoza;Facultad de Ciencias;Preparación de materiales nanoestructurados;Normal;Obligatoria;100.00;100.00;100.00;12;12;12;1.00;27/09/2020
2018;Máster;Máster: Materiales nanoestructurados para aplicaciones nanotecnológicas;Zaragoza;Facultad de Ciencias;Introducción a la investigación en Nanociencia;Normal;Optativa;100.00;100.00;100.00;6;6;6;1.00;27/09/2020
2018;Máster;Máster: Materiales nanoestructurados para aplicaciones nanotecnológicas;Zaragoza;Facultad de Ciencias;Caracterización I: Técnicas físico-químicas;Normal;Obligatoria;100.00;100.00;100.00;12;12;12;1.00;27/09/2020
2018;Máster;Máster: Materiales nanoestructurados para aplicaciones nanotecnológicas;Zaragoza;Facultad de Ciencias;Trabajo multidisciplinar académicamente dirigido;Normal;Optativa;100.00;100.00;100.00;1;1;1;1.00;27/09/2020
2018;Máster;Máster: Materiales nanoestructurados para aplicaciones nanotecnológicas;Zaragoza;Facultad de Ciencias;Fabricación de micro y nanodispositivos;Normal;Optativa;100.00;100.00;100.00;11;11;11;1.00;27/09/2020
2018;Máster;Máster: Materiales nanoestructurados para aplicaciones nanotecnológicas;Zaragoza;Facultad de Ciencias;Prácticas externas en empresas;Prácticas externas;Optativa;100.00;83.33;83.33;6;5;5;1.00;27/09/2020
2018;Máster;Máster: Materiales nanoestructurados para aplicaciones nanotecnológicas;Zaragoza;Facultad de Ciencias;Trabajo fin de Máster;Trabajo fin de máster;Trabajo fin de máster;100.00;84.62;84.62;13;11;11;1.00;27/09/2020
2018;Máster;Máster: Ingeniería Química;Zaragoza;Escuela de Ingeniería y Arquitectura;Ampliación de procesos de separación;Normal;Obligatoria;100.00;100.00;100.00;18;18;18;1.06;27/09/2020
2018;Máster;Máster: Ingeniería Química;Zaragoza;Escuela de Ingeniería y Arquitectura;Diseño avanzado de reactores;Normal;Obligatoria;100.00;100.00;100.00;17;17;17;1.06;27/09/2020
2018;Máster;Máster: Ingeniería Química;Zaragoza;Escuela de Ingeniería y Arquitectura;Simulación y optimización de procesos químicos;Normal;Obligatoria;100.00;100.00;100.00;18;18;18;1.00;27/09/2020
2018;Máster;Máster: Ingeniería Química;Zaragoza;Escuela de Ingeniería y Arquitectura;Gestión ambiental en la industria;Normal;Obligatoria;100.00;100.00;100.00;17;17;17;1.00;27/09/2020
2018;Máster;Máster: Ingeniería Química;Zaragoza;Escuela de Ingeniería y Arquitectura;Economía y organización industrial;Normal;Obligatoria;100.00;100.00;100.00;18;18;18;1.00;27/09/2020
2018;Máster;Máster: Ingeniería Química;Zaragoza;Escuela de Ingeniería y Arquitectura;Seguridad y análisis de riesgos en la industria química;Normal;Obligatoria;93.33;93.33;100.00;16;15;16;1.07;27/09/2020
2018;Máster;Máster: Ingeniería Química;Zaragoza;Escuela de Ingeniería y Arquitectura;Gestión de la producción y calidad;Normal;Obligatoria;100.00;100.00;100.00;16;16;16;1.00;27/09/2020
2018;Máster;Máster: Ingeniería Química;Zaragoza;Escuela de Ingeniería y Arquitectura;El proceso de investigación en ingeniería química;Normal;Obligatoria;100.00;100.00;100.00;15;15;15;1.00;27/09/2020
2018;Máster;Máster: Ingeniería Química;Zaragoza;Escuela de Ingeniería y Arquitectura;Trabajo fin de Máster;Trabajo fin de máster;Trabajo fin de máster;100.00;61.54;61.54;13;8;8;1.00;27/09/2020
2018;Máster;Máster: Ingeniería Química;Zaragoza;Escuela de Ingeniería y Arquitectura;Ingeniería bioquímica;Normal;Optativa;100.00;100.00;100.00;10;10;10;1.00;27/09/2020
2018;Máster;Máster: Ingeniería Química;Zaragoza;Escuela de Ingeniería y Arquitectura;Materiales nanoestructurados;Normal;Optativa;100.00;100.00;100.00;10;10;10;1.00;27/09/2020
2018;Máster;Máster: Ingeniería Química;Zaragoza;Escuela de Ingeniería y Arquitectura;Calidad y tratamiento de aguas;Normal;Optativa;100.00;100.00;100.00;4;4;4;1.00;27/09/2020
2018;Máster;Máster: Ingeniería Química;Zaragoza;Escuela de Ingeniería y Arquitectura;Optimización energética;Normal;Optativa;100.00;100.00;100.00;11;11;11;1.00;27/09/2020
2018;Máster;Máster: Ingeniería Química;Zaragoza;Escuela de Ingeniería y Arquitectura;Tecnología del papel;Normal;Optativa;100.00;100.00;100.00;13;13;13;1.00;27/09/2020
2018;Máster;Máster: Ingeniería Química;Zaragoza;Escuela de Ingeniería y Arquitectura;Ciencia y tecnología de la combustión;Normal;Optativa;100.00;100.00;100.00;5;5;5;1.00;27/09/2020
2018;Máster;Máster: Ingeniería Química;Zaragoza;Escuela de Ingeniería y Arquitectura;Prácticas externas 3;Prácticas externas;Optativa;100.00;100.00;100.00;11;11;11;1.00;27/09/2020
2018;Máster;Máster: Ingeniería Química;Zaragoza;Escuela de Ingeniería y Arquitectura;Valorización de residuos. Biorefinería;Normal;Optativa;100.00;100.00;100.00;6;6;6;1.00;27/09/2020
2018;Máster;Máster: Ingeniería Química;Zaragoza;Escuela de Ingeniería y Arquitectura;Tecnologías alternativas para el tratamiento de aguas residuales industriales;Normal;Optativa;100.00;100.00;100.00;2;2;2;1.00;27/09/2020
2018;Máster;Máster: Energías Renovables y Eficiencia Energética;Zaragoza;Escuela de Ingeniería y Arquitectura;Trabajo fin de Máster (Sistemas térmicos);Trabajo fin de máster;Trabajo fin de máster;100.00;100.00;100.00;6;6;6;1.00;27/09/2020
2018;Máster;Máster: Energías Renovables y Eficiencia Energética;Zaragoza;Escuela de Ingeniería y Arquitectura;Sostenibilidad energética;Normal;Optativa;100.00;50.00;50.00;4;2;2;1.00;27/09/2020
2018;Máster;Máster: Energías Renovables y Eficiencia Energética;Zaragoza;Escuela de Ingeniería y Arquitectura;Hidrógeno y pilas de combustible;Normal;Optativa;100.00;83.33;83.33;7;6;6;1.00;27/09/2020
2018;Máster;Máster: Energías Renovables y Eficiencia Energética;Zaragoza;Escuela de Ingeniería y Arquitectura;Fundamentos de ingeniería eléctrica y energética;Normal;Obligatoria;92.31;85.71;92.86;14;12;13;1.00;27/09/2020
2018;Máster;Máster: Energías Renovables y Eficiencia Energética;Zaragoza;Escuela de Ingeniería y Arquitectura;Energía eólica e hidráulica;Normal;Obligatoria;94.12;84.21;89.47;19;16;17;1.00;27/09/2020
2018;Máster;Máster: Energías Renovables y Eficiencia Energética;Zaragoza;Escuela de Ingeniería y Arquitectura;Energía solar y de la biomasa;Normal;Obligatoria;100.00;88.89;88.89;18;16;16;1.25;27/09/2020
2018;Máster;Máster: Energías Renovables y Eficiencia Energética;Zaragoza;Escuela de Ingeniería y Arquitectura;Eficiencia energética;Normal;Obligatoria;93.33;82.35;88.24;17;14;15;1.14;27/09/2020
2018;Máster;Máster: Energías Renovables y Eficiencia Energética;Zaragoza;Escuela de Ingeniería y Arquitectura;Calidad de la energía y conexión a red;Normal;Optativa;75.00;75.00;100.00;4;3;4;1.00;27/09/2020
2018;Máster;Máster: Energías Renovables y Eficiencia Energética;Zaragoza;Escuela de Ingeniería y Arquitectura;Generación distribuida, redes inteligentes y movilidad;Normal;Optativa;100.00;100.00;100.00;9;9;9;1.00;27/09/2020
2018;Máster;Máster: Energías Renovables y Eficiencia Energética;Zaragoza;Escuela de Ingeniería y Arquitectura;Simulación avanzada de sistemas eléctricos con fuentes renovables;Normal;Optativa;100.00;100.00;100.00;7;7;7;1.00;27/09/2020
2018;Máster;Máster: Energías Renovables y Eficiencia Energética;Zaragoza;Escuela de Ingeniería y Arquitectura;Protección y control de sistemas eléctricos con fuentes renovables;Normal;Optativa;100.00;87.50;87.50;8;7;7;1.00;27/09/2020
2018;Máster;Máster: Energías Renovables y Eficiencia Energética;Zaragoza;Escuela de Ingeniería y Arquitectura;Generadores eléctricos para aplicaciones de energías renovables;Normal;Optativa;100.00;100.00;100.00;8;8;8;1.00;27/09/2020
2018;Máster;Máster: Energías Renovables y Eficiencia Energética;Zaragoza;Escuela de Ingeniería y Arquitectura;Control y diseño de convertidores eléctricos;Normal;Optativa;100.00;100.00;100.00;4;4;4;1.00;27/09/2020
2018;Máster;Máster: Energías Renovables y Eficiencia Energética;Zaragoza;Escuela de Ingeniería y Arquitectura;Ampliación de energía solar;Normal;Optativa;100.00;83.33;83.33;7;6;6;1.00;27/09/2020
2018;Máster;Máster: Energías Renovables y Eficiencia Energética;Zaragoza;Escuela de Ingeniería y Arquitectura;Ampliación de energía de la biomasa;Normal;Optativa;100.00;60.00;60.00;5;3;3;1.00;27/09/2020
2018;Máster;Máster: Energías Renovables y Eficiencia Energética;Zaragoza;Escuela de Ingeniería y Arquitectura;Eficiencia energética en la edificación;Normal;Optativa;100.00;75.00;75.00;4;3;3;1.00;27/09/2020
2018;Máster;Máster: Energías Renovables y Eficiencia Energética;Zaragoza;Escuela de Ingeniería y Arquitectura;Herramientas para el análisis energético industrial. Industrias intensivas en el consumo de energía;Normal;Optativa;100.00;100.00;100.00;6;6;6;1.00;27/09/2020
2018;Máster;Máster: Energías Renovables y Eficiencia Energética;Zaragoza;Escuela de Ingeniería y Arquitectura;Generación termoeléctrica avanzada. Plantas de emisiones cero. Comercio de emisiones;Normal;Optativa;100.00;100.00;100.00;6;6;6;1.14;27/09/2020
2018;Máster;Máster: Energías Renovables y Eficiencia Energética;Zaragoza;Escuela de Ingeniería y Arquitectura;Mercados energéticos;Normal;Optativa;100.00;83.33;83.33;6;5;5;1.00;27/09/2020
2018;Máster;Máster: Energías Renovables y Eficiencia Energética;Zaragoza;Escuela de Ingeniería y Arquitectura;Proyectos de instalaciones de energías renovables;Normal;Optativa;100.00;83.33;83.33;14;12;12;1.00;27/09/2020
2018;Máster;Máster: Energías Renovables y Eficiencia Energética;Zaragoza;Escuela de Ingeniería y Arquitectura;Prácticas externas;Prácticas externas;Optativa;100.00;66.67;66.67;7;5;5;1.00;27/09/2020
2018;Máster;Máster: Energías Renovables y Eficiencia Energética;Zaragoza;Escuela de Ingeniería y Arquitectura;Trabajo fin de Máster (Sistemas eléctricos);Trabajo fin de máster;Trabajo fin de máster;100.00;66.67;66.67;4;3;3;1.00;27/09/2020
2018;Máster;Máster: Energías Renovables y Eficiencia Energética;Zaragoza;Escuela de Ingeniería y Arquitectura;Trabajo fin de Máster (sin especialidad);Trabajo fin de máster;Trabajo fin de máster;90.00;60.00;66.67;15;9;10;1.00;27/09/2020
2018;Máster;Máster: Ingeniería Mecánica;Zaragoza;Escuela de Ingeniería y Arquitectura;Métodos numéricos y experimentales en Ingeniería Térmica;Normal;Obligatoria;100.00;100.00;100.00;6;6;6;1.00;27/09/2020
2018;Máster;Máster: Ingeniería Mecánica;Zaragoza;Escuela de Ingeniería y Arquitectura;Diseño y optimización de sistemas de fabricación;Normal;Obligatoria;100.00;100.00;100.00;6;6;6;1.00;27/09/2020
2018;Máster;Máster: Ingeniería Mecánica;Zaragoza;Escuela de Ingeniería y Arquitectura;Instrumentación y simulación del flujo de fluidos;Normal;Obligatoria;100.00;83.33;83.33;6;5;5;1.00;27/09/2020
2018;Máster;Máster: Ingeniería Mecánica;Zaragoza;Escuela de Ingeniería y Arquitectura;Métodos de análisis para mecánica estructural;Normal;Obligatoria;100.00;100.00;100.00;9;9;9;1.00;27/09/2020
2018;Máster;Máster: Ingeniería Mecánica;Zaragoza;Escuela de Ingeniería y Arquitectura;Deformación y fractura de materiales;Normal;Obligatoria;100.00;88.89;88.89;9;8;8;1.75;27/09/2020
2018;Máster;Máster: Ingeniería Mecánica;Zaragoza;Escuela de Ingeniería y Arquitectura;Centrales hidraúlicas y eólicas;Normal;Optativa;100.00;100.00;100.00;2;2;2;1.00;27/09/2020
2018;Máster;Máster: Ingeniería Mecánica;Zaragoza;Escuela de Ingeniería y Arquitectura;Diseño avanzado de vehículos;Normal;Optativa;100.00;100.00;100.00;3;3;3;1.00;27/09/2020
2018;Máster;Máster: Ingeniería Mecánica;Zaragoza;Escuela de Ingeniería y Arquitectura;Diseño avanzado de electrodomésticos;Normal;Optativa;100.00;100.00;100.00;7;7;7;1.00;27/09/2020
2018;Máster;Máster: Ingeniería Mecánica;Zaragoza;Escuela de Ingeniería y Arquitectura;Materiales avanzados en Ingeniería Mecánica;Normal;Optativa;100.00;100.00;100.00;2;2;2;1.00;27/09/2020
2018;Máster;Máster: Ingeniería Mecánica;Zaragoza;Escuela de Ingeniería y Arquitectura;CAD mecánico avanzado;Normal;Optativa;100.00;100.00;100.00;5;5;5;1.00;27/09/2020
2018;Máster;Máster: Ingeniería Mecánica;Zaragoza;Escuela de Ingeniería y Arquitectura;Trabajo fin de Máster;Trabajo fin de máster;Trabajo fin de máster;100.00;54.55;54.55;11;6;6;1.00;27/09/2020
2018;Máster;Máster: Ingeniería Mecánica;Zaragoza;Escuela de Ingeniería y Arquitectura;Prácticas externas 2;Prácticas externas;Optativa;100.00;100.00;100.00;5;5;5;1.00;27/09/2020
2018;Máster;Máster: Historia Contemporánea;Zaragoza;Facultad de Filosofía y Letras;Trabajo fin de Máster;Trabajo fin de máster;Obligatoria;100.00;58.82;58.82;17;10;10;1.00;27/09/2020
2018;Máster;Máster: Historia Contemporánea;Zaragoza;Facultad de Filosofía y Letras;Enseñanzas en red;Normal;Obligatoria;94.74;94.74;100.00;19;18;19;1.06;27/09/2020
2018;Máster;Máster: Historia Contemporánea;Zaragoza;Facultad de Filosofía y Letras;Protesta y movimientos sociales a partir de 1968;Normal;Optativa;100.00;100.00;100.00;8;8;8;1.00;27/09/2020
2018;Máster;Máster: Historia Contemporánea;Zaragoza;Facultad de Filosofía y Letras;Poder, saber y querer: la selección de las élites políticas en la España contemporánea;Normal;Optativa;100.00;88.89;88.89;10;9;9;1.00;27/09/2020
2018;Máster;Máster: Historia Contemporánea;Zaragoza;Facultad de Filosofía y Letras;Culturas políticas, políticas del pasado e historiografía: historia del nacionalismo español;Normal;Optativa;100.00;90.00;90.00;10;9;9;1.00;27/09/2020
2018;Máster;Máster: Historia Contemporánea;Zaragoza;Facultad de Filosofía y Letras;Laicismo y anticlericalismo en la España contemporánea;Normal;Optativa;92.31;92.31;100.00;14;13;14;1.00;27/09/2020
2018;Máster;Máster: Historia Contemporánea;Zaragoza;Facultad de Filosofía y Letras;Orígenes y evolución de la historiografía social francesa;Normal;Optativa;100.00;100.00;100.00;7;7;7;1.00;27/09/2020
2018;Máster;Máster: Historia Contemporánea;Zaragoza;Facultad de Filosofía y Letras;Historia de las mujeres en la España contemporánea;Normal;Optativa;100.00;100.00;100.00;6;6;6;1.00;27/09/2020
2018;Máster;Máster: Historia Contemporánea;Zaragoza;Facultad de Filosofía y Letras;Historiografía y sociedad en la España contemporánea;Normal;Optativa;100.00;100.00;100.00;4;4;4;1.00;27/09/2020
2018;Máster;Máster: Historia Contemporánea;Zaragoza;Facultad de Filosofía y Letras;Medios de comunicación: fuente y documento;Normal;Optativa;100.00;100.00;100.00;7;7;7;1.00;27/09/2020
2018;Máster;Máster: Historia Contemporánea;Zaragoza;Facultad de Filosofía y Letras;Tiempos de Horror. Violencia y guerra en Europa durante el siglo XX;Normal;Optativa;100.00;90.91;90.91;12;11;11;1.00;27/09/2020
2018;Máster;Máster: Historia Contemporánea;Zaragoza;Facultad de Filosofía y Letras;Ciclo conferencias UIMP;Normal;Obligatoria;100.00;100.00;100.00;18;18;18;1.00;27/09/2020
2018;Máster;Máster: Historia Contemporánea;Zaragoza;Facultad de Filosofía y Letras;Diplomacia, guerra y paz en el siglo XX;Normal;Optativa;100.00;84.62;84.62;14;12;12;1.00;27/09/2020
2018;Máster;Máster: Historia Contemporánea;Zaragoza;Facultad de Filosofía y Letras;Dictadura y memoria en el siglo XX;Normal;Optativa;100.00;90.00;90.00;11;10;10;1.00;27/09/2020
2018;Máster;Máster: Ordenación Territorial y Medioambiental;Zaragoza;Facultad de Filosofía y Letras;Trabajo fin de Máster;Trabajo fin de máster;Obligatoria;100.00;61.11;61.11;18;11;11;1.00;27/09/2020
2018;Máster;Máster: Ordenación Territorial y Medioambiental;Zaragoza;Facultad de Filosofía y Letras;El diseño de la planificación: elementos y métodos;Normal;Obligatoria;100.00;94.44;94.44;18;17;17;1.00;27/09/2020
2018;Máster;Máster: Ordenación Territorial y Medioambiental;Zaragoza;Facultad de Filosofía y Letras;Ordenación territorial y medioambiental;Normal;Obligatoria;100.00;94.44;94.44;18;17;17;1.00;27/09/2020
2018;Máster;Máster: Ordenación Territorial y Medioambiental;Zaragoza;Facultad de Filosofía y Letras;Cartografía y nuevas tecnologías para la ordenación territorial y medioambiental;Normal;Obligatoria;100.00;88.89;88.89;18;16;16;1.00;27/09/2020
2018;Máster;Máster: Ordenación Territorial y Medioambiental;Zaragoza;Facultad de Filosofía y Letras;Cambio global y gestión de riesgos naturales;Normal;Optativa;100.00;80.00;80.00;10;8;8;1.00;27/09/2020
2018;Máster;Máster: Ordenación Territorial y Medioambiental;Zaragoza;Facultad de Filosofía y Letras;Desarrollo y sostenibilidad en un espacio rural multifuncional;Normal;Optativa;100.00;100.00;100.00;8;8;8;1.00;27/09/2020
2018;Máster;Máster: Ordenación Territorial y Medioambiental;Zaragoza;Facultad de Filosofía y Letras;Evaluación de impactos y restauración ambiental;Normal;Optativa;100.00;73.33;73.33;15;11;11;1.00;27/09/2020
2018;Máster;Máster: Ordenación Territorial y Medioambiental;Zaragoza;Facultad de Filosofía y Letras;Gestión y conservación de espacios naturales y de la biodiversidad;Normal;Optativa;100.00;69.23;69.23;13;9;9;1.00;27/09/2020
2018;Máster;Máster: Ordenación Territorial y Medioambiental;Zaragoza;Facultad de Filosofía y Letras;Infraestructuras y equipamientos en la articulación del territorio;Normal;Optativa;100.00;60.00;60.00;5;3;3;1.00;27/09/2020
2018;Máster;Máster: Ordenación Territorial y Medioambiental;Zaragoza;Facultad de Filosofía y Letras;La población en la ordenación territorial y en el desarrollo local;Normal;Optativa;100.00;87.50;87.50;8;7;7;1.00;27/09/2020
2018;Máster;Máster: Ordenación Territorial y Medioambiental;Zaragoza;Facultad de Filosofía y Letras;Técnicas de campo y resolución de casos en la planificación del medio natural;Normal;Optativa;100.00;75.00;75.00;12;9;9;1.00;27/09/2020
2018;Máster;Máster: Ordenación Territorial y Medioambiental;Zaragoza;Facultad de Filosofía y Letras;Cartografía aplicada a la resolución de problemas ambientales;Normal;Obligatoria;70.59;66.67;94.44;18;12;17;1.00;27/09/2020
2018;Máster;Máster: Traducción de textos especializados;Zaragoza;Facultad de Filosofía y Letras;Trabajo fin de Máster;Trabajo fin de máster;Trabajo fin de máster;100.00;100.00;100.00;3;3;3;1.00;27/09/2020
2018;Máster;Máster: Ingeniería Electrónica;Zaragoza;Escuela de Ingeniería y Arquitectura;Trabajo fin de Máster;Trabajo fin de máster;Trabajo fin de máster;100.00;50.00;50.00;14;7;7;1.00;27/09/2020
2018;Máster;Máster: Ingeniería Electrónica;Zaragoza;Escuela de Ingeniería y Arquitectura;Sistemas electrónicos avanzados;Normal;Obligatoria;100.00;100.00;100.00;13;13;13;1.00;27/09/2020
2018;Máster;Máster: Ingeniería Electrónica;Zaragoza;Escuela de Ingeniería y Arquitectura;Diseño de sistemas electrónicos;Normal;Obligatoria;92.31;85.71;92.86;14;12;13;1.07;27/09/2020
2018;Máster;Máster: Ingeniería Electrónica;Zaragoza;Escuela de Ingeniería y Arquitectura;Seminarios de I+D+I;Normal;Obligatoria;100.00;94.44;94.44;18;17;17;1.00;27/09/2020
2018;Máster;Máster: Ingeniería Electrónica;Zaragoza;Escuela de Ingeniería y Arquitectura;Compatibilidad electromagnética y seguridad eléctrica;Normal;Optativa;100.00;100.00;100.00;11;11;11;1.00;27/09/2020
2018;Máster;Máster: Ingeniería Electrónica;Zaragoza;Escuela de Ingeniería y Arquitectura;Modelado y control de sistemas electrónicos de potencia;Normal;Optativa;100.00;100.00;100.00;1;1;1;1.00;27/09/2020
2018;Máster;Máster: Ingeniería Electrónica;Zaragoza;Escuela de Ingeniería y Arquitectura;Redes neuronales electrónicas;Normal;Optativa;100.00;91.67;91.67;12;11;11;1.00;27/09/2020
2018;Máster;Máster: Ingeniería Electrónica;Zaragoza;Escuela de Ingeniería y Arquitectura;Tecnología electrónica biomédica;Normal;Optativa;100.00;100.00;100.00;5;5;5;1.00;27/09/2020
2018;Máster;Máster: Ingeniería Electrónica;Zaragoza;Escuela de Ingeniería y Arquitectura;Sistemas electrónicos para control de acceso y seguridad;Normal;Optativa;100.00;100.00;100.00;8;8;8;1.00;27/09/2020
2018;Máster;Máster: Ingeniería Electrónica;Zaragoza;Escuela de Ingeniería y Arquitectura;Redes de sensores electrónicos;Normal;Optativa;100.00;90.91;90.91;11;10;10;1.00;27/09/2020
2018;Máster;Máster: Ingeniería Electrónica;Zaragoza;Escuela de Ingeniería y Arquitectura;Diseño microelectrónico;Normal;Optativa;100.00;75.00;75.00;4;3;3;1.00;27/09/2020
2018;Máster;Máster: Aprendizaje a lo largo de la vida: Iniciación a la investigación;Zaragoza;Facultad de Educación;Trabajo fin de Máster;Trabajo fin de máster;Obligatoria;;;;1;0;0;;27/09/2020
2018;Máster;Máster: Sociología de las Políticas Públicas y Sociales;Zaragoza;Facultad de Economía y Empresa;Metodología: investigación, análisis y evaluación de las políticas públicas;Normal;Obligatoria;100.00;100.00;100.00;18;18;18;1.00;27/09/2020
2018;Máster;Máster: Sociología de las Políticas Públicas y Sociales;Zaragoza;Facultad de Economía y Empresa;Economía política de la intervención pública;Normal;Obligatoria;100.00;100.00;100.00;19;19;19;1.00;27/09/2020
2018;Máster;Máster: Sociología de las Políticas Públicas y Sociales;Zaragoza;Facultad de Economía y Empresa;Sociología: construcción social del bienestar y del espacio público;Normal;Optativa;100.00;100.00;100.00;8;8;8;1.00;27/09/2020
2018;Máster;Máster: Sociología de las Políticas Públicas y Sociales;Zaragoza;Facultad de Economía y Empresa;Sociología de las Org. e Inst. Públicas:responsabilidad social y rendición de cuentas.Nuevo institucionalismo en Sgía.;Normal;Optativa;100.00;100.00;100.00;6;6;6;1.00;27/09/2020
2018;Máster;Máster: Sociología de las Políticas Públicas y Sociales;Zaragoza;Facultad de Economía y Empresa;Responsabilidad social corporativa: información y auditoria de las organizaciones;Normal;Optativa;100.00;100.00;100.00;1;1;1;1.00;27/09/2020
2018;Máster;Máster: Sociología de las Políticas Públicas y Sociales;Zaragoza;Facultad de Economía y Empresa;Evaluación de la eficiencia y la calidad en las políticas públicas;Normal;Optativa;100.00;100.00;100.00;9;9;9;1.00;27/09/2020
2018;Máster;Máster: Sociología de las Políticas Públicas y Sociales;Zaragoza;Facultad de Economía y Empresa;Políticas y estrategias urbanas: ciudad y sociedad;Normal;Optativa;100.00;100.00;100.00;7;7;7;1.00;27/09/2020
2018;Máster;Máster: Sociología de las Políticas Públicas y Sociales;Zaragoza;Facultad de Economía y Empresa;Políticas migratorias (aspectos demográficos, culturales, jurídicos, ecónómicos y educativos);Normal;Optativa;100.00;100.00;100.00;11;11;11;1.00;27/09/2020
2018;Máster;Máster: Sociología de las Políticas Públicas y Sociales;Zaragoza;Facultad de Economía y Empresa;Políticas públicas de empleo;Normal;Optativa;100.00;100.00;100.00;5;5;5;1.00;27/09/2020
2018;Máster;Máster: Sociología de las Políticas Públicas y Sociales;Zaragoza;Facultad de Economía y Empresa;Política y administración educativas;Normal;Optativa;100.00;100.00;100.00;10;10;10;1.00;27/09/2020
2018;Máster;Máster: Sociología de las Políticas Públicas y Sociales;Zaragoza;Facultad de Economía y Empresa;Decisiones Públicas: e-participación y gestión del conocimiento;Normal;Optativa;100.00;100.00;100.00;8;8;8;1.00;27/09/2020
2018;Máster;Máster: Sociología de las Políticas Públicas y Sociales;Zaragoza;Facultad de Economía y Empresa;Sociología política: democracia, actores políticos e ideologías;Normal;Optativa;100.00;90.00;90.00;10;9;9;1.00;27/09/2020
2018;Máster;Máster: Sociología de las Políticas Públicas y Sociales;Zaragoza;Facultad de Economía y Empresa;Participación ciudadana, voluntariado y tercer sector;Normal;Optativa;100.00;100.00;100.00;7;7;7;1.00;27/09/2020
2018;Máster;Máster: Sociología de las Políticas Públicas y Sociales;Zaragoza;Facultad de Economía y Empresa;Familia, juventud y menores;Normal;Optativa;100.00;100.00;100.00;12;12;12;1.00;27/09/2020
2018;Máster;Máster: Sociología de las Políticas Públicas y Sociales;Zaragoza;Facultad de Economía y Empresa;Trabajo fin de Máster;Trabajo fin de máster;Trabajo fin de máster;100.00;85.71;85.71;21;18;18;1.06;27/09/2020
2018;Máster;Máster: Sociología de las Políticas Públicas y Sociales;Zaragoza;Facultad de Economía y Empresa;Prácticas;Prácticas externas;Prácticas externas;100.00;100.00;100.00;17;17;17;1.00;27/09/2020
2018;Máster;Máster: Sociología de las Políticas Públicas y Sociales;Zaragoza;Facultad de Economía y Empresa;El Derecho en las políticas públicas y sociales;Normal;Obligatoria;100.00;100.00;100.00;16;16;16;1.00;27/09/2020
2018;Máster;Máster: Sociología de las Políticas Públicas y Sociales;Zaragoza;Facultad de Economía y Empresa;Determinantes sociales de la salud y sus políticas públicas;Normal;Optativa;100.00;100.00;100.00;8;8;8;1.00;27/09/2020
2018;Máster;Máster: Investigación y Estudios Avanzados en Historia;Zaragoza;Facultad de Filosofía y Letras;Trabajo fin de Máster;Trabajo fin de máster;Trabajo fin de máster;100.00;92.31;92.31;13;12;12;1.00;27/09/2020
2018;Máster;Máster: Investigación y Estudios Avanzados en Historia;Zaragoza;Facultad de Filosofía y Letras;Teoría de la Historia, escritura de historia e historiografía;Normal;Obligatoria;100.00;100.00;100.00;12;12;12;1.00;27/09/2020
2018;Máster;Máster: Investigación y Estudios Avanzados en Historia;Zaragoza;Facultad de Filosofía y Letras;Técnicas para leer y entender la Historia. Vestigios del pasado;Normal;Obligatoria;100.00;100.00;100.00;12;12;12;1.00;27/09/2020
2018;Máster;Máster: Investigación y Estudios Avanzados en Historia;Zaragoza;Facultad de Filosofía y Letras;Expresiones de alteridad: visiones del otro;Normal;Obligatoria;100.00;100.00;100.00;12;12;12;1.00;27/09/2020
2018;Máster;Máster: Investigación y Estudios Avanzados en Historia;Zaragoza;Facultad de Filosofía y Letras;Historia de la vida cotidiana;Normal;Obligatoria;100.00;100.00;100.00;12;12;12;1.00;27/09/2020
2018;Máster;Máster: Investigación y Estudios Avanzados en Historia;Zaragoza;Facultad de Filosofía y Letras;Ideologías y teoría política;Normal;Obligatoria;100.00;100.00;100.00;12;12;12;1.00;27/09/2020
2018;Máster;Máster: Investigación y Estudios Avanzados en Historia;Zaragoza;Facultad de Filosofía y Letras;Mujeres: textos y contextos;Normal;Optativa;100.00;100.00;100.00;3;3;3;1.00;27/09/2020
2018;Máster;Máster: Investigación y Estudios Avanzados en Historia;Zaragoza;Facultad de Filosofía y Letras;Migraciones y exilios;Normal;Optativa;100.00;100.00;100.00;9;9;9;1.00;27/09/2020
2018;Máster;Máster: Investigación y Estudios Avanzados en Historia;Zaragoza;Facultad de Filosofía y Letras;Transferencias culturales con Europa, América, mundo islámico, Asia oriental;Normal;Optativa;100.00;100.00;100.00;6;6;6;1.00;27/09/2020
2018;Máster;Máster: Investigación y Estudios Avanzados en Historia;Zaragoza;Facultad de Filosofía y Letras;La circulación internacional de las ideas jurídicas y económicas;Normal;Optativa;100.00;100.00;100.00;1;1;1;1.00;27/09/2020
2018;Máster;Máster: Investigación y Estudios Avanzados en Historia;Zaragoza;Facultad de Filosofía y Letras;Poder, disidencia y represión;Normal;Optativa;100.00;100.00;100.00;6;6;6;1.00;27/09/2020
2018;Máster;Máster: Investigación y Estudios Avanzados en Historia;Zaragoza;Facultad de Filosofía y Letras;Violencia y guerra;Normal;Optativa;100.00;100.00;100.00;10;10;10;1.00;27/09/2020
2018;Máster;Máster: Estudios Avanzados en Historia del Arte;Zaragoza;Facultad de Filosofía y Letras;Trabajo fin de Máster;Trabajo fin de máster;Trabajo fin de máster;100.00;47.83;47.83;23;11;11;1.00;27/09/2020
2018;Máster;Máster: Estudios Avanzados en Historia del Arte;Zaragoza;Facultad de Filosofía y Letras;El trabajo de campo y la labor de catalogación:procedimientos, técnicas e instrumentos aux. en la inv. de la Hª del Arte;Normal;Obligatoria;100.00;100.00;100.00;17;17;17;1.33;27/09/2020
2018;Máster;Máster: Estudios Avanzados en Historia del Arte;Zaragoza;Facultad de Filosofía y Letras;La invest. en Hª del Arte: Historiografía, fines y objetos, actuales enfoques y metodologías, y deontología profesional;Normal;Obligatoria;90.48;86.36;95.45;22;19;21;1.11;27/09/2020
2018;Máster;Máster: Estudios Avanzados en Historia del Arte;Zaragoza;Facultad de Filosofía y Letras;Fuentes para la Historia del Arte Antiguo, Medieval y Moderno.;Normal;Obligatoria;66.67;63.64;95.45;22;14;21;1.00;27/09/2020
2018;Máster;Máster: Estudios Avanzados en Historia del Arte;Zaragoza;Facultad de Filosofía y Letras;Fuentes para la Historia del Arte Contemporáneo.;Normal;Obligatoria;100.00;95.45;95.45;22;21;21;1.14;27/09/2020
2018;Máster;Máster: Estudios Avanzados en Historia del Arte;Zaragoza;Facultad de Filosofía y Letras;Claves de la investigación del Arte Andalusí y Mudéjar;Normal;Optativa;100.00;100.00;100.00;15;15;15;1.00;27/09/2020
2018;Máster;Máster: Estudios Avanzados en Historia del Arte;Zaragoza;Facultad de Filosofía y Letras;Imágenes como relatos. De la pintura al videojuego;Normal;Optativa;76.92;76.92;100.00;13;10;13;1.20;27/09/2020
2018;Máster;Máster: Estudios Avanzados en Historia del Arte;Zaragoza;Facultad de Filosofía y Letras;Arte y sociedad en el mundo antiguo y medieval;Normal;Optativa;100.00;100.00;100.00;7;7;7;1.00;27/09/2020
2018;Máster;Máster: Estudios Avanzados en Historia del Arte;Zaragoza;Facultad de Filosofía y Letras;El espacio doméstico. De la Edad Media a la Contemporánea;Normal;Optativa;100.00;100.00;100.00;3;3;3;1.00;27/09/2020
2018;Máster;Máster: Estudios Avanzados en Historia del Arte;Zaragoza;Facultad de Filosofía y Letras;Arte en el espacio público;Normal;Optativa;100.00;100.00;100.00;2;2;2;1.00;27/09/2020
2018;Máster;Máster: Estudios Avanzados en Historia del Arte;Zaragoza;Facultad de Filosofía y Letras;Teoría e Historia de la arquitectura contemporánea;Normal;Optativa;100.00;100.00;100.00;2;2;2;1.00;27/09/2020
2018;Máster;Máster: Estudios Avanzados en Historia del Arte;Zaragoza;Facultad de Filosofía y Letras;Teoría e Historia de la restauración arquitectónica. Del monumento al paisaje;Normal;Optativa;75.00;75.00;100.00;4;3;4;1.00;27/09/2020
2018;Máster;Máster: Estudios Avanzados en Historia del Arte;Zaragoza;Facultad de Filosofía y Letras;Arte e interculturalidad. Europa, América y Asia Oriental: recepción, relaciones e intercambios;Normal;Optativa;100.00;100.00;100.00;17;17;17;1.00;27/09/2020
2018;Máster;Máster: Estudios Avanzados en Historia del Arte;Zaragoza;Facultad de Filosofía y Letras;Arte y cultura audiovisual de Asia Oriental y su impacto en occidente;Normal;Optativa;100.00;100.00;100.00;13;13;13;1.00;27/09/2020
2018;Máster;Máster: Estudios Avanzados en Historia del Arte;Zaragoza;Facultad de Filosofía y Letras;Dramaturgia musical y narración cinematográfica. Principios y procesos del relato audiovisual.;Normal;Optativa;30.00;30.00;100.00;10;3;10;1.00;27/09/2020
2018;Máster;Máster: Iniciación a la investigación en Medicina;Zaragoza;Facultad de Medicina;Método científico;Normal;Obligatoria;100.00;100.00;100.00;60;60;60;1.00;27/09/2020
2018;Máster;Máster: Iniciación a la investigación en Medicina;Zaragoza;Facultad de Medicina;Bioestadística. Epidemiología;Normal;Obligatoria;100.00;100.00;100.00;60;60;60;1.00;27/09/2020
2018;Máster;Máster: Iniciación a la investigación en Medicina;Zaragoza;Facultad de Medicina;Modelos de investigación médica;Normal;Obligatoria;100.00;100.00;100.00;60;60;60;1.00;27/09/2020
2018;Máster;Máster: Iniciación a la investigación en Medicina;Zaragoza;Facultad de Medicina;Investigación en medicina legal y toxicología;Normal;Optativa;100.00;98.08;98.08;52;51;51;1.00;27/09/2020
2018;Máster;Máster: Iniciación a la investigación en Medicina;Zaragoza;Facultad de Medicina;Investigación en radiología y medicina nuclear;Normal;Optativa;100.00;80.77;80.77;26;21;21;1.00;27/09/2020
2018;Máster;Máster: Iniciación a la investigación en Medicina;Zaragoza;Facultad de Medicina;Bioquímica clínica y farmacogenética;Normal;Optativa;100.00;100.00;100.00;10;10;10;1.00;27/09/2020
2018;Máster;Máster: Iniciación a la investigación en Medicina;Zaragoza;Facultad de Medicina;Morfología. Desarrollo. Biología;Normal;Optativa;100.00;93.88;93.88;49;46;46;1.00;27/09/2020
2018;Máster;Máster: Iniciación a la investigación en Medicina;Zaragoza;Facultad de Medicina;Investigación en microbiología, parasitología, inmunología;Normal;Optativa;100.00;60.00;60.00;15;9;9;1.00;27/09/2020
2018;Máster;Máster: Iniciación a la investigación en Medicina;Zaragoza;Facultad de Medicina;Cirugía oncológica;Normal;Optativa;100.00;88.89;88.89;9;8;8;1.00;27/09/2020
2018;Máster;Máster: Iniciación a la investigación en Medicina;Zaragoza;Facultad de Medicina;Investigación en psiquiatría;Normal;Optativa;100.00;80.00;80.00;5;4;4;1.00;27/09/2020
2018;Máster;Máster: Iniciación a la investigación en Medicina;Zaragoza;Facultad de Medicina;Iniciación a la investigación en microcirugía;Normal;Optativa;100.00;96.30;96.30;27;26;26;1.00;27/09/2020
2018;Máster;Máster: Iniciación a la investigación en Medicina;Zaragoza;Facultad de Medicina;Trabajo fin de Máster;Trabajo fin de máster;Trabajo fin de máster;100.00;96.77;96.77;62;60;60;1.00;27/09/2020
2018;Máster;Máster: Iniciación a la investigación en Medicina;Zaragoza;Facultad de Medicina;Investigación en especialidades  médicas;Normal;Obligatoria;100.00;100.00;100.00;60;60;60;1.00;27/09/2020
2018;Máster;Máster: Iniciación a la investigación en Medicina;Zaragoza;Facultad de Medicina;Iniciación a la investigación en pediatría;Normal;Optativa;100.00;100.00;100.00;7;7;7;1.00;27/09/2020
2018;Máster;Máster: Profesorado E.S.O., F.P. y Ens. Idiom, Art y Deport;Zaragoza;Facultad de Educación;Trabajo fin de Máster;Trabajo fin de máster;Trabajo fin de máster;99.37;80.41;80.92;587;472;475;1.01;27/09/2020
2018;Máster;Máster: Profesorado E.S.O., F.P. y Ens. Idiom, Art y Deport;Huesca;Facultad de Ciencias Humanas y de la Educación;Trabajo fin de Máster;Trabajo fin de máster;Trabajo fin de máster;96.15;73.53;76.47;34;25;26;1.12;27/09/2020
2018;Máster;Máster: Profesorado E.S.O., F.P. y Ens. Idiom, Art y Deport;Teruel;Facultad de Ciencias Sociales y Humanas de Teruel;Trabajo fin de Máster;Trabajo fin de máster;Trabajo fin de máster;95.83;79.31;82.76;29;23;24;1.04;27/09/2020
2018;Máster;Máster: Profesorado E.S.O., F.P. y Ens. Idiom, Art y Deport;Zaragoza;Facultad de Educación;Contexto de la actividad docente;Normal;Obligatoria;99.79;97.59;97.79;508;496;497;1.04;27/09/2020
2018;Máster;Máster: Profesorado E.S.O., F.P. y Ens. Idiom, Art y Deport;Huesca;Facultad de Ciencias Humanas y de la Educación;Contexto de la actividad docente;Normal;Obligatoria;100.00;100.00;100.00;29;29;29;1.00;27/09/2020
2018;Máster;Máster: Profesorado E.S.O., F.P. y Ens. Idiom, Art y Deport;Teruel;Facultad de Ciencias Sociales y Humanas de Teruel;Contexto de la actividad docente;Normal;Obligatoria;100.00;100.00;100.00;27;27;27;1.11;27/09/2020
2018;Máster;Máster: Profesorado E.S.O., F.P. y Ens. Idiom, Art y Deport;Zaragoza;Facultad de Educación;Interacción y convivencia en el aula;Normal;Obligatoria;99.18;97.59;98.39;506;494;498;1.05;27/09/2020
2018;Máster;Máster: Profesorado E.S.O., F.P. y Ens. Idiom, Art y Deport;Huesca;Facultad de Ciencias Humanas y de la Educación;Interacción y convivencia en el aula;Normal;Obligatoria;100.00;100.00;100.00;29;29;29;1.00;27/09/2020
2018;Máster;Máster: Profesorado E.S.O., F.P. y Ens. Idiom, Art y Deport;Teruel;Facultad de Ciencias Sociales y Humanas de Teruel;Interacción y convivencia en el aula;Normal;Obligatoria;100.00;100.00;100.00;27;27;27;1.00;27/09/2020
2018;Máster;Máster: Profesorado E.S.O., F.P. y Ens. Idiom, Art y Deport;Zaragoza;Facultad de Educación;Procesos de enseñanza-aprendizaje;Normal;Obligatoria;99.80;98.61;98.80;511;504;505;1.03;27/09/2020
2018;Máster;Máster: Profesorado E.S.O., F.P. y Ens. Idiom, Art y Deport;Huesca;Facultad de Ciencias Humanas y de la Educación;Procesos de enseñanza-aprendizaje;Normal;Obligatoria;100.00;100.00;100.00;29;29;29;1.00;27/09/2020
2018;Máster;Máster: Profesorado E.S.O., F.P. y Ens. Idiom, Art y Deport;Teruel;Facultad de Ciencias Sociales y Humanas de Teruel;Procesos de enseñanza-aprendizaje;Normal;Obligatoria;100.00;100.00;100.00;27;27;27;1.04;27/09/2020
2018;Máster;Máster: Profesorado E.S.O., F.P. y Ens. Idiom, Art y Deport;Zaragoza;Facultad de Educación;Practicum I. Integración y participación en el Centro y fundamentos del trabajo en el aula;Prácticas externas;Prácticas externas;100.00;98.15;98.15;487;478;478;1.00;27/09/2020
2018;Máster;Máster: Profesorado E.S.O., F.P. y Ens. Idiom, Art y Deport;Huesca;Facultad de Ciencias Humanas y de la Educación;Practicum I. Integración y participación en el Centro y fundamentos del trabajo en el aula;Prácticas externas;Prácticas externas;100.00;100.00;100.00;29;29;29;1.00;27/09/2020
2018;Máster;Máster: Profesorado E.S.O., F.P. y Ens. Idiom, Art y Deport;Teruel;Facultad de Ciencias Sociales y Humanas de Teruel;Practicum I. Integración y participación en el Centro y fundamentos del trabajo en el aula;Prácticas externas;Prácticas externas;96.30;96.30;100.00;27;26;27;1.15;27/09/2020
2018;Máster;Máster: Profesorado E.S.O., F.P. y Ens. Idiom, Art y Deport;Zaragoza;Facultad de Educación;Atención a los alumnos con necesidad específica de apoyo educativo;Normal;Optativa;100.00;98.15;98.15;108;106;106;1.01;27/09/2020
2018;Máster;Máster: Profesorado E.S.O., F.P. y Ens. Idiom, Art y Deport;Teruel;Facultad de Ciencias Sociales y Humanas de Teruel;Atención a los alumnos con necesidad específica de apoyo educativo;Normal;Optativa;;;;1;1;1;2.00;27/09/2020
2018;Máster;Máster: Profesorado E.S.O., F.P. y Ens. Idiom, Art y Deport;Zaragoza;Facultad de Educación;Educación emocional en el profesorado;Normal;Optativa;100.00;98.31;98.31;177;174;174;1.09;27/09/2020
2018;Máster;Máster: Profesorado E.S.O., F.P. y Ens. Idiom, Art y Deport;Zaragoza;Facultad de Educación;Habilidades del pensamiento. Desarrollo en el proceso de enseñanza-aprendizaje;Normal;Optativa;97.73;93.48;95.65;46;43;44;1.02;27/09/2020
2018;Máster;Máster: Profesorado E.S.O., F.P. y Ens. Idiom, Art y Deport;Zaragoza;Facultad de Educación;Prevención y resolución de conflictos;Normal;Optativa;98.14;95.76;97.58;173;166;169;1.04;27/09/2020
2018;Máster;Máster: Profesorado E.S.O., F.P. y Ens. Idiom, Art y Deport;Huesca;Facultad de Ciencias Humanas y de la Educación;Prevención y resolución de conflictos;Normal;Optativa;100.00;100.00;100.00;29;29;29;1.00;27/09/2020
2018;Máster;Máster: Profesorado E.S.O., F.P. y Ens. Idiom, Art y Deport;Teruel;Facultad de Ciencias Sociales y Humanas de Teruel;Prevención y resolución de conflictos;Normal;Optativa;100.00;100.00;100.00;26;26;26;1.00;27/09/2020
2018;Máster;Máster: Profesorado E.S.O., F.P. y Ens. Idiom, Art y Deport;Teruel;Facultad de Ciencias Sociales y Humanas de Teruel;Diseño curricular de Dibujo y Artes Plásticas.;Normal;Obligatoria;100.00;100.00;100.00;27;27;27;1.00;27/09/2020
2018;Máster;Máster: Profesorado E.S.O., F.P. y Ens. Idiom, Art y Deport;Huesca;Facultad de Ciencias Humanas y de la Educación;Diseño curricular de Educación Física;Normal;Obligatoria;100.00;100.00;100.00;29;29;29;1.00;27/09/2020
2018;Máster;Máster: Profesorado E.S.O., F.P. y Ens. Idiom, Art y Deport;Zaragoza;Facultad de Educación;Diseño curricular de Filosofía, Geografía e Historia y Economía;Normal;Obligatoria;91.61;89.12;97.28;147;131;143;1.20;27/09/2020
2018;Máster;Máster: Profesorado E.S.O., F.P. y Ens. Idiom, Art y Deport;Zaragoza;Facultad de Educación;Diseño curricular de Física y Química y Biología y Geología;Normal;Obligatoria;97.10;94.37;97.18;71;67;69;1.01;27/09/2020
2018;Máster;Máster: Profesorado E.S.O., F.P. y Ens. Idiom, Art y Deport;Zaragoza;Facultad de Educación;Diseño curricular de Formación Profesional;Normal;Obligatoria;100.00;100.00;100.00;87;87;87;1.00;27/09/2020
2018;Máster;Máster: Profesorado E.S.O., F.P. y Ens. Idiom, Art y Deport;Zaragoza;Facultad de Educación;Diseño curricular de Lengua Castellana y Literatura y de Latín y Griego;Normal;Obligatoria;100.00;100.00;100.00;37;37;37;1.00;27/09/2020
2018;Máster;Máster: Profesorado E.S.O., F.P. y Ens. Idiom, Art y Deport;Zaragoza;Facultad de Educación;Diseño curricular de Lenguas Extranjeras.;Normal;Obligatoria;98.65;93.59;94.87;78;73;74;1.22;27/09/2020
2018;Máster;Máster: Profesorado E.S.O., F.P. y Ens. Idiom, Art y Deport;Zaragoza;Facultad de Educación;Diseño curricular de Matemáticas, Informática y Tecnología;Normal;Obligatoria;97.87;92.00;94.00;50;46;47;1.00;27/09/2020
2018;Máster;Máster: Profesorado E.S.O., F.P. y Ens. Idiom, Art y Deport;Zaragoza;Facultad de Educación;Diseño curricular de Música y Danza;Normal;Obligatoria;100.00;100.00;100.00;15;15;15;1.00;27/09/2020
2018;Máster;Máster: Profesorado E.S.O., F.P. y Ens. Idiom, Art y Deport;Zaragoza;Facultad de Educación;Diseño curricular de Orientación Educativa;Normal;Obligatoria;100.00;100.00;100.00;29;29;29;1.00;27/09/2020
2018;Máster;Máster: Profesorado E.S.O., F.P. y Ens. Idiom, Art y Deport;Zaragoza;Facultad de Educación;Contenidos disciplinares de biología;Normal;Obligatoria;100.00;90.00;90.00;10;9;9;1.00;27/09/2020
2018;Máster;Máster: Profesorado E.S.O., F.P. y Ens. Idiom, Art y Deport;Teruel;Facultad de Ciencias Sociales y Humanas de Teruel;Contenidos disciplinares de Dibujo y Artes Plásticas;Normal;Obligatoria;100.00;100.00;100.00;26;26;26;1.00;27/09/2020
2018;Máster;Máster: Profesorado E.S.O., F.P. y Ens. Idiom, Art y Deport;Zaragoza;Facultad de Educación;Contenidos disciplinares de Economía y Administración de Empresas;Normal;Obligatoria;96.43;96.43;100.00;28;27;28;1.00;27/09/2020
2018;Máster;Máster: Profesorado E.S.O., F.P. y Ens. Idiom, Art y Deport;Huesca;Facultad de Ciencias Humanas y de la Educación;Contenidos disciplinares de Educación Física en E.S.O. y Bachillerato de Educación Física;Normal;Obligatoria;100.00;100.00;100.00;29;29;29;1.00;27/09/2020
2018;Máster;Máster: Profesorado E.S.O., F.P. y Ens. Idiom, Art y Deport;Huesca;Facultad de Ciencias Humanas y de la Educación;Contenidos disciplinares de Educación Física en Formación Profesional y  Enseñanzas Deportivas;Normal;Optativa;100.00;100.00;100.00;12;12;12;1.00;27/09/2020
2018;Máster;Máster: Profesorado E.S.O., F.P. y Ens. Idiom, Art y Deport;Zaragoza;Facultad de Educación;Contenidos disciplinares de Filosofía;Normal;Obligatoria;100.00;100.00;100.00;20;20;20;1.05;27/09/2020
2018;Máster;Máster: Profesorado E.S.O., F.P. y Ens. Idiom, Art y Deport;Zaragoza;Facultad de Educación;Contenidos disciplinares de Física;Normal;Obligatoria;100.00;94.44;94.44;18;17;17;1.06;27/09/2020
2018;Máster;Máster: Profesorado E.S.O., F.P. y Ens. Idiom, Art y Deport;Zaragoza;Facultad de Educación;Contenidos disciplinares de Geografía;Normal;Obligatoria;100.00;96.15;96.15;26;25;25;1.00;27/09/2020
2018;Máster;Máster: Profesorado E.S.O., F.P. y Ens. Idiom, Art y Deport;Zaragoza;Facultad de Educación;Contenidos disciplinares de Geología;Normal;Obligatoria;100.00;90.32;90.32;31;28;28;1.00;27/09/2020
2018;Máster;Máster: Profesorado E.S.O., F.P. y Ens. Idiom, Art y Deport;Zaragoza;Facultad de Educación;Contenidos disciplinares de Historia;Normal;Obligatoria;100.00;100.00;100.00;14;14;14;1.00;27/09/2020
2018;Máster;Máster: Profesorado E.S.O., F.P. y Ens. Idiom, Art y Deport;Zaragoza;Facultad de Educación;Contenidos disciplinares de Historia del Arte;Normal;Obligatoria;98.21;98.21;100.00;56;55;56;1.00;27/09/2020
2018;Máster;Máster: Profesorado E.S.O., F.P. y Ens. Idiom, Art y Deport;Zaragoza;Facultad de Educación;Contenidos disciplinares de Informática;Normal;Obligatoria;85.71;66.67;77.78;9;6;7;1.00;27/09/2020
2018;Máster;Máster: Profesorado E.S.O., F.P. y Ens. Idiom, Art y Deport;Zaragoza;Facultad de Educación;Contenidos disciplinares de Lengua Castellana;Normal;Obligatoria;100.00;100.00;100.00;31;31;31;1.00;27/09/2020
2018;Máster;Máster: Profesorado E.S.O., F.P. y Ens. Idiom, Art y Deport;Zaragoza;Facultad de Educación;Contenidos disciplinares de Literatura;Normal;Obligatoria;100.00;100.00;100.00;31;31;31;1.00;27/09/2020
2018;Máster;Máster: Profesorado E.S.O., F.P. y Ens. Idiom, Art y Deport;Zaragoza;Facultad de Educación;Contenidos disciplinares de Matemáticas;Normal;Obligatoria;100.00;93.10;93.10;29;27;27;1.00;27/09/2020
2018;Máster;Máster: Profesorado E.S.O., F.P. y Ens. Idiom, Art y Deport;Zaragoza;Facultad de Educación;Contenidos disciplinares para materias de Música en esp. de E.S.O./Bach. de Música y Danza/Enseñanzas de Rég. Especial;Normal;Obligatoria;93.75;88.24;94.12;17;15;16;1.00;27/09/2020
2018;Máster;Máster: Profesorado E.S.O., F.P. y Ens. Idiom, Art y Deport;Zaragoza;Facultad de Educación;Contenidos disciplinares de Química;Normal;Obligatoria;100.00;90.00;90.00;10;9;9;1.00;27/09/2020
2018;Máster;Máster: Profesorado E.S.O., F.P. y Ens. Idiom, Art y Deport;Zaragoza;Facultad de Educación;Contenidos disciplinares de Tecnología;Normal;Obligatoria;100.00;77.78;77.78;18;14;14;1.00;27/09/2020
2018;Máster;Máster: Profesorado E.S.O., F.P. y Ens. Idiom, Art y Deport;Zaragoza;Facultad de Educación;La comunicación oral en lengua francesa;Normal;Obligatoria;100.00;100.00;100.00;20;20;20;1.00;27/09/2020
2018;Máster;Máster: Profesorado E.S.O., F.P. y Ens. Idiom, Art y Deport;Zaragoza;Facultad de Educación;La comunicación oral en lengua inglesa;Normal;Obligatoria;100.00;95.00;95.00;60;57;57;1.00;27/09/2020
2018;Máster;Máster: Profesorado E.S.O., F.P. y Ens. Idiom, Art y Deport;Zaragoza;Facultad de Educación;El orientador y sus funciones básicas;Normal;Obligatoria;100.00;96.30;96.30;27;26;26;1.03;27/09/2020
2018;Máster;Máster: Profesorado E.S.O., F.P. y Ens. Idiom, Art y Deport;Zaragoza;Facultad de Educación;El Sistema Nacional de Cualificaciones y Formación Profesional;Normal;Obligatoria;100.00;98.81;98.81;84;83;83;1.01;27/09/2020
2018;Máster;Máster: Profesorado E.S.O., F.P. y Ens. Idiom, Art y Deport;Teruel;Facultad de Ciencias Sociales y Humanas de Teruel;Fundamentos de diseño instruccional y metodologías de aprendizaje en la especialidad de Dibujo y Artes Plásticas;Normal;Obligatoria;100.00;100.00;100.00;27;27;27;1.00;27/09/2020
2018;Máster;Máster: Profesorado E.S.O., F.P. y Ens. Idiom, Art y Deport;Huesca;Facultad de Ciencias Humanas y de la Educación;Fundamentos de diseño instruccional y metodologías de aprendizaje en la especialidad de Educación Física;Normal;Obligatoria;100.00;96.55;96.55;29;28;28;1.48;27/09/2020
2018;Máster;Máster: Profesorado E.S.O., F.P. y Ens. Idiom, Art y Deport;Zaragoza;Facultad de Educación;Fundamentos de diseño instruccional y metodologías de aprendizaje en las esp. de Filosofía, Geografía e Hª/Eco.y Empresa;Normal;Obligatoria;96.24;92.75;96.38;138;128;133;1.15;27/09/2020
2018;Máster;Máster: Profesorado E.S.O., F.P. y Ens. Idiom, Art y Deport;Zaragoza;Facultad de Educación;Fundamentos de diseño instruccional y metodologías de aprendizaje en las esp. de Fisica y Química y Biología y Geología;Normal;Obligatoria;100.00;95.89;95.89;73;70;70;1.00;27/09/2020
2018;Máster;Máster: Profesorado E.S.O., F.P. y Ens. Idiom, Art y Deport;Zaragoza;Facultad de Educación;Fundamentos de diseño instruccional y metodologías de aprendizaje en las esp. Lengua Castellana y Lit./Latín y Griego;Normal;Obligatoria;100.00;100.00;100.00;37;37;37;1.00;27/09/2020
2018;Máster;Máster: Profesorado E.S.O., F.P. y Ens. Idiom, Art y Deport;Zaragoza;Facultad de Educación;Fundamentos de diseño instruccional y metodologías de aprendizaje en la especialidad de Lenguas Extranjeras;Normal;Obligatoria;93.51;92.31;98.72;78;72;77;1.08;27/09/2020
2018;Máster;Máster: Profesorado E.S.O., F.P. y Ens. Idiom, Art y Deport;Zaragoza;Facultad de Educación;Fundamentos de diseño instruccional y metodologías de aprendizaje en las esp. de Matemáticas/Tecnología e Informática;Normal;Obligatoria;98.04;94.34;96.23;53;50;51;1.02;27/09/2020
2018;Máster;Máster: Profesorado E.S.O., F.P. y Ens. Idiom, Art y Deport;Zaragoza;Facultad de Educación;Fundamentos de diseño instruccional y metodologías de aprendizaje en la especialidad de Música y Danza;Normal;Obligatoria;100.00;100.00;100.00;15;15;15;1.00;27/09/2020
2018;Máster;Máster: Profesorado E.S.O., F.P. y Ens. Idiom, Art y Deport;Zaragoza;Facultad de Educación;Fundamentos de diseño instruccional y metodologías de aprendizaje en la especialidad de Orientación Educativa;Normal;Obligatoria;100.00;100.00;100.00;29;29;29;1.00;27/09/2020
2018;Máster;Máster: Profesorado E.S.O., F.P. y Ens. Idiom, Art y Deport;Zaragoza;Facultad de Educación;Fundamentos de diseño instruccional y metodologías de aprendizaje en las especialidades de Formación Profesional;Normal;Obligatoria;100.00;98.89;98.89;90;89;89;1.01;27/09/2020
2018;Máster;Máster: Profesorado E.S.O., F.P. y Ens. Idiom, Art y Deport;Zaragoza;Facultad de Educación;Diseño, organización y desarrollo actividades para el aprendizaje de la Admón, Comercio, Hostelería, Informát y F.O.L.;Normal;Obligatoria;100.00;100.00;100.00;29;29;29;1.00;27/09/2020
2018;Máster;Máster: Profesorado E.S.O., F.P. y Ens. Idiom, Art y Deport;Zaragoza;Facultad de Educación;Diseño, organización y desarrollo de actividades para el aprendizaje de Biología y Geología;Normal;Obligatoria;100.00;92.86;92.86;42;39;39;1.05;27/09/2020
2018;Máster;Máster: Profesorado E.S.O., F.P. y Ens. Idiom, Art y Deport;Teruel;Facultad de Ciencias Sociales y Humanas de Teruel;Diseño, organización y desarrollo de actividades para el aprendizaje de Dibujo y Artes Plásticas;Normal;Obligatoria;100.00;100.00;100.00;26;26;26;1.00;27/09/2020
2018;Máster;Máster: Profesorado E.S.O., F.P. y Ens. Idiom, Art y Deport;Zaragoza;Facultad de Educación;Diseño, organización y desarrollo de actividades para el aprendizaje de Economía y la Empresa.;Normal;Obligatoria;100.00;93.10;93.10;29;27;27;1.00;27/09/2020
2018;Máster;Máster: Profesorado E.S.O., F.P. y Ens. Idiom, Art y Deport;Huesca;Facultad de Ciencias Humanas y de la Educación;Diseño, organización y desarrollo de actividades para el aprendizaje de Educación Física;Normal;Obligatoria;100.00;100.00;100.00;30;30;30;1.10;27/09/2020
2018;Máster;Máster: Profesorado E.S.O., F.P. y Ens. Idiom, Art y Deport;Zaragoza;Facultad de Educación;Diseño, organización y desarrollo de actividades para el aprendizaje de Filosofía;Normal;Obligatoria;100.00;95.24;95.24;21;20;20;1.00;27/09/2020
2018;Máster;Máster: Profesorado E.S.O., F.P. y Ens. Idiom, Art y Deport;Zaragoza;Facultad de Educación;Diseño, organización y desarrollo de actividades para el aprendizaje de Física y Química;Normal;Obligatoria;100.00;93.75;93.75;32;30;30;1.10;27/09/2020
2018;Máster;Máster: Profesorado E.S.O., F.P. y Ens. Idiom, Art y Deport;Zaragoza;Facultad de Educación;Diseño, organización y desarrollo de actividades para el aprendizaje de Francés;Normal;Obligatoria;100.00;100.00;100.00;20;20;20;1.00;27/09/2020
2018;Máster;Máster: Profesorado E.S.O., F.P. y Ens. Idiom, Art y Deport;Zaragoza;Facultad de Educación;Diseño, organización y desarrollo de actividades para el aprendizaje de Geografía e Historia;Normal;Obligatoria;96.55;93.33;96.67;90;84;87;1.05;27/09/2020
2018;Máster;Máster: Profesorado E.S.O., F.P. y Ens. Idiom, Art y Deport;Zaragoza;Facultad de Educación;Diseño, organización y desarrollo de actividades para el aprendizaje de Informática y Tecnología;Normal;Obligatoria;100.00;88.46;88.46;26;23;23;1.00;27/09/2020
2018;Máster;Máster: Profesorado E.S.O., F.P. y Ens. Idiom, Art y Deport;Zaragoza;Facultad de Educación;Diseño, organización y desarrollo de actividades para el aprendizaje de Inglés;Normal;Obligatoria;100.00;94.83;94.83;58;55;55;1.00;27/09/2020
2018;Máster;Máster: Profesorado E.S.O., F.P. y Ens. Idiom, Art y Deport;Zaragoza;Facultad de Educación;Diseño, organización y desarrollo de actividades para el aprendizaje de Lengua Castellana y Literatura;Normal;Obligatoria;100.00;100.00;100.00;36;36;36;1.00;27/09/2020
2018;Máster;Máster: Profesorado E.S.O., F.P. y Ens. Idiom, Art y Deport;Zaragoza;Facultad de Educación;Diseño, organización y desarrollo de actividades para el aprendizaje de Matemáticas;Normal;Obligatoria;96.30;92.86;96.43;28;26;27;1.04;27/09/2020
2018;Máster;Máster: Profesorado E.S.O., F.P. y Ens. Idiom, Art y Deport;Zaragoza;Facultad de Educación;Diseño, organización y desarrollo de actividades para el aprendizaje de Música en E.S.O. y Bachillerato;Normal;Obligatoria;100.00;88.24;88.24;17;15;15;1.00;27/09/2020
2018;Máster;Máster: Profesorado E.S.O., F.P. y Ens. Idiom, Art y Deport;Zaragoza;Facultad de Educación;Diseño, organización y desarrollo de actividades para el aprendizaje de Procesos Industriales;Normal;Obligatoria;100.00;100.00;100.00;29;29;29;1.00;27/09/2020
2018;Máster;Máster: Profesorado E.S.O., F.P. y Ens. Idiom, Art y Deport;Zaragoza;Facultad de Educación;Diseño, organización y desarrollo de actividades para el aprendizaje de los Procesos Químicos, Sanitarios, Agrarios...;Normal;Obligatoria;100.00;93.94;93.94;33;31;31;1.00;27/09/2020
2018;Máster;Máster: Profesorado E.S.O., F.P. y Ens. Idiom, Art y Deport;Zaragoza;Facultad de Educación;La orientación educativa: estrategias y procesos de trabajo;Normal;Obligatoria;100.00;100.00;100.00;27;27;27;1.00;27/09/2020
2018;Máster;Máster: Profesorado E.S.O., F.P. y Ens. Idiom, Art y Deport;Zaragoza;Facultad de Educación;El entorno productivo de Administración, Comercio, Hostelería e Informática;Normal;Obligatoria;100.00;100.00;100.00;29;29;29;1.03;27/09/2020
2018;Máster;Máster: Profesorado E.S.O., F.P. y Ens. Idiom, Art y Deport;Zaragoza;Facultad de Educación;El entorno productivo de Procesos Industriales;Normal;Obligatoria;100.00;100.00;100.00;30;30;30;1.00;27/09/2020
2018;Máster;Máster: Profesorado E.S.O., F.P. y Ens. Idiom, Art y Deport;Zaragoza;Facultad de Educación;El entorno productivo de los Procesos Químicos, Sanitarios, Agrarios...;Normal;Obligatoria;100.00;96.77;96.77;31;30;30;1.00;27/09/2020
2018;Máster;Máster: Profesorado E.S.O., F.P. y Ens. Idiom, Art y Deport;Zaragoza;Facultad de Educación;Evaluación e innovación docente e investigación educativa en Admón, Comercio, Hostelería, Informática y F.O.L.;Normal;Obligatoria;96.55;96.55;100.00;29;28;29;1.11;27/09/2020
2018;Máster;Máster: Profesorado E.S.O., F.P. y Ens. Idiom, Art y Deport;Zaragoza;Facultad de Educación;Evaluación e innovación docente e investigación educativa en Biología y Geología;Normal;Obligatoria;100.00;92.86;92.86;42;39;39;1.05;27/09/2020
2018;Máster;Máster: Profesorado E.S.O., F.P. y Ens. Idiom, Art y Deport;Teruel;Facultad de Ciencias Sociales y Humanas de Teruel;Evaluación e innovación docente e investigación educativa en Dibujo y Artes Plásticas;Normal;Obligatoria;100.00;100.00;100.00;26;26;26;1.00;27/09/2020
2018;Máster;Máster: Profesorado E.S.O., F.P. y Ens. Idiom, Art y Deport;Zaragoza;Facultad de Educación;Evaluación e innovación docente e investigación educativa en Economía y la Empresa;Normal;Obligatoria;100.00;96.55;96.55;29;28;28;1.11;27/09/2020
2018;Máster;Máster: Profesorado E.S.O., F.P. y Ens. Idiom, Art y Deport;Huesca;Facultad de Ciencias Humanas y de la Educación;Evaluación e innovación docente e investigación educativa en Educación Física;Normal;Obligatoria;100.00;100.00;100.00;29;29;29;1.00;27/09/2020
2018;Máster;Máster: Profesorado E.S.O., F.P. y Ens. Idiom, Art y Deport;Zaragoza;Facultad de Educación;Evaluación e innovación docente e investigación educativa en Filosofía;Normal;Obligatoria;100.00;100.00;100.00;20;20;20;1.00;27/09/2020
2018;Máster;Máster: Profesorado E.S.O., F.P. y Ens. Idiom, Art y Deport;Zaragoza;Facultad de Educación;Evaluación e innovación docente e investigación educativa en Física y Química;Normal;Obligatoria;100.00;93.75;93.75;32;30;30;1.00;27/09/2020
2018;Máster;Máster: Profesorado E.S.O., F.P. y Ens. Idiom, Art y Deport;Zaragoza;Facultad de Educación;Evaluación e innovación docente e investigación educativa en Francés;Normal;Obligatoria;100.00;100.00;100.00;20;20;20;1.00;27/09/2020
2018;Máster;Máster: Profesorado E.S.O., F.P. y Ens. Idiom, Art y Deport;Zaragoza;Facultad de Educación;Evaluación e innovación docente e investigación educativa en Geografía e Historia.;Normal;Obligatoria;94.25;92.13;97.75;89;82;87;1.13;27/09/2020
2018;Máster;Máster: Profesorado E.S.O., F.P. y Ens. Idiom, Art y Deport;Zaragoza;Facultad de Educación;Evaluación e innovación docente e investigación educativa en Informática y Tecnología;Normal;Obligatoria;100.00;76.92;76.92;26;20;20;1.00;27/09/2020
2018;Máster;Máster: Profesorado E.S.O., F.P. y Ens. Idiom, Art y Deport;Zaragoza;Facultad de Educación;Evaluación e innovación docente e investigación educativa en Inglés;Normal;Obligatoria;100.00;95.00;95.00;60;57;57;1.00;27/09/2020
2018;Máster;Máster: Profesorado E.S.O., F.P. y Ens. Idiom, Art y Deport;Zaragoza;Facultad de Educación;Evaluación e innovación docente e investigación educativa en Lengua Castellana y Literatura;Normal;Obligatoria;100.00;100.00;100.00;37;37;37;1.00;27/09/2020
2018;Máster;Máster: Profesorado E.S.O., F.P. y Ens. Idiom, Art y Deport;Zaragoza;Facultad de Educación;Evaluación e innovación docente e investigación educativa en Matemáticas;Normal;Obligatoria;100.00;93.10;93.10;29;27;27;1.00;27/09/2020
2018;Máster;Máster: Profesorado E.S.O., F.P. y Ens. Idiom, Art y Deport;Zaragoza;Facultad de Educación;Evaluación e innovación docente e investigación educativa en Música y Danza;Normal;Obligatoria;100.00;93.75;93.75;16;15;15;1.00;27/09/2020
2018;Máster;Máster: Profesorado E.S.O., F.P. y Ens. Idiom, Art y Deport;Zaragoza;Facultad de Educación;Evaluación e innovación docente e investigación educativa en Orientación Educativa;Normal;Obligatoria;100.00;96.43;96.43;28;27;27;1.03;27/09/2020
2018;Máster;Máster: Profesorado E.S.O., F.P. y Ens. Idiom, Art y Deport;Zaragoza;Facultad de Educación;Evaluación e innovación docente e investigación educativa en Procesos Industriales;Normal;Obligatoria;100.00;100.00;100.00;29;29;29;1.00;27/09/2020
2018;Máster;Máster: Profesorado E.S.O., F.P. y Ens. Idiom, Art y Deport;Zaragoza;Facultad de Educación;Evaluación e innovación docente e investigación educativa en ámbito de la esp. Procesos Químicos, Sanitarios, Agrarios..;Normal;Obligatoria;100.00;93.94;93.94;33;31;31;1.00;27/09/2020
2018;Máster;Máster: Profesorado E.S.O., F.P. y Ens. Idiom, Art y Deport;Zaragoza;Facultad de Educación;Diseño de materiales para la educación a distancia;Normal;Optativa;100.00;97.30;97.30;37;36;36;1.00;27/09/2020
2018;Máster;Máster: Profesorado E.S.O., F.P. y Ens. Idiom, Art y Deport;Zaragoza;Facultad de Educación;Educación secundaria para personas adultas;Normal;Optativa;100.00;95.74;95.74;47;45;45;1.02;27/09/2020
2018;Máster;Máster: Profesorado E.S.O., F.P. y Ens. Idiom, Art y Deport;Zaragoza;Facultad de Educación;Enseñanza del español como lengua de aprendizaje para alumnado inmigrante;Normal;Optativa;100.00;98.11;98.11;53;52;52;1.02;27/09/2020
2018;Máster;Máster: Profesorado E.S.O., F.P. y Ens. Idiom, Art y Deport;Zaragoza;Facultad de Educación;Habilidades comunicativas para profesores;Normal;Optativa;100.00;95.17;95.17;147;140;140;1.01;27/09/2020
2018;Máster;Máster: Profesorado E.S.O., F.P. y Ens. Idiom, Art y Deport;Huesca;Facultad de Ciencias Humanas y de la Educación;Habilidades comunicativas para profesores;Normal;Optativa;100.00;100.00;100.00;13;13;13;1.00;27/09/2020
2018;Máster;Máster: Profesorado E.S.O., F.P. y Ens. Idiom, Art y Deport;Teruel;Facultad de Ciencias Sociales y Humanas de Teruel;Habilidades comunicativas para profesores;Normal;Optativa;100.00;96.30;96.30;27;26;26;1.00;27/09/2020
2018;Máster;Máster: Profesorado E.S.O., F.P. y Ens. Idiom, Art y Deport;Zaragoza;Facultad de Educación;Recursos didácticos para la enseñanza de materias en lengua extranjera - Francés;Normal;Optativa;100.00;100.00;100.00;13;13;13;1.00;27/09/2020
2018;Máster;Máster: Profesorado E.S.O., F.P. y Ens. Idiom, Art y Deport;Zaragoza;Facultad de Educación;Recursos didácticos para la enseñanza de materias en lengua extranjera - Inglés;Normal;Optativa;100.00;94.74;94.74;57;54;54;1.00;27/09/2020
2018;Máster;Máster: Profesorado E.S.O., F.P. y Ens. Idiom, Art y Deport;Zaragoza;Facultad de Educación;Tecnologías de información y comunicación para el aprendizaje;Normal;Optativa;100.00;96.77;96.77;124;120;120;1.02;27/09/2020
2018;Máster;Máster: Profesorado E.S.O., F.P. y Ens. Idiom, Art y Deport;Huesca;Facultad de Ciencias Humanas y de la Educación;Tecnologías de información y comunicación para el aprendizaje;Normal;Optativa;100.00;100.00;100.00;4;4;4;1.00;27/09/2020
2018;Máster;Máster: Profesorado E.S.O., F.P. y Ens. Idiom, Art y Deport;Teruel;Facultad de Ciencias Sociales y Humanas de Teruel;Tecnologías de información y comunicación para el aprendizaje;Normal;Optativa;;;;0;0;0;1.00;27/09/2020
2018;Máster;Máster: Profesorado E.S.O., F.P. y Ens. Idiom, Art y Deport;Zaragoza;Facultad de Educación;Practicum 2: Diseño curricular y actividades de aprendizaje en el ámbito de esp. Admón, Comercio, Host, Informat, FOL;Prácticas externas;Prácticas externas;100.00;100.00;100.00;27;27;27;1.00;27/09/2020
2018;Máster;Máster: Profesorado E.S.O., F.P. y Ens. Idiom, Art y Deport;Zaragoza;Facultad de Educación;Prácticum 2: Diseño curricular y actividades de aprendizaje en Biología y Geología;Prácticas externas;Prácticas externas;100.00;97.44;97.44;39;38;38;1.00;27/09/2020
2018;Máster;Máster: Profesorado E.S.O., F.P. y Ens. Idiom, Art y Deport;Teruel;Facultad de Ciencias Sociales y Humanas de Teruel;Prácticum 2: Diseño curricular y actividades de aprendizaje en Dibujo y Artes Plásticas;Prácticas externas;Prácticas externas;100.00;100.00;100.00;26;26;26;1.00;27/09/2020
2018;Máster;Máster: Profesorado E.S.O., F.P. y Ens. Idiom, Art y Deport;Zaragoza;Facultad de Educación;Prácticum 2: Diseño curricular y actividades de aprendizaje en Economía y Empresa;Prácticas externas;Prácticas externas;100.00;100.00;100.00;28;28;28;1.04;27/09/2020
2018;Máster;Máster: Profesorado E.S.O., F.P. y Ens. Idiom, Art y Deport;Huesca;Facultad de Ciencias Humanas y de la Educación;Prácticum 2: Diseño curricular y actividades de aprendizaje en Educación Física;Prácticas externas;Prácticas externas;100.00;96.55;96.55;29;28;28;1.00;27/09/2020
2018;Máster;Máster: Profesorado E.S.O., F.P. y Ens. Idiom, Art y Deport;Zaragoza;Facultad de Educación;Prácticum 2: Diseño curricular y actividades de aprendizaje en Filosofía;Prácticas externas;Prácticas externas;100.00;100.00;100.00;20;20;20;1.00;27/09/2020
2018;Máster;Máster: Profesorado E.S.O., F.P. y Ens. Idiom, Art y Deport;Zaragoza;Facultad de Educación;Prácticum 2: Diseño curricular y actividades de aprendizaje en Física y Química;Prácticas externas;Prácticas externas;100.00;96.67;96.67;30;29;29;1.00;27/09/2020
2018;Máster;Máster: Profesorado E.S.O., F.P. y Ens. Idiom, Art y Deport;Zaragoza;Facultad de Educación;Prácticum 2: Diseño curricular y actividades de aprendizaje en Geografía e Historia;Prácticas externas;Prácticas externas;98.81;97.65;98.82;85;83;84;1.05;27/09/2020
2018;Máster;Máster: Profesorado E.S.O., F.P. y Ens. Idiom, Art y Deport;Zaragoza;Facultad de Educación;Prácticum 2: Diseño curricular y actividades de aprendizaje en Lengua Castellana y Literatura;Prácticas externas;Prácticas externas;100.00;97.30;97.30;37;36;36;1.00;27/09/2020
2018;Máster;Máster: Profesorado E.S.O., F.P. y Ens. Idiom, Art y Deport;Zaragoza;Facultad de Educación;Prácticum 2: Diseño curricular y actividades de aprendizaje en Lenguas Extranjeras - Francés;Prácticas externas;Prácticas externas;100.00;100.00;100.00;15;15;15;1.00;27/09/2020
2018;Máster;Máster: Profesorado E.S.O., F.P. y Ens. Idiom, Art y Deport;Zaragoza;Facultad de Educación;Prácticum 2: Diseño curricular y actividades de aprendizaje en Lenguas Extranjeras - Inglés;Prácticas externas;Prácticas externas;100.00;95.16;95.16;62;59;59;1.08;27/09/2020
2018;Máster;Máster: Profesorado E.S.O., F.P. y Ens. Idiom, Art y Deport;Zaragoza;Facultad de Educación;Prácticum 2: Diseño curricular y actividades de aprendizaje en Matemáticas;Prácticas externas;Prácticas externas;100.00;92.86;92.86;28;26;26;1.00;27/09/2020
2018;Máster;Máster: Profesorado E.S.O., F.P. y Ens. Idiom, Art y Deport;Zaragoza;Facultad de Educación;Prácticum 2: Diseño curricular y actividades de aprendizaje en Música y Danza;Prácticas externas;Prácticas externas;100.00;93.33;93.33;15;14;14;1.00;27/09/2020
2018;Máster;Máster: Profesorado E.S.O., F.P. y Ens. Idiom, Art y Deport;Zaragoza;Facultad de Educación;Prácticum 2: Diseño curricular y actividades de aprendizaje en Orientación Educativa;Prácticas externas;Prácticas externas;100.00;100.00;100.00;30;30;30;1.00;27/09/2020
2018;Máster;Máster: Profesorado E.S.O., F.P. y Ens. Idiom, Art y Deport;Zaragoza;Facultad de Educación;Prácticum 2: Diseño curricular y actividades de aprendizaje en Procesos Industriales;Prácticas externas;Prácticas externas;100.00;100.00;100.00;30;30;30;1.00;27/09/2020
2018;Máster;Máster: Profesorado E.S.O., F.P. y Ens. Idiom, Art y Deport;Zaragoza;Facultad de Educación;Practicum 2: Diseño curricular y actividades de aprendizaje en el ámbito de esp. Procesos Químicos,Sanitarios,Agrarios..;Prácticas externas;Prácticas externas;100.00;96.55;96.55;29;28;28;1.00;27/09/2020
2018;Máster;Máster: Profesorado E.S.O., F.P. y Ens. Idiom, Art y Deport;Zaragoza;Facultad de Educación;Prácticum 2: Diseño curricular y actividades de aprendizaje en Tecnología e Informática;Prácticas externas;Prácticas externas;100.00;70.83;70.83;24;17;17;1.00;27/09/2020
2018;Máster;Máster: Profesorado E.S.O., F.P. y Ens. Idiom, Art y Deport;Zaragoza;Facultad de Educación;Practicum 3: Evalu. e innov. docencia e investigación educativa en ámbito esp. Admón, Comercio, Host, Inform. y FOL;Prácticas externas;Prácticas externas;100.00;96.55;96.55;29;28;28;1.04;27/09/2020
2018;Máster;Máster: Profesorado E.S.O., F.P. y Ens. Idiom, Art y Deport;Zaragoza;Facultad de Educación;Prácticum 3: Evaluación e innovación de la docencia e investigación educativa en Biología y Geología;Prácticas externas;Prácticas externas;100.00;97.44;97.44;39;38;38;1.00;27/09/2020
2018;Máster;Máster: Profesorado E.S.O., F.P. y Ens. Idiom, Art y Deport;Teruel;Facultad de Ciencias Sociales y Humanas de Teruel;Prácticum 3: Evaluación e innovación de la docencia e investigación educativa en Dibujo y Artes Plásticas;Prácticas externas;Prácticas externas;100.00;100.00;100.00;26;26;26;1.00;27/09/2020
2018;Máster;Máster: Profesorado E.S.O., F.P. y Ens. Idiom, Art y Deport;Zaragoza;Facultad de Educación;Prácticum 3: Evaluación e innovación de la docencia e investigación educativa en Economía y Empresa;Prácticas externas;Prácticas externas;100.00;100.00;100.00;28;28;28;1.04;27/09/2020
2018;Máster;Máster: Profesorado E.S.O., F.P. y Ens. Idiom, Art y Deport;Huesca;Facultad de Ciencias Humanas y de la Educación;Prácticum 3: Evaluación e innovación de la docencia e investigación educativa en Educación Física;Prácticas externas;Prácticas externas;100.00;96.55;96.55;29;28;28;1.00;27/09/2020
2018;Máster;Máster: Profesorado E.S.O., F.P. y Ens. Idiom, Art y Deport;Zaragoza;Facultad de Educación;Prácticum 3: Evaluación e innovación de la docencia e investigación educativa en Filosofía;Prácticas externas;Prácticas externas;100.00;100.00;100.00;20;20;20;1.00;27/09/2020
2018;Máster;Máster: Profesorado E.S.O., F.P. y Ens. Idiom, Art y Deport;Zaragoza;Facultad de Educación;Prácticum 3: Evaluación e innovación de la docencia e investigación educativa en Física y Química;Prácticas externas;Prácticas externas;100.00;96.67;96.67;30;29;29;1.00;27/09/2020
2018;Máster;Máster: Profesorado E.S.O., F.P. y Ens. Idiom, Art y Deport;Zaragoza;Facultad de Educación;Prácticum 3: Evaluación e innovación de la docencia e investigación educativa en Geografía e Historia;Prácticas externas;Prácticas externas;97.62;96.47;98.82;85;82;84;1.07;27/09/2020
2018;Máster;Máster: Profesorado E.S.O., F.P. y Ens. Idiom, Art y Deport;Zaragoza;Facultad de Educación;Prácticum 3: Evaluación e innovación de la docencia e investigación educativa en Lengua Castellana y Literatura;Prácticas externas;Prácticas externas;100.00;97.30;97.30;37;36;36;1.00;27/09/2020
2018;Máster;Máster: Profesorado E.S.O., F.P. y Ens. Idiom, Art y Deport;Zaragoza;Facultad de Educación;Prácticum 3: Evaluación e innovación de la docencia e investigación educativa en Lenguas Extranjeras - Francés;Prácticas externas;Prácticas externas;100.00;100.00;100.00;20;20;20;1.00;27/09/2020
2018;Máster;Máster: Profesorado E.S.O., F.P. y Ens. Idiom, Art y Deport;Zaragoza;Facultad de Educación;Prácticum 3: Evaluación e innovación de la docencia e investigación educativa en Lenguas Extranjeras - Inglés;Prácticas externas;Prácticas externas;100.00;95.16;95.16;62;59;59;1.14;27/09/2020
2018;Máster;Máster: Profesorado E.S.O., F.P. y Ens. Idiom, Art y Deport;Zaragoza;Facultad de Educación;Prácticum 3: Evaluación e innovación de la docencia e investigación educativa en Matemáticas;Prácticas externas;Prácticas externas;100.00;92.86;92.86;28;26;26;1.00;27/09/2020
2018;Máster;Máster: Profesorado E.S.O., F.P. y Ens. Idiom, Art y Deport;Zaragoza;Facultad de Educación;Prácticum 3: Evaluación e innovación de la docencia e investigación educativa en Música y Danza;Prácticas externas;Prácticas externas;100.00;93.75;93.75;16;15;15;1.00;27/09/2020
2018;Máster;Máster: Profesorado E.S.O., F.P. y Ens. Idiom, Art y Deport;Zaragoza;Facultad de Educación;Prácticum 3: Evaluación e innovación de la docencia e investigación educativa en Orientación Educativa;Prácticas externas;Prácticas externas;100.00;100.00;100.00;30;30;30;1.00;27/09/2020
2018;Máster;Máster: Profesorado E.S.O., F.P. y Ens. Idiom, Art y Deport;Zaragoza;Facultad de Educación;Prácticum 3: Evaluación e innovación de la docencia e investigación educativa en Procesos Industriales;Prácticas externas;Prácticas externas;100.00;100.00;100.00;31;31;31;1.00;27/09/2020
2018;Máster;Máster: Profesorado E.S.O., F.P. y Ens. Idiom, Art y Deport;Zaragoza;Facultad de Educación;Practicum 3: Evaluación e innovación de la docencia e invest. educativa en ámbito esp. Procesos Químicos, Sanitarios...;Prácticas externas;Prácticas externas;100.00;96.97;96.97;33;32;32;1.00;27/09/2020
2018;Máster;Máster: Profesorado E.S.O., F.P. y Ens. Idiom, Art y Deport;Zaragoza;Facultad de Educación;Prácticum 3: Evaluación e innovación de la docencia e investigación educativa en Tecnología e Informática;Prácticas externas;Prácticas externas;100.00;70.83;70.83;24;17;17;1.00;27/09/2020
2018;Máster;Máster: Dirección y Gestión de Adquisiciones de Sistemas para la Defensa;Zaragoza;Centro Universitario de la Defensa de Zaragoza;Política de adquisiciones de sistemas para la defensa;Normal;Obligatoria;100.00;100.00;100.00;24;24;24;1.00;27/09/2020
2018;Máster;Máster: Dirección y Gestión de Adquisiciones de Sistemas para la Defensa;Zaragoza;Centro Universitario de la Defensa de Zaragoza;Gestión pública;Normal;Obligatoria;100.00;100.00;100.00;25;25;25;1.00;27/09/2020
2018;Máster;Máster: Dirección y Gestión de Adquisiciones de Sistemas para la Defensa;Zaragoza;Centro Universitario de la Defensa de Zaragoza;Dirección y gestión logística;Normal;Obligatoria;100.00;100.00;100.00;31;31;31;1.00;27/09/2020
2018;Máster;Máster: Dirección y Gestión de Adquisiciones de Sistemas para la Defensa;Zaragoza;Centro Universitario de la Defensa de Zaragoza;Presupuestación y contratación;Normal;Obligatoria;100.00;100.00;100.00;29;29;29;1.00;27/09/2020
2018;Máster;Máster: Dirección y Gestión de Adquisiciones de Sistemas para la Defensa;Zaragoza;Centro Universitario de la Defensa de Zaragoza;Dirección y gestión de proyectos;Normal;Obligatoria;100.00;100.00;100.00;22;22;22;1.00;27/09/2020
2018;Máster;Máster: Dirección y Gestión de Adquisiciones de Sistemas para la Defensa;Zaragoza;Centro Universitario de la Defensa de Zaragoza;Dirección y gestión de programas de adquisición específicos de la DGAM;Normal;Obligatoria;100.00;100.00;100.00;23;23;23;1.00;27/09/2020
2018;Máster;Máster: Dirección y Gestión de Adquisiciones de Sistemas para la Defensa;Zaragoza;Centro Universitario de la Defensa de Zaragoza;Relaciones internacionales en adquisiciones de sistemas para la defensa;Normal;Obligatoria;100.00;100.00;100.00;31;31;31;1.00;27/09/2020
2018;Máster;Máster: Dirección y Gestión de Adquisiciones de Sistemas para la Defensa;Zaragoza;Centro Universitario de la Defensa de Zaragoza;Trabajo fin de Máster;Trabajo fin de máster;Trabajo fin de máster;100.00;96.77;96.77;31;30;30;1.00;27/09/2020
2018;Máster;Máster: Salud pública;Zaragoza;Facultad de Medicina;Trabajo fin de Máster;Trabajo fin de máster;Trabajo fin de máster;100.00;76.92;76.92;26;20;20;1.00;27/09/2020
2018;Máster;Máster: Salud pública;Zaragoza;Facultad de Medicina;Introducción a la Salud Pública;Normal;Obligatoria;100.00;100.00;100.00;16;16;16;1.00;27/09/2020
2018;Máster;Máster: Salud pública;Zaragoza;Facultad de Medicina;Metodología en Salud Pública I;Normal;Obligatoria;100.00;100.00;100.00;17;17;17;1.06;27/09/2020
2018;Máster;Máster: Salud pública;Zaragoza;Facultad de Medicina;Metodología en Salud Pública II;Normal;Obligatoria;100.00;100.00;100.00;16;16;16;1.00;27/09/2020
2018;Máster;Máster: Salud pública;Zaragoza;Facultad de Medicina;Planificación, evaluación y gestión sanitaria;Normal;Obligatoria;100.00;100.00;100.00;18;18;18;1.00;27/09/2020
2018;Máster;Máster: Salud pública;Zaragoza;Facultad de Medicina;Prevención de la enfermedad, promoción y protección de la salud;Normal;Obligatoria;100.00;100.00;100.00;17;17;17;1.00;27/09/2020
2018;Máster;Máster: Salud pública;Zaragoza;Facultad de Medicina;Estadística avanzada;Normal;Optativa;100.00;100.00;100.00;5;5;5;1.00;27/09/2020
2018;Máster;Máster: Salud pública;Zaragoza;Facultad de Medicina;Epidemiología avanzada;Normal;Optativa;100.00;100.00;100.00;5;5;5;1.00;27/09/2020
2018;Máster;Máster: Salud pública;Zaragoza;Facultad de Medicina;Farmacoepidemiología;Normal;Optativa;100.00;100.00;100.00;9;9;9;1.00;27/09/2020
2018;Máster;Máster: Salud pública;Zaragoza;Facultad de Medicina;Farmacovigilancia y uso racional del medicamento;Normal;Optativa;100.00;100.00;100.00;14;14;14;1.00;27/09/2020
2018;Máster;Máster: Salud pública;Zaragoza;Facultad de Medicina;Sistemas de análisis y evaluación de los riesgos alimentarios;Normal;Optativa;100.00;100.00;100.00;10;10;10;1.00;27/09/2020
2018;Máster;Máster: Salud pública;Zaragoza;Facultad de Medicina;Evaluación de servicios sanitarios;Normal;Optativa;100.00;100.00;100.00;15;15;15;1.00;27/09/2020
2018;Máster;Máster: Salud pública;Zaragoza;Facultad de Medicina;Calidad y seguridad en los servicios sanitarios;Normal;Optativa;100.00;100.00;100.00;13;13;13;1.00;27/09/2020
2018;Máster;Máster: Salud pública;Zaragoza;Facultad de Medicina;Medicina preventiva;Normal;Optativa;100.00;100.00;100.00;14;14;14;1.00;27/09/2020
2018;Máster;Máster: Salud pública;Zaragoza;Facultad de Medicina;Herramientas cartográficas para los estudios epidemiológicos y de salud pública;Normal;Optativa;100.00;100.00;100.00;8;8;8;1.00;27/09/2020
2018;Máster;Máster: Salud pública;Zaragoza;Facultad de Medicina;Investigación cualitativa en salud pública;Normal;Optativa;100.00;100.00;100.00;16;16;16;1.00;27/09/2020
2018;Máster;Máster: Relaciones de Género;Zaragoza;Facultad de Ciencias Sociales y del Trabajo;La perspectiva de género;Normal;Obligatoria;100.00;96.67;96.67;30;29;29;1.00;27/09/2020
2018;Máster;Máster: Relaciones de Género;Zaragoza;Facultad de Ciencias Sociales y del Trabajo;Igualdad y no discriminación como principios jurídicos;Normal;Obligatoria;100.00;96.67;96.67;30;29;29;1.00;27/09/2020
2018;Máster;Máster: Relaciones de Género;Zaragoza;Facultad de Ciencias Sociales y del Trabajo;Teorías feministas contemporáneas;Normal;Obligatoria;100.00;100.00;100.00;32;32;32;1.12;27/09/2020
2018;Máster;Máster: Relaciones de Género;Zaragoza;Facultad de Ciencias Sociales y del Trabajo;Salud, sexualidad y relaciones de género en la familia;Normal;Obligatoria;100.00;100.00;100.00;30;30;30;1.00;27/09/2020
2018;Máster;Máster: Relaciones de Género;Zaragoza;Facultad de Ciencias Sociales y del Trabajo;Conceptos y categorias del pensamiento feminista;Normal;Obligatoria;100.00;100.00;100.00;22;22;22;1.00;27/09/2020
2018;Máster;Máster: Relaciones de Género;Zaragoza;Facultad de Ciencias Sociales y del Trabajo;Historia de las mujeres en Occidente;Normal;Obligatoria;100.00;95.45;95.45;22;21;21;1.00;27/09/2020
2018;Máster;Máster: Relaciones de Género;Zaragoza;Facultad de Ciencias Sociales y del Trabajo;Estudios de feminismo, literatura, artes y cine, desde la perspectiva de género;Normal;Obligatoria;100.00;95.45;95.45;22;21;21;1.00;27/09/2020
2018;Máster;Máster: Relaciones de Género;Zaragoza;Facultad de Ciencias Sociales y del Trabajo;Seminario de Técnicas de Investigación Género y Construcción (itinerario investigador);Normal;Obligatoria;100.00;100.00;100.00;22;22;22;1.00;27/09/2020
2018;Máster;Máster: Relaciones de Género;Zaragoza;Facultad de Ciencias Sociales y del Trabajo;Trabajo fin de Máster Género y Construcción (itinerario investigador);Trabajo fin de máster;Trabajo fin de máster;100.00;62.50;62.50;24;15;15;1.00;27/09/2020
2018;Máster;Máster: Relaciones de Género;Zaragoza;Facultad de Ciencias Sociales y del Trabajo;La relación contractual de las mujeres y la negociación colectiva;Normal;Obligatoria;100.00;100.00;100.00;9;9;9;1.00;27/09/2020
2018;Máster;Máster: Relaciones de Género;Zaragoza;Facultad de Ciencias Sociales y del Trabajo;La situación de las mujeres en el mercado laboral;Normal;Obligatoria;100.00;100.00;100.00;9;9;9;1.00;27/09/2020
2018;Máster;Máster: Relaciones de Género;Zaragoza;Facultad de Ciencias Sociales y del Trabajo;Protección social;Normal;Obligatoria;100.00;100.00;100.00;9;9;9;1.00;27/09/2020
2018;Máster;Máster: Relaciones de Género;Zaragoza;Facultad de Ciencias Sociales y del Trabajo;Seminario de Técnicas de Investigación Género y Trabajo (itinerario investigador);Normal;Obligatoria;100.00;100.00;100.00;8;8;8;1.00;27/09/2020
2018;Máster;Máster: Relaciones de Género;Zaragoza;Facultad de Ciencias Sociales y del Trabajo;Trabajo fin de Máster Género y Trabajo (itinerario investigador);Trabajo fin de máster;Trabajo fin de máster;100.00;80.00;80.00;15;12;12;1.00;27/09/2020
2018;Máster;Máster: Prevención de riesgos laborales;Zaragoza;Facultad de Derecho;Técnicas de mejora de las condiciones de trabajo;Normal;Obligatoria;100.00;94.44;94.44;18;17;17;1.00;27/09/2020
2018;Máster;Máster: Prevención de riesgos laborales;Zaragoza;Facultad de Derecho;Seguridad en el trabajo;Normal;Obligatoria;100.00;94.12;94.12;17;16;16;1.00;27/09/2020
2018;Máster;Máster: Prevención de riesgos laborales;Zaragoza;Facultad de Derecho;Higiene industrial;Normal;Obligatoria;100.00;94.12;94.12;17;16;16;1.00;27/09/2020
2018;Máster;Máster: Prevención de riesgos laborales;Zaragoza;Facultad de Derecho;Prevención y salud;Normal;Obligatoria;100.00;94.44;94.44;18;17;17;1.00;27/09/2020
2018;Máster;Máster: Prevención de riesgos laborales;Zaragoza;Facultad de Derecho;Gestión de la prevención;Normal;Obligatoria;100.00;94.12;94.12;17;16;16;1.00;27/09/2020
2018;Máster;Máster: Prevención de riesgos laborales;Zaragoza;Facultad de Derecho;Ergonomía (especialidad de ergonomía y psicosociología aplicada);Normal;Optativa;100.00;94.12;94.12;17;16;16;1.00;27/09/2020
2018;Máster;Máster: Prevención de riesgos laborales;Zaragoza;Facultad de Derecho;Psicosociología aplicada (especialidad de ergonomía y psicosociología aplicada);Normal;Optativa;100.00;94.12;94.12;17;16;16;1.00;27/09/2020
2018;Máster;Máster: Prevención de riesgos laborales;Zaragoza;Facultad de Derecho;Especialidad de Higiene industrial;Normal;Optativa;100.00;93.33;93.33;15;14;14;1.00;27/09/2020
2018;Máster;Máster: Prevención de riesgos laborales;Zaragoza;Facultad de Derecho;Especialidad de Seguridad en el trabajo;Normal;Optativa;100.00;93.75;93.75;16;15;15;1.00;27/09/2020
2018;Máster;Máster: Prevención de riesgos laborales;Zaragoza;Facultad de Derecho;Prácticas externas;Prácticas externas;Obligatoria;100.00;94.12;94.12;17;16;16;1.00;27/09/2020
2018;Máster;Máster: Prevención de riesgos laborales;Zaragoza;Facultad de Derecho;Trabajo fin de Máster;Trabajo fin de máster;Trabajo fin de máster;100.00;81.48;81.48;27;22;22;1.14;27/09/2020
2018;Máster;Máster: Cond. genéticos, nutric. y amb. del crec. y desarrollo;Zaragoza;Facultad de Medicina;Trabajo fin de Máster;Trabajo fin de máster;Trabajo fin de máster;100.00;95.83;95.83;24;23;23;1.00;27/09/2020
2018;Máster;Máster: Cond. genéticos, nutric. y amb. del crec. y desarrollo;Zaragoza;Facultad de Medicina;Prácticas especializadas;Prácticas externas;Obligatoria;100.00;100.00;100.00;21;21;21;1.00;27/09/2020
2018;Máster;Máster: Cond. genéticos, nutric. y amb. del crec. y desarrollo;Zaragoza;Facultad de Medicina;Aspectos nutricionales de enfermedades de origen genético y síndromes malformativos;Normal;Optativa;100.00;100.00;100.00;13;13;13;1.00;27/09/2020
2018;Máster;Máster: Cond. genéticos, nutric. y amb. del crec. y desarrollo;Zaragoza;Facultad de Medicina;Bases moleculares del crecimiento y desarrollo;Normal;Obligatoria;100.00;100.00;100.00;17;17;17;1.00;27/09/2020
2018;Máster;Máster: Cond. genéticos, nutric. y amb. del crec. y desarrollo;Zaragoza;Facultad de Medicina;Conceptos básicos de Genética.Técnicas de diagnóstico.Asesoramiento y terapia génica.Tratamiento enfermedades metabólica;Normal;Obligatoria;100.00;95.83;95.83;24;23;23;1.00;27/09/2020
2018;Máster;Máster: Cond. genéticos, nutric. y amb. del crec. y desarrollo;Zaragoza;Facultad de Medicina;Nutrigenómica y nutrigenética en pediatría;Normal;Obligatoria;100.00;100.00;100.00;10;10;10;1.00;27/09/2020
2018;Máster;Máster: Cond. genéticos, nutric. y amb. del crec. y desarrollo;Zaragoza;Facultad de Medicina;Patología respiratoria crónica, genéticamente condicionada, y sus efectos sobre el desarrollo;Normal;Optativa;100.00;100.00;100.00;12;12;12;1.00;27/09/2020
2018;Máster;Máster: Cond. genéticos, nutric. y amb. del crec. y desarrollo;Zaragoza;Facultad de Medicina;Aspectos actuales teóricos y prácticos en el neurodesarrollo;Normal;Obligatoria;100.00;100.00;100.00;10;10;10;1.00;27/09/2020
2018;Máster;Máster: Cond. genéticos, nutric. y amb. del crec. y desarrollo;Zaragoza;Facultad de Medicina;Avances en el estudio de la talla baja y trastornos del crecimiento;Normal;Obligatoria;94.12;94.12;100.00;17;16;17;1.00;27/09/2020
2018;Máster;Máster: Cond. genéticos, nutric. y amb. del crec. y desarrollo;Zaragoza;Facultad de Medicina;Avances en el estudio de la pubertad;Normal;Optativa;100.00;100.00;100.00;18;18;18;1.06;27/09/2020
2018;Máster;Máster: Cond. genéticos, nutric. y amb. del crec. y desarrollo;Zaragoza;Facultad de Medicina;Condicionantes nutricionales del crecimiento y desarrollo;Normal;Optativa;100.00;100.00;100.00;20;20;20;1.00;27/09/2020
2018;Máster;Máster: Cond. genéticos, nutric. y amb. del crec. y desarrollo;Zaragoza;Facultad de Medicina;Efectos del cáncer y de su tratamiento en el crecimiento y desarrollo;Normal;Optativa;100.00;100.00;100.00;4;4;4;1.00;27/09/2020
2018;Máster;Máster: Cond. genéticos, nutric. y amb. del crec. y desarrollo;Zaragoza;Facultad de Medicina;Evaluación y tratamiento neuropsicológico del niño de alto riesgo;Normal;Optativa;100.00;100.00;100.00;10;10;10;1.00;27/09/2020
2018;Máster;Máster: Cond. genéticos, nutric. y amb. del crec. y desarrollo;Zaragoza;Facultad de Medicina;Medicina del adolescente;Normal;Optativa;100.00;100.00;100.00;17;17;17;1.00;27/09/2020
2018;Máster;Máster: Cond. genéticos, nutric. y amb. del crec. y desarrollo;Zaragoza;Facultad de Medicina;Patología del desarrollo;Normal;Optativa;100.00;100.00;100.00;18;18;18;1.00;27/09/2020
2018;Máster;Máster: Cond. genéticos, nutric. y amb. del crec. y desarrollo;Zaragoza;Facultad de Medicina;Alimentación y nutrición del niño sano y del niño enfermo;Normal;Optativa;100.00;100.00;100.00;20;20;20;1.00;27/09/2020
2018;Máster;Máster: Cond. genéticos, nutric. y amb. del crec. y desarrollo;Zaragoza;Facultad de Medicina;Alimentos funcionales o bioactivos en la edad pediátrica;Normal;Optativa;100.00;100.00;100.00;5;5;5;1.00;27/09/2020
2018;Máster;Máster: Cond. genéticos, nutric. y amb. del crec. y desarrollo;Zaragoza;Facultad de Medicina;Aspectos nutricionales de enfermedades endocrino-metabólicas;Normal;Optativa;100.00;100.00;100.00;22;22;22;1.00;27/09/2020
2018;Máster;Máster: Cond. genéticos, nutric. y amb. del crec. y desarrollo;Zaragoza;Facultad de Medicina;Avances en el diagnóstico precoz de la patología metabólica durante el periodo neonatal;Normal;Optativa;100.00;100.00;100.00;3;3;3;1.00;27/09/2020
2018;Máster;Máster: Cond. genéticos, nutric. y amb. del crec. y desarrollo;Zaragoza;Facultad de Medicina;Avances en el estudio del origen de las enfermedades de la infancia y del adulto en el periodo perineonatal;Normal;Obligatoria;100.00;100.00;100.00;4;4;4;1.00;27/09/2020
2018;Máster;Máster: Cond. genéticos, nutric. y amb. del crec. y desarrollo;Zaragoza;Facultad de Medicina;Características fisiopatológicas del síndrome metabólico en pediatría;Normal;Optativa;100.00;100.00;100.00;6;6;6;1.00;27/09/2020
2018;Máster;Máster: Cond. genéticos, nutric. y amb. del crec. y desarrollo;Zaragoza;Facultad de Medicina;Dieta atlántica. Beneficios en la prevención y el tratamiento del feto al anciano;Normal;Optativa;100.00;100.00;100.00;22;22;22;1.00;27/09/2020
2018;Máster;Máster: Cond. genéticos, nutric. y amb. del crec. y desarrollo;Zaragoza;Facultad de Medicina;Exploración del estado nutricional;Normal;Obligatoria;100.00;100.00;100.00;21;21;21;1.00;27/09/2020
2018;Máster;Máster: Cond. genéticos, nutric. y amb. del crec. y desarrollo;Zaragoza;Facultad de Medicina;La cirugía pediátrica en la patología del aparato digestivo y su repercusión nutricional;Normal;Optativa;100.00;100.00;100.00;12;12;12;1.00;27/09/2020
2018;Máster;Máster: Cond. genéticos, nutric. y amb. del crec. y desarrollo;Zaragoza;Facultad de Medicina;Nuevos aspectos de la alimentación del niño en la enfermedad;Normal;Obligatoria;100.00;100.00;100.00;5;5;5;1.00;27/09/2020
2018;Máster;Máster: Cond. genéticos, nutric. y amb. del crec. y desarrollo;Zaragoza;Facultad de Medicina;Nutrición infantil;Normal;Optativa;100.00;100.00;100.00;23;23;23;1.00;27/09/2020
2018;Máster;Máster: Cond. genéticos, nutric. y amb. del crec. y desarrollo;Zaragoza;Facultad de Medicina;Nutrición infantil e inmunidad;Normal;Optativa;100.00;100.00;100.00;2;2;2;1.00;27/09/2020
2018;Máster;Máster: Cond. genéticos, nutric. y amb. del crec. y desarrollo;Zaragoza;Facultad de Medicina;Nutrición perinatal / neonatal;Normal;Optativa;100.00;100.00;100.00;25;25;25;1.00;27/09/2020
2018;Máster;Máster: Cond. genéticos, nutric. y amb. del crec. y desarrollo;Zaragoza;Facultad de Medicina;Nutrición precoz y sus consecuencias metabólicas tardías;Normal;Obligatoria;100.00;100.00;100.00;7;7;7;1.00;27/09/2020
2018;Máster;Máster: Cond. genéticos, nutric. y amb. del crec. y desarrollo;Zaragoza;Facultad de Medicina;Nutrición y composición corporal;Normal;Optativa;100.00;100.00;100.00;2;2;2;1.00;27/09/2020
2018;Máster;Máster: Cond. genéticos, nutric. y amb. del crec. y desarrollo;Zaragoza;Facultad de Medicina;Papel de los nutrientes en etapas criticas del desarrollo en programación metabólica de enfermedades del niño y adulto;Normal;Obligatoria;100.00;100.00;100.00;3;3;3;1.00;27/09/2020
2018;Máster;Máster: Cond. genéticos, nutric. y amb. del crec. y desarrollo;Zaragoza;Facultad de Medicina;Actividad física y salud;Normal;Obligatoria;100.00;100.00;100.00;25;25;25;1.00;27/09/2020
2018;Máster;Máster: Cond. genéticos, nutric. y amb. del crec. y desarrollo;Zaragoza;Facultad de Medicina;Efectos de contaminantes medioambientales sobre el crecimiento y desarrollo;Normal;Obligatoria;100.00;100.00;100.00;16;16;16;1.00;27/09/2020
2018;Máster;Máster: Cond. genéticos, nutric. y amb. del crec. y desarrollo;Zaragoza;Facultad de Medicina;Influencias de la nutrición y los tóxicos en el desarrollo de enfermedades hepáticas en la infancia y adolescencia;Normal;Optativa;100.00;100.00;100.00;3;3;3;1.00;27/09/2020
2018;Máster;Máster: Cond. genéticos, nutric. y amb. del crec. y desarrollo;Zaragoza;Facultad de Medicina;Medicina del desarrollo. Factores ambientales: alimentación y nutrición;Normal;Optativa;100.00;100.00;100.00;17;17;17;1.00;27/09/2020
2018;Máster;Máster: Cond. genéticos, nutric. y amb. del crec. y desarrollo;Zaragoza;Facultad de Medicina;Nutrición comunitaria y su impacto en niños y adolescentes de países desarrollados.Escuelas infantiles y comedores escol;Normal;Obligatoria;100.00;100.00;100.00;19;19;19;1.00;27/09/2020
2018;Máster;Máster: Cond. genéticos, nutric. y amb. del crec. y desarrollo;Zaragoza;Facultad de Medicina;Actividad física y gasto energético en el niño y el adolescente;Normal;Optativa;100.00;100.00;100.00;22;22;22;1.00;27/09/2020
2018;Máster;Máster: Cond. genéticos, nutric. y amb. del crec. y desarrollo;Zaragoza;Facultad de Medicina;Recién nacidos de alto riesgo: influencia de la lesiones orgánicas, del entorno socioambiental y de la nutrición;Normal;Optativa;100.00;100.00;100.00;15;15;15;1.00;27/09/2020
2018;Máster;Máster: Cond. genéticos, nutric. y amb. del crec. y desarrollo;Zaragoza;Facultad de Medicina;Ética de la investigación en pediatría;Normal;Optativa;100.00;100.00;100.00;15;15;15;1.00;27/09/2020
2018;Máster;Máster: Cond. genéticos, nutric. y amb. del crec. y desarrollo;Zaragoza;Facultad de Medicina;Medicina basada en la evidencia;Normal;Optativa;100.00;100.00;100.00;2;2;2;1.00;27/09/2020
2018;Máster;Máster: Cond. genéticos, nutric. y amb. del crec. y desarrollo;Zaragoza;Facultad de Medicina;Metodología y gestión de los recursos de investigación;Normal;Optativa;100.00;100.00;100.00;3;3;3;1.00;27/09/2020
2018;Máster;Máster: Cond. genéticos, nutric. y amb. del crec. y desarrollo;Zaragoza;Facultad de Medicina;Tratamiento y análisis de datos mediante un paquete estadístico;Normal;Obligatoria;100.00;100.00;100.00;25;25;25;1.04;27/09/2020
2018;Máster;Máster: Cond. genéticos, nutric. y amb. del crec. y desarrollo;Zaragoza;Facultad de Medicina;Epidemiología clínica y poblacional;Normal;Optativa;100.00;100.00;100.00;4;4;4;1.00;27/09/2020
2018;Máster;Máster: Erasmus Mundus en Ingeniería de Membranas;Zaragoza;Facultad de Ciencias;Caracterización de materiales porosos;Normal;Obligatoria;;;;0;0;0;1.00;27/09/2020
2018;Máster;Máster: Erasmus Mundus en Ingeniería de Membranas;Zaragoza;Facultad de Ciencias;Ingenieria coloidal y de superficies;Normal;Optativa;;;;0;0;0;1.00;27/09/2020
2018;Máster;Máster: Erasmus Mundus en Ingeniería de Membranas;Zaragoza;Facultad de Ciencias;Caracterización estructural de los sólidos;Normal;Optativa;;;;0;0;0;1.00;27/09/2020
2018;Máster;Máster: Erasmus Mundus en Ingeniería de Membranas;Zaragoza;Facultad de Ciencias;Materiales inorgánicos;Normal;Optativa;;;;0;0;0;1.00;27/09/2020
2018;Máster;Máster: Erasmus Mundus en Ingeniería de Membranas;Zaragoza;Facultad de Ciencias;Materiales polímeros;Normal;Optativa;;;;0;0;0;1.00;27/09/2020
2018;Máster;Máster: Erasmus Mundus en Ingeniería de Membranas;Zaragoza;Facultad de Ciencias;Materiales híbridos y compuestos;Normal;Optativa;;;;0;0;0;1.00;27/09/2020
2018;Máster;Máster: Erasmus Mundus en Ingeniería de Membranas;Zaragoza;Facultad de Ciencias;Materiales para reacciones químicas/catálisis heterogéneas;Normal;Optativa;;;;0;0;0;1.00;27/09/2020
2018;Máster;Máster: Erasmus Mundus en Ingeniería de Membranas;Zaragoza;Facultad de Ciencias;Fenómenos de transporte;Normal;Optativa;;;;0;0;0;1.00;27/09/2020
2018;Máster;Máster: Erasmus Mundus en Ingeniería de Membranas;Zaragoza;Facultad de Ciencias;Termodinámica, cinética y radioactividad;Normal;Optativa;;;;0;0;0;1.00;27/09/2020
2018;Máster;Máster: Erasmus Mundus en Ingeniería de Membranas;Zaragoza;Facultad de Ciencias;Química general y métodos analíticos físico-químicos;Normal;Optativa;;;;0;0;0;1.00;27/09/2020
2018;Máster;Máster: Erasmus Mundus en Ingeniería de Membranas;Zaragoza;Facultad de Ciencias;Ciencia de separación;Normal;Optativa;;;;0;0;0;1.00;27/09/2020
2018;Máster;Máster: Erasmus Mundus en Ingeniería de Membranas;Zaragoza;Facultad de Ciencias;Proyecto individual (estudio bibliográfico y experimental);Normal;Obligatoria;;;;0;0;0;1.00;27/09/2020
2018;Máster;Máster: Erasmus Mundus en Ingeniería de Membranas;Zaragoza;Facultad de Ciencias;Seguridad, sanidad y legislación medioambiental;Normal;Obligatoria;;;;0;0;0;1.00;27/09/2020
2018;Máster;Máster: Erasmus Mundus en Ingeniería de Membranas;Zaragoza;Facultad de Ciencias;Control de calidad y prácticas de laboratorio;Normal;Obligatoria;;;;0;0;0;1.00;27/09/2020
2018;Máster;Máster: Erasmus Mundus en Ingeniería de Membranas;Zaragoza;Facultad de Ciencias;Ley de trabajo internacional y europea;Normal;Obligatoria;;;;0;0;0;1.00;27/09/2020
2018;Máster;Máster: Erasmus Mundus en Ingeniería de Membranas;Zaragoza;Facultad de Ciencias;Lengua y cultura francesas;Normal;Obligatoria;;;;0;0;0;1.00;27/09/2020
2018;Máster;Máster: Erasmus Mundus en Ingeniería de Membranas;Zaragoza;Facultad de Ciencias;Procesos de membrana;Normal;Obligatoria;;;;0;0;0;1.00;27/09/2020
2018;Máster;Máster: Erasmus Mundus en Ingeniería de Membranas;Zaragoza;Facultad de Ciencias;Diseño de procesos;Normal;Obligatoria;;;;0;0;0;1.00;27/09/2020
2018;Máster;Máster: Erasmus Mundus en Ingeniería de Membranas;Zaragoza;Facultad de Ciencias;Cinética de reacción aplicada;Normal;Obligatoria;;;;0;0;0;1.00;27/09/2020
2018;Máster;Máster: Erasmus Mundus en Ingeniería de Membranas;Zaragoza;Facultad de Ciencias;Tecnología de separación;Normal;Obligatoria;;;;0;0;0;1.00;27/09/2020
2018;Máster;Máster: Erasmus Mundus en Ingeniería de Membranas;Zaragoza;Facultad de Ciencias;Proyecto individual (estudio bibliográfico y experimental);Normal;Obligatoria;;;;0;0;0;1.00;27/09/2020
2018;Máster;Máster: Erasmus Mundus en Ingeniería de Membranas;Zaragoza;Facultad de Ciencias;Gestión del capital intelectual;Normal;Obligatoria;;;;0;0;0;1.00;27/09/2020
2018;Máster;Máster: Erasmus Mundus en Ingeniería de Membranas;Zaragoza;Facultad de Ciencias;Valorización, comercialización e iniciativa empresarial;Normal;Obligatoria;;;;0;0;0;1.00;27/09/2020
2018;Máster;Máster: Erasmus Mundus en Ingeniería de Membranas;Zaragoza;Facultad de Ciencias;Propiedades fundamentales de materiales nanoestructurados;Normal;Optativa;100.00;100.00;100.00;5;5;5;1.00;27/09/2020
2018;Máster;Máster: Erasmus Mundus en Ingeniería de Membranas;Zaragoza;Facultad de Ciencias;Preparación de materiales nanoestructurados;Normal;Optativa;100.00;100.00;100.00;5;5;5;1.00;27/09/2020
2018;Máster;Máster: Erasmus Mundus en Ingeniería de Membranas;Zaragoza;Facultad de Ciencias;Montaje y fabricación de nanoestructuras;Normal;Optativa;100.00;100.00;100.00;5;5;5;1.00;27/09/2020
2018;Máster;Máster: Erasmus Mundus en Ingeniería de Membranas;Zaragoza;Facultad de Ciencias;Casos prácticos de aplicaciones industriales;Normal;Optativa;100.00;100.00;100.00;5;5;5;1.00;27/09/2020
2018;Máster;Máster: Erasmus Mundus en Ingeniería de Membranas;Zaragoza;Facultad de Ciencias;Proyecto individual (estudio bibliográfico y experimental);Normal;Optativa;100.00;100.00;100.00;5;5;5;1.00;27/09/2020
2018;Máster;Máster: Erasmus Mundus en Ingeniería de Membranas;Zaragoza;Facultad de Ciencias;Trabajo fin de máster;Trabajo fin de máster;Trabajo fin de máster;100.00;100.00;100.00;5;5;5;1.00;27/09/2020
2018;Máster;Máster: Arquitectura;Zaragoza;Escuela de Ingeniería y Arquitectura;Técnica y materia: generación del proyecto y rehabilitación;Normal;Obligatoria;100.00;100.00;100.00;27;27;27;1.00;27/09/2020
2018;Máster;Máster: Arquitectura;Zaragoza;Escuela de Ingeniería y Arquitectura;Proyectos de urbanización;Normal;Obligatoria;100.00;100.00;100.00;27;27;27;1.00;27/09/2020
2018;Máster;Máster: Arquitectura;Zaragoza;Escuela de Ingeniería y Arquitectura;Proyectos arquitectónicos avanzados;Normal;Obligatoria;92.86;92.86;100.00;28;26;28;1.27;27/09/2020
2018;Máster;Máster: Arquitectura;Zaragoza;Escuela de Ingeniería y Arquitectura;Proyectos urbanos y paisajísticos integrados;Normal;Obligatoria;100.00;100.00;100.00;27;27;27;1.00;27/09/2020
2018;Máster;Máster: Arquitectura;Zaragoza;Escuela de Ingeniería y Arquitectura;Trabajo fin de Máster;Trabajo fin de máster;Trabajo fin de máster;100.00;68.63;68.63;51;35;35;1.00;27/09/2020
2018;Máster;Máster: Arquitectura;Zaragoza;Escuela de Ingeniería y Arquitectura;Materiales innovadores en la Arquitectura;Normal;Optativa;100.00;100.00;100.00;1;1;1;1.00;27/09/2020
2018;Máster;Máster: Arquitectura;Zaragoza;Escuela de Ingeniería y Arquitectura;La ciudad como paisaje cultural. Construir sobre lo construido;Normal;Optativa;100.00;100.00;100.00;5;5;5;1.00;27/09/2020
2018;Máster;Máster: Arquitectura;Zaragoza;Escuela de Ingeniería y Arquitectura;Gestión urbanística y paisajística;Normal;Optativa;100.00;100.00;100.00;8;8;8;1.00;27/09/2020
2018;Máster;Máster: Arquitectura;Zaragoza;Escuela de Ingeniería y Arquitectura;Proyecto arquitectónico y materia: visiones integradas;Normal;Optativa;100.00;100.00;100.00;23;23;23;1.00;27/09/2020
2018;Máster;Máster: Arquitectura;Zaragoza;Escuela de Ingeniería y Arquitectura;Prácticas externas;Prácticas externas;Optativa;100.00;95.24;95.24;21;20;20;1.00;27/09/2020
2018;Máster;Máster: Modelización e Investigación Matemática, Estadística y Computación;Zaragoza;Facultad de Ciencias;Análisis funcional y de fourier;Normal;Optativa;;;;0;0;0;1.00;27/09/2020
2018;Máster;Máster: Modelización e Investigación Matemática, Estadística y Computación;Zaragoza;Facultad de Ciencias;Bases de datos y programación orientada a objetos;Normal;Optativa;100.00;100.00;100.00;9;9;9;1.22;27/09/2020
2018;Máster;Máster: Modelización e Investigación Matemática, Estadística y Computación;Zaragoza;Facultad de Ciencias;Ecuaciones en derivadas parciales;Normal;Optativa;;;;0;0;0;1.00;27/09/2020
2018;Máster;Máster: Modelización e Investigación Matemática, Estadística y Computación;Zaragoza;Facultad de Ciencias;Modelización estadística;Normal;Optativa;100.00;90.00;90.00;10;9;9;1.00;27/09/2020
2018;Máster;Máster: Modelización e Investigación Matemática, Estadística y Computación;Zaragoza;Facultad de Ciencias;Modelos de logística;Normal;Optativa;100.00;100.00;100.00;9;9;9;1.00;27/09/2020
2018;Máster;Máster: Modelización e Investigación Matemática, Estadística y Computación;Zaragoza;Facultad de Ciencias;Métodos numéricos en física e ingeniería;Normal;Optativa;100.00;100.00;100.00;5;5;5;1.17;27/09/2020
2018;Máster;Máster: Modelización e Investigación Matemática, Estadística y Computación;Zaragoza;Facultad de Ciencias;Series temporales;Normal;Optativa;100.00;87.50;87.50;9;8;8;1.00;27/09/2020
2018;Máster;Máster: Modelización e Investigación Matemática, Estadística y Computación;Zaragoza;Facultad de Ciencias;Teoría de control;Normal;Optativa;100.00;100.00;100.00;4;4;4;1.00;27/09/2020
2018;Máster;Máster: Modelización e Investigación Matemática, Estadística y Computación;Zaragoza;Facultad de Ciencias;Técnicas clásicas de optimización;Normal;Optativa;100.00;88.89;88.89;10;9;9;1.00;27/09/2020
2018;Máster;Máster: Modelización e Investigación Matemática, Estadística y Computación;Zaragoza;Facultad de Ciencias;Algoritmos bioinspirados y técnicas de computación evolutiva;Normal;Optativa;100.00;100.00;100.00;11;11;11;1.00;27/09/2020
2018;Máster;Máster: Modelización e Investigación Matemática, Estadística y Computación;Zaragoza;Facultad de Ciencias;Codificación y criptografía;Normal;Optativa;100.00;75.00;75.00;4;3;3;1.00;27/09/2020
2018;Máster;Máster: Modelización e Investigación Matemática, Estadística y Computación;Zaragoza;Facultad de Ciencias;Diseño geométrico asistido por ordenador;Normal;Optativa;100.00;100.00;100.00;3;3;3;1.00;27/09/2020
2018;Máster;Máster: Modelización e Investigación Matemática, Estadística y Computación;Zaragoza;Facultad de Ciencias;Geometría de variedades;Normal;Optativa;;;;0;0;0;1.00;27/09/2020
2018;Máster;Máster: Modelización e Investigación Matemática, Estadística y Computación;Zaragoza;Facultad de Ciencias;Introducción a la minería de datos;Normal;Optativa;100.00;92.86;92.86;14;13;13;1.00;27/09/2020
2018;Máster;Máster: Modelización e Investigación Matemática, Estadística y Computación;Zaragoza;Facultad de Ciencias;Procesamiento de la señal y de la imagen;Normal;Optativa;100.00;75.00;75.00;4;3;3;1.00;27/09/2020
2018;Máster;Máster: Modelización e Investigación Matemática, Estadística y Computación;Zaragoza;Facultad de Ciencias;Procesos estocásticos y probabilidad;Normal;Optativa;100.00;87.50;87.50;9;8;8;1.00;27/09/2020
2018;Máster;Máster: Modelización e Investigación Matemática, Estadística y Computación;Zaragoza;Facultad de Ciencias;Topología algebraica;Normal;Optativa;100.00;100.00;100.00;2;2;2;1.00;27/09/2020
2018;Máster;Máster: Modelización e Investigación Matemática, Estadística y Computación;Zaragoza;Facultad de Ciencias;Trabajo fin de Máster;Trabajo fin de máster;Trabajo fin de máster;100.00;80.00;80.00;15;12;12;1.00;27/09/2020
2018;Máster;Máster: Ingeniería biomédica;Zaragoza;Escuela de Ingeniería y Arquitectura;Fundamentos de anatomía, fisiología, patología y terapéutica;Normal;Obligatoria;100.00;90.48;90.48;21;19;19;1.10;27/09/2020
2018;Máster;Máster: Ingeniería biomédica;Zaragoza;Escuela de Ingeniería y Arquitectura;Bioestadística y simulación numérica en ingeniería biomédica;Normal;Obligatoria;100.00;82.14;82.14;28;23;23;1.09;27/09/2020
2018;Máster;Máster: Ingeniería biomédica;Zaragoza;Escuela de Ingeniería y Arquitectura;Biomecánica y biomateriales;Normal;Obligatoria;100.00;90.91;90.91;22;20;20;1.00;27/09/2020
2018;Máster;Máster: Ingeniería biomédica;Zaragoza;Escuela de Ingeniería y Arquitectura;Tratamiento de señales e imágenes biomédicas;Normal;Obligatoria;100.00;77.78;77.78;27;21;21;1.29;27/09/2020
2018;Máster;Máster: Ingeniería biomédica;Zaragoza;Escuela de Ingeniería y Arquitectura;Diseño de prótesis e implantes mediante herramientas computacionales;Normal;Optativa;100.00;83.33;83.33;12;10;10;1.00;27/09/2020
2018;Máster;Máster: Ingeniería biomédica;Zaragoza;Escuela de Ingeniería y Arquitectura;Ingeniería de tejidos y andamiajes;Normal;Optativa;100.00;88.24;88.24;17;15;15;1.00;27/09/2020
2018;Máster;Máster: Ingeniería biomédica;Zaragoza;Escuela de Ingeniería y Arquitectura;Modelado del comportamiento de tejidos músculo-esqueléticos;Normal;Optativa;100.00;77.78;77.78;9;7;7;1.14;27/09/2020
2018;Máster;Máster: Ingeniería biomédica;Zaragoza;Escuela de Ingeniería y Arquitectura;Materiales y tratamientos superficiales para prótesis e implantes;Normal;Optativa;100.00;83.33;83.33;12;10;10;1.00;27/09/2020
2018;Máster;Máster: Ingeniería biomédica;Zaragoza;Escuela de Ingeniería y Arquitectura;Ergonomía y evaluación de la capacidad funcional;Normal;Optativa;100.00;85.71;85.71;14;12;12;1.08;27/09/2020
2018;Máster;Máster: Ingeniería biomédica;Zaragoza;Escuela de Ingeniería y Arquitectura;Captura y caracterización del movimiento;Normal;Optativa;100.00;92.31;92.31;13;12;12;1.00;27/09/2020
2018;Máster;Máster: Ingeniería biomédica;Zaragoza;Escuela de Ingeniería y Arquitectura;Modelado biomecánico del sistema cardiovascular;Normal;Optativa;100.00;81.82;81.82;11;9;9;1.00;27/09/2020
2018;Máster;Máster: Ingeniería biomédica;Zaragoza;Escuela de Ingeniería y Arquitectura;Mecanobiología celular;Normal;Optativa;100.00;76.92;76.92;13;10;10;1.20;27/09/2020
2018;Máster;Máster: Ingeniería biomédica;Zaragoza;Escuela de Ingeniería y Arquitectura;Nanobiomedicina: Fundamentos y aplicaciones;Normal;Optativa;100.00;92.31;92.31;13;12;12;1.17;27/09/2020
2018;Máster;Máster: Ingeniería biomédica;Zaragoza;Escuela de Ingeniería y Arquitectura;Nanoterapia;Normal;Optativa;100.00;88.89;88.89;9;8;8;1.00;27/09/2020
2018;Máster;Máster: Ingeniería biomédica;Zaragoza;Escuela de Ingeniería y Arquitectura;Nanodiagnóstico;Normal;Optativa;100.00;90.91;90.91;11;10;10;1.00;27/09/2020
2018;Máster;Máster: Ingeniería biomédica;Zaragoza;Escuela de Ingeniería y Arquitectura;Sistemas de e-Health;Normal;Optativa;100.00;83.33;83.33;6;5;5;1.00;27/09/2020
2018;Máster;Máster: Ingeniería biomédica;Zaragoza;Escuela de Ingeniería y Arquitectura;Modelos y sistemas de control fisiológico;Normal;Optativa;100.00;100.00;100.00;6;6;6;1.00;27/09/2020
2018;Máster;Máster: Ingeniería biomédica;Zaragoza;Escuela de Ingeniería y Arquitectura;Percepción y visión por computador;Normal;Optativa;100.00;100.00;100.00;5;5;5;1.00;27/09/2020
2018;Máster;Máster: Ingeniería biomédica;Zaragoza;Escuela de Ingeniería y Arquitectura;Robótica médica y exoesqueletos robotizados;Normal;Optativa;100.00;100.00;100.00;8;8;8;1.12;27/09/2020
2018;Máster;Máster: Ingeniería biomédica;Zaragoza;Escuela de Ingeniería y Arquitectura;Análisis de imágenes médicas;Normal;Optativa;100.00;100.00;100.00;5;5;5;1.00;27/09/2020
2018;Máster;Máster: Ingeniería biomédica;Zaragoza;Escuela de Ingeniería y Arquitectura;Tratamiento avanzado de señales biomédicas;Normal;Optativa;100.00;100.00;100.00;4;4;4;1.00;27/09/2020
2018;Máster;Máster: Ingeniería biomédica;Zaragoza;Escuela de Ingeniería y Arquitectura;Técnicas de reconocimiento de patrones;Normal;Optativa;100.00;100.00;100.00;6;6;6;1.00;27/09/2020
2018;Máster;Máster: Ingeniería biomédica;Zaragoza;Escuela de Ingeniería y Arquitectura;Sistemas de información en Medicina;Normal;Optativa;100.00;100.00;100.00;9;9;9;1.00;27/09/2020
2018;Máster;Máster: Ingeniería biomédica;Zaragoza;Escuela de Ingeniería y Arquitectura;Seminario interdisciplinar;Normal;Optativa;100.00;81.82;81.82;11;9;9;1.00;27/09/2020
2018;Máster;Máster: Ingeniería biomédica;Zaragoza;Escuela de Ingeniería y Arquitectura;Técnicas de visualización y representación científica;Normal;Optativa;100.00;87.50;87.50;9;8;8;1.00;27/09/2020
2018;Máster;Máster: Ingeniería biomédica;Zaragoza;Escuela de Ingeniería y Arquitectura;Tecnologías de captación de imágenes médicas;Normal;Optativa;100.00;100.00;100.00;3;3;3;1.00;27/09/2020
2018;Máster;Máster: Ingeniería biomédica;Zaragoza;Escuela de Ingeniería y Arquitectura;Tecnologías de radioterapia;Normal;Optativa;100.00;100.00;100.00;2;2;2;1.00;27/09/2020
2018;Máster;Máster: Ingeniería biomédica;Zaragoza;Escuela de Ingeniería y Arquitectura;Bioelectricidad y electrofisiología;Normal;Optativa;75.00;75.00;100.00;5;4;5;1.00;27/09/2020
2018;Máster;Máster: Ingeniería biomédica;Zaragoza;Escuela de Ingeniería y Arquitectura;Trabajo fin de Máster (Biomecánica y biomateriales  avanzados);Trabajo fin de máster;Trabajo fin de máster;100.00;94.74;94.74;20;19;19;1.00;27/09/2020
2018;Máster;Máster: Ingeniería biomédica;Zaragoza;Escuela de Ingeniería y Arquitectura;Trabajo fin de Máster (Tecnologías de la información y las comunicaciones en ingeniería biomédica);Trabajo fin de máster;Trabajo fin de máster;100.00;71.43;71.43;8;6;6;1.00;27/09/2020
2018;Máster;Máster: Ingeniería biomédica;Zaragoza;Escuela de Ingeniería y Arquitectura;Trabajo fin de Máster (sin especialidad);Trabajo fin de máster;Trabajo fin de máster;100.00;62.50;62.50;8;5;5;1.00;27/09/2020
2018;Máster;Máster: Ingeniería biomédica;Zaragoza;Escuela de Ingeniería y Arquitectura;Prácticas externas 2;Prácticas externas;Optativa;100.00;90.91;90.91;11;10;10;1.00;27/09/2020
2018;Máster;Máster: Ingeniería biomédica;Zaragoza;Escuela de Ingeniería y Arquitectura;Tecnología electrónica biomédica;Normal;Optativa;100.00;50.00;50.00;2;1;1;1.00;27/09/2020
2018;Doctorado;Doctorado: PD Ciencias de la antigüedad [RD 99/2011];Zaragoza;Escuela de Doctorado;Tesis doctoral;Tesis doctoral;Investigación;;;;9;9;9;1.00;27/09/2020
2018;Doctorado;Doctorado: PD Estudios ingleses [RD 99/2011];Zaragoza;Escuela de Doctorado;Tesis doctoral;Tesis doctoral;Investigación;;;;1;1;1;1.00;27/09/2020
2018;Doctorado;Doctorado: PD Literaturas hispánicas [RD 99/2011];Zaragoza;Escuela de Doctorado;Tesis doctoral;Tesis doctoral;Investigación;;;;4;4;4;1.00;27/09/2020
2018;Doctorado;Doctorado: PD Filosofía [RD 99/2011];Zaragoza;Escuela de Doctorado;Tesis doctoral;Tesis doctoral;Investigación;;;;1;1;1;1.00;27/09/2020
2018;Doctorado;Doctorado: PD Historia del arte [RD 99/2011];Zaragoza;Escuela de Doctorado;Tesis doctoral;Tesis doctoral;Investigación;;;;5;5;5;1.00;27/09/2020
2018;Doctorado;Doctorado: PD Historia, sociedad y cultura: épocas medieval y moderna [RD 99/2011];Zaragoza;Escuela de Doctorado;Tesis doctoral;Tesis doctoral;Investigación;;;;3;3;3;1.00;27/09/2020
2018;Doctorado;Doctorado: PD Lingüística hispánica [RD 99/2011];Zaragoza;Escuela de Doctorado;Tesis doctoral;Tesis doctoral;Investigación;;;;2;2;2;1.00;27/09/2020
2018;Doctorado;Doctorado: PD Bioquímica y biología molecular [RD 99/2011];Zaragoza;Escuela de Doctorado;Tesis doctoral;Tesis doctoral;Investigación;;;;11;11;11;1.00;27/09/2020
2018;Doctorado;Doctorado: PD Calidad, seguridad y tecnología de los alimentos [RD 99/2011];Zaragoza;Escuela de Doctorado;Tesis doctoral;Tesis doctoral;Investigación;;;;4;4;4;1.00;27/09/2020
2018;Doctorado;Doctorado: PD Ciencia analítica en química [RD 99/2011];Zaragoza;Escuela de Doctorado;Tesis doctoral;Tesis doctoral;Investigación;;;;4;4;4;1.00;27/09/2020
2018;Doctorado;Doctorado: PD Física [RD 99/2011];Zaragoza;Escuela de Doctorado;Tesis doctoral;Tesis doctoral;Investigación;;;;5;5;5;1.00;27/09/2020
2018;Doctorado;Doctorado: PD Geología [RD 99/2011];Zaragoza;Escuela de Doctorado;Tesis doctoral;Tesis doctoral;Investigación;;;;8;8;8;1.00;27/09/2020
2018;Doctorado;Doctorado: PD Matemáticas y estadística [RD 99/2011];Zaragoza;Escuela de Doctorado;Tesis doctoral;Tesis doctoral;Investigación;;;;2;2;2;1.00;27/09/2020
2018;Doctorado;Doctorado: PD Producción animal [RD 99/2011];Zaragoza;Escuela de Doctorado;Tesis doctoral;Tesis doctoral;Investigación;;;;3;3;3;1.00;27/09/2020
2018;Doctorado;Doctorado: PD Química física [RD 99/2011];Zaragoza;Escuela de Doctorado;Tesis doctoral;Tesis doctoral;Investigación;;;;1;1;1;1.00;27/09/2020
2018;Doctorado;Doctorado: PD Química inorgánica [RD 99/2011];Zaragoza;Escuela de Doctorado;Tesis doctoral;Tesis doctoral;Investigación;;;;6;6;6;1.00;27/09/2020
2018;Doctorado;Doctorado: PD Química orgánica [RD 99/2011];Zaragoza;Escuela de Doctorado;Tesis doctoral;Tesis doctoral;Investigación;;;;4;4;4;1.00;27/09/2020
2018;Doctorado;Doctorado: PD Ciencias biomédicas y biotecnológicas [RD 99/2011];Zaragoza;Escuela de Doctorado;Tesis doctoral;Tesis doctoral;Investigación;;;;4;4;4;1.00;27/09/2020
2018;Doctorado;Doctorado: PD Ciencias de la salud y del deporte [RD 99/2011];Zaragoza;Escuela de Doctorado;Tesis doctoral;Tesis doctoral;Investigación;;;;10;10;10;1.00;27/09/2020
2018;Doctorado;Doctorado: PD Medicina [RD 99/2011];Zaragoza;Escuela de Doctorado;Tesis doctoral;Tesis doctoral;Investigación;;;;31;31;31;1.00;27/09/2020
2018;Doctorado;Doctorado: PD Medicina y sanidad animal [RD 99/2011];Zaragoza;Escuela de Doctorado;Tesis doctoral;Tesis doctoral;Investigación;;;;6;6;6;1.00;27/09/2020
2018;Doctorado;Doctorado: PD Contabilidad y finanzas [RD 99/2011];Zaragoza;Escuela de Doctorado;Tesis doctoral;Tesis doctoral;Investigación;;;;4;4;4;1.00;27/09/2020
2018;Doctorado;Doctorado: PD Derecho [RD 99/2011];Zaragoza;Escuela de Doctorado;Tesis doctoral;Tesis doctoral;Investigación;;;;8;8;8;1.00;27/09/2020
2018;Doctorado;Doctorado: PD Derechos humanos y libertades fundamentales [RD 99/2011];Zaragoza;Escuela de Doctorado;Tesis doctoral;Tesis doctoral;Investigación;;;;4;4;4;1.00;27/09/2020
2018;Doctorado;Doctorado: PD Economía [RD 99/2011];Zaragoza;Escuela de Doctorado;Tesis doctoral;Tesis doctoral;Investigación;;;;5;5;5;1.00;27/09/2020
2018;Doctorado;Doctorado: PD Economía y gestión de las organizaciones [RD 99/2011];Zaragoza;Escuela de Doctorado;Tesis doctoral;Tesis doctoral;Investigación;;;;2;2;2;1.00;27/09/2020
2018;Doctorado;Doctorado: PD Educación [RD 99/2011];Zaragoza;Escuela de Doctorado;Tesis doctoral;Tesis doctoral;Investigación;;;;5;5;5;1.00;27/09/2020
2018;Doctorado;Doctorado: PD Ordenación del territorio y medio ambiente [RD 99/2011];Zaragoza;Escuela de Doctorado;Tesis doctoral;Tesis doctoral;Investigación;;;;8;8;8;1.00;27/09/2020
2018;Doctorado;Doctorado: PD Sociología de las políticas públicas y sociales [RD 99/2011];Zaragoza;Escuela de Doctorado;Tesis doctoral;Tesis doctoral;Investigación;;;;6;6;6;1.00;27/09/2020
2018;Doctorado;Doctorado: PD Ciencias agrarias y del medio natural [RD 99/2011];Zaragoza;Escuela de Doctorado;Tesis doctoral;Tesis doctoral;Investigación;;;;6;6;6;1.00;27/09/2020
2018;Doctorado;Doctorado: PD Energías renovables y eficiencia energética [RD 99/2011];Zaragoza;Escuela de Doctorado;Tesis doctoral;Tesis doctoral;Investigación;;;;9;9;9;1.00;27/09/2020
2018;Doctorado;Doctorado: PD Ingeniería biomédica [RD 99/2011];Zaragoza;Escuela de Doctorado;Tesis doctoral;Tesis doctoral;Investigación;;;;3;3;3;1.00;27/09/2020
2018;Doctorado;Doctorado: PD Ingeniería de diseño y fabricación [RD 99/2011];Zaragoza;Escuela de Doctorado;Tesis doctoral;Tesis doctoral;Investigación;;;;3;3;3;1.00;27/09/2020
2018;Doctorado;Doctorado: PD Ingeniería de sistemas e informática [RD 99/2011];Zaragoza;Escuela de Doctorado;Tesis doctoral;Tesis doctoral;Investigación;;;;7;7;7;1.00;27/09/2020
2018;Doctorado;Doctorado: PD Ingeniería electrónica [RD 99/2011];Zaragoza;Escuela de Doctorado;Tesis doctoral;Tesis doctoral;Investigación;;;;3;3;3;1.00;27/09/2020
2018;Doctorado;Doctorado: PD Ingeniería mecánica [RD 99/2011];Zaragoza;Escuela de Doctorado;Tesis doctoral;Tesis doctoral;Investigación;;;;4;4;4;1.00;27/09/2020
2018;Doctorado;Doctorado: PD Ingeniería química y del medio ambiente [RD 99/2011];Zaragoza;Escuela de Doctorado;Tesis doctoral;Tesis doctoral;Investigación;;;;13;13;13;1.00;27/09/2020
2018;Doctorado;Doctorado: PD Mecánica de fluidos [RD 99/2011];Zaragoza;Escuela de Doctorado;Tesis doctoral;Tesis doctoral;Investigación;;;;1;1;1;1.00;27/09/2020
2018;Doctorado;Doctorado: PD Nuevos territorios en la arquitectura [RD 99/2011];Zaragoza;Escuela de Doctorado;Tesis doctoral;Tesis doctoral;Investigación;;;;3;3;3;1.00;27/09/2020
2018;Doctorado;Doctorado: PD Tecnologías de la información y comunicaciones en redes moviles [RD 99/2011];Zaragoza;Escuela de Doctorado;Tesis doctoral;Tesis doctoral;Investigación;;;;1;1;1;1.00;27/09/2020
2018;Doctorado;Doctorado: PD Información y Comunicación [RD 99/2011];Zaragoza;Escuela de Doctorado;Tesis doctoral;Tesis doctoral;Investigación;;;;2;2;2;1.00;27/09/2020
2018;Doctorado;Doctorado: PD Patrimonio, Sociedades y Espacios de Frontera [RD 99/2011];Zaragoza;Escuela de Doctorado;Tesis doctoral;Tesis doctoral;Investigación;;;;1;1;1;1.00;27/09/2020
2018;Doctorado;Doctorado: PD Logística y gestión de la cadena de suministro [RD 99/2011];Zaragoza;Escuela de Doctorado;Tesis doctoral;Tesis doctoral;Investigación;;;;1;1;1;1.00;27/09/2020
2018;Doctorado;Doctorado: PD Ciencias de la antigüedad [RD 99/2011];Zaragoza;Escuela de Doctorado;Tutela (primer año);Tutela académica de doctorado;Investigación;;;;6;6;6;0.00;27/09/2020
2018;Doctorado;Doctorado: PD Estudios ingleses [RD 99/2011];Zaragoza;Escuela de Doctorado;Tutela (primer año);Tutela académica de doctorado;Investigación;;;;8;6;8;0.00;27/09/2020
2018;Doctorado;Doctorado: PD Literaturas hispánicas [RD 99/2011];Zaragoza;Escuela de Doctorado;Tutela (primer año);Tutela académica de doctorado;Investigación;;;;7;7;7;0.00;27/09/2020
2018;Doctorado;Doctorado: PD Filosofía [RD 99/2011];Zaragoza;Escuela de Doctorado;Tutela (primer año);Tutela académica de doctorado;Investigación;;;;10;9;10;0.00;27/09/2020
2018;Doctorado;Doctorado: PD Historia contemporánea [RD 99/2011];Zaragoza;Escuela de Doctorado;Tutela (primer año);Tutela académica de doctorado;Investigación;;;;8;8;8;0.00;27/09/2020
2018;Doctorado;Doctorado: PD Historia del arte [RD 99/2011];Zaragoza;Escuela de Doctorado;Tutela (primer año);Tutela académica de doctorado;Investigación;;;;14;13;14;0.00;27/09/2020
2018;Doctorado;Doctorado: PD Historia, sociedad y cultura: épocas medieval y moderna [RD 99/2011];Zaragoza;Escuela de Doctorado;Tutela (primer año);Tutela académica de doctorado;Investigación;;;;4;4;4;0.00;27/09/2020
2018;Doctorado;Doctorado: PD Lingüística hispánica [RD 99/2011];Zaragoza;Escuela de Doctorado;Tutela (primer año);Tutela académica de doctorado;Investigación;;;;2;1;2;0.00;27/09/2020
2018;Doctorado;Doctorado: PD Bioquímica y biología molecular [RD 99/2011];Zaragoza;Escuela de Doctorado;Tutela (primer año);Tutela académica de doctorado;Investigación;;;;21;21;21;0.00;27/09/2020
2018;Doctorado;Doctorado: PD Calidad, seguridad y tecnología de los alimentos [RD 99/2011];Zaragoza;Escuela de Doctorado;Tutela (primer año);Tutela académica de doctorado;Investigación;;;;7;7;7;0.00;27/09/2020
2018;Doctorado;Doctorado: PD Ciencia analítica en química [RD 99/2011];Zaragoza;Escuela de Doctorado;Tutela (primer año);Tutela académica de doctorado;Investigación;;;;11;11;11;0.00;27/09/2020
2018;Doctorado;Doctorado: PD Física [RD 99/2011];Zaragoza;Escuela de Doctorado;Tutela (primer año);Tutela académica de doctorado;Investigación;;;;14;14;14;0.00;27/09/2020
2018;Doctorado;Doctorado: PD Geología [RD 99/2011];Zaragoza;Escuela de Doctorado;Tutela (primer año);Tutela académica de doctorado;Investigación;;;;11;11;11;0.00;27/09/2020
2018;Doctorado;Doctorado: PD Matemáticas y estadística [RD 99/2011];Zaragoza;Escuela de Doctorado;Tutela (primer año);Tutela académica de doctorado;Investigación;;;;3;3;3;0.00;27/09/2020
2018;Doctorado;Doctorado: PD Producción animal [RD 99/2011];Zaragoza;Escuela de Doctorado;Tutela (primer año);Tutela académica de doctorado;Investigación;;;;2;1;2;0.00;27/09/2020
2018;Doctorado;Doctorado: PD Química física [RD 99/2011];Zaragoza;Escuela de Doctorado;Tutela (primer año);Tutela académica de doctorado;Investigación;;;;4;4;4;0.00;27/09/2020
2018;Doctorado;Doctorado: PD Química inorgánica [RD 99/2011];Zaragoza;Escuela de Doctorado;Tutela (primer año);Tutela académica de doctorado;Investigación;;;;8;8;8;0.00;27/09/2020
2018;Doctorado;Doctorado: PD Química orgánica [RD 99/2011];Zaragoza;Escuela de Doctorado;Tutela (primer año);Tutela académica de doctorado;Investigación;;;;6;6;6;0.00;27/09/2020
2018;Doctorado;Doctorado: PD Ciencias biomédicas y biotecnológicas [RD 99/2011];Zaragoza;Escuela de Doctorado;Tutela (primer año);Tutela académica de doctorado;Investigación;;;;7;7;7;0.00;27/09/2020
2018;Doctorado;Doctorado: PD Ciencias de la salud y del deporte [RD 99/2011];Zaragoza;Escuela de Doctorado;Tutela (primer año);Tutela académica de doctorado;Investigación;;;;20;20;20;0.00;27/09/2020
2018;Doctorado;Doctorado: PD Medicina [RD 99/2011];Zaragoza;Escuela de Doctorado;Tutela (primer año);Tutela académica de doctorado;Investigación;;;;75;70;75;0.00;27/09/2020
2018;Doctorado;Doctorado: PD Medicina y sanidad animal [RD 99/2011];Zaragoza;Escuela de Doctorado;Tutela (primer año);Tutela académica de doctorado;Investigación;;;;7;6;7;0.00;27/09/2020
2018;Doctorado;Doctorado: PD Contabilidad y finanzas [RD 99/2011];Zaragoza;Escuela de Doctorado;Tutela (primer año);Tutela académica de doctorado;Investigación;;;;11;11;11;0.00;27/09/2020
2018;Doctorado;Doctorado: PD Derecho [RD 99/2011];Zaragoza;Escuela de Doctorado;Tutela (primer año);Tutela académica de doctorado;Investigación;;;;23;23;23;0.00;27/09/2020
2018;Doctorado;Doctorado: PD Derechos humanos y libertades fundamentales [RD 99/2011];Zaragoza;Escuela de Doctorado;Tutela (primer año);Tutela académica de doctorado;Investigación;;;;4;4;4;0.00;27/09/2020
2018;Doctorado;Doctorado: PD Economía [RD 99/2011];Zaragoza;Escuela de Doctorado;Tutela (primer año);Tutela académica de doctorado;Investigación;;;;5;5;5;0.00;27/09/2020
2018;Doctorado;Doctorado: PD Economía y gestión de las organizaciones [RD 99/2011];Zaragoza;Escuela de Doctorado;Tutela (primer año);Tutela académica de doctorado;Investigación;;;;13;11;13;0.00;27/09/2020
2018;Doctorado;Doctorado: PD Educación [RD 99/2011];Zaragoza;Escuela de Doctorado;Tutela (primer año);Tutela académica de doctorado;Investigación;;;;23;19;23;0.00;27/09/2020
2018;Doctorado;Doctorado: PD Ordenación del territorio y medio ambiente [RD 99/2011];Zaragoza;Escuela de Doctorado;Tutela (primer año);Tutela académica de doctorado;Investigación;;;;8;7;8;0.00;27/09/2020
2018;Doctorado;Doctorado: PD Relaciones de género y estudios feministas [RD 99/2011];Zaragoza;Escuela de Doctorado;Tutela (primer año);Tutela académica de doctorado;Investigación;;;;4;4;4;0.00;27/09/2020
2018;Doctorado;Doctorado: PD Sociología de las políticas públicas y sociales [RD 99/2011];Zaragoza;Escuela de Doctorado;Tutela (primer año);Tutela académica de doctorado;Investigación;;;;16;16;16;0.00;27/09/2020
2018;Doctorado;Doctorado: PD Ciencias agrarias y del medio natural [RD 99/2011];Zaragoza;Escuela de Doctorado;Tutela (primer año);Tutela académica de doctorado;Investigación;;;;8;8;8;0.00;27/09/2020
2018;Doctorado;Doctorado: PD Energías renovables y eficiencia energética [RD 99/2011];Zaragoza;Escuela de Doctorado;Tutela (primer año);Tutela académica de doctorado;Investigación;;;;13;11;13;0.00;27/09/2020
2018;Doctorado;Doctorado: PD Ingeniería biomédica [RD 99/2011];Zaragoza;Escuela de Doctorado;Tutela (primer año);Tutela académica de doctorado;Investigación;;;;10;10;10;0.00;27/09/2020
2018;Doctorado;Doctorado: PD Ingeniería de diseño y fabricación [RD 99/2011];Zaragoza;Escuela de Doctorado;Tutela (primer año);Tutela académica de doctorado;Investigación;;;;5;4;5;0.00;27/09/2020
2018;Doctorado;Doctorado: PD Ingeniería de sistemas e informática [RD 99/2011];Zaragoza;Escuela de Doctorado;Tutela (primer año);Tutela académica de doctorado;Investigación;;;;18;17;18;0.00;27/09/2020
2018;Doctorado;Doctorado: PD Ingeniería electrónica [RD 99/2011];Zaragoza;Escuela de Doctorado;Tutela (primer año);Tutela académica de doctorado;Investigación;;;;4;4;4;0.00;27/09/2020
2018;Doctorado;Doctorado: PD Ingeniería mecánica [RD 99/2011];Zaragoza;Escuela de Doctorado;Tutela (primer año);Tutela académica de doctorado;Investigación;;;;13;10;13;0.00;27/09/2020
2018;Doctorado;Doctorado: PD Ingeniería química y del medio ambiente [RD 99/2011];Zaragoza;Escuela de Doctorado;Tutela (primer año);Tutela académica de doctorado;Investigación;;;;17;17;17;0.00;27/09/2020
2018;Doctorado;Doctorado: PD Mecánica de fluidos [RD 99/2011];Zaragoza;Escuela de Doctorado;Tutela (primer año);Tutela académica de doctorado;Investigación;;;;2;2;2;0.00;27/09/2020
2018;Doctorado;Doctorado: PD Nuevos territorios en la arquitectura [RD 99/2011];Zaragoza;Escuela de Doctorado;Tutela (primer año);Tutela académica de doctorado;Investigación;;;;1;1;1;0.00;27/09/2020
2018;Doctorado;Doctorado: PD Tecnologías de la información y comunicaciones en redes moviles [RD 99/2011];Zaragoza;Escuela de Doctorado;Tutela (primer año);Tutela académica de doctorado;Investigación;;;;2;2;2;0.00;27/09/2020
2018;Doctorado;Doctorado: PD Información y Comunicación [RD 99/2011];Zaragoza;Escuela de Doctorado;Tutela (primer año);Tutela académica de doctorado;Investigación;;;;7;7;7;0.00;27/09/2020
2018;Doctorado;Doctorado: PD Patrimonio, Sociedades y Espacios de Frontera [RD 99/2011];Zaragoza;Escuela de Doctorado;Tutela (primer año);Tutela académica de doctorado;Investigación;;;;4;4;4;0.00;27/09/2020
2018;Doctorado;Doctorado: PD Ciencias de la antigüedad [RD 99/2011];Zaragoza;Escuela de Doctorado;Tutela (segundo año);Tutela académica de doctorado;Investigación;;;;7;7;7;0.00;27/09/2020
2018;Doctorado;Doctorado: PD Estudios ingleses [RD 99/2011];Zaragoza;Escuela de Doctorado;Tutela (segundo año);Tutela académica de doctorado;Investigación;;;;8;8;8;0.00;27/09/2020
2018;Doctorado;Doctorado: PD Literaturas hispánicas [RD 99/2011];Zaragoza;Escuela de Doctorado;Tutela (segundo año);Tutela académica de doctorado;Investigación;;;;4;4;4;0.00;27/09/2020
2018;Doctorado;Doctorado: PD Filosofía [RD 99/2011];Zaragoza;Escuela de Doctorado;Tutela (segundo año);Tutela académica de doctorado;Investigación;;;;6;6;6;0.00;27/09/2020
2018;Doctorado;Doctorado: PD Historia contemporánea [RD 99/2011];Zaragoza;Escuela de Doctorado;Tutela (segundo año);Tutela académica de doctorado;Investigación;;;;6;5;6;0.00;27/09/2020
2018;Doctorado;Doctorado: PD Historia del arte [RD 99/2011];Zaragoza;Escuela de Doctorado;Tutela (segundo año);Tutela académica de doctorado;Investigación;;;;6;6;6;0.00;27/09/2020
2018;Doctorado;Doctorado: PD Historia, sociedad y cultura: épocas medieval y moderna [RD 99/2011];Zaragoza;Escuela de Doctorado;Tutela (segundo año);Tutela académica de doctorado;Investigación;;;;3;3;3;0.00;27/09/2020
2018;Doctorado;Doctorado: PD Lingüística hispánica [RD 99/2011];Zaragoza;Escuela de Doctorado;Tutela (segundo año);Tutela académica de doctorado;Investigación;;;;9;9;9;0.00;27/09/2020
2018;Doctorado;Doctorado: PD Bioquímica y biología molecular [RD 99/2011];Zaragoza;Escuela de Doctorado;Tutela (segundo año);Tutela académica de doctorado;Investigación;;;;17;17;17;0.00;27/09/2020
2018;Doctorado;Doctorado: PD Calidad, seguridad y tecnología de los alimentos [RD 99/2011];Zaragoza;Escuela de Doctorado;Tutela (segundo año);Tutela académica de doctorado;Investigación;;;;2;2;2;0.00;27/09/2020
2018;Doctorado;Doctorado: PD Ciencia analítica en química [RD 99/2011];Zaragoza;Escuela de Doctorado;Tutela (segundo año);Tutela académica de doctorado;Investigación;;;;7;7;7;0.00;27/09/2020
2018;Doctorado;Doctorado: PD Física [RD 99/2011];Zaragoza;Escuela de Doctorado;Tutela (segundo año);Tutela académica de doctorado;Investigación;;;;16;15;16;0.00;27/09/2020
2018;Doctorado;Doctorado: PD Geología [RD 99/2011];Zaragoza;Escuela de Doctorado;Tutela (segundo año);Tutela académica de doctorado;Investigación;;;;5;5;5;0.00;27/09/2020
2018;Doctorado;Doctorado: PD Matemáticas y estadística [RD 99/2011];Zaragoza;Escuela de Doctorado;Tutela (segundo año);Tutela académica de doctorado;Investigación;;;;4;4;4;0.00;27/09/2020
2018;Doctorado;Doctorado: PD Producción animal [RD 99/2011];Zaragoza;Escuela de Doctorado;Tutela (segundo año);Tutela académica de doctorado;Investigación;;;;4;4;4;0.00;27/09/2020
2018;Doctorado;Doctorado: PD Química física [RD 99/2011];Zaragoza;Escuela de Doctorado;Tutela (segundo año);Tutela académica de doctorado;Investigación;;;;2;2;2;0.00;27/09/2020
2018;Doctorado;Doctorado: PD Química inorgánica [RD 99/2011];Zaragoza;Escuela de Doctorado;Tutela (segundo año);Tutela académica de doctorado;Investigación;;;;6;6;6;0.00;27/09/2020
2018;Doctorado;Doctorado: PD Química orgánica [RD 99/2011];Zaragoza;Escuela de Doctorado;Tutela (segundo año);Tutela académica de doctorado;Investigación;;;;4;4;4;0.00;27/09/2020
2018;Doctorado;Doctorado: PD Ciencias biomédicas y biotecnológicas [RD 99/2011];Zaragoza;Escuela de Doctorado;Tutela (segundo año);Tutela académica de doctorado;Investigación;;;;16;16;16;0.00;27/09/2020
2018;Doctorado;Doctorado: PD Ciencias de la salud y del deporte [RD 99/2011];Zaragoza;Escuela de Doctorado;Tutela (segundo año);Tutela académica de doctorado;Investigación;;;;26;24;26;0.00;27/09/2020
2018;Doctorado;Doctorado: PD Medicina [RD 99/2011];Zaragoza;Escuela de Doctorado;Tutela (segundo año);Tutela académica de doctorado;Investigación;;;;67;62;67;0.00;27/09/2020
2018;Doctorado;Doctorado: PD Medicina y sanidad animal [RD 99/2011];Zaragoza;Escuela de Doctorado;Tutela (segundo año);Tutela académica de doctorado;Investigación;;;;15;14;15;0.00;27/09/2020
2018;Doctorado;Doctorado: PD Contabilidad y finanzas [RD 99/2011];Zaragoza;Escuela de Doctorado;Tutela (segundo año);Tutela académica de doctorado;Investigación;;;;9;7;9;0.00;27/09/2020
2018;Doctorado;Doctorado: PD Derecho [RD 99/2011];Zaragoza;Escuela de Doctorado;Tutela (segundo año);Tutela académica de doctorado;Investigación;;;;21;21;21;0.00;27/09/2020
2018;Doctorado;Doctorado: PD Derechos humanos y libertades fundamentales [RD 99/2011];Zaragoza;Escuela de Doctorado;Tutela (segundo año);Tutela académica de doctorado;Investigación;;;;5;5;5;0.00;27/09/2020
2018;Doctorado;Doctorado: PD Economía [RD 99/2011];Zaragoza;Escuela de Doctorado;Tutela (segundo año);Tutela académica de doctorado;Investigación;;;;11;11;11;0.00;27/09/2020
2018;Doctorado;Doctorado: PD Economía y gestión de las organizaciones [RD 99/2011];Zaragoza;Escuela de Doctorado;Tutela (segundo año);Tutela académica de doctorado;Investigación;;;;6;6;6;0.00;27/09/2020
2018;Doctorado;Doctorado: PD Educación [RD 99/2011];Zaragoza;Escuela de Doctorado;Tutela (segundo año);Tutela académica de doctorado;Investigación;;;;24;24;24;0.00;27/09/2020
2018;Doctorado;Doctorado: PD Ordenación del territorio y medio ambiente [RD 99/2011];Zaragoza;Escuela de Doctorado;Tutela (segundo año);Tutela académica de doctorado;Investigación;;;;5;5;5;0.00;27/09/2020
2018;Doctorado;Doctorado: PD Relaciones de género y estudios feministas [RD 99/2011];Zaragoza;Escuela de Doctorado;Tutela (segundo año);Tutela académica de doctorado;Investigación;;;;6;6;6;0.00;27/09/2020
2018;Doctorado;Doctorado: PD Sociología de las políticas públicas y sociales [RD 99/2011];Zaragoza;Escuela de Doctorado;Tutela (segundo año);Tutela académica de doctorado;Investigación;;;;7;7;7;0.00;27/09/2020
2018;Doctorado;Doctorado: PD Ciencias agrarias y del medio natural [RD 99/2011];Zaragoza;Escuela de Doctorado;Tutela (segundo año);Tutela académica de doctorado;Investigación;;;;13;13;13;0.00;27/09/2020
2018;Doctorado;Doctorado: PD Energías renovables y eficiencia energética [RD 99/2011];Zaragoza;Escuela de Doctorado;Tutela (segundo año);Tutela académica de doctorado;Investigación;;;;12;12;12;0.00;27/09/2020
2018;Doctorado;Doctorado: PD Ingeniería biomédica [RD 99/2011];Zaragoza;Escuela de Doctorado;Tutela (segundo año);Tutela académica de doctorado;Investigación;;;;15;15;15;0.00;27/09/2020
2018;Doctorado;Doctorado: PD Ingeniería de diseño y fabricación [RD 99/2011];Zaragoza;Escuela de Doctorado;Tutela (segundo año);Tutela académica de doctorado;Investigación;;;;7;7;7;0.00;27/09/2020
2018;Doctorado;Doctorado: PD Ingeniería de sistemas e informática [RD 99/2011];Zaragoza;Escuela de Doctorado;Tutela (segundo año);Tutela académica de doctorado;Investigación;;;;18;17;18;0.00;27/09/2020
2018;Doctorado;Doctorado: PD Ingeniería electrónica [RD 99/2011];Zaragoza;Escuela de Doctorado;Tutela (segundo año);Tutela académica de doctorado;Investigación;;;;10;10;10;0.00;27/09/2020
2018;Doctorado;Doctorado: PD Ingeniería mecánica [RD 99/2011];Zaragoza;Escuela de Doctorado;Tutela (segundo año);Tutela académica de doctorado;Investigación;;;;9;9;9;0.00;27/09/2020
2018;Doctorado;Doctorado: PD Ingeniería química y del medio ambiente [RD 99/2011];Zaragoza;Escuela de Doctorado;Tutela (segundo año);Tutela académica de doctorado;Investigación;;;;14;14;14;0.00;27/09/2020
2018;Doctorado;Doctorado: PD Mecánica de fluidos [RD 99/2011];Zaragoza;Escuela de Doctorado;Tutela (segundo año);Tutela académica de doctorado;Investigación;;;;3;3;3;0.00;27/09/2020
2018;Doctorado;Doctorado: PD Nuevos territorios en la arquitectura [RD 99/2011];Zaragoza;Escuela de Doctorado;Tutela (segundo año);Tutela académica de doctorado;Investigación;;;;4;4;4;0.00;27/09/2020
2018;Doctorado;Doctorado: PD Tecnologías de la información y comunicaciones en redes moviles [RD 99/2011];Zaragoza;Escuela de Doctorado;Tutela (segundo año);Tutela académica de doctorado;Investigación;;;;4;4;4;0.00;27/09/2020
2018;Doctorado;Doctorado: PD Información y Comunicación [RD 99/2011];Zaragoza;Escuela de Doctorado;Tutela (segundo año);Tutela académica de doctorado;Investigación;;;;8;7;8;0.00;27/09/2020
2018;Doctorado;Doctorado: PD Patrimonio, Sociedades y Espacios de Frontera [RD 99/2011];Zaragoza;Escuela de Doctorado;Tutela (segundo año);Tutela académica de doctorado;Investigación;;;;5;5;5;0.00;27/09/2020
2018;Doctorado;Doctorado: PD Logística y gestión de la cadena de suministro [RD 99/2011];Zaragoza;Escuela de Doctorado;Tutela (segundo año);Tutela académica de doctorado;Investigación;;;;1;0;1;;27/09/2020
2018;Doctorado;Doctorado: PD Ciencias de la antigüedad [RD 99/2011];Zaragoza;Escuela de Doctorado;Tutela (tercer año);Tutela académica de doctorado;Investigación;;;;13;12;13;0.00;27/09/2020
2018;Doctorado;Doctorado: PD Estudios ingleses [RD 99/2011];Zaragoza;Escuela de Doctorado;Tutela (tercer año);Tutela académica de doctorado;Investigación;;;;9;9;9;0.00;27/09/2020
2018;Doctorado;Doctorado: PD Literaturas hispánicas [RD 99/2011];Zaragoza;Escuela de Doctorado;Tutela (tercer año);Tutela académica de doctorado;Investigación;;;;3;3;3;0.00;27/09/2020
2018;Doctorado;Doctorado: PD Filosofía [RD 99/2011];Zaragoza;Escuela de Doctorado;Tutela (tercer año);Tutela académica de doctorado;Investigación;;;;1;1;1;0.00;27/09/2020
2018;Doctorado;Doctorado: PD Historia contemporánea [RD 99/2011];Zaragoza;Escuela de Doctorado;Tutela (tercer año);Tutela académica de doctorado;Investigación;;;;7;7;7;0.00;27/09/2020
2018;Doctorado;Doctorado: PD Historia del arte [RD 99/2011];Zaragoza;Escuela de Doctorado;Tutela (tercer año);Tutela académica de doctorado;Investigación;;;;8;7;8;0.00;27/09/2020
2018;Doctorado;Doctorado: PD Historia, sociedad y cultura: épocas medieval y moderna [RD 99/2011];Zaragoza;Escuela de Doctorado;Tutela (tercer año);Tutela académica de doctorado;Investigación;;;;3;3;3;0.00;27/09/2020
2018;Doctorado;Doctorado: PD Lingüística hispánica [RD 99/2011];Zaragoza;Escuela de Doctorado;Tutela (tercer año);Tutela académica de doctorado;Investigación;;;;6;6;6;0.00;27/09/2020
2018;Doctorado;Doctorado: PD Bioquímica y biología molecular [RD 99/2011];Zaragoza;Escuela de Doctorado;Tutela (tercer año);Tutela académica de doctorado;Investigación;;;;18;18;18;0.00;27/09/2020
2018;Doctorado;Doctorado: PD Calidad, seguridad y tecnología de los alimentos [RD 99/2011];Zaragoza;Escuela de Doctorado;Tutela (tercer año);Tutela académica de doctorado;Investigación;;;;11;11;11;0.00;27/09/2020
2018;Doctorado;Doctorado: PD Ciencia analítica en química [RD 99/2011];Zaragoza;Escuela de Doctorado;Tutela (tercer año);Tutela académica de doctorado;Investigación;;;;7;7;7;0.00;27/09/2020
2018;Doctorado;Doctorado: PD Física [RD 99/2011];Zaragoza;Escuela de Doctorado;Tutela (tercer año);Tutela académica de doctorado;Investigación;;;;14;14;14;0.00;27/09/2020
2018;Doctorado;Doctorado: PD Geología [RD 99/2011];Zaragoza;Escuela de Doctorado;Tutela (tercer año);Tutela académica de doctorado;Investigación;;;;8;8;8;0.00;27/09/2020
2018;Doctorado;Doctorado: PD Matemáticas y estadística [RD 99/2011];Zaragoza;Escuela de Doctorado;Tutela (tercer año);Tutela académica de doctorado;Investigación;;;;1;1;1;0.00;27/09/2020
2018;Doctorado;Doctorado: PD Producción animal [RD 99/2011];Zaragoza;Escuela de Doctorado;Tutela (tercer año);Tutela académica de doctorado;Investigación;;;;1;1;1;0.00;27/09/2020
2018;Doctorado;Doctorado: PD Química física [RD 99/2011];Zaragoza;Escuela de Doctorado;Tutela (tercer año);Tutela académica de doctorado;Investigación;;;;3;3;3;0.00;27/09/2020
2018;Doctorado;Doctorado: PD Química inorgánica [RD 99/2011];Zaragoza;Escuela de Doctorado;Tutela (tercer año);Tutela académica de doctorado;Investigación;;;;13;13;13;0.00;27/09/2020
2018;Doctorado;Doctorado: PD Química orgánica [RD 99/2011];Zaragoza;Escuela de Doctorado;Tutela (tercer año);Tutela académica de doctorado;Investigación;;;;6;6;6;0.00;27/09/2020
2018;Doctorado;Doctorado: PD Ciencias biomédicas y biotecnológicas [RD 99/2011];Zaragoza;Escuela de Doctorado;Tutela (tercer año);Tutela académica de doctorado;Investigación;;;;6;6;6;0.00;27/09/2020
2018;Doctorado;Doctorado: PD Ciencias de la salud y del deporte [RD 99/2011];Zaragoza;Escuela de Doctorado;Tutela (tercer año);Tutela académica de doctorado;Investigación;;;;28;26;28;0.00;27/09/2020
2018;Doctorado;Doctorado: PD Medicina [RD 99/2011];Zaragoza;Escuela de Doctorado;Tutela (tercer año);Tutela académica de doctorado;Investigación;;;;62;57;62;0.00;27/09/2020
2018;Doctorado;Doctorado: PD Medicina y sanidad animal [RD 99/2011];Zaragoza;Escuela de Doctorado;Tutela (tercer año);Tutela académica de doctorado;Investigación;;;;11;11;11;0.00;27/09/2020
2018;Doctorado;Doctorado: PD Contabilidad y finanzas [RD 99/2011];Zaragoza;Escuela de Doctorado;Tutela (tercer año);Tutela académica de doctorado;Investigación;;;;4;4;4;0.00;27/09/2020
2018;Doctorado;Doctorado: PD Derecho [RD 99/2011];Zaragoza;Escuela de Doctorado;Tutela (tercer año);Tutela académica de doctorado;Investigación;;;;17;17;17;0.00;27/09/2020
2018;Doctorado;Doctorado: PD Derechos humanos y libertades fundamentales [RD 99/2011];Zaragoza;Escuela de Doctorado;Tutela (tercer año);Tutela académica de doctorado;Investigación;;;;10;10;10;0.00;27/09/2020
2018;Doctorado;Doctorado: PD Economía [RD 99/2011];Zaragoza;Escuela de Doctorado;Tutela (tercer año);Tutela académica de doctorado;Investigación;;;;17;16;17;0.00;27/09/2020
2018;Doctorado;Doctorado: PD Economía y gestión de las organizaciones [RD 99/2011];Zaragoza;Escuela de Doctorado;Tutela (tercer año);Tutela académica de doctorado;Investigación;;;;7;6;7;0.00;27/09/2020
2018;Doctorado;Doctorado: PD Educación [RD 99/2011];Zaragoza;Escuela de Doctorado;Tutela (tercer año);Tutela académica de doctorado;Investigación;;;;21;21;21;0.00;27/09/2020
2018;Doctorado;Doctorado: PD Ordenación del territorio y medio ambiente [RD 99/2011];Zaragoza;Escuela de Doctorado;Tutela (tercer año);Tutela académica de doctorado;Investigación;;;;9;9;9;0.00;27/09/2020
2018;Doctorado;Doctorado: PD Relaciones de género y estudios feministas [RD 99/2011];Zaragoza;Escuela de Doctorado;Tutela (tercer año);Tutela académica de doctorado;Investigación;;;;3;3;3;0.00;27/09/2020
2018;Doctorado;Doctorado: PD Sociología de las políticas públicas y sociales [RD 99/2011];Zaragoza;Escuela de Doctorado;Tutela (tercer año);Tutela académica de doctorado;Investigación;;;;9;9;9;0.00;27/09/2020
2018;Doctorado;Doctorado: PD Ciencias agrarias y del medio natural [RD 99/2011];Zaragoza;Escuela de Doctorado;Tutela (tercer año);Tutela académica de doctorado;Investigación;;;;2;2;2;0.00;27/09/2020
2018;Doctorado;Doctorado: PD Energías renovables y eficiencia energética [RD 99/2011];Zaragoza;Escuela de Doctorado;Tutela (tercer año);Tutela académica de doctorado;Investigación;;;;11;11;11;0.00;27/09/2020
2018;Doctorado;Doctorado: PD Ingeniería biomédica [RD 99/2011];Zaragoza;Escuela de Doctorado;Tutela (tercer año);Tutela académica de doctorado;Investigación;;;;8;8;8;0.00;27/09/2020
2018;Doctorado;Doctorado: PD Ingeniería de diseño y fabricación [RD 99/2011];Zaragoza;Escuela de Doctorado;Tutela (tercer año);Tutela académica de doctorado;Investigación;;;;6;6;6;0.00;27/09/2020
2018;Doctorado;Doctorado: PD Ingeniería de sistemas e informática [RD 99/2011];Zaragoza;Escuela de Doctorado;Tutela (tercer año);Tutela académica de doctorado;Investigación;;;;10;10;10;0.00;27/09/2020
2018;Doctorado;Doctorado: PD Ingeniería electrónica [RD 99/2011];Zaragoza;Escuela de Doctorado;Tutela (tercer año);Tutela académica de doctorado;Investigación;;;;5;5;5;0.00;27/09/2020
2018;Doctorado;Doctorado: PD Ingeniería mecánica [RD 99/2011];Zaragoza;Escuela de Doctorado;Tutela (tercer año);Tutela académica de doctorado;Investigación;;;;7;7;7;0.00;27/09/2020
2018;Doctorado;Doctorado: PD Ingeniería química y del medio ambiente [RD 99/2011];Zaragoza;Escuela de Doctorado;Tutela (tercer año);Tutela académica de doctorado;Investigación;;;;12;11;12;0.00;27/09/2020
2018;Doctorado;Doctorado: PD Mecánica de fluidos [RD 99/2011];Zaragoza;Escuela de Doctorado;Tutela (tercer año);Tutela académica de doctorado;Investigación;;;;2;2;2;0.00;27/09/2020
2018;Doctorado;Doctorado: PD Nuevos territorios en la arquitectura [RD 99/2011];Zaragoza;Escuela de Doctorado;Tutela (tercer año);Tutela académica de doctorado;Investigación;;;;10;7;10;0.00;27/09/2020
2018;Doctorado;Doctorado: PD Tecnologías de la información y comunicaciones en redes moviles [RD 99/2011];Zaragoza;Escuela de Doctorado;Tutela (tercer año);Tutela académica de doctorado;Investigación;;;;8;8;8;0.00;27/09/2020
2018;Doctorado;Doctorado: PD Información y Comunicación [RD 99/2011];Zaragoza;Escuela de Doctorado;Tutela (tercer año);Tutela académica de doctorado;Investigación;;;;5;4;5;0.00;27/09/2020
2018;Doctorado;Doctorado: PD Patrimonio, Sociedades y Espacios de Frontera [RD 99/2011];Zaragoza;Escuela de Doctorado;Tutela (tercer año);Tutela académica de doctorado;Investigación;;;;1;1;1;0.00;27/09/2020
2018;Doctorado;Doctorado: PD Logística y gestión de la cadena de suministro [RD 99/2011];Zaragoza;Escuela de Doctorado;Tutela (tercer año);Tutela académica de doctorado;Investigación;;;;2;2;2;0.00;27/09/2020
2018;Doctorado;Doctorado: PD Ciencias de la antigüedad [RD 99/2011];Zaragoza;Escuela de Doctorado;Tutela (cuarto año);Tutela académica de doctorado;Investigación;;;;14;14;14;0.00;27/09/2020
2018;Doctorado;Doctorado: PD Estudios ingleses [RD 99/2011];Zaragoza;Escuela de Doctorado;Tutela (cuarto año);Tutela académica de doctorado;Investigación;;;;5;5;5;0.00;27/09/2020
2018;Doctorado;Doctorado: PD Literaturas hispánicas [RD 99/2011];Zaragoza;Escuela de Doctorado;Tutela (cuarto año);Tutela académica de doctorado;Investigación;;;;10;10;10;0.00;27/09/2020
2018;Doctorado;Doctorado: PD Filosofía [RD 99/2011];Zaragoza;Escuela de Doctorado;Tutela (cuarto año);Tutela académica de doctorado;Investigación;;;;2;2;2;0.00;27/09/2020
2018;Doctorado;Doctorado: PD Historia contemporánea [RD 99/2011];Zaragoza;Escuela de Doctorado;Tutela (cuarto año);Tutela académica de doctorado;Investigación;;;;16;15;16;0.00;27/09/2020
2018;Doctorado;Doctorado: PD Historia del arte [RD 99/2011];Zaragoza;Escuela de Doctorado;Tutela (cuarto año);Tutela académica de doctorado;Investigación;;;;24;24;24;0.00;27/09/2020
2018;Doctorado;Doctorado: PD Historia, sociedad y cultura: épocas medieval y moderna [RD 99/2011];Zaragoza;Escuela de Doctorado;Tutela (cuarto año);Tutela académica de doctorado;Investigación;;;;8;8;8;0.00;27/09/2020
2018;Doctorado;Doctorado: PD Lingüística hispánica [RD 99/2011];Zaragoza;Escuela de Doctorado;Tutela (cuarto año);Tutela académica de doctorado;Investigación;;;;11;11;11;0.00;27/09/2020
2018;Doctorado;Doctorado: PD Bioquímica y biología molecular [RD 99/2011];Zaragoza;Escuela de Doctorado;Tutela (cuarto año);Tutela académica de doctorado;Investigación;;;;23;23;23;0.00;27/09/2020
2018;Doctorado;Doctorado: PD Calidad, seguridad y tecnología de los alimentos [RD 99/2011];Zaragoza;Escuela de Doctorado;Tutela (cuarto año);Tutela académica de doctorado;Investigación;;;;1;1;1;0.00;27/09/2020
2018;Doctorado;Doctorado: PD Ciencia analítica en química [RD 99/2011];Zaragoza;Escuela de Doctorado;Tutela (cuarto año);Tutela académica de doctorado;Investigación;;;;5;5;5;0.00;27/09/2020
2018;Doctorado;Doctorado: PD Física [RD 99/2011];Zaragoza;Escuela de Doctorado;Tutela (cuarto año);Tutela académica de doctorado;Investigación;;;;15;15;15;0.00;27/09/2020
2018;Doctorado;Doctorado: PD Geología [RD 99/2011];Zaragoza;Escuela de Doctorado;Tutela (cuarto año);Tutela académica de doctorado;Investigación;;;;9;9;9;0.00;27/09/2020
2018;Doctorado;Doctorado: PD Matemáticas y estadística [RD 99/2011];Zaragoza;Escuela de Doctorado;Tutela (cuarto año);Tutela académica de doctorado;Investigación;;;;3;3;3;0.00;27/09/2020
2018;Doctorado;Doctorado: PD Producción animal [RD 99/2011];Zaragoza;Escuela de Doctorado;Tutela (cuarto año);Tutela académica de doctorado;Investigación;;;;3;3;3;0.00;27/09/2020
2018;Doctorado;Doctorado: PD Química física [RD 99/2011];Zaragoza;Escuela de Doctorado;Tutela (cuarto año);Tutela académica de doctorado;Investigación;;;;2;2;2;0.00;27/09/2020
2018;Doctorado;Doctorado: PD Química inorgánica [RD 99/2011];Zaragoza;Escuela de Doctorado;Tutela (cuarto año);Tutela académica de doctorado;Investigación;;;;10;9;10;0.00;27/09/2020
2018;Doctorado;Doctorado: PD Química orgánica [RD 99/2011];Zaragoza;Escuela de Doctorado;Tutela (cuarto año);Tutela académica de doctorado;Investigación;;;;4;4;4;0.00;27/09/2020
2018;Doctorado;Doctorado: PD Ciencias biomédicas y biotecnológicas [RD 99/2011];Zaragoza;Escuela de Doctorado;Tutela (cuarto año);Tutela académica de doctorado;Investigación;;;;5;4;5;0.00;27/09/2020
2018;Doctorado;Doctorado: PD Ciencias de la salud y del deporte [RD 99/2011];Zaragoza;Escuela de Doctorado;Tutela (cuarto año);Tutela académica de doctorado;Investigación;;;;20;19;20;0.00;27/09/2020
2018;Doctorado;Doctorado: PD Medicina [RD 99/2011];Zaragoza;Escuela de Doctorado;Tutela (cuarto año);Tutela académica de doctorado;Investigación;;;;55;48;55;0.00;27/09/2020
2018;Doctorado;Doctorado: PD Medicina y sanidad animal [RD 99/2011];Zaragoza;Escuela de Doctorado;Tutela (cuarto año);Tutela académica de doctorado;Investigación;;;;7;6;7;0.00;27/09/2020
2018;Doctorado;Doctorado: PD Contabilidad y finanzas [RD 99/2011];Zaragoza;Escuela de Doctorado;Tutela (cuarto año);Tutela académica de doctorado;Investigación;;;;9;9;9;0.00;27/09/2020
2018;Doctorado;Doctorado: PD Derecho [RD 99/2011];Zaragoza;Escuela de Doctorado;Tutela (cuarto año);Tutela académica de doctorado;Investigación;;;;22;22;22;0.00;27/09/2020
2018;Doctorado;Doctorado: PD Derechos humanos y libertades fundamentales [RD 99/2011];Zaragoza;Escuela de Doctorado;Tutela (cuarto año);Tutela académica de doctorado;Investigación;;;;8;8;8;0.00;27/09/2020
2018;Doctorado;Doctorado: PD Economía [RD 99/2011];Zaragoza;Escuela de Doctorado;Tutela (cuarto año);Tutela académica de doctorado;Investigación;;;;12;12;12;0.00;27/09/2020
2018;Doctorado;Doctorado: PD Economía y gestión de las organizaciones [RD 99/2011];Zaragoza;Escuela de Doctorado;Tutela (cuarto año);Tutela académica de doctorado;Investigación;;;;6;5;6;0.00;27/09/2020
2018;Doctorado;Doctorado: PD Educación [RD 99/2011];Zaragoza;Escuela de Doctorado;Tutela (cuarto año);Tutela académica de doctorado;Investigación;;;;18;17;18;0.00;27/09/2020
2018;Doctorado;Doctorado: PD Ordenación del territorio y medio ambiente [RD 99/2011];Zaragoza;Escuela de Doctorado;Tutela (cuarto año);Tutela académica de doctorado;Investigación;;;;6;6;6;0.00;27/09/2020
2018;Doctorado;Doctorado: PD Relaciones de género y estudios feministas [RD 99/2011];Zaragoza;Escuela de Doctorado;Tutela (cuarto año);Tutela académica de doctorado;Investigación;;;;2;2;2;0.00;27/09/2020
2018;Doctorado;Doctorado: PD Sociología de las políticas públicas y sociales [RD 99/2011];Zaragoza;Escuela de Doctorado;Tutela (cuarto año);Tutela académica de doctorado;Investigación;;;;11;11;11;0.00;27/09/2020
2018;Doctorado;Doctorado: PD Ciencias agrarias y del medio natural [RD 99/2011];Zaragoza;Escuela de Doctorado;Tutela (cuarto año);Tutela académica de doctorado;Investigación;;;;8;8;8;0.00;27/09/2020
2018;Doctorado;Doctorado: PD Energías renovables y eficiencia energética [RD 99/2011];Zaragoza;Escuela de Doctorado;Tutela (cuarto año);Tutela académica de doctorado;Investigación;;;;16;16;16;0.00;27/09/2020
2018;Doctorado;Doctorado: PD Ingeniería biomédica [RD 99/2011];Zaragoza;Escuela de Doctorado;Tutela (cuarto año);Tutela académica de doctorado;Investigación;;;;6;6;6;0.00;27/09/2020
2018;Doctorado;Doctorado: PD Ingeniería de diseño y fabricación [RD 99/2011];Zaragoza;Escuela de Doctorado;Tutela (cuarto año);Tutela académica de doctorado;Investigación;;;;9;8;9;0.00;27/09/2020
2018;Doctorado;Doctorado: PD Ingeniería de sistemas e informática [RD 99/2011];Zaragoza;Escuela de Doctorado;Tutela (cuarto año);Tutela académica de doctorado;Investigación;;;;9;9;9;0.00;27/09/2020
2018;Doctorado;Doctorado: PD Ingeniería electrónica [RD 99/2011];Zaragoza;Escuela de Doctorado;Tutela (cuarto año);Tutela académica de doctorado;Investigación;;;;6;6;6;0.00;27/09/2020
2018;Doctorado;Doctorado: PD Ingeniería mecánica [RD 99/2011];Zaragoza;Escuela de Doctorado;Tutela (cuarto año);Tutela académica de doctorado;Investigación;;;;8;8;8;0.00;27/09/2020
2018;Doctorado;Doctorado: PD Ingeniería química y del medio ambiente [RD 99/2011];Zaragoza;Escuela de Doctorado;Tutela (cuarto año);Tutela académica de doctorado;Investigación;;;;12;12;12;0.00;27/09/2020
2018;Doctorado;Doctorado: PD Mecánica de fluidos [RD 99/2011];Zaragoza;Escuela de Doctorado;Tutela (cuarto año);Tutela académica de doctorado;Investigación;;;;3;3;3;0.00;27/09/2020
2018;Doctorado;Doctorado: PD Nuevos territorios en la arquitectura [RD 99/2011];Zaragoza;Escuela de Doctorado;Tutela (cuarto año);Tutela académica de doctorado;Investigación;;;;9;8;9;0.00;27/09/2020
2018;Doctorado;Doctorado: PD Tecnologías de la información y comunicaciones en redes moviles [RD 99/2011];Zaragoza;Escuela de Doctorado;Tutela (cuarto año);Tutela académica de doctorado;Investigación;;;;2;2;2;0.00;27/09/2020
2018;Doctorado;Doctorado: PD Información y Comunicación [RD 99/2011];Zaragoza;Escuela de Doctorado;Tutela (cuarto año);Tutela académica de doctorado;Investigación;;;;8;7;8;0.00;27/09/2020
2018;Doctorado;Doctorado: PD Ciencias de la antigüedad [RD 99/2011];Zaragoza;Escuela de Doctorado;Tutela (quinto año);Tutela académica de doctorado;Investigación;;;;11;11;11;0.00;27/09/2020
2018;Doctorado;Doctorado: PD Estudios ingleses [RD 99/2011];Zaragoza;Escuela de Doctorado;Tutela (quinto año);Tutela académica de doctorado;Investigación;;;;1;1;1;0.00;27/09/2020
2018;Doctorado;Doctorado: PD Literaturas hispánicas [RD 99/2011];Zaragoza;Escuela de Doctorado;Tutela (quinto año);Tutela académica de doctorado;Investigación;;;;1;1;1;0.00;27/09/2020
2018;Doctorado;Doctorado: PD Filosofía [RD 99/2011];Zaragoza;Escuela de Doctorado;Tutela (quinto año);Tutela académica de doctorado;Investigación;;;;2;2;2;0.00;27/09/2020
2018;Doctorado;Doctorado: PD Historia contemporánea [RD 99/2011];Zaragoza;Escuela de Doctorado;Tutela (quinto año);Tutela académica de doctorado;Investigación;;;;5;5;5;0.00;27/09/2020
2018;Doctorado;Doctorado: PD Historia del arte [RD 99/2011];Zaragoza;Escuela de Doctorado;Tutela (quinto año);Tutela académica de doctorado;Investigación;;;;3;3;3;0.00;27/09/2020
2018;Doctorado;Doctorado: PD Historia, sociedad y cultura: épocas medieval y moderna [RD 99/2011];Zaragoza;Escuela de Doctorado;Tutela (quinto año);Tutela académica de doctorado;Investigación;;;;3;3;3;0.00;27/09/2020
2018;Doctorado;Doctorado: PD Lingüística hispánica [RD 99/2011];Zaragoza;Escuela de Doctorado;Tutela (quinto año);Tutela académica de doctorado;Investigación;;;;7;7;7;0.00;27/09/2020
2018;Doctorado;Doctorado: PD Bioquímica y biología molecular [RD 99/2011];Zaragoza;Escuela de Doctorado;Tutela (quinto año);Tutela académica de doctorado;Investigación;;;;7;7;7;0.00;27/09/2020
2018;Doctorado;Doctorado: PD Calidad, seguridad y tecnología de los alimentos [RD 99/2011];Zaragoza;Escuela de Doctorado;Tutela (quinto año);Tutela académica de doctorado;Investigación;;;;3;3;3;0.00;27/09/2020
2018;Doctorado;Doctorado: PD Ciencia analítica en química [RD 99/2011];Zaragoza;Escuela de Doctorado;Tutela (quinto año);Tutela académica de doctorado;Investigación;;;;2;2;2;0.00;27/09/2020
2018;Doctorado;Doctorado: PD Física [RD 99/2011];Zaragoza;Escuela de Doctorado;Tutela (quinto año);Tutela académica de doctorado;Investigación;;;;5;5;5;0.00;27/09/2020
2018;Doctorado;Doctorado: PD Geología [RD 99/2011];Zaragoza;Escuela de Doctorado;Tutela (quinto año);Tutela académica de doctorado;Investigación;;;;6;6;6;0.00;27/09/2020
2018;Doctorado;Doctorado: PD Matemáticas y estadística [RD 99/2011];Zaragoza;Escuela de Doctorado;Tutela (quinto año);Tutela académica de doctorado;Investigación;;;;1;1;1;0.00;27/09/2020
2018;Doctorado;Doctorado: PD Producción animal [RD 99/2011];Zaragoza;Escuela de Doctorado;Tutela (quinto año);Tutela académica de doctorado;Investigación;;;;3;3;3;0.00;27/09/2020
2018;Doctorado;Doctorado: PD Química inorgánica [RD 99/2011];Zaragoza;Escuela de Doctorado;Tutela (quinto año);Tutela académica de doctorado;Investigación;;;;5;5;5;0.00;27/09/2020
2018;Doctorado;Doctorado: PD Química orgánica [RD 99/2011];Zaragoza;Escuela de Doctorado;Tutela (quinto año);Tutela académica de doctorado;Investigación;;;;5;5;5;0.00;27/09/2020
2018;Doctorado;Doctorado: PD Ciencias biomédicas y biotecnológicas [RD 99/2011];Zaragoza;Escuela de Doctorado;Tutela (quinto año);Tutela académica de doctorado;Investigación;;;;3;3;3;0.00;27/09/2020
2018;Doctorado;Doctorado: PD Ciencias de la salud y del deporte [RD 99/2011];Zaragoza;Escuela de Doctorado;Tutela (quinto año);Tutela académica de doctorado;Investigación;;;;12;12;12;0.00;27/09/2020
2018;Doctorado;Doctorado: PD Medicina [RD 99/2011];Zaragoza;Escuela de Doctorado;Tutela (quinto año);Tutela académica de doctorado;Investigación;;;;23;22;23;0.00;27/09/2020
2018;Doctorado;Doctorado: PD Medicina y sanidad animal [RD 99/2011];Zaragoza;Escuela de Doctorado;Tutela (quinto año);Tutela académica de doctorado;Investigación;;;;7;7;7;0.00;27/09/2020
2018;Doctorado;Doctorado: PD Contabilidad y finanzas [RD 99/2011];Zaragoza;Escuela de Doctorado;Tutela (quinto año);Tutela académica de doctorado;Investigación;;;;6;5;6;0.00;27/09/2020
2018;Doctorado;Doctorado: PD Derecho [RD 99/2011];Zaragoza;Escuela de Doctorado;Tutela (quinto año);Tutela académica de doctorado;Investigación;;;;13;13;13;0.00;27/09/2020
2018;Doctorado;Doctorado: PD Derechos humanos y libertades fundamentales [RD 99/2011];Zaragoza;Escuela de Doctorado;Tutela (quinto año);Tutela académica de doctorado;Investigación;;;;8;8;8;0.00;27/09/2020
2018;Doctorado;Doctorado: PD Economía [RD 99/2011];Zaragoza;Escuela de Doctorado;Tutela (quinto año);Tutela académica de doctorado;Investigación;;;;4;4;4;0.00;27/09/2020
2018;Doctorado;Doctorado: PD Economía y gestión de las organizaciones [RD 99/2011];Zaragoza;Escuela de Doctorado;Tutela (quinto año);Tutela académica de doctorado;Investigación;;;;3;3;3;0.00;27/09/2020
2018;Doctorado;Doctorado: PD Educación [RD 99/2011];Zaragoza;Escuela de Doctorado;Tutela (quinto año);Tutela académica de doctorado;Investigación;;;;8;8;8;0.00;27/09/2020
2018;Doctorado;Doctorado: PD Ordenación del territorio y medio ambiente [RD 99/2011];Zaragoza;Escuela de Doctorado;Tutela (quinto año);Tutela académica de doctorado;Investigación;;;;9;9;9;0.00;27/09/2020
2018;Doctorado;Doctorado: PD Relaciones de género y estudios feministas [RD 99/2011];Zaragoza;Escuela de Doctorado;Tutela (quinto año);Tutela académica de doctorado;Investigación;;;;2;2;2;0.00;27/09/2020
2018;Doctorado;Doctorado: PD Sociología de las políticas públicas y sociales [RD 99/2011];Zaragoza;Escuela de Doctorado;Tutela (quinto año);Tutela académica de doctorado;Investigación;;;;7;6;7;0.00;27/09/2020
2018;Doctorado;Doctorado: PD Ciencias agrarias y del medio natural [RD 99/2011];Zaragoza;Escuela de Doctorado;Tutela (quinto año);Tutela académica de doctorado;Investigación;;;;6;6;6;0.00;27/09/2020
2018;Doctorado;Doctorado: PD Energías renovables y eficiencia energética [RD 99/2011];Zaragoza;Escuela de Doctorado;Tutela (quinto año);Tutela académica de doctorado;Investigación;;;;9;9;9;0.00;27/09/2020
2018;Doctorado;Doctorado: PD Ingeniería biomédica [RD 99/2011];Zaragoza;Escuela de Doctorado;Tutela (quinto año);Tutela académica de doctorado;Investigación;;;;2;2;2;0.00;27/09/2020
2018;Doctorado;Doctorado: PD Ingeniería de diseño y fabricación [RD 99/2011];Zaragoza;Escuela de Doctorado;Tutela (quinto año);Tutela académica de doctorado;Investigación;;;;3;2;3;0.00;27/09/2020
2018;Doctorado;Doctorado: PD Ingeniería de sistemas e informática [RD 99/2011];Zaragoza;Escuela de Doctorado;Tutela (quinto año);Tutela académica de doctorado;Investigación;;;;2;2;2;0.00;27/09/2020
2018;Doctorado;Doctorado: PD Ingeniería electrónica [RD 99/2011];Zaragoza;Escuela de Doctorado;Tutela (quinto año);Tutela académica de doctorado;Investigación;;;;2;2;2;0.00;27/09/2020
2018;Doctorado;Doctorado: PD Ingeniería mecánica [RD 99/2011];Zaragoza;Escuela de Doctorado;Tutela (quinto año);Tutela académica de doctorado;Investigación;;;;9;9;9;0.00;27/09/2020
2018;Doctorado;Doctorado: PD Ingeniería química y del medio ambiente [RD 99/2011];Zaragoza;Escuela de Doctorado;Tutela (quinto año);Tutela académica de doctorado;Investigación;;;;16;16;16;0.00;27/09/2020
2018;Doctorado;Doctorado: PD Nuevos territorios en la arquitectura [RD 99/2011];Zaragoza;Escuela de Doctorado;Tutela (quinto año);Tutela académica de doctorado;Investigación;;;;5;5;5;0.00;27/09/2020
2018;Doctorado;Doctorado: PD Tecnologías de la información y comunicaciones en redes moviles [RD 99/2011];Zaragoza;Escuela de Doctorado;Tutela (quinto año);Tutela académica de doctorado;Investigación;;;;1;1;1;0.00;27/09/2020
2018;Doctorado;Doctorado: PD Información y Comunicación [RD 99/2011];Zaragoza;Escuela de Doctorado;Tutela (quinto año);Tutela académica de doctorado;Investigación;;;;2;2;2;0.00;27/09/2020
2018;Doctorado;Doctorado: PD Ciencias de la antigüedad [RD 99/2011];Zaragoza;Escuela de Doctorado;Tutela (sexto año);Tutela académica de doctorado;Investigación;;;;5;5;5;0.00;27/09/2020
2018;Doctorado;Doctorado: PD Estudios ingleses [RD 99/2011];Zaragoza;Escuela de Doctorado;Tutela (sexto año);Tutela académica de doctorado;Investigación;;;;1;1;1;0.00;27/09/2020
2018;Doctorado;Doctorado: PD Literaturas hispánicas [RD 99/2011];Zaragoza;Escuela de Doctorado;Tutela (sexto año);Tutela académica de doctorado;Investigación;;;;2;2;2;0.00;27/09/2020
2018;Doctorado;Doctorado: PD Filosofía [RD 99/2011];Zaragoza;Escuela de Doctorado;Tutela (sexto año);Tutela académica de doctorado;Investigación;;;;2;2;2;0.00;27/09/2020
2018;Doctorado;Doctorado: PD Historia del arte [RD 99/2011];Zaragoza;Escuela de Doctorado;Tutela (sexto año);Tutela académica de doctorado;Investigación;;;;5;5;5;0.00;27/09/2020
2018;Doctorado;Doctorado: PD Lingüística hispánica [RD 99/2011];Zaragoza;Escuela de Doctorado;Tutela (sexto año);Tutela académica de doctorado;Investigación;;;;3;3;3;0.00;27/09/2020
2018;Doctorado;Doctorado: PD Bioquímica y biología molecular [RD 99/2011];Zaragoza;Escuela de Doctorado;Tutela (sexto año);Tutela académica de doctorado;Investigación;;;;1;1;1;0.00;27/09/2020
2018;Doctorado;Doctorado: PD Calidad, seguridad y tecnología de los alimentos [RD 99/2011];Zaragoza;Escuela de Doctorado;Tutela (sexto año);Tutela académica de doctorado;Investigación;;;;1;1;1;0.00;27/09/2020
2018;Doctorado;Doctorado: PD Física [RD 99/2011];Zaragoza;Escuela de Doctorado;Tutela (sexto año);Tutela académica de doctorado;Investigación;;;;2;2;2;0.00;27/09/2020
2018;Doctorado;Doctorado: PD Geología [RD 99/2011];Zaragoza;Escuela de Doctorado;Tutela (sexto año);Tutela académica de doctorado;Investigación;;;;6;6;6;0.00;27/09/2020
2018;Doctorado;Doctorado: PD Química inorgánica [RD 99/2011];Zaragoza;Escuela de Doctorado;Tutela (sexto año);Tutela académica de doctorado;Investigación;;;;1;1;1;0.00;27/09/2020
2018;Doctorado;Doctorado: PD Ciencias de la salud y del deporte [RD 99/2011];Zaragoza;Escuela de Doctorado;Tutela (sexto año);Tutela académica de doctorado;Investigación;;;;3;3;3;0.00;27/09/2020
2018;Doctorado;Doctorado: PD Medicina [RD 99/2011];Zaragoza;Escuela de Doctorado;Tutela (sexto año);Tutela académica de doctorado;Investigación;;;;9;8;9;0.00;27/09/2020
2018;Doctorado;Doctorado: PD Medicina y sanidad animal [RD 99/2011];Zaragoza;Escuela de Doctorado;Tutela (sexto año);Tutela académica de doctorado;Investigación;;;;1;1;1;0.00;27/09/2020
2018;Doctorado;Doctorado: PD Contabilidad y finanzas [RD 99/2011];Zaragoza;Escuela de Doctorado;Tutela (sexto año);Tutela académica de doctorado;Investigación;;;;1;1;1;0.00;27/09/2020
2018;Doctorado;Doctorado: PD Derecho [RD 99/2011];Zaragoza;Escuela de Doctorado;Tutela (sexto año);Tutela académica de doctorado;Investigación;;;;6;6;6;0.00;27/09/2020
2018;Doctorado;Doctorado: PD Derechos humanos y libertades fundamentales [RD 99/2011];Zaragoza;Escuela de Doctorado;Tutela (sexto año);Tutela académica de doctorado;Investigación;;;;1;1;1;0.00;27/09/2020
2018;Doctorado;Doctorado: PD Economía [RD 99/2011];Zaragoza;Escuela de Doctorado;Tutela (sexto año);Tutela académica de doctorado;Investigación;;;;1;1;1;0.00;27/09/2020
2018;Doctorado;Doctorado: PD Economía y gestión de las organizaciones [RD 99/2011];Zaragoza;Escuela de Doctorado;Tutela (sexto año);Tutela académica de doctorado;Investigación;;;;3;3;3;0.00;27/09/2020
2018;Doctorado;Doctorado: PD Educación [RD 99/2011];Zaragoza;Escuela de Doctorado;Tutela (sexto año);Tutela académica de doctorado;Investigación;;;;2;2;2;0.00;27/09/2020
2018;Doctorado;Doctorado: PD Ordenación del territorio y medio ambiente [RD 99/2011];Zaragoza;Escuela de Doctorado;Tutela (sexto año);Tutela académica de doctorado;Investigación;;;;4;4;4;0.00;27/09/2020
2018;Doctorado;Doctorado: PD Relaciones de género y estudios feministas [RD 99/2011];Zaragoza;Escuela de Doctorado;Tutela (sexto año);Tutela académica de doctorado;Investigación;;;;1;1;1;0.00;27/09/2020
2018;Doctorado;Doctorado: PD Sociología de las políticas públicas y sociales [RD 99/2011];Zaragoza;Escuela de Doctorado;Tutela (sexto año);Tutela académica de doctorado;Investigación;;;;5;4;5;0.00;27/09/2020
2018;Doctorado;Doctorado: PD Ciencias agrarias y del medio natural [RD 99/2011];Zaragoza;Escuela de Doctorado;Tutela (sexto año);Tutela académica de doctorado;Investigación;;;;2;2;2;0.00;27/09/2020
2018;Doctorado;Doctorado: PD Energías renovables y eficiencia energética [RD 99/2011];Zaragoza;Escuela de Doctorado;Tutela (sexto año);Tutela académica de doctorado;Investigación;;;;2;2;2;0.00;27/09/2020
2018;Doctorado;Doctorado: PD Ingeniería de diseño y fabricación [RD 99/2011];Zaragoza;Escuela de Doctorado;Tutela (sexto año);Tutela académica de doctorado;Investigación;;;;1;0;1;;27/09/2020
2018;Doctorado;Doctorado: PD Ingeniería de sistemas e informática [RD 99/2011];Zaragoza;Escuela de Doctorado;Tutela (sexto año);Tutela académica de doctorado;Investigación;;;;2;2;2;0.00;27/09/2020
2018;Doctorado;Doctorado: PD Ingeniería electrónica [RD 99/2011];Zaragoza;Escuela de Doctorado;Tutela (sexto año);Tutela académica de doctorado;Investigación;;;;1;1;1;0.00;27/09/2020
2018;Doctorado;Doctorado: PD Nuevos territorios en la arquitectura [RD 99/2011];Zaragoza;Escuela de Doctorado;Tutela (sexto año);Tutela académica de doctorado;Investigación;;;;6;6;6;0.00;27/09/2020
