CURSO_ACADEMICO;LOCALIDAD;ESTUDIO;TIPO_ESTUDIO;TIPO_EGRESO;SEXO;ALUMNOS_GRADUADOS;ALUMNOS_INTERRUMPEN_ESTUDIOS;ALUMNOS_INTERRUMPEN_EST_ANO1;ALUMNOS_TRASLADAN_OTRA_UNIV;DURACION_MEDIA_GRADUADOS;TASA_EFICIENCIA;FECHA_ACTUALIZACION
2013;Almunia de Doña Godina (La);Arquitectura Técnica;Diplomatura o equivalente;Abandono Voluntario;Hombres;0;19;0;0;;;29/04/2018
2013;Almunia de Doña Godina (La);Arquitectura Técnica;Diplomatura o equivalente;Abandono Voluntario;Mujeres;0;13;0;0;;;29/04/2018
2013;Almunia de Doña Godina (La);Arquitectura Técnica;Diplomatura o equivalente;Graduado;Hombres;38;0;0;0;7.44;56.85;29/04/2018
2013;Almunia de Doña Godina (La);Arquitectura Técnica;Diplomatura o equivalente;Graduado;Mujeres;28;0;0;0;6.81;59.02;29/04/2018
2013;Almunia de Doña Godina (La);Arquitectura Técnica;Grado;Abandono Voluntario;Hombres;0;17;9;0;;;29/04/2018
2013;Almunia de Doña Godina (La);Arquitectura Técnica;Grado;Abandono Voluntario;Mujeres;0;8;4;0;;;29/04/2018
2013;Almunia de Doña Godina (La);Arquitectura Técnica;Grado;Cambio de estudios sin simultaneidad;Hombres;0;1;0;0;;;29/04/2018
2013;Almunia de Doña Godina (La);Arquitectura Técnica;Grado;Graduado;Hombres;52;0;0;0;4.00;96.32;29/04/2018
2013;Almunia de Doña Godina (La);Arquitectura Técnica;Grado;Graduado;Mujeres;18;0;0;0;4.00;98.35;29/04/2018
2013;Almunia de Doña Godina (La);Arquitectura Técnica;Grado;Incumple Régimen de permanencia;Hombres;0;3;2;0;;;29/04/2018
2013;Almunia de Doña Godina (La);Arquitectura Técnica;Grado;Incumple Régimen de permanencia;Mujeres;0;1;1;0;;;29/04/2018
2013;Almunia de Doña Godina (La);Ingeniería Civil;Grado;Abandono Voluntario;Hombres;0;9;6;0;;;29/04/2018
2013;Almunia de Doña Godina (La);Ingeniería Civil;Grado;Abandono Voluntario;Mujeres;0;3;2;0;;;29/04/2018
2013;Almunia de Doña Godina (La);Ingeniería Civil;Grado;Cambio de estudios sin simultaneidad;Mujeres;0;2;1;0;;;29/04/2018
2013;Almunia de Doña Godina (La);Ingeniería Civil;Grado;Graduado;Hombres;33;0;0;0;4.00;97.53;29/04/2018
2013;Almunia de Doña Godina (La);Ingeniería Civil;Grado;Graduado;Mujeres;6;0;0;0;4.00;93.00;29/04/2018
2013;Almunia de Doña Godina (La);Ingeniería Civil;Grado;Incumple Régimen de permanencia;Hombres;0;2;2;0;;;29/04/2018
2013;Almunia de Doña Godina (La);Ingeniería de Organización Industrial;Grado;Abandono Voluntario;Hombres;0;5;4;0;;;29/04/2018
2013;Almunia de Doña Godina (La);Ingeniería de Organización Industrial;Grado;Abandono Voluntario;Mujeres;0;2;0;0;;;29/04/2018
2013;Almunia de Doña Godina (La);Ingeniería de Organización Industrial;Grado;Cambio de estudios sin simultaneidad;Hombres;0;2;2;0;;;29/04/2018
2013;Almunia de Doña Godina (La);Ingeniería de Organización Industrial;Grado;Cambio de estudios sin simultaneidad;Mujeres;0;1;1;0;;;29/04/2018
2013;Almunia de Doña Godina (La);Ingeniería de Organización Industrial;Grado;Graduado;Hombres;18;0;0;0;3.80;94.66;29/04/2018
2013;Almunia de Doña Godina (La);Ingeniería de Organización Industrial;Grado;Graduado;Mujeres;2;0;0;0;;;29/04/2018
2013;Almunia de Doña Godina (La);Ingeniería Mecatrónica;Grado;Abandono Voluntario;Hombres;0;9;5;0;;;29/04/2018
2013;Almunia de Doña Godina (La);Ingeniería Mecatrónica;Grado;Abandono Voluntario;Mujeres;0;1;0;0;;;29/04/2018
2013;Almunia de Doña Godina (La);Ingeniería Mecatrónica;Grado;Cambio de estudios sin simultaneidad;Hombres;0;3;1;0;;;29/04/2018
2013;Almunia de Doña Godina (La);Ingeniería Mecatrónica;Grado;Graduado;Hombres;9;0;0;0;4.00;99.37;29/04/2018
2013;Almunia de Doña Godina (La);Ingeniería Mecatrónica;Grado;Graduado;Mujeres;3;0;0;0;4.00;100.00;29/04/2018
2013;Almunia de Doña Godina (La);Ingeniería Mecatrónica;Grado;Incumple Régimen de permanencia;Hombres;0;1;1;0;;;29/04/2018
2013;Almunia de Doña Godina (La);Ingeniero Técnico Agrícola;Diplomatura o equivalente;Abandono Voluntario;Hombres;0;7;1;0;;;29/04/2018
2013;Almunia de Doña Godina (La);Ingeniero Técnico Agrícola;Diplomatura o equivalente;Abandono Voluntario;Mujeres;0;9;0;0;;;29/04/2018
2013;Almunia de Doña Godina (La);Ingeniero Técnico Agrícola;Diplomatura o equivalente;Cambio de estudios sin simultaneidad;Hombres;0;2;0;0;;;29/04/2018
2013;Almunia de Doña Godina (La);Ingeniero Técnico Agrícola;Diplomatura o equivalente;Graduado;Hombres;11;0;0;0;11.78;53.77;29/04/2018
2013;Almunia de Doña Godina (La);Ingeniero Técnico Agrícola;Diplomatura o equivalente;Graduado;Mujeres;4;0;0;0;11.00;78.71;29/04/2018
2013;Almunia de Doña Godina (La);Ingeniero Técnico en Electrónica Industrial;Diplomatura o equivalente;Abandono Voluntario;Hombres;0;7;0;0;;;29/04/2018
2013;Almunia de Doña Godina (La);Ingeniero Técnico en Electrónica Industrial;Diplomatura o equivalente;Cambio de estudios sin simultaneidad;Hombres;0;2;0;0;;;29/04/2018
2013;Almunia de Doña Godina (La);Ingeniero Técnico en Electrónica Industrial;Diplomatura o equivalente;Graduado;Hombres;22;0;0;0;10.74;50.94;29/04/2018
2013;Almunia de Doña Godina (La);Ingeniero Técnico en Electrónica Industrial;Diplomatura o equivalente;Graduado;Mujeres;1;0;0;0;8.00;61.07;29/04/2018
2013;Almunia de Doña Godina (La);Ingeniero Técnico en Informática de Sistemas;Diplomatura o equivalente;Abandono Voluntario;Hombres;0;29;0;0;;;29/04/2018
2013;Almunia de Doña Godina (La);Ingeniero Técnico en Informática de Sistemas;Diplomatura o equivalente;Abandono Voluntario;Mujeres;0;4;0;0;;;29/04/2018
2013;Almunia de Doña Godina (La);Ingeniero Técnico en Informática de Sistemas;Diplomatura o equivalente;Graduado;Hombres;50;0;0;0;12.96;50.39;29/04/2018
2013;Almunia de Doña Godina (La);Ingeniero Técnico en Informática de Sistemas;Diplomatura o equivalente;Graduado;Mujeres;18;0;0;0;15.61;58.70;29/04/2018
2013;Almunia de Doña Godina (La);Ingeniero Técnico en Obras Públicas, Esp. Construcciones Civiles;Diplomatura o equivalente;Abandono Voluntario;Hombres;0;7;0;0;;;29/04/2018
2013;Almunia de Doña Godina (La);Ingeniero Técnico en Obras Públicas, Esp. Construcciones Civiles;Diplomatura o equivalente;Abandono Voluntario;Mujeres;0;4;0;0;;;29/04/2018
2013;Almunia de Doña Godina (La);Ingeniero Técnico en Obras Públicas, Esp. Construcciones Civiles;Diplomatura o equivalente;Graduado;Hombres;28;0;0;0;7.00;55.27;29/04/2018
2013;Almunia de Doña Godina (La);Ingeniero Técnico en Obras Públicas, Esp. Construcciones Civiles;Diplomatura o equivalente;Graduado;Mujeres;9;0;0;0;7.50;57.67;29/04/2018
2013;Almunia de Doña Godina (La);Ingeniero Técnico Industrial, Especialidad Mecánica;Diplomatura o equivalente;Abandono Voluntario;Hombres;0;5;1;0;;;29/04/2018
2013;Almunia de Doña Godina (La);Ingeniero Técnico Industrial, Especialidad Mecánica;Diplomatura o equivalente;Graduado;Hombres;7;0;0;0;8.60;47.97;29/04/2018
2013;Almunia de Doña Godina (La);Ingeniero Técnico Industrial, Especialidad Mecánica;Diplomatura o equivalente;Graduado;Mujeres;1;0;0;0;13.00;44.93;29/04/2018
2013;Huesca;Administración y Dirección de Empresas;Grado;Abandono Voluntario;Hombres;0;13;9;0;;;29/04/2018
2013;Huesca;Administración y Dirección de Empresas;Grado;Abandono Voluntario;Mujeres;0;16;13;0;;;29/04/2018
2013;Huesca;Administración y Dirección de Empresas;Grado;Cambio de estudios sin simultaneidad;Mujeres;0;1;1;0;;;29/04/2018
2013;Huesca;Administración y Dirección de Empresas;Grado;Graduado;Hombres;15;0;0;0;4.00;92.22;29/04/2018
2013;Huesca;Administración y Dirección de Empresas;Grado;Graduado;Mujeres;16;0;0;0;4.00;96.12;29/04/2018
2013;Huesca;Administración y Dirección de Empresas;Grado;Incumple Régimen de permanencia;Mujeres;0;2;2;0;;;29/04/2018
2013;Huesca;Ciencias Ambientales;Grado;Abandono Voluntario;Hombres;0;11;5;0;;;29/04/2018
2013;Huesca;Ciencias Ambientales;Grado;Abandono Voluntario;Mujeres;0;2;1;0;;;29/04/2018
2013;Huesca;Ciencias Ambientales;Grado;Graduado;Hombres;14;0;0;0;5.29;84.34;29/04/2018
2013;Huesca;Ciencias Ambientales;Grado;Graduado;Mujeres;11;0;0;0;5.45;86.84;29/04/2018
2013;Huesca;Ciencias de la Actividad Física y del Deporte;Grado;Abandono Voluntario;Hombres;0;3;3;0;;;29/04/2018
2013;Huesca;Ciencias de la Actividad Física y del Deporte;Grado;Abandono Voluntario;Mujeres;0;1;1;0;;;29/04/2018
2013;Huesca;Ciencias de la Actividad Física y del Deporte;Grado;Cambio de estudios sin simultaneidad;Hombres;0;2;2;0;;;29/04/2018
2013;Huesca;Ciencias de la Actividad Física y del Deporte;Grado;Graduado;Hombres;38;0;0;0;4.26;96.07;29/04/2018
2013;Huesca;Ciencias de la Actividad Física y del Deporte;Grado;Graduado;Mujeres;9;0;0;0;4.14;94.59;29/04/2018
2013;Huesca;Ciencias de la Actividad Física y del Deporte;Grado;Incumple Régimen de permanencia;Hombres;0;1;0;0;;;29/04/2018
2013;Huesca;Ciencias de la Actividad Física y del Deporte;Grado;Traslado a otra Universidad;Hombres;0;0;0;3;;;29/04/2018
2013;Huesca;Ciencias de la Actividad Física y del Deporte;Grado;Traslado a otra Universidad;Mujeres;0;0;0;1;;;29/04/2018
2013;Huesca;Diplomado Ciencias Empresariales;Diplomatura o equivalente;Abandono Voluntario;Hombres;0;13;0;0;;;29/04/2018
2013;Huesca;Diplomado Ciencias Empresariales;Diplomatura o equivalente;Abandono Voluntario;Mujeres;0;9;0;0;;;29/04/2018
2013;Huesca;Diplomado Ciencias Empresariales;Diplomatura o equivalente;Graduado;Hombres;9;0;0;0;8.25;44.80;29/04/2018
2013;Huesca;Diplomado Ciencias Empresariales;Diplomatura o equivalente;Graduado;Mujeres;8;0;0;0;11.00;35.27;29/04/2018
2013;Huesca;Diplomado en Nutrición Humana;Diplomatura o equivalente;Abandono Voluntario;Mujeres;0;3;0;0;;;29/04/2018
2013;Huesca;Diplomado en Nutrición Humana;Diplomatura o equivalente;Graduado;Mujeres;4;0;0;0;6.00;72.58;29/04/2018
2013;Huesca;Dirección y planificación del turismo;Máster;Graduado;Hombres;2;0;0;0;2.00;83.33;29/04/2018
2013;Huesca;Dirección y planificación del turismo;Máster;Graduado;Mujeres;3;0;0;0;1.00;100.00;29/04/2018
2013;Huesca;Enfermería;Grado;Abandono Voluntario;Hombres;0;1;0;0;;;29/04/2018
2013;Huesca;Enfermería;Grado;Abandono Voluntario;Mujeres;0;3;1;0;;;29/04/2018
2013;Huesca;Enfermería;Grado;Cambio de estudios sin simultaneidad;Mujeres;0;1;1;0;;;29/04/2018
2013;Huesca;Enfermería;Grado;Graduado;Hombres;5;0;0;0;4.00;92.66;29/04/2018
2013;Huesca;Enfermería;Grado;Graduado;Mujeres;44;0;0;0;4.00;98.98;29/04/2018
2013;Huesca;Estudios Avanzados en Humanidades;Máster;Abandono Voluntario;Hombres;0;1;1;0;;;29/04/2018
2013;Huesca;Estudios Avanzados en Humanidades;Máster;Abandono Voluntario;Mujeres;0;2;2;0;;;29/04/2018
2013;Huesca;Gestión y Administración Pública;Diplomatura o equivalente;Abandono Voluntario;Hombres;0;5;0;0;;;29/04/2018
2013;Huesca;Gestión y Administración Pública;Diplomatura o equivalente;Abandono Voluntario;Mujeres;0;7;0;0;;;29/04/2018
2013;Huesca;Gestión y Administración Pública;Diplomatura o equivalente;Graduado;Hombres;1;0;0;0;7.00;66.20;29/04/2018
2013;Huesca;Gestión y Administración Pública;Diplomatura o equivalente;Graduado;Mujeres;2;0;0;0;5.50;82.21;29/04/2018
2013;Huesca;Gestión y Administración Pública;Grado;Abandono Voluntario;Hombres;0;9;7;0;;;29/04/2018
2013;Huesca;Gestión y Administración Pública;Grado;Abandono Voluntario;Mujeres;0;20;14;0;;;29/04/2018
2013;Huesca;Gestión y Administración Pública;Grado;Graduado;Hombres;7;0;0;0;4.00;100.00;29/04/2018
2013;Huesca;Gestión y Administración Pública;Grado;Graduado;Mujeres;2;0;0;0;;;29/04/2018
2013;Huesca;Ingeniería Agroalimentaria y del Medio Rural;Grado;Abandono Voluntario;Hombres;0;8;6;0;;;29/04/2018
2013;Huesca;Ingeniería Agroalimentaria y del Medio Rural;Grado;Abandono Voluntario;Mujeres;0;2;2;0;;;29/04/2018
2013;Huesca;Ingeniería Agroalimentaria y del Medio Rural;Grado;Graduado;Hombres;6;0;0;0;4.00;96.57;29/04/2018
2013;Huesca;Ingeniería Agroalimentaria y del Medio Rural;Grado;Graduado;Mujeres;7;0;0;0;;;29/04/2018
2013;Huesca;Ingeniero Agrónomo;Licenciatura o equivalente;Abandono Voluntario;Hombres;0;4;0;0;;;29/04/2018
2013;Huesca;Ingeniero Agrónomo;Licenciatura o equivalente;Abandono Voluntario;Mujeres;0;3;0;0;;;29/04/2018
2013;Huesca;Ingeniero Agrónomo;Licenciatura o equivalente;Cambio de estudios sin simultaneidad;Hombres;0;3;1;0;;;29/04/2018
2013;Huesca;Ingeniero Agrónomo;Licenciatura o equivalente;Graduado;Hombres;12;0;0;0;4.44;85.09;29/04/2018
2013;Huesca;Ingeniero Agrónomo;Licenciatura o equivalente;Graduado;Mujeres;2;0;0;0;5.50;89.52;29/04/2018
2013;Huesca;Ingeniero Técnico en Explotaciones Agropecuarias;Diplomatura o equivalente;Abandono Voluntario;Hombres;0;12;0;0;;;29/04/2018
2013;Huesca;Ingeniero Técnico en Explotaciones Agropecuarias;Diplomatura o equivalente;Abandono Voluntario;Mujeres;0;4;0;0;;;29/04/2018
2013;Huesca;Ingeniero Técnico en Explotaciones Agropecuarias;Diplomatura o equivalente;Cambio de estudios sin simultaneidad;Hombres;0;6;0;0;;;29/04/2018
2013;Huesca;Ingeniero Técnico en Explotaciones Agropecuarias;Diplomatura o equivalente;Cambio de estudios sin simultaneidad;Mujeres;0;3;0;0;;;29/04/2018
2013;Huesca;Ingeniero Técnico en Explotaciones Agropecuarias;Diplomatura o equivalente;Graduado;Hombres;9;0;0;0;13.29;56.89;29/04/2018
2013;Huesca;Ingeniero Técnico en Explotaciones Agropecuarias;Diplomatura o equivalente;Graduado;Mujeres;2;0;0;0;10.50;52.97;29/04/2018
2013;Huesca;Ingeniero Técnico Industrial, E. Química Industrial;Diplomatura o equivalente;Abandono Voluntario;Hombres;0;3;0;0;;;29/04/2018
2013;Huesca;Ingeniero Técnico Industrial, E. Química Industrial;Diplomatura o equivalente;Graduado;Hombres;4;0;0;0;8.00;62.02;29/04/2018
2013;Huesca;Ingeniero Técnico Industrial, E. Química Industrial;Diplomatura o equivalente;Graduado;Mujeres;2;0;0;0;7.50;68.66;29/04/2018
2013;Huesca;Ini. a la investigación en ciencias agrarias y del medio natural;Máster;Graduado;Hombres;1;0;0;0;;;29/04/2018
2013;Huesca;Licenciado en Ciencias de la Actividad Física y del Deporte;Licenciatura o equivalente;Abandono Voluntario;Hombres;0;3;0;0;;;29/04/2018
2013;Huesca;Licenciado en Ciencias de la Actividad Física y del Deporte;Licenciatura o equivalente;Graduado;Hombres;11;0;0;0;6.25;65.74;29/04/2018
2013;Huesca;Licenciado en Ciencias de la Actividad Física y del Deporte;Licenciatura o equivalente;Graduado;Mujeres;7;0;0;0;8.50;67.45;29/04/2018
2013;Huesca;Licenciado en Humanidades;Licenciatura o equivalente;Abandono Voluntario;Hombres;0;1;0;0;;;29/04/2018
2013;Huesca;Licenciado en Humanidades;Licenciatura o equivalente;Abandono Voluntario;Mujeres;0;7;0;0;;;29/04/2018
2013;Huesca;Licenciado en Humanidades;Licenciatura o equivalente;Cambio de estudios sin simultaneidad;Hombres;0;1;0;0;;;29/04/2018
2013;Huesca;Licenciado en Humanidades;Licenciatura o equivalente;Graduado;Hombres;1;0;0;0;;;29/04/2018
2013;Huesca;Licenciado en Humanidades;Licenciatura o equivalente;Graduado;Mujeres;3;0;0;0;15.33;55.44;29/04/2018
2013;Huesca;Licenciado en Odontología;Licenciatura o equivalente;Abandono Voluntario;Hombres;0;1;1;0;;;29/04/2018
2013;Huesca;Licenciado en Odontología;Licenciatura o equivalente;Graduado;Hombres;11;0;0;0;5.00;90.74;29/04/2018
2013;Huesca;Licenciado en Odontología;Licenciatura o equivalente;Graduado;Mujeres;20;0;0;0;4.68;94.03;29/04/2018
2013;Huesca;Maestro Educación Física;Diplomatura o equivalente;Abandono Voluntario;Hombres;0;7;0;0;;;29/04/2018
2013;Huesca;Maestro Educación Física;Diplomatura o equivalente;Abandono Voluntario;Mujeres;0;3;0;0;;;29/04/2018
2013;Huesca;Maestro Educación Física;Diplomatura o equivalente;Graduado;Hombres;11;0;0;0;5.73;61.45;29/04/2018
2013;Huesca;Maestro Educación Física;Diplomatura o equivalente;Graduado;Mujeres;1;0;0;0;13.00;51.11;29/04/2018
2013;Huesca;Maestro Educación Infantil;Diplomatura o equivalente;Abandono Voluntario;Hombres;0;3;0;0;;;29/04/2018
2013;Huesca;Maestro Educación Infantil;Diplomatura o equivalente;Abandono Voluntario;Mujeres;0;9;0;0;;;29/04/2018
2013;Huesca;Maestro Educación Infantil;Diplomatura o equivalente;Graduado;Mujeres;6;0;0;0;7.20;57.42;29/04/2018
2013;Huesca;Maestro Educación Primaria;Diplomatura o equivalente;Abandono Voluntario;Hombres;0;5;0;0;;;29/04/2018
2013;Huesca;Maestro Educación Primaria;Diplomatura o equivalente;Abandono Voluntario;Mujeres;0;6;0;0;;;29/04/2018
2013;Huesca;Maestro Educación Primaria;Diplomatura o equivalente;Graduado;Hombres;3;0;0;0;9.00;56.16;29/04/2018
2013;Huesca;Maestro Educación Primaria;Diplomatura o equivalente;Graduado;Mujeres;2;0;0;0;5.00;64.70;29/04/2018
2013;Huesca;Magisterio en Educación Infantil;Grado;Abandono Voluntario;Hombres;0;1;1;0;;;29/04/2018
2013;Huesca;Magisterio en Educación Infantil;Grado;Abandono Voluntario;Mujeres;0;6;5;0;;;29/04/2018
2013;Huesca;Magisterio en Educación Infantil;Grado;Cambio de estudios sin simultaneidad;Hombres;0;2;2;0;;;29/04/2018
2013;Huesca;Magisterio en Educación Infantil;Grado;Graduado;Hombres;7;0;0;0;4.00;94.86;29/04/2018
2013;Huesca;Magisterio en Educación Infantil;Grado;Graduado;Mujeres;70;0;0;0;4.00;97.07;29/04/2018
2013;Huesca;Magisterio en Educación Infantil;Grado;Incumple Régimen de permanencia;Mujeres;0;1;1;0;;;29/04/2018
2013;Huesca;Magisterio en Educación Primaria;Grado;Abandono Voluntario;Hombres;0;9;7;0;;;29/04/2018
2013;Huesca;Magisterio en Educación Primaria;Grado;Abandono Voluntario;Mujeres;0;9;7;0;;;29/04/2018
2013;Huesca;Magisterio en Educación Primaria;Grado;Cambio de estudios sin simultaneidad;Hombres;0;1;1;0;;;29/04/2018
2013;Huesca;Magisterio en Educación Primaria;Grado;Graduado;Hombres;26;0;0;0;4.00;97.54;29/04/2018
2013;Huesca;Magisterio en Educación Primaria;Grado;Graduado;Mujeres;36;0;0;0;4.00;97.07;29/04/2018
2013;Huesca;Medicina;Grado;Abandono Voluntario;Hombres;0;3;2;0;;;29/04/2018
2013;Huesca;Medicina;Grado;Abandono Voluntario;Mujeres;0;1;0;0;;;29/04/2018
2013;Huesca;Medicina;Grado;Traslado a otra Universidad;Hombres;0;0;0;2;;;29/04/2018
2013;Huesca;Medicina;Grado;Traslado a otra Universidad;Mujeres;0;0;0;2;;;29/04/2018
2013;Huesca;Medicina;Licenciatura o equivalente;Abandono Voluntario;Mujeres;0;1;0;0;;;29/04/2018
2013;Huesca;Nutrición Humana y Dietética;Grado;Abandono Voluntario;Mujeres;0;9;7;0;;;29/04/2018
2013;Huesca;Nutrición Humana y Dietética;Grado;Cambio de estudios sin simultaneidad;Hombres;0;1;0;0;;;29/04/2018
2013;Huesca;Nutrición Humana y Dietética;Grado;Cambio de estudios sin simultaneidad;Mujeres;0;2;2;0;;;29/04/2018
2013;Huesca;Nutrición Humana y Dietética;Grado;Graduado;Hombres;7;0;0;0;4.00;98.96;29/04/2018
2013;Huesca;Nutrición Humana y Dietética;Grado;Graduado;Mujeres;18;0;0;0;4.00;96.86;29/04/2018
2013;Huesca;Nutrición Humana y Dietética;Grado;Traslado a otra Universidad;Mujeres;0;0;0;5;;;29/04/2018
2013;Huesca;Odontología;Grado;Abandono Voluntario;Hombres;0;3;2;0;;;29/04/2018
2013;Huesca;Odontología;Grado;Abandono Voluntario;Mujeres;0;1;0;0;;;29/04/2018
2013;Huesca;Odontología;Grado;Cambio de estudios sin simultaneidad;Mujeres;0;1;1;0;;;29/04/2018
2013;Huesca;Odontología;Grado;Traslado a otra Universidad;Hombres;0;0;0;2;;;29/04/2018
2013;Huesca;Odontología;Grado;Traslado a otra Universidad;Mujeres;0;0;0;1;;;29/04/2018
2013;Huesca;Profesorado E.S.O., F.P. y Ens. Idiom, Art y Deport;Máster;Graduado;Hombres;14;0;0;0;1.00;100.00;29/04/2018
2013;Huesca;Profesorado E.S.O., F.P. y Ens. Idiom, Art y Deport;Máster;Graduado;Mujeres;6;0;0;0;1.00;100.00;29/04/2018
2013;Huesca;Relaciones Laborales;Diplomatura o equivalente;Abandono Voluntario;Mujeres;0;2;0;0;;;29/04/2018
2013;Huesca;Relaciones Laborales;Diplomatura o equivalente;Graduado;Hombres;1;0;0;0;18.00;61.73;29/04/2018
2013;Huesca;Relaciones Laborales;Diplomatura o equivalente;Graduado;Mujeres;6;0;0;0;14.80;54.20;29/04/2018
2013;Teruel;Administración y Dirección de Empresas;Grado;Abandono Voluntario;Hombres;0;7;4;0;;;29/04/2018
2013;Teruel;Administración y Dirección de Empresas;Grado;Abandono Voluntario;Mujeres;0;6;4;0;;;29/04/2018
2013;Teruel;Administración y Dirección de Empresas;Grado;Cambio de estudios sin simultaneidad;Hombres;0;1;1;0;;;29/04/2018
2013;Teruel;Administración y Dirección de Empresas;Grado;Cambio de estudios sin simultaneidad;Mujeres;0;2;1;0;;;29/04/2018
2013;Teruel;Administración y Dirección de Empresas;Grado;Graduado;Hombres;3;0;0;0;4.00;100.00;29/04/2018
2013;Teruel;Administración y Dirección de Empresas;Grado;Graduado;Mujeres;5;0;0;0;4.00;97.15;29/04/2018
2013;Teruel;Administración y Dirección de Empresas;Grado;Incumple Régimen de permanencia;Hombres;0;1;1;0;;;29/04/2018
2013;Teruel;Bellas Artes;Grado;Abandono Voluntario;Hombres;0;6;2;0;;;29/04/2018
2013;Teruel;Bellas Artes;Grado;Abandono Voluntario;Mujeres;0;15;7;0;;;29/04/2018
2013;Teruel;Bellas Artes;Grado;Cambio de estudios sin simultaneidad;Mujeres;0;1;1;0;;;29/04/2018
2013;Teruel;Bellas Artes;Grado;Graduado;Hombres;12;0;0;0;4.64;93.01;29/04/2018
2013;Teruel;Bellas Artes;Grado;Graduado;Mujeres;24;0;0;0;4.46;97.65;29/04/2018
2013;Teruel;Enfermería;Grado;Abandono Voluntario;Hombres;0;3;2;0;;;29/04/2018
2013;Teruel;Enfermería;Grado;Abandono Voluntario;Mujeres;0;1;1;0;;;29/04/2018
2013;Teruel;Enfermería;Grado;Graduado;Hombres;5;0;0;0;4.00;97.26;29/04/2018
2013;Teruel;Enfermería;Grado;Graduado;Mujeres;27;0;0;0;3.96;97.91;29/04/2018
2013;Teruel;Enfermería;Grado;Traslado a otra Universidad;Mujeres;0;0;0;1;;;29/04/2018
2013;Teruel;Ingeniería Electrónica y Automática;Grado;Abandono Voluntario;Hombres;0;11;7;0;;;29/04/2018
2013;Teruel;Ingeniería Electrónica y Automática;Grado;Graduado;Hombres;7;0;0;0;4.00;95.86;29/04/2018
2013;Teruel;Ingeniería Electrónica y Automática;Grado;Graduado;Mujeres;1;0;0;0;;;29/04/2018
2013;Teruel;Ingeniería Electrónica y Automática;Grado;Incumple Régimen de permanencia;Hombres;0;1;0;0;;;29/04/2018
2013;Teruel;Ingeniería Informática;Grado;Abandono Voluntario;Hombres;0;9;5;0;;;29/04/2018
2013;Teruel;Ingeniería Informática;Grado;Abandono Voluntario;Mujeres;0;1;1;0;;;29/04/2018
2013;Teruel;Ingeniería Informática;Grado;Graduado;Hombres;1;0;0;0;4.00;100.00;29/04/2018
2013;Teruel;Ingeniería Informática;Grado;Incumple Régimen de permanencia;Hombres;0;1;1;0;;;29/04/2018
2013;Teruel;Ingeniero Técnico de Telecomunicación;Diplomatura o equivalente;Abandono Voluntario;Hombres;0;5;0;0;;;29/04/2018
2013;Teruel;Ingeniero Técnico de Telecomunicación;Diplomatura o equivalente;Graduado;Hombres;14;0;0;0;14.31;37.12;29/04/2018
2013;Teruel;Ingeniero Técnico de Telecomunicación;Diplomatura o equivalente;Graduado;Mujeres;4;0;0;0;12.50;43.22;29/04/2018
2013;Teruel;Ingeniero Técnico en Informática de Gestión;Diplomatura o equivalente;Abandono Voluntario;Hombres;0;7;0;0;;;29/04/2018
2013;Teruel;Ingeniero Técnico en Informática de Gestión;Diplomatura o equivalente;Abandono Voluntario;Mujeres;0;5;0;0;;;29/04/2018
2013;Teruel;Ingeniero Técnico en Informática de Gestión;Diplomatura o equivalente;Cambio de estudios sin simultaneidad;Hombres;0;1;0;0;;;29/04/2018
2013;Teruel;Ingeniero Técnico en Informática de Gestión;Diplomatura o equivalente;Graduado;Hombres;13;0;0;0;10.33;47.16;29/04/2018
2013;Teruel;Ingeniero Técnico en Informática de Gestión;Diplomatura o equivalente;Graduado;Mujeres;5;0;0;0;9.40;49.37;29/04/2018
2013;Teruel;Licenciado en Bellas Artes;Licenciatura o equivalente;Abandono Voluntario;Mujeres;0;1;0;0;;;29/04/2018
2013;Teruel;Licenciado en Ciencias del Trabajo;Licenciatura o equivalente;Abandono Voluntario;Hombres;0;6;3;0;;;29/04/2018
2013;Teruel;Licenciado en Ciencias del Trabajo;Licenciatura o equivalente;Abandono Voluntario;Mujeres;0;12;8;0;;;29/04/2018
2013;Teruel;Licenciado en Ciencias del Trabajo;Licenciatura o equivalente;Cambio de estudios sin simultaneidad;Hombres;0;1;0;0;;;29/04/2018
2013;Teruel;Licenciado en Ciencias del Trabajo;Licenciatura o equivalente;Graduado;Hombres;9;0;0;0;5.11;66.67;29/04/2018
2013;Teruel;Licenciado en Ciencias del Trabajo;Licenciatura o equivalente;Graduado;Mujeres;25;0;0;0;3.20;76.43;29/04/2018
2013;Teruel;Licenciado en Humanidades;Licenciatura o equivalente;Graduado;Hombres;1;0;0;0;;;29/04/2018
2013;Teruel;Licenciado en Humanidades;Licenciatura o equivalente;Graduado;Mujeres;2;0;0;0;6.50;81.07;29/04/2018
2013;Teruel;Maestro Educación Infantil;Diplomatura o equivalente;Abandono Voluntario;Mujeres;0;1;0;0;;;29/04/2018
2013;Teruel;Maestro Educación Infantil;Diplomatura o equivalente;Graduado;Hombres;2;0;0;0;9.50;40.45;29/04/2018
2013;Teruel;Maestro Educación Infantil;Diplomatura o equivalente;Graduado;Mujeres;3;0;0;0;5.50;74.72;29/04/2018
2013;Teruel;Maestro Educación Primaria;Diplomatura o equivalente;Abandono Voluntario;Hombres;0;2;0;0;;;29/04/2018
2013;Teruel;Maestro Educación Primaria;Diplomatura o equivalente;Abandono Voluntario;Mujeres;0;6;0;0;;;29/04/2018
2013;Teruel;Maestro Educación Primaria;Diplomatura o equivalente;Graduado;Mujeres;3;0;0;0;8.33;50.15;29/04/2018
2013;Teruel;Maestro Lengua Extranjera;Diplomatura o equivalente;Abandono Voluntario;Hombres;0;1;0;0;;;29/04/2018
2013;Teruel;Maestro Lengua Extranjera;Diplomatura o equivalente;Abandono Voluntario;Mujeres;0;6;0;0;;;29/04/2018
2013;Teruel;Maestro Lengua Extranjera;Diplomatura o equivalente;Cambio de estudios sin simultaneidad;Mujeres;0;1;0;0;;;29/04/2018
2013;Teruel;Maestro Lengua Extranjera;Diplomatura o equivalente;Graduado;Hombres;3;0;0;0;5.00;75.29;29/04/2018
2013;Teruel;Maestro Lengua Extranjera;Diplomatura o equivalente;Graduado;Mujeres;8;0;0;0;5.50;70.84;29/04/2018
2013;Teruel;Magisterio en Educación Infantil;Grado;Abandono Voluntario;Hombres;0;1;0;0;;;29/04/2018
2013;Teruel;Magisterio en Educación Infantil;Grado;Abandono Voluntario;Mujeres;0;16;12;0;;;29/04/2018
2013;Teruel;Magisterio en Educación Infantil;Grado;Graduado;Hombres;5;0;0;0;4.00;96.53;29/04/2018
2013;Teruel;Magisterio en Educación Infantil;Grado;Graduado;Mujeres;67;0;0;0;3.98;95.61;29/04/2018
2013;Teruel;Magisterio en Educación Infantil;Grado;Incumple Régimen de permanencia;Hombres;0;1;1;0;;;29/04/2018
2013;Teruel;Magisterio en Educación Primaria;Grado;Abandono Voluntario;Hombres;0;12;7;0;;;29/04/2018
2013;Teruel;Magisterio en Educación Primaria;Grado;Abandono Voluntario;Mujeres;0;10;8;0;;;29/04/2018
2013;Teruel;Magisterio en Educación Primaria;Grado;Cambio de estudios sin simultaneidad;Hombres;0;1;1;0;;;29/04/2018
2013;Teruel;Magisterio en Educación Primaria;Grado;Graduado;Hombres;20;0;0;0;4.00;94.26;29/04/2018
2013;Teruel;Magisterio en Educación Primaria;Grado;Graduado;Mujeres;54;0;0;0;4.00;97.07;29/04/2018
2013;Teruel;Profesorado E.S.O., F.P. y Ens. Idiom, Art y Deport;Máster;Graduado;Hombres;1;0;0;0;1.00;100.00;29/04/2018
2013;Teruel;Profesorado E.S.O., F.P. y Ens. Idiom, Art y Deport;Máster;Graduado;Mujeres;16;0;0;0;1.00;100.00;29/04/2018
2013;Teruel;Psicología;Grado;Abandono Voluntario;Hombres;0;3;3;0;;;29/04/2018
2013;Teruel;Psicología;Grado;Abandono Voluntario;Mujeres;0;11;0;0;;;29/04/2018
2013;Teruel;Psicología;Grado;Graduado;Hombres;7;0;0;0;4.57;85.45;29/04/2018
2013;Teruel;Psicología;Grado;Graduado;Mujeres;47;0;0;0;4.18;93.20;29/04/2018
2013;Teruel;Relaciones Laborales;Diplomatura o equivalente;Abandono Voluntario;Hombres;0;2;0;0;;;29/04/2018
2013;Teruel;Relaciones Laborales;Diplomatura o equivalente;Abandono Voluntario;Mujeres;0;3;0;0;;;29/04/2018
2013;Teruel;Relaciones Laborales;Diplomatura o equivalente;Cambio de estudios sin simultaneidad;Hombres;0;1;0;0;;;29/04/2018
2013;Teruel;Relaciones Laborales;Diplomatura o equivalente;Graduado;Hombres;1;0;0;0;15.00;32.75;29/04/2018
2013;Teruel;Relaciones Laborales;Diplomatura o equivalente;Graduado;Mujeres;1;0;0;0;12.00;56.63;29/04/2018
2013;Zaragoza;Administración y Dirección de Empresas;Grado;Abandono Voluntario;Hombres;0;34;22;0;;;29/04/2018
2013;Zaragoza;Administración y Dirección de Empresas;Grado;Abandono Voluntario;Mujeres;0;21;13;0;;;29/04/2018
2013;Zaragoza;Administración y Dirección de Empresas;Grado;Cambio de estudios sin simultaneidad;Hombres;0;9;7;0;;;29/04/2018
2013;Zaragoza;Administración y Dirección de Empresas;Grado;Cambio de estudios sin simultaneidad;Mujeres;0;5;5;0;;;29/04/2018
2013;Zaragoza;Administración y Dirección de Empresas;Grado;Graduado;Hombres;76;0;0;0;3.98;94.65;29/04/2018
2013;Zaragoza;Administración y Dirección de Empresas;Grado;Graduado;Mujeres;110;0;0;0;4.00;96.05;29/04/2018
2013;Zaragoza;Administración y Dirección de Empresas;Grado;Incumple Régimen de permanencia;Hombres;0;26;20;0;;;29/04/2018
2013;Zaragoza;Administración y Dirección de Empresas;Grado;Incumple Régimen de permanencia;Mujeres;0;6;5;0;;;29/04/2018
2013;Zaragoza;Administración y Dirección de Empresas;Grado;Traslado a otra Universidad;Hombres;0;0;0;15;;;29/04/2018
2013;Zaragoza;Administración y Dirección de Empresas;Grado;Traslado a otra Universidad;Mujeres;0;0;0;10;;;29/04/2018
2013;Zaragoza;Aprendizaje a lo largo de la vida: Iniciación a la investigación;Máster;Abandono Voluntario;Hombres;0;4;3;0;;;29/04/2018
2013;Zaragoza;Aprendizaje a lo largo de la vida: Iniciación a la investigación;Máster;Abandono Voluntario;Mujeres;0;6;3;0;;;29/04/2018
2013;Zaragoza;Aprendizaje a lo largo de la vida: Iniciación a la investigación;Máster;Graduado;Hombres;6;0;0;0;1.67;81.08;29/04/2018
2013;Zaragoza;Aprendizaje a lo largo de la vida: Iniciación a la investigación;Máster;Graduado;Mujeres;10;0;0;0;1.00;91.92;29/04/2018
2013;Zaragoza;Aprendizaje a lo largo de la vida: Iniciación a la investigación;Máster;Incumple Régimen de permanencia;Mujeres;0;1;0;0;;;29/04/2018
2013;Zaragoza;Arquitectura;Grado;Graduado;Hombres;3;0;0;0;6.00;93.75;29/04/2018
2013;Zaragoza;Arquitectura;Máster;Graduado;Hombres;5;0;0;0;1.00;100.00;29/04/2018
2013;Zaragoza;Arquitectura;Máster;Graduado;Mujeres;10;0;0;0;1.00;100.00;29/04/2018
2013;Zaragoza;Biblioteconomía y Documentación;Diplomatura o equivalente;Traslado a otra Universidad;Hombres;0;0;0;1;;;29/04/2018
2013;Zaragoza;Biología Molecular y Celular;Máster;Cambio de estudios sin simultaneidad;Mujeres;0;1;1;0;;;29/04/2018
2013;Zaragoza;Biología Molecular y Celular;Máster;Graduado;Hombres;9;0;0;0;1.00;100.00;29/04/2018
2013;Zaragoza;Biología Molecular y Celular;Máster;Graduado;Mujeres;20;0;0;0;1.11;95.24;29/04/2018
2013;Zaragoza;Bioquímica;Licenciatura o equivalente;Abandono Voluntario;Hombres;0;3;2;0;;;29/04/2018
2013;Zaragoza;Bioquímica;Licenciatura o equivalente;Abandono Voluntario;Mujeres;0;1;1;0;;;29/04/2018
2013;Zaragoza;Bioquímica;Licenciatura o equivalente;Cambio de estudios sin simultaneidad;Mujeres;0;2;0;0;;;29/04/2018
2013;Zaragoza;Bioquímica;Licenciatura o equivalente;Graduado;Hombres;10;0;0;0;2.43;86.03;29/04/2018
2013;Zaragoza;Bioquímica;Licenciatura o equivalente;Graduado;Mujeres;23;0;0;0;2.36;95.33;29/04/2018
2013;Zaragoza;Bioquímica y biología molecular;Doctorado;Graduado;Hombres;4;0;0;0;;;29/04/2018
2013;Zaragoza;Bioquímica y biología molecular;Doctorado;Graduado;Mujeres;7;0;0;0;;;29/04/2018
2013;Zaragoza;Biotecnología;Grado;Abandono Voluntario;Hombres;0;1;1;0;;;29/04/2018
2013;Zaragoza;Biotecnología;Grado;Abandono Voluntario;Mujeres;0;1;0;0;;;29/04/2018
2013;Zaragoza;Biotecnología;Grado;Graduado;Hombres;20;0;0;0;4.00;97.26;29/04/2018
2013;Zaragoza;Biotecnología;Grado;Graduado;Mujeres;28;0;0;0;4.00;97.96;29/04/2018
2013;Zaragoza;Biotecnología;Grado;Incumple Régimen de permanencia;Hombres;0;1;1;0;;;29/04/2018
2013;Zaragoza;Biotecnología;Grado;Traslado a otra Universidad;Mujeres;0;0;0;1;;;29/04/2018
2013;Zaragoza;Calidad, seguridad y tecnología de los alimentos;Doctorado;Graduado;Hombres;1;0;0;0;;;29/04/2018
2013;Zaragoza;Calidad, seguridad y tecnología de los alimentos;Doctorado;Graduado;Mujeres;2;0;0;0;;;29/04/2018
2013;Zaragoza;Ciencia analítica en química;Doctorado;Graduado;Mujeres;5;0;0;0;;;29/04/2018
2013;Zaragoza;Ciencia y Tecnología de los Alimentos;Grado;Abandono Voluntario;Hombres;0;1;0;0;;;29/04/2018
2013;Zaragoza;Ciencia y Tecnología de los Alimentos;Grado;Abandono Voluntario;Mujeres;0;3;2;0;;;29/04/2018
2013;Zaragoza;Ciencia y Tecnología de los Alimentos;Grado;Cambio de estudios sin simultaneidad;Hombres;0;1;1;0;;;29/04/2018
2013;Zaragoza;Ciencia y Tecnología de los Alimentos;Grado;Cambio de estudios sin simultaneidad;Mujeres;0;4;4;0;;;29/04/2018
2013;Zaragoza;Ciencia y Tecnología de los Alimentos;Grado;Graduado;Hombres;7;0;0;0;4.57;85.54;29/04/2018
2013;Zaragoza;Ciencia y Tecnología de los Alimentos;Grado;Graduado;Mujeres;18;0;0;0;4.12;91.95;29/04/2018
2013;Zaragoza;Ciencia y Tecnología de los Alimentos;Grado;Traslado a otra Universidad;Hombres;0;0;0;1;;;29/04/2018
2013;Zaragoza;Ciencia y Tecnología de los Alimentos;Grado;Traslado a otra Universidad;Mujeres;0;0;0;2;;;29/04/2018
2013;Zaragoza;Ciencia y Tecnología de los Alimentos;Licenciatura o equivalente;Abandono Voluntario;Mujeres;0;4;3;0;;;29/04/2018
2013;Zaragoza;Ciencia y Tecnología de los Alimentos;Licenciatura o equivalente;Cambio de estudios sin simultaneidad;Hombres;0;1;0;0;;;29/04/2018
2013;Zaragoza;Ciencia y Tecnología de los Alimentos;Licenciatura o equivalente;Graduado;Hombres;7;0;0;0;11.00;40.59;29/04/2018
2013;Zaragoza;Ciencia y Tecnología de los Alimentos;Licenciatura o equivalente;Graduado;Mujeres;13;0;0;0;3.00;78.88;29/04/2018
2013;Zaragoza;Ciencias agrarias y del medio natural;Doctorado;Graduado;Hombres;3;0;0;0;;;29/04/2018
2013;Zaragoza;Ciencias agrarias y del medio natural;Doctorado;Graduado;Mujeres;1;0;0;0;;;29/04/2018
2013;Zaragoza;Ciencias biomédicas y biotecnológicas;Doctorado;Graduado;Mujeres;1;0;0;0;;;29/04/2018
2013;Zaragoza;Ciencias de la Antigüedad;Máster;Abandono Voluntario;Hombres;0;1;1;0;;;29/04/2018
2013;Zaragoza;Ciencias de la Antigüedad;Máster;Graduado;Hombres;7;0;0;0;1.17;94.59;29/04/2018
2013;Zaragoza;Ciencias de la Antigüedad;Máster;Graduado;Mujeres;3;0;0;0;1.00;100.00;29/04/2018
2013;Zaragoza;Ciencias de la Enfermería;Máster;Abandono Voluntario;Hombres;0;1;1;0;;;29/04/2018
2013;Zaragoza;Ciencias de la Enfermería;Máster;Abandono Voluntario;Mujeres;0;2;1;0;;;29/04/2018
2013;Zaragoza;Ciencias de la Enfermería;Máster;Graduado;Hombres;4;0;0;0;2.00;100.00;29/04/2018
2013;Zaragoza;Ciencias de la Enfermería;Máster;Graduado;Mujeres;10;0;0;0;2.62;100.00;29/04/2018
2013;Zaragoza;Ciencias de la Salud;Doctorado;Graduado;Hombres;3;0;0;0;;;29/04/2018
2013;Zaragoza;Ciencias de la Salud;Doctorado;Graduado;Mujeres;3;0;0;0;;;29/04/2018
2013;Zaragoza;Ciencias Empresariales;Licenciatura o equivalente;Traslado a otra Universidad;Hombres;0;0;0;1;;;29/04/2018
2013;Zaragoza;Cond. genéticos, nutric. y amb. del crec. y desarrollo;Máster;Abandono Voluntario;Mujeres;0;1;1;0;;;29/04/2018
2013;Zaragoza;Cond. genéticos, nutric. y amb. del crec. y desarrollo;Máster;Graduado;Hombres;4;0;0;0;1.00;100.00;29/04/2018
2013;Zaragoza;Cond. genéticos, nutric. y amb. del crec. y desarrollo;Máster;Graduado;Mujeres;18;0;0;0;1.08;98.36;29/04/2018
2013;Zaragoza;Contabilidad y finanzas;Doctorado;Graduado;Hombres;2;0;0;0;;;29/04/2018
2013;Zaragoza;Contabilidad y finanzas;Doctorado;Graduado;Mujeres;1;0;0;0;;;29/04/2018
2013;Zaragoza;Contabilidad y finanzas;Máster;Abandono Voluntario;Hombres;0;1;1;0;;;29/04/2018
2013;Zaragoza;Contabilidad y finanzas;Máster;Abandono Voluntario;Mujeres;0;2;2;0;;;29/04/2018
2013;Zaragoza;Contabilidad y finanzas;Máster;Graduado;Hombres;6;0;0;0;1.17;96.01;29/04/2018
2013;Zaragoza;Contabilidad y finanzas;Máster;Graduado;Mujeres;1;0;0;0;1.00;100.00;29/04/2018
2013;Zaragoza;Derecho;Doctorado;Graduado;Mujeres;1;0;0;0;;;29/04/2018
2013;Zaragoza;Derecho;Grado;Abandono Voluntario;Hombres;0;11;5;0;;;29/04/2018
2013;Zaragoza;Derecho;Grado;Abandono Voluntario;Mujeres;0;10;9;0;;;29/04/2018
2013;Zaragoza;Derecho;Grado;Cambio de estudios sin simultaneidad;Hombres;0;4;4;0;;;29/04/2018
2013;Zaragoza;Derecho;Grado;Cambio de estudios sin simultaneidad;Mujeres;0;3;3;0;;;29/04/2018
2013;Zaragoza;Derecho;Grado;Graduado;Hombres;48;0;0;0;3.98;96.89;29/04/2018
2013;Zaragoza;Derecho;Grado;Graduado;Mujeres;86;0;0;0;3.99;98.13;29/04/2018
2013;Zaragoza;Derecho;Grado;Incumple Régimen de permanencia;Hombres;0;3;3;0;;;29/04/2018
2013;Zaragoza;Derecho;Grado;Incumple Régimen de permanencia;Mujeres;0;1;1;0;;;29/04/2018
2013;Zaragoza;Derecho;Grado;Traslado a otra Universidad;Hombres;0;0;0;14;;;29/04/2018
2013;Zaragoza;Derecho;Grado;Traslado a otra Universidad;Mujeres;0;0;0;16;;;29/04/2018
2013;Zaragoza;Derecho;Licenciatura o equivalente;Abandono Voluntario;Hombres;0;18;0;0;;;29/04/2018
2013;Zaragoza;Derecho;Licenciatura o equivalente;Abandono Voluntario;Mujeres;0;29;0;0;;;29/04/2018
2013;Zaragoza;Derecho;Licenciatura o equivalente;Cambio de estudios sin simultaneidad;Mujeres;0;2;0;0;;;29/04/2018
2013;Zaragoza;Derecho;Licenciatura o equivalente;Graduado;Hombres;166;0;0;0;6.13;80.74;29/04/2018
2013;Zaragoza;Derecho;Licenciatura o equivalente;Graduado;Mujeres;243;0;0;0;6.15;82.73;29/04/2018
2013;Zaragoza;Derecho;Licenciatura o equivalente;Traslado a otra Universidad;Hombres;0;0;0;13;;;29/04/2018
2013;Zaragoza;Derecho;Licenciatura o equivalente;Traslado a otra Universidad;Mujeres;0;0;0;14;;;29/04/2018
2013;Zaragoza;Diplomado Ciencias Empresariales;Diplomatura o equivalente;Abandono Voluntario;Hombres;0;37;1;0;;;29/04/2018
2013;Zaragoza;Diplomado Ciencias Empresariales;Diplomatura o equivalente;Abandono Voluntario;Mujeres;0;47;3;0;;;29/04/2018
2013;Zaragoza;Diplomado Ciencias Empresariales;Diplomatura o equivalente;Cambio de estudios sin simultaneidad;Mujeres;0;3;0;0;;;29/04/2018
2013;Zaragoza;Diplomado Ciencias Empresariales;Diplomatura o equivalente;Graduado;Hombres;44;0;0;0;8.17;47.12;29/04/2018
2013;Zaragoza;Diplomado Ciencias Empresariales;Diplomatura o equivalente;Graduado;Mujeres;46;0;0;0;10.18;44.12;29/04/2018
2013;Zaragoza;Diplomado en Turismo;Diplomatura o equivalente;Abandono Voluntario;Hombres;0;5;0;0;;;29/04/2018
2013;Zaragoza;Diplomado en Turismo;Diplomatura o equivalente;Abandono Voluntario;Mujeres;0;8;0;0;;;29/04/2018
2013;Zaragoza;Diplomado en Turismo;Diplomatura o equivalente;Graduado;Hombres;5;0;0;0;6.50;71.86;29/04/2018
2013;Zaragoza;Diplomado en Turismo;Diplomatura o equivalente;Graduado;Mujeres;19;0;0;0;6.00;64.93;29/04/2018
2013;Zaragoza;Economía;Doctorado;Graduado;Hombres;3;0;0;0;;;29/04/2018
2013;Zaragoza;Economía;Doctorado;Graduado;Mujeres;3;0;0;0;;;29/04/2018
2013;Zaragoza;Economía;Grado;Abandono Voluntario;Hombres;0;23;15;0;;;29/04/2018
2013;Zaragoza;Economía;Grado;Abandono Voluntario;Mujeres;0;10;8;0;;;29/04/2018
2013;Zaragoza;Economía;Grado;Cambio de estudios sin simultaneidad;Hombres;0;6;6;0;;;29/04/2018
2013;Zaragoza;Economía;Grado;Cambio de estudios sin simultaneidad;Mujeres;0;8;3;0;;;29/04/2018
2013;Zaragoza;Economía;Grado;Graduado;Hombres;24;0;0;0;4.00;96.11;29/04/2018
2013;Zaragoza;Economía;Grado;Graduado;Mujeres;23;0;0;0;4.00;95.07;29/04/2018
2013;Zaragoza;Economía;Grado;Incumple Régimen de permanencia;Hombres;0;12;11;0;;;29/04/2018
2013;Zaragoza;Economía;Grado;Incumple Régimen de permanencia;Mujeres;0;8;6;0;;;29/04/2018
2013;Zaragoza;Economía;Grado;Traslado a otra Universidad;Hombres;0;0;0;13;;;29/04/2018
2013;Zaragoza;Economía;Grado;Traslado a otra Universidad;Mujeres;0;0;0;8;;;29/04/2018
2013;Zaragoza;Economía;Máster;Abandono Voluntario;Hombres;0;3;3;0;;;29/04/2018
2013;Zaragoza;Economía;Máster;Abandono Voluntario;Mujeres;0;2;0;0;;;29/04/2018
2013;Zaragoza;Economía;Máster;Graduado;Hombres;3;0;0;0;1.00;100.00;29/04/2018
2013;Zaragoza;Economía;Máster;Incumple Régimen de permanencia;Hombres;0;1;0;0;;;29/04/2018
2013;Zaragoza;Economía y gestión de las organizaciones;Doctorado;Graduado;Hombres;1;0;0;0;;;29/04/2018
2013;Zaragoza;Economía y gestión de las organizaciones;Doctorado;Graduado;Mujeres;2;0;0;0;;;29/04/2018
2013;Zaragoza;Educación;Doctorado;Graduado;Hombres;4;0;0;0;;;29/04/2018
2013;Zaragoza;Educación;Doctorado;Graduado;Mujeres;2;0;0;0;;;29/04/2018
2013;Zaragoza;Energías Renovables y Eficiencia Energética;Máster;Abandono Voluntario;Hombres;0;16;8;0;;;29/04/2018
2013;Zaragoza;Energías Renovables y Eficiencia Energética;Máster;Abandono Voluntario;Mujeres;0;5;2;0;;;29/04/2018
2013;Zaragoza;Energías Renovables y Eficiencia Energética;Máster;Graduado;Hombres;23;0;0;0;1.29;94.01;29/04/2018
2013;Zaragoza;Energías Renovables y Eficiencia Energética;Máster;Graduado;Mujeres;6;0;0;0;1.00;94.67;29/04/2018
2013;Zaragoza;Energías Renovables y Eficiencia Energética;Máster;Incumple Régimen de permanencia;Mujeres;0;1;1;0;;;29/04/2018
2013;Zaragoza;Energías renovables y eficiencia energética;Doctorado;Graduado;Hombres;5;0;0;0;;;29/04/2018
2013;Zaragoza;Energías renovables y eficiencia energética;Doctorado;Graduado;Mujeres;8;0;0;0;;;29/04/2018
2013;Zaragoza;Enfermería;Grado;Abandono Voluntario;Hombres;0;2;1;0;;;29/04/2018
2013;Zaragoza;Enfermería;Grado;Abandono Voluntario;Mujeres;0;9;5;0;;;29/04/2018
2013;Zaragoza;Enfermería;Grado;Cambio de estudios sin simultaneidad;Hombres;0;1;0;0;;;29/04/2018
2013;Zaragoza;Enfermería;Grado;Cambio de estudios sin simultaneidad;Mujeres;0;5;5;0;;;29/04/2018
2013;Zaragoza;Enfermería;Grado;Graduado;Hombres;28;0;0;0;4.25;92.15;29/04/2018
2013;Zaragoza;Enfermería;Grado;Graduado;Mujeres;176;0;0;0;4.08;96.03;29/04/2018
2013;Zaragoza;Erasmus Mundus en Ingeniería de Membranas;Máster;Graduado;Hombres;2;0;0;0;;;29/04/2018
2013;Zaragoza;Erasmus Mundus en Ingeniería de Membranas;Máster;Graduado;Mujeres;3;0;0;0;;;29/04/2018
2013;Zaragoza;Especialización e Investigación en Derecho;Máster;Abandono Voluntario;Hombres;0;3;2;0;;;29/04/2018
2013;Zaragoza;Especialización e Investigación en Derecho;Máster;Abandono Voluntario;Mujeres;0;4;2;0;;;29/04/2018
2013;Zaragoza;Especialización e Investigación en Derecho;Máster;Graduado;Mujeres;2;0;0;0;2.00;76.92;29/04/2018
2013;Zaragoza;Estadística;Diplomatura o equivalente;Abandono Voluntario;Hombres;0;6;0;0;;;29/04/2018
2013;Zaragoza;Estadística;Diplomatura o equivalente;Abandono Voluntario;Mujeres;0;1;0;0;;;29/04/2018
2013;Zaragoza;Estadística;Diplomatura o equivalente;Graduado;Hombres;1;0;0;0;9.00;40.96;29/04/2018
2013;Zaragoza;Estudios Avanzados en Historia del Arte;Máster;Abandono Voluntario;Hombres;0;2;0;0;;;29/04/2018
2013;Zaragoza;Estudios Avanzados en Historia del Arte;Máster;Abandono Voluntario;Mujeres;0;4;3;0;;;29/04/2018
2013;Zaragoza;Estudios Avanzados en Historia del Arte;Máster;Cambio de estudios sin simultaneidad;Mujeres;0;2;2;0;;;29/04/2018
2013;Zaragoza;Estudios Avanzados en Historia del Arte;Máster;Graduado;Hombres;2;0;0;0;1.00;100.00;29/04/2018
2013;Zaragoza;Estudios Avanzados en Historia del Arte;Máster;Graduado;Mujeres;9;0;0;0;1.11;97.83;29/04/2018
2013;Zaragoza;Estudios Clásicos;Grado;Abandono Voluntario;Hombres;0;3;3;0;;;29/04/2018
2013;Zaragoza;Estudios Clásicos;Grado;Abandono Voluntario;Mujeres;0;6;6;0;;;29/04/2018
2013;Zaragoza;Estudios Clásicos;Grado;Cambio de estudios sin simultaneidad;Hombres;0;3;1;0;;;29/04/2018
2013;Zaragoza;Estudios Clásicos;Grado;Cambio de estudios sin simultaneidad;Mujeres;0;3;2;0;;;29/04/2018
2013;Zaragoza;Estudios Clásicos;Grado;Graduado;Hombres;3;0;0;0;4.00;100.00;29/04/2018
2013;Zaragoza;Estudios Clásicos;Grado;Graduado;Mujeres;5;0;0;0;4.00;98.51;29/04/2018
2013;Zaragoza;Estudios Clásicos;Grado;Incumple Régimen de permanencia;Mujeres;0;2;1;0;;;29/04/2018
2013;Zaragoza;Estudios Clásicos;Grado;Traslado a otra Universidad;Hombres;0;0;0;1;;;29/04/2018
2013;Zaragoza;Estudios Clásicos;Grado;Traslado a otra Universidad;Mujeres;0;0;0;3;;;29/04/2018
2013;Zaragoza;Estudios en Arquitectura;Grado;Abandono Voluntario;Hombres;0;3;3;0;;;29/04/2018
2013;Zaragoza;Estudios en Arquitectura;Grado;Abandono Voluntario;Mujeres;0;3;3;0;;;29/04/2018
2013;Zaragoza;Estudios en Arquitectura;Grado;Cambio de estudios sin simultaneidad;Hombres;0;1;1;0;;;29/04/2018
2013;Zaragoza;Estudios en Arquitectura;Grado;Graduado;Hombres;14;0;0;0;;;29/04/2018
2013;Zaragoza;Estudios en Arquitectura;Grado;Graduado;Mujeres;21;0;0;0;;;29/04/2018
2013;Zaragoza;Estudios en Arquitectura;Grado;Traslado a otra Universidad;Hombres;0;0;0;3;;;29/04/2018
2013;Zaragoza;Estudios Filosóficos;Máster;Abandono Voluntario;Hombres;0;4;3;0;;;29/04/2018
2013;Zaragoza;Estudios Filosóficos;Máster;Abandono Voluntario;Mujeres;0;1;0;0;;;29/04/2018
2013;Zaragoza;Estudios Filosóficos;Máster;Graduado;Hombres;2;0;0;0;2.00;83.33;29/04/2018
2013;Zaragoza;Estudios Filosóficos;Máster;Graduado;Mujeres;1;0;0;0;2.00;83.33;29/04/2018
2013;Zaragoza;Estudios Hispánicos: lengua y literatura;Máster;Abandono Voluntario;Hombres;0;3;2;0;;;29/04/2018
2013;Zaragoza;Estudios Hispánicos: lengua y literatura;Máster;Cambio de estudios sin simultaneidad;Mujeres;0;1;1;0;;;29/04/2018
2013;Zaragoza;Estudios Hispánicos: lengua y literatura;Máster;Graduado;Hombres;1;0;0;0;1.00;100.00;29/04/2018
2013;Zaragoza;Estudios Hispánicos: lengua y literatura;Máster;Graduado;Mujeres;6;0;0;0;1.25;95.24;29/04/2018
2013;Zaragoza;Estudios Ingleses;Grado;Abandono Voluntario;Hombres;0;4;3;0;;;29/04/2018
2013;Zaragoza;Estudios Ingleses;Grado;Abandono Voluntario;Mujeres;0;9;6;0;;;29/04/2018
2013;Zaragoza;Estudios Ingleses;Grado;Cambio de estudios sin simultaneidad;Hombres;0;1;1;0;;;29/04/2018
2013;Zaragoza;Estudios Ingleses;Grado;Cambio de estudios sin simultaneidad;Mujeres;0;1;1;0;;;29/04/2018
2013;Zaragoza;Estudios Ingleses;Grado;Graduado;Hombres;6;0;0;0;4.00;95.98;29/04/2018
2013;Zaragoza;Estudios Ingleses;Grado;Graduado;Mujeres;42;0;0;0;3.98;98.27;29/04/2018
2013;Zaragoza;Estudios Ingleses;Grado;Incumple Régimen de permanencia;Mujeres;0;2;2;0;;;29/04/2018
2013;Zaragoza;Estudios Ingleses;Grado;Traslado a otra Universidad;Hombres;0;0;0;2;;;29/04/2018
2013;Zaragoza;Estudios Ingleses;Grado;Traslado a otra Universidad;Mujeres;0;0;0;1;;;29/04/2018
2013;Zaragoza;Estudios ingleses;Doctorado;Graduado;Mujeres;4;0;0;0;;;29/04/2018
2013;Zaragoza;Estudios Textuales y Culturales en Lengua Inglesa;Máster;Abandono Voluntario;Hombres;0;1;1;0;;;29/04/2018
2013;Zaragoza;Estudios Textuales y Culturales en Lengua Inglesa;Máster;Abandono Voluntario;Mujeres;0;1;1;0;;;29/04/2018
2013;Zaragoza;Estudios Textuales y Culturales en Lengua Inglesa;Máster;Graduado;Hombres;3;0;0;0;3.00;66.67;29/04/2018
2013;Zaragoza;Estudios Textuales y Culturales en Lengua Inglesa;Máster;Graduado;Mujeres;2;0;0;0;4.50;61.54;29/04/2018
2013;Zaragoza;Filología Clásica;Licenciatura o equivalente;Abandono Voluntario;Hombres;0;1;0;0;;;29/04/2018
2013;Zaragoza;Filología Clásica;Licenciatura o equivalente;Abandono Voluntario;Mujeres;0;1;0;0;;;29/04/2018
2013;Zaragoza;Filología Clásica;Licenciatura o equivalente;Cambio de estudios sin simultaneidad;Mujeres;0;1;0;0;;;29/04/2018
2013;Zaragoza;Filología Clásica;Licenciatura o equivalente;Graduado;Hombres;2;0;0;0;5.00;100.00;29/04/2018
2013;Zaragoza;Filología Clásica;Licenciatura o equivalente;Graduado;Mujeres;6;0;0;0;6.50;91.46;29/04/2018
2013;Zaragoza;Filología Clásica;Licenciatura o equivalente;Traslado a otra Universidad;Hombres;0;0;0;1;;;29/04/2018
2013;Zaragoza;Filología Hispánica;Grado;Abandono Voluntario;Hombres;0;1;1;0;;;29/04/2018
2013;Zaragoza;Filología Hispánica;Grado;Abandono Voluntario;Mujeres;0;1;1;0;;;29/04/2018
2013;Zaragoza;Filología Hispánica;Grado;Cambio de estudios sin simultaneidad;Mujeres;0;2;2;0;;;29/04/2018
2013;Zaragoza;Filología Hispánica;Grado;Graduado;Hombres;4;0;0;0;4.00;96.60;29/04/2018
2013;Zaragoza;Filología Hispánica;Grado;Graduado;Mujeres;15;0;0;0;4.00;98.35;29/04/2018
2013;Zaragoza;Filología Hispánica;Grado;Incumple Régimen de permanencia;Mujeres;0;3;3;0;;;29/04/2018
2013;Zaragoza;Filología Hispánica;Grado;Traslado a otra Universidad;Mujeres;0;0;0;3;;;29/04/2018
2013;Zaragoza;Filología Hispánica;Licenciatura o equivalente;Abandono Voluntario;Mujeres;0;12;3;0;;;29/04/2018
2013;Zaragoza;Filología Hispánica;Licenciatura o equivalente;Cambio de estudios sin simultaneidad;Mujeres;0;1;0;0;;;29/04/2018
2013;Zaragoza;Filología Hispánica;Licenciatura o equivalente;Graduado;Hombres;5;0;0;0;6.80;69.30;29/04/2018
2013;Zaragoza;Filología Hispánica;Licenciatura o equivalente;Graduado;Mujeres;29;0;0;0;5.36;86.86;29/04/2018
2013;Zaragoza;Filología Hispánica;Licenciatura o equivalente;Traslado a otra Universidad;Hombres;0;0;0;1;;;29/04/2018
2013;Zaragoza;Filología Hispánica;Licenciatura o equivalente;Traslado a otra Universidad;Mujeres;0;0;0;4;;;29/04/2018
2013;Zaragoza;Filología hispánica;Doctorado;Graduado;Mujeres;1;0;0;0;;;29/04/2018
2013;Zaragoza;Filología Inglesa;Licenciatura o equivalente;Abandono Voluntario;Hombres;0;5;0;0;;;29/04/2018
2013;Zaragoza;Filología Inglesa;Licenciatura o equivalente;Abandono Voluntario;Mujeres;0;5;0;0;;;29/04/2018
2013;Zaragoza;Filología Inglesa;Licenciatura o equivalente;Graduado;Hombres;24;0;0;0;6.04;80.69;29/04/2018
2013;Zaragoza;Filología Inglesa;Licenciatura o equivalente;Graduado;Mujeres;62;0;0;0;6.16;83.20;29/04/2018
2013;Zaragoza;Filología Inglesa;Licenciatura o equivalente;Traslado a otra Universidad;Hombres;0;0;0;5;;;29/04/2018
2013;Zaragoza;Filología Inglesa;Licenciatura o equivalente;Traslado a otra Universidad;Mujeres;0;0;0;6;;;29/04/2018
2013;Zaragoza;Filología Románica (Francés);Licenciatura o equivalente;Abandono Voluntario;Hombres;0;1;0;0;;;29/04/2018
2013;Zaragoza;Filología Románica (Francés);Licenciatura o equivalente;Abandono Voluntario;Mujeres;0;4;1;0;;;29/04/2018
2013;Zaragoza;Filología Románica (Francés);Licenciatura o equivalente;Cambio de estudios sin simultaneidad;Mujeres;0;2;1;0;;;29/04/2018
2013;Zaragoza;Filología Románica (Francés);Licenciatura o equivalente;Graduado;Hombres;4;0;0;0;7.00;60.29;29/04/2018
2013;Zaragoza;Filología Románica (Francés);Licenciatura o equivalente;Graduado;Mujeres;8;0;0;0;6.50;79.13;29/04/2018
2013;Zaragoza;Filosofía;Grado;Abandono Voluntario;Hombres;0;4;3;0;;;29/04/2018
2013;Zaragoza;Filosofía;Grado;Abandono Voluntario;Mujeres;0;6;3;0;;;29/04/2018
2013;Zaragoza;Filosofía;Grado;Cambio de estudios sin simultaneidad;Hombres;0;1;1;0;;;29/04/2018
2013;Zaragoza;Filosofía;Grado;Graduado;Hombres;10;0;0;0;5.10;86.12;29/04/2018
2013;Zaragoza;Filosofía;Grado;Graduado;Mujeres;8;0;0;0;4.43;88.45;29/04/2018
2013;Zaragoza;Filosofía;Grado;Incumple Régimen de permanencia;Hombres;0;1;1;0;;;29/04/2018
2013;Zaragoza;Filosofía;Grado;Incumple Régimen de permanencia;Mujeres;0;2;2;0;;;29/04/2018
2013;Zaragoza;Filosofía;Grado;Traslado a otra Universidad;Hombres;0;0;0;7;;;29/04/2018
2013;Zaragoza;Filosofía;Grado;Traslado a otra Universidad;Mujeres;0;0;0;1;;;29/04/2018
2013;Zaragoza;Finanzas y Contabilidad;Grado;Abandono Voluntario;Hombres;0;12;8;0;;;29/04/2018
2013;Zaragoza;Finanzas y Contabilidad;Grado;Abandono Voluntario;Mujeres;0;12;10;0;;;29/04/2018
2013;Zaragoza;Finanzas y Contabilidad;Grado;Cambio de estudios sin simultaneidad;Hombres;0;3;1;0;;;29/04/2018
2013;Zaragoza;Finanzas y Contabilidad;Grado;Cambio de estudios sin simultaneidad;Mujeres;0;5;2;0;;;29/04/2018
2013;Zaragoza;Finanzas y Contabilidad;Grado;Graduado;Hombres;18;0;0;0;4.00;94.93;29/04/2018
2013;Zaragoza;Finanzas y Contabilidad;Grado;Graduado;Mujeres;29;0;0;0;4.00;94.46;29/04/2018
2013;Zaragoza;Finanzas y Contabilidad;Grado;Incumple Régimen de permanencia;Hombres;0;4;4;0;;;29/04/2018
2013;Zaragoza;Finanzas y Contabilidad;Grado;Incumple Régimen de permanencia;Mujeres;0;3;2;0;;;29/04/2018
2013;Zaragoza;Física;Doctorado;Graduado;Hombres;6;0;0;0;;;29/04/2018
2013;Zaragoza;Física;Doctorado;Graduado;Mujeres;8;0;0;0;;;29/04/2018
2013;Zaragoza;Física;Grado;Abandono Voluntario;Hombres;0;14;8;0;;;29/04/2018
2013;Zaragoza;Física;Grado;Abandono Voluntario;Mujeres;0;4;3;0;;;29/04/2018
2013;Zaragoza;Física;Grado;Cambio de estudios sin simultaneidad;Hombres;0;2;1;0;;;29/04/2018
2013;Zaragoza;Física;Grado;Graduado;Hombres;17;0;0;0;4.00;98.82;29/04/2018
2013;Zaragoza;Física;Grado;Graduado;Mujeres;3;0;0;0;4.00;95.34;29/04/2018
2013;Zaragoza;Física;Grado;Incumple Régimen de permanencia;Hombres;0;8;6;0;;;29/04/2018
2013;Zaragoza;Física;Grado;Incumple Régimen de permanencia;Mujeres;0;5;1;0;;;29/04/2018
2013;Zaragoza;Física;Grado;Traslado a otra Universidad;Hombres;0;0;0;7;;;29/04/2018
2013;Zaragoza;Física y Tecnologías Físicas;Máster;Abandono Voluntario;Hombres;0;1;1;0;;;29/04/2018
2013;Zaragoza;Física y Tecnologías Físicas;Máster;Graduado;Hombres;10;0;0;0;1.50;73.17;29/04/2018
2013;Zaragoza;Física y Tecnologías Físicas;Máster;Graduado;Mujeres;1;0;0;0;1.00;100.00;29/04/2018
2013;Zaragoza;Físicas;Licenciatura o equivalente;Abandono Voluntario;Hombres;0;2;0;0;;;29/04/2018
2013;Zaragoza;Físicas;Licenciatura o equivalente;Abandono Voluntario;Mujeres;0;1;0;0;;;29/04/2018
2013;Zaragoza;Físicas;Licenciatura o equivalente;Graduado;Hombres;25;0;0;0;6.30;80.68;29/04/2018
2013;Zaragoza;Físicas;Licenciatura o equivalente;Graduado;Mujeres;9;0;0;0;5.78;83.38;29/04/2018
2013;Zaragoza;Físicas;Licenciatura o equivalente;Traslado a otra Universidad;Hombres;0;0;0;1;;;29/04/2018
2013;Zaragoza;Fisioterapia;Grado;Abandono Voluntario;Hombres;0;8;5;0;;;29/04/2018
2013;Zaragoza;Fisioterapia;Grado;Abandono Voluntario;Mujeres;0;4;3;0;;;29/04/2018
2013;Zaragoza;Fisioterapia;Grado;Cambio de estudios sin simultaneidad;Hombres;0;1;1;0;;;29/04/2018
2013;Zaragoza;Fisioterapia;Grado;Graduado;Hombres;25;0;0;0;4.00;97.42;29/04/2018
2013;Zaragoza;Fisioterapia;Grado;Graduado;Mujeres;50;0;0;0;4.08;96.34;29/04/2018
2013;Zaragoza;Fisioterapia;Grado;Incumple Régimen de permanencia;Mujeres;0;1;1;0;;;29/04/2018
2013;Zaragoza;Geografía;Licenciatura o equivalente;Abandono Voluntario;Hombres;0;1;0;0;;;29/04/2018
2013;Zaragoza;Geografía;Licenciatura o equivalente;Abandono Voluntario;Mujeres;0;1;0;0;;;29/04/2018
2013;Zaragoza;Geografía;Licenciatura o equivalente;Graduado;Hombres;14;0;0;0;6.29;80.43;29/04/2018
2013;Zaragoza;Geografía;Licenciatura o equivalente;Graduado;Mujeres;5;0;0;0;5.20;87.72;29/04/2018
2013;Zaragoza;Geografía;Licenciatura o equivalente;Traslado a otra Universidad;Hombres;0;0;0;1;;;29/04/2018
2013;Zaragoza;Geografía e Historia;Licenciatura o equivalente;Traslado a otra Universidad;Hombres;0;0;0;1;;;29/04/2018
2013;Zaragoza;Geografía y Ordenación del Territorio;Grado;Abandono Voluntario;Hombres;0;5;3;0;;;29/04/2018
2013;Zaragoza;Geografía y Ordenación del Territorio;Grado;Graduado;Hombres;10;0;0;0;4.00;96.34;29/04/2018
2013;Zaragoza;Geografía y Ordenación del Territorio;Grado;Graduado;Mujeres;9;0;0;0;4.00;99.45;29/04/2018
2013;Zaragoza;Geografía y Ordenación del Territorio;Grado;Incumple Régimen de permanencia;Hombres;0;1;1;0;;;29/04/2018
2013;Zaragoza;Geografía y Ordenación del Territorio;Grado;Traslado a otra Universidad;Hombres;0;0;0;1;;;29/04/2018
2013;Zaragoza;Geografía y Ordenación del Territorio;Grado;Traslado a otra Universidad;Mujeres;0;0;0;2;;;29/04/2018
2013;Zaragoza;Geología;Doctorado;Graduado;Hombres;3;0;0;0;;;29/04/2018
2013;Zaragoza;Geología;Doctorado;Graduado;Mujeres;4;0;0;0;;;29/04/2018
2013;Zaragoza;Geología;Grado;Abandono Voluntario;Hombres;0;5;5;0;;;29/04/2018
2013;Zaragoza;Geología;Grado;Abandono Voluntario;Mujeres;0;4;3;0;;;29/04/2018
2013;Zaragoza;Geología;Grado;Cambio de estudios sin simultaneidad;Hombres;0;2;2;0;;;29/04/2018
2013;Zaragoza;Geología;Grado;Graduado;Hombres;13;0;0;0;4.50;88.45;29/04/2018
2013;Zaragoza;Geología;Grado;Graduado;Mujeres;9;0;0;0;4.57;89.74;29/04/2018
2013;Zaragoza;Geología;Grado;Incumple Régimen de permanencia;Hombres;0;5;4;0;;;29/04/2018
2013;Zaragoza;Geología;Grado;Traslado a otra Universidad;Hombres;0;0;0;3;;;29/04/2018
2013;Zaragoza;Gerontología Social;Máster;Abandono Voluntario;Hombres;0;1;1;0;;;29/04/2018
2013;Zaragoza;Gerontología Social;Máster;Abandono Voluntario;Mujeres;0;3;2;0;;;29/04/2018
2013;Zaragoza;Gerontología Social;Máster;Graduado;Hombres;2;0;0;0;1.00;100.00;29/04/2018
2013;Zaragoza;Gerontología Social;Máster;Graduado;Mujeres;29;0;0;0;1.03;99.31;29/04/2018
2013;Zaragoza;Gestión de las organizaciones;Máster;Abandono Voluntario;Hombres;0;5;4;0;;;29/04/2018
2013;Zaragoza;Gestión de las organizaciones;Máster;Abandono Voluntario;Mujeres;0;2;1;0;;;29/04/2018
2013;Zaragoza;Gestión de las organizaciones;Máster;Cambio de estudios sin simultaneidad;Hombres;0;1;1;0;;;29/04/2018
2013;Zaragoza;Gestión de las organizaciones;Máster;Graduado;Hombres;4;0;0;0;1.00;100.00;29/04/2018
2013;Zaragoza;Gestión de las organizaciones;Máster;Graduado;Mujeres;10;0;0;0;1.57;85.33;29/04/2018
2013;Zaragoza;Gestión de las organizaciones;Máster;Incumple Régimen de permanencia;Hombres;0;1;1;0;;;29/04/2018
2013;Zaragoza;Gestión de unidades y servicios de información y documentación;Máster;Abandono Voluntario;Mujeres;0;1;0;0;;;29/04/2018
2013;Zaragoza;Gestión de unidades y servicios de información y documentación;Máster;Graduado;Mujeres;1;0;0;0;4.00;100.00;29/04/2018
2013;Zaragoza;Gestión del Patrimonio Cultural;Máster;Abandono Voluntario;Mujeres;0;2;2;0;;;29/04/2018
2013;Zaragoza;Gestión del Patrimonio Cultural;Máster;Cambio de estudios sin simultaneidad;Hombres;0;1;1;0;;;29/04/2018
2013;Zaragoza;Gestión del Patrimonio Cultural;Máster;Graduado;Hombres;5;0;0;0;1.00;100.00;29/04/2018
2013;Zaragoza;Gestión del Patrimonio Cultural;Máster;Graduado;Mujeres;17;0;0;0;1.06;98.46;29/04/2018
2013;Zaragoza;Historia;Grado;Abandono Voluntario;Hombres;0;24;18;0;;;29/04/2018
2013;Zaragoza;Historia;Grado;Abandono Voluntario;Mujeres;0;4;2;0;;;29/04/2018
2013;Zaragoza;Historia;Grado;Cambio de estudios sin simultaneidad;Hombres;0;4;3;0;;;29/04/2018
2013;Zaragoza;Historia;Grado;Graduado;Hombres;26;0;0;0;4.00;97.91;29/04/2018
2013;Zaragoza;Historia;Grado;Graduado;Mujeres;9;0;0;0;4.00;99.38;29/04/2018
2013;Zaragoza;Historia;Grado;Incumple Régimen de permanencia;Hombres;0;8;6;0;;;29/04/2018
2013;Zaragoza;Historia;Grado;Incumple Régimen de permanencia;Mujeres;0;3;3;0;;;29/04/2018
2013;Zaragoza;Historia;Grado;Traslado a otra Universidad;Hombres;0;0;0;6;;;29/04/2018
2013;Zaragoza;Historia;Grado;Traslado a otra Universidad;Mujeres;0;0;0;2;;;29/04/2018
2013;Zaragoza;Historia;Licenciatura o equivalente;Abandono Voluntario;Hombres;0;11;0;0;;;29/04/2018
2013;Zaragoza;Historia;Licenciatura o equivalente;Abandono Voluntario;Mujeres;0;8;0;0;;;29/04/2018
2013;Zaragoza;Historia;Licenciatura o equivalente;Graduado;Hombres;55;0;0;0;5.85;81.20;29/04/2018
2013;Zaragoza;Historia;Licenciatura o equivalente;Graduado;Mujeres;48;0;0;0;5.98;82.82;29/04/2018
2013;Zaragoza;Historia;Licenciatura o equivalente;Traslado a otra Universidad;Hombres;0;0;0;2;;;29/04/2018
2013;Zaragoza;Historia;Licenciatura o equivalente;Traslado a otra Universidad;Mujeres;0;0;0;1;;;29/04/2018
2013;Zaragoza;Historia Contemporánea;Máster;Abandono Voluntario;Hombres;0;1;1;0;;;29/04/2018
2013;Zaragoza;Historia Contemporánea;Máster;Abandono Voluntario;Mujeres;0;2;1;0;;;29/04/2018
2013;Zaragoza;Historia Contemporánea;Máster;Cambio de estudios sin simultaneidad;Hombres;0;1;1;0;;;29/04/2018
2013;Zaragoza;Historia Contemporánea;Máster;Graduado;Hombres;11;0;0;0;1.30;90.98;29/04/2018
2013;Zaragoza;Historia Contemporánea;Máster;Graduado;Mujeres;1;0;0;0;;100.00;29/04/2018
2013;Zaragoza;Historia Contemporánea;Máster;Incumple Régimen de permanencia;Hombres;0;1;0;0;;;29/04/2018
2013;Zaragoza;Historia del Arte;Grado;Abandono Voluntario;Hombres;0;11;10;0;;;29/04/2018
2013;Zaragoza;Historia del Arte;Grado;Abandono Voluntario;Mujeres;0;15;9;0;;;29/04/2018
2013;Zaragoza;Historia del Arte;Grado;Cambio de estudios sin simultaneidad;Hombres;0;4;3;0;;;29/04/2018
2013;Zaragoza;Historia del Arte;Grado;Cambio de estudios sin simultaneidad;Mujeres;0;5;4;0;;;29/04/2018
2013;Zaragoza;Historia del Arte;Grado;Graduado;Hombres;6;0;0;0;4.00;92.12;29/04/2018
2013;Zaragoza;Historia del Arte;Grado;Graduado;Mujeres;17;0;0;0;4.00;98.24;29/04/2018
2013;Zaragoza;Historia del Arte;Grado;Incumple Régimen de permanencia;Hombres;0;1;1;0;;;29/04/2018
2013;Zaragoza;Historia del Arte;Grado;Incumple Régimen de permanencia;Mujeres;0;7;7;0;;;29/04/2018
2013;Zaragoza;Historia del Arte;Grado;Traslado a otra Universidad;Hombres;0;0;0;4;;;29/04/2018
2013;Zaragoza;Historia del Arte;Grado;Traslado a otra Universidad;Mujeres;0;0;0;11;;;29/04/2018
2013;Zaragoza;Historia del Arte;Licenciatura o equivalente;Abandono Voluntario;Hombres;0;7;0;0;;;29/04/2018
2013;Zaragoza;Historia del Arte;Licenciatura o equivalente;Abandono Voluntario;Mujeres;0;22;0;0;;;29/04/2018
2013;Zaragoza;Historia del Arte;Licenciatura o equivalente;Graduado;Hombres;12;0;0;0;7.08;77.43;29/04/2018
2013;Zaragoza;Historia del Arte;Licenciatura o equivalente;Graduado;Mujeres;43;0;0;0;7.12;73.98;29/04/2018
2013;Zaragoza;Historia del Arte;Licenciatura o equivalente;Traslado a otra Universidad;Hombres;0;0;0;2;;;29/04/2018
2013;Zaragoza;Historia del Arte;Licenciatura o equivalente;Traslado a otra Universidad;Mujeres;0;0;0;3;;;29/04/2018
2013;Zaragoza;Historia del arte;Doctorado;Graduado;Mujeres;1;0;0;0;;;29/04/2018
2013;Zaragoza;Información y Documentación;Grado;Abandono Voluntario;Hombres;0;6;4;0;;;29/04/2018
2013;Zaragoza;Información y Documentación;Grado;Abandono Voluntario;Mujeres;0;3;1;0;;;29/04/2018
2013;Zaragoza;Información y Documentación;Grado;Cambio de estudios sin simultaneidad;Hombres;0;1;1;0;;;29/04/2018
2013;Zaragoza;Información y Documentación;Grado;Graduado;Hombres;4;0;0;0;4.00;100.00;29/04/2018
2013;Zaragoza;Información y Documentación;Grado;Graduado;Mujeres;11;0;0;0;4.40;99.00;29/04/2018
2013;Zaragoza;Información y Documentación;Grado;Traslado a otra Universidad;Mujeres;0;0;0;1;;;29/04/2018
2013;Zaragoza;Ingeniería biomédica;Doctorado;Graduado;Mujeres;1;0;0;0;;;29/04/2018
2013;Zaragoza;Ingeniería biomédica;Máster;Abandono Voluntario;Hombres;0;2;1;0;;;29/04/2018
2013;Zaragoza;Ingeniería biomédica;Máster;Graduado;Hombres;5;0;0;0;1.20;100.00;29/04/2018
2013;Zaragoza;Ingeniería biomédica;Máster;Graduado;Mujeres;12;0;0;0;1.75;98.04;29/04/2018
2013;Zaragoza;Ingeniería de diseño y fabricación;Doctorado;Graduado;Hombres;2;0;0;0;;;29/04/2018
2013;Zaragoza;Ingeniería de Organización Industrial;Grado;Abandono Voluntario;Hombres;0;12;6;0;;;29/04/2018
2013;Zaragoza;Ingeniería de Organización Industrial;Grado;Abandono Voluntario;Mujeres;0;1;1;0;;;29/04/2018
2013;Zaragoza;Ingeniería de Organización Industrial;Grado;Cambio de estudios sin simultaneidad;Hombres;0;3;2;0;;;29/04/2018
2013;Zaragoza;Ingeniería de Organización Industrial;Grado;Cambio de estudios sin simultaneidad;Mujeres;0;1;1;0;;;29/04/2018
2013;Zaragoza;Ingeniería de Organización Industrial;Grado;Graduado;Hombres;56;0;0;0;4.00;97.61;29/04/2018
2013;Zaragoza;Ingeniería de Organización Industrial;Grado;Graduado;Mujeres;2;0;0;0;4.00;100.00;29/04/2018
2013;Zaragoza;Ingeniería de Organización Industrial;Grado;Incumple Régimen de permanencia;Hombres;0;2;2;0;;;29/04/2018
2013;Zaragoza;Ingeniería de Organización Industrial;Grado;Traslado a otra Universidad;Hombres;0;0;0;80;;;29/04/2018
2013;Zaragoza;Ingeniería de Organización Industrial;Grado;Traslado a otra Universidad;Mujeres;0;0;0;7;;;29/04/2018
2013;Zaragoza;Ingeniería de sistemas e informática;Doctorado;Graduado;Hombres;8;0;0;0;;;29/04/2018
2013;Zaragoza;Ingeniería de sistemas e informática;Doctorado;Graduado;Mujeres;2;0;0;0;;;29/04/2018
2013;Zaragoza;Ingeniería de sistemas e informática;Máster;Abandono Voluntario;Hombres;0;5;2;0;;;29/04/2018
2013;Zaragoza;Ingeniería de sistemas e informática;Máster;Graduado;Hombres;13;0;0;0;1.30;92.70;29/04/2018
2013;Zaragoza;Ingeniería de sistemas e informática;Máster;Graduado;Mujeres;2;0;0;0;1.00;76.62;29/04/2018
2013;Zaragoza;Ingeniería de sistemas e informática;Máster;Incumple Régimen de permanencia;Hombres;0;2;2;0;;;29/04/2018
2013;Zaragoza;Ingeniería de Tecnologías Industriales;Grado;Abandono Voluntario;Hombres;0;7;6;0;;;29/04/2018
2013;Zaragoza;Ingeniería de Tecnologías Industriales;Grado;Abandono Voluntario;Mujeres;0;1;1;0;;;29/04/2018
2013;Zaragoza;Ingeniería de Tecnologías Industriales;Grado;Cambio de estudios sin simultaneidad;Hombres;0;15;2;0;;;29/04/2018
2013;Zaragoza;Ingeniería de Tecnologías Industriales;Grado;Cambio de estudios sin simultaneidad;Mujeres;0;1;0;0;;;29/04/2018
2013;Zaragoza;Ingeniería de Tecnologías Industriales;Grado;Graduado;Hombres;45;0;0;0;4.00;94.69;29/04/2018
2013;Zaragoza;Ingeniería de Tecnologías Industriales;Grado;Graduado;Mujeres;11;0;0;0;4.00;96.28;29/04/2018
2013;Zaragoza;Ingeniería de Tecnologías Industriales;Grado;Incumple Régimen de permanencia;Hombres;0;20;13;0;;;29/04/2018
2013;Zaragoza;Ingeniería de Tecnologías Industriales;Grado;Incumple Régimen de permanencia;Mujeres;0;5;3;0;;;29/04/2018
2013;Zaragoza;Ingeniería de Tecnologías Industriales;Grado;Traslado a otra Universidad;Hombres;0;0;0;5;;;29/04/2018
2013;Zaragoza;Ingeniería de Tecnologías y Servicios de Telecomunicación;Grado;Abandono Voluntario;Hombres;0;13;8;0;;;29/04/2018
2013;Zaragoza;Ingeniería de Tecnologías y Servicios de Telecomunicación;Grado;Abandono Voluntario;Mujeres;0;1;1;0;;;29/04/2018
2013;Zaragoza;Ingeniería de Tecnologías y Servicios de Telecomunicación;Grado;Cambio de estudios sin simultaneidad;Hombres;0;2;0;0;;;29/04/2018
2013;Zaragoza;Ingeniería de Tecnologías y Servicios de Telecomunicación;Grado;Graduado;Hombres;20;0;0;0;4.00;94.27;29/04/2018
2013;Zaragoza;Ingeniería de Tecnologías y Servicios de Telecomunicación;Grado;Graduado;Mujeres;5;0;0;0;4.00;94.02;29/04/2018
2013;Zaragoza;Ingeniería de Tecnologías y Servicios de Telecomunicación;Grado;Incumple Régimen de permanencia;Hombres;0;20;14;0;;;29/04/2018
2013;Zaragoza;Ingeniería de Tecnologías y Servicios de Telecomunicación;Grado;Incumple Régimen de permanencia;Mujeres;0;12;9;0;;;29/04/2018
2013;Zaragoza;Ingeniería de Tecnologías y Servicios de Telecomunicación;Grado;Traslado a otra Universidad;Hombres;0;0;0;5;;;29/04/2018
2013;Zaragoza;Ingeniería de telecomunicación;Doctorado;Graduado;Hombres;1;0;0;0;;;29/04/2018
2013;Zaragoza;Ingeniería Electrica;Grado;Abandono Voluntario;Hombres;0;20;17;0;;;29/04/2018
2013;Zaragoza;Ingeniería Electrica;Grado;Cambio de estudios sin simultaneidad;Hombres;0;1;0;0;;;29/04/2018
2013;Zaragoza;Ingeniería Electrica;Grado;Cambio de estudios sin simultaneidad;Mujeres;0;1;1;0;;;29/04/2018
2013;Zaragoza;Ingeniería Electrica;Grado;Graduado;Hombres;15;0;0;0;4.00;99.10;29/04/2018
2013;Zaragoza;Ingeniería Electrica;Grado;Graduado;Mujeres;4;0;0;0;4.00;95.22;29/04/2018
2013;Zaragoza;Ingeniería Electrica;Grado;Incumple Régimen de permanencia;Hombres;0;9;6;0;;;29/04/2018
2013;Zaragoza;Ingeniería Electrica;Grado;Traslado a otra Universidad;Hombres;0;0;0;6;;;29/04/2018
2013;Zaragoza;Ingeniería Electrónica;Máster;Abandono Voluntario;Hombres;0;5;1;0;;;29/04/2018
2013;Zaragoza;Ingeniería Electrónica;Máster;Cambio de estudios sin simultaneidad;Hombres;0;1;1;0;;;29/04/2018
2013;Zaragoza;Ingeniería Electrónica;Máster;Graduado;Hombres;14;0;0;0;1.73;86.80;29/04/2018
2013;Zaragoza;Ingeniería Electrónica;Máster;Graduado;Mujeres;2;0;0;0;1.50;85.71;29/04/2018
2013;Zaragoza;Ingeniería electrónica;Doctorado;Graduado;Hombres;2;0;0;0;;;29/04/2018
2013;Zaragoza;Ingeniería Electrónica y Automática;Grado;Abandono Voluntario;Hombres;0;27;22;0;;;29/04/2018
2013;Zaragoza;Ingeniería Electrónica y Automática;Grado;Abandono Voluntario;Mujeres;0;2;2;0;;;29/04/2018
2013;Zaragoza;Ingeniería Electrónica y Automática;Grado;Cambio de estudios sin simultaneidad;Hombres;0;8;5;0;;;29/04/2018
2013;Zaragoza;Ingeniería Electrónica y Automática;Grado;Graduado;Hombres;9;0;0;0;4.00;97.59;29/04/2018
2013;Zaragoza;Ingeniería Electrónica y Automática;Grado;Graduado;Mujeres;1;0;0;0;;;29/04/2018
2013;Zaragoza;Ingeniería Electrónica y Automática;Grado;Incumple Régimen de permanencia;Hombres;0;28;16;0;;;29/04/2018
2013;Zaragoza;Ingeniería Electrónica y Automática;Grado;Incumple Régimen de permanencia;Mujeres;0;1;0;0;;;29/04/2018
2013;Zaragoza;Ingeniería Electrónica y Automática;Grado;Traslado a otra Universidad;Hombres;0;0;0;8;;;29/04/2018
2013;Zaragoza;Ingeniería Electrónica y Automática;Grado;Traslado a otra Universidad;Mujeres;0;0;0;1;;;29/04/2018
2013;Zaragoza;Ingeniería Informática;Grado;Abandono Voluntario;Hombres;0;10;7;0;;;29/04/2018
2013;Zaragoza;Ingeniería Informática;Grado;Abandono Voluntario;Mujeres;0;5;3;0;;;29/04/2018
2013;Zaragoza;Ingeniería Informática;Grado;Cambio de estudios sin simultaneidad;Mujeres;0;2;1;0;;;29/04/2018
2013;Zaragoza;Ingeniería Informática;Grado;Graduado;Hombres;20;0;0;0;4.00;95.23;29/04/2018
2013;Zaragoza;Ingeniería Informática;Grado;Graduado;Mujeres;4;0;0;0;4.00;89.33;29/04/2018
2013;Zaragoza;Ingeniería Informática;Grado;Incumple Régimen de permanencia;Hombres;0;12;10;0;;;29/04/2018
2013;Zaragoza;Ingeniería Informática;Grado;Traslado a otra Universidad;Hombres;0;0;0;4;;;29/04/2018
2013;Zaragoza;Ingeniería Informática;Grado;Traslado a otra Universidad;Mujeres;0;0;0;2;;;29/04/2018
2013;Zaragoza;Ingeniería Mecánica;Grado;Abandono Voluntario;Hombres;0;50;33;0;;;29/04/2018
2013;Zaragoza;Ingeniería Mecánica;Grado;Abandono Voluntario;Mujeres;0;4;1;0;;;29/04/2018
2013;Zaragoza;Ingeniería Mecánica;Grado;Cambio de estudios sin simultaneidad;Hombres;0;13;6;0;;;29/04/2018
2013;Zaragoza;Ingeniería Mecánica;Grado;Cambio de estudios sin simultaneidad;Mujeres;0;1;1;0;;;29/04/2018
2013;Zaragoza;Ingeniería Mecánica;Grado;Graduado;Hombres;40;0;0;0;4.00;94.63;29/04/2018
2013;Zaragoza;Ingeniería Mecánica;Grado;Graduado;Mujeres;8;0;0;0;4.00;100.00;29/04/2018
2013;Zaragoza;Ingeniería Mecánica;Grado;Incumple Régimen de permanencia;Hombres;0;35;25;0;;;29/04/2018
2013;Zaragoza;Ingeniería Mecánica;Grado;Incumple Régimen de permanencia;Mujeres;0;7;4;0;;;29/04/2018
2013;Zaragoza;Ingeniería Mecánica;Grado;Traslado a otra Universidad;Hombres;0;0;0;15;;;29/04/2018
2013;Zaragoza;Ingeniería Química;Grado;Abandono Voluntario;Hombres;0;7;6;0;;;29/04/2018
2013;Zaragoza;Ingeniería Química;Grado;Abandono Voluntario;Mujeres;0;2;2;0;;;29/04/2018
2013;Zaragoza;Ingeniería Química;Grado;Cambio de estudios sin simultaneidad;Mujeres;0;2;2;0;;;29/04/2018
2013;Zaragoza;Ingeniería Química;Grado;Graduado;Hombres;13;0;0;0;4.00;96.28;29/04/2018
2013;Zaragoza;Ingeniería Química;Grado;Graduado;Mujeres;11;0;0;0;4.00;98.29;29/04/2018
2013;Zaragoza;Ingeniería Química;Grado;Incumple Régimen de permanencia;Hombres;0;4;4;0;;;29/04/2018
2013;Zaragoza;Ingeniería Química;Grado;Incumple Régimen de permanencia;Mujeres;0;7;6;0;;;29/04/2018
2013;Zaragoza;Ingeniería Química;Grado;Traslado a otra Universidad;Hombres;0;0;0;3;;;29/04/2018
2013;Zaragoza;Ingeniería Química;Grado;Traslado a otra Universidad;Mujeres;0;0;0;1;;;29/04/2018
2013;Zaragoza;Ingeniería química y del medio ambiente;Doctorado;Graduado;Hombres;1;0;0;0;;;29/04/2018
2013;Zaragoza;Ingeniería química y del medio ambiente;Doctorado;Graduado;Mujeres;6;0;0;0;;;29/04/2018
2013;Zaragoza;Ingenierías transversales;Doctorado;Graduado;Hombres;2;0;0;0;;;29/04/2018
2013;Zaragoza;Ingenierio Químico;Licenciatura o equivalente;Abandono Voluntario;Mujeres;0;2;0;0;;;29/04/2018
2013;Zaragoza;Ingenierio Químico;Licenciatura o equivalente;Cambio de estudios sin simultaneidad;Hombres;0;1;1;0;;;29/04/2018
2013;Zaragoza;Ingenierio Químico;Licenciatura o equivalente;Graduado;Hombres;24;0;0;0;7.35;72.74;29/04/2018
2013;Zaragoza;Ingenierio Químico;Licenciatura o equivalente;Graduado;Mujeres;21;0;0;0;7.25;77.22;29/04/2018
2013;Zaragoza;Ingenierio Químico;Licenciatura o equivalente;Traslado a otra Universidad;Mujeres;0;0;0;1;;;29/04/2018
2013;Zaragoza;Ingeniero de Telecomunicación;Licenciatura o equivalente;Abandono Voluntario;Hombres;0;2;0;0;;;29/04/2018
2013;Zaragoza;Ingeniero de Telecomunicación;Licenciatura o equivalente;Abandono Voluntario;Mujeres;0;5;0;0;;;29/04/2018
2013;Zaragoza;Ingeniero de Telecomunicación;Licenciatura o equivalente;Graduado;Hombres;22;0;0;0;7.19;78.73;29/04/2018
2013;Zaragoza;Ingeniero de Telecomunicación;Licenciatura o equivalente;Graduado;Mujeres;11;0;0;0;8.09;70.90;29/04/2018
2013;Zaragoza;Ingeniero de Telecomunicación;Licenciatura o equivalente;Traslado a otra Universidad;Hombres;0;0;0;1;;;29/04/2018
2013;Zaragoza;Ingeniero en Diseño Industrial y Desarrollo de Producto;Grado;Abandono Voluntario;Hombres;0;5;0;0;;;29/04/2018
2013;Zaragoza;Ingeniero en Diseño Industrial y Desarrollo de Producto;Grado;Abandono Voluntario;Mujeres;0;5;2;0;;;29/04/2018
2013;Zaragoza;Ingeniero en Diseño Industrial y Desarrollo de Producto;Grado;Cambio de estudios sin simultaneidad;Hombres;0;2;2;0;;;29/04/2018
2013;Zaragoza;Ingeniero en Diseño Industrial y Desarrollo de Producto;Grado;Cambio de estudios sin simultaneidad;Mujeres;0;2;2;0;;;29/04/2018
2013;Zaragoza;Ingeniero en Diseño Industrial y Desarrollo de Producto;Grado;Graduado;Hombres;19;0;0;0;4.40;90.66;29/04/2018
2013;Zaragoza;Ingeniero en Diseño Industrial y Desarrollo de Producto;Grado;Graduado;Mujeres;49;0;0;0;4.35;90.62;29/04/2018
2013;Zaragoza;Ingeniero en Diseño Industrial y Desarrollo de Producto;Grado;Incumple Régimen de permanencia;Hombres;0;2;2;0;;;29/04/2018
2013;Zaragoza;Ingeniero en Diseño Industrial y Desarrollo de Producto;Grado;Incumple Régimen de permanencia;Mujeres;0;2;2;0;;;29/04/2018
2013;Zaragoza;Ingeniero en Informática;Licenciatura o equivalente;Abandono Voluntario;Hombres;0;8;0;0;;;29/04/2018
2013;Zaragoza;Ingeniero en Informática;Licenciatura o equivalente;Abandono Voluntario;Mujeres;0;1;0;0;;;29/04/2018
2013;Zaragoza;Ingeniero en Informática;Licenciatura o equivalente;Graduado;Hombres;42;0;0;0;8.17;73.41;29/04/2018
2013;Zaragoza;Ingeniero en Informática;Licenciatura o equivalente;Graduado;Mujeres;10;0;0;0;8.70;73.57;29/04/2018
2013;Zaragoza;Ingeniero Industrial;Licenciatura o equivalente;Abandono Voluntario;Hombres;0;11;3;0;;;29/04/2018
2013;Zaragoza;Ingeniero Industrial;Licenciatura o equivalente;Abandono Voluntario;Mujeres;0;2;1;0;;;29/04/2018
2013;Zaragoza;Ingeniero Industrial;Licenciatura o equivalente;Cambio de estudios sin simultaneidad;Hombres;0;1;0;0;;;29/04/2018
2013;Zaragoza;Ingeniero Industrial;Licenciatura o equivalente;Graduado;Hombres;135;0;0;0;7.29;75.39;29/04/2018
2013;Zaragoza;Ingeniero Industrial;Licenciatura o equivalente;Graduado;Mujeres;36;0;0;0;7.28;69.07;29/04/2018
2013;Zaragoza;Ingeniero Industrial;Licenciatura o equivalente;Traslado a otra Universidad;Hombres;0;0;0;3;;;29/04/2018
2013;Zaragoza;Ingeniero Técnico en Diseño Industrial;Diplomatura o equivalente;Abandono Voluntario;Hombres;0;4;0;0;;;29/04/2018
2013;Zaragoza;Ingeniero Técnico en Diseño Industrial;Diplomatura o equivalente;Graduado;Hombres;2;0;0;0;13.00;68.11;29/04/2018
2013;Zaragoza;Ingeniero Técnico en Diseño Industrial;Diplomatura o equivalente;Graduado;Mujeres;3;0;0;0;10.33;57.50;29/04/2018
2013;Zaragoza;Ingeniero Técnico en Electrónica Industrial;Diplomatura o equivalente;Abandono Voluntario;Hombres;0;16;0;0;;;29/04/2018
2013;Zaragoza;Ingeniero Técnico en Electrónica Industrial;Diplomatura o equivalente;Abandono Voluntario;Mujeres;0;1;0;0;;;29/04/2018
2013;Zaragoza;Ingeniero Técnico en Electrónica Industrial;Diplomatura o equivalente;Graduado;Hombres;37;0;0;0;8.11;58.24;29/04/2018
2013;Zaragoza;Ingeniero Técnico en Electrónica Industrial;Diplomatura o equivalente;Graduado;Mujeres;7;0;0;0;10.17;51.27;29/04/2018
2013;Zaragoza;Ingeniero Técnico en Electrónica Industrial;Diplomatura o equivalente;Traslado a otra Universidad;Hombres;0;0;0;3;;;29/04/2018
2013;Zaragoza;Ingeniero Técnico en Electrónica Industrial;Diplomatura o equivalente;Traslado a otra Universidad;Mujeres;0;0;0;1;;;29/04/2018
2013;Zaragoza;Ingeniero Técnico Industrial;Diplomatura o equivalente;Traslado a otra Universidad;Hombres;0;0;0;5;;;29/04/2018
2013;Zaragoza;Ingeniero Técnico Industrial, Esp. Electricidad;Diplomatura o equivalente;Abandono Voluntario;Hombres;0;10;0;0;;;29/04/2018
2013;Zaragoza;Ingeniero Técnico Industrial, Esp. Electricidad;Diplomatura o equivalente;Abandono Voluntario;Mujeres;0;2;0;0;;;29/04/2018
2013;Zaragoza;Ingeniero Técnico Industrial, Esp. Electricidad;Diplomatura o equivalente;Graduado;Hombres;29;0;0;0;7.25;61.30;29/04/2018
2013;Zaragoza;Ingeniero Técnico Industrial, Esp. Electricidad;Diplomatura o equivalente;Graduado;Mujeres;6;0;0;0;9.50;45.67;29/04/2018
2013;Zaragoza;Ingeniero Técnico Industrial, Esp. Electricidad;Diplomatura o equivalente;Traslado a otra Universidad;Hombres;0;0;0;1;;;29/04/2018
2013;Zaragoza;Ingeniero Técnico Industrial, Esp. Mecánica;Diplomatura o equivalente;Abandono Voluntario;Hombres;0;20;0;0;;;29/04/2018
2013;Zaragoza;Ingeniero Técnico Industrial, Esp. Mecánica;Diplomatura o equivalente;Abandono Voluntario;Mujeres;0;3;0;0;;;29/04/2018
2013;Zaragoza;Ingeniero Técnico Industrial, Esp. Mecánica;Diplomatura o equivalente;Graduado;Hombres;46;0;0;0;8.15;53.49;29/04/2018
2013;Zaragoza;Ingeniero Técnico Industrial, Esp. Mecánica;Diplomatura o equivalente;Graduado;Mujeres;10;0;0;0;6.71;62.11;29/04/2018
2013;Zaragoza;Ingeniero Técnico Industrial, Esp. Mecánica;Diplomatura o equivalente;Traslado a otra Universidad;Hombres;0;0;0;3;;;29/04/2018
2013;Zaragoza;Ingeniero Técnico Industrial, Esp. Mecánica;Diplomatura o equivalente;Traslado a otra Universidad;Mujeres;0;0;0;1;;;29/04/2018
2013;Zaragoza;Ingeniero Técnico Industrial, Esp.Química Industrial;Diplomatura o equivalente;Abandono Voluntario;Hombres;0;8;0;0;;;29/04/2018
2013;Zaragoza;Ingeniero Técnico Industrial, Esp.Química Industrial;Diplomatura o equivalente;Abandono Voluntario;Mujeres;0;2;0;0;;;29/04/2018
2013;Zaragoza;Ingeniero Técnico Industrial, Esp.Química Industrial;Diplomatura o equivalente;Graduado;Hombres;11;0;0;0;7.11;56.18;29/04/2018
2013;Zaragoza;Ingeniero Técnico Industrial, Esp.Química Industrial;Diplomatura o equivalente;Graduado;Mujeres;13;0;0;0;6.73;58.72;29/04/2018
2013;Zaragoza;Ingeniero Técnico Industrial, Esp.Química Industrial;Diplomatura o equivalente;Traslado a otra Universidad;Hombres;0;0;0;1;;;29/04/2018
2013;Zaragoza;Ini. a la invest. en ciencia y tecnología de los alimentos;Máster;Graduado;Hombres;6;0;0;0;1.00;100.00;29/04/2018
2013;Zaragoza;Ini. a la invest. en ciencia y tecnología de los alimentos;Máster;Graduado;Mujeres;10;0;0;0;1.00;100.00;29/04/2018
2013;Zaragoza;Ini. Invest. Ing. Química y Medio Ambiente;Máster;Abandono Voluntario;Hombres;0;1;0;0;;;29/04/2018
2013;Zaragoza;Ini. Invest. Ing. Química y Medio Ambiente;Máster;Graduado;Mujeres;1;0;0;0;;100.00;29/04/2018
2013;Zaragoza;Iniciación a la investigación en Ciencias Veterinarias;Máster;Graduado;Hombres;4;0;0;0;1.00;100.00;29/04/2018
2013;Zaragoza;Iniciación a la investigación en Ciencias Veterinarias;Máster;Graduado;Mujeres;5;0;0;0;1.33;95.29;29/04/2018
2013;Zaragoza;Iniciación a la Investigación en Geología;Máster;Abandono Voluntario;Hombres;0;1;0;0;;;29/04/2018
2013;Zaragoza;Iniciación a la Investigación en Geología;Máster;Graduado;Hombres;7;0;0;0;1.00;100.00;29/04/2018
2013;Zaragoza;Iniciación a la Investigación en Geología;Máster;Graduado;Mujeres;1;0;0;0;1.00;100.00;29/04/2018
2013;Zaragoza;Iniciación a la Investigación en Matemáticas;Máster;Abandono Voluntario;Mujeres;0;1;0;0;;;29/04/2018
2013;Zaragoza;Iniciación a la investigación en Medicina;Máster;Abandono Voluntario;Hombres;0;1;0;0;;;29/04/2018
2013;Zaragoza;Iniciación a la investigación en Medicina;Máster;Abandono Voluntario;Mujeres;0;3;0;0;;;29/04/2018
2013;Zaragoza;Iniciación a la investigación en Medicina;Máster;Graduado;Hombres;15;0;0;0;1.00;100.00;29/04/2018
2013;Zaragoza;Iniciación a la investigación en Medicina;Máster;Graduado;Mujeres;19;0;0;0;1.00;93.61;29/04/2018
2013;Zaragoza;Investigación Química;Máster;Abandono Voluntario;Hombres;0;1;0;0;;;29/04/2018
2013;Zaragoza;Investigación Química;Máster;Graduado;Hombres;5;0;0;0;1.00;100.00;29/04/2018
2013;Zaragoza;Investigación Química;Máster;Graduado;Mujeres;6;0;0;0;1.00;100.00;29/04/2018
2013;Zaragoza;Investigación y Estudios Avanzados en Historia;Máster;Graduado;Hombres;2;0;0;0;1.00;100.00;29/04/2018
2013;Zaragoza;Investigación y Estudios Avanzados en Historia;Máster;Graduado;Mujeres;3;0;0;0;1.00;100.00;29/04/2018
2013;Zaragoza;Lenguas Modernas;Grado;Abandono Voluntario;Hombres;0;1;1;0;;;29/04/2018
2013;Zaragoza;Lenguas Modernas;Grado;Abandono Voluntario;Mujeres;0;5;4;0;;;29/04/2018
2013;Zaragoza;Lenguas Modernas;Grado;Cambio de estudios sin simultaneidad;Mujeres;0;4;2;0;;;29/04/2018
2013;Zaragoza;Lenguas Modernas;Grado;Graduado;Hombres;1;0;0;0;4.00;100.00;29/04/2018
2013;Zaragoza;Lenguas Modernas;Grado;Graduado;Mujeres;5;0;0;0;3.80;96.02;29/04/2018
2013;Zaragoza;Lenguas Modernas;Grado;Incumple Régimen de permanencia;Mujeres;0;1;1;0;;;29/04/2018
2013;Zaragoza;Lenguas Modernas;Grado;Traslado a otra Universidad;Mujeres;0;0;0;3;;;29/04/2018
2013;Zaragoza;Licenciado en Administración y Dirección de Empresas;Licenciatura o equivalente;Abandono Voluntario;Hombres;0;15;2;0;;;29/04/2018
2013;Zaragoza;Licenciado en Administración y Dirección de Empresas;Licenciatura o equivalente;Abandono Voluntario;Mujeres;0;20;2;0;;;29/04/2018
2013;Zaragoza;Licenciado en Administración y Dirección de Empresas;Licenciatura o equivalente;Cambio de estudios sin simultaneidad;Hombres;0;3;1;0;;;29/04/2018
2013;Zaragoza;Licenciado en Administración y Dirección de Empresas;Licenciatura o equivalente;Cambio de estudios sin simultaneidad;Mujeres;0;2;1;0;;;29/04/2018
2013;Zaragoza;Licenciado en Administración y Dirección de Empresas;Licenciatura o equivalente;Graduado;Hombres;96;0;0;0;6.31;75.57;29/04/2018
2013;Zaragoza;Licenciado en Administración y Dirección de Empresas;Licenciatura o equivalente;Graduado;Mujeres;127;0;0;0;6.32;74.37;29/04/2018
2013;Zaragoza;Licenciado en Administración y Dirección de Empresas;Licenciatura o equivalente;Traslado a otra Universidad;Hombres;0;0;0;5;;;29/04/2018
2013;Zaragoza;Licenciado en Administración y Dirección de Empresas;Licenciatura o equivalente;Traslado a otra Universidad;Mujeres;0;0;0;5;;;29/04/2018
2013;Zaragoza;Licenciado en Economía;Licenciatura o equivalente;Abandono Voluntario;Hombres;0;21;2;0;;;29/04/2018
2013;Zaragoza;Licenciado en Economía;Licenciatura o equivalente;Abandono Voluntario;Mujeres;0;17;2;0;;;29/04/2018
2013;Zaragoza;Licenciado en Economía;Licenciatura o equivalente;Cambio de estudios sin simultaneidad;Hombres;0;1;0;0;;;29/04/2018
2013;Zaragoza;Licenciado en Economía;Licenciatura o equivalente;Graduado;Hombres;43;0;0;0;7.61;56.56;29/04/2018
2013;Zaragoza;Licenciado en Economía;Licenciatura o equivalente;Graduado;Mujeres;31;0;0;0;7.61;58.35;29/04/2018
2013;Zaragoza;Licenciado en Economía;Licenciatura o equivalente;Traslado a otra Universidad;Hombres;0;0;0;3;;;29/04/2018
2013;Zaragoza;Licenciado en Filosofía;Licenciatura o equivalente;Abandono Voluntario;Hombres;0;1;0;0;;;29/04/2018
2013;Zaragoza;Licenciado en Geología;Licenciatura o equivalente;Abandono Voluntario;Hombres;0;2;0;0;;;29/04/2018
2013;Zaragoza;Licenciado en Geología;Licenciatura o equivalente;Abandono Voluntario;Mujeres;0;1;0;0;;;29/04/2018
2013;Zaragoza;Licenciado en Geología;Licenciatura o equivalente;Graduado;Hombres;1;0;0;0;8.00;65.75;29/04/2018
2013;Zaragoza;Licenciado en Geología;Licenciatura o equivalente;Graduado;Mujeres;4;0;0;0;8.00;66.19;29/04/2018
2013;Zaragoza;Licenciado en Matemáticas;Licenciatura o equivalente;Abandono Voluntario;Hombres;0;1;0;0;;;29/04/2018
2013;Zaragoza;Licenciado en Matemáticas;Licenciatura o equivalente;Abandono Voluntario;Mujeres;0;1;0;0;;;29/04/2018
2013;Zaragoza;Licenciado en Matemáticas;Licenciatura o equivalente;Graduado;Hombres;13;0;0;0;6.69;76.41;29/04/2018
2013;Zaragoza;Licenciado en Matemáticas;Licenciatura o equivalente;Graduado;Mujeres;12;0;0;0;6.58;73.47;29/04/2018
2013;Zaragoza;Licenciado en Matemáticas;Licenciatura o equivalente;Traslado a otra Universidad;Hombres;0;0;0;1;;;29/04/2018
2013;Zaragoza;Licenciado en Psicopedagogía;Licenciatura o equivalente;Abandono Voluntario;Hombres;0;6;4;0;;;29/04/2018
2013;Zaragoza;Licenciado en Psicopedagogía;Licenciatura o equivalente;Abandono Voluntario;Mujeres;0;18;8;0;;;29/04/2018
2013;Zaragoza;Licenciado en Psicopedagogía;Licenciatura o equivalente;Cambio de estudios sin simultaneidad;Hombres;0;2;2;0;;;29/04/2018
2013;Zaragoza;Licenciado en Psicopedagogía;Licenciatura o equivalente;Cambio de estudios sin simultaneidad;Mujeres;0;2;2;0;;;29/04/2018
2013;Zaragoza;Licenciado en Psicopedagogía;Licenciatura o equivalente;Graduado;Hombres;14;0;0;0;4.22;82.07;29/04/2018
2013;Zaragoza;Licenciado en Psicopedagogía;Licenciatura o equivalente;Graduado;Mujeres;80;0;0;0;2.79;92.50;29/04/2018
2013;Zaragoza;Licenciado en Psicopedagogía;Licenciatura o equivalente;Traslado a otra Universidad;Mujeres;0;0;0;1;;;29/04/2018
2013;Zaragoza;Maestro Audición y Lenguaje;Diplomatura o equivalente;Abandono Voluntario;Mujeres;0;5;0;0;;;29/04/2018
2013;Zaragoza;Maestro Audición y Lenguaje;Diplomatura o equivalente;Graduado;Hombres;4;0;0;0;5.50;57.68;29/04/2018
2013;Zaragoza;Maestro Audición y Lenguaje;Diplomatura o equivalente;Graduado;Mujeres;14;0;0;0;6.90;63.35;29/04/2018
2013;Zaragoza;Maestro Audición y Lenguaje;Diplomatura o equivalente;Traslado a otra Universidad;Hombres;0;0;0;1;;;29/04/2018
2013;Zaragoza;Maestro Educación Especial;Diplomatura o equivalente;Abandono Voluntario;Hombres;0;1;0;0;;;29/04/2018
2013;Zaragoza;Maestro Educación Especial;Diplomatura o equivalente;Abandono Voluntario;Mujeres;0;5;0;0;;;29/04/2018
2013;Zaragoza;Maestro Educación Especial;Diplomatura o equivalente;Graduado;Hombres;1;0;0;0;6.00;53.75;29/04/2018
2013;Zaragoza;Maestro Educación Especial;Diplomatura o equivalente;Graduado;Mujeres;9;0;0;0;7.00;63.07;29/04/2018
2013;Zaragoza;Maestro Educación Física;Diplomatura o equivalente;Abandono Voluntario;Hombres;0;2;0;0;;;29/04/2018
2013;Zaragoza;Maestro Educación Física;Diplomatura o equivalente;Abandono Voluntario;Mujeres;0;2;0;0;;;29/04/2018
2013;Zaragoza;Maestro Educación Física;Diplomatura o equivalente;Graduado;Hombres;7;0;0;0;7.00;59.53;29/04/2018
2013;Zaragoza;Maestro Educación Física;Diplomatura o equivalente;Graduado;Mujeres;2;0;0;0;8.50;37.79;29/04/2018
2013;Zaragoza;Maestro Educación Musical;Diplomatura o equivalente;Abandono Voluntario;Hombres;0;7;0;0;;;29/04/2018
2013;Zaragoza;Maestro Educación Musical;Diplomatura o equivalente;Abandono Voluntario;Mujeres;0;2;0;0;;;29/04/2018
2013;Zaragoza;Maestro Educación Musical;Diplomatura o equivalente;Cambio de estudios sin simultaneidad;Hombres;0;1;0;0;;;29/04/2018
2013;Zaragoza;Maestro Educación Musical;Diplomatura o equivalente;Graduado;Hombres;7;0;0;0;9.71;51.66;29/04/2018
2013;Zaragoza;Maestro Educación Musical;Diplomatura o equivalente;Graduado;Mujeres;4;0;0;0;8.00;50.08;29/04/2018
2013;Zaragoza;Maestro Educación Musical;Diplomatura o equivalente;Traslado a otra Universidad;Hombres;0;0;0;3;;;29/04/2018
2013;Zaragoza;Maestro Educación Primaria;Diplomatura o equivalente;Abandono Voluntario;Hombres;0;5;0;0;;;29/04/2018
2013;Zaragoza;Maestro Educación Primaria;Diplomatura o equivalente;Abandono Voluntario;Mujeres;0;7;0;0;;;29/04/2018
2013;Zaragoza;Maestro Educación Primaria;Diplomatura o equivalente;Graduado;Hombres;2;0;0;0;16.50;37.68;29/04/2018
2013;Zaragoza;Maestro Educación Primaria;Diplomatura o equivalente;Graduado;Mujeres;2;0;0;0;5.50;57.49;29/04/2018
2013;Zaragoza;Maestro Educación Primaria;Diplomatura o equivalente;Traslado a otra Universidad;Hombres;0;0;0;1;;;29/04/2018
2013;Zaragoza;Maestro Lengua Extranjera;Diplomatura o equivalente;Abandono Voluntario;Hombres;0;1;0;0;;;29/04/2018
2013;Zaragoza;Maestro Lengua Extranjera;Diplomatura o equivalente;Abandono Voluntario;Mujeres;0;2;0;0;;;29/04/2018
2013;Zaragoza;Maestro Lengua Extranjera;Diplomatura o equivalente;Graduado;Hombres;2;0;0;0;18.00;48.83;29/04/2018
2013;Zaragoza;Maestro Lengua Extranjera;Diplomatura o equivalente;Graduado;Mujeres;7;0;0;0;6.25;61.05;29/04/2018
2013;Zaragoza;Maestro Lengua Extranjera;Diplomatura o equivalente;Traslado a otra Universidad;Mujeres;0;0;0;1;;;29/04/2018
2013;Zaragoza;Magisterio en Educación Infantil;Grado;Abandono Voluntario;Mujeres;0;16;11;0;;;29/04/2018
2013;Zaragoza;Magisterio en Educación Infantil;Grado;Cambio de estudios sin simultaneidad;Hombres;0;1;1;0;;;29/04/2018
2013;Zaragoza;Magisterio en Educación Infantil;Grado;Graduado;Hombres;1;0;0;0;;;29/04/2018
2013;Zaragoza;Magisterio en Educación Infantil;Grado;Graduado;Mujeres;105;0;0;0;4.00;97.73;29/04/2018
2013;Zaragoza;Magisterio en Educación Infantil;Grado;Traslado a otra Universidad;Mujeres;0;0;0;4;;;29/04/2018
2013;Zaragoza;Magisterio en Educación Primaria;Grado;Abandono Voluntario;Hombres;0;10;3;0;;;29/04/2018
2013;Zaragoza;Magisterio en Educación Primaria;Grado;Abandono Voluntario;Mujeres;0;9;6;0;;;29/04/2018
2013;Zaragoza;Magisterio en Educación Primaria;Grado;Cambio de estudios sin simultaneidad;Hombres;0;3;2;0;;;29/04/2018
2013;Zaragoza;Magisterio en Educación Primaria;Grado;Cambio de estudios sin simultaneidad;Mujeres;0;2;2;0;;;29/04/2018
2013;Zaragoza;Magisterio en Educación Primaria;Grado;Graduado;Hombres;49;0;0;0;4.00;97.56;29/04/2018
2013;Zaragoza;Magisterio en Educación Primaria;Grado;Graduado;Mujeres;123;0;0;0;4.00;98.54;29/04/2018
2013;Zaragoza;Magisterio en Educación Primaria;Grado;Incumple Régimen de permanencia;Hombres;0;1;0;0;;;29/04/2018
2013;Zaragoza;Magisterio en Educación Primaria;Grado;Incumple Régimen de permanencia;Mujeres;0;1;1;0;;;29/04/2018
2013;Zaragoza;Magisterio en Educación Primaria;Grado;Traslado a otra Universidad;Hombres;0;0;0;1;;;29/04/2018
2013;Zaragoza;Magisterio en Educación Primaria;Grado;Traslado a otra Universidad;Mujeres;0;0;0;4;;;29/04/2018
2013;Zaragoza;Marketing e Investigación de Mercados;Grado;Abandono Voluntario;Hombres;0;23;16;0;;;29/04/2018
2013;Zaragoza;Marketing e Investigación de Mercados;Grado;Abandono Voluntario;Mujeres;0;18;12;0;;;29/04/2018
2013;Zaragoza;Marketing e Investigación de Mercados;Grado;Cambio de estudios sin simultaneidad;Hombres;0;4;2;0;;;29/04/2018
2013;Zaragoza;Marketing e Investigación de Mercados;Grado;Cambio de estudios sin simultaneidad;Mujeres;0;1;1;0;;;29/04/2018
2013;Zaragoza;Marketing e Investigación de Mercados;Grado;Graduado;Hombres;9;0;0;0;4.00;95.49;29/04/2018
2013;Zaragoza;Marketing e Investigación de Mercados;Grado;Graduado;Mujeres;22;0;0;0;4.00;94.86;29/04/2018
2013;Zaragoza;Marketing e Investigación de Mercados;Grado;Incumple Régimen de permanencia;Hombres;0;10;5;0;;;29/04/2018
2013;Zaragoza;Marketing e Investigación de Mercados;Grado;Incumple Régimen de permanencia;Mujeres;0;6;4;0;;;29/04/2018
2013;Zaragoza;Marketing e Investigación de Mercados;Grado;Traslado a otra Universidad;Mujeres;0;0;0;1;;;29/04/2018
2013;Zaragoza;Matemáticas;Grado;Abandono Voluntario;Hombres;0;4;4;0;;;29/04/2018
2013;Zaragoza;Matemáticas;Grado;Abandono Voluntario;Mujeres;0;1;1;0;;;29/04/2018
2013;Zaragoza;Matemáticas;Grado;Cambio de estudios sin simultaneidad;Hombres;0;1;1;0;;;29/04/2018
2013;Zaragoza;Matemáticas;Grado;Graduado;Hombres;5;0;0;0;4.00;100.00;29/04/2018
2013;Zaragoza;Matemáticas;Grado;Graduado;Mujeres;7;0;0;0;4.00;96.93;29/04/2018
2013;Zaragoza;Matemáticas;Grado;Incumple Régimen de permanencia;Hombres;0;3;2;0;;;29/04/2018
2013;Zaragoza;Matemáticas;Grado;Incumple Régimen de permanencia;Mujeres;0;3;2;0;;;29/04/2018
2013;Zaragoza;Matemáticas;Grado;Traslado a otra Universidad;Hombres;0;0;0;3;;;29/04/2018
2013;Zaragoza;Matemáticas;Grado;Traslado a otra Universidad;Mujeres;0;0;0;1;;;29/04/2018
2013;Zaragoza;Matemáticas;Licenciatura o equivalente;Traslado a otra Universidad;Hombres;0;0;0;1;;;29/04/2018
2013;Zaragoza;Materiales nanoestructurados para aplicaciones nanotecnológicas;Máster;Graduado;Hombres;4;0;0;0;1.00;98.36;29/04/2018
2013;Zaragoza;Materiales nanoestructurados para aplicaciones nanotecnológicas;Máster;Graduado;Mujeres;5;0;0;0;1.00;100.00;29/04/2018
2013;Zaragoza;Mecánica Aplicada;Máster;Abandono Voluntario;Hombres;0;2;0;0;;;29/04/2018
2013;Zaragoza;Mecánica Aplicada;Máster;Graduado;Hombres;8;0;0;0;1.00;95.87;29/04/2018
2013;Zaragoza;Mecánica Aplicada;Máster;Graduado;Mujeres;3;0;0;0;1.00;84.56;29/04/2018
2013;Zaragoza;Mecánica computacional;Doctorado;Graduado;Mujeres;1;0;0;0;;;29/04/2018
2013;Zaragoza;Mecánica de fluidos;Doctorado;Graduado;Hombres;3;0;0;0;;;29/04/2018
2013;Zaragoza;Medicina;Doctorado;Graduado;Hombres;6;0;0;0;;;29/04/2018
2013;Zaragoza;Medicina;Doctorado;Graduado;Mujeres;9;0;0;0;;;29/04/2018
2013;Zaragoza;Medicina;Grado;Abandono Voluntario;Hombres;0;3;1;0;;;29/04/2018
2013;Zaragoza;Medicina;Grado;Abandono Voluntario;Mujeres;0;4;3;0;;;29/04/2018
2013;Zaragoza;Medicina;Grado;Cambio de estudios sin simultaneidad;Hombres;0;1;0;0;;;29/04/2018
2013;Zaragoza;Medicina;Grado;Incumple Régimen de permanencia;Mujeres;0;1;0;0;;;29/04/2018
2013;Zaragoza;Medicina;Grado;Traslado a otra Universidad;Hombres;0;0;0;2;;;29/04/2018
2013;Zaragoza;Medicina;Grado;Traslado a otra Universidad;Mujeres;0;0;0;5;;;29/04/2018
2013;Zaragoza;Medicina;Licenciatura o equivalente;Abandono Voluntario;Hombres;0;3;0;0;;;29/04/2018
2013;Zaragoza;Medicina;Licenciatura o equivalente;Abandono Voluntario;Mujeres;0;3;0;0;;;29/04/2018
2013;Zaragoza;Medicina;Licenciatura o equivalente;Cambio de estudios sin simultaneidad;Hombres;0;1;0;0;;;29/04/2018
2013;Zaragoza;Medicina;Licenciatura o equivalente;Cambio de estudios sin simultaneidad;Mujeres;0;1;0;0;;;29/04/2018
2013;Zaragoza;Medicina;Licenciatura o equivalente;Graduado;Hombres;84;0;0;0;6.18;90.84;29/04/2018
2013;Zaragoza;Medicina;Licenciatura o equivalente;Graduado;Mujeres;175;0;0;0;6.20;92.19;29/04/2018
2013;Zaragoza;Medicina;Licenciatura o equivalente;Traslado a otra Universidad;Hombres;0;0;0;1;;;29/04/2018
2013;Zaragoza;Medicina;Licenciatura o equivalente;Traslado a otra Universidad;Mujeres;0;0;0;1;;;29/04/2018
2013;Zaragoza;Medicina y Cirugía;Licenciatura o equivalente;Traslado a otra Universidad;Mujeres;0;0;0;1;;;29/04/2018
2013;Zaragoza;Medicina y sanidad animal;Doctorado;Graduado;Hombres;3;0;0;0;;;29/04/2018
2013;Zaragoza;Medicina y sanidad animal;Doctorado;Graduado;Mujeres;2;0;0;0;;;29/04/2018
2013;Zaragoza;Métodos matemáticos y sus aplicaciones;Doctorado;Graduado;Hombres;3;0;0;0;;;29/04/2018
2013;Zaragoza;Modelización e Investigación Matemática, Estadística y Computación;Máster;Graduado;Hombres;4;0;0;0;1.00;100.00;29/04/2018
2013;Zaragoza;Modelización e Investigación Matemática, Estadística y Computación;Máster;Graduado;Mujeres;1;0;0;0;;;29/04/2018
2013;Zaragoza;Modelización matemática, estadística y computación;Máster;Abandono Voluntario;Mujeres;0;1;1;0;;;29/04/2018
2013;Zaragoza;Nutrición animal;Máster;Abandono Voluntario;Hombres;0;5;5;0;;;29/04/2018
2013;Zaragoza;Nutrición animal;Máster;Abandono Voluntario;Mujeres;0;1;1;0;;;29/04/2018
2013;Zaragoza;Óptica y Optometría;Grado;Abandono Voluntario;Hombres;0;3;3;0;;;29/04/2018
2013;Zaragoza;Óptica y Optometría;Grado;Abandono Voluntario;Mujeres;0;7;5;0;;;29/04/2018
2013;Zaragoza;Óptica y Optometría;Grado;Cambio de estudios sin simultaneidad;Mujeres;0;4;3;0;;;29/04/2018
2013;Zaragoza;Óptica y Optometría;Grado;Graduado;Hombres;6;0;0;0;4.50;86.49;29/04/2018
2013;Zaragoza;Óptica y Optometría;Grado;Graduado;Mujeres;33;0;0;0;4.27;89.69;29/04/2018
2013;Zaragoza;Óptica y Optometría;Grado;Incumple Régimen de permanencia;Hombres;0;2;1;0;;;29/04/2018
2013;Zaragoza;Óptica y Optometría;Grado;Incumple Régimen de permanencia;Mujeres;0;1;1;0;;;29/04/2018
2013;Zaragoza;Óptica y Optometría;Grado;Traslado a otra Universidad;Hombres;0;0;0;1;;;29/04/2018
2013;Zaragoza;Óptica y Optometría;Grado;Traslado a otra Universidad;Mujeres;0;0;0;2;;;29/04/2018
2013;Zaragoza;Ordenación del territorio y medio ambiente;Doctorado;Graduado;Hombres;2;0;0;0;;;29/04/2018
2013;Zaragoza;Ordenación del territorio y medio ambiente;Doctorado;Graduado;Mujeres;1;0;0;0;;;29/04/2018
2013;Zaragoza;Ordenación Territorial y Medioambiental;Máster;Abandono Voluntario;Mujeres;0;1;1;0;;;29/04/2018
2013;Zaragoza;Ordenación Territorial y Medioambiental;Máster;Graduado;Hombres;5;0;0;0;1.50;81.97;29/04/2018
2013;Zaragoza;Ordenación Territorial y Medioambiental;Máster;Graduado;Mujeres;7;0;0;0;1.00;96.23;29/04/2018
2013;Zaragoza;PD Derecho;Doctorado;Graduado;Hombres;1;0;0;0;;;29/04/2018
2013;Zaragoza;PD Medicina;Doctorado;Graduado;Hombres;1;0;0;0;;;29/04/2018
2013;Zaragoza;PD Sociología de las políticas públicas y sociales;Doctorado;Graduado;Mujeres;1;0;0;0;;;29/04/2018
2013;Zaragoza;Periodismo;Grado;Abandono Voluntario;Hombres;0;2;1;0;;;29/04/2018
2013;Zaragoza;Periodismo;Grado;Abandono Voluntario;Mujeres;0;4;2;0;;;29/04/2018
2013;Zaragoza;Periodismo;Grado;Graduado;Hombres;14;0;0;0;4.50;95.00;29/04/2018
2013;Zaragoza;Periodismo;Grado;Graduado;Mujeres;30;0;0;0;4.17;98.89;29/04/2018
2013;Zaragoza;Periodismo;Grado;Incumple Régimen de permanencia;Hombres;0;1;1;0;;;29/04/2018
2013;Zaragoza;Prevención de riesgos laborales;Máster;Abandono Voluntario;Hombres;0;2;2;0;;;29/04/2018
2013;Zaragoza;Prevención de riesgos laborales;Máster;Abandono Voluntario;Mujeres;0;4;3;0;;;29/04/2018
2013;Zaragoza;Prevención de riesgos laborales;Máster;Graduado;Hombres;11;0;0;0;1.33;98.31;29/04/2018
2013;Zaragoza;Prevención de riesgos laborales;Máster;Graduado;Mujeres;12;0;0;0;1.09;99.32;29/04/2018
2013;Zaragoza;Producción animal;Doctorado;Graduado;Mujeres;2;0;0;0;;;29/04/2018
2013;Zaragoza;Profesorado de E.G.B. Ciencias Humanas;Diplomatura o equivalente;Traslado a otra Universidad;Mujeres;0;0;0;1;;;29/04/2018
2013;Zaragoza;Profesorado E.S.O., F.P. y Ens. Idiom, Art y Deport;Máster;Abandono Voluntario;Hombres;0;4;4;0;;;29/04/2018
2013;Zaragoza;Profesorado E.S.O., F.P. y Ens. Idiom, Art y Deport;Máster;Abandono Voluntario;Mujeres;0;3;3;0;;;29/04/2018
2013;Zaragoza;Profesorado E.S.O., F.P. y Ens. Idiom, Art y Deport;Máster;Cambio de estudios sin simultaneidad;Mujeres;0;1;1;0;;;29/04/2018
2013;Zaragoza;Profesorado E.S.O., F.P. y Ens. Idiom, Art y Deport;Máster;Graduado;Hombres;92;0;0;0;1.06;99.42;29/04/2018
2013;Zaragoza;Profesorado E.S.O., F.P. y Ens. Idiom, Art y Deport;Máster;Graduado;Mujeres;197;0;0;0;1.01;99.33;29/04/2018
2013;Zaragoza;Programa conjunto ADE/Derecho;Grado;Abandono Voluntario;Hombres;0;2;2;0;;;29/04/2018
2013;Zaragoza;Programa conjunto ADE/Derecho;Grado;Abandono Voluntario;Mujeres;0;6;4;0;;;29/04/2018
2013;Zaragoza;Programa conjunto ADE/Derecho;Grado;Cambio de estudios sin simultaneidad;Hombres;0;1;1;0;;;29/04/2018
2013;Zaragoza;Programa conjunto ADE/Derecho;Grado;Cambio de estudios sin simultaneidad;Mujeres;0;1;1;0;;;29/04/2018
2013;Zaragoza;Programa Conjunto Derecho Administración y Dirección Empresas;Licenciatura o equivalente;Abandono Voluntario;Hombres;0;1;0;0;;;29/04/2018
2013;Zaragoza;Programa Conjunto Derecho Administración y Dirección Empresas;Licenciatura o equivalente;Abandono Voluntario;Mujeres;0;3;0;0;;;29/04/2018
2013;Zaragoza;Química;Grado;Abandono Voluntario;Hombres;0;11;8;0;;;29/04/2018
2013;Zaragoza;Química;Grado;Abandono Voluntario;Mujeres;0;11;7;0;;;29/04/2018
2013;Zaragoza;Química;Grado;Cambio de estudios sin simultaneidad;Hombres;0;5;4;0;;;29/04/2018
2013;Zaragoza;Química;Grado;Cambio de estudios sin simultaneidad;Mujeres;0;9;7;0;;;29/04/2018
2013;Zaragoza;Química;Grado;Graduado;Hombres;15;0;0;0;4.00;98.65;29/04/2018
2013;Zaragoza;Química;Grado;Graduado;Mujeres;5;0;0;0;4.00;99.67;29/04/2018
2013;Zaragoza;Química;Grado;Incumple Régimen de permanencia;Hombres;0;7;3;0;;;29/04/2018
2013;Zaragoza;Química;Grado;Incumple Régimen de permanencia;Mujeres;0;9;6;0;;;29/04/2018
2013;Zaragoza;Química;Grado;Traslado a otra Universidad;Hombres;0;0;0;10;;;29/04/2018
2013;Zaragoza;Química;Grado;Traslado a otra Universidad;Mujeres;0;0;0;8;;;29/04/2018
2013;Zaragoza;Química inorgánica;Doctorado;Graduado;Hombres;1;0;0;0;;;29/04/2018
2013;Zaragoza;Química inorgánica;Doctorado;Graduado;Mujeres;8;0;0;0;;;29/04/2018
2013;Zaragoza;Química orgánica;Doctorado;Graduado;Hombres;2;0;0;0;;;29/04/2018
2013;Zaragoza;Química orgánica;Doctorado;Graduado;Mujeres;2;0;0;0;;;29/04/2018
2013;Zaragoza;Química sostenible;Doctorado;Graduado;Mujeres;2;0;0;0;;;29/04/2018
2013;Zaragoza;Química sostenible;Máster;Graduado;Hombres;4;0;0;0;1.00;100.00;29/04/2018
2013;Zaragoza;Química sostenible;Máster;Graduado;Mujeres;5;0;0;0;1.00;100.00;29/04/2018
2013;Zaragoza;Químicas;Licenciatura o equivalente;Abandono Voluntario;Hombres;0;7;0;0;;;29/04/2018
2013;Zaragoza;Químicas;Licenciatura o equivalente;Abandono Voluntario;Mujeres;0;5;0;0;;;29/04/2018
2013;Zaragoza;Químicas;Licenciatura o equivalente;Cambio de estudios sin simultaneidad;Hombres;0;4;0;0;;;29/04/2018
2013;Zaragoza;Químicas;Licenciatura o equivalente;Cambio de estudios sin simultaneidad;Mujeres;0;16;0;0;;;29/04/2018
2013;Zaragoza;Químicas;Licenciatura o equivalente;Graduado;Hombres;21;0;0;0;5.84;86.13;29/04/2018
2013;Zaragoza;Químicas;Licenciatura o equivalente;Graduado;Mujeres;48;0;0;0;6.93;73.83;29/04/2018
2013;Zaragoza;Químicas;Licenciatura o equivalente;Traslado a otra Universidad;Hombres;0;0;0;2;;;29/04/2018
2013;Zaragoza;Químicas;Licenciatura o equivalente;Traslado a otra Universidad;Mujeres;0;0;0;1;;;29/04/2018
2013;Zaragoza;Relaciones de Género;Máster;Abandono Voluntario;Mujeres;0;3;2;0;;;29/04/2018
2013;Zaragoza;Relaciones de Género;Máster;Graduado;Mujeres;11;0;0;0;1.00;100.00;29/04/2018
2013;Zaragoza;Relaciones Laborales;Diplomatura o equivalente;Abandono Voluntario;Hombres;0;14;0;0;;;29/04/2018
2013;Zaragoza;Relaciones Laborales;Diplomatura o equivalente;Abandono Voluntario;Mujeres;0;17;0;0;;;29/04/2018
2013;Zaragoza;Relaciones Laborales;Diplomatura o equivalente;Graduado;Hombres;14;0;0;0;6.54;62.43;29/04/2018
2013;Zaragoza;Relaciones Laborales;Diplomatura o equivalente;Graduado;Mujeres;23;0;0;0;7.19;58.13;29/04/2018
2013;Zaragoza;Relaciones Laborales;Diplomatura o equivalente;Traslado a otra Universidad;Hombres;0;0;0;2;;;29/04/2018
2013;Zaragoza;Relaciones Laborales;Diplomatura o equivalente;Traslado a otra Universidad;Mujeres;0;0;0;5;;;29/04/2018
2013;Zaragoza;Relaciones Laborales y Recursos Humanos;Grado;Abandono Voluntario;Hombres;0;16;13;0;;;29/04/2018
2013;Zaragoza;Relaciones Laborales y Recursos Humanos;Grado;Abandono Voluntario;Mujeres;0;22;12;0;;;29/04/2018
2013;Zaragoza;Relaciones Laborales y Recursos Humanos;Grado;Cambio de estudios sin simultaneidad;Hombres;0;2;1;0;;;29/04/2018
2013;Zaragoza;Relaciones Laborales y Recursos Humanos;Grado;Cambio de estudios sin simultaneidad;Mujeres;0;4;4;0;;;29/04/2018
2013;Zaragoza;Relaciones Laborales y Recursos Humanos;Grado;Graduado;Hombres;30;0;0;0;3.87;97.10;29/04/2018
2013;Zaragoza;Relaciones Laborales y Recursos Humanos;Grado;Graduado;Mujeres;56;0;0;0;4.00;95.95;29/04/2018
2013;Zaragoza;Relaciones Laborales y Recursos Humanos;Grado;Incumple Régimen de permanencia;Hombres;0;4;4;0;;;29/04/2018
2013;Zaragoza;Relaciones Laborales y Recursos Humanos;Grado;Incumple Régimen de permanencia;Mujeres;0;6;4;0;;;29/04/2018
2013;Zaragoza;Relaciones Laborales y Recursos Humanos;Grado;Traslado a otra Universidad;Hombres;0;0;0;1;;;29/04/2018
2013;Zaragoza;Relaciones Laborales y Recursos Humanos;Grado;Traslado a otra Universidad;Mujeres;0;0;0;4;;;29/04/2018
2013;Zaragoza;Salud pública;Máster;Abandono Voluntario;Hombres;0;1;1;0;;;29/04/2018
2013;Zaragoza;Salud pública;Máster;Abandono Voluntario;Mujeres;0;1;1;0;;;29/04/2018
2013;Zaragoza;Salud pública;Máster;Graduado;Hombres;4;0;0;0;1.00;100.00;29/04/2018
2013;Zaragoza;Salud pública;Máster;Graduado;Mujeres;20;0;0;0;1.05;98.79;29/04/2018
2013;Zaragoza;Seguridad global y defensa;Máster;Abandono Voluntario;Mujeres;0;1;1;0;;;29/04/2018
2013;Zaragoza;Sistemas Mecánicos;Máster;Abandono Voluntario;Hombres;0;4;4;0;;;29/04/2018
2013;Zaragoza;Sistemas Mecánicos;Máster;Cambio de estudios sin simultaneidad;Hombres;0;1;1;0;;;29/04/2018
2013;Zaragoza;Sistemas Mecánicos;Máster;Graduado;Hombres;19;0;0;0;1.22;93.62;29/04/2018
2013;Zaragoza;Sistemas Mecánicos;Máster;Graduado;Mujeres;1;0;0;0;1.00;100.00;29/04/2018
2013;Zaragoza;Sistemas mecánicos;Doctorado;Graduado;Hombres;2;0;0;0;;;29/04/2018
2013;Zaragoza;Sociología de las Políticas Públicas y Sociales;Máster;Abandono Voluntario;Hombres;0;1;0;0;;;29/04/2018
2013;Zaragoza;Sociología de las Políticas Públicas y Sociales;Máster;Abandono Voluntario;Mujeres;0;4;2;0;;;29/04/2018
2013;Zaragoza;Sociología de las Políticas Públicas y Sociales;Máster;Graduado;Hombres;3;0;0;0;1.00;100.00;29/04/2018
2013;Zaragoza;Sociología de las Políticas Públicas y Sociales;Máster;Graduado;Mujeres;8;0;0;0;1.50;90.23;29/04/2018
2013;Zaragoza;Sociología de las Políticas Públicas y Sociales;Máster;Incumple Régimen de permanencia;Hombres;0;1;0;0;;;29/04/2018
2013;Zaragoza;Sociología de las políticas públicas y sociales;Doctorado;Graduado;Hombres;1;0;0;0;;;29/04/2018
2013;Zaragoza;Sociología de las políticas públicas y sociales;Doctorado;Graduado;Mujeres;1;0;0;0;;;29/04/2018
2013;Zaragoza;Tec.Información Geográfica para Ordenación Territorio: Sig/Teled;Máster;Graduado;Hombres;15;0;0;0;1.13;97.41;29/04/2018
2013;Zaragoza;Tec.Información Geográfica para Ordenación Territorio: Sig/Teled;Máster;Graduado;Mujeres;10;0;0;0;1.00;99.34;29/04/2018
2013;Zaragoza;Tecnología de la información y comunicaciones en redes móviles;Máster;Graduado;Hombres;1;0;0;0;3.00;79.22;29/04/2018
2013;Zaragoza;Tecnologías de la información y comunicaciones en redes móviles;Doctorado;Graduado;Hombres;1;0;0;0;;;29/04/2018
2013;Zaragoza;Tecnologías de la información y comunicaciones en redes móviles;Doctorado;Graduado;Mujeres;1;0;0;0;;;29/04/2018
2013;Zaragoza;Terapia Ocupacional;Grado;Abandono Voluntario;Hombres;0;1;1;0;;;29/04/2018
2013;Zaragoza;Terapia Ocupacional;Grado;Abandono Voluntario;Mujeres;0;11;7;0;;;29/04/2018
2013;Zaragoza;Terapia Ocupacional;Grado;Cambio de estudios sin simultaneidad;Hombres;0;1;1;0;;;29/04/2018
2013;Zaragoza;Terapia Ocupacional;Grado;Cambio de estudios sin simultaneidad;Mujeres;0;6;6;0;;;29/04/2018
2013;Zaragoza;Terapia Ocupacional;Grado;Graduado;Hombres;8;0;0;0;4.29;84.72;29/04/2018
2013;Zaragoza;Terapia Ocupacional;Grado;Graduado;Mujeres;74;0;0;0;4.21;93.31;29/04/2018
2013;Zaragoza;Terapia Ocupacional;Grado;Incumple Régimen de permanencia;Mujeres;0;2;2;0;;;29/04/2018
2013;Zaragoza;Trabajo Social;Diplomatura o equivalente;Abandono Voluntario;Hombres;0;1;0;0;;;29/04/2018
2013;Zaragoza;Trabajo Social;Diplomatura o equivalente;Abandono Voluntario;Mujeres;0;16;0;0;;;29/04/2018
2013;Zaragoza;Trabajo Social;Diplomatura o equivalente;Graduado;Mujeres;1;0;0;0;9.00;73.61;29/04/2018
2013;Zaragoza;Trabajo Social;Diplomatura o equivalente;Traslado a otra Universidad;Mujeres;0;0;0;1;;;29/04/2018
2013;Zaragoza;Trabajo Social;Grado;Abandono Voluntario;Hombres;0;8;1;0;;;29/04/2018
2013;Zaragoza;Trabajo Social;Grado;Abandono Voluntario;Mujeres;0;20;8;0;;;29/04/2018
2013;Zaragoza;Trabajo Social;Grado;Graduado;Hombres;33;0;0;0;4.26;93.39;29/04/2018
2013;Zaragoza;Trabajo Social;Grado;Graduado;Mujeres;185;0;0;0;4.29;93.34;29/04/2018
2013;Zaragoza;Trabajo Social;Grado;Incumple Régimen de permanencia;Hombres;0;3;2;0;;;29/04/2018
2013;Zaragoza;Trabajo Social;Grado;Incumple Régimen de permanencia;Mujeres;0;1;0;0;;;29/04/2018
2013;Zaragoza;Trabajo Social;Grado;Traslado a otra Universidad;Hombres;0;0;0;4;;;29/04/2018
2013;Zaragoza;Trabajo Social;Grado;Traslado a otra Universidad;Mujeres;0;0;0;4;;;29/04/2018
2013;Zaragoza;Traducción de textos especializados;Máster;Abandono Voluntario;Mujeres;0;1;0;0;;;29/04/2018
2013;Zaragoza;Traducción de textos especializados;Máster;Graduado;Hombres;3;0;0;0;1.00;100.00;29/04/2018
2013;Zaragoza;Traducción de textos especializados;Máster;Graduado;Mujeres;6;0;0;0;1.17;98.36;29/04/2018
2013;Zaragoza;Turismo;Grado;Abandono Voluntario;Hombres;0;1;0;0;;;29/04/2018
2013;Zaragoza;Turismo;Grado;Abandono Voluntario;Mujeres;0;11;8;0;;;29/04/2018
2013;Zaragoza;Turismo;Grado;Cambio de estudios sin simultaneidad;Mujeres;0;3;3;0;;;29/04/2018
2013;Zaragoza;Turismo;Grado;Graduado;Hombres;17;0;0;0;4.00;96.53;29/04/2018
2013;Zaragoza;Turismo;Grado;Graduado;Mujeres;36;0;0;0;4.00;97.54;29/04/2018
2013;Zaragoza;Turismo;Grado;Incumple Régimen de permanencia;Mujeres;0;1;1;0;;;29/04/2018
2013;Zaragoza;Unión Europea;Máster;Abandono Voluntario;Mujeres;0;2;2;0;;;29/04/2018
2013;Zaragoza;Unión Europea;Máster;Graduado;Mujeres;2;0;0;0;2.00;80.00;29/04/2018
2013;Zaragoza;Veterinaria;Grado;Abandono Voluntario;Hombres;0;4;4;0;;;29/04/2018
2013;Zaragoza;Veterinaria;Grado;Abandono Voluntario;Mujeres;0;7;2;0;;;29/04/2018
2013;Zaragoza;Veterinaria;Grado;Cambio de estudios sin simultaneidad;Mujeres;0;1;1;0;;;29/04/2018
2013;Zaragoza;Veterinaria;Grado;Incumple Régimen de permanencia;Hombres;0;1;1;0;;;29/04/2018
2013;Zaragoza;Veterinaria;Grado;Incumple Régimen de permanencia;Mujeres;0;1;1;0;;;29/04/2018
2013;Zaragoza;Veterinaria;Grado;Traslado a otra Universidad;Hombres;0;0;0;2;;;29/04/2018
2013;Zaragoza;Veterinaria;Grado;Traslado a otra Universidad;Mujeres;0;0;0;4;;;29/04/2018
2013;Zaragoza;Veterinaria;Licenciatura o equivalente;Abandono Voluntario;Hombres;0;3;0;0;;;29/04/2018
2013;Zaragoza;Veterinaria;Licenciatura o equivalente;Abandono Voluntario;Mujeres;0;2;0;0;;;29/04/2018
2013;Zaragoza;Veterinaria;Licenciatura o equivalente;Cambio de estudios sin simultaneidad;Hombres;0;2;0;0;;;29/04/2018
2013;Zaragoza;Veterinaria;Licenciatura o equivalente;Cambio de estudios sin simultaneidad;Mujeres;0;1;0;0;;;29/04/2018
2013;Zaragoza;Veterinaria;Licenciatura o equivalente;Graduado;Hombres;40;0;0;0;6.26;75.75;29/04/2018
2013;Zaragoza;Veterinaria;Licenciatura o equivalente;Graduado;Mujeres;121;0;0;0;5.97;81.32;29/04/2018
2013;Zaragoza;Veterinaria;Licenciatura o equivalente;Traslado a otra Universidad;Hombres;0;0;0;2;;;29/04/2018
2013;Zaragoza;Veterinaria;Licenciatura o equivalente;Traslado a otra Universidad;Mujeres;0;0;0;1;;;29/04/2018
